#T = 30K
# LSCO S1: B[T], rho(B)/rho(0); LSCO S2: B[T], rho(B)/rho(0); Nd-LSCO: B[T], rho(B)/rho(0)
2.0022e-01	 9.9503e-01	 8.4879e+01	 1.1037e+00	 8.4879e+01	 1.1598e+00
2.0048e-01	 9.9501e-01	 8.4878e+01	 1.1037e+00	 8.4878e+01	 1.1600e+00
2.0074e-01	 9.9502e-01	 8.4877e+01	 1.1037e+00	 8.4877e+01	 1.1601e+00
2.0100e-01	 9.9501e-01	 8.4876e+01	 1.1037e+00	 8.4876e+01	 1.1601e+00
2.0125e-01	 9.9502e-01	 8.4876e+01	 1.1037e+00	 8.4876e+01	 1.1599e+00
2.0151e-01	 9.9504e-01	 8.4875e+01	 1.1037e+00	 8.4875e+01	 1.1593e+00
2.0177e-01	 9.9506e-01	 8.4874e+01	 1.1037e+00	 8.4874e+01	 1.1586e+00
2.0203e-01	 9.9510e-01	 8.4873e+01	 1.1037e+00	 8.4873e+01	 1.1579e+00
2.0228e-01	 9.9513e-01	 8.4872e+01	 1.1037e+00	 8.4872e+01	 1.1574e+00
2.0254e-01	 9.9519e-01	 8.4871e+01	 1.1037e+00	 8.4871e+01	 1.1572e+00
2.0280e-01	 9.9525e-01	 8.4870e+01	 1.1037e+00	 8.4870e+01	 1.1571e+00
2.0306e-01	 9.9534e-01	 8.4869e+01	 1.1036e+00	 8.4869e+01	 1.1572e+00
2.0332e-01	 9.9543e-01	 8.4867e+01	 1.1036e+00	 8.4867e+01	 1.1570e+00
2.0358e-01	 9.9553e-01	 8.4866e+01	 1.1036e+00	 8.4866e+01	 1.1567e+00
2.0384e-01	 9.9564e-01	 8.4865e+01	 1.1036e+00	 8.4865e+01	 1.1560e+00
2.0410e-01	 9.9575e-01	 8.4864e+01	 1.1036e+00	 8.4864e+01	 1.1553e+00
2.0436e-01	 9.9588e-01	 8.4862e+01	 1.1036e+00	 8.4862e+01	 1.1547e+00
2.0462e-01	 9.9600e-01	 8.4861e+01	 1.1036e+00	 8.4861e+01	 1.1543e+00
2.0488e-01	 9.9612e-01	 8.4859e+01	 1.1036e+00	 8.4859e+01	 1.1543e+00
2.0514e-01	 9.9624e-01	 8.4858e+01	 1.1036e+00	 8.4858e+01	 1.1545e+00
2.0541e-01	 9.9636e-01	 8.4856e+01	 1.1036e+00	 8.4856e+01	 1.1549e+00
2.0567e-01	 9.9648e-01	 8.4854e+01	 1.1036e+00	 8.4854e+01	 1.1551e+00
2.0593e-01	 9.9657e-01	 8.4853e+01	 1.1036e+00	 8.4853e+01	 1.1551e+00
2.0619e-01	 9.9667e-01	 8.4851e+01	 1.1035e+00	 8.4851e+01	 1.1549e+00
2.0645e-01	 9.9674e-01	 8.4849e+01	 1.1035e+00	 8.4849e+01	 1.1545e+00
2.0672e-01	 9.9681e-01	 8.4848e+01	 1.1035e+00	 8.4848e+01	 1.1542e+00
2.0698e-01	 9.9686e-01	 8.4846e+01	 1.1035e+00	 8.4846e+01	 1.1542e+00
2.0724e-01	 9.9689e-01	 8.4844e+01	 1.1035e+00	 8.4844e+01	 1.1545e+00
2.0750e-01	 9.9691e-01	 8.4842e+01	 1.1035e+00	 8.4842e+01	 1.1551e+00
2.0777e-01	 9.9691e-01	 8.4840e+01	 1.1035e+00	 8.4840e+01	 1.1557e+00
2.0803e-01	 9.9691e-01	 8.4838e+01	 1.1035e+00	 8.4838e+01	 1.1562e+00
2.0830e-01	 9.9689e-01	 8.4836e+01	 1.1035e+00	 8.4836e+01	 1.1564e+00
2.0856e-01	 9.9688e-01	 8.4834e+01	 1.1035e+00	 8.4834e+01	 1.1563e+00
2.0883e-01	 9.9685e-01	 8.4831e+01	 1.1035e+00	 8.4831e+01	 1.1561e+00
2.0909e-01	 9.9682e-01	 8.4829e+01	 1.1035e+00	 8.4829e+01	 1.1560e+00
2.0936e-01	 9.9679e-01	 8.4827e+01	 1.1035e+00	 8.4827e+01	 1.1560e+00
2.0962e-01	 9.9675e-01	 8.4825e+01	 1.1035e+00	 8.4825e+01	 1.1564e+00
2.0989e-01	 9.9672e-01	 8.4822e+01	 1.1034e+00	 8.4822e+01	 1.1569e+00
2.1015e-01	 9.9667e-01	 8.4820e+01	 1.1034e+00	 8.4820e+01	 1.1574e+00
2.1042e-01	 9.9664e-01	 8.4817e+01	 1.1034e+00	 8.4817e+01	 1.1578e+00
2.1068e-01	 9.9659e-01	 8.4815e+01	 1.1034e+00	 8.4815e+01	 1.1578e+00
2.1095e-01	 9.9655e-01	 8.4812e+01	 1.1034e+00	 8.4812e+01	 1.1575e+00
2.1122e-01	 9.9651e-01	 8.4810e+01	 1.1034e+00	 8.4810e+01	 1.1570e+00
2.1149e-01	 9.9646e-01	 8.4807e+01	 1.1034e+00	 8.4807e+01	 1.1565e+00
2.1175e-01	 9.9642e-01	 8.4804e+01	 1.1034e+00	 8.4804e+01	 1.1563e+00
2.1202e-01	 9.9636e-01	 8.4802e+01	 1.1034e+00	 8.4802e+01	 1.1563e+00
2.1229e-01	 9.9632e-01	 8.4799e+01	 1.1034e+00	 8.4799e+01	 1.1565e+00
2.1256e-01	 9.9626e-01	 8.4796e+01	 1.1034e+00	 8.4796e+01	 1.1568e+00
2.1283e-01	 9.9621e-01	 8.4793e+01	 1.1034e+00	 8.4793e+01	 1.1569e+00
2.1309e-01	 9.9615e-01	 8.4790e+01	 1.1034e+00	 8.4790e+01	 1.1567e+00
2.1336e-01	 9.9609e-01	 8.4787e+01	 1.1034e+00	 8.4787e+01	 1.1563e+00
2.1363e-01	 9.9604e-01	 8.4784e+01	 1.1034e+00	 8.4784e+01	 1.1558e+00
2.1390e-01	 9.9596e-01	 8.4781e+01	 1.1034e+00	 8.4781e+01	 1.1553e+00
2.1417e-01	 9.9591e-01	 8.4778e+01	 1.1034e+00	 8.4778e+01	 1.1551e+00
2.1444e-01	 9.9585e-01	 8.4775e+01	 1.1033e+00	 8.4775e+01	 1.1551e+00
2.1471e-01	 9.9579e-01	 8.4771e+01	 1.1033e+00	 8.4771e+01	 1.1554e+00
2.1498e-01	 9.9575e-01	 8.4768e+01	 1.1033e+00	 8.4768e+01	 1.1558e+00
2.1525e-01	 9.9570e-01	 8.4765e+01	 1.1033e+00	 8.4765e+01	 1.1559e+00
2.1552e-01	 9.9568e-01	 8.4761e+01	 1.1033e+00	 8.4761e+01	 1.1558e+00
2.1580e-01	 9.9565e-01	 8.4758e+01	 1.1033e+00	 8.4758e+01	 1.1555e+00
2.1607e-01	 9.9564e-01	 8.4754e+01	 1.1033e+00	 8.4754e+01	 1.1549e+00
2.1634e-01	 9.9563e-01	 8.4751e+01	 1.1033e+00	 8.4751e+01	 1.1545e+00
2.1661e-01	 9.9564e-01	 8.4747e+01	 1.1033e+00	 8.4747e+01	 1.1544e+00
2.1688e-01	 9.9565e-01	 8.4744e+01	 1.1033e+00	 8.4744e+01	 1.1545e+00
2.1715e-01	 9.9566e-01	 8.4740e+01	 1.1033e+00	 8.4740e+01	 1.1548e+00
2.1743e-01	 9.9569e-01	 8.4736e+01	 1.1033e+00	 8.4736e+01	 1.1552e+00
2.1770e-01	 9.9571e-01	 8.4733e+01	 1.1033e+00	 8.4733e+01	 1.1554e+00
2.1797e-01	 9.9574e-01	 8.4729e+01	 1.1033e+00	 8.4729e+01	 1.1554e+00
2.1824e-01	 9.9577e-01	 8.4725e+01	 1.1033e+00	 8.4725e+01	 1.1551e+00
2.1852e-01	 9.9581e-01	 8.4721e+01	 1.1033e+00	 8.4721e+01	 1.1547e+00
2.1879e-01	 9.9585e-01	 8.4717e+01	 1.1032e+00	 8.4717e+01	 1.1544e+00
2.1907e-01	 9.9588e-01	 8.4713e+01	 1.1032e+00	 8.4713e+01	 1.1543e+00
2.1934e-01	 9.9593e-01	 8.4709e+01	 1.1032e+00	 8.4709e+01	 1.1545e+00
2.1962e-01	 9.9596e-01	 8.4705e+01	 1.1032e+00	 8.4705e+01	 1.1549e+00
2.1989e-01	 9.9600e-01	 8.4701e+01	 1.1032e+00	 8.4701e+01	 1.1554e+00
2.2016e-01	 9.9602e-01	 8.4697e+01	 1.1032e+00	 8.4697e+01	 1.1557e+00
2.2044e-01	 9.9605e-01	 8.4692e+01	 1.1032e+00	 8.4692e+01	 1.1557e+00
2.2071e-01	 9.9606e-01	 8.4688e+01	 1.1032e+00	 8.4688e+01	 1.1555e+00
2.2099e-01	 9.9607e-01	 8.4684e+01	 1.1032e+00	 8.4684e+01	 1.1552e+00
2.2127e-01	 9.9608e-01	 8.4679e+01	 1.1032e+00	 8.4679e+01	 1.1549e+00
2.2154e-01	 9.9606e-01	 8.4675e+01	 1.1032e+00	 8.4675e+01	 1.1549e+00
2.2182e-01	 9.9605e-01	 8.4670e+01	 1.1032e+00	 8.4670e+01	 1.1552e+00
2.2210e-01	 9.9602e-01	 8.4666e+01	 1.1032e+00	 8.4666e+01	 1.1557e+00
2.2237e-01	 9.9599e-01	 8.4661e+01	 1.1032e+00	 8.4661e+01	 1.1562e+00
2.2265e-01	 9.9594e-01	 8.4657e+01	 1.1032e+00	 8.4657e+01	 1.1566e+00
2.2293e-01	 9.9590e-01	 8.4652e+01	 1.1032e+00	 8.4652e+01	 1.1566e+00
2.2321e-01	 9.9586e-01	 8.4647e+01	 1.1032e+00	 8.4647e+01	 1.1564e+00
2.2349e-01	 9.9581e-01	 8.4643e+01	 1.1032e+00	 8.4643e+01	 1.1560e+00
2.2376e-01	 9.9578e-01	 8.4638e+01	 1.1032e+00	 8.4638e+01	 1.1558e+00
2.2404e-01	 9.9574e-01	 8.4633e+01	 1.1032e+00	 8.4633e+01	 1.1558e+00
2.2432e-01	 9.9572e-01	 8.4628e+01	 1.1031e+00	 8.4628e+01	 1.1561e+00
2.2460e-01	 9.9570e-01	 8.4623e+01	 1.1031e+00	 8.4623e+01	 1.1566e+00
2.2488e-01	 9.9568e-01	 8.4618e+01	 1.1031e+00	 8.4618e+01	 1.1572e+00
2.2516e-01	 9.9567e-01	 8.4613e+01	 1.1031e+00	 8.4613e+01	 1.1575e+00
2.2544e-01	 9.9565e-01	 8.4608e+01	 1.1031e+00	 8.4608e+01	 1.1576e+00
2.2572e-01	 9.9566e-01	 8.4603e+01	 1.1031e+00	 8.4603e+01	 1.1574e+00
2.2600e-01	 9.9564e-01	 8.4598e+01	 1.1031e+00	 8.4598e+01	 1.1571e+00
2.2628e-01	 9.9564e-01	 8.4592e+01	 1.1031e+00	 8.4592e+01	 1.1568e+00
2.2656e-01	 9.9563e-01	 8.4587e+01	 1.1031e+00	 8.4587e+01	 1.1568e+00
2.2684e-01	 9.9563e-01	 8.4582e+01	 1.1031e+00	 8.4582e+01	 1.1570e+00
2.2713e-01	 9.9562e-01	 8.4577e+01	 1.1031e+00	 8.4577e+01	 1.1574e+00
2.2741e-01	 9.9561e-01	 8.4571e+01	 1.1031e+00	 8.4571e+01	 1.1578e+00
2.2769e-01	 9.9562e-01	 8.4566e+01	 1.1031e+00	 8.4566e+01	 1.1579e+00
2.2797e-01	 9.9561e-01	 8.4560e+01	 1.1031e+00	 8.4560e+01	 1.1577e+00
2.2826e-01	 9.9562e-01	 8.4555e+01	 1.1031e+00	 8.4555e+01	 1.1573e+00
2.2854e-01	 9.9561e-01	 8.4549e+01	 1.1031e+00	 8.4549e+01	 1.1566e+00
2.2882e-01	 9.9561e-01	 8.4543e+01	 1.1031e+00	 8.4543e+01	 1.1561e+00
2.2910e-01	 9.9562e-01	 8.4538e+01	 1.1031e+00	 8.4538e+01	 1.1558e+00
2.2939e-01	 9.9562e-01	 8.4532e+01	 1.1031e+00	 8.4532e+01	 1.1557e+00
2.2967e-01	 9.9563e-01	 8.4526e+01	 1.1031e+00	 8.4526e+01	 1.1559e+00
2.2996e-01	 9.9564e-01	 8.4520e+01	 1.1031e+00	 8.4520e+01	 1.1560e+00
2.3024e-01	 9.9567e-01	 8.4515e+01	 1.1031e+00	 8.4515e+01	 1.1560e+00
2.3053e-01	 9.9569e-01	 8.4509e+01	 1.1031e+00	 8.4509e+01	 1.1556e+00
2.3081e-01	 9.9572e-01	 8.4503e+01	 1.1031e+00	 8.4503e+01	 1.1551e+00
2.3109e-01	 9.9575e-01	 8.4497e+01	 1.1031e+00	 8.4497e+01	 1.1544e+00
2.3138e-01	 9.9578e-01	 8.4491e+01	 1.1031e+00	 8.4491e+01	 1.1538e+00
2.3167e-01	 9.9583e-01	 8.4484e+01	 1.1031e+00	 8.4484e+01	 1.1535e+00
2.3195e-01	 9.9586e-01	 8.4478e+01	 1.1031e+00	 8.4478e+01	 1.1535e+00
2.3224e-01	 9.9590e-01	 8.4472e+01	 1.1031e+00	 8.4472e+01	 1.1537e+00
2.3253e-01	 9.9594e-01	 8.4466e+01	 1.1031e+00	 8.4466e+01	 1.1539e+00
2.3281e-01	 9.9598e-01	 8.4460e+01	 1.1031e+00	 8.4460e+01	 1.1540e+00
2.3310e-01	 9.9602e-01	 8.4453e+01	 1.1031e+00	 8.4453e+01	 1.1538e+00
2.3339e-01	 9.9605e-01	 8.4447e+01	 1.1031e+00	 8.4447e+01	 1.1533e+00
2.3367e-01	 9.9609e-01	 8.4440e+01	 1.1031e+00	 8.4440e+01	 1.1528e+00
2.3396e-01	 9.9610e-01	 8.4434e+01	 1.1031e+00	 8.4434e+01	 1.1524e+00
2.3425e-01	 9.9613e-01	 8.4428e+01	 1.1031e+00	 8.4428e+01	 1.1523e+00
2.3454e-01	 9.9613e-01	 8.4421e+01	 1.1031e+00	 8.4421e+01	 1.1525e+00
2.3483e-01	 9.9613e-01	 8.4414e+01	 1.1031e+00	 8.4414e+01	 1.1529e+00
2.3512e-01	 9.9612e-01	 8.4408e+01	 1.1030e+00	 8.4408e+01	 1.1533e+00
2.3541e-01	 9.9610e-01	 8.4401e+01	 1.1030e+00	 8.4401e+01	 1.1535e+00
2.3570e-01	 9.9609e-01	 8.4394e+01	 1.1030e+00	 8.4394e+01	 1.1534e+00
2.3599e-01	 9.9606e-01	 8.4387e+01	 1.1030e+00	 8.4387e+01	 1.1531e+00
2.3628e-01	 9.9605e-01	 8.4381e+01	 1.1030e+00	 8.4381e+01	 1.1527e+00
2.3657e-01	 9.9601e-01	 8.4374e+01	 1.1030e+00	 8.4374e+01	 1.1525e+00
2.3686e-01	 9.9600e-01	 8.4367e+01	 1.1030e+00	 8.4367e+01	 1.1524e+00
2.3715e-01	 9.9598e-01	 8.4360e+01	 1.1030e+00	 8.4360e+01	 1.1527e+00
2.3744e-01	 9.9596e-01	 8.4353e+01	 1.1030e+00	 8.4353e+01	 1.1531e+00
2.3773e-01	 9.9596e-01	 8.4346e+01	 1.1030e+00	 8.4346e+01	 1.1536e+00
2.3802e-01	 9.9594e-01	 8.4339e+01	 1.1030e+00	 8.4339e+01	 1.1538e+00
2.3831e-01	 9.9594e-01	 8.4332e+01	 1.1030e+00	 8.4332e+01	 1.1538e+00
2.3861e-01	 9.9593e-01	 8.4325e+01	 1.1030e+00	 8.4325e+01	 1.1535e+00
2.3890e-01	 9.9593e-01	 8.4317e+01	 1.1030e+00	 8.4317e+01	 1.1531e+00
2.3919e-01	 9.9593e-01	 8.4310e+01	 1.1030e+00	 8.4310e+01	 1.1529e+00
2.3949e-01	 9.9592e-01	 8.4303e+01	 1.1030e+00	 8.4303e+01	 1.1529e+00
2.3978e-01	 9.9591e-01	 8.4295e+01	 1.1030e+00	 8.4295e+01	 1.1531e+00
2.4007e-01	 9.9590e-01	 8.4288e+01	 1.1030e+00	 8.4288e+01	 1.1536e+00
2.4037e-01	 9.9589e-01	 8.4281e+01	 1.1030e+00	 8.4281e+01	 1.1541e+00
2.4066e-01	 9.9588e-01	 8.4273e+01	 1.1030e+00	 8.4273e+01	 1.1544e+00
2.4096e-01	 9.9587e-01	 8.4266e+01	 1.1030e+00	 8.4266e+01	 1.1544e+00
2.4125e-01	 9.9587e-01	 8.4258e+01	 1.1030e+00	 8.4258e+01	 1.1541e+00
2.4155e-01	 9.9587e-01	 8.4250e+01	 1.1030e+00	 8.4250e+01	 1.1538e+00
2.4184e-01	 9.9588e-01	 8.4243e+01	 1.1029e+00	 8.4243e+01	 1.1535e+00
2.4214e-01	 9.9588e-01	 8.4235e+01	 1.1029e+00	 8.4235e+01	 1.1536e+00
2.4243e-01	 9.9590e-01	 8.4227e+01	 1.1029e+00	 8.4227e+01	 1.1538e+00
2.4273e-01	 9.9590e-01	 8.4219e+01	 1.1029e+00	 8.4219e+01	 1.1543e+00
2.4303e-01	 9.9592e-01	 8.4211e+01	 1.1029e+00	 8.4211e+01	 1.1548e+00
2.4332e-01	 9.9593e-01	 8.4204e+01	 1.1029e+00	 8.4204e+01	 1.1550e+00
2.4362e-01	 9.9593e-01	 8.4196e+01	 1.1029e+00	 8.4196e+01	 1.1550e+00
2.4392e-01	 9.9594e-01	 8.4188e+01	 1.1029e+00	 8.4188e+01	 1.1547e+00
2.4421e-01	 9.9594e-01	 8.4180e+01	 1.1029e+00	 8.4180e+01	 1.1543e+00
2.4451e-01	 9.9594e-01	 8.4172e+01	 1.1029e+00	 8.4172e+01	 1.1541e+00
2.4481e-01	 9.9593e-01	 8.4163e+01	 1.1029e+00	 8.4163e+01	 1.1540e+00
2.4511e-01	 9.9593e-01	 8.4155e+01	 1.1029e+00	 8.4155e+01	 1.1543e+00
2.4541e-01	 9.9591e-01	 8.4147e+01	 1.1028e+00	 8.4147e+01	 1.1548e+00
2.4571e-01	 9.9590e-01	 8.4139e+01	 1.1028e+00	 8.4139e+01	 1.1552e+00
2.4600e-01	 9.9589e-01	 8.4131e+01	 1.1028e+00	 8.4131e+01	 1.1555e+00
2.4630e-01	 9.9586e-01	 8.4122e+01	 1.1028e+00	 8.4122e+01	 1.1555e+00
2.4660e-01	 9.9585e-01	 8.4114e+01	 1.1028e+00	 8.4114e+01	 1.1552e+00
2.4690e-01	 9.9581e-01	 8.4105e+01	 1.1028e+00	 8.4105e+01	 1.1549e+00
2.4720e-01	 9.9579e-01	 8.4097e+01	 1.1028e+00	 8.4097e+01	 1.1547e+00
2.4751e-01	 9.9576e-01	 8.4088e+01	 1.1028e+00	 8.4088e+01	 1.1548e+00
2.4781e-01	 9.9573e-01	 8.4080e+01	 1.1028e+00	 8.4080e+01	 1.1551e+00
2.4811e-01	 9.9571e-01	 8.4071e+01	 1.1027e+00	 8.4071e+01	 1.1557e+00
2.4841e-01	 9.9567e-01	 8.4063e+01	 1.1027e+00	 8.4063e+01	 1.1562e+00
2.4871e-01	 9.9565e-01	 8.4054e+01	 1.1027e+00	 8.4054e+01	 1.1566e+00
2.4901e-01	 9.9561e-01	 8.4045e+01	 1.1027e+00	 8.4045e+01	 1.1566e+00
2.4931e-01	 9.9558e-01	 8.4037e+01	 1.1027e+00	 8.4037e+01	 1.1564e+00
2.4962e-01	 9.9554e-01	 8.4028e+01	 1.1027e+00	 8.4028e+01	 1.1561e+00
2.4992e-01	 9.9551e-01	 8.4019e+01	 1.1027e+00	 8.4019e+01	 1.1559e+00
2.5022e-01	 9.9549e-01	 8.4010e+01	 1.1027e+00	 8.4010e+01	 1.1559e+00
2.5053e-01	 9.9545e-01	 8.4001e+01	 1.1026e+00	 8.4001e+01	 1.1562e+00
2.5083e-01	 9.9544e-01	 8.3992e+01	 1.1026e+00	 8.3992e+01	 1.1567e+00
2.5114e-01	 9.9542e-01	 8.3983e+01	 1.1026e+00	 8.3983e+01	 1.1570e+00
2.5144e-01	 9.9542e-01	 8.3974e+01	 1.1026e+00	 8.3974e+01	 1.1572e+00
2.5175e-01	 9.9541e-01	 8.3965e+01	 1.1026e+00	 8.3965e+01	 1.1571e+00
2.5205e-01	 9.9541e-01	 8.3956e+01	 1.1026e+00	 8.3956e+01	 1.1567e+00
2.5235e-01	 9.9542e-01	 8.3946e+01	 1.1026e+00	 8.3946e+01	 1.1563e+00
2.5266e-01	 9.9543e-01	 8.3937e+01	 1.1025e+00	 8.3937e+01	 1.1559e+00
2.5296e-01	 9.9545e-01	 8.3928e+01	 1.1025e+00	 8.3928e+01	 1.1559e+00
2.5327e-01	 9.9547e-01	 8.3918e+01	 1.1025e+00	 8.3918e+01	 1.1561e+00
2.5358e-01	 9.9550e-01	 8.3909e+01	 1.1025e+00	 8.3909e+01	 1.1565e+00
2.5388e-01	 9.9552e-01	 8.3900e+01	 1.1025e+00	 8.3900e+01	 1.1569e+00
2.5419e-01	 9.9556e-01	 8.3890e+01	 1.1025e+00	 8.3890e+01	 1.1570e+00
2.5450e-01	 9.9559e-01	 8.3881e+01	 1.1024e+00	 8.3881e+01	 1.1569e+00
2.5481e-01	 9.9562e-01	 8.3871e+01	 1.1024e+00	 8.3871e+01	 1.1566e+00
2.5511e-01	 9.9566e-01	 8.3861e+01	 1.1024e+00	 8.3861e+01	 1.1562e+00
2.5542e-01	 9.9569e-01	 8.3852e+01	 1.1024e+00	 8.3852e+01	 1.1560e+00
2.5573e-01	 9.9573e-01	 8.3842e+01	 1.1024e+00	 8.3842e+01	 1.1560e+00
2.5604e-01	 9.9575e-01	 8.3832e+01	 1.1024e+00	 8.3832e+01	 1.1564e+00
2.5634e-01	 9.9578e-01	 8.3823e+01	 1.1023e+00	 8.3823e+01	 1.1569e+00
2.5666e-01	 9.9580e-01	 8.3813e+01	 1.1023e+00	 8.3813e+01	 1.1573e+00
2.5696e-01	 9.9581e-01	 8.3803e+01	 1.1023e+00	 8.3803e+01	 1.1576e+00
2.5727e-01	 9.9583e-01	 8.3793e+01	 1.1023e+00	 8.3793e+01	 1.1576e+00
2.5758e-01	 9.9583e-01	 8.3783e+01	 1.1023e+00	 8.3783e+01	 1.1573e+00
2.5789e-01	 9.9584e-01	 8.3773e+01	 1.1022e+00	 8.3773e+01	 1.1570e+00
2.5820e-01	 9.9582e-01	 8.3763e+01	 1.1022e+00	 8.3763e+01	 1.1568e+00
2.5851e-01	 9.9582e-01	 8.3753e+01	 1.1022e+00	 8.3753e+01	 1.1569e+00
2.5883e-01	 9.9581e-01	 8.3743e+01	 1.1022e+00	 8.3743e+01	 1.1572e+00
2.5914e-01	 9.9579e-01	 8.3733e+01	 1.1022e+00	 8.3733e+01	 1.1577e+00
2.5945e-01	 9.9579e-01	 8.3722e+01	 1.1021e+00	 8.3722e+01	 1.1581e+00
2.5976e-01	 9.9576e-01	 8.3712e+01	 1.1021e+00	 8.3712e+01	 1.1583e+00
2.6007e-01	 9.9575e-01	 8.3702e+01	 1.1021e+00	 8.3702e+01	 1.1581e+00
2.6038e-01	 9.9573e-01	 8.3691e+01	 1.1021e+00	 8.3691e+01	 1.1578e+00
2.6070e-01	 9.9572e-01	 8.3681e+01	 1.1020e+00	 8.3681e+01	 1.1574e+00
2.6101e-01	 9.9570e-01	 8.3671e+01	 1.1020e+00	 8.3671e+01	 1.1570e+00
2.6132e-01	 9.9568e-01	 8.3660e+01	 1.1020e+00	 8.3660e+01	 1.1570e+00
2.6164e-01	 9.9566e-01	 8.3650e+01	 1.1020e+00	 8.3650e+01	 1.1572e+00
2.6195e-01	 9.9563e-01	 8.3639e+01	 1.1020e+00	 8.3639e+01	 1.1575e+00
2.6226e-01	 9.9562e-01	 8.3628e+01	 1.1019e+00	 8.3628e+01	 1.1578e+00
2.6258e-01	 9.9558e-01	 8.3618e+01	 1.1019e+00	 8.3618e+01	 1.1578e+00
2.6289e-01	 9.9556e-01	 8.3607e+01	 1.1019e+00	 8.3607e+01	 1.1576e+00
2.6321e-01	 9.9552e-01	 8.3596e+01	 1.1019e+00	 8.3596e+01	 1.1571e+00
2.6352e-01	 9.9549e-01	 8.3586e+01	 1.1018e+00	 8.3586e+01	 1.1565e+00
2.6384e-01	 9.9546e-01	 8.3575e+01	 1.1018e+00	 8.3575e+01	 1.1561e+00
2.6415e-01	 9.9542e-01	 8.3564e+01	 1.1018e+00	 8.3564e+01	 1.1559e+00
2.6447e-01	 9.9541e-01	 8.3553e+01	 1.1018e+00	 8.3553e+01	 1.1560e+00
2.6478e-01	 9.9538e-01	 8.3542e+01	 1.1017e+00	 8.3542e+01	 1.1562e+00
2.6510e-01	 9.9537e-01	 8.3531e+01	 1.1017e+00	 8.3531e+01	 1.1564e+00
2.6542e-01	 9.9537e-01	 8.3520e+01	 1.1017e+00	 8.3520e+01	 1.1563e+00
2.6573e-01	 9.9537e-01	 8.3509e+01	 1.1017e+00	 8.3509e+01	 1.1560e+00
2.6605e-01	 9.9539e-01	 8.3498e+01	 1.1017e+00	 8.3498e+01	 1.1555e+00
2.6637e-01	 9.9541e-01	 8.3487e+01	 1.1016e+00	 8.3487e+01	 1.1548e+00
2.6669e-01	 9.9545e-01	 8.3475e+01	 1.1016e+00	 8.3475e+01	 1.1544e+00
2.6701e-01	 9.9548e-01	 8.3464e+01	 1.1016e+00	 8.3464e+01	 1.1542e+00
2.6733e-01	 9.9552e-01	 8.3453e+01	 1.1016e+00	 8.3453e+01	 1.1543e+00
2.6765e-01	 9.9556e-01	 8.3442e+01	 1.1015e+00	 8.3442e+01	 1.1546e+00
2.6796e-01	 9.9561e-01	 8.3430e+01	 1.1015e+00	 8.3430e+01	 1.1547e+00
2.6828e-01	 9.9566e-01	 8.3419e+01	 1.1015e+00	 8.3419e+01	 1.1548e+00
2.6860e-01	 9.9571e-01	 8.3407e+01	 1.1015e+00	 8.3407e+01	 1.1544e+00
2.6893e-01	 9.9576e-01	 8.3396e+01	 1.1014e+00	 8.3396e+01	 1.1539e+00
2.6925e-01	 9.9580e-01	 8.3384e+01	 1.1014e+00	 8.3384e+01	 1.1534e+00
2.6957e-01	 9.9585e-01	 8.3373e+01	 1.1014e+00	 8.3373e+01	 1.1530e+00
2.6989e-01	 9.9589e-01	 8.3361e+01	 1.1014e+00	 8.3361e+01	 1.1529e+00
2.7021e-01	 9.9592e-01	 8.3350e+01	 1.1013e+00	 8.3350e+01	 1.1530e+00
2.7053e-01	 9.9595e-01	 8.3338e+01	 1.1013e+00	 8.3338e+01	 1.1534e+00
2.7085e-01	 9.9597e-01	 8.3326e+01	 1.1013e+00	 8.3326e+01	 1.1537e+00
2.7118e-01	 9.9599e-01	 8.3314e+01	 1.1013e+00	 8.3314e+01	 1.1538e+00
2.7150e-01	 9.9599e-01	 8.3303e+01	 1.1013e+00	 8.3303e+01	 1.1536e+00
2.7182e-01	 9.9599e-01	 8.3291e+01	 1.1012e+00	 8.3291e+01	 1.1531e+00
2.7215e-01	 9.9597e-01	 8.3279e+01	 1.1012e+00	 8.3279e+01	 1.1527e+00
2.7247e-01	 9.9595e-01	 8.3267e+01	 1.1012e+00	 8.3267e+01	 1.1524e+00
2.7279e-01	 9.9592e-01	 8.3255e+01	 1.1012e+00	 8.3255e+01	 1.1524e+00
2.7312e-01	 9.9588e-01	 8.3243e+01	 1.1012e+00	 8.3243e+01	 1.1528e+00
2.7344e-01	 9.9584e-01	 8.3231e+01	 1.1011e+00	 8.3231e+01	 1.1532e+00
2.7377e-01	 9.9579e-01	 8.3219e+01	 1.1011e+00	 8.3219e+01	 1.1536e+00
2.7409e-01	 9.9575e-01	 8.3207e+01	 1.1011e+00	 8.3207e+01	 1.1538e+00
2.7442e-01	 9.9570e-01	 8.3194e+01	 1.1011e+00	 8.3194e+01	 1.1537e+00
2.7474e-01	 9.9566e-01	 8.3182e+01	 1.1011e+00	 8.3182e+01	 1.1534e+00
2.7507e-01	 9.9561e-01	 8.3170e+01	 1.1010e+00	 8.3170e+01	 1.1531e+00
2.7539e-01	 9.9556e-01	 8.3158e+01	 1.1010e+00	 8.3158e+01	 1.1530e+00
2.7572e-01	 9.9553e-01	 8.3145e+01	 1.1010e+00	 8.3145e+01	 1.1530e+00
2.7605e-01	 9.9547e-01	 8.3133e+01	 1.1010e+00	 8.3133e+01	 1.1534e+00
2.7637e-01	 9.9544e-01	 8.3120e+01	 1.1010e+00	 8.3120e+01	 1.1539e+00
2.7670e-01	 9.9539e-01	 8.3108e+01	 1.1010e+00	 8.3108e+01	 1.1543e+00
2.7703e-01	 9.9535e-01	 8.3095e+01	 1.1009e+00	 8.3095e+01	 1.1545e+00
2.7736e-01	 9.9531e-01	 8.3083e+01	 1.1009e+00	 8.3083e+01	 1.1544e+00
2.7769e-01	 9.9527e-01	 8.3070e+01	 1.1009e+00	 8.3070e+01	 1.1541e+00
2.7802e-01	 9.9524e-01	 8.3058e+01	 1.1009e+00	 8.3058e+01	 1.1536e+00
2.7835e-01	 9.9519e-01	 8.3045e+01	 1.1009e+00	 8.3045e+01	 1.1534e+00
2.7868e-01	 9.9517e-01	 8.3032e+01	 1.1009e+00	 8.3032e+01	 1.1534e+00
2.7901e-01	 9.9513e-01	 8.3019e+01	 1.1008e+00	 8.3019e+01	 1.1536e+00
2.7933e-01	 9.9511e-01	 8.3007e+01	 1.1008e+00	 8.3007e+01	 1.1540e+00
2.7966e-01	 9.9509e-01	 8.2994e+01	 1.1008e+00	 8.2994e+01	 1.1542e+00
2.7999e-01	 9.9507e-01	 8.2981e+01	 1.1008e+00	 8.2981e+01	 1.1543e+00
2.8032e-01	 9.9506e-01	 8.2968e+01	 1.1008e+00	 8.2968e+01	 1.1540e+00
2.8066e-01	 9.9505e-01	 8.2955e+01	 1.1007e+00	 8.2955e+01	 1.1535e+00
2.8099e-01	 9.9506e-01	 8.2942e+01	 1.1007e+00	 8.2942e+01	 1.1530e+00
2.8132e-01	 9.9505e-01	 8.2929e+01	 1.1007e+00	 8.2929e+01	 1.1526e+00
2.8165e-01	 9.9507e-01	 8.2916e+01	 1.1007e+00	 8.2916e+01	 1.1525e+00
2.8198e-01	 9.9507e-01	 8.2903e+01	 1.1007e+00	 8.2903e+01	 1.1527e+00
2.8232e-01	 9.9508e-01	 8.2889e+01	 1.1006e+00	 8.2889e+01	 1.1530e+00
2.8265e-01	 9.9509e-01	 8.2876e+01	 1.1006e+00	 8.2876e+01	 1.1533e+00
2.8298e-01	 9.9509e-01	 8.2863e+01	 1.1006e+00	 8.2863e+01	 1.1532e+00
2.8332e-01	 9.9510e-01	 8.2850e+01	 1.1006e+00	 8.2850e+01	 1.1530e+00
2.8365e-01	 9.9510e-01	 8.2836e+01	 1.1006e+00	 8.2836e+01	 1.1525e+00
2.8399e-01	 9.9511e-01	 8.2823e+01	 1.1006e+00	 8.2823e+01	 1.1520e+00
2.8432e-01	 9.9511e-01	 8.2810e+01	 1.1005e+00	 8.2810e+01	 1.1517e+00
2.8466e-01	 9.9513e-01	 8.2796e+01	 1.1005e+00	 8.2796e+01	 1.1516e+00
2.8499e-01	 9.9515e-01	 8.2783e+01	 1.1005e+00	 8.2783e+01	 1.1519e+00
2.8533e-01	 9.9516e-01	 8.2769e+01	 1.1005e+00	 8.2769e+01	 1.1522e+00
2.8566e-01	 9.9520e-01	 8.2755e+01	 1.1005e+00	 8.2755e+01	 1.1525e+00
2.8600e-01	 9.9522e-01	 8.2742e+01	 1.1004e+00	 8.2742e+01	 1.1527e+00
2.8634e-01	 9.9526e-01	 8.2728e+01	 1.1004e+00	 8.2728e+01	 1.1525e+00
2.8667e-01	 9.9529e-01	 8.2715e+01	 1.1004e+00	 8.2715e+01	 1.1522e+00
2.8701e-01	 9.9533e-01	 8.2701e+01	 1.1004e+00	 8.2701e+01	 1.1518e+00
2.8735e-01	 9.9538e-01	 8.2687e+01	 1.1004e+00	 8.2687e+01	 1.1517e+00
2.8769e-01	 9.9541e-01	 8.2673e+01	 1.1003e+00	 8.2673e+01	 1.1518e+00
2.8802e-01	 9.9546e-01	 8.2659e+01	 1.1003e+00	 8.2659e+01	 1.1522e+00
2.8836e-01	 9.9548e-01	 8.2645e+01	 1.1003e+00	 8.2645e+01	 1.1528e+00
2.8870e-01	 9.9552e-01	 8.2632e+01	 1.1003e+00	 8.2632e+01	 1.1532e+00
2.8904e-01	 9.9555e-01	 8.2618e+01	 1.1003e+00	 8.2618e+01	 1.1535e+00
2.8938e-01	 9.9558e-01	 8.2604e+01	 1.1002e+00	 8.2604e+01	 1.1535e+00
2.8972e-01	 9.9561e-01	 8.2589e+01	 1.1002e+00	 8.2589e+01	 1.1532e+00
2.9006e-01	 9.9563e-01	 8.2575e+01	 1.1002e+00	 8.2575e+01	 1.1529e+00
2.9040e-01	 9.9566e-01	 8.2561e+01	 1.1002e+00	 8.2561e+01	 1.1527e+00
2.9074e-01	 9.9568e-01	 8.2547e+01	 1.1001e+00	 8.2547e+01	 1.1529e+00
2.9108e-01	 9.9571e-01	 8.2533e+01	 1.1001e+00	 8.2533e+01	 1.1532e+00
2.9142e-01	 9.9572e-01	 8.2519e+01	 1.1001e+00	 8.2519e+01	 1.1538e+00
2.9176e-01	 9.9574e-01	 8.2504e+01	 1.1001e+00	 8.2504e+01	 1.1542e+00
2.9211e-01	 9.9576e-01	 8.2490e+01	 1.1001e+00	 8.2490e+01	 1.1543e+00
2.9245e-01	 9.9576e-01	 8.2476e+01	 1.1000e+00	 8.2476e+01	 1.1542e+00
2.9279e-01	 9.9578e-01	 8.2461e+01	 1.1000e+00	 8.2461e+01	 1.1538e+00
2.9313e-01	 9.9577e-01	 8.2447e+01	 1.1000e+00	 8.2447e+01	 1.1535e+00
2.9348e-01	 9.9579e-01	 8.2432e+01	 1.1000e+00	 8.2432e+01	 1.1532e+00
2.9382e-01	 9.9578e-01	 8.2418e+01	 1.1000e+00	 8.2418e+01	 1.1532e+00
2.9416e-01	 9.9578e-01	 8.2403e+01	 1.0999e+00	 8.2403e+01	 1.1536e+00
2.9451e-01	 9.9579e-01	 8.2388e+01	 1.0999e+00	 8.2388e+01	 1.1539e+00
2.9485e-01	 9.9579e-01	 8.2374e+01	 1.0999e+00	 8.2374e+01	 1.1542e+00
2.9520e-01	 9.9580e-01	 8.2359e+01	 1.0999e+00	 8.2359e+01	 1.1543e+00
2.9554e-01	 9.9580e-01	 8.2344e+01	 1.0998e+00	 8.2344e+01	 1.1540e+00
2.9589e-01	 9.9582e-01	 8.2330e+01	 1.0998e+00	 8.2330e+01	 1.1536e+00
2.9623e-01	 9.9581e-01	 8.2315e+01	 1.0998e+00	 8.2315e+01	 1.1531e+00
2.9658e-01	 9.9582e-01	 8.2300e+01	 1.0998e+00	 8.2300e+01	 1.1528e+00
2.9693e-01	 9.9582e-01	 8.2285e+01	 1.0998e+00	 8.2285e+01	 1.1528e+00
2.9727e-01	 9.9582e-01	 8.2270e+01	 1.0997e+00	 8.2270e+01	 1.1530e+00
2.9762e-01	 9.9582e-01	 8.2255e+01	 1.0997e+00	 8.2255e+01	 1.1534e+00
2.9797e-01	 9.9580e-01	 8.2240e+01	 1.0997e+00	 8.2240e+01	 1.1535e+00
2.9831e-01	 9.9580e-01	 8.2225e+01	 1.0997e+00	 8.2225e+01	 1.1535e+00
2.9866e-01	 9.9578e-01	 8.2210e+01	 1.0996e+00	 8.2210e+01	 1.1531e+00
2.9901e-01	 9.9576e-01	 8.2195e+01	 1.0996e+00	 8.2195e+01	 1.1526e+00
2.9936e-01	 9.9574e-01	 8.2180e+01	 1.0996e+00	 8.2180e+01	 1.1520e+00
2.9970e-01	 9.9571e-01	 8.2164e+01	 1.0996e+00	 8.2164e+01	 1.1516e+00
3.0006e-01	 9.9570e-01	 8.2149e+01	 1.0995e+00	 8.2149e+01	 1.1515e+00
3.0040e-01	 9.9567e-01	 8.2134e+01	 1.0995e+00	 8.2134e+01	 1.1515e+00
3.0075e-01	 9.9565e-01	 8.2119e+01	 1.0995e+00	 8.2119e+01	 1.1518e+00
3.0110e-01	 9.9562e-01	 8.2103e+01	 1.0994e+00	 8.2103e+01	 1.1518e+00
3.0145e-01	 9.9561e-01	 8.2088e+01	 1.0994e+00	 8.2088e+01	 1.1517e+00
3.0180e-01	 9.9559e-01	 8.2072e+01	 1.0994e+00	 8.2072e+01	 1.1513e+00
3.0216e-01	 9.9558e-01	 8.2057e+01	 1.0994e+00	 8.2057e+01	 1.1507e+00
3.0251e-01	 9.9558e-01	 8.2041e+01	 1.0993e+00	 8.2041e+01	 1.1501e+00
3.0286e-01	 9.9558e-01	 8.2026e+01	 1.0993e+00	 8.2026e+01	 1.1497e+00
3.0321e-01	 9.9560e-01	 8.2010e+01	 1.0993e+00	 8.2010e+01	 1.1496e+00
3.0356e-01	 9.9560e-01	 8.1995e+01	 1.0993e+00	 8.1995e+01	 1.1497e+00
3.0392e-01	 9.9563e-01	 8.1979e+01	 1.0992e+00	 8.1979e+01	 1.1500e+00
3.0427e-01	 9.9565e-01	 8.1963e+01	 1.0992e+00	 8.1963e+01	 1.1502e+00
3.0462e-01	 9.9567e-01	 8.1947e+01	 1.0992e+00	 8.1947e+01	 1.1501e+00
3.0498e-01	 9.9570e-01	 8.1932e+01	 1.0991e+00	 8.1932e+01	 1.1498e+00
3.0533e-01	 9.9572e-01	 8.1916e+01	 1.0991e+00	 8.1916e+01	 1.1493e+00
3.0569e-01	 9.9576e-01	 8.1900e+01	 1.0991e+00	 8.1900e+01	 1.1487e+00
3.0604e-01	 9.9577e-01	 8.1884e+01	 1.0991e+00	 8.1884e+01	 1.1485e+00
3.0640e-01	 9.9580e-01	 8.1868e+01	 1.0990e+00	 8.1868e+01	 1.1484e+00
3.0675e-01	 9.9581e-01	 8.1852e+01	 1.0990e+00	 8.1852e+01	 1.1487e+00
3.0711e-01	 9.9582e-01	 8.1836e+01	 1.0990e+00	 8.1836e+01	 1.1491e+00
3.0746e-01	 9.9584e-01	 8.1820e+01	 1.0990e+00	 8.1820e+01	 1.1493e+00
3.0782e-01	 9.9584e-01	 8.1804e+01	 1.0989e+00	 8.1804e+01	 1.1495e+00
3.0818e-01	 9.9585e-01	 8.1788e+01	 1.0989e+00	 8.1788e+01	 1.1492e+00
3.0854e-01	 9.9584e-01	 8.1772e+01	 1.0989e+00	 8.1772e+01	 1.1488e+00
3.0889e-01	 9.9585e-01	 8.1756e+01	 1.0989e+00	 8.1756e+01	 1.1484e+00
3.0925e-01	 9.9585e-01	 8.1739e+01	 1.0988e+00	 8.1739e+01	 1.1482e+00
3.0961e-01	 9.9585e-01	 8.1723e+01	 1.0988e+00	 8.1723e+01	 1.1483e+00
3.0997e-01	 9.9585e-01	 8.1707e+01	 1.0988e+00	 8.1707e+01	 1.1486e+00
3.1033e-01	 9.9584e-01	 8.1690e+01	 1.0988e+00	 8.1690e+01	 1.1491e+00
3.1069e-01	 9.9584e-01	 8.1674e+01	 1.0987e+00	 8.1674e+01	 1.1494e+00
3.1105e-01	 9.9582e-01	 8.1658e+01	 1.0987e+00	 8.1658e+01	 1.1495e+00
3.1140e-01	 9.9582e-01	 8.1641e+01	 1.0987e+00	 8.1641e+01	 1.1492e+00
3.1177e-01	 9.9580e-01	 8.1625e+01	 1.0987e+00	 8.1625e+01	 1.1488e+00
3.1213e-01	 9.9579e-01	 8.1608e+01	 1.0987e+00	 8.1608e+01	 1.1483e+00
3.1249e-01	 9.9578e-01	 8.1591e+01	 1.0986e+00	 8.1591e+01	 1.1480e+00
3.1285e-01	 9.9576e-01	 8.1575e+01	 1.0986e+00	 8.1575e+01	 1.1481e+00
3.1321e-01	 9.9575e-01	 8.1558e+01	 1.0986e+00	 8.1558e+01	 1.1483e+00
3.1357e-01	 9.9572e-01	 8.1541e+01	 1.0986e+00	 8.1541e+01	 1.1487e+00
3.1393e-01	 9.9571e-01	 8.1525e+01	 1.0985e+00	 8.1525e+01	 1.1490e+00
3.1430e-01	 9.9569e-01	 8.1508e+01	 1.0985e+00	 8.1508e+01	 1.1489e+00
3.1466e-01	 9.9568e-01	 8.1491e+01	 1.0985e+00	 8.1491e+01	 1.1487e+00
3.1502e-01	 9.9567e-01	 8.1474e+01	 1.0985e+00	 8.1474e+01	 1.1481e+00
3.1539e-01	 9.9566e-01	 8.1457e+01	 1.0985e+00	 8.1457e+01	 1.1477e+00
3.1575e-01	 9.9567e-01	 8.1441e+01	 1.0985e+00	 8.1441e+01	 1.1474e+00
3.1611e-01	 9.9566e-01	 8.1424e+01	 1.0984e+00	 8.1424e+01	 1.1474e+00
3.1648e-01	 9.9567e-01	 8.1407e+01	 1.0984e+00	 8.1407e+01	 1.1478e+00
3.1684e-01	 9.9568e-01	 8.1390e+01	 1.0984e+00	 8.1390e+01	 1.1481e+00
3.1721e-01	 9.9569e-01	 8.1373e+01	 1.0984e+00	 8.1373e+01	 1.1484e+00
3.1757e-01	 9.9570e-01	 8.1356e+01	 1.0984e+00	 8.1356e+01	 1.1485e+00
3.1794e-01	 9.9571e-01	 8.1338e+01	 1.0983e+00	 8.1338e+01	 1.1482e+00
3.1831e-01	 9.9574e-01	 8.1321e+01	 1.0983e+00	 8.1321e+01	 1.1478e+00
3.1867e-01	 9.9574e-01	 8.1304e+01	 1.0983e+00	 8.1304e+01	 1.1474e+00
3.1904e-01	 9.9577e-01	 8.1287e+01	 1.0983e+00	 8.1287e+01	 1.1473e+00
3.1941e-01	 9.9578e-01	 8.1269e+01	 1.0983e+00	 8.1269e+01	 1.1474e+00
3.1977e-01	 9.9580e-01	 8.1252e+01	 1.0983e+00	 8.1252e+01	 1.1478e+00
3.2014e-01	 9.9582e-01	 8.1235e+01	 1.0982e+00	 8.1235e+01	 1.1483e+00
3.2051e-01	 9.9584e-01	 8.1217e+01	 1.0982e+00	 8.1217e+01	 1.1486e+00
3.2088e-01	 9.9586e-01	 8.1200e+01	 1.0982e+00	 8.1200e+01	 1.1487e+00
3.2125e-01	 9.9587e-01	 8.1183e+01	 1.0982e+00	 8.1183e+01	 1.1485e+00
3.2162e-01	 9.9590e-01	 8.1165e+01	 1.0982e+00	 8.1165e+01	 1.1481e+00
3.2199e-01	 9.9592e-01	 8.1148e+01	 1.0981e+00	 8.1148e+01	 1.1478e+00
3.2236e-01	 9.9595e-01	 8.1130e+01	 1.0981e+00	 8.1130e+01	 1.1475e+00
3.2273e-01	 9.9597e-01	 8.1112e+01	 1.0981e+00	 8.1112e+01	 1.1477e+00
3.2310e-01	 9.9600e-01	 8.1095e+01	 1.0981e+00	 8.1095e+01	 1.1480e+00
3.2347e-01	 9.9604e-01	 8.1077e+01	 1.0981e+00	 8.1077e+01	 1.1485e+00
3.2384e-01	 9.9606e-01	 8.1059e+01	 1.0980e+00	 8.1059e+01	 1.1488e+00
3.2421e-01	 9.9610e-01	 8.1042e+01	 1.0980e+00	 8.1042e+01	 1.1488e+00
3.2459e-01	 9.9612e-01	 8.1024e+01	 1.0980e+00	 8.1024e+01	 1.1486e+00
3.2496e-01	 9.9615e-01	 8.1006e+01	 1.0980e+00	 8.1006e+01	 1.1481e+00
3.2533e-01	 9.9617e-01	 8.0988e+01	 1.0980e+00	 8.0988e+01	 1.1477e+00
3.2571e-01	 9.9619e-01	 8.0970e+01	 1.0979e+00	 8.0970e+01	 1.1475e+00
3.2608e-01	 9.9621e-01	 8.0952e+01	 1.0979e+00	 8.0952e+01	 1.1475e+00
3.2645e-01	 9.9621e-01	 8.0934e+01	 1.0979e+00	 8.0934e+01	 1.1479e+00
3.2683e-01	 9.9622e-01	 8.0916e+01	 1.0979e+00	 8.0916e+01	 1.1482e+00
3.2720e-01	 9.9621e-01	 8.0898e+01	 1.0979e+00	 8.0898e+01	 1.1485e+00
3.2758e-01	 9.9621e-01	 8.0880e+01	 1.0978e+00	 8.0880e+01	 1.1484e+00
3.2795e-01	 9.9619e-01	 8.0862e+01	 1.0978e+00	 8.0862e+01	 1.1481e+00
3.2833e-01	 9.9618e-01	 8.0844e+01	 1.0978e+00	 8.0844e+01	 1.1477e+00
3.2871e-01	 9.9617e-01	 8.0826e+01	 1.0978e+00	 8.0826e+01	 1.1472e+00
3.2908e-01	 9.9614e-01	 8.0808e+01	 1.0978e+00	 8.0808e+01	 1.1470e+00
3.2946e-01	 9.9614e-01	 8.0789e+01	 1.0977e+00	 8.0789e+01	 1.1470e+00
3.2984e-01	 9.9611e-01	 8.0771e+01	 1.0977e+00	 8.0771e+01	 1.1474e+00
3.3021e-01	 9.9610e-01	 8.0753e+01	 1.0977e+00	 8.0753e+01	 1.1477e+00
3.3059e-01	 9.9607e-01	 8.0735e+01	 1.0977e+00	 8.0735e+01	 1.1479e+00
3.3097e-01	 9.9606e-01	 8.0716e+01	 1.0976e+00	 8.0716e+01	 1.1479e+00
3.3135e-01	 9.9605e-01	 8.0698e+01	 1.0976e+00	 8.0698e+01	 1.1476e+00
3.3173e-01	 9.9603e-01	 8.0679e+01	 1.0976e+00	 8.0679e+01	 1.1472e+00
3.3211e-01	 9.9603e-01	 8.0661e+01	 1.0976e+00	 8.0661e+01	 1.1467e+00
3.3248e-01	 9.9601e-01	 8.0642e+01	 1.0976e+00	 8.0642e+01	 1.1465e+00
3.3287e-01	 9.9602e-01	 8.0624e+01	 1.0975e+00	 8.0624e+01	 1.1466e+00
3.3325e-01	 9.9601e-01	 8.0605e+01	 1.0975e+00	 8.0605e+01	 1.1468e+00
3.3363e-01	 9.9601e-01	 8.0587e+01	 1.0975e+00	 8.0587e+01	 1.1473e+00
3.3401e-01	 9.9602e-01	 8.0568e+01	 1.0975e+00	 8.0568e+01	 1.1475e+00
3.3439e-01	 9.9602e-01	 8.0549e+01	 1.0974e+00	 8.0549e+01	 1.1475e+00
3.3477e-01	 9.9603e-01	 8.0531e+01	 1.0974e+00	 8.0531e+01	 1.1472e+00
3.3515e-01	 9.9602e-01	 8.0512e+01	 1.0974e+00	 8.0512e+01	 1.1467e+00
3.3553e-01	 9.9602e-01	 8.0493e+01	 1.0974e+00	 8.0493e+01	 1.1462e+00
3.3592e-01	 9.9601e-01	 8.0474e+01	 1.0973e+00	 8.0474e+01	 1.1459e+00
3.3630e-01	 9.9601e-01	 8.0455e+01	 1.0973e+00	 8.0455e+01	 1.1460e+00
3.3668e-01	 9.9600e-01	 8.0436e+01	 1.0973e+00	 8.0436e+01	 1.1462e+00
3.3707e-01	 9.9598e-01	 8.0417e+01	 1.0972e+00	 8.0417e+01	 1.1464e+00
3.3745e-01	 9.9598e-01	 8.0398e+01	 1.0972e+00	 8.0398e+01	 1.1467e+00
3.3783e-01	 9.9596e-01	 8.0379e+01	 1.0972e+00	 8.0379e+01	 1.1464e+00
3.3822e-01	 9.9595e-01	 8.0360e+01	 1.0972e+00	 8.0360e+01	 1.1461e+00
3.3860e-01	 9.9594e-01	 8.0341e+01	 1.0971e+00	 8.0341e+01	 1.1455e+00
3.3899e-01	 9.9593e-01	 8.0322e+01	 1.0971e+00	 8.0322e+01	 1.1450e+00
3.3938e-01	 9.9593e-01	 8.0303e+01	 1.0971e+00	 8.0303e+01	 1.1448e+00
3.3976e-01	 9.9592e-01	 8.0284e+01	 1.0971e+00	 8.0284e+01	 1.1447e+00
3.4015e-01	 9.9593e-01	 8.0265e+01	 1.0970e+00	 8.0265e+01	 1.1451e+00
3.4054e-01	 9.9591e-01	 8.0245e+01	 1.0970e+00	 8.0245e+01	 1.1454e+00
3.4092e-01	 9.9592e-01	 8.0226e+01	 1.0970e+00	 8.0226e+01	 1.1456e+00
3.4131e-01	 9.9591e-01	 8.0207e+01	 1.0969e+00	 8.0207e+01	 1.1456e+00
3.4170e-01	 9.9590e-01	 8.0187e+01	 1.0969e+00	 8.0187e+01	 1.1453e+00
3.4209e-01	 9.9590e-01	 8.0168e+01	 1.0969e+00	 8.0168e+01	 1.1449e+00
3.4248e-01	 9.9588e-01	 8.0149e+01	 1.0969e+00	 8.0149e+01	 1.1444e+00
3.4287e-01	 9.9588e-01	 8.0129e+01	 1.0968e+00	 8.0129e+01	 1.1443e+00
3.4326e-01	 9.9585e-01	 8.0110e+01	 1.0968e+00	 8.0110e+01	 1.1445e+00
3.4365e-01	 9.9584e-01	 8.0090e+01	 1.0968e+00	 8.0090e+01	 1.1449e+00
3.4404e-01	 9.9581e-01	 8.0071e+01	 1.0967e+00	 8.0071e+01	 1.1455e+00
3.4443e-01	 9.9579e-01	 8.0051e+01	 1.0967e+00	 8.0051e+01	 1.1457e+00
3.4482e-01	 9.9577e-01	 8.0032e+01	 1.0967e+00	 8.0032e+01	 1.1459e+00
3.4521e-01	 9.9574e-01	 8.0012e+01	 1.0966e+00	 8.0012e+01	 1.1457e+00
3.4560e-01	 9.9573e-01	 7.9992e+01	 1.0966e+00	 7.9992e+01	 1.1454e+00
3.4600e-01	 9.9570e-01	 7.9973e+01	 1.0966e+00	 7.9973e+01	 1.1451e+00
3.4639e-01	 9.9569e-01	 7.9953e+01	 1.0965e+00	 7.9953e+01	 1.1450e+00
3.4678e-01	 9.9567e-01	 7.9933e+01	 1.0965e+00	 7.9933e+01	 1.1453e+00
3.4717e-01	 9.9566e-01	 7.9913e+01	 1.0965e+00	 7.9913e+01	 1.1457e+00
3.4757e-01	 9.9564e-01	 7.9893e+01	 1.0964e+00	 7.9893e+01	 1.1462e+00
3.4796e-01	 9.9563e-01	 7.9874e+01	 1.0964e+00	 7.9874e+01	 1.1465e+00
3.4836e-01	 9.9563e-01	 7.9854e+01	 1.0964e+00	 7.9854e+01	 1.1465e+00
3.4875e-01	 9.9562e-01	 7.9834e+01	 1.0963e+00	 7.9834e+01	 1.1464e+00
3.4914e-01	 9.9563e-01	 7.9814e+01	 1.0963e+00	 7.9814e+01	 1.1459e+00
3.4954e-01	 9.9562e-01	 7.9794e+01	 1.0962e+00	 7.9794e+01	 1.1456e+00
3.4993e-01	 9.9564e-01	 7.9774e+01	 1.0962e+00	 7.9774e+01	 1.1454e+00
3.5033e-01	 9.9565e-01	 7.9754e+01	 1.0962e+00	 7.9754e+01	 1.1455e+00
3.5073e-01	 9.9567e-01	 7.9734e+01	 1.0961e+00	 7.9734e+01	 1.1460e+00
3.5112e-01	 9.9570e-01	 7.9713e+01	 1.0961e+00	 7.9713e+01	 1.1463e+00
3.5152e-01	 9.9573e-01	 7.9693e+01	 1.0960e+00	 7.9693e+01	 1.1466e+00
3.5192e-01	 9.9577e-01	 7.9673e+01	 1.0960e+00	 7.9673e+01	 1.1465e+00
3.5231e-01	 9.9580e-01	 7.9653e+01	 1.0960e+00	 7.9653e+01	 1.1462e+00
3.5271e-01	 9.9584e-01	 7.9633e+01	 1.0959e+00	 7.9633e+01	 1.1458e+00
3.5311e-01	 9.9588e-01	 7.9612e+01	 1.0959e+00	 7.9612e+01	 1.1454e+00
3.5351e-01	 9.9592e-01	 7.9592e+01	 1.0958e+00	 7.9592e+01	 1.1453e+00
3.5391e-01	 9.9597e-01	 7.9572e+01	 1.0958e+00	 7.9572e+01	 1.1453e+00
3.5431e-01	 9.9599e-01	 7.9551e+01	 1.0958e+00	 7.9551e+01	 1.1456e+00
3.5471e-01	 9.9604e-01	 7.9531e+01	 1.0957e+00	 7.9531e+01	 1.1460e+00
3.5511e-01	 9.9606e-01	 7.9510e+01	 1.0957e+00	 7.9510e+01	 1.1461e+00
3.5551e-01	 9.9608e-01	 7.9490e+01	 1.0956e+00	 7.9490e+01	 1.1460e+00
3.5591e-01	 9.9610e-01	 7.9469e+01	 1.0956e+00	 7.9469e+01	 1.1455e+00
3.5631e-01	 9.9611e-01	 7.9449e+01	 1.0956e+00	 7.9449e+01	 1.1450e+00
3.5671e-01	 9.9613e-01	 7.9428e+01	 1.0955e+00	 7.9428e+01	 1.1445e+00
3.5712e-01	 9.9613e-01	 7.9408e+01	 1.0955e+00	 7.9408e+01	 1.1442e+00
3.5752e-01	 9.9615e-01	 7.9387e+01	 1.0954e+00	 7.9387e+01	 1.1444e+00
3.5792e-01	 9.9614e-01	 7.9366e+01	 1.0954e+00	 7.9366e+01	 1.1446e+00
3.5832e-01	 9.9615e-01	 7.9346e+01	 1.0954e+00	 7.9346e+01	 1.1450e+00
3.5873e-01	 9.9615e-01	 7.9325e+01	 1.0953e+00	 7.9325e+01	 1.1451e+00
3.5913e-01	 9.9615e-01	 7.9304e+01	 1.0953e+00	 7.9304e+01	 1.1450e+00
3.5953e-01	 9.9615e-01	 7.9283e+01	 1.0952e+00	 7.9283e+01	 1.1447e+00
3.5994e-01	 9.9615e-01	 7.9262e+01	 1.0952e+00	 7.9262e+01	 1.1441e+00
3.6035e-01	 9.9617e-01	 7.9242e+01	 1.0952e+00	 7.9242e+01	 1.1439e+00
3.6075e-01	 9.9617e-01	 7.9221e+01	 1.0951e+00	 7.9221e+01	 1.1436e+00
3.6116e-01	 9.9620e-01	 7.9200e+01	 1.0951e+00	 7.9200e+01	 1.1437e+00
3.6156e-01	 9.9621e-01	 7.9179e+01	 1.0951e+00	 7.9179e+01	 1.1440e+00
3.6197e-01	 9.9624e-01	 7.9158e+01	 1.0950e+00	 7.9158e+01	 1.1443e+00
3.6238e-01	 9.9626e-01	 7.9137e+01	 1.0950e+00	 7.9137e+01	 1.1446e+00
3.6278e-01	 9.9629e-01	 7.9116e+01	 1.0950e+00	 7.9116e+01	 1.1443e+00
3.6319e-01	 9.9633e-01	 7.9095e+01	 1.0949e+00	 7.9095e+01	 1.1440e+00
3.6360e-01	 9.9635e-01	 7.9073e+01	 1.0949e+00	 7.9073e+01	 1.1435e+00
3.6401e-01	 9.9639e-01	 7.9052e+01	 1.0949e+00	 7.9052e+01	 1.1430e+00
3.6442e-01	 9.9641e-01	 7.9031e+01	 1.0949e+00	 7.9031e+01	 1.1430e+00
3.6483e-01	 9.9644e-01	 7.9010e+01	 1.0948e+00	 7.9010e+01	 1.1430e+00
3.6524e-01	 9.9647e-01	 7.8989e+01	 1.0948e+00	 7.8989e+01	 1.1435e+00
3.6565e-01	 9.9649e-01	 7.8967e+01	 1.0948e+00	 7.8967e+01	 1.1439e+00
3.6606e-01	 9.9652e-01	 7.8946e+01	 1.0947e+00	 7.8946e+01	 1.1441e+00
3.6647e-01	 9.9653e-01	 7.8925e+01	 1.0947e+00	 7.8925e+01	 1.1442e+00
3.6688e-01	 9.9656e-01	 7.8903e+01	 1.0947e+00	 7.8903e+01	 1.1439e+00
3.6729e-01	 9.9656e-01	 7.8882e+01	 1.0947e+00	 7.8882e+01	 1.1436e+00
3.6770e-01	 9.9657e-01	 7.8860e+01	 1.0946e+00	 7.8860e+01	 1.1432e+00
3.6811e-01	 9.9657e-01	 7.8839e+01	 1.0946e+00	 7.8839e+01	 1.1432e+00
3.6853e-01	 9.9656e-01	 7.8817e+01	 1.0946e+00	 7.8817e+01	 1.1434e+00
3.6894e-01	 9.9656e-01	 7.8796e+01	 1.0946e+00	 7.8796e+01	 1.1438e+00
3.6935e-01	 9.9653e-01	 7.8774e+01	 1.0945e+00	 7.8774e+01	 1.1443e+00
3.6977e-01	 9.9651e-01	 7.8753e+01	 1.0945e+00	 7.8753e+01	 1.1445e+00
3.7018e-01	 9.9648e-01	 7.8731e+01	 1.0945e+00	 7.8731e+01	 1.1445e+00
3.7059e-01	 9.9645e-01	 7.8709e+01	 1.0944e+00	 7.8709e+01	 1.1441e+00
3.7101e-01	 9.9641e-01	 7.8688e+01	 1.0944e+00	 7.8688e+01	 1.1436e+00
3.7143e-01	 9.9637e-01	 7.8666e+01	 1.0944e+00	 7.8666e+01	 1.1433e+00
3.7184e-01	 9.9633e-01	 7.8644e+01	 1.0944e+00	 7.8644e+01	 1.1430e+00
3.7226e-01	 9.9628e-01	 7.8623e+01	 1.0943e+00	 7.8623e+01	 1.1431e+00
3.7267e-01	 9.9625e-01	 7.8601e+01	 1.0943e+00	 7.8601e+01	 1.1433e+00
3.7309e-01	 9.9620e-01	 7.8579e+01	 1.0943e+00	 7.8579e+01	 1.1435e+00
3.7351e-01	 9.9617e-01	 7.8557e+01	 1.0943e+00	 7.8557e+01	 1.1436e+00
3.7392e-01	 9.9613e-01	 7.8535e+01	 1.0942e+00	 7.8535e+01	 1.1433e+00
3.7434e-01	 9.9609e-01	 7.8513e+01	 1.0942e+00	 7.8513e+01	 1.1429e+00
3.7476e-01	 9.9606e-01	 7.8491e+01	 1.0942e+00	 7.8491e+01	 1.1422e+00
3.7518e-01	 9.9603e-01	 7.8469e+01	 1.0942e+00	 7.8469e+01	 1.1417e+00
3.7560e-01	 9.9601e-01	 7.8447e+01	 1.0941e+00	 7.8447e+01	 1.1414e+00
3.7602e-01	 9.9598e-01	 7.8425e+01	 1.0941e+00	 7.8425e+01	 1.1413e+00
3.7644e-01	 9.9596e-01	 7.8403e+01	 1.0941e+00	 7.8403e+01	 1.1416e+00
3.7686e-01	 9.9594e-01	 7.8381e+01	 1.0940e+00	 7.8381e+01	 1.1418e+00
3.7728e-01	 9.9593e-01	 7.8359e+01	 1.0940e+00	 7.8359e+01	 1.1420e+00
3.7770e-01	 9.9594e-01	 7.8336e+01	 1.0940e+00	 7.8336e+01	 1.1418e+00
3.7812e-01	 9.9593e-01	 7.8314e+01	 1.0940e+00	 7.8314e+01	 1.1413e+00
3.7854e-01	 9.9595e-01	 7.8292e+01	 1.0939e+00	 7.8292e+01	 1.1408e+00
3.7897e-01	 9.9595e-01	 7.8270e+01	 1.0939e+00	 7.8270e+01	 1.1403e+00
3.7939e-01	 9.9597e-01	 7.8247e+01	 1.0939e+00	 7.8247e+01	 1.1402e+00
3.7981e-01	 9.9598e-01	 7.8225e+01	 1.0939e+00	 7.8225e+01	 1.1402e+00
3.8023e-01	 9.9599e-01	 7.8203e+01	 1.0938e+00	 7.8203e+01	 1.1405e+00
3.8066e-01	 9.9601e-01	 7.8180e+01	 1.0938e+00	 7.8180e+01	 1.1409e+00
3.8108e-01	 9.9601e-01	 7.8158e+01	 1.0938e+00	 7.8158e+01	 1.1410e+00
3.8151e-01	 9.9604e-01	 7.8135e+01	 1.0937e+00	 7.8135e+01	 1.1409e+00
3.8193e-01	 9.9603e-01	 7.8113e+01	 1.0937e+00	 7.8113e+01	 1.1405e+00
3.8236e-01	 9.9604e-01	 7.8090e+01	 1.0937e+00	 7.8090e+01	 1.1401e+00
3.8278e-01	 9.9604e-01	 7.8068e+01	 1.0936e+00	 7.8068e+01	 1.1397e+00
3.8321e-01	 9.9603e-01	 7.8045e+01	 1.0936e+00	 7.8045e+01	 1.1396e+00
3.8364e-01	 9.9602e-01	 7.8023e+01	 1.0936e+00	 7.8023e+01	 1.1399e+00
3.8406e-01	 9.9600e-01	 7.8000e+01	 1.0936e+00	 7.8000e+01	 1.1402e+00
3.8449e-01	 9.9599e-01	 7.7978e+01	 1.0935e+00	 7.7978e+01	 1.1408e+00
3.8492e-01	 9.9596e-01	 7.7955e+01	 1.0935e+00	 7.7955e+01	 1.1411e+00
3.8534e-01	 9.9595e-01	 7.7932e+01	 1.0935e+00	 7.7932e+01	 1.1411e+00
3.8577e-01	 9.9592e-01	 7.7909e+01	 1.0934e+00	 7.7909e+01	 1.1410e+00
3.8620e-01	 9.9590e-01	 7.7887e+01	 1.0934e+00	 7.7887e+01	 1.1406e+00
3.8663e-01	 9.9588e-01	 7.7864e+01	 1.0933e+00	 7.7864e+01	 1.1405e+00
3.8706e-01	 9.9584e-01	 7.7841e+01	 1.0933e+00	 7.7841e+01	 1.1406e+00
3.8749e-01	 9.9582e-01	 7.7818e+01	 1.0933e+00	 7.7818e+01	 1.1409e+00
3.8792e-01	 9.9579e-01	 7.7795e+01	 1.0932e+00	 7.7795e+01	 1.1415e+00
3.8835e-01	 9.9577e-01	 7.7772e+01	 1.0932e+00	 7.7772e+01	 1.1419e+00
3.8878e-01	 9.9574e-01	 7.7749e+01	 1.0932e+00	 7.7749e+01	 1.1423e+00
3.8922e-01	 9.9572e-01	 7.7727e+01	 1.0931e+00	 7.7727e+01	 1.1423e+00
3.8965e-01	 9.9570e-01	 7.7704e+01	 1.0931e+00	 7.7704e+01	 1.1420e+00
3.9008e-01	 9.9568e-01	 7.7680e+01	 1.0931e+00	 7.7680e+01	 1.1416e+00
3.9051e-01	 9.9568e-01	 7.7657e+01	 1.0930e+00	 7.7657e+01	 1.1412e+00
3.9095e-01	 9.9566e-01	 7.7634e+01	 1.0930e+00	 7.7634e+01	 1.1412e+00
3.9138e-01	 9.9567e-01	 7.7611e+01	 1.0930e+00	 7.7611e+01	 1.1413e+00
3.9182e-01	 9.9567e-01	 7.7588e+01	 1.0929e+00	 7.7588e+01	 1.1417e+00
3.9225e-01	 9.9569e-01	 7.7565e+01	 1.0929e+00	 7.7565e+01	 1.1420e+00
3.9268e-01	 9.9571e-01	 7.7542e+01	 1.0929e+00	 7.7542e+01	 1.1422e+00
3.9312e-01	 9.9573e-01	 7.7519e+01	 1.0928e+00	 7.7519e+01	 1.1421e+00
3.9355e-01	 9.9577e-01	 7.7495e+01	 1.0928e+00	 7.7495e+01	 1.1416e+00
3.9399e-01	 9.9579e-01	 7.7472e+01	 1.0928e+00	 7.7472e+01	 1.1412e+00
3.9443e-01	 9.9583e-01	 7.7449e+01	 1.0927e+00	 7.7449e+01	 1.1407e+00
3.9486e-01	 9.9586e-01	 7.7425e+01	 1.0927e+00	 7.7425e+01	 1.1406e+00
3.9530e-01	 9.9590e-01	 7.7402e+01	 1.0927e+00	 7.7402e+01	 1.1408e+00
3.9574e-01	 9.9594e-01	 7.7379e+01	 1.0926e+00	 7.7379e+01	 1.1410e+00
3.9617e-01	 9.9596e-01	 7.7355e+01	 1.0926e+00	 7.7355e+01	 1.1414e+00
3.9661e-01	 9.9600e-01	 7.7332e+01	 1.0925e+00	 7.7332e+01	 1.1415e+00
3.9705e-01	 9.9602e-01	 7.7308e+01	 1.0925e+00	 7.7308e+01	 1.1413e+00
3.9749e-01	 9.9605e-01	 7.7285e+01	 1.0925e+00	 7.7285e+01	 1.1410e+00
3.9793e-01	 9.9606e-01	 7.7261e+01	 1.0924e+00	 7.7261e+01	 1.1404e+00
3.9837e-01	 9.9608e-01	 7.7238e+01	 1.0924e+00	 7.7238e+01	 1.1402e+00
3.9881e-01	 9.9609e-01	 7.7214e+01	 1.0924e+00	 7.7214e+01	 1.1399e+00
3.9925e-01	 9.9611e-01	 7.7190e+01	 1.0923e+00	 7.7190e+01	 1.1402e+00
3.9969e-01	 9.9613e-01	 7.7167e+01	 1.0923e+00	 7.7167e+01	 1.1406e+00
4.0013e-01	 9.9613e-01	 7.7143e+01	 1.0923e+00	 7.7143e+01	 1.1409e+00
4.0058e-01	 9.9615e-01	 7.7119e+01	 1.0922e+00	 7.7119e+01	 1.1411e+00
4.0102e-01	 9.9614e-01	 7.7096e+01	 1.0922e+00	 7.7096e+01	 1.1409e+00
4.0146e-01	 9.9615e-01	 7.7072e+01	 1.0921e+00	 7.7072e+01	 1.1406e+00
4.0191e-01	 9.9614e-01	 7.7048e+01	 1.0921e+00	 7.7048e+01	 1.1400e+00
4.0235e-01	 9.9612e-01	 7.7024e+01	 1.0921e+00	 7.7024e+01	 1.1396e+00
4.0279e-01	 9.9611e-01	 7.7001e+01	 1.0920e+00	 7.7001e+01	 1.1394e+00
4.0324e-01	 9.9608e-01	 7.6977e+01	 1.0920e+00	 7.6977e+01	 1.1394e+00
4.0368e-01	 9.9607e-01	 7.6953e+01	 1.0920e+00	 7.6953e+01	 1.1398e+00
4.0413e-01	 9.9604e-01	 7.6929e+01	 1.0919e+00	 7.6929e+01	 1.1400e+00
4.0457e-01	 9.9601e-01	 7.6905e+01	 1.0919e+00	 7.6905e+01	 1.1401e+00
4.0502e-01	 9.9597e-01	 7.6881e+01	 1.0919e+00	 7.6881e+01	 1.1399e+00
4.0547e-01	 9.9593e-01	 7.6857e+01	 1.0918e+00	 7.6857e+01	 1.1394e+00
4.0591e-01	 9.9589e-01	 7.6833e+01	 1.0918e+00	 7.6833e+01	 1.1390e+00
4.0636e-01	 9.9584e-01	 7.6809e+01	 1.0918e+00	 7.6809e+01	 1.1384e+00
4.0681e-01	 9.9580e-01	 7.6785e+01	 1.0917e+00	 7.6785e+01	 1.1384e+00
4.0726e-01	 9.9575e-01	 7.6761e+01	 1.0917e+00	 7.6761e+01	 1.1385e+00
4.0770e-01	 9.9571e-01	 7.6736e+01	 1.0916e+00	 7.6736e+01	 1.1388e+00
4.0815e-01	 9.9566e-01	 7.6712e+01	 1.0916e+00	 7.6712e+01	 1.1392e+00
4.0860e-01	 9.9562e-01	 7.6688e+01	 1.0916e+00	 7.6688e+01	 1.1392e+00
4.0905e-01	 9.9559e-01	 7.6664e+01	 1.0915e+00	 7.6664e+01	 1.1392e+00
4.0951e-01	 9.9554e-01	 7.6640e+01	 1.0915e+00	 7.6640e+01	 1.1387e+00
4.0996e-01	 9.9552e-01	 7.6615e+01	 1.0914e+00	 7.6615e+01	 1.1383e+00
4.1041e-01	 9.9548e-01	 7.6591e+01	 1.0914e+00	 7.6591e+01	 1.1380e+00
4.1086e-01	 9.9546e-01	 7.6567e+01	 1.0914e+00	 7.6567e+01	 1.1378e+00
4.1131e-01	 9.9543e-01	 7.6542e+01	 1.0913e+00	 7.6542e+01	 1.1381e+00
4.1176e-01	 9.9541e-01	 7.6518e+01	 1.0913e+00	 7.6518e+01	 1.1384e+00
4.1222e-01	 9.9539e-01	 7.6494e+01	 1.0913e+00	 7.6494e+01	 1.1389e+00
4.1267e-01	 9.9538e-01	 7.6469e+01	 1.0912e+00	 7.6469e+01	 1.1391e+00
4.1312e-01	 9.9538e-01	 7.6445e+01	 1.0912e+00	 7.6445e+01	 1.1390e+00
4.1358e-01	 9.9537e-01	 7.6420e+01	 1.0912e+00	 7.6420e+01	 1.1388e+00
4.1403e-01	 9.9539e-01	 7.6396e+01	 1.0911e+00	 7.6396e+01	 1.1383e+00
4.1449e-01	 9.9541e-01	 7.6371e+01	 1.0911e+00	 7.6371e+01	 1.1380e+00
4.1494e-01	 9.9543e-01	 7.6347e+01	 1.0911e+00	 7.6347e+01	 1.1380e+00
4.1540e-01	 9.9546e-01	 7.6322e+01	 1.0910e+00	 7.6322e+01	 1.1382e+00
4.1585e-01	 9.9548e-01	 7.6297e+01	 1.0910e+00	 7.6297e+01	 1.1387e+00
4.1631e-01	 9.9552e-01	 7.6273e+01	 1.0910e+00	 7.6273e+01	 1.1390e+00
4.1677e-01	 9.9553e-01	 7.6248e+01	 1.0909e+00	 7.6248e+01	 1.1393e+00
4.1723e-01	 9.9557e-01	 7.6223e+01	 1.0909e+00	 7.6223e+01	 1.1391e+00
4.1769e-01	 9.9559e-01	 7.6199e+01	 1.0909e+00	 7.6199e+01	 1.1388e+00
4.1814e-01	 9.9561e-01	 7.6174e+01	 1.0908e+00	 7.6174e+01	 1.1384e+00
4.1860e-01	 9.9564e-01	 7.6149e+01	 1.0908e+00	 7.6149e+01	 1.1380e+00
4.1906e-01	 9.9565e-01	 7.6124e+01	 1.0908e+00	 7.6124e+01	 1.1380e+00
4.1952e-01	 9.9567e-01	 7.6100e+01	 1.0907e+00	 7.6100e+01	 1.1381e+00
4.1998e-01	 9.9568e-01	 7.6075e+01	 1.0907e+00	 7.6075e+01	 1.1385e+00
4.2044e-01	 9.9570e-01	 7.6050e+01	 1.0907e+00	 7.6050e+01	 1.1388e+00
4.2090e-01	 9.9571e-01	 7.6025e+01	 1.0906e+00	 7.6025e+01	 1.1388e+00
4.2136e-01	 9.9573e-01	 7.6000e+01	 1.0906e+00	 7.6000e+01	 1.1387e+00
4.2183e-01	 9.9574e-01	 7.5975e+01	 1.0906e+00	 7.5975e+01	 1.1381e+00
4.2229e-01	 9.9575e-01	 7.5950e+01	 1.0905e+00	 7.5950e+01	 1.1377e+00
4.2275e-01	 9.9577e-01	 7.5925e+01	 1.0905e+00	 7.5925e+01	 1.1373e+00
4.2321e-01	 9.9577e-01	 7.5900e+01	 1.0904e+00	 7.5900e+01	 1.1372e+00
4.2368e-01	 9.9579e-01	 7.5875e+01	 1.0904e+00	 7.5875e+01	 1.1375e+00
4.2414e-01	 9.9579e-01	 7.5850e+01	 1.0904e+00	 7.5850e+01	 1.1377e+00
4.2460e-01	 9.9580e-01	 7.5825e+01	 1.0903e+00	 7.5825e+01	 1.1381e+00
4.2507e-01	 9.9581e-01	 7.5800e+01	 1.0903e+00	 7.5800e+01	 1.1381e+00
4.2553e-01	 9.9581e-01	 7.5775e+01	 1.0903e+00	 7.5775e+01	 1.1379e+00
4.2600e-01	 9.9582e-01	 7.5750e+01	 1.0902e+00	 7.5750e+01	 1.1375e+00
4.2646e-01	 9.9582e-01	 7.5724e+01	 1.0902e+00	 7.5724e+01	 1.1368e+00
4.2693e-01	 9.9584e-01	 7.5699e+01	 1.0902e+00	 7.5699e+01	 1.1365e+00
4.2740e-01	 9.9585e-01	 7.5674e+01	 1.0901e+00	 7.5674e+01	 1.1362e+00
4.2787e-01	 9.9589e-01	 7.5649e+01	 1.0901e+00	 7.5649e+01	 1.1364e+00
4.2833e-01	 9.9592e-01	 7.5623e+01	 1.0901e+00	 7.5623e+01	 1.1367e+00
4.2880e-01	 9.9597e-01	 7.5598e+01	 1.0900e+00	 7.5598e+01	 1.1369e+00
4.2927e-01	 9.9602e-01	 7.5573e+01	 1.0900e+00	 7.5573e+01	 1.1371e+00
4.2974e-01	 9.9606e-01	 7.5547e+01	 1.0900e+00	 7.5547e+01	 1.1367e+00
4.3021e-01	 9.9612e-01	 7.5522e+01	 1.0899e+00	 7.5522e+01	 1.1364e+00
4.3068e-01	 9.9616e-01	 7.5497e+01	 1.0899e+00	 7.5497e+01	 1.1359e+00
4.3115e-01	 9.9622e-01	 7.5471e+01	 1.0899e+00	 7.5471e+01	 1.1355e+00
4.3162e-01	 9.9626e-01	 7.5446e+01	 1.0898e+00	 7.5446e+01	 1.1355e+00
4.3209e-01	 9.9630e-01	 7.5420e+01	 1.0898e+00	 7.5420e+01	 1.1356e+00
4.3256e-01	 9.9635e-01	 7.5395e+01	 1.0898e+00	 7.5395e+01	 1.1360e+00
4.3303e-01	 9.9637e-01	 7.5369e+01	 1.0897e+00	 7.5369e+01	 1.1363e+00
4.3350e-01	 9.9641e-01	 7.5344e+01	 1.0897e+00	 7.5344e+01	 1.1364e+00
4.3398e-01	 9.9643e-01	 7.5318e+01	 1.0897e+00	 7.5318e+01	 1.1362e+00
4.3445e-01	 9.9645e-01	 7.5293e+01	 1.0896e+00	 7.5293e+01	 1.1357e+00
4.3492e-01	 9.9647e-01	 7.5267e+01	 1.0896e+00	 7.5267e+01	 1.1353e+00
4.3540e-01	 9.9648e-01	 7.5242e+01	 1.0896e+00	 7.5242e+01	 1.1349e+00
4.3587e-01	 9.9650e-01	 7.5216e+01	 1.0895e+00	 7.5216e+01	 1.1348e+00
4.3634e-01	 9.9651e-01	 7.5190e+01	 1.0895e+00	 7.5190e+01	 1.1350e+00
4.3682e-01	 9.9653e-01	 7.5165e+01	 1.0895e+00	 7.5165e+01	 1.1352e+00
4.3729e-01	 9.9654e-01	 7.5139e+01	 1.0894e+00	 7.5139e+01	 1.1355e+00
4.3777e-01	 9.9656e-01	 7.5113e+01	 1.0894e+00	 7.5113e+01	 1.1355e+00
4.3825e-01	 9.9656e-01	 7.5087e+01	 1.0894e+00	 7.5087e+01	 1.1353e+00
4.3872e-01	 9.9657e-01	 7.5062e+01	 1.0893e+00	 7.5062e+01	 1.1348e+00
4.3920e-01	 9.9658e-01	 7.5036e+01	 1.0893e+00	 7.5036e+01	 1.1342e+00
4.3968e-01	 9.9658e-01	 7.5010e+01	 1.0893e+00	 7.5010e+01	 1.1339e+00
4.4016e-01	 9.9659e-01	 7.4984e+01	 1.0892e+00	 7.4984e+01	 1.1337e+00
4.4064e-01	 9.9658e-01	 7.4958e+01	 1.0892e+00	 7.4958e+01	 1.1340e+00
4.4111e-01	 9.9659e-01	 7.4932e+01	 1.0892e+00	 7.4932e+01	 1.1343e+00
4.4159e-01	 9.9658e-01	 7.4907e+01	 1.0891e+00	 7.4907e+01	 1.1346e+00
4.4207e-01	 9.9658e-01	 7.4881e+01	 1.0891e+00	 7.4881e+01	 1.1347e+00
4.4255e-01	 9.9657e-01	 7.4855e+01	 1.0891e+00	 7.4855e+01	 1.1343e+00
4.4304e-01	 9.9655e-01	 7.4829e+01	 1.0890e+00	 7.4829e+01	 1.1341e+00
4.4352e-01	 9.9654e-01	 7.4803e+01	 1.0890e+00	 7.4803e+01	 1.1335e+00
4.4400e-01	 9.9651e-01	 7.4777e+01	 1.0890e+00	 7.4777e+01	 1.1332e+00
4.4448e-01	 9.9649e-01	 7.4751e+01	 1.0889e+00	 7.4751e+01	 1.1331e+00
4.4496e-01	 9.9645e-01	 7.4725e+01	 1.0889e+00	 7.4725e+01	 1.1333e+00
4.4545e-01	 9.9641e-01	 7.4699e+01	 1.0889e+00	 7.4699e+01	 1.1338e+00
4.4593e-01	 9.9636e-01	 7.4672e+01	 1.0888e+00	 7.4672e+01	 1.1341e+00
4.4642e-01	 9.9631e-01	 7.4646e+01	 1.0888e+00	 7.4646e+01	 1.1344e+00
4.4690e-01	 9.9627e-01	 7.4620e+01	 1.0888e+00	 7.4620e+01	 1.1342e+00
4.4738e-01	 9.9622e-01	 7.4594e+01	 1.0887e+00	 7.4594e+01	 1.1339e+00
4.4787e-01	 9.9618e-01	 7.4568e+01	 1.0887e+00	 7.4568e+01	 1.1337e+00
4.4836e-01	 9.9614e-01	 7.4542e+01	 1.0887e+00	 7.4542e+01	 1.1334e+00
4.4884e-01	 9.9611e-01	 7.4515e+01	 1.0886e+00	 7.4515e+01	 1.1336e+00
4.4933e-01	 9.9609e-01	 7.4489e+01	 1.0886e+00	 7.4489e+01	 1.1339e+00
4.4982e-01	 9.9607e-01	 7.4463e+01	 1.0886e+00	 7.4463e+01	 1.1344e+00
4.5031e-01	 9.9608e-01	 7.4437e+01	 1.0885e+00	 7.4437e+01	 1.1349e+00
4.5080e-01	 9.9607e-01	 7.4410e+01	 1.0885e+00	 7.4410e+01	 1.1350e+00
4.5128e-01	 9.9609e-01	 7.4384e+01	 1.0885e+00	 7.4384e+01	 1.1350e+00
4.5177e-01	 9.9610e-01	 7.4358e+01	 1.0884e+00	 7.4358e+01	 1.1345e+00
4.5226e-01	 9.9612e-01	 7.4331e+01	 1.0884e+00	 7.4331e+01	 1.1342e+00
4.5275e-01	 9.9615e-01	 7.4305e+01	 1.0884e+00	 7.4305e+01	 1.1339e+00
4.5324e-01	 9.9617e-01	 7.4278e+01	 1.0883e+00	 7.4278e+01	 1.1338e+00
4.5373e-01	 9.9621e-01	 7.4252e+01	 1.0883e+00	 7.4252e+01	 1.1342e+00
4.5422e-01	 9.9624e-01	 7.4226e+01	 1.0882e+00	 7.4226e+01	 1.1345e+00
4.5472e-01	 9.9628e-01	 7.4199e+01	 1.0882e+00	 7.4199e+01	 1.1349e+00
4.5521e-01	 9.9631e-01	 7.4173e+01	 1.0882e+00	 7.4173e+01	 1.1349e+00
4.5570e-01	 9.9635e-01	 7.4146e+01	 1.0881e+00	 7.4146e+01	 1.1347e+00
4.5620e-01	 9.9639e-01	 7.4120e+01	 1.0881e+00	 7.4120e+01	 1.1344e+00
4.5669e-01	 9.9642e-01	 7.4093e+01	 1.0881e+00	 7.4093e+01	 1.1338e+00
4.5719e-01	 9.9646e-01	 7.4067e+01	 1.0880e+00	 7.4067e+01	 1.1336e+00
4.5768e-01	 9.9649e-01	 7.4040e+01	 1.0880e+00	 7.4040e+01	 1.1335e+00
4.5817e-01	 9.9652e-01	 7.4013e+01	 1.0880e+00	 7.4013e+01	 1.1337e+00
4.5867e-01	 9.9653e-01	 7.3987e+01	 1.0879e+00	 7.3987e+01	 1.1341e+00
4.5917e-01	 9.9655e-01	 7.3960e+01	 1.0879e+00	 7.3960e+01	 1.1342e+00
4.5966e-01	 9.9654e-01	 7.3933e+01	 1.0879e+00	 7.3933e+01	 1.1344e+00
4.6016e-01	 9.9653e-01	 7.3907e+01	 1.0878e+00	 7.3907e+01	 1.1340e+00
4.6066e-01	 9.9651e-01	 7.3880e+01	 1.0878e+00	 7.3880e+01	 1.1336e+00
4.6116e-01	 9.9647e-01	 7.3853e+01	 1.0877e+00	 7.3853e+01	 1.1331e+00
4.6166e-01	 9.9645e-01	 7.3826e+01	 1.0877e+00	 7.3826e+01	 1.1326e+00
4.6215e-01	 9.9640e-01	 7.3800e+01	 1.0877e+00	 7.3800e+01	 1.1327e+00
4.6265e-01	 9.9635e-01	 7.3773e+01	 1.0876e+00	 7.3773e+01	 1.1328e+00
4.6315e-01	 9.9630e-01	 7.3746e+01	 1.0876e+00	 7.3746e+01	 1.1333e+00
4.6365e-01	 9.9625e-01	 7.3719e+01	 1.0875e+00	 7.3719e+01	 1.1336e+00
4.6415e-01	 9.9620e-01	 7.3692e+01	 1.0875e+00	 7.3692e+01	 1.1337e+00
4.6466e-01	 9.9614e-01	 7.3666e+01	 1.0875e+00	 7.3666e+01	 1.1337e+00
4.6516e-01	 9.9610e-01	 7.3639e+01	 1.0874e+00	 7.3639e+01	 1.1332e+00
4.6566e-01	 9.9606e-01	 7.3612e+01	 1.0874e+00	 7.3612e+01	 1.1330e+00
4.6616e-01	 9.9603e-01	 7.3585e+01	 1.0873e+00	 7.3585e+01	 1.1327e+00
4.6667e-01	 9.9599e-01	 7.3558e+01	 1.0873e+00	 7.3558e+01	 1.1328e+00
4.6717e-01	 9.9596e-01	 7.3531e+01	 1.0872e+00	 7.3531e+01	 1.1332e+00
4.6767e-01	 9.9595e-01	 7.3504e+01	 1.0872e+00	 7.3504e+01	 1.1336e+00
4.6818e-01	 9.9592e-01	 7.3477e+01	 1.0872e+00	 7.3477e+01	 1.1341e+00
4.6868e-01	 9.9593e-01	 7.3450e+01	 1.0871e+00	 7.3450e+01	 1.1341e+00
4.6919e-01	 9.9592e-01	 7.3423e+01	 1.0871e+00	 7.3423e+01	 1.1340e+00
4.6969e-01	 9.9594e-01	 7.3396e+01	 1.0870e+00	 7.3396e+01	 1.1336e+00
4.7020e-01	 9.9595e-01	 7.3369e+01	 1.0870e+00	 7.3369e+01	 1.1332e+00
4.7071e-01	 9.9597e-01	 7.3342e+01	 1.0869e+00	 7.3342e+01	 1.1331e+00
4.7121e-01	 9.9600e-01	 7.3315e+01	 1.0869e+00	 7.3315e+01	 1.1330e+00
4.7172e-01	 9.9602e-01	 7.3288e+01	 1.0868e+00	 7.3288e+01	 1.1334e+00
4.7223e-01	 9.9606e-01	 7.3261e+01	 1.0868e+00	 7.3261e+01	 1.1338e+00
4.7274e-01	 9.9607e-01	 7.3234e+01	 1.0868e+00	 7.3234e+01	 1.1341e+00
4.7325e-01	 9.9610e-01	 7.3206e+01	 1.0867e+00	 7.3206e+01	 1.1343e+00
4.7376e-01	 9.9612e-01	 7.3179e+01	 1.0867e+00	 7.3179e+01	 1.1340e+00
4.7427e-01	 9.9614e-01	 7.3152e+01	 1.0866e+00	 7.3152e+01	 1.1337e+00
4.7478e-01	 9.9616e-01	 7.3125e+01	 1.0866e+00	 7.3125e+01	 1.1331e+00
4.7529e-01	 9.9616e-01	 7.3098e+01	 1.0865e+00	 7.3098e+01	 1.1328e+00
4.7580e-01	 9.9618e-01	 7.3070e+01	 1.0865e+00	 7.3070e+01	 1.1329e+00
4.7631e-01	 9.9618e-01	 7.3043e+01	 1.0864e+00	 7.3043e+01	 1.1330e+00
4.7682e-01	 9.9619e-01	 7.3016e+01	 1.0864e+00	 7.3016e+01	 1.1335e+00
4.7734e-01	 9.9619e-01	 7.2989e+01	 1.0863e+00	 7.2989e+01	 1.1337e+00
4.7785e-01	 9.9620e-01	 7.2961e+01	 1.0863e+00	 7.2961e+01	 1.1338e+00
4.7836e-01	 9.9622e-01	 7.2934e+01	 1.0862e+00	 7.2934e+01	 1.1336e+00
4.7888e-01	 9.9623e-01	 7.2906e+01	 1.0862e+00	 7.2906e+01	 1.1332e+00
4.7939e-01	 9.9626e-01	 7.2879e+01	 1.0861e+00	 7.2879e+01	 1.1329e+00
4.7991e-01	 9.9627e-01	 7.2852e+01	 1.0861e+00	 7.2852e+01	 1.1325e+00
4.8042e-01	 9.9631e-01	 7.2824e+01	 1.0860e+00	 7.2824e+01	 1.1327e+00
4.8094e-01	 9.9634e-01	 7.2797e+01	 1.0860e+00	 7.2797e+01	 1.1330e+00
4.8146e-01	 9.9637e-01	 7.2769e+01	 1.0859e+00	 7.2769e+01	 1.1335e+00
4.8197e-01	 9.9641e-01	 7.2742e+01	 1.0859e+00	 7.2742e+01	 1.1339e+00
4.8249e-01	 9.9643e-01	 7.2715e+01	 1.0858e+00	 7.2715e+01	 1.1339e+00
4.8301e-01	 9.9645e-01	 7.2687e+01	 1.0858e+00	 7.2687e+01	 1.1339e+00
4.8353e-01	 9.9646e-01	 7.2660e+01	 1.0857e+00	 7.2660e+01	 1.1334e+00
4.8405e-01	 9.9648e-01	 7.2632e+01	 1.0857e+00	 7.2632e+01	 1.1331e+00
4.8456e-01	 9.9647e-01	 7.2604e+01	 1.0857e+00	 7.2604e+01	 1.1328e+00
4.8508e-01	 9.9647e-01	 7.2577e+01	 1.0856e+00	 7.2577e+01	 1.1328e+00
4.8560e-01	 9.9646e-01	 7.2549e+01	 1.0855e+00	 7.2549e+01	 1.1331e+00
4.8612e-01	 9.9644e-01	 7.2522e+01	 1.0855e+00	 7.2522e+01	 1.1334e+00
4.8665e-01	 9.9643e-01	 7.2494e+01	 1.0855e+00	 7.2494e+01	 1.1337e+00
4.8717e-01	 9.9640e-01	 7.2467e+01	 1.0854e+00	 7.2467e+01	 1.1337e+00
4.8769e-01	 9.9638e-01	 7.2439e+01	 1.0854e+00	 7.2439e+01	 1.1334e+00
4.8821e-01	 9.9635e-01	 7.2411e+01	 1.0853e+00	 7.2411e+01	 1.1330e+00
4.8874e-01	 9.9632e-01	 7.2384e+01	 1.0853e+00	 7.2384e+01	 1.1324e+00
4.8926e-01	 9.9629e-01	 7.2356e+01	 1.0852e+00	 7.2356e+01	 1.1321e+00
4.8978e-01	 9.9625e-01	 7.2328e+01	 1.0852e+00	 7.2328e+01	 1.1320e+00
4.9031e-01	 9.9622e-01	 7.2301e+01	 1.0852e+00	 7.2301e+01	 1.1322e+00
4.9083e-01	 9.9618e-01	 7.2273e+01	 1.0851e+00	 7.2273e+01	 1.1326e+00
4.9136e-01	 9.9615e-01	 7.2245e+01	 1.0851e+00	 7.2245e+01	 1.1327e+00
4.9189e-01	 9.9611e-01	 7.2217e+01	 1.0850e+00	 7.2217e+01	 1.1327e+00
4.9241e-01	 9.9609e-01	 7.2190e+01	 1.0850e+00	 7.2190e+01	 1.1323e+00
4.9294e-01	 9.9606e-01	 7.2162e+01	 1.0849e+00	 7.2162e+01	 1.1318e+00
4.9347e-01	 9.9604e-01	 7.2134e+01	 1.0849e+00	 7.2134e+01	 1.1313e+00
4.9399e-01	 9.9603e-01	 7.2106e+01	 1.0849e+00	 7.2106e+01	 1.1307e+00
4.9452e-01	 9.9601e-01	 7.2078e+01	 1.0848e+00	 7.2078e+01	 1.1307e+00
4.9505e-01	 9.9601e-01	 7.2050e+01	 1.0848e+00	 7.2050e+01	 1.1308e+00
4.9558e-01	 9.9599e-01	 7.2022e+01	 1.0847e+00	 7.2022e+01	 1.1311e+00
4.9611e-01	 9.9599e-01	 7.1995e+01	 1.0847e+00	 7.1995e+01	 1.1313e+00
4.9664e-01	 9.9599e-01	 7.1967e+01	 1.0847e+00	 7.1967e+01	 1.1311e+00
4.9717e-01	 9.9599e-01	 7.1939e+01	 1.0846e+00	 7.1939e+01	 1.1308e+00
4.9770e-01	 9.9600e-01	 7.1911e+01	 1.0846e+00	 7.1911e+01	 1.1302e+00
4.9823e-01	 9.9599e-01	 7.1883e+01	 1.0845e+00	 7.1883e+01	 1.1297e+00
4.9877e-01	 9.9601e-01	 7.1855e+01	 1.0845e+00	 7.1855e+01	 1.1293e+00
4.9930e-01	 9.9601e-01	 7.1827e+01	 1.0845e+00	 7.1827e+01	 1.1292e+00
4.9983e-01	 9.9603e-01	 7.1799e+01	 1.0844e+00	 7.1799e+01	 1.1294e+00
5.0037e-01	 9.9605e-01	 7.1771e+01	 1.0844e+00	 7.1771e+01	 1.1296e+00
5.0090e-01	 9.9607e-01	 7.1743e+01	 1.0844e+00	 7.1743e+01	 1.1299e+00
5.0144e-01	 9.9611e-01	 7.1715e+01	 1.0843e+00	 7.1715e+01	 1.1298e+00
5.0197e-01	 9.9614e-01	 7.1687e+01	 1.0843e+00	 7.1687e+01	 1.1295e+00
5.0251e-01	 9.9618e-01	 7.1659e+01	 1.0843e+00	 7.1659e+01	 1.1291e+00
5.0304e-01	 9.9621e-01	 7.1631e+01	 1.0842e+00	 7.1631e+01	 1.1285e+00
5.0358e-01	 9.9626e-01	 7.1603e+01	 1.0842e+00	 7.1603e+01	 1.1283e+00
5.0412e-01	 9.9629e-01	 7.1575e+01	 1.0841e+00	 7.1575e+01	 1.1282e+00
5.0466e-01	 9.9632e-01	 7.1547e+01	 1.0841e+00	 7.1547e+01	 1.1285e+00
5.0520e-01	 9.9635e-01	 7.1518e+01	 1.0841e+00	 7.1518e+01	 1.1289e+00
5.0574e-01	 9.9637e-01	 7.1490e+01	 1.0840e+00	 7.1490e+01	 1.1290e+00
5.0627e-01	 9.9640e-01	 7.1462e+01	 1.0840e+00	 7.1462e+01	 1.1292e+00
5.0681e-01	 9.9641e-01	 7.1434e+01	 1.0840e+00	 7.1434e+01	 1.1287e+00
5.0735e-01	 9.9643e-01	 7.1406e+01	 1.0839e+00	 7.1406e+01	 1.1283e+00
5.0789e-01	 9.9644e-01	 7.1378e+01	 1.0839e+00	 7.1378e+01	 1.1278e+00
5.0844e-01	 9.9646e-01	 7.1349e+01	 1.0839e+00	 7.1349e+01	 1.1274e+00
5.0898e-01	 9.9647e-01	 7.1321e+01	 1.0838e+00	 7.1321e+01	 1.1275e+00
5.0952e-01	 9.9647e-01	 7.1293e+01	 1.0838e+00	 7.1293e+01	 1.1276e+00
5.1006e-01	 9.9649e-01	 7.1265e+01	 1.0838e+00	 7.1265e+01	 1.1280e+00
5.1061e-01	 9.9648e-01	 7.1236e+01	 1.0837e+00	 7.1236e+01	 1.1282e+00
5.1115e-01	 9.9649e-01	 7.1208e+01	 1.0837e+00	 7.1208e+01	 1.1282e+00
5.1170e-01	 9.9647e-01	 7.1180e+01	 1.0836e+00	 7.1180e+01	 1.1279e+00
5.1224e-01	 9.9646e-01	 7.1152e+01	 1.0836e+00	 7.1152e+01	 1.1273e+00
5.1279e-01	 9.9644e-01	 7.1123e+01	 1.0836e+00	 7.1123e+01	 1.1270e+00
5.1333e-01	 9.9641e-01	 7.1095e+01	 1.0835e+00	 7.1095e+01	 1.1266e+00
5.1388e-01	 9.9640e-01	 7.1067e+01	 1.0835e+00	 7.1067e+01	 1.1267e+00
5.1443e-01	 9.9636e-01	 7.1038e+01	 1.0835e+00	 7.1038e+01	 1.1270e+00
5.1498e-01	 9.9634e-01	 7.1010e+01	 1.0834e+00	 7.1010e+01	 1.1273e+00
5.1552e-01	 9.9631e-01	 7.0981e+01	 1.0834e+00	 7.0981e+01	 1.1276e+00
5.1607e-01	 9.9628e-01	 7.0953e+01	 1.0834e+00	 7.0953e+01	 1.1275e+00
5.1662e-01	 9.9626e-01	 7.0925e+01	 1.0833e+00	 7.0925e+01	 1.1273e+00
5.1717e-01	 9.9623e-01	 7.0896e+01	 1.0833e+00	 7.0896e+01	 1.1268e+00
5.1772e-01	 9.9622e-01	 7.0868e+01	 1.0833e+00	 7.0868e+01	 1.1262e+00
5.1827e-01	 9.9619e-01	 7.0839e+01	 1.0832e+00	 7.0839e+01	 1.1261e+00
5.1882e-01	 9.9619e-01	 7.0811e+01	 1.0832e+00	 7.0811e+01	 1.1260e+00
5.1937e-01	 9.9616e-01	 7.0782e+01	 1.0832e+00	 7.0782e+01	 1.1264e+00
5.1992e-01	 9.9615e-01	 7.0754e+01	 1.0831e+00	 7.0754e+01	 1.1268e+00
5.2048e-01	 9.9613e-01	 7.0725e+01	 1.0831e+00	 7.0725e+01	 1.1271e+00
5.2103e-01	 9.9610e-01	 7.0697e+01	 1.0831e+00	 7.0697e+01	 1.1272e+00
5.2158e-01	 9.9609e-01	 7.0668e+01	 1.0830e+00	 7.0668e+01	 1.1269e+00
5.2214e-01	 9.9606e-01	 7.0640e+01	 1.0830e+00	 7.0640e+01	 1.1266e+00
5.2269e-01	 9.9606e-01	 7.0611e+01	 1.0830e+00	 7.0611e+01	 1.1262e+00
5.2325e-01	 9.9603e-01	 7.0583e+01	 1.0829e+00	 7.0583e+01	 1.1261e+00
5.2380e-01	 9.9602e-01	 7.0554e+01	 1.0829e+00	 7.0554e+01	 1.1263e+00
5.2436e-01	 9.9600e-01	 7.0526e+01	 1.0829e+00	 7.0526e+01	 1.1267e+00
5.2491e-01	 9.9598e-01	 7.0497e+01	 1.0828e+00	 7.0497e+01	 1.1273e+00
5.2547e-01	 9.9597e-01	 7.0469e+01	 1.0828e+00	 7.0469e+01	 1.1276e+00
5.2603e-01	 9.9594e-01	 7.0440e+01	 1.0828e+00	 7.0440e+01	 1.1279e+00
5.2659e-01	 9.9593e-01	 7.0411e+01	 1.0827e+00	 7.0411e+01	 1.1277e+00
5.2715e-01	 9.9590e-01	 7.0383e+01	 1.0827e+00	 7.0383e+01	 1.1274e+00
5.2770e-01	 9.9588e-01	 7.0354e+01	 1.0827e+00	 7.0354e+01	 1.1272e+00
5.2826e-01	 9.9584e-01	 7.0325e+01	 1.0826e+00	 7.0325e+01	 1.1269e+00
5.2882e-01	 9.9581e-01	 7.0297e+01	 1.0826e+00	 7.0297e+01	 1.1272e+00
5.2938e-01	 9.9579e-01	 7.0268e+01	 1.0826e+00	 7.0268e+01	 1.1275e+00
5.2995e-01	 9.9575e-01	 7.0239e+01	 1.0825e+00	 7.0239e+01	 1.1279e+00
5.3051e-01	 9.9574e-01	 7.0211e+01	 1.0825e+00	 7.0211e+01	 1.1283e+00
5.3107e-01	 9.9571e-01	 7.0182e+01	 1.0825e+00	 7.0182e+01	 1.1282e+00
5.3163e-01	 9.9571e-01	 7.0153e+01	 1.0824e+00	 7.0153e+01	 1.1280e+00
5.3219e-01	 9.9572e-01	 7.0124e+01	 1.0824e+00	 7.0124e+01	 1.1274e+00
5.3276e-01	 9.9574e-01	 7.0096e+01	 1.0824e+00	 7.0096e+01	 1.1270e+00
5.3332e-01	 9.9578e-01	 7.0067e+01	 1.0823e+00	 7.0067e+01	 1.1267e+00
5.3389e-01	 9.9582e-01	 7.0038e+01	 1.0823e+00	 7.0038e+01	 1.1266e+00
5.3445e-01	 9.9589e-01	 7.0009e+01	 1.0823e+00	 7.0009e+01	 1.1269e+00
5.3502e-01	 9.9596e-01	 6.9981e+01	 1.0822e+00	 6.9981e+01	 1.1271e+00
5.3558e-01	 9.9605e-01	 6.9952e+01	 1.0822e+00	 6.9952e+01	 1.1273e+00
5.3615e-01	 9.9613e-01	 6.9923e+01	 1.0821e+00	 6.9923e+01	 1.1272e+00
5.3672e-01	 9.9623e-01	 6.9894e+01	 1.0821e+00	 6.9894e+01	 1.1268e+00
5.3729e-01	 9.9633e-01	 6.9865e+01	 1.0821e+00	 6.9865e+01	 1.1263e+00
5.3786e-01	 9.9643e-01	 6.9837e+01	 1.0820e+00	 6.9837e+01	 1.1257e+00
5.3843e-01	 9.9654e-01	 6.9808e+01	 1.0820e+00	 6.9808e+01	 1.1255e+00
5.3899e-01	 9.9663e-01	 6.9779e+01	 1.0820e+00	 6.9779e+01	 1.1254e+00
5.3956e-01	 9.9674e-01	 6.9750e+01	 1.0819e+00	 6.9750e+01	 1.1257e+00
5.4013e-01	 9.9683e-01	 6.9721e+01	 1.0819e+00	 6.9721e+01	 1.1260e+00
5.4070e-01	 9.9693e-01	 6.9692e+01	 1.0818e+00	 6.9692e+01	 1.1261e+00
5.4128e-01	 9.9702e-01	 6.9663e+01	 1.0818e+00	 6.9663e+01	 1.1261e+00
5.4185e-01	 9.9708e-01	 6.9634e+01	 1.0817e+00	 6.9634e+01	 1.1257e+00
5.4242e-01	 9.9716e-01	 6.9605e+01	 1.0817e+00	 6.9605e+01	 1.1252e+00
5.4299e-01	 9.9720e-01	 6.9576e+01	 1.0816e+00	 6.9576e+01	 1.1247e+00
5.4357e-01	 9.9725e-01	 6.9547e+01	 1.0816e+00	 6.9547e+01	 1.1244e+00
5.4414e-01	 9.9727e-01	 6.9519e+01	 1.0816e+00	 6.9519e+01	 1.1245e+00
5.4471e-01	 9.9729e-01	 6.9490e+01	 1.0815e+00	 6.9490e+01	 1.1247e+00
5.4529e-01	 9.9729e-01	 6.9461e+01	 1.0815e+00	 6.9461e+01	 1.1251e+00
5.4587e-01	 9.9727e-01	 6.9432e+01	 1.0814e+00	 6.9432e+01	 1.1252e+00
5.4644e-01	 9.9726e-01	 6.9403e+01	 1.0814e+00	 6.9403e+01	 1.1251e+00
5.4702e-01	 9.9721e-01	 6.9374e+01	 1.0813e+00	 6.9374e+01	 1.1248e+00
5.4760e-01	 9.9718e-01	 6.9345e+01	 1.0813e+00	 6.9345e+01	 1.1241e+00
5.4817e-01	 9.9713e-01	 6.9316e+01	 1.0813e+00	 6.9316e+01	 1.1237e+00
5.4875e-01	 9.9708e-01	 6.9287e+01	 1.0812e+00	 6.9287e+01	 1.1234e+00
5.4933e-01	 9.9703e-01	 6.9258e+01	 1.0812e+00	 6.9258e+01	 1.1234e+00
5.4991e-01	 9.9697e-01	 6.9228e+01	 1.0811e+00	 6.9228e+01	 1.1236e+00
5.5049e-01	 9.9692e-01	 6.9199e+01	 1.0811e+00	 6.9199e+01	 1.1238e+00
5.5107e-01	 9.9685e-01	 6.9170e+01	 1.0810e+00	 6.9170e+01	 1.1241e+00
5.5165e-01	 9.9680e-01	 6.9141e+01	 1.0810e+00	 6.9141e+01	 1.1239e+00
5.5224e-01	 9.9673e-01	 6.9112e+01	 1.0809e+00	 6.9112e+01	 1.1236e+00
5.5282e-01	 9.9667e-01	 6.9083e+01	 1.0809e+00	 6.9083e+01	 1.1231e+00
5.5340e-01	 9.9661e-01	 6.9054e+01	 1.0808e+00	 6.9054e+01	 1.1225e+00
5.5398e-01	 9.9655e-01	 6.9025e+01	 1.0808e+00	 6.9025e+01	 1.1224e+00
5.5457e-01	 9.9651e-01	 6.8996e+01	 1.0807e+00	 6.8996e+01	 1.1223e+00
5.5515e-01	 9.9645e-01	 6.8967e+01	 1.0807e+00	 6.8967e+01	 1.1227e+00
5.5574e-01	 9.9643e-01	 6.8937e+01	 1.0806e+00	 6.8937e+01	 1.1230e+00
5.5632e-01	 9.9639e-01	 6.8908e+01	 1.0806e+00	 6.8908e+01	 1.1231e+00
5.5691e-01	 9.9638e-01	 6.8879e+01	 1.0806e+00	 6.8879e+01	 1.1231e+00
5.5749e-01	 9.9637e-01	 6.8850e+01	 1.0805e+00	 6.8850e+01	 1.1225e+00
5.5808e-01	 9.9636e-01	 6.8821e+01	 1.0805e+00	 6.8821e+01	 1.1221e+00
5.5867e-01	 9.9637e-01	 6.8792e+01	 1.0804e+00	 6.8792e+01	 1.1215e+00
5.5926e-01	 9.9636e-01	 6.8762e+01	 1.0804e+00	 6.8762e+01	 1.1213e+00
5.5985e-01	 9.9637e-01	 6.8733e+01	 1.0803e+00	 6.8733e+01	 1.1213e+00
5.6044e-01	 9.9637e-01	 6.8704e+01	 1.0803e+00	 6.8704e+01	 1.1215e+00
5.6103e-01	 9.9637e-01	 6.8675e+01	 1.0802e+00	 6.8675e+01	 1.1220e+00
5.6162e-01	 9.9637e-01	 6.8645e+01	 1.0802e+00	 6.8645e+01	 1.1221e+00
5.6221e-01	 9.9637e-01	 6.8616e+01	 1.0801e+00	 6.8616e+01	 1.1222e+00
5.6280e-01	 9.9638e-01	 6.8587e+01	 1.0801e+00	 6.8587e+01	 1.1219e+00
5.6339e-01	 9.9636e-01	 6.8558e+01	 1.0801e+00	 6.8558e+01	 1.1214e+00
5.6398e-01	 9.9636e-01	 6.8528e+01	 1.0800e+00	 6.8528e+01	 1.1211e+00
5.6458e-01	 9.9634e-01	 6.8499e+01	 1.0800e+00	 6.8499e+01	 1.1208e+00
5.6517e-01	 9.9632e-01	 6.8470e+01	 1.0799e+00	 6.8470e+01	 1.1211e+00
5.6576e-01	 9.9629e-01	 6.8441e+01	 1.0799e+00	 6.8441e+01	 1.1214e+00
5.6636e-01	 9.9625e-01	 6.8411e+01	 1.0798e+00	 6.8411e+01	 1.1218e+00
5.6695e-01	 9.9621e-01	 6.8382e+01	 1.0798e+00	 6.8382e+01	 1.1222e+00
5.6755e-01	 9.9615e-01	 6.8353e+01	 1.0797e+00	 6.8353e+01	 1.1220e+00
5.6815e-01	 9.9609e-01	 6.8323e+01	 1.0797e+00	 6.8323e+01	 1.1219e+00
5.6874e-01	 9.9602e-01	 6.8294e+01	 1.0796e+00	 6.8294e+01	 1.1213e+00
5.6934e-01	 9.9594e-01	 6.8265e+01	 1.0796e+00	 6.8265e+01	 1.1210e+00
5.6994e-01	 9.9586e-01	 6.8235e+01	 1.0795e+00	 6.8235e+01	 1.1209e+00
5.7054e-01	 9.9578e-01	 6.8206e+01	 1.0795e+00	 6.8206e+01	 1.1209e+00
5.7114e-01	 9.9571e-01	 6.8177e+01	 1.0794e+00	 6.8177e+01	 1.1215e+00
5.7174e-01	 9.9563e-01	 6.8147e+01	 1.0794e+00	 6.8147e+01	 1.1218e+00
5.7234e-01	 9.9558e-01	 6.8118e+01	 1.0794e+00	 6.8118e+01	 1.1221e+00
5.7294e-01	 9.9551e-01	 6.8089e+01	 1.0793e+00	 6.8089e+01	 1.1220e+00
5.7354e-01	 9.9546e-01	 6.8059e+01	 1.0793e+00	 6.8059e+01	 1.1217e+00
5.7414e-01	 9.9541e-01	 6.8030e+01	 1.0792e+00	 6.8030e+01	 1.1214e+00
5.7474e-01	 9.9537e-01	 6.8000e+01	 1.0792e+00	 6.8000e+01	 1.1208e+00
5.7535e-01	 9.9534e-01	 6.7971e+01	 1.0791e+00	 6.7971e+01	 1.1208e+00
5.7595e-01	 9.9531e-01	 6.7942e+01	 1.0791e+00	 6.7942e+01	 1.1208e+00
5.7656e-01	 9.9529e-01	 6.7912e+01	 1.0790e+00	 6.7912e+01	 1.1212e+00
5.7716e-01	 9.9526e-01	 6.7883e+01	 1.0790e+00	 6.7883e+01	 1.1216e+00
5.7777e-01	 9.9525e-01	 6.7853e+01	 1.0789e+00	 6.7853e+01	 1.1218e+00
5.7837e-01	 9.9523e-01	 6.7824e+01	 1.0789e+00	 6.7824e+01	 1.1219e+00
5.7898e-01	 9.9521e-01	 6.7794e+01	 1.0788e+00	 6.7794e+01	 1.1215e+00
5.7959e-01	 9.9521e-01	 6.7765e+01	 1.0788e+00	 6.7765e+01	 1.1212e+00
5.8019e-01	 9.9520e-01	 6.7735e+01	 1.0787e+00	 6.7735e+01	 1.1209e+00
5.8080e-01	 9.9520e-01	 6.7706e+01	 1.0787e+00	 6.7706e+01	 1.1206e+00
5.8141e-01	 9.9519e-01	 6.7677e+01	 1.0786e+00	 6.7677e+01	 1.1210e+00
5.8202e-01	 9.9521e-01	 6.7647e+01	 1.0786e+00	 6.7647e+01	 1.1212e+00
5.8263e-01	 9.9521e-01	 6.7618e+01	 1.0785e+00	 6.7618e+01	 1.1218e+00
5.8324e-01	 9.9521e-01	 6.7588e+01	 1.0785e+00	 6.7588e+01	 1.1220e+00
5.8385e-01	 9.9523e-01	 6.7559e+01	 1.0784e+00	 6.7559e+01	 1.1219e+00
5.8447e-01	 9.9523e-01	 6.7529e+01	 1.0784e+00	 6.7529e+01	 1.1218e+00
5.8508e-01	 9.9526e-01	 6.7500e+01	 1.0783e+00	 6.7500e+01	 1.1212e+00
5.8569e-01	 9.9527e-01	 6.7470e+01	 1.0783e+00	 6.7470e+01	 1.1209e+00
5.8630e-01	 9.9530e-01	 6.7440e+01	 1.0782e+00	 6.7440e+01	 1.1207e+00
5.8692e-01	 9.9532e-01	 6.7411e+01	 1.0782e+00	 6.7411e+01	 1.1208e+00
5.8753e-01	 9.9536e-01	 6.7381e+01	 1.0781e+00	 6.7381e+01	 1.1213e+00
5.8815e-01	 9.9539e-01	 6.7352e+01	 1.0781e+00	 6.7352e+01	 1.1215e+00
5.8876e-01	 9.9542e-01	 6.7322e+01	 1.0780e+00	 6.7322e+01	 1.1219e+00
5.8938e-01	 9.9546e-01	 6.7293e+01	 1.0780e+00	 6.7293e+01	 1.1217e+00
5.9000e-01	 9.9548e-01	 6.7263e+01	 1.0779e+00	 6.7263e+01	 1.1214e+00
5.9061e-01	 9.9553e-01	 6.7234e+01	 1.0779e+00	 6.7234e+01	 1.1209e+00
5.9123e-01	 9.9556e-01	 6.7204e+01	 1.0778e+00	 6.7204e+01	 1.1204e+00
5.9185e-01	 9.9560e-01	 6.7175e+01	 1.0778e+00	 6.7175e+01	 1.1204e+00
5.9247e-01	 9.9564e-01	 6.7145e+01	 1.0777e+00	 6.7145e+01	 1.1203e+00
5.9309e-01	 9.9568e-01	 6.7115e+01	 1.0777e+00	 6.7115e+01	 1.1207e+00
5.9371e-01	 9.9572e-01	 6.7086e+01	 1.0776e+00	 6.7086e+01	 1.1210e+00
5.9433e-01	 9.9575e-01	 6.7056e+01	 1.0776e+00	 6.7056e+01	 1.1212e+00
5.9495e-01	 9.9580e-01	 6.7027e+01	 1.0775e+00	 6.7027e+01	 1.1212e+00
5.9557e-01	 9.9582e-01	 6.6997e+01	 1.0775e+00	 6.6997e+01	 1.1207e+00
5.9620e-01	 9.9585e-01	 6.6967e+01	 1.0774e+00	 6.6967e+01	 1.1204e+00
5.9682e-01	 9.9588e-01	 6.6938e+01	 1.0774e+00	 6.6938e+01	 1.1199e+00
5.9744e-01	 9.9590e-01	 6.6908e+01	 1.0773e+00	 6.6908e+01	 1.1198e+00
5.9807e-01	 9.9593e-01	 6.6878e+01	 1.0773e+00	 6.6878e+01	 1.1201e+00
5.9869e-01	 9.9593e-01	 6.6849e+01	 1.0772e+00	 6.6849e+01	 1.1203e+00
5.9932e-01	 9.9596e-01	 6.6819e+01	 1.0772e+00	 6.6819e+01	 1.1208e+00
5.9994e-01	 9.9597e-01	 6.6789e+01	 1.0771e+00	 6.6789e+01	 1.1210e+00
6.0057e-01	 9.9599e-01	 6.6760e+01	 1.0771e+00	 6.6760e+01	 1.1209e+00
6.0120e-01	 9.9600e-01	 6.6730e+01	 1.0771e+00	 6.6730e+01	 1.1206e+00
6.0182e-01	 9.9601e-01	 6.6700e+01	 1.0770e+00	 6.6700e+01	 1.1201e+00
6.0245e-01	 9.9603e-01	 6.6671e+01	 1.0770e+00	 6.6671e+01	 1.1198e+00
6.0308e-01	 9.9602e-01	 6.6641e+01	 1.0769e+00	 6.6641e+01	 1.1196e+00
6.0371e-01	 9.9603e-01	 6.6611e+01	 1.0769e+00	 6.6611e+01	 1.1198e+00
6.0434e-01	 9.9602e-01	 6.6582e+01	 1.0768e+00	 6.6582e+01	 1.1201e+00
6.0497e-01	 9.9601e-01	 6.6552e+01	 1.0768e+00	 6.6552e+01	 1.1204e+00
6.0560e-01	 9.9599e-01	 6.6522e+01	 1.0767e+00	 6.6522e+01	 1.1207e+00
6.0623e-01	 9.9596e-01	 6.6493e+01	 1.0767e+00	 6.6493e+01	 1.1205e+00
6.0687e-01	 9.9595e-01	 6.6463e+01	 1.0767e+00	 6.6463e+01	 1.1202e+00
6.0750e-01	 9.9592e-01	 6.6433e+01	 1.0766e+00	 6.6433e+01	 1.1197e+00
6.0813e-01	 9.9590e-01	 6.6403e+01	 1.0766e+00	 6.6403e+01	 1.1192e+00
6.0877e-01	 9.9588e-01	 6.6374e+01	 1.0766e+00	 6.6374e+01	 1.1192e+00
6.0940e-01	 9.9587e-01	 6.6344e+01	 1.0765e+00	 6.6344e+01	 1.1191e+00
6.1004e-01	 9.9586e-01	 6.6314e+01	 1.0765e+00	 6.6314e+01	 1.1196e+00
6.1067e-01	 9.9585e-01	 6.6285e+01	 1.0764e+00	 6.6285e+01	 1.1198e+00
6.1131e-01	 9.9586e-01	 6.6255e+01	 1.0764e+00	 6.6255e+01	 1.1199e+00
6.1195e-01	 9.9585e-01	 6.6225e+01	 1.0764e+00	 6.6225e+01	 1.1198e+00
6.1259e-01	 9.9587e-01	 6.6195e+01	 1.0764e+00	 6.6195e+01	 1.1193e+00
6.1323e-01	 9.9588e-01	 6.6166e+01	 1.0763e+00	 6.6166e+01	 1.1188e+00
6.1386e-01	 9.9590e-01	 6.6136e+01	 1.0763e+00	 6.6136e+01	 1.1183e+00
6.1450e-01	 9.9592e-01	 6.6106e+01	 1.0763e+00	 6.6106e+01	 1.1181e+00
6.1514e-01	 9.9594e-01	 6.6076e+01	 1.0762e+00	 6.6076e+01	 1.1181e+00
6.1578e-01	 9.9597e-01	 6.6047e+01	 1.0762e+00	 6.6047e+01	 1.1183e+00
6.1642e-01	 9.9599e-01	 6.6017e+01	 1.0762e+00	 6.6017e+01	 1.1187e+00
6.1706e-01	 9.9603e-01	 6.5987e+01	 1.0761e+00	 6.5987e+01	 1.1186e+00
6.1771e-01	 9.9606e-01	 6.5957e+01	 1.0761e+00	 6.5957e+01	 1.1185e+00
6.1835e-01	 9.9610e-01	 6.5927e+01	 1.0761e+00	 6.5927e+01	 1.1180e+00
6.1899e-01	 9.9614e-01	 6.5898e+01	 1.0761e+00	 6.5898e+01	 1.1174e+00
6.1964e-01	 9.9618e-01	 6.5868e+01	 1.0760e+00	 6.5868e+01	 1.1170e+00
6.2028e-01	 9.9624e-01	 6.5838e+01	 1.0760e+00	 6.5838e+01	 1.1166e+00
6.2093e-01	 9.9628e-01	 6.5808e+01	 1.0760e+00	 6.5808e+01	 1.1167e+00
6.2157e-01	 9.9634e-01	 6.5778e+01	 1.0759e+00	 6.5778e+01	 1.1169e+00
6.2222e-01	 9.9637e-01	 6.5749e+01	 1.0759e+00	 6.5749e+01	 1.1171e+00
6.2287e-01	 9.9643e-01	 6.5719e+01	 1.0759e+00	 6.5719e+01	 1.1172e+00
6.2351e-01	 9.9646e-01	 6.5689e+01	 1.0758e+00	 6.5689e+01	 1.1168e+00
6.2416e-01	 9.9649e-01	 6.5659e+01	 1.0758e+00	 6.5659e+01	 1.1164e+00
6.2481e-01	 9.9653e-01	 6.5629e+01	 1.0758e+00	 6.5629e+01	 1.1157e+00
6.2546e-01	 9.9654e-01	 6.5599e+01	 1.0758e+00	 6.5599e+01	 1.1152e+00
6.2611e-01	 9.9657e-01	 6.5570e+01	 1.0757e+00	 6.5570e+01	 1.1149e+00
6.2676e-01	 9.9658e-01	 6.5540e+01	 1.0757e+00	 6.5540e+01	 1.1149e+00
6.2741e-01	 9.9660e-01	 6.5510e+01	 1.0757e+00	 6.5510e+01	 1.1152e+00
6.2807e-01	 9.9661e-01	 6.5480e+01	 1.0756e+00	 6.5480e+01	 1.1153e+00
6.2872e-01	 9.9663e-01	 6.5450e+01	 1.0756e+00	 6.5450e+01	 1.1156e+00
6.2937e-01	 9.9666e-01	 6.5420e+01	 1.0756e+00	 6.5420e+01	 1.1153e+00
6.3003e-01	 9.9667e-01	 6.5390e+01	 1.0755e+00	 6.5390e+01	 1.1150e+00
6.3068e-01	 9.9671e-01	 6.5361e+01	 1.0755e+00	 6.5361e+01	 1.1146e+00
6.3133e-01	 9.9672e-01	 6.5331e+01	 1.0755e+00	 6.5331e+01	 1.1142e+00
6.3199e-01	 9.9676e-01	 6.5301e+01	 1.0754e+00	 6.5301e+01	 1.1144e+00
6.3265e-01	 9.9677e-01	 6.5271e+01	 1.0754e+00	 6.5271e+01	 1.1146e+00
6.3330e-01	 9.9679e-01	 6.5241e+01	 1.0754e+00	 6.5241e+01	 1.1152e+00
6.3396e-01	 9.9681e-01	 6.5211e+01	 1.0753e+00	 6.5211e+01	 1.1158e+00
6.3462e-01	 9.9681e-01	 6.5181e+01	 1.0753e+00	 6.5181e+01	 1.1160e+00
6.3528e-01	 9.9681e-01	 6.5152e+01	 1.0753e+00	 6.5152e+01	 1.1163e+00
6.3594e-01	 9.9678e-01	 6.5122e+01	 1.0752e+00	 6.5122e+01	 1.1160e+00
6.3660e-01	 9.9676e-01	 6.5092e+01	 1.0752e+00	 6.5092e+01	 1.1158e+00
6.3726e-01	 9.9672e-01	 6.5062e+01	 1.0752e+00	 6.5062e+01	 1.1156e+00
6.3792e-01	 9.9668e-01	 6.5032e+01	 1.0751e+00	 6.5032e+01	 1.1156e+00
6.3858e-01	 9.9664e-01	 6.5002e+01	 1.0751e+00	 6.5002e+01	 1.1160e+00
6.3924e-01	 9.9658e-01	 6.4972e+01	 1.0751e+00	 6.4972e+01	 1.1164e+00
6.3990e-01	 9.9654e-01	 6.4942e+01	 1.0750e+00	 6.4942e+01	 1.1169e+00
6.4057e-01	 9.9647e-01	 6.4912e+01	 1.0750e+00	 6.4912e+01	 1.1171e+00
6.4123e-01	 9.9642e-01	 6.4883e+01	 1.0749e+00	 6.4883e+01	 1.1170e+00
6.4190e-01	 9.9634e-01	 6.4853e+01	 1.0749e+00	 6.4853e+01	 1.1167e+00
6.4256e-01	 9.9628e-01	 6.4823e+01	 1.0749e+00	 6.4823e+01	 1.1162e+00
6.4323e-01	 9.9621e-01	 6.4793e+01	 1.0748e+00	 6.4793e+01	 1.1159e+00
6.4390e-01	 9.9614e-01	 6.4763e+01	 1.0748e+00	 6.4763e+01	 1.1157e+00
6.4456e-01	 9.9608e-01	 6.4733e+01	 1.0747e+00	 6.4733e+01	 1.1158e+00
6.4523e-01	 9.9602e-01	 6.4703e+01	 1.0747e+00	 6.4703e+01	 1.1162e+00
6.4590e-01	 9.9597e-01	 6.4673e+01	 1.0746e+00	 6.4673e+01	 1.1163e+00
6.4657e-01	 9.9591e-01	 6.4643e+01	 1.0746e+00	 6.4643e+01	 1.1165e+00
6.4724e-01	 9.9587e-01	 6.4613e+01	 1.0746e+00	 6.4613e+01	 1.1162e+00
6.4791e-01	 9.9584e-01	 6.4583e+01	 1.0745e+00	 6.4583e+01	 1.1157e+00
6.4858e-01	 9.9581e-01	 6.4554e+01	 1.0745e+00	 6.4554e+01	 1.1152e+00
6.4925e-01	 9.9580e-01	 6.4524e+01	 1.0744e+00	 6.4524e+01	 1.1146e+00
6.4992e-01	 9.9578e-01	 6.4494e+01	 1.0744e+00	 6.4494e+01	 1.1145e+00
6.5059e-01	 9.9579e-01	 6.4464e+01	 1.0743e+00	 6.4464e+01	 1.1145e+00
6.5127e-01	 9.9578e-01	 6.4434e+01	 1.0743e+00	 6.4434e+01	 1.1148e+00
6.5194e-01	 9.9579e-01	 6.4404e+01	 1.0742e+00	 6.4404e+01	 1.1150e+00
6.5261e-01	 9.9580e-01	 6.4374e+01	 1.0742e+00	 6.4374e+01	 1.1151e+00
6.5329e-01	 9.9582e-01	 6.4344e+01	 1.0741e+00	 6.4344e+01	 1.1150e+00
6.5397e-01	 9.9585e-01	 6.4314e+01	 1.0741e+00	 6.4314e+01	 1.1144e+00
6.5464e-01	 9.9586e-01	 6.4284e+01	 1.0740e+00	 6.4284e+01	 1.1140e+00
6.5532e-01	 9.9590e-01	 6.4254e+01	 1.0740e+00	 6.4254e+01	 1.1135e+00
6.5600e-01	 9.9593e-01	 6.4224e+01	 1.0739e+00	 6.4224e+01	 1.1134e+00
6.5668e-01	 9.9597e-01	 6.4194e+01	 1.0739e+00	 6.4194e+01	 1.1136e+00
6.5735e-01	 9.9601e-01	 6.4164e+01	 1.0738e+00	 6.4164e+01	 1.1139e+00
6.5803e-01	 9.9605e-01	 6.4134e+01	 1.0738e+00	 6.4134e+01	 1.1144e+00
6.5871e-01	 9.9609e-01	 6.4104e+01	 1.0737e+00	 6.4104e+01	 1.1145e+00
6.5939e-01	 9.9613e-01	 6.4075e+01	 1.0736e+00	 6.4075e+01	 1.1145e+00
6.6007e-01	 9.9618e-01	 6.4045e+01	 1.0736e+00	 6.4045e+01	 1.1141e+00
6.6076e-01	 9.9622e-01	 6.4015e+01	 1.0735e+00	 6.4015e+01	 1.1136e+00
6.6144e-01	 9.9627e-01	 6.3985e+01	 1.0735e+00	 6.3985e+01	 1.1134e+00
6.6212e-01	 9.9631e-01	 6.3955e+01	 1.0734e+00	 6.3955e+01	 1.1132e+00
6.6281e-01	 9.9635e-01	 6.3925e+01	 1.0734e+00	 6.3925e+01	 1.1135e+00
6.6349e-01	 9.9639e-01	 6.3895e+01	 1.0733e+00	 6.3895e+01	 1.1138e+00
6.6418e-01	 9.9641e-01	 6.3865e+01	 1.0733e+00	 6.3865e+01	 1.1140e+00
6.6486e-01	 9.9645e-01	 6.3835e+01	 1.0732e+00	 6.3835e+01	 1.1142e+00
6.6555e-01	 9.9647e-01	 6.3805e+01	 1.0732e+00	 6.3805e+01	 1.1138e+00
6.6624e-01	 9.9651e-01	 6.3775e+01	 1.0731e+00	 6.3775e+01	 1.1134e+00
6.6692e-01	 9.9653e-01	 6.3745e+01	 1.0731e+00	 6.3745e+01	 1.1127e+00
6.6761e-01	 9.9655e-01	 6.3715e+01	 1.0730e+00	 6.3715e+01	 1.1122e+00
6.6830e-01	 9.9658e-01	 6.3685e+01	 1.0730e+00	 6.3685e+01	 1.1120e+00
6.6899e-01	 9.9659e-01	 6.3655e+01	 1.0729e+00	 6.3655e+01	 1.1118e+00
6.6968e-01	 9.9662e-01	 6.3625e+01	 1.0729e+00	 6.3625e+01	 1.1121e+00
6.7037e-01	 9.9663e-01	 6.3595e+01	 1.0728e+00	 6.3595e+01	 1.1121e+00
6.7106e-01	 9.9665e-01	 6.3565e+01	 1.0727e+00	 6.3565e+01	 1.1121e+00
6.7175e-01	 9.9666e-01	 6.3535e+01	 1.0727e+00	 6.3535e+01	 1.1117e+00
6.7244e-01	 9.9667e-01	 6.3505e+01	 1.0727e+00	 6.3505e+01	 1.1110e+00
6.7314e-01	 9.9668e-01	 6.3475e+01	 1.0726e+00	 6.3475e+01	 1.1104e+00
6.7383e-01	 9.9668e-01	 6.3445e+01	 1.0726e+00	 6.3445e+01	 1.1096e+00
6.7452e-01	 9.9669e-01	 6.3415e+01	 1.0725e+00	 6.3415e+01	 1.1095e+00
6.7522e-01	 9.9668e-01	 6.3386e+01	 1.0725e+00	 6.3386e+01	 1.1094e+00
6.7591e-01	 9.9668e-01	 6.3356e+01	 1.0724e+00	 6.3356e+01	 1.1097e+00
6.7661e-01	 9.9667e-01	 6.3326e+01	 1.0724e+00	 6.3326e+01	 1.1100e+00
6.7731e-01	 9.9666e-01	 6.3296e+01	 1.0723e+00	 6.3296e+01	 1.1100e+00
6.7800e-01	 9.9665e-01	 6.3266e+01	 1.0723e+00	 6.3266e+01	 1.1099e+00
6.7870e-01	 9.9663e-01	 6.3236e+01	 1.0722e+00	 6.3236e+01	 1.1094e+00
6.7940e-01	 9.9662e-01	 6.3206e+01	 1.0722e+00	 6.3206e+01	 1.1090e+00
6.8010e-01	 9.9659e-01	 6.3176e+01	 1.0721e+00	 6.3176e+01	 1.1087e+00
6.8080e-01	 9.9659e-01	 6.3146e+01	 1.0721e+00	 6.3146e+01	 1.1086e+00
6.8150e-01	 9.9656e-01	 6.3116e+01	 1.0720e+00	 6.3116e+01	 1.1090e+00
6.8220e-01	 9.9654e-01	 6.3086e+01	 1.0720e+00	 6.3086e+01	 1.1093e+00
6.8291e-01	 9.9652e-01	 6.3056e+01	 1.0719e+00	 6.3056e+01	 1.1098e+00
6.8361e-01	 9.9650e-01	 6.3026e+01	 1.0719e+00	 6.3026e+01	 1.1100e+00
6.8431e-01	 9.9649e-01	 6.2996e+01	 1.0718e+00	 6.2996e+01	 1.1099e+00
6.8502e-01	 9.9645e-01	 6.2966e+01	 1.0718e+00	 6.2966e+01	 1.1097e+00
6.8572e-01	 9.9644e-01	 6.2936e+01	 1.0717e+00	 6.2936e+01	 1.1092e+00
6.8643e-01	 9.9641e-01	 6.2906e+01	 1.0717e+00	 6.2906e+01	 1.1091e+00
6.8713e-01	 9.9639e-01	 6.2876e+01	 1.0716e+00	 6.2876e+01	 1.1091e+00
6.8784e-01	 9.9636e-01	 6.2846e+01	 1.0716e+00	 6.2846e+01	 1.1094e+00
6.8855e-01	 9.9634e-01	 6.2816e+01	 1.0716e+00	 6.2816e+01	 1.1100e+00
6.8925e-01	 9.9632e-01	 6.2786e+01	 1.0715e+00	 6.2786e+01	 1.1104e+00
6.8996e-01	 9.9629e-01	 6.2756e+01	 1.0715e+00	 6.2756e+01	 1.1108e+00
6.9067e-01	 9.9628e-01	 6.2726e+01	 1.0714e+00	 6.2726e+01	 1.1107e+00
6.9138e-01	 9.9626e-01	 6.2696e+01	 1.0714e+00	 6.2696e+01	 1.1105e+00
6.9209e-01	 9.9626e-01	 6.2666e+01	 1.0713e+00	 6.2666e+01	 1.1102e+00
6.9280e-01	 9.9626e-01	 6.2636e+01	 1.0713e+00	 6.2636e+01	 1.1099e+00
6.9351e-01	 9.9627e-01	 6.2606e+01	 1.0713e+00	 6.2606e+01	 1.1101e+00
6.9423e-01	 9.9629e-01	 6.2576e+01	 1.0712e+00	 6.2576e+01	 1.1104e+00
6.9494e-01	 9.9631e-01	 6.2547e+01	 1.0712e+00	 6.2547e+01	 1.1109e+00
6.9565e-01	 9.9636e-01	 6.2517e+01	 1.0711e+00	 6.2517e+01	 1.1113e+00
6.9637e-01	 9.9639e-01	 6.2487e+01	 1.0711e+00	 6.2487e+01	 1.1115e+00
6.9708e-01	 9.9645e-01	 6.2457e+01	 1.0710e+00	 6.2457e+01	 1.1114e+00
6.9780e-01	 9.9649e-01	 6.2427e+01	 1.0710e+00	 6.2427e+01	 1.1109e+00
6.9852e-01	 9.9654e-01	 6.2397e+01	 1.0709e+00	 6.2397e+01	 1.1106e+00
6.9923e-01	 9.9659e-01	 6.2367e+01	 1.0709e+00	 6.2367e+01	 1.1102e+00
6.9995e-01	 9.9662e-01	 6.2337e+01	 1.0708e+00	 6.2337e+01	 1.1101e+00
7.0067e-01	 9.9667e-01	 6.2307e+01	 1.0708e+00	 6.2307e+01	 1.1104e+00
7.0139e-01	 9.9669e-01	 6.2277e+01	 1.0708e+00	 6.2277e+01	 1.1107e+00
7.0211e-01	 9.9672e-01	 6.2247e+01	 1.0707e+00	 6.2247e+01	 1.1111e+00
7.0283e-01	 9.9675e-01	 6.2217e+01	 1.0707e+00	 6.2217e+01	 1.1111e+00
7.0355e-01	 9.9677e-01	 6.2187e+01	 1.0706e+00	 6.2187e+01	 1.1109e+00
7.0427e-01	 9.9679e-01	 6.2157e+01	 1.0706e+00	 6.2157e+01	 1.1105e+00
7.0499e-01	 9.9680e-01	 6.2127e+01	 1.0706e+00	 6.2127e+01	 1.1099e+00
7.0572e-01	 9.9682e-01	 6.2097e+01	 1.0705e+00	 6.2097e+01	 1.1097e+00
7.0644e-01	 9.9681e-01	 6.2067e+01	 1.0705e+00	 6.2067e+01	 1.1094e+00
7.0717e-01	 9.9682e-01	 6.2037e+01	 1.0704e+00	 6.2037e+01	 1.1097e+00
7.0789e-01	 9.9681e-01	 6.2007e+01	 1.0704e+00	 6.2007e+01	 1.1099e+00
7.0861e-01	 9.9681e-01	 6.1978e+01	 1.0704e+00	 6.1978e+01	 1.1101e+00
7.0934e-01	 9.9680e-01	 6.1948e+01	 1.0703e+00	 6.1948e+01	 1.1102e+00
7.1007e-01	 9.9678e-01	 6.1918e+01	 1.0703e+00	 6.1918e+01	 1.1097e+00
7.1080e-01	 9.9677e-01	 6.1888e+01	 1.0703e+00	 6.1888e+01	 1.1093e+00
7.1152e-01	 9.9674e-01	 6.1858e+01	 1.0702e+00	 6.1858e+01	 1.1085e+00
7.1225e-01	 9.9672e-01	 6.1828e+01	 1.0702e+00	 6.1828e+01	 1.1080e+00
7.1298e-01	 9.9669e-01	 6.1798e+01	 1.0701e+00	 6.1798e+01	 1.1078e+00
7.1372e-01	 9.9667e-01	 6.1768e+01	 1.0701e+00	 6.1768e+01	 1.1076e+00
7.1445e-01	 9.9664e-01	 6.1738e+01	 1.0700e+00	 6.1738e+01	 1.1078e+00
7.1518e-01	 9.9661e-01	 6.1708e+01	 1.0700e+00	 6.1708e+01	 1.1078e+00
7.1591e-01	 9.9660e-01	 6.1678e+01	 1.0700e+00	 6.1678e+01	 1.1076e+00
7.1665e-01	 9.9656e-01	 6.1648e+01	 1.0699e+00	 6.1648e+01	 1.1072e+00
7.1738e-01	 9.9654e-01	 6.1619e+01	 1.0699e+00	 6.1619e+01	 1.1065e+00
7.1812e-01	 9.9651e-01	 6.1589e+01	 1.0699e+00	 6.1589e+01	 1.1059e+00
7.1885e-01	 9.9648e-01	 6.1559e+01	 1.0698e+00	 6.1559e+01	 1.1053e+00
7.1959e-01	 9.9646e-01	 6.1529e+01	 1.0698e+00	 6.1529e+01	 1.1052e+00
7.2032e-01	 9.9642e-01	 6.1499e+01	 1.0697e+00	 6.1499e+01	 1.1053e+00
7.2106e-01	 9.9641e-01	 6.1469e+01	 1.0697e+00	 6.1469e+01	 1.1055e+00
7.2180e-01	 9.9637e-01	 6.1439e+01	 1.0696e+00	 6.1439e+01	 1.1059e+00
7.2254e-01	 9.9636e-01	 6.1409e+01	 1.0696e+00	 6.1409e+01	 1.1058e+00
7.2328e-01	 9.9634e-01	 6.1379e+01	 1.0696e+00	 6.1379e+01	 1.1057e+00
7.2402e-01	 9.9632e-01	 6.1349e+01	 1.0695e+00	 6.1349e+01	 1.1052e+00
7.2476e-01	 9.9631e-01	 6.1320e+01	 1.0695e+00	 6.1320e+01	 1.1048e+00
7.2550e-01	 9.9630e-01	 6.1290e+01	 1.0694e+00	 6.1290e+01	 1.1046e+00
7.2625e-01	 9.9631e-01	 6.1260e+01	 1.0694e+00	 6.1260e+01	 1.1045e+00
7.2699e-01	 9.9630e-01	 6.1230e+01	 1.0693e+00	 6.1230e+01	 1.1050e+00
7.2773e-01	 9.9633e-01	 6.1200e+01	 1.0693e+00	 6.1200e+01	 1.1053e+00
7.2848e-01	 9.9634e-01	 6.1170e+01	 1.0692e+00	 6.1170e+01	 1.1058e+00
7.2922e-01	 9.9636e-01	 6.1140e+01	 1.0692e+00	 6.1140e+01	 1.1060e+00
7.2997e-01	 9.9639e-01	 6.1110e+01	 1.0691e+00	 6.1110e+01	 1.1058e+00
7.3072e-01	 9.9641e-01	 6.1081e+01	 1.0691e+00	 6.1081e+01	 1.1056e+00
7.3146e-01	 9.9645e-01	 6.1051e+01	 1.0690e+00	 6.1051e+01	 1.1050e+00
7.3221e-01	 9.9646e-01	 6.1021e+01	 1.0690e+00	 6.1021e+01	 1.1048e+00
7.3296e-01	 9.9649e-01	 6.0991e+01	 1.0689e+00	 6.0991e+01	 1.1048e+00
7.3371e-01	 9.9650e-01	 6.0961e+01	 1.0689e+00	 6.0961e+01	 1.1049e+00
7.3446e-01	 9.9653e-01	 6.0931e+01	 1.0688e+00	 6.0931e+01	 1.1054e+00
7.3521e-01	 9.9654e-01	 6.0901e+01	 1.0688e+00	 6.0901e+01	 1.1055e+00
7.3596e-01	 9.9654e-01	 6.0871e+01	 1.0687e+00	 6.0871e+01	 1.1056e+00
7.3671e-01	 9.9655e-01	 6.0842e+01	 1.0687e+00	 6.0842e+01	 1.1052e+00
7.3747e-01	 9.9654e-01	 6.0812e+01	 1.0686e+00	 6.0812e+01	 1.1047e+00
7.3822e-01	 9.9654e-01	 6.0782e+01	 1.0686e+00	 6.0782e+01	 1.1042e+00
7.3897e-01	 9.9652e-01	 6.0752e+01	 1.0685e+00	 6.0752e+01	 1.1037e+00
7.3973e-01	 9.9652e-01	 6.0722e+01	 1.0685e+00	 6.0722e+01	 1.1037e+00
7.4048e-01	 9.9651e-01	 6.0692e+01	 1.0684e+00	 6.0692e+01	 1.1037e+00
7.4124e-01	 9.9649e-01	 6.0663e+01	 1.0684e+00	 6.0663e+01	 1.1041e+00
7.4199e-01	 9.9649e-01	 6.0633e+01	 1.0683e+00	 6.0633e+01	 1.1044e+00
7.4275e-01	 9.9648e-01	 6.0603e+01	 1.0682e+00	 6.0603e+01	 1.1043e+00
7.4351e-01	 9.9649e-01	 6.0573e+01	 1.0682e+00	 6.0573e+01	 1.1042e+00
7.4427e-01	 9.9649e-01	 6.0543e+01	 1.0681e+00	 6.0543e+01	 1.1036e+00
7.4503e-01	 9.9650e-01	 6.0513e+01	 1.0681e+00	 6.0513e+01	 1.1032e+00
7.4579e-01	 9.9651e-01	 6.0484e+01	 1.0680e+00	 6.0484e+01	 1.1029e+00
7.4655e-01	 9.9653e-01	 6.0454e+01	 1.0679e+00	 6.0454e+01	 1.1029e+00
7.4731e-01	 9.9655e-01	 6.0424e+01	 1.0679e+00	 6.0424e+01	 1.1033e+00
7.4807e-01	 9.9657e-01	 6.0394e+01	 1.0678e+00	 6.0394e+01	 1.1036e+00
7.4884e-01	 9.9661e-01	 6.0364e+01	 1.0678e+00	 6.0364e+01	 1.1040e+00
7.4960e-01	 9.9663e-01	 6.0334e+01	 1.0677e+00	 6.0334e+01	 1.1041e+00
7.5036e-01	 9.9667e-01	 6.0305e+01	 1.0677e+00	 6.0305e+01	 1.1040e+00
7.5113e-01	 9.9669e-01	 6.0275e+01	 1.0676e+00	 6.0275e+01	 1.1038e+00
7.5189e-01	 9.9672e-01	 6.0245e+01	 1.0675e+00	 6.0245e+01	 1.1033e+00
7.5266e-01	 9.9675e-01	 6.0215e+01	 1.0675e+00	 6.0215e+01	 1.1033e+00
7.5343e-01	 9.9676e-01	 6.0185e+01	 1.0674e+00	 6.0185e+01	 1.1033e+00
7.5419e-01	 9.9679e-01	 6.0156e+01	 1.0674e+00	 6.0156e+01	 1.1037e+00
7.5496e-01	 9.9679e-01	 6.0126e+01	 1.0673e+00	 6.0126e+01	 1.1043e+00
7.5573e-01	 9.9681e-01	 6.0096e+01	 1.0673e+00	 6.0096e+01	 1.1047e+00
7.5650e-01	 9.9681e-01	 6.0066e+01	 1.0672e+00	 6.0066e+01	 1.1051e+00
7.5727e-01	 9.9682e-01	 6.0037e+01	 1.0671e+00	 6.0037e+01	 1.1049e+00
7.5804e-01	 9.9683e-01	 6.0007e+01	 1.0671e+00	 6.0007e+01	 1.1047e+00
7.5881e-01	 9.9682e-01	 5.9977e+01	 1.0670e+00	 5.9977e+01	 1.1044e+00
7.5959e-01	 9.9684e-01	 5.9947e+01	 1.0670e+00	 5.9947e+01	 1.1043e+00
7.6036e-01	 9.9682e-01	 5.9918e+01	 1.0669e+00	 5.9918e+01	 1.1047e+00
7.6113e-01	 9.9683e-01	 5.9888e+01	 1.0668e+00	 5.9888e+01	 1.1051e+00
7.6191e-01	 9.9682e-01	 5.9858e+01	 1.0668e+00	 5.9858e+01	 1.1058e+00
7.6268e-01	 9.9681e-01	 5.9828e+01	 1.0667e+00	 5.9828e+01	 1.1064e+00
7.6346e-01	 9.9681e-01	 5.9799e+01	 1.0667e+00	 5.9799e+01	 1.1067e+00
7.6424e-01	 9.9678e-01	 5.9769e+01	 1.0666e+00	 5.9769e+01	 1.1068e+00
7.6502e-01	 9.9677e-01	 5.9739e+01	 1.0666e+00	 5.9739e+01	 1.1065e+00
7.6580e-01	 9.9674e-01	 5.9710e+01	 1.0665e+00	 5.9710e+01	 1.1065e+00
7.6658e-01	 9.9672e-01	 5.9680e+01	 1.0665e+00	 5.9680e+01	 1.1064e+00
7.6736e-01	 9.9668e-01	 5.9650e+01	 1.0664e+00	 5.9650e+01	 1.1066e+00
7.6814e-01	 9.9665e-01	 5.9620e+01	 1.0663e+00	 5.9620e+01	 1.1072e+00
7.6892e-01	 9.9662e-01	 5.9591e+01	 1.0663e+00	 5.9591e+01	 1.1076e+00
7.6970e-01	 9.9658e-01	 5.9561e+01	 1.0662e+00	 5.9561e+01	 1.1082e+00
7.7048e-01	 9.9656e-01	 5.9531e+01	 1.0662e+00	 5.9531e+01	 1.1083e+00
7.7126e-01	 9.9651e-01	 5.9502e+01	 1.0661e+00	 5.9502e+01	 1.1082e+00
7.7205e-01	 9.9650e-01	 5.9472e+01	 1.0660e+00	 5.9472e+01	 1.1078e+00
7.7284e-01	 9.9646e-01	 5.9442e+01	 1.0660e+00	 5.9442e+01	 1.1073e+00
7.7362e-01	 9.9645e-01	 5.9413e+01	 1.0659e+00	 5.9413e+01	 1.1072e+00
7.7441e-01	 9.9643e-01	 5.9383e+01	 1.0659e+00	 5.9383e+01	 1.1070e+00
7.7519e-01	 9.9641e-01	 5.9353e+01	 1.0658e+00	 5.9353e+01	 1.1073e+00
7.7598e-01	 9.9640e-01	 5.9324e+01	 1.0657e+00	 5.9324e+01	 1.1076e+00
7.7677e-01	 9.9638e-01	 5.9294e+01	 1.0657e+00	 5.9294e+01	 1.1077e+00
7.7756e-01	 9.9638e-01	 5.9264e+01	 1.0656e+00	 5.9264e+01	 1.1077e+00
7.7835e-01	 9.9635e-01	 5.9235e+01	 1.0656e+00	 5.9235e+01	 1.1071e+00
7.7914e-01	 9.9634e-01	 5.9205e+01	 1.0655e+00	 5.9205e+01	 1.1066e+00
7.7993e-01	 9.9632e-01	 5.9175e+01	 1.0654e+00	 5.9175e+01	 1.1058e+00
7.8072e-01	 9.9629e-01	 5.9146e+01	 1.0654e+00	 5.9146e+01	 1.1053e+00
7.8152e-01	 9.9627e-01	 5.9116e+01	 1.0653e+00	 5.9116e+01	 1.1051e+00
7.8231e-01	 9.9623e-01	 5.9086e+01	 1.0652e+00	 5.9086e+01	 1.1050e+00
7.8311e-01	 9.9622e-01	 5.9057e+01	 1.0652e+00	 5.9057e+01	 1.1052e+00
7.8390e-01	 9.9618e-01	 5.9027e+01	 1.0651e+00	 5.9027e+01	 1.1051e+00
7.8470e-01	 9.9616e-01	 5.8998e+01	 1.0651e+00	 5.8998e+01	 1.1050e+00
7.8549e-01	 9.9614e-01	 5.8968e+01	 1.0650e+00	 5.8968e+01	 1.1045e+00
7.8629e-01	 9.9611e-01	 5.8938e+01	 1.0649e+00	 5.8938e+01	 1.1037e+00
7.8709e-01	 9.9611e-01	 5.8909e+01	 1.0649e+00	 5.8909e+01	 1.1031e+00
7.8788e-01	 9.9609e-01	 5.8879e+01	 1.0648e+00	 5.8879e+01	 1.1025e+00
7.8868e-01	 9.9609e-01	 5.8850e+01	 1.0648e+00	 5.8850e+01	 1.1024e+00
7.8948e-01	 9.9607e-01	 5.8820e+01	 1.0647e+00	 5.8820e+01	 1.1024e+00
7.9029e-01	 9.9608e-01	 5.8791e+01	 1.0647e+00	 5.8791e+01	 1.1027e+00
7.9109e-01	 9.9607e-01	 5.8761e+01	 1.0646e+00	 5.8761e+01	 1.1029e+00
7.9189e-01	 9.9608e-01	 5.8731e+01	 1.0646e+00	 5.8731e+01	 1.1027e+00
7.9269e-01	 9.9609e-01	 5.8702e+01	 1.0645e+00	 5.8702e+01	 1.1024e+00
7.9350e-01	 9.9610e-01	 5.8672e+01	 1.0645e+00	 5.8672e+01	 1.1018e+00
7.9430e-01	 9.9613e-01	 5.8643e+01	 1.0644e+00	 5.8643e+01	 1.1014e+00
7.9511e-01	 9.9615e-01	 5.8613e+01	 1.0644e+00	 5.8613e+01	 1.1011e+00
7.9592e-01	 9.9620e-01	 5.8584e+01	 1.0643e+00	 5.8584e+01	 1.1010e+00
7.9672e-01	 9.9624e-01	 5.8554e+01	 1.0642e+00	 5.8554e+01	 1.1014e+00
7.9753e-01	 9.9629e-01	 5.8525e+01	 1.0642e+00	 5.8525e+01	 1.1016e+00
7.9834e-01	 9.9635e-01	 5.8495e+01	 1.0642e+00	 5.8495e+01	 1.1019e+00
7.9915e-01	 9.9639e-01	 5.8466e+01	 1.0641e+00	 5.8466e+01	 1.1019e+00
7.9996e-01	 9.9646e-01	 5.8436e+01	 1.0641e+00	 5.8436e+01	 1.1016e+00
8.0077e-01	 9.9650e-01	 5.8407e+01	 1.0640e+00	 5.8407e+01	 1.1013e+00
8.0158e-01	 9.9655e-01	 5.8377e+01	 1.0640e+00	 5.8377e+01	 1.1007e+00
8.0239e-01	 9.9659e-01	 5.8348e+01	 1.0640e+00	 5.8348e+01	 1.1005e+00
8.0321e-01	 9.9663e-01	 5.8318e+01	 1.0639e+00	 5.8318e+01	 1.1005e+00
8.0402e-01	 9.9667e-01	 5.8289e+01	 1.0639e+00	 5.8289e+01	 1.1009e+00
8.0483e-01	 9.9670e-01	 5.8259e+01	 1.0638e+00	 5.8259e+01	 1.1013e+00
8.0565e-01	 9.9675e-01	 5.8230e+01	 1.0638e+00	 5.8230e+01	 1.1016e+00
8.0646e-01	 9.9677e-01	 5.8200e+01	 1.0638e+00	 5.8200e+01	 1.1018e+00
8.0728e-01	 9.9682e-01	 5.8171e+01	 1.0637e+00	 5.8171e+01	 1.1015e+00
8.0810e-01	 9.9685e-01	 5.8141e+01	 1.0637e+00	 5.8141e+01	 1.1011e+00
8.0892e-01	 9.9689e-01	 5.8112e+01	 1.0637e+00	 5.8112e+01	 1.1007e+00
8.0974e-01	 9.9694e-01	 5.8082e+01	 1.0636e+00	 5.8082e+01	 1.1004e+00
8.1056e-01	 9.9698e-01	 5.8053e+01	 1.0636e+00	 5.8053e+01	 1.1005e+00
8.1138e-01	 9.9703e-01	 5.8024e+01	 1.0636e+00	 5.8024e+01	 1.1007e+00
8.1220e-01	 9.9707e-01	 5.7994e+01	 1.0635e+00	 5.7994e+01	 1.1011e+00
8.1302e-01	 9.9712e-01	 5.7965e+01	 1.0635e+00	 5.7965e+01	 1.1012e+00
8.1384e-01	 9.9716e-01	 5.7935e+01	 1.0635e+00	 5.7935e+01	 1.1011e+00
8.1466e-01	 9.9719e-01	 5.7906e+01	 1.0634e+00	 5.7906e+01	 1.1008e+00
8.1549e-01	 9.9723e-01	 5.7877e+01	 1.0634e+00	 5.7877e+01	 1.1001e+00
8.1631e-01	 9.9724e-01	 5.7847e+01	 1.0634e+00	 5.7847e+01	 1.0996e+00
8.1714e-01	 9.9727e-01	 5.7818e+01	 1.0633e+00	 5.7818e+01	 1.0992e+00
8.1797e-01	 9.9727e-01	 5.7788e+01	 1.0633e+00	 5.7788e+01	 1.0991e+00
8.1879e-01	 9.9728e-01	 5.7759e+01	 1.0633e+00	 5.7759e+01	 1.0994e+00
8.1962e-01	 9.9727e-01	 5.7730e+01	 1.0632e+00	 5.7730e+01	 1.0995e+00
8.2045e-01	 9.9727e-01	 5.7700e+01	 1.0632e+00	 5.7700e+01	 1.0998e+00
8.2128e-01	 9.9726e-01	 5.7671e+01	 1.0632e+00	 5.7671e+01	 1.0996e+00
8.2211e-01	 9.9725e-01	 5.7642e+01	 1.0631e+00	 5.7642e+01	 1.0994e+00
8.2294e-01	 9.9724e-01	 5.7612e+01	 1.0631e+00	 5.7612e+01	 1.0990e+00
8.2377e-01	 9.9721e-01	 5.7583e+01	 1.0631e+00	 5.7583e+01	 1.0986e+00
8.2460e-01	 9.9720e-01	 5.7554e+01	 1.0630e+00	 5.7554e+01	 1.0986e+00
8.2544e-01	 9.9716e-01	 5.7524e+01	 1.0630e+00	 5.7524e+01	 1.0988e+00
8.2627e-01	 9.9712e-01	 5.7495e+01	 1.0630e+00	 5.7495e+01	 1.0994e+00
8.2710e-01	 9.9708e-01	 5.7466e+01	 1.0629e+00	 5.7466e+01	 1.1001e+00
8.2794e-01	 9.9702e-01	 5.7436e+01	 1.0629e+00	 5.7436e+01	 1.1007e+00
8.2878e-01	 9.9697e-01	 5.7407e+01	 1.0629e+00	 5.7407e+01	 1.1012e+00
8.2961e-01	 9.9689e-01	 5.7378e+01	 1.0628e+00	 5.7378e+01	 1.1013e+00
8.3045e-01	 9.9683e-01	 5.7349e+01	 1.0628e+00	 5.7349e+01	 1.1014e+00
8.3129e-01	 9.9675e-01	 5.7319e+01	 1.0627e+00	 5.7319e+01	 1.1013e+00
8.3213e-01	 9.9669e-01	 5.7290e+01	 1.0627e+00	 5.7290e+01	 1.1015e+00
8.3297e-01	 9.9663e-01	 5.7261e+01	 1.0627e+00	 5.7261e+01	 1.1020e+00
8.3381e-01	 9.9657e-01	 5.7232e+01	 1.0626e+00	 5.7232e+01	 1.1024e+00
8.3466e-01	 9.9653e-01	 5.7202e+01	 1.0626e+00	 5.7202e+01	 1.1031e+00
8.3550e-01	 9.9647e-01	 5.7173e+01	 1.0626e+00	 5.7173e+01	 1.1033e+00
8.3634e-01	 9.9644e-01	 5.7144e+01	 1.0625e+00	 5.7144e+01	 1.1033e+00
8.3719e-01	 9.9640e-01	 5.7115e+01	 1.0625e+00	 5.7115e+01	 1.1028e+00
8.3803e-01	 9.9638e-01	 5.7086e+01	 1.0625e+00	 5.7086e+01	 1.1020e+00
8.3888e-01	 9.9636e-01	 5.7056e+01	 1.0624e+00	 5.7056e+01	 1.1013e+00
8.3972e-01	 9.9635e-01	 5.7027e+01	 1.0624e+00	 5.7027e+01	 1.1005e+00
8.4057e-01	 9.9636e-01	 5.6998e+01	 1.0623e+00	 5.6998e+01	 1.1001e+00
8.4142e-01	 9.9637e-01	 5.6969e+01	 1.0623e+00	 5.6969e+01	 1.0999e+00
8.4227e-01	 9.9640e-01	 5.6940e+01	 1.0623e+00	 5.6940e+01	 1.0997e+00
8.4312e-01	 9.9642e-01	 5.6910e+01	 1.0622e+00	 5.6910e+01	 1.0996e+00
8.4397e-01	 9.9647e-01	 5.6881e+01	 1.0622e+00	 5.6881e+01	 1.0989e+00
8.4482e-01	 9.9652e-01	 5.6852e+01	 1.0622e+00	 5.6852e+01	 1.0982e+00
8.4567e-01	 9.9657e-01	 5.6823e+01	 1.0621e+00	 5.6823e+01	 1.0972e+00
8.4652e-01	 9.9663e-01	 5.6794e+01	 1.0621e+00	 5.6794e+01	 1.0962e+00
8.4738e-01	 9.9668e-01	 5.6765e+01	 1.0621e+00	 5.6765e+01	 1.0954e+00
8.4823e-01	 9.9674e-01	 5.6736e+01	 1.0620e+00	 5.6736e+01	 1.0948e+00
8.4909e-01	 9.9677e-01	 5.6706e+01	 1.0620e+00	 5.6706e+01	 1.0947e+00
8.4994e-01	 9.9681e-01	 5.6677e+01	 1.0620e+00	 5.6677e+01	 1.0944e+00
8.5080e-01	 9.9683e-01	 5.6648e+01	 1.0619e+00	 5.6648e+01	 1.0941e+00
8.5166e-01	 9.9685e-01	 5.6619e+01	 1.0619e+00	 5.6619e+01	 1.0936e+00
8.5252e-01	 9.9686e-01	 5.6590e+01	 1.0619e+00	 5.6590e+01	 1.0927e+00
8.5338e-01	 9.9684e-01	 5.6561e+01	 1.0618e+00	 5.6561e+01	 1.0919e+00
8.5424e-01	 9.9684e-01	 5.6532e+01	 1.0618e+00	 5.6532e+01	 1.0910e+00
8.5510e-01	 9.9680e-01	 5.6503e+01	 1.0618e+00	 5.6503e+01	 1.0905e+00
8.5596e-01	 9.9677e-01	 5.6474e+01	 1.0617e+00	 5.6474e+01	 1.0904e+00
8.5682e-01	 9.9672e-01	 5.6445e+01	 1.0617e+00	 5.6445e+01	 1.0905e+00
8.5768e-01	 9.9667e-01	 5.6416e+01	 1.0617e+00	 5.6416e+01	 1.0910e+00
8.5855e-01	 9.9662e-01	 5.6387e+01	 1.0616e+00	 5.6387e+01	 1.0912e+00
8.5941e-01	 9.9656e-01	 5.6358e+01	 1.0616e+00	 5.6358e+01	 1.0914e+00
8.6028e-01	 9.9651e-01	 5.6329e+01	 1.0616e+00	 5.6329e+01	 1.0912e+00
8.6114e-01	 9.9645e-01	 5.6300e+01	 1.0615e+00	 5.6300e+01	 1.0910e+00
8.6201e-01	 9.9641e-01	 5.6271e+01	 1.0615e+00	 5.6271e+01	 1.0908e+00
8.6288e-01	 9.9635e-01	 5.6242e+01	 1.0615e+00	 5.6242e+01	 1.0906e+00
8.6374e-01	 9.9630e-01	 5.6213e+01	 1.0614e+00	 5.6213e+01	 1.0910e+00
8.6461e-01	 9.9626e-01	 5.6184e+01	 1.0614e+00	 5.6184e+01	 1.0914e+00
8.6548e-01	 9.9621e-01	 5.6155e+01	 1.0613e+00	 5.6155e+01	 1.0919e+00
8.6635e-01	 9.9618e-01	 5.6126e+01	 1.0613e+00	 5.6126e+01	 1.0924e+00
8.6723e-01	 9.9613e-01	 5.6097e+01	 1.0613e+00	 5.6097e+01	 1.0924e+00
8.6810e-01	 9.9610e-01	 5.6068e+01	 1.0612e+00	 5.6068e+01	 1.0924e+00
8.6897e-01	 9.9606e-01	 5.6039e+01	 1.0612e+00	 5.6039e+01	 1.0921e+00
8.6984e-01	 9.9602e-01	 5.6010e+01	 1.0612e+00	 5.6010e+01	 1.0920e+00
8.7072e-01	 9.9599e-01	 5.5981e+01	 1.0611e+00	 5.5981e+01	 1.0921e+00
8.7160e-01	 9.9594e-01	 5.5952e+01	 1.0611e+00	 5.5952e+01	 1.0924e+00
8.7247e-01	 9.9591e-01	 5.5923e+01	 1.0611e+00	 5.5923e+01	 1.0932e+00
8.7335e-01	 9.9586e-01	 5.5894e+01	 1.0611e+00	 5.5894e+01	 1.0938e+00
8.7423e-01	 9.9584e-01	 5.5865e+01	 1.0610e+00	 5.5865e+01	 1.0945e+00
8.7511e-01	 9.9581e-01	 5.5837e+01	 1.0610e+00	 5.5837e+01	 1.0947e+00
8.7599e-01	 9.9579e-01	 5.5808e+01	 1.0610e+00	 5.5808e+01	 1.0948e+00
8.7687e-01	 9.9578e-01	 5.5779e+01	 1.0610e+00	 5.5779e+01	 1.0946e+00
8.7775e-01	 9.9577e-01	 5.5750e+01	 1.0609e+00	 5.5750e+01	 1.0943e+00
8.7863e-01	 9.9578e-01	 5.5721e+01	 1.0609e+00	 5.5721e+01	 1.0945e+00
8.7951e-01	 9.9578e-01	 5.5692e+01	 1.0609e+00	 5.5692e+01	 1.0946e+00
8.8040e-01	 9.9581e-01	 5.5663e+01	 1.0609e+00	 5.5663e+01	 1.0951e+00
8.8128e-01	 9.9583e-01	 5.5635e+01	 1.0608e+00	 5.5635e+01	 1.0956e+00
8.8217e-01	 9.9587e-01	 5.5606e+01	 1.0608e+00	 5.5606e+01	 1.0958e+00
8.8305e-01	 9.9591e-01	 5.5577e+01	 1.0608e+00	 5.5577e+01	 1.0959e+00
8.8394e-01	 9.9595e-01	 5.5548e+01	 1.0608e+00	 5.5548e+01	 1.0954e+00
8.8483e-01	 9.9602e-01	 5.5519e+01	 1.0607e+00	 5.5519e+01	 1.0950e+00
8.8572e-01	 9.9606e-01	 5.5491e+01	 1.0607e+00	 5.5491e+01	 1.0945e+00
8.8661e-01	 9.9612e-01	 5.5462e+01	 1.0607e+00	 5.5462e+01	 1.0941e+00
8.8750e-01	 9.9617e-01	 5.5433e+01	 1.0607e+00	 5.5433e+01	 1.0941e+00
8.8839e-01	 9.9623e-01	 5.5404e+01	 1.0607e+00	 5.5404e+01	 1.0940e+00
8.8928e-01	 9.9628e-01	 5.5376e+01	 1.0606e+00	 5.5376e+01	 1.0943e+00
8.9018e-01	 9.9633e-01	 5.5347e+01	 1.0606e+00	 5.5347e+01	 1.0941e+00
8.9107e-01	 9.9638e-01	 5.5318e+01	 1.0606e+00	 5.5318e+01	 1.0938e+00
8.9196e-01	 9.9641e-01	 5.5289e+01	 1.0606e+00	 5.5289e+01	 1.0932e+00
8.9286e-01	 9.9646e-01	 5.5261e+01	 1.0605e+00	 5.5261e+01	 1.0923e+00
8.9375e-01	 9.9648e-01	 5.5232e+01	 1.0605e+00	 5.5232e+01	 1.0917e+00
8.9465e-01	 9.9651e-01	 5.5203e+01	 1.0605e+00	 5.5203e+01	 1.0911e+00
8.9555e-01	 9.9653e-01	 5.5175e+01	 1.0605e+00	 5.5175e+01	 1.0911e+00
8.9645e-01	 9.9655e-01	 5.5146e+01	 1.0605e+00	 5.5146e+01	 1.0912e+00
8.9735e-01	 9.9658e-01	 5.5117e+01	 1.0604e+00	 5.5117e+01	 1.0915e+00
8.9825e-01	 9.9660e-01	 5.5089e+01	 1.0604e+00	 5.5089e+01	 1.0918e+00
8.9915e-01	 9.9665e-01	 5.5060e+01	 1.0604e+00	 5.5060e+01	 1.0916e+00
9.0005e-01	 9.9668e-01	 5.5031e+01	 1.0604e+00	 5.5031e+01	 1.0914e+00
9.0095e-01	 9.9673e-01	 5.5003e+01	 1.0603e+00	 5.5003e+01	 1.0910e+00
9.0185e-01	 9.9678e-01	 5.4974e+01	 1.0603e+00	 5.4974e+01	 1.0905e+00
9.0276e-01	 9.9682e-01	 5.4945e+01	 1.0603e+00	 5.4945e+01	 1.0905e+00
9.0367e-01	 9.9688e-01	 5.4917e+01	 1.0603e+00	 5.4917e+01	 1.0904e+00
9.0457e-01	 9.9692e-01	 5.4888e+01	 1.0603e+00	 5.4888e+01	 1.0908e+00
9.0548e-01	 9.9698e-01	 5.4859e+01	 1.0602e+00	 5.4859e+01	 1.0911e+00
9.0638e-01	 9.9701e-01	 5.4831e+01	 1.0602e+00	 5.4831e+01	 1.0912e+00
9.0729e-01	 9.9704e-01	 5.4802e+01	 1.0602e+00	 5.4802e+01	 1.0910e+00
9.0820e-01	 9.9707e-01	 5.4774e+01	 1.0602e+00	 5.4774e+01	 1.0904e+00
9.0911e-01	 9.9710e-01	 5.4745e+01	 1.0602e+00	 5.4745e+01	 1.0898e+00
9.1002e-01	 9.9713e-01	 5.4717e+01	 1.0601e+00	 5.4717e+01	 1.0890e+00
9.1094e-01	 9.9715e-01	 5.4688e+01	 1.0601e+00	 5.4688e+01	 1.0886e+00
9.1185e-01	 9.9718e-01	 5.4660e+01	 1.0601e+00	 5.4660e+01	 1.0885e+00
9.1276e-01	 9.9719e-01	 5.4631e+01	 1.0601e+00	 5.4631e+01	 1.0885e+00
9.1368e-01	 9.9721e-01	 5.4603e+01	 1.0601e+00	 5.4603e+01	 1.0888e+00
9.1459e-01	 9.9722e-01	 5.4574e+01	 1.0601e+00	 5.4574e+01	 1.0887e+00
9.1551e-01	 9.9723e-01	 5.4546e+01	 1.0600e+00	 5.4546e+01	 1.0885e+00
9.1643e-01	 9.9724e-01	 5.4517e+01	 1.0600e+00	 5.4517e+01	 1.0879e+00
9.1734e-01	 9.9724e-01	 5.4489e+01	 1.0600e+00	 5.4489e+01	 1.0873e+00
9.1826e-01	 9.9725e-01	 5.4460e+01	 1.0600e+00	 5.4460e+01	 1.0869e+00
9.1918e-01	 9.9724e-01	 5.4432e+01	 1.0600e+00	 5.4432e+01	 1.0865e+00
9.2010e-01	 9.9726e-01	 5.4403e+01	 1.0600e+00	 5.4403e+01	 1.0867e+00
9.2102e-01	 9.9726e-01	 5.4375e+01	 1.0599e+00	 5.4375e+01	 1.0869e+00
9.2195e-01	 9.9726e-01	 5.4347e+01	 1.0599e+00	 5.4347e+01	 1.0874e+00
9.2287e-01	 9.9727e-01	 5.4318e+01	 1.0599e+00	 5.4318e+01	 1.0879e+00
9.2379e-01	 9.9727e-01	 5.4290e+01	 1.0599e+00	 5.4290e+01	 1.0879e+00
9.2472e-01	 9.9728e-01	 5.4261e+01	 1.0599e+00	 5.4261e+01	 1.0879e+00
9.2564e-01	 9.9728e-01	 5.4233e+01	 1.0599e+00	 5.4233e+01	 1.0877e+00
9.2657e-01	 9.9729e-01	 5.4204e+01	 1.0599e+00	 5.4204e+01	 1.0877e+00
9.2749e-01	 9.9729e-01	 5.4176e+01	 1.0598e+00	 5.4176e+01	 1.0880e+00
9.2842e-01	 9.9730e-01	 5.4148e+01	 1.0598e+00	 5.4148e+01	 1.0884e+00
9.2935e-01	 9.9731e-01	 5.4119e+01	 1.0598e+00	 5.4119e+01	 1.0894e+00
9.3028e-01	 9.9731e-01	 5.4091e+01	 1.0598e+00	 5.4091e+01	 1.0900e+00
9.3121e-01	 9.9733e-01	 5.4063e+01	 1.0598e+00	 5.4063e+01	 1.0908e+00
9.3214e-01	 9.9732e-01	 5.4034e+01	 1.0598e+00	 5.4034e+01	 1.0911e+00
9.3307e-01	 9.9734e-01	 5.4006e+01	 1.0597e+00	 5.4006e+01	 1.0911e+00
9.3400e-01	 9.9733e-01	 5.3978e+01	 1.0597e+00	 5.3978e+01	 1.0911e+00
9.3494e-01	 9.9734e-01	 5.3950e+01	 1.0597e+00	 5.3950e+01	 1.0908e+00
9.3587e-01	 9.9735e-01	 5.3921e+01	 1.0597e+00	 5.3921e+01	 1.0911e+00
9.3681e-01	 9.9734e-01	 5.3893e+01	 1.0596e+00	 5.3893e+01	 1.0914e+00
9.3774e-01	 9.9736e-01	 5.3865e+01	 1.0596e+00	 5.3865e+01	 1.0919e+00
9.3868e-01	 9.9735e-01	 5.3837e+01	 1.0596e+00	 5.3837e+01	 1.0926e+00
9.3962e-01	 9.9736e-01	 5.3808e+01	 1.0595e+00	 5.3808e+01	 1.0929e+00
9.4056e-01	 9.9735e-01	 5.3780e+01	 1.0595e+00	 5.3780e+01	 1.0932e+00
9.4150e-01	 9.9736e-01	 5.3752e+01	 1.0594e+00	 5.3752e+01	 1.0928e+00
9.4244e-01	 9.9736e-01	 5.3724e+01	 1.0594e+00	 5.3724e+01	 1.0925e+00
9.4338e-01	 9.9735e-01	 5.3696e+01	 1.0593e+00	 5.3696e+01	 1.0922e+00
9.4432e-01	 9.9736e-01	 5.3667e+01	 1.0593e+00	 5.3667e+01	 1.0919e+00
9.4527e-01	 9.9735e-01	 5.3639e+01	 1.0592e+00	 5.3639e+01	 1.0921e+00
9.4621e-01	 9.9735e-01	 5.3611e+01	 1.0591e+00	 5.3611e+01	 1.0922e+00
9.4715e-01	 9.9734e-01	 5.3583e+01	 1.0591e+00	 5.3583e+01	 1.0925e+00
9.4810e-01	 9.9734e-01	 5.3555e+01	 1.0590e+00	 5.3555e+01	 1.0926e+00
9.4905e-01	 9.9733e-01	 5.3527e+01	 1.0589e+00	 5.3527e+01	 1.0923e+00
9.4999e-01	 9.9733e-01	 5.3498e+01	 1.0588e+00	 5.3498e+01	 1.0919e+00
9.5094e-01	 9.9733e-01	 5.3470e+01	 1.0588e+00	 5.3470e+01	 1.0912e+00
9.5189e-01	 9.9731e-01	 5.3442e+01	 1.0587e+00	 5.3442e+01	 1.0910e+00
9.5284e-01	 9.9732e-01	 5.3414e+01	 1.0586e+00	 5.3414e+01	 1.0908e+00
9.5379e-01	 9.9730e-01	 5.3386e+01	 1.0585e+00	 5.3386e+01	 1.0910e+00
9.5474e-01	 9.9729e-01	 5.3358e+01	 1.0584e+00	 5.3358e+01	 1.0916e+00
9.5570e-01	 9.9728e-01	 5.3330e+01	 1.0583e+00	 5.3330e+01	 1.0920e+00
9.5665e-01	 9.9726e-01	 5.3302e+01	 1.0582e+00	 5.3302e+01	 1.0925e+00
9.5761e-01	 9.9726e-01	 5.3274e+01	 1.0582e+00	 5.3274e+01	 1.0924e+00
9.5856e-01	 9.9724e-01	 5.3246e+01	 1.0581e+00	 5.3246e+01	 1.0922e+00
9.5952e-01	 9.9724e-01	 5.3218e+01	 1.0580e+00	 5.3218e+01	 1.0917e+00
9.6047e-01	 9.9721e-01	 5.3190e+01	 1.0579e+00	 5.3190e+01	 1.0912e+00
9.6143e-01	 9.9721e-01	 5.3162e+01	 1.0578e+00	 5.3162e+01	 1.0911e+00
9.6239e-01	 9.9719e-01	 5.3134e+01	 1.0577e+00	 5.3134e+01	 1.0910e+00
9.6335e-01	 9.9717e-01	 5.3106e+01	 1.0576e+00	 5.3106e+01	 1.0913e+00
9.6431e-01	 9.9717e-01	 5.3078e+01	 1.0575e+00	 5.3078e+01	 1.0915e+00
9.6527e-01	 9.9714e-01	 5.3050e+01	 1.0574e+00	 5.3050e+01	 1.0914e+00
9.6623e-01	 9.9714e-01	 5.3022e+01	 1.0574e+00	 5.3022e+01	 1.0912e+00
9.6720e-01	 9.9711e-01	 5.2994e+01	 1.0573e+00	 5.2994e+01	 1.0905e+00
9.6816e-01	 9.9711e-01	 5.2966e+01	 1.0572e+00	 5.2966e+01	 1.0898e+00
9.6913e-01	 9.9709e-01	 5.2938e+01	 1.0571e+00	 5.2938e+01	 1.0891e+00
9.7009e-01	 9.9709e-01	 5.2910e+01	 1.0570e+00	 5.2910e+01	 1.0886e+00
9.7106e-01	 9.9710e-01	 5.2882e+01	 1.0569e+00	 5.2882e+01	 1.0885e+00
9.7203e-01	 9.9709e-01	 5.2854e+01	 1.0569e+00	 5.2854e+01	 1.0883e+00
9.7300e-01	 9.9711e-01	 5.2827e+01	 1.0568e+00	 5.2827e+01	 1.0883e+00
9.7396e-01	 9.9711e-01	 5.2799e+01	 1.0567e+00	 5.2799e+01	 1.0878e+00
9.7493e-01	 9.9713e-01	 5.2771e+01	 1.0566e+00	 5.2771e+01	 1.0870e+00
9.7591e-01	 9.9713e-01	 5.2743e+01	 1.0566e+00	 5.2743e+01	 1.0859e+00
9.7688e-01	 9.9713e-01	 5.2715e+01	 1.0565e+00	 5.2715e+01	 1.0845e+00
9.7785e-01	 9.9714e-01	 5.2687e+01	 1.0564e+00	 5.2687e+01	 1.0834e+00
9.7882e-01	 9.9713e-01	 5.2660e+01	 1.0563e+00	 5.2660e+01	 1.0823e+00
9.7980e-01	 9.9714e-01	 5.2632e+01	 1.0563e+00	 5.2632e+01	 1.0819e+00
9.8077e-01	 9.9712e-01	 5.2604e+01	 1.0562e+00	 5.2604e+01	 1.0816e+00
9.8175e-01	 9.9712e-01	 5.2576e+01	 1.0561e+00	 5.2576e+01	 1.0814e+00
9.8273e-01	 9.9711e-01	 5.2548e+01	 1.0561e+00	 5.2548e+01	 1.0814e+00
9.8371e-01	 9.9710e-01	 5.2521e+01	 1.0560e+00	 5.2521e+01	 1.0810e+00
9.8469e-01	 9.9709e-01	 5.2493e+01	 1.0559e+00	 5.2493e+01	 1.0807e+00
9.8567e-01	 9.9707e-01	 5.2465e+01	 1.0559e+00	 5.2465e+01	 1.0803e+00
9.8665e-01	 9.9707e-01	 5.2438e+01	 1.0558e+00	 5.2438e+01	 1.0802e+00
9.8763e-01	 9.9704e-01	 5.2410e+01	 1.0558e+00	 5.2410e+01	 1.0805e+00
9.8861e-01	 9.9703e-01	 5.2382e+01	 1.0557e+00	 5.2382e+01	 1.0808e+00
9.8960e-01	 9.9701e-01	 5.2354e+01	 1.0556e+00	 5.2354e+01	 1.0817e+00
9.9058e-01	 9.9699e-01	 5.2327e+01	 1.0556e+00	 5.2327e+01	 1.0823e+00
9.9157e-01	 9.9696e-01	 5.2299e+01	 1.0555e+00	 5.2299e+01	 1.0828e+00
9.9255e-01	 9.9693e-01	 5.2271e+01	 1.0555e+00	 5.2271e+01	 1.0829e+00
9.9354e-01	 9.9692e-01	 5.2244e+01	 1.0554e+00	 5.2244e+01	 1.0826e+00
9.9453e-01	 9.9688e-01	 5.2216e+01	 1.0554e+00	 5.2216e+01	 1.0823e+00
9.9552e-01	 9.9687e-01	 5.2189e+01	 1.0553e+00	 5.2189e+01	 1.0818e+00
9.9651e-01	 9.9684e-01	 5.2161e+01	 1.0553e+00	 5.2161e+01	 1.0817e+00
9.9750e-01	 9.9682e-01	 5.2133e+01	 1.0552e+00	 5.2133e+01	 1.0817e+00
9.9849e-01	 9.9681e-01	 5.2106e+01	 1.0552e+00	 5.2106e+01	 1.0819e+00
9.9948e-01	 9.9679e-01	 5.2078e+01	 1.0552e+00	 5.2078e+01	 1.0820e+00
1.0005e+00	 9.9679e-01	 5.2051e+01	 1.0551e+00	 5.2051e+01	 1.0817e+00
1.0015e+00	 9.9677e-01	 5.2023e+01	 1.0551e+00	 5.2023e+01	 1.0813e+00
1.0025e+00	 9.9677e-01	 5.1995e+01	 1.0551e+00	 5.1995e+01	 1.0804e+00
1.0035e+00	 9.9675e-01	 5.1968e+01	 1.0550e+00	 5.1968e+01	 1.0795e+00
1.0045e+00	 9.9675e-01	 5.1941e+01	 1.0550e+00	 5.1941e+01	 1.0786e+00
1.0055e+00	 9.9674e-01	 5.1913e+01	 1.0550e+00	 5.1913e+01	 1.0779e+00
1.0065e+00	 9.9672e-01	 5.1886e+01	 1.0550e+00	 5.1886e+01	 1.0777e+00
1.0075e+00	 9.9673e-01	 5.1858e+01	 1.0550e+00	 5.1858e+01	 1.0774e+00
1.0085e+00	 9.9670e-01	 5.1831e+01	 1.0549e+00	 5.1831e+01	 1.0774e+00
1.0095e+00	 9.9671e-01	 5.1803e+01	 1.0549e+00	 5.1803e+01	 1.0773e+00
1.0105e+00	 9.9669e-01	 5.1776e+01	 1.0549e+00	 5.1776e+01	 1.0770e+00
1.0115e+00	 9.9670e-01	 5.1748e+01	 1.0549e+00	 5.1748e+01	 1.0767e+00
1.0125e+00	 9.9670e-01	 5.1721e+01	 1.0549e+00	 5.1721e+01	 1.0764e+00
1.0135e+00	 9.9670e-01	 5.1693e+01	 1.0549e+00	 5.1693e+01	 1.0765e+00
1.0145e+00	 9.9672e-01	 5.1666e+01	 1.0549e+00	 5.1666e+01	 1.0770e+00
1.0155e+00	 9.9673e-01	 5.1639e+01	 1.0549e+00	 5.1639e+01	 1.0779e+00
1.0165e+00	 9.9676e-01	 5.1611e+01	 1.0549e+00	 5.1611e+01	 1.0793e+00
1.0175e+00	 9.9677e-01	 5.1584e+01	 1.0549e+00	 5.1584e+01	 1.0806e+00
1.0185e+00	 9.9680e-01	 5.1556e+01	 1.0549e+00	 5.1556e+01	 1.0820e+00
1.0195e+00	 9.9683e-01	 5.1529e+01	 1.0549e+00	 5.1529e+01	 1.0829e+00
1.0206e+00	 9.9685e-01	 5.1502e+01	 1.0549e+00	 5.1502e+01	 1.0837e+00
1.0216e+00	 9.9688e-01	 5.1474e+01	 1.0549e+00	 5.1474e+01	 1.0843e+00
1.0226e+00	 9.9689e-01	 5.1447e+01	 1.0549e+00	 5.1447e+01	 1.0848e+00
1.0236e+00	 9.9692e-01	 5.1420e+01	 1.0549e+00	 5.1420e+01	 1.0857e+00
1.0246e+00	 9.9692e-01	 5.1393e+01	 1.0549e+00	 5.1393e+01	 1.0865e+00
1.0256e+00	 9.9693e-01	 5.1365e+01	 1.0549e+00	 5.1365e+01	 1.0875e+00
1.0266e+00	 9.9693e-01	 5.1338e+01	 1.0550e+00	 5.1338e+01	 1.0884e+00
1.0277e+00	 9.9691e-01	 5.1311e+01	 1.0550e+00	 5.1311e+01	 1.0889e+00
1.0287e+00	 9.9691e-01	 5.1283e+01	 1.0550e+00	 5.1283e+01	 1.0892e+00
1.0297e+00	 9.9687e-01	 5.1256e+01	 1.0550e+00	 5.1256e+01	 1.0890e+00
1.0307e+00	 9.9686e-01	 5.1229e+01	 1.0550e+00	 5.1229e+01	 1.0888e+00
1.0317e+00	 9.9682e-01	 5.1202e+01	 1.0550e+00	 5.1202e+01	 1.0885e+00
1.0328e+00	 9.9681e-01	 5.1175e+01	 1.0550e+00	 5.1175e+01	 1.0884e+00
1.0338e+00	 9.9678e-01	 5.1147e+01	 1.0550e+00	 5.1147e+01	 1.0886e+00
1.0348e+00	 9.9675e-01	 5.1120e+01	 1.0551e+00	 5.1120e+01	 1.0887e+00
1.0358e+00	 9.9675e-01	 5.1093e+01	 1.0551e+00	 5.1093e+01	 1.0888e+00
1.0369e+00	 9.9672e-01	 5.1066e+01	 1.0551e+00	 5.1066e+01	 1.0884e+00
1.0379e+00	 9.9673e-01	 5.1039e+01	 1.0551e+00	 5.1039e+01	 1.0878e+00
1.0389e+00	 9.9672e-01	 5.1012e+01	 1.0551e+00	 5.1012e+01	 1.0868e+00
1.0400e+00	 9.9674e-01	 5.0985e+01	 1.0551e+00	 5.0985e+01	 1.0854e+00
1.0410e+00	 9.9675e-01	 5.0957e+01	 1.0551e+00	 5.0957e+01	 1.0844e+00
1.0420e+00	 9.9677e-01	 5.0930e+01	 1.0552e+00	 5.0930e+01	 1.0834e+00
1.0431e+00	 9.9680e-01	 5.0903e+01	 1.0552e+00	 5.0903e+01	 1.0828e+00
1.0441e+00	 9.9682e-01	 5.0876e+01	 1.0552e+00	 5.0876e+01	 1.0824e+00
1.0451e+00	 9.9686e-01	 5.0849e+01	 1.0552e+00	 5.0849e+01	 1.0820e+00
1.0462e+00	 9.9687e-01	 5.0822e+01	 1.0552e+00	 5.0822e+01	 1.0817e+00
1.0472e+00	 9.9691e-01	 5.0795e+01	 1.0552e+00	 5.0795e+01	 1.0809e+00
1.0482e+00	 9.9693e-01	 5.0768e+01	 1.0552e+00	 5.0768e+01	 1.0802e+00
1.0493e+00	 9.9696e-01	 5.0741e+01	 1.0552e+00	 5.0741e+01	 1.0793e+00
1.0503e+00	 9.9699e-01	 5.0714e+01	 1.0552e+00	 5.0714e+01	 1.0787e+00
1.0514e+00	 9.9700e-01	 5.0687e+01	 1.0552e+00	 5.0687e+01	 1.0785e+00
1.0524e+00	 9.9702e-01	 5.0660e+01	 1.0552e+00	 5.0660e+01	 1.0784e+00
1.0534e+00	 9.9702e-01	 5.0633e+01	 1.0552e+00	 5.0633e+01	 1.0786e+00
1.0545e+00	 9.9705e-01	 5.0606e+01	 1.0552e+00	 5.0606e+01	 1.0787e+00
1.0555e+00	 9.9705e-01	 5.0579e+01	 1.0552e+00	 5.0579e+01	 1.0786e+00
1.0566e+00	 9.9707e-01	 5.0552e+01	 1.0552e+00	 5.0552e+01	 1.0783e+00
1.0576e+00	 9.9708e-01	 5.0525e+01	 1.0551e+00	 5.0525e+01	 1.0775e+00
1.0587e+00	 9.9709e-01	 5.0499e+01	 1.0551e+00	 5.0499e+01	 1.0768e+00
1.0597e+00	 9.9712e-01	 5.0472e+01	 1.0551e+00	 5.0472e+01	 1.0761e+00
1.0608e+00	 9.9712e-01	 5.0445e+01	 1.0550e+00	 5.0445e+01	 1.0757e+00
1.0618e+00	 9.9716e-01	 5.0418e+01	 1.0550e+00	 5.0418e+01	 1.0756e+00
1.0629e+00	 9.9717e-01	 5.0391e+01	 1.0550e+00	 5.0391e+01	 1.0755e+00
1.0639e+00	 9.9720e-01	 5.0364e+01	 1.0549e+00	 5.0364e+01	 1.0755e+00
1.0650e+00	 9.9722e-01	 5.0337e+01	 1.0549e+00	 5.0337e+01	 1.0751e+00
1.0660e+00	 9.9724e-01	 5.0311e+01	 1.0548e+00	 5.0311e+01	 1.0746e+00
1.0671e+00	 9.9728e-01	 5.0284e+01	 1.0548e+00	 5.0284e+01	 1.0737e+00
1.0681e+00	 9.9729e-01	 5.0257e+01	 1.0547e+00	 5.0257e+01	 1.0727e+00
1.0692e+00	 9.9732e-01	 5.0230e+01	 1.0546e+00	 5.0230e+01	 1.0721e+00
1.0702e+00	 9.9732e-01	 5.0204e+01	 1.0545e+00	 5.0204e+01	 1.0715e+00
1.0713e+00	 9.9734e-01	 5.0177e+01	 1.0545e+00	 5.0177e+01	 1.0716e+00
1.0724e+00	 9.9735e-01	 5.0150e+01	 1.0544e+00	 5.0150e+01	 1.0717e+00
1.0734e+00	 9.9736e-01	 5.0123e+01	 1.0543e+00	 5.0123e+01	 1.0720e+00
1.0745e+00	 9.9738e-01	 5.0097e+01	 1.0542e+00	 5.0097e+01	 1.0723e+00
1.0755e+00	 9.9737e-01	 5.0070e+01	 1.0542e+00	 5.0070e+01	 1.0722e+00
1.0766e+00	 9.9739e-01	 5.0043e+01	 1.0541e+00	 5.0043e+01	 1.0722e+00
1.0777e+00	 9.9739e-01	 5.0017e+01	 1.0540e+00	 5.0017e+01	 1.0721e+00
1.0787e+00	 9.9741e-01	 4.9990e+01	 1.0539e+00	 4.9990e+01	 1.0723e+00
1.0798e+00	 9.9741e-01	 4.9963e+01	 1.0538e+00	 4.9963e+01	 1.0728e+00
1.0809e+00	 9.9741e-01	 4.9937e+01	 1.0537e+00	 4.9937e+01	 1.0736e+00
1.0819e+00	 9.9742e-01	 4.9910e+01	 1.0536e+00	 4.9910e+01	 1.0747e+00
1.0830e+00	 9.9741e-01	 4.9883e+01	 1.0535e+00	 4.9883e+01	 1.0757e+00
1.0841e+00	 9.9743e-01	 4.9857e+01	 1.0534e+00	 4.9857e+01	 1.0765e+00
1.0851e+00	 9.9743e-01	 4.9830e+01	 1.0533e+00	 4.9830e+01	 1.0769e+00
1.0862e+00	 9.9744e-01	 4.9804e+01	 1.0532e+00	 4.9804e+01	 1.0770e+00
1.0873e+00	 9.9746e-01	 4.9777e+01	 1.0531e+00	 4.9777e+01	 1.0771e+00
1.0884e+00	 9.9747e-01	 4.9751e+01	 1.0530e+00	 4.9751e+01	 1.0770e+00
1.0894e+00	 9.9751e-01	 4.9724e+01	 1.0529e+00	 4.9724e+01	 1.0773e+00
1.0905e+00	 9.9754e-01	 4.9698e+01	 1.0528e+00	 4.9698e+01	 1.0777e+00
1.0916e+00	 9.9759e-01	 4.9671e+01	 1.0526e+00	 4.9671e+01	 1.0782e+00
1.0927e+00	 9.9763e-01	 4.9645e+01	 1.0525e+00	 4.9645e+01	 1.0788e+00
1.0938e+00	 9.9770e-01	 4.9618e+01	 1.0524e+00	 4.9618e+01	 1.0789e+00
1.0948e+00	 9.9775e-01	 4.9592e+01	 1.0523e+00	 4.9592e+01	 1.0789e+00
1.0959e+00	 9.9782e-01	 4.9565e+01	 1.0522e+00	 4.9565e+01	 1.0784e+00
1.0970e+00	 9.9789e-01	 4.9539e+01	 1.0521e+00	 4.9539e+01	 1.0779e+00
1.0981e+00	 9.9794e-01	 4.9512e+01	 1.0520e+00	 4.9512e+01	 1.0775e+00
1.0992e+00	 9.9801e-01	 4.9486e+01	 1.0519e+00	 4.9486e+01	 1.0773e+00
1.1002e+00	 9.9806e-01	 4.9459e+01	 1.0518e+00	 4.9459e+01	 1.0775e+00
1.1013e+00	 9.9812e-01	 4.9433e+01	 1.0517e+00	 4.9433e+01	 1.0776e+00
1.1024e+00	 9.9816e-01	 4.9407e+01	 1.0516e+00	 4.9407e+01	 1.0778e+00
1.1035e+00	 9.9820e-01	 4.9380e+01	 1.0515e+00	 4.9380e+01	 1.0776e+00
1.1046e+00	 9.9824e-01	 4.9354e+01	 1.0514e+00	 4.9354e+01	 1.0771e+00
1.1057e+00	 9.9826e-01	 4.9328e+01	 1.0514e+00	 4.9328e+01	 1.0764e+00
1.1068e+00	 9.9829e-01	 4.9301e+01	 1.0513e+00	 4.9301e+01	 1.0755e+00
1.1079e+00	 9.9830e-01	 4.9275e+01	 1.0512e+00	 4.9275e+01	 1.0749e+00
1.1090e+00	 9.9832e-01	 4.9249e+01	 1.0511e+00	 4.9249e+01	 1.0744e+00
1.1101e+00	 9.9832e-01	 4.9222e+01	 1.0510e+00	 4.9222e+01	 1.0743e+00
1.1112e+00	 9.9831e-01	 4.9196e+01	 1.0509e+00	 4.9196e+01	 1.0744e+00
1.1122e+00	 9.9830e-01	 4.9170e+01	 1.0509e+00	 4.9170e+01	 1.0743e+00
1.1134e+00	 9.9826e-01	 4.9144e+01	 1.0508e+00	 4.9144e+01	 1.0743e+00
1.1144e+00	 9.9823e-01	 4.9117e+01	 1.0507e+00	 4.9117e+01	 1.0737e+00
1.1156e+00	 9.9817e-01	 4.9091e+01	 1.0506e+00	 4.9091e+01	 1.0731e+00
1.1166e+00	 9.9812e-01	 4.9065e+01	 1.0506e+00	 4.9065e+01	 1.0724e+00
1.1178e+00	 9.9804e-01	 4.9039e+01	 1.0505e+00	 4.9039e+01	 1.0718e+00
1.1188e+00	 9.9797e-01	 4.9012e+01	 1.0504e+00	 4.9012e+01	 1.0716e+00
1.1200e+00	 9.9790e-01	 4.8986e+01	 1.0504e+00	 4.8986e+01	 1.0716e+00
1.1211e+00	 9.9782e-01	 4.8960e+01	 1.0503e+00	 4.8960e+01	 1.0719e+00
1.1222e+00	 9.9775e-01	 4.8934e+01	 1.0503e+00	 4.8934e+01	 1.0721e+00
1.1233e+00	 9.9766e-01	 4.8908e+01	 1.0502e+00	 4.8908e+01	 1.0721e+00
1.1244e+00	 9.9759e-01	 4.8882e+01	 1.0502e+00	 4.8882e+01	 1.0720e+00
1.1255e+00	 9.9751e-01	 4.8856e+01	 1.0501e+00	 4.8856e+01	 1.0715e+00
1.1266e+00	 9.9745e-01	 4.8830e+01	 1.0501e+00	 4.8830e+01	 1.0714e+00
1.1277e+00	 9.9739e-01	 4.8803e+01	 1.0500e+00	 4.8803e+01	 1.0713e+00
1.1288e+00	 9.9733e-01	 4.8777e+01	 1.0500e+00	 4.8777e+01	 1.0717e+00
1.1299e+00	 9.9730e-01	 4.8751e+01	 1.0499e+00	 4.8751e+01	 1.0724e+00
1.1310e+00	 9.9724e-01	 4.8725e+01	 1.0499e+00	 4.8725e+01	 1.0732e+00
1.1322e+00	 9.9721e-01	 4.8699e+01	 1.0499e+00	 4.8699e+01	 1.0742e+00
1.1333e+00	 9.9717e-01	 4.8673e+01	 1.0498e+00	 4.8673e+01	 1.0746e+00
1.1344e+00	 9.9715e-01	 4.8647e+01	 1.0498e+00	 4.8647e+01	 1.0748e+00
1.1355e+00	 9.9713e-01	 4.8621e+01	 1.0497e+00	 4.8621e+01	 1.0747e+00
1.1366e+00	 9.9712e-01	 4.8595e+01	 1.0497e+00	 4.8595e+01	 1.0743e+00
1.1377e+00	 9.9712e-01	 4.8569e+01	 1.0497e+00	 4.8569e+01	 1.0741e+00
1.1389e+00	 9.9711e-01	 4.8544e+01	 1.0497e+00	 4.8544e+01	 1.0739e+00
1.1400e+00	 9.9714e-01	 4.8518e+01	 1.0496e+00	 4.8518e+01	 1.0741e+00
1.1411e+00	 9.9714e-01	 4.8492e+01	 1.0496e+00	 4.8492e+01	 1.0742e+00
1.1422e+00	 9.9717e-01	 4.8466e+01	 1.0496e+00	 4.8466e+01	 1.0741e+00
1.1434e+00	 9.9719e-01	 4.8440e+01	 1.0496e+00	 4.8440e+01	 1.0739e+00
1.1445e+00	 9.9722e-01	 4.8414e+01	 1.0495e+00	 4.8414e+01	 1.0730e+00
1.1456e+00	 9.9726e-01	 4.8388e+01	 1.0495e+00	 4.8388e+01	 1.0722e+00
1.1467e+00	 9.9729e-01	 4.8362e+01	 1.0495e+00	 4.8362e+01	 1.0711e+00
1.1479e+00	 9.9734e-01	 4.8336e+01	 1.0495e+00	 4.8336e+01	 1.0703e+00
1.1490e+00	 9.9737e-01	 4.8311e+01	 1.0494e+00	 4.8311e+01	 1.0698e+00
1.1501e+00	 9.9742e-01	 4.8285e+01	 1.0494e+00	 4.8285e+01	 1.0694e+00
1.1513e+00	 9.9746e-01	 4.8259e+01	 1.0494e+00	 4.8259e+01	 1.0694e+00
1.1524e+00	 9.9750e-01	 4.8233e+01	 1.0493e+00	 4.8233e+01	 1.0692e+00
1.1535e+00	 9.9756e-01	 4.8208e+01	 1.0493e+00	 4.8208e+01	 1.0690e+00
1.1547e+00	 9.9759e-01	 4.8182e+01	 1.0492e+00	 4.8182e+01	 1.0685e+00
1.1558e+00	 9.9764e-01	 4.8156e+01	 1.0492e+00	 4.8156e+01	 1.0677e+00
1.1569e+00	 9.9767e-01	 4.8130e+01	 1.0492e+00	 4.8130e+01	 1.0672e+00
1.1581e+00	 9.9771e-01	 4.8104e+01	 1.0491e+00	 4.8104e+01	 1.0667e+00
1.1592e+00	 9.9774e-01	 4.8079e+01	 1.0491e+00	 4.8079e+01	 1.0668e+00
1.1604e+00	 9.9776e-01	 4.8053e+01	 1.0490e+00	 4.8053e+01	 1.0671e+00
1.1615e+00	 9.9778e-01	 4.8027e+01	 1.0489e+00	 4.8027e+01	 1.0676e+00
1.1626e+00	 9.9777e-01	 4.8002e+01	 1.0489e+00	 4.8002e+01	 1.0682e+00
1.1638e+00	 9.9778e-01	 4.7976e+01	 1.0488e+00	 4.7976e+01	 1.0685e+00
1.1649e+00	 9.9776e-01	 4.7950e+01	 1.0487e+00	 4.7950e+01	 1.0688e+00
1.1661e+00	 9.9775e-01	 4.7925e+01	 1.0487e+00	 4.7925e+01	 1.0687e+00
1.1672e+00	 9.9773e-01	 4.7899e+01	 1.0486e+00	 4.7899e+01	 1.0687e+00
1.1684e+00	 9.9770e-01	 4.7874e+01	 1.0485e+00	 4.7874e+01	 1.0690e+00
1.1695e+00	 9.9768e-01	 4.7848e+01	 1.0484e+00	 4.7848e+01	 1.0694e+00
1.1707e+00	 9.9765e-01	 4.7822e+01	 1.0484e+00	 4.7822e+01	 1.0702e+00
1.1718e+00	 9.9763e-01	 4.7797e+01	 1.0483e+00	 4.7797e+01	 1.0710e+00
1.1730e+00	 9.9760e-01	 4.7771e+01	 1.0482e+00	 4.7771e+01	 1.0719e+00
1.1741e+00	 9.9758e-01	 4.7746e+01	 1.0481e+00	 4.7746e+01	 1.0724e+00
1.1753e+00	 9.9756e-01	 4.7720e+01	 1.0480e+00	 4.7720e+01	 1.0725e+00
1.1764e+00	 9.9754e-01	 4.7695e+01	 1.0479e+00	 4.7695e+01	 1.0724e+00
1.1776e+00	 9.9753e-01	 4.7669e+01	 1.0478e+00	 4.7669e+01	 1.0721e+00
1.1787e+00	 9.9751e-01	 4.7644e+01	 1.0477e+00	 4.7644e+01	 1.0719e+00
1.1799e+00	 9.9752e-01	 4.7618e+01	 1.0476e+00	 4.7618e+01	 1.0719e+00
1.1811e+00	 9.9750e-01	 4.7593e+01	 1.0475e+00	 4.7593e+01	 1.0721e+00
1.1822e+00	 9.9751e-01	 4.7567e+01	 1.0474e+00	 4.7567e+01	 1.0723e+00
1.1834e+00	 9.9750e-01	 4.7542e+01	 1.0473e+00	 4.7542e+01	 1.0722e+00
1.1845e+00	 9.9750e-01	 4.7516e+01	 1.0471e+00	 4.7516e+01	 1.0721e+00
1.1857e+00	 9.9751e-01	 4.7491e+01	 1.0470e+00	 4.7491e+01	 1.0715e+00
1.1869e+00	 9.9751e-01	 4.7466e+01	 1.0469e+00	 4.7466e+01	 1.0707e+00
1.1880e+00	 9.9753e-01	 4.7440e+01	 1.0468e+00	 4.7440e+01	 1.0699e+00
1.1892e+00	 9.9752e-01	 4.7415e+01	 1.0467e+00	 4.7415e+01	 1.0693e+00
1.1904e+00	 9.9754e-01	 4.7390e+01	 1.0466e+00	 4.7390e+01	 1.0691e+00
1.1915e+00	 9.9754e-01	 4.7364e+01	 1.0465e+00	 4.7364e+01	 1.0691e+00
1.1927e+00	 9.9756e-01	 4.7339e+01	 1.0464e+00	 4.7339e+01	 1.0695e+00
1.1939e+00	 9.9758e-01	 4.7314e+01	 1.0463e+00	 4.7314e+01	 1.0698e+00
1.1951e+00	 9.9758e-01	 4.7288e+01	 1.0462e+00	 4.7288e+01	 1.0699e+00
1.1962e+00	 9.9761e-01	 4.7263e+01	 1.0461e+00	 4.7263e+01	 1.0700e+00
1.1974e+00	 9.9761e-01	 4.7238e+01	 1.0460e+00	 4.7238e+01	 1.0698e+00
1.1986e+00	 9.9764e-01	 4.7212e+01	 1.0458e+00	 4.7212e+01	 1.0699e+00
1.1998e+00	 9.9764e-01	 4.7187e+01	 1.0457e+00	 4.7187e+01	 1.0700e+00
1.2009e+00	 9.9764e-01	 4.7162e+01	 1.0457e+00	 4.7162e+01	 1.0706e+00
1.2021e+00	 9.9765e-01	 4.7137e+01	 1.0456e+00	 4.7137e+01	 1.0715e+00
1.2033e+00	 9.9764e-01	 4.7112e+01	 1.0455e+00	 4.7112e+01	 1.0724e+00
1.2045e+00	 9.9764e-01	 4.7086e+01	 1.0454e+00	 4.7086e+01	 1.0735e+00
1.2057e+00	 9.9763e-01	 4.7061e+01	 1.0453e+00	 4.7061e+01	 1.0740e+00
1.2068e+00	 9.9763e-01	 4.7036e+01	 1.0453e+00	 4.7036e+01	 1.0743e+00
1.2080e+00	 9.9762e-01	 4.7011e+01	 1.0452e+00	 4.7011e+01	 1.0744e+00
1.2092e+00	 9.9762e-01	 4.6986e+01	 1.0452e+00	 4.6986e+01	 1.0742e+00
1.2104e+00	 9.9763e-01	 4.6961e+01	 1.0451e+00	 4.6961e+01	 1.0743e+00
1.2116e+00	 9.9762e-01	 4.6936e+01	 1.0451e+00	 4.6936e+01	 1.0743e+00
1.2128e+00	 9.9764e-01	 4.6911e+01	 1.0450e+00	 4.6911e+01	 1.0747e+00
1.2140e+00	 9.9763e-01	 4.6886e+01	 1.0450e+00	 4.6886e+01	 1.0750e+00
1.2151e+00	 9.9765e-01	 4.6861e+01	 1.0450e+00	 4.6861e+01	 1.0751e+00
1.2163e+00	 9.9764e-01	 4.6836e+01	 1.0450e+00	 4.6836e+01	 1.0750e+00
1.2175e+00	 9.9765e-01	 4.6811e+01	 1.0449e+00	 4.6811e+01	 1.0744e+00
1.2187e+00	 9.9766e-01	 4.6786e+01	 1.0449e+00	 4.6786e+01	 1.0739e+00
1.2199e+00	 9.9767e-01	 4.6761e+01	 1.0449e+00	 4.6761e+01	 1.0732e+00
1.2211e+00	 9.9770e-01	 4.6736e+01	 1.0450e+00	 4.6736e+01	 1.0728e+00
1.2223e+00	 9.9772e-01	 4.6711e+01	 1.0450e+00	 4.6711e+01	 1.0728e+00
1.2235e+00	 9.9776e-01	 4.6686e+01	 1.0450e+00	 4.6686e+01	 1.0730e+00
1.2247e+00	 9.9778e-01	 4.6661e+01	 1.0450e+00	 4.6661e+01	 1.0735e+00
1.2259e+00	 9.9783e-01	 4.6636e+01	 1.0450e+00	 4.6636e+01	 1.0738e+00
1.2271e+00	 9.9786e-01	 4.6611e+01	 1.0451e+00	 4.6611e+01	 1.0740e+00
1.2283e+00	 9.9790e-01	 4.6586e+01	 1.0451e+00	 4.6586e+01	 1.0739e+00
1.2295e+00	 9.9794e-01	 4.6561e+01	 1.0452e+00	 4.6561e+01	 1.0736e+00
1.2307e+00	 9.9796e-01	 4.6536e+01	 1.0452e+00	 4.6536e+01	 1.0734e+00
1.2319e+00	 9.9799e-01	 4.6511e+01	 1.0453e+00	 4.6511e+01	 1.0732e+00
1.2331e+00	 9.9800e-01	 4.6487e+01	 1.0453e+00	 4.6487e+01	 1.0736e+00
1.2343e+00	 9.9802e-01	 4.6462e+01	 1.0454e+00	 4.6462e+01	 1.0741e+00
1.2355e+00	 9.9802e-01	 4.6437e+01	 1.0454e+00	 4.6437e+01	 1.0747e+00
1.2368e+00	 9.9802e-01	 4.6412e+01	 1.0455e+00	 4.6412e+01	 1.0755e+00
1.2380e+00	 9.9802e-01	 4.6387e+01	 1.0456e+00	 4.6387e+01	 1.0757e+00
1.2392e+00	 9.9800e-01	 4.6363e+01	 1.0456e+00	 4.6363e+01	 1.0759e+00
1.2404e+00	 9.9801e-01	 4.6338e+01	 1.0457e+00	 4.6338e+01	 1.0758e+00
1.2416e+00	 9.9798e-01	 4.6313e+01	 1.0458e+00	 4.6313e+01	 1.0757e+00
1.2428e+00	 9.9798e-01	 4.6289e+01	 1.0459e+00	 4.6289e+01	 1.0759e+00
1.2441e+00	 9.9797e-01	 4.6264e+01	 1.0460e+00	 4.6264e+01	 1.0761e+00
1.2453e+00	 9.9796e-01	 4.6239e+01	 1.0461e+00	 4.6239e+01	 1.0768e+00
1.2465e+00	 9.9796e-01	 4.6214e+01	 1.0461e+00	 4.6214e+01	 1.0773e+00
1.2477e+00	 9.9794e-01	 4.6190e+01	 1.0462e+00	 4.6190e+01	 1.0777e+00
1.2489e+00	 9.9795e-01	 4.6165e+01	 1.0463e+00	 4.6165e+01	 1.0779e+00
1.2502e+00	 9.9793e-01	 4.6140e+01	 1.0464e+00	 4.6140e+01	 1.0775e+00
1.2514e+00	 9.9793e-01	 4.6116e+01	 1.0465e+00	 4.6116e+01	 1.0771e+00
1.2526e+00	 9.9792e-01	 4.6091e+01	 1.0466e+00	 4.6091e+01	 1.0765e+00
1.2538e+00	 9.9791e-01	 4.6067e+01	 1.0466e+00	 4.6067e+01	 1.0762e+00
1.2550e+00	 9.9792e-01	 4.6042e+01	 1.0467e+00	 4.6042e+01	 1.0761e+00
1.2563e+00	 9.9791e-01	 4.6017e+01	 1.0468e+00	 4.6017e+01	 1.0763e+00
1.2575e+00	 9.9793e-01	 4.5993e+01	 1.0469e+00	 4.5993e+01	 1.0766e+00
1.2587e+00	 9.9792e-01	 4.5968e+01	 1.0470e+00	 4.5968e+01	 1.0766e+00
1.2600e+00	 9.9795e-01	 4.5944e+01	 1.0470e+00	 4.5944e+01	 1.0766e+00
1.2612e+00	 9.9797e-01	 4.5919e+01	 1.0471e+00	 4.5919e+01	 1.0761e+00
1.2624e+00	 9.9800e-01	 4.5895e+01	 1.0472e+00	 4.5895e+01	 1.0754e+00
1.2637e+00	 9.9805e-01	 4.5870e+01	 1.0472e+00	 4.5870e+01	 1.0749e+00
1.2649e+00	 9.9809e-01	 4.5846e+01	 1.0473e+00	 4.5846e+01	 1.0744e+00
1.2661e+00	 9.9816e-01	 4.5822e+01	 1.0473e+00	 4.5822e+01	 1.0744e+00
1.2674e+00	 9.9821e-01	 4.5797e+01	 1.0474e+00	 4.5797e+01	 1.0744e+00
1.2686e+00	 9.9829e-01	 4.5773e+01	 1.0474e+00	 4.5773e+01	 1.0748e+00
1.2699e+00	 9.9835e-01	 4.5748e+01	 1.0475e+00	 4.5748e+01	 1.0751e+00
1.2711e+00	 9.9842e-01	 4.5724e+01	 1.0475e+00	 4.5724e+01	 1.0751e+00
1.2724e+00	 9.9849e-01	 4.5699e+01	 1.0476e+00	 4.5699e+01	 1.0752e+00
1.2736e+00	 9.9855e-01	 4.5675e+01	 1.0476e+00	 4.5675e+01	 1.0749e+00
1.2748e+00	 9.9862e-01	 4.5651e+01	 1.0476e+00	 4.5651e+01	 1.0748e+00
1.2761e+00	 9.9866e-01	 4.5626e+01	 1.0476e+00	 4.5626e+01	 1.0749e+00
1.2773e+00	 9.9873e-01	 4.5602e+01	 1.0477e+00	 4.5602e+01	 1.0753e+00
1.2786e+00	 9.9876e-01	 4.5578e+01	 1.0477e+00	 4.5578e+01	 1.0761e+00
1.2798e+00	 9.9881e-01	 4.5553e+01	 1.0477e+00	 4.5553e+01	 1.0768e+00
1.2811e+00	 9.9885e-01	 4.5529e+01	 1.0477e+00	 4.5529e+01	 1.0776e+00
1.2823e+00	 9.9888e-01	 4.5505e+01	 1.0477e+00	 4.5505e+01	 1.0779e+00
1.2836e+00	 9.9892e-01	 4.5481e+01	 1.0477e+00	 4.5481e+01	 1.0778e+00
1.2848e+00	 9.9892e-01	 4.5456e+01	 1.0477e+00	 4.5456e+01	 1.0777e+00
1.2861e+00	 9.9894e-01	 4.5432e+01	 1.0477e+00	 4.5432e+01	 1.0772e+00
1.2873e+00	 9.9894e-01	 4.5408e+01	 1.0477e+00	 4.5408e+01	 1.0771e+00
1.2886e+00	 9.9894e-01	 4.5384e+01	 1.0477e+00	 4.5384e+01	 1.0770e+00
1.2899e+00	 9.9893e-01	 4.5360e+01	 1.0477e+00	 4.5360e+01	 1.0772e+00
1.2911e+00	 9.9891e-01	 4.5336e+01	 1.0477e+00	 4.5336e+01	 1.0774e+00
1.2924e+00	 9.9889e-01	 4.5311e+01	 1.0476e+00	 4.5311e+01	 1.0774e+00
1.2936e+00	 9.9883e-01	 4.5287e+01	 1.0476e+00	 4.5287e+01	 1.0772e+00
1.2949e+00	 9.9879e-01	 4.5263e+01	 1.0476e+00	 4.5263e+01	 1.0764e+00
1.2962e+00	 9.9873e-01	 4.5239e+01	 1.0476e+00	 4.5239e+01	 1.0757e+00
1.2974e+00	 9.9867e-01	 4.5215e+01	 1.0476e+00	 4.5215e+01	 1.0749e+00
1.2987e+00	 9.9860e-01	 4.5191e+01	 1.0475e+00	 4.5191e+01	 1.0742e+00
1.3000e+00	 9.9853e-01	 4.5167e+01	 1.0475e+00	 4.5167e+01	 1.0740e+00
1.3013e+00	 9.9847e-01	 4.5143e+01	 1.0475e+00	 4.5143e+01	 1.0738e+00
1.3025e+00	 9.9838e-01	 4.5119e+01	 1.0475e+00	 4.5119e+01	 1.0740e+00
1.3038e+00	 9.9832e-01	 4.5095e+01	 1.0474e+00	 4.5095e+01	 1.0739e+00
1.3051e+00	 9.9823e-01	 4.5071e+01	 1.0474e+00	 4.5071e+01	 1.0736e+00
1.3063e+00	 9.9816e-01	 4.5047e+01	 1.0474e+00	 4.5047e+01	 1.0731e+00
1.3076e+00	 9.9809e-01	 4.5023e+01	 1.0473e+00	 4.5023e+01	 1.0723e+00
1.3089e+00	 9.9802e-01	 4.4999e+01	 1.0473e+00	 4.4999e+01	 1.0719e+00
1.3102e+00	 9.9797e-01	 4.4975e+01	 1.0473e+00	 4.4975e+01	 1.0714e+00
1.3114e+00	 9.9790e-01	 4.4951e+01	 1.0472e+00	 4.4951e+01	 1.0715e+00
1.3127e+00	 9.9787e-01	 4.4927e+01	 1.0472e+00	 4.4927e+01	 1.0718e+00
1.3140e+00	 9.9781e-01	 4.4903e+01	 1.0472e+00	 4.4903e+01	 1.0722e+00
1.3153e+00	 9.9779e-01	 4.4879e+01	 1.0471e+00	 4.4879e+01	 1.0728e+00
1.3166e+00	 9.9777e-01	 4.4855e+01	 1.0471e+00	 4.4855e+01	 1.0729e+00
1.3178e+00	 9.9775e-01	 4.4832e+01	 1.0470e+00	 4.4832e+01	 1.0730e+00
1.3191e+00	 9.9775e-01	 4.4808e+01	 1.0470e+00	 4.4808e+01	 1.0728e+00
1.3204e+00	 9.9773e-01	 4.4784e+01	 1.0469e+00	 4.4784e+01	 1.0727e+00
1.3217e+00	 9.9775e-01	 4.4760e+01	 1.0469e+00	 4.4760e+01	 1.0729e+00
1.3230e+00	 9.9774e-01	 4.4736e+01	 1.0468e+00	 4.4736e+01	 1.0730e+00
1.3243e+00	 9.9776e-01	 4.4712e+01	 1.0468e+00	 4.4712e+01	 1.0736e+00
1.3256e+00	 9.9776e-01	 4.4689e+01	 1.0467e+00	 4.4689e+01	 1.0740e+00
1.3269e+00	 9.9777e-01	 4.4665e+01	 1.0467e+00	 4.4665e+01	 1.0742e+00
1.3282e+00	 9.9779e-01	 4.4641e+01	 1.0466e+00	 4.4641e+01	 1.0742e+00
1.3295e+00	 9.9779e-01	 4.4618e+01	 1.0466e+00	 4.4618e+01	 1.0736e+00
1.3308e+00	 9.9781e-01	 4.4594e+01	 1.0465e+00	 4.4594e+01	 1.0729e+00
1.3321e+00	 9.9780e-01	 4.4570e+01	 1.0465e+00	 4.4570e+01	 1.0721e+00
1.3334e+00	 9.9782e-01	 4.4547e+01	 1.0464e+00	 4.4547e+01	 1.0715e+00
1.3347e+00	 9.9782e-01	 4.4523e+01	 1.0464e+00	 4.4523e+01	 1.0713e+00
1.3360e+00	 9.9783e-01	 4.4499e+01	 1.0463e+00	 4.4499e+01	 1.0712e+00
1.3373e+00	 9.9784e-01	 4.4476e+01	 1.0463e+00	 4.4476e+01	 1.0714e+00
1.3386e+00	 9.9785e-01	 4.4452e+01	 1.0462e+00	 4.4452e+01	 1.0712e+00
1.3399e+00	 9.9787e-01	 4.4428e+01	 1.0462e+00	 4.4428e+01	 1.0709e+00
1.3412e+00	 9.9787e-01	 4.4405e+01	 1.0461e+00	 4.4405e+01	 1.0703e+00
1.3425e+00	 9.9790e-01	 4.4381e+01	 1.0461e+00	 4.4381e+01	 1.0694e+00
1.3438e+00	 9.9790e-01	 4.4358e+01	 1.0460e+00	 4.4358e+01	 1.0688e+00
1.3451e+00	 9.9791e-01	 4.4334e+01	 1.0460e+00	 4.4334e+01	 1.0682e+00
1.3464e+00	 9.9791e-01	 4.4311e+01	 1.0459e+00	 4.4311e+01	 1.0681e+00
1.3477e+00	 9.9790e-01	 4.4287e+01	 1.0459e+00	 4.4287e+01	 1.0682e+00
1.3490e+00	 9.9791e-01	 4.4263e+01	 1.0458e+00	 4.4263e+01	 1.0683e+00
1.3503e+00	 9.9788e-01	 4.4240e+01	 1.0458e+00	 4.4240e+01	 1.0685e+00
1.3517e+00	 9.9788e-01	 4.4217e+01	 1.0457e+00	 4.4217e+01	 1.0683e+00
1.3530e+00	 9.9786e-01	 4.4193e+01	 1.0457e+00	 4.4193e+01	 1.0680e+00
1.3543e+00	 9.9785e-01	 4.4170e+01	 1.0457e+00	 4.4170e+01	 1.0674e+00
1.3556e+00	 9.9785e-01	 4.4146e+01	 1.0457e+00	 4.4146e+01	 1.0670e+00
1.3569e+00	 9.9783e-01	 4.4123e+01	 1.0456e+00	 4.4123e+01	 1.0668e+00
1.3583e+00	 9.9784e-01	 4.4099e+01	 1.0456e+00	 4.4099e+01	 1.0667e+00
1.3596e+00	 9.9783e-01	 4.4076e+01	 1.0456e+00	 4.4076e+01	 1.0672e+00
1.3609e+00	 9.9785e-01	 4.4053e+01	 1.0456e+00	 4.4053e+01	 1.0674e+00
1.3622e+00	 9.9784e-01	 4.4029e+01	 1.0455e+00	 4.4029e+01	 1.0676e+00
1.3636e+00	 9.9785e-01	 4.4006e+01	 1.0455e+00	 4.4006e+01	 1.0675e+00
1.3649e+00	 9.9787e-01	 4.3983e+01	 1.0455e+00	 4.3983e+01	 1.0670e+00
1.3662e+00	 9.9788e-01	 4.3959e+01	 1.0455e+00	 4.3959e+01	 1.0665e+00
1.3675e+00	 9.9791e-01	 4.3936e+01	 1.0455e+00	 4.3936e+01	 1.0659e+00
1.3689e+00	 9.9791e-01	 4.3913e+01	 1.0455e+00	 4.3913e+01	 1.0657e+00
1.3702e+00	 9.9795e-01	 4.3890e+01	 1.0455e+00	 4.3890e+01	 1.0656e+00
1.3715e+00	 9.9796e-01	 4.3866e+01	 1.0455e+00	 4.3866e+01	 1.0659e+00
1.3729e+00	 9.9798e-01	 4.3843e+01	 1.0455e+00	 4.3843e+01	 1.0662e+00
1.3742e+00	 9.9800e-01	 4.3820e+01	 1.0455e+00	 4.3820e+01	 1.0663e+00
1.3756e+00	 9.9801e-01	 4.3797e+01	 1.0455e+00	 4.3797e+01	 1.0664e+00
1.3769e+00	 9.9804e-01	 4.3774e+01	 1.0456e+00	 4.3774e+01	 1.0660e+00
1.3782e+00	 9.9804e-01	 4.3750e+01	 1.0456e+00	 4.3750e+01	 1.0657e+00
1.3796e+00	 9.9806e-01	 4.3727e+01	 1.0456e+00	 4.3727e+01	 1.0653e+00
1.3809e+00	 9.9805e-01	 4.3704e+01	 1.0456e+00	 4.3704e+01	 1.0651e+00
1.3822e+00	 9.9807e-01	 4.3681e+01	 1.0456e+00	 4.3681e+01	 1.0653e+00
1.3836e+00	 9.9807e-01	 4.3658e+01	 1.0457e+00	 4.3658e+01	 1.0656e+00
1.3849e+00	 9.9807e-01	 4.3635e+01	 1.0457e+00	 4.3635e+01	 1.0660e+00
1.3863e+00	 9.9809e-01	 4.3612e+01	 1.0457e+00	 4.3612e+01	 1.0663e+00
1.3876e+00	 9.9809e-01	 4.3589e+01	 1.0457e+00	 4.3589e+01	 1.0661e+00
1.3890e+00	 9.9812e-01	 4.3566e+01	 1.0458e+00	 4.3566e+01	 1.0658e+00
1.3903e+00	 9.9812e-01	 4.3543e+01	 1.0458e+00	 4.3543e+01	 1.0651e+00
1.3917e+00	 9.9814e-01	 4.3520e+01	 1.0458e+00	 4.3520e+01	 1.0647e+00
1.3930e+00	 9.9815e-01	 4.3497e+01	 1.0458e+00	 4.3497e+01	 1.0643e+00
1.3944e+00	 9.9816e-01	 4.3474e+01	 1.0459e+00	 4.3474e+01	 1.0642e+00
1.3958e+00	 9.9818e-01	 4.3451e+01	 1.0459e+00	 4.3451e+01	 1.0645e+00
1.3971e+00	 9.9817e-01	 4.3428e+01	 1.0459e+00	 4.3428e+01	 1.0646e+00
1.3985e+00	 9.9819e-01	 4.3405e+01	 1.0460e+00	 4.3405e+01	 1.0648e+00
1.3998e+00	 9.9818e-01	 4.3382e+01	 1.0460e+00	 4.3382e+01	 1.0645e+00
1.4012e+00	 9.9819e-01	 4.3359e+01	 1.0460e+00	 4.3359e+01	 1.0640e+00
1.4025e+00	 9.9818e-01	 4.3336e+01	 1.0460e+00	 4.3336e+01	 1.0634e+00
1.4039e+00	 9.9817e-01	 4.3313e+01	 1.0460e+00	 4.3313e+01	 1.0627e+00
1.4053e+00	 9.9816e-01	 4.3290e+01	 1.0460e+00	 4.3290e+01	 1.0624e+00
1.4066e+00	 9.9813e-01	 4.3267e+01	 1.0460e+00	 4.3267e+01	 1.0623e+00
1.4080e+00	 9.9812e-01	 4.3244e+01	 1.0460e+00	 4.3244e+01	 1.0624e+00
1.4094e+00	 9.9808e-01	 4.3222e+01	 1.0460e+00	 4.3222e+01	 1.0626e+00
1.4107e+00	 9.9806e-01	 4.3199e+01	 1.0459e+00	 4.3199e+01	 1.0626e+00
1.4121e+00	 9.9803e-01	 4.3176e+01	 1.0459e+00	 4.3176e+01	 1.0625e+00
1.4135e+00	 9.9800e-01	 4.3153e+01	 1.0458e+00	 4.3153e+01	 1.0620e+00
1.4149e+00	 9.9798e-01	 4.3131e+01	 1.0458e+00	 4.3131e+01	 1.0615e+00
1.4162e+00	 9.9794e-01	 4.3108e+01	 1.0457e+00	 4.3108e+01	 1.0610e+00
1.4176e+00	 9.9793e-01	 4.3085e+01	 1.0457e+00	 4.3085e+01	 1.0609e+00
1.4190e+00	 9.9788e-01	 4.3062e+01	 1.0456e+00	 4.3062e+01	 1.0611e+00
1.4204e+00	 9.9786e-01	 4.3040e+01	 1.0455e+00	 4.3040e+01	 1.0613e+00
1.4218e+00	 9.9782e-01	 4.3017e+01	 1.0454e+00	 4.3017e+01	 1.0618e+00
1.4231e+00	 9.9778e-01	 4.2994e+01	 1.0454e+00	 4.2994e+01	 1.0620e+00
1.4245e+00	 9.9774e-01	 4.2971e+01	 1.0453e+00	 4.2971e+01	 1.0620e+00
1.4259e+00	 9.9769e-01	 4.2949e+01	 1.0452e+00	 4.2949e+01	 1.0616e+00
1.4273e+00	 9.9765e-01	 4.2926e+01	 1.0451e+00	 4.2926e+01	 1.0611e+00
1.4287e+00	 9.9759e-01	 4.2904e+01	 1.0450e+00	 4.2904e+01	 1.0607e+00
1.4301e+00	 9.9756e-01	 4.2881e+01	 1.0449e+00	 4.2881e+01	 1.0604e+00
1.4314e+00	 9.9751e-01	 4.2858e+01	 1.0448e+00	 4.2858e+01	 1.0605e+00
1.4328e+00	 9.9747e-01	 4.2836e+01	 1.0446e+00	 4.2836e+01	 1.0609e+00
1.4342e+00	 9.9745e-01	 4.2813e+01	 1.0445e+00	 4.2813e+01	 1.0612e+00
1.4356e+00	 9.9741e-01	 4.2791e+01	 1.0444e+00	 4.2791e+01	 1.0615e+00
1.4370e+00	 9.9741e-01	 4.2768e+01	 1.0443e+00	 4.2768e+01	 1.0614e+00
1.4384e+00	 9.9738e-01	 4.2746e+01	 1.0442e+00	 4.2746e+01	 1.0611e+00
1.4398e+00	 9.9739e-01	 4.2723e+01	 1.0441e+00	 4.2723e+01	 1.0606e+00
1.4412e+00	 9.9738e-01	 4.2701e+01	 1.0439e+00	 4.2701e+01	 1.0602e+00
1.4426e+00	 9.9738e-01	 4.2678e+01	 1.0438e+00	 4.2678e+01	 1.0600e+00
1.4440e+00	 9.9740e-01	 4.2656e+01	 1.0437e+00	 4.2656e+01	 1.0599e+00
1.4454e+00	 9.9741e-01	 4.2633e+01	 1.0435e+00	 4.2633e+01	 1.0601e+00
1.4468e+00	 9.9745e-01	 4.2611e+01	 1.0434e+00	 4.2611e+01	 1.0602e+00
1.4482e+00	 9.9747e-01	 4.2588e+01	 1.0433e+00	 4.2588e+01	 1.0601e+00
1.4496e+00	 9.9753e-01	 4.2566e+01	 1.0431e+00	 4.2566e+01	 1.0597e+00
1.4510e+00	 9.9757e-01	 4.2544e+01	 1.0430e+00	 4.2544e+01	 1.0588e+00
1.4524e+00	 9.9764e-01	 4.2521e+01	 1.0429e+00	 4.2521e+01	 1.0581e+00
1.4538e+00	 9.9770e-01	 4.2499e+01	 1.0427e+00	 4.2499e+01	 1.0571e+00
1.4552e+00	 9.9777e-01	 4.2477e+01	 1.0426e+00	 4.2477e+01	 1.0567e+00
1.4567e+00	 9.9785e-01	 4.2454e+01	 1.0425e+00	 4.2454e+01	 1.0564e+00
1.4581e+00	 9.9791e-01	 4.2432e+01	 1.0423e+00	 4.2432e+01	 1.0565e+00
1.4595e+00	 9.9799e-01	 4.2410e+01	 1.0422e+00	 4.2410e+01	 1.0568e+00
1.4609e+00	 9.9805e-01	 4.2387e+01	 1.0421e+00	 4.2387e+01	 1.0568e+00
1.4623e+00	 9.9812e-01	 4.2365e+01	 1.0420e+00	 4.2365e+01	 1.0568e+00
1.4637e+00	 9.9818e-01	 4.2343e+01	 1.0419e+00	 4.2343e+01	 1.0564e+00
1.4651e+00	 9.9823e-01	 4.2321e+01	 1.0418e+00	 4.2321e+01	 1.0560e+00
1.4666e+00	 9.9828e-01	 4.2298e+01	 1.0416e+00	 4.2298e+01	 1.0558e+00
1.4680e+00	 9.9830e-01	 4.2276e+01	 1.0415e+00	 4.2276e+01	 1.0557e+00
1.4694e+00	 9.9834e-01	 4.2254e+01	 1.0415e+00	 4.2254e+01	 1.0561e+00
1.4708e+00	 9.9835e-01	 4.2232e+01	 1.0414e+00	 4.2232e+01	 1.0565e+00
1.4723e+00	 9.9837e-01	 4.2210e+01	 1.0413e+00	 4.2210e+01	 1.0571e+00
1.4737e+00	 9.9838e-01	 4.2188e+01	 1.0412e+00	 4.2188e+01	 1.0575e+00
1.4751e+00	 9.9839e-01	 4.2166e+01	 1.0411e+00	 4.2166e+01	 1.0575e+00
1.4766e+00	 9.9841e-01	 4.2144e+01	 1.0411e+00	 4.2144e+01	 1.0575e+00
1.4780e+00	 9.9841e-01	 4.2121e+01	 1.0410e+00	 4.2121e+01	 1.0572e+00
1.4794e+00	 9.9843e-01	 4.2099e+01	 1.0409e+00	 4.2099e+01	 1.0572e+00
1.4808e+00	 9.9843e-01	 4.2077e+01	 1.0409e+00	 4.2077e+01	 1.0575e+00
1.4823e+00	 9.9845e-01	 4.2055e+01	 1.0408e+00	 4.2055e+01	 1.0579e+00
1.4837e+00	 9.9845e-01	 4.2033e+01	 1.0408e+00	 4.2033e+01	 1.0589e+00
1.4852e+00	 9.9845e-01	 4.2011e+01	 1.0407e+00	 4.2011e+01	 1.0596e+00
1.4866e+00	 9.9845e-01	 4.1989e+01	 1.0407e+00	 4.1989e+01	 1.0604e+00
1.4880e+00	 9.9843e-01	 4.1967e+01	 1.0407e+00	 4.1967e+01	 1.0607e+00
1.4895e+00	 9.9843e-01	 4.1945e+01	 1.0406e+00	 4.1945e+01	 1.0608e+00
1.4909e+00	 9.9840e-01	 4.1923e+01	 1.0406e+00	 4.1923e+01	 1.0608e+00
1.4924e+00	 9.9838e-01	 4.1902e+01	 1.0406e+00	 4.1902e+01	 1.0607e+00
1.4938e+00	 9.9834e-01	 4.1880e+01	 1.0406e+00	 4.1880e+01	 1.0610e+00
1.4952e+00	 9.9829e-01	 4.1858e+01	 1.0406e+00	 4.1858e+01	 1.0614e+00
1.4967e+00	 9.9825e-01	 4.1836e+01	 1.0406e+00	 4.1836e+01	 1.0620e+00
1.4982e+00	 9.9817e-01	 4.1814e+01	 1.0406e+00	 4.1814e+01	 1.0627e+00
1.4996e+00	 9.9812e-01	 4.1792e+01	 1.0406e+00	 4.1792e+01	 1.0631e+00
1.5010e+00	 9.9803e-01	 4.1770e+01	 1.0407e+00	 4.1770e+01	 1.0633e+00
1.5025e+00	 9.9796e-01	 4.1748e+01	 1.0407e+00	 4.1748e+01	 1.0631e+00
1.5040e+00	 9.9787e-01	 4.1727e+01	 1.0407e+00	 4.1727e+01	 1.0629e+00
1.5054e+00	 9.9779e-01	 4.1705e+01	 1.0408e+00	 4.1705e+01	 1.0627e+00
1.5069e+00	 9.9771e-01	 4.1683e+01	 1.0408e+00	 4.1683e+01	 1.0627e+00
1.5083e+00	 9.9762e-01	 4.1661e+01	 1.0408e+00	 4.1661e+01	 1.0630e+00
1.5098e+00	 9.9757e-01	 4.1640e+01	 1.0409e+00	 4.1640e+01	 1.0634e+00
1.5112e+00	 9.9749e-01	 4.1618e+01	 1.0409e+00	 4.1618e+01	 1.0639e+00
1.5127e+00	 9.9745e-01	 4.1596e+01	 1.0410e+00	 4.1596e+01	 1.0640e+00
1.5142e+00	 9.9741e-01	 4.1574e+01	 1.0410e+00	 4.1574e+01	 1.0638e+00
1.5156e+00	 9.9738e-01	 4.1553e+01	 1.0411e+00	 4.1553e+01	 1.0634e+00
1.5171e+00	 9.9737e-01	 4.1531e+01	 1.0411e+00	 4.1531e+01	 1.0626e+00
1.5186e+00	 9.9735e-01	 4.1510e+01	 1.0412e+00	 4.1510e+01	 1.0620e+00
1.5200e+00	 9.9738e-01	 4.1488e+01	 1.0412e+00	 4.1488e+01	 1.0615e+00
1.5215e+00	 9.9738e-01	 4.1466e+01	 1.0413e+00	 4.1466e+01	 1.0613e+00
1.5230e+00	 9.9741e-01	 4.1445e+01	 1.0413e+00	 4.1445e+01	 1.0613e+00
1.5245e+00	 9.9743e-01	 4.1423e+01	 1.0414e+00	 4.1423e+01	 1.0613e+00
1.5259e+00	 9.9746e-01	 4.1401e+01	 1.0414e+00	 4.1401e+01	 1.0611e+00
1.5274e+00	 9.9750e-01	 4.1380e+01	 1.0415e+00	 4.1380e+01	 1.0606e+00
1.5289e+00	 9.9753e-01	 4.1358e+01	 1.0416e+00	 4.1358e+01	 1.0599e+00
1.5304e+00	 9.9758e-01	 4.1337e+01	 1.0416e+00	 4.1337e+01	 1.0591e+00
1.5318e+00	 9.9760e-01	 4.1315e+01	 1.0416e+00	 4.1315e+01	 1.0583e+00
1.5333e+00	 9.9765e-01	 4.1294e+01	 1.0417e+00	 4.1294e+01	 1.0579e+00
1.5348e+00	 9.9768e-01	 4.1272e+01	 1.0417e+00	 4.1272e+01	 1.0577e+00
1.5363e+00	 9.9773e-01	 4.1251e+01	 1.0418e+00	 4.1251e+01	 1.0577e+00
1.5378e+00	 9.9778e-01	 4.1230e+01	 1.0418e+00	 4.1230e+01	 1.0576e+00
1.5393e+00	 9.9783e-01	 4.1208e+01	 1.0418e+00	 4.1208e+01	 1.0574e+00
1.5408e+00	 9.9791e-01	 4.1187e+01	 1.0419e+00	 4.1187e+01	 1.0569e+00
1.5422e+00	 9.9796e-01	 4.1165e+01	 1.0419e+00	 4.1165e+01	 1.0560e+00
1.5437e+00	 9.9804e-01	 4.1144e+01	 1.0419e+00	 4.1144e+01	 1.0552e+00
1.5452e+00	 9.9811e-01	 4.1123e+01	 1.0419e+00	 4.1123e+01	 1.0544e+00
1.5467e+00	 9.9819e-01	 4.1101e+01	 1.0419e+00	 4.1101e+01	 1.0540e+00
1.5482e+00	 9.9828e-01	 4.1080e+01	 1.0419e+00	 4.1080e+01	 1.0539e+00
1.5497e+00	 9.9836e-01	 4.1059e+01	 1.0419e+00	 4.1059e+01	 1.0541e+00
1.5512e+00	 9.9846e-01	 4.1037e+01	 1.0419e+00	 4.1037e+01	 1.0544e+00
1.5527e+00	 9.9853e-01	 4.1016e+01	 1.0419e+00	 4.1016e+01	 1.0546e+00
1.5542e+00	 9.9863e-01	 4.0995e+01	 1.0419e+00	 4.0995e+01	 1.0546e+00
1.5557e+00	 9.9870e-01	 4.0973e+01	 1.0418e+00	 4.0973e+01	 1.0544e+00
1.5572e+00	 9.9879e-01	 4.0952e+01	 1.0418e+00	 4.0952e+01	 1.0543e+00
1.5587e+00	 9.9887e-01	 4.0931e+01	 1.0418e+00	 4.0931e+01	 1.0544e+00
1.5602e+00	 9.9893e-01	 4.0910e+01	 1.0417e+00	 4.0910e+01	 1.0546e+00
1.5617e+00	 9.9901e-01	 4.0888e+01	 1.0417e+00	 4.0888e+01	 1.0554e+00
1.5632e+00	 9.9905e-01	 4.0867e+01	 1.0416e+00	 4.0867e+01	 1.0562e+00
1.5648e+00	 9.9912e-01	 4.0846e+01	 1.0416e+00	 4.0846e+01	 1.0572e+00
1.5663e+00	 9.9916e-01	 4.0825e+01	 1.0415e+00	 4.0825e+01	 1.0580e+00
1.5678e+00	 9.9921e-01	 4.0804e+01	 1.0414e+00	 4.0804e+01	 1.0584e+00
1.5693e+00	 9.9925e-01	 4.0783e+01	 1.0414e+00	 4.0783e+01	 1.0587e+00
1.5708e+00	 9.9928e-01	 4.0762e+01	 1.0413e+00	 4.0762e+01	 1.0587e+00
1.5723e+00	 9.9932e-01	 4.0741e+01	 1.0412e+00	 4.0741e+01	 1.0589e+00
1.5738e+00	 9.9933e-01	 4.0720e+01	 1.0411e+00	 4.0720e+01	 1.0593e+00
1.5754e+00	 9.9936e-01	 4.0698e+01	 1.0411e+00	 4.0698e+01	 1.0600e+00
1.5769e+00	 9.9936e-01	 4.0677e+01	 1.0410e+00	 4.0677e+01	 1.0609e+00
1.5784e+00	 9.9938e-01	 4.0656e+01	 1.0409e+00	 4.0656e+01	 1.0617e+00
1.5799e+00	 9.9938e-01	 4.0635e+01	 1.0408e+00	 4.0635e+01	 1.0624e+00
1.5814e+00	 9.9936e-01	 4.0614e+01	 1.0407e+00	 4.0614e+01	 1.0627e+00
1.5830e+00	 9.9936e-01	 4.0593e+01	 1.0406e+00	 4.0593e+01	 1.0626e+00
1.5845e+00	 9.9931e-01	 4.0572e+01	 1.0405e+00	 4.0572e+01	 1.0626e+00
1.5860e+00	 9.9929e-01	 4.0551e+01	 1.0404e+00	 4.0551e+01	 1.0624e+00
1.5876e+00	 9.9922e-01	 4.0531e+01	 1.0403e+00	 4.0531e+01	 1.0626e+00
1.5891e+00	 9.9917e-01	 4.0510e+01	 1.0402e+00	 4.0510e+01	 1.0629e+00
1.5906e+00	 9.9909e-01	 4.0489e+01	 1.0400e+00	 4.0489e+01	 1.0634e+00
1.5922e+00	 9.9900e-01	 4.0468e+01	 1.0399e+00	 4.0468e+01	 1.0639e+00
1.5937e+00	 9.9892e-01	 4.0447e+01	 1.0398e+00	 4.0447e+01	 1.0640e+00
1.5952e+00	 9.9881e-01	 4.0426e+01	 1.0397e+00	 4.0426e+01	 1.0640e+00
1.5968e+00	 9.9872e-01	 4.0405e+01	 1.0396e+00	 4.0405e+01	 1.0635e+00
1.5983e+00	 9.9861e-01	 4.0384e+01	 1.0394e+00	 4.0384e+01	 1.0630e+00
1.5998e+00	 9.9852e-01	 4.0364e+01	 1.0393e+00	 4.0364e+01	 1.0625e+00
1.6014e+00	 9.9843e-01	 4.0343e+01	 1.0392e+00	 4.0343e+01	 1.0622e+00
1.6029e+00	 9.9834e-01	 4.0322e+01	 1.0390e+00	 4.0322e+01	 1.0623e+00
1.6045e+00	 9.9826e-01	 4.0301e+01	 1.0389e+00	 4.0301e+01	 1.0622e+00
1.6060e+00	 9.9817e-01	 4.0281e+01	 1.0388e+00	 4.0281e+01	 1.0623e+00
1.6076e+00	 9.9812e-01	 4.0260e+01	 1.0387e+00	 4.0260e+01	 1.0620e+00
1.6091e+00	 9.9805e-01	 4.0239e+01	 1.0385e+00	 4.0239e+01	 1.0614e+00
1.6107e+00	 9.9802e-01	 4.0218e+01	 1.0384e+00	 4.0218e+01	 1.0606e+00
1.6122e+00	 9.9798e-01	 4.0198e+01	 1.0383e+00	 4.0198e+01	 1.0595e+00
1.6138e+00	 9.9796e-01	 4.0177e+01	 1.0381e+00	 4.0177e+01	 1.0586e+00
1.6154e+00	 9.9795e-01	 4.0156e+01	 1.0380e+00	 4.0156e+01	 1.0580e+00
1.6169e+00	 9.9794e-01	 4.0136e+01	 1.0379e+00	 4.0136e+01	 1.0576e+00
1.6185e+00	 9.9796e-01	 4.0115e+01	 1.0377e+00	 4.0115e+01	 1.0575e+00
1.6200e+00	 9.9796e-01	 4.0095e+01	 1.0376e+00	 4.0095e+01	 1.0574e+00
1.6216e+00	 9.9798e-01	 4.0074e+01	 1.0375e+00	 4.0074e+01	 1.0572e+00
1.6232e+00	 9.9799e-01	 4.0053e+01	 1.0374e+00	 4.0053e+01	 1.0566e+00
1.6247e+00	 9.9802e-01	 4.0033e+01	 1.0372e+00	 4.0033e+01	 1.0559e+00
1.6263e+00	 9.9805e-01	 4.0012e+01	 1.0371e+00	 4.0012e+01	 1.0552e+00
1.6279e+00	 9.9806e-01	 3.9992e+01	 1.0370e+00	 3.9992e+01	 1.0546e+00
1.6294e+00	 9.9811e-01	 3.9971e+01	 1.0369e+00	 3.9971e+01	 1.0544e+00
1.6310e+00	 9.9812e-01	 3.9951e+01	 1.0367e+00	 3.9951e+01	 1.0544e+00
1.6326e+00	 9.9815e-01	 3.9930e+01	 1.0366e+00	 3.9930e+01	 1.0548e+00
1.6341e+00	 9.9817e-01	 3.9910e+01	 1.0365e+00	 3.9910e+01	 1.0551e+00
1.6357e+00	 9.9820e-01	 3.9889e+01	 1.0364e+00	 3.9889e+01	 1.0552e+00
1.6373e+00	 9.9822e-01	 3.9869e+01	 1.0363e+00	 3.9869e+01	 1.0551e+00
1.6389e+00	 9.9823e-01	 3.9849e+01	 1.0362e+00	 3.9849e+01	 1.0546e+00
1.6404e+00	 9.9827e-01	 3.9828e+01	 1.0361e+00	 3.9828e+01	 1.0543e+00
1.6420e+00	 9.9827e-01	 3.9808e+01	 1.0360e+00	 3.9808e+01	 1.0539e+00
1.6436e+00	 9.9830e-01	 3.9787e+01	 1.0359e+00	 3.9787e+01	 1.0539e+00
1.6452e+00	 9.9829e-01	 3.9767e+01	 1.0358e+00	 3.9767e+01	 1.0542e+00
1.6468e+00	 9.9831e-01	 3.9747e+01	 1.0357e+00	 3.9747e+01	 1.0546e+00
1.6484e+00	 9.9831e-01	 3.9726e+01	 1.0356e+00	 3.9726e+01	 1.0552e+00
1.6500e+00	 9.9831e-01	 3.9706e+01	 1.0355e+00	 3.9706e+01	 1.0555e+00
1.6515e+00	 9.9832e-01	 3.9686e+01	 1.0354e+00	 3.9686e+01	 1.0556e+00
1.6531e+00	 9.9831e-01	 3.9666e+01	 1.0354e+00	 3.9666e+01	 1.0554e+00
1.6547e+00	 9.9833e-01	 3.9645e+01	 1.0353e+00	 3.9645e+01	 1.0552e+00
1.6563e+00	 9.9832e-01	 3.9625e+01	 1.0352e+00	 3.9625e+01	 1.0553e+00
1.6579e+00	 9.9833e-01	 3.9605e+01	 1.0351e+00	 3.9605e+01	 1.0556e+00
1.6595e+00	 9.9834e-01	 3.9585e+01	 1.0351e+00	 3.9585e+01	 1.0562e+00
1.6611e+00	 9.9835e-01	 3.9564e+01	 1.0350e+00	 3.9564e+01	 1.0570e+00
1.6627e+00	 9.9838e-01	 3.9544e+01	 1.0350e+00	 3.9544e+01	 1.0578e+00
1.6643e+00	 9.9839e-01	 3.9524e+01	 1.0350e+00	 3.9524e+01	 1.0585e+00
1.6659e+00	 9.9843e-01	 3.9504e+01	 1.0349e+00	 3.9504e+01	 1.0588e+00
1.6675e+00	 9.9845e-01	 3.9484e+01	 1.0349e+00	 3.9484e+01	 1.0590e+00
1.6691e+00	 9.9850e-01	 3.9464e+01	 1.0349e+00	 3.9464e+01	 1.0590e+00
1.6707e+00	 9.9853e-01	 3.9444e+01	 1.0349e+00	 3.9444e+01	 1.0593e+00
1.6723e+00	 9.9857e-01	 3.9424e+01	 1.0348e+00	 3.9424e+01	 1.0597e+00
1.6739e+00	 9.9863e-01	 3.9403e+01	 1.0348e+00	 3.9403e+01	 1.0603e+00
1.6755e+00	 9.9867e-01	 3.9383e+01	 1.0348e+00	 3.9383e+01	 1.0612e+00
1.6772e+00	 9.9874e-01	 3.9363e+01	 1.0348e+00	 3.9363e+01	 1.0618e+00
1.6788e+00	 9.9878e-01	 3.9343e+01	 1.0348e+00	 3.9343e+01	 1.0623e+00
1.6804e+00	 9.9885e-01	 3.9323e+01	 1.0348e+00	 3.9323e+01	 1.0624e+00
1.6820e+00	 9.9891e-01	 3.9303e+01	 1.0349e+00	 3.9303e+01	 1.0621e+00
1.6836e+00	 9.9896e-01	 3.9283e+01	 1.0349e+00	 3.9283e+01	 1.0618e+00
1.6852e+00	 9.9903e-01	 3.9263e+01	 1.0349e+00	 3.9263e+01	 1.0615e+00
1.6869e+00	 9.9907e-01	 3.9243e+01	 1.0349e+00	 3.9243e+01	 1.0616e+00
1.6885e+00	 9.9914e-01	 3.9224e+01	 1.0350e+00	 3.9224e+01	 1.0618e+00
1.6901e+00	 9.9917e-01	 3.9204e+01	 1.0350e+00	 3.9204e+01	 1.0622e+00
1.6917e+00	 9.9923e-01	 3.9184e+01	 1.0350e+00	 3.9184e+01	 1.0626e+00
1.6933e+00	 9.9926e-01	 3.9164e+01	 1.0350e+00	 3.9164e+01	 1.0627e+00
1.6950e+00	 9.9929e-01	 3.9144e+01	 1.0351e+00	 3.9144e+01	 1.0626e+00
1.6966e+00	 9.9932e-01	 3.9124e+01	 1.0351e+00	 3.9124e+01	 1.0621e+00
1.6982e+00	 9.9934e-01	 3.9104e+01	 1.0351e+00	 3.9104e+01	 1.0617e+00
1.6999e+00	 9.9938e-01	 3.9084e+01	 1.0352e+00	 3.9084e+01	 1.0613e+00
1.7015e+00	 9.9938e-01	 3.9065e+01	 1.0352e+00	 3.9065e+01	 1.0611e+00
1.7031e+00	 9.9942e-01	 3.9045e+01	 1.0353e+00	 3.9045e+01	 1.0613e+00
1.7048e+00	 9.9943e-01	 3.9025e+01	 1.0353e+00	 3.9025e+01	 1.0613e+00
1.7064e+00	 9.9945e-01	 3.9005e+01	 1.0353e+00	 3.9005e+01	 1.0614e+00
1.7081e+00	 9.9948e-01	 3.8986e+01	 1.0354e+00	 3.8986e+01	 1.0612e+00
1.7097e+00	 9.9949e-01	 3.8966e+01	 1.0354e+00	 3.8966e+01	 1.0605e+00
1.7113e+00	 9.9952e-01	 3.8946e+01	 1.0355e+00	 3.8946e+01	 1.0597e+00
1.7130e+00	 9.9952e-01	 3.8927e+01	 1.0355e+00	 3.8927e+01	 1.0586e+00
1.7146e+00	 9.9955e-01	 3.8907e+01	 1.0355e+00	 3.8907e+01	 1.0578e+00
1.7163e+00	 9.9955e-01	 3.8887e+01	 1.0356e+00	 3.8887e+01	 1.0571e+00
1.7179e+00	 9.9957e-01	 3.8868e+01	 1.0356e+00	 3.8868e+01	 1.0567e+00
1.7196e+00	 9.9958e-01	 3.8848e+01	 1.0356e+00	 3.8848e+01	 1.0564e+00
1.7212e+00	 9.9958e-01	 3.8828e+01	 1.0356e+00	 3.8828e+01	 1.0560e+00
1.7229e+00	 9.9960e-01	 3.8809e+01	 1.0357e+00	 3.8809e+01	 1.0556e+00
1.7246e+00	 9.9959e-01	 3.8789e+01	 1.0357e+00	 3.8789e+01	 1.0547e+00
1.7262e+00	 9.9960e-01	 3.8770e+01	 1.0357e+00	 3.8770e+01	 1.0536e+00
1.7279e+00	 9.9959e-01	 3.8750e+01	 1.0357e+00	 3.8750e+01	 1.0525e+00
1.7295e+00	 9.9958e-01	 3.8731e+01	 1.0357e+00	 3.8731e+01	 1.0515e+00
1.7312e+00	 9.9957e-01	 3.8711e+01	 1.0358e+00	 3.8711e+01	 1.0509e+00
1.7329e+00	 9.9954e-01	 3.8692e+01	 1.0358e+00	 3.8692e+01	 1.0505e+00
1.7345e+00	 9.9953e-01	 3.8672e+01	 1.0358e+00	 3.8672e+01	 1.0504e+00
1.7362e+00	 9.9948e-01	 3.8652e+01	 1.0358e+00	 3.8652e+01	 1.0502e+00
1.7378e+00	 9.9947e-01	 3.8633e+01	 1.0358e+00	 3.8633e+01	 1.0498e+00
1.7395e+00	 9.9943e-01	 3.8614e+01	 1.0358e+00	 3.8614e+01	 1.0493e+00
1.7412e+00	 9.9941e-01	 3.8594e+01	 1.0358e+00	 3.8594e+01	 1.0485e+00
1.7429e+00	 9.9939e-01	 3.8575e+01	 1.0358e+00	 3.8575e+01	 1.0479e+00
1.7445e+00	 9.9936e-01	 3.8555e+01	 1.0358e+00	 3.8555e+01	 1.0474e+00
1.7462e+00	 9.9936e-01	 3.8536e+01	 1.0358e+00	 3.8536e+01	 1.0473e+00
1.7479e+00	 9.9934e-01	 3.8516e+01	 1.0358e+00	 3.8516e+01	 1.0477e+00
1.7496e+00	 9.9935e-01	 3.8497e+01	 1.0358e+00	 3.8497e+01	 1.0481e+00
1.7512e+00	 9.9934e-01	 3.8478e+01	 1.0358e+00	 3.8478e+01	 1.0488e+00
1.7529e+00	 9.9935e-01	 3.8458e+01	 1.0358e+00	 3.8458e+01	 1.0491e+00
1.7546e+00	 9.9935e-01	 3.8439e+01	 1.0358e+00	 3.8439e+01	 1.0491e+00
1.7563e+00	 9.9935e-01	 3.8420e+01	 1.0358e+00	 3.8420e+01	 1.0491e+00
1.7580e+00	 9.9937e-01	 3.8401e+01	 1.0358e+00	 3.8401e+01	 1.0488e+00
1.7597e+00	 9.9936e-01	 3.8381e+01	 1.0358e+00	 3.8381e+01	 1.0489e+00
1.7613e+00	 9.9938e-01	 3.8362e+01	 1.0358e+00	 3.8362e+01	 1.0491e+00
1.7631e+00	 9.9937e-01	 3.8343e+01	 1.0358e+00	 3.8343e+01	 1.0497e+00
1.7647e+00	 9.9938e-01	 3.8324e+01	 1.0358e+00	 3.8324e+01	 1.0504e+00
1.7664e+00	 9.9938e-01	 3.8304e+01	 1.0358e+00	 3.8304e+01	 1.0510e+00
1.7681e+00	 9.9937e-01	 3.8285e+01	 1.0357e+00	 3.8285e+01	 1.0516e+00
1.7698e+00	 9.9939e-01	 3.8266e+01	 1.0357e+00	 3.8266e+01	 1.0516e+00
1.7715e+00	 9.9938e-01	 3.8247e+01	 1.0357e+00	 3.8247e+01	 1.0517e+00
1.7732e+00	 9.9941e-01	 3.8228e+01	 1.0357e+00	 3.8228e+01	 1.0516e+00
1.7749e+00	 9.9941e-01	 3.8209e+01	 1.0356e+00	 3.8209e+01	 1.0517e+00
1.7766e+00	 9.9944e-01	 3.8189e+01	 1.0356e+00	 3.8189e+01	 1.0522e+00
1.7783e+00	 9.9946e-01	 3.8170e+01	 1.0356e+00	 3.8170e+01	 1.0529e+00
1.7800e+00	 9.9948e-01	 3.8151e+01	 1.0356e+00	 3.8151e+01	 1.0539e+00
1.7817e+00	 9.9952e-01	 3.8132e+01	 1.0355e+00	 3.8132e+01	 1.0546e+00
1.7834e+00	 9.9954e-01	 3.8113e+01	 1.0355e+00	 3.8113e+01	 1.0552e+00
1.7852e+00	 9.9960e-01	 3.8094e+01	 1.0355e+00	 3.8094e+01	 1.0554e+00
1.7869e+00	 9.9962e-01	 3.8075e+01	 1.0354e+00	 3.8075e+01	 1.0553e+00
1.7886e+00	 9.9967e-01	 3.8056e+01	 1.0354e+00	 3.8056e+01	 1.0552e+00
1.7903e+00	 9.9970e-01	 3.8037e+01	 1.0354e+00	 3.8037e+01	 1.0550e+00
1.7920e+00	 9.9973e-01	 3.8018e+01	 1.0353e+00	 3.8018e+01	 1.0551e+00
1.7937e+00	 9.9977e-01	 3.7999e+01	 1.0353e+00	 3.7999e+01	 1.0554e+00
1.7955e+00	 9.9979e-01	 3.7980e+01	 1.0352e+00	 3.7980e+01	 1.0557e+00
1.7972e+00	 9.9982e-01	 3.7961e+01	 1.0352e+00	 3.7961e+01	 1.0560e+00
1.7989e+00	 9.9983e-01	 3.7943e+01	 1.0351e+00	 3.7943e+01	 1.0558e+00
1.8006e+00	 9.9986e-01	 3.7924e+01	 1.0351e+00	 3.7924e+01	 1.0555e+00
1.8023e+00	 9.9987e-01	 3.7905e+01	 1.0350e+00	 3.7905e+01	 1.0548e+00
1.8041e+00	 9.9988e-01	 3.7886e+01	 1.0350e+00	 3.7886e+01	 1.0540e+00
1.8058e+00	 9.9990e-01	 3.7867e+01	 1.0350e+00	 3.7867e+01	 1.0535e+00
1.8075e+00	 9.9989e-01	 3.7848e+01	 1.0349e+00	 3.7848e+01	 1.0531e+00
1.8093e+00	 9.9992e-01	 3.7829e+01	 1.0349e+00	 3.7829e+01	 1.0532e+00
1.8110e+00	 9.9990e-01	 3.7811e+01	 1.0348e+00	 3.7811e+01	 1.0533e+00
1.8127e+00	 9.9991e-01	 3.7792e+01	 1.0348e+00	 3.7792e+01	 1.0534e+00
1.8145e+00	 9.9990e-01	 3.7773e+01	 1.0347e+00	 3.7773e+01	 1.0533e+00
1.8162e+00	 9.9989e-01	 3.7754e+01	 1.0347e+00	 3.7754e+01	 1.0529e+00
1.8180e+00	 9.9989e-01	 3.7736e+01	 1.0346e+00	 3.7736e+01	 1.0525e+00
1.8197e+00	 9.9988e-01	 3.7717e+01	 1.0346e+00	 3.7717e+01	 1.0520e+00
1.8215e+00	 9.9989e-01	 3.7698e+01	 1.0345e+00	 3.7698e+01	 1.0518e+00
1.8232e+00	 9.9988e-01	 3.7680e+01	 1.0345e+00	 3.7680e+01	 1.0519e+00
1.8249e+00	 9.9990e-01	 3.7661e+01	 1.0344e+00	 3.7661e+01	 1.0522e+00
1.8267e+00	 9.9990e-01	 3.7642e+01	 1.0344e+00	 3.7642e+01	 1.0529e+00
1.8284e+00	 9.9992e-01	 3.7624e+01	 1.0343e+00	 3.7624e+01	 1.0533e+00
1.8302e+00	 9.9995e-01	 3.7605e+01	 1.0342e+00	 3.7605e+01	 1.0537e+00
1.8319e+00	 9.9996e-01	 3.7586e+01	 1.0342e+00	 3.7586e+01	 1.0537e+00
1.8337e+00	 1.0000e+00	 3.7568e+01	 1.0341e+00	 3.7568e+01	 1.0535e+00
1.8355e+00	 1.0000e+00	 3.7549e+01	 1.0341e+00	 3.7549e+01	 1.0535e+00
1.8372e+00	 1.0001e+00	 3.7531e+01	 1.0340e+00	 3.7531e+01	 1.0534e+00
1.8390e+00	 1.0001e+00	 3.7512e+01	 1.0339e+00	 3.7512e+01	 1.0538e+00
1.8407e+00	 1.0001e+00	 3.7494e+01	 1.0339e+00	 3.7494e+01	 1.0543e+00
1.8425e+00	 1.0001e+00	 3.7475e+01	 1.0338e+00	 3.7475e+01	 1.0550e+00
1.8443e+00	 1.0002e+00	 3.7457e+01	 1.0337e+00	 3.7457e+01	 1.0557e+00
1.8460e+00	 1.0002e+00	 3.7438e+01	 1.0337e+00	 3.7438e+01	 1.0561e+00
1.8478e+00	 1.0002e+00	 3.7420e+01	 1.0336e+00	 3.7420e+01	 1.0563e+00
1.8496e+00	 1.0002e+00	 3.7401e+01	 1.0336e+00	 3.7401e+01	 1.0561e+00
1.8513e+00	 1.0002e+00	 3.7383e+01	 1.0335e+00	 3.7383e+01	 1.0561e+00
1.8531e+00	 1.0002e+00	 3.7365e+01	 1.0334e+00	 3.7365e+01	 1.0562e+00
1.8549e+00	 1.0003e+00	 3.7346e+01	 1.0334e+00	 3.7346e+01	 1.0565e+00
1.8566e+00	 1.0002e+00	 3.7328e+01	 1.0333e+00	 3.7328e+01	 1.0573e+00
1.8584e+00	 1.0003e+00	 3.7309e+01	 1.0333e+00	 3.7309e+01	 1.0581e+00
1.8602e+00	 1.0002e+00	 3.7291e+01	 1.0332e+00	 3.7291e+01	 1.0588e+00
1.8620e+00	 1.0002e+00	 3.7273e+01	 1.0332e+00	 3.7273e+01	 1.0592e+00
1.8638e+00	 1.0002e+00	 3.7254e+01	 1.0331e+00	 3.7254e+01	 1.0592e+00
1.8656e+00	 1.0002e+00	 3.7236e+01	 1.0331e+00	 3.7236e+01	 1.0591e+00
1.8673e+00	 1.0002e+00	 3.7218e+01	 1.0330e+00	 3.7218e+01	 1.0587e+00
1.8691e+00	 1.0001e+00	 3.7200e+01	 1.0330e+00	 3.7200e+01	 1.0586e+00
1.8709e+00	 1.0001e+00	 3.7181e+01	 1.0330e+00	 3.7181e+01	 1.0586e+00
1.8727e+00	 1.0001e+00	 3.7163e+01	 1.0329e+00	 3.7163e+01	 1.0588e+00
1.8745e+00	 1.0001e+00	 3.7145e+01	 1.0329e+00	 3.7145e+01	 1.0590e+00
1.8763e+00	 1.0001e+00	 3.7127e+01	 1.0329e+00	 3.7127e+01	 1.0589e+00
1.8781e+00	 1.0001e+00	 3.7108e+01	 1.0329e+00	 3.7108e+01	 1.0586e+00
1.8799e+00	 1.0001e+00	 3.7090e+01	 1.0328e+00	 3.7090e+01	 1.0579e+00
1.8817e+00	 1.0001e+00	 3.7072e+01	 1.0328e+00	 3.7072e+01	 1.0569e+00
1.8835e+00	 1.0001e+00	 3.7054e+01	 1.0328e+00	 3.7054e+01	 1.0558e+00
1.8853e+00	 1.0001e+00	 3.7036e+01	 1.0328e+00	 3.7036e+01	 1.0548e+00
1.8871e+00	 1.0001e+00	 3.7018e+01	 1.0328e+00	 3.7018e+01	 1.0542e+00
1.8889e+00	 1.0001e+00	 3.7000e+01	 1.0327e+00	 3.7000e+01	 1.0536e+00
1.8907e+00	 1.0001e+00	 3.6981e+01	 1.0327e+00	 3.6981e+01	 1.0532e+00
1.8925e+00	 1.0001e+00	 3.6963e+01	 1.0327e+00	 3.6963e+01	 1.0526e+00
1.8943e+00	 1.0000e+00	 3.6945e+01	 1.0327e+00	 3.6945e+01	 1.0518e+00
1.8961e+00	 1.0000e+00	 3.6927e+01	 1.0327e+00	 3.6927e+01	 1.0509e+00
1.8979e+00	 9.9998e-01	 3.6909e+01	 1.0327e+00	 3.6909e+01	 1.0496e+00
1.8998e+00	 9.9996e-01	 3.6891e+01	 1.0327e+00	 3.6891e+01	 1.0486e+00
1.9016e+00	 9.9989e-01	 3.6873e+01	 1.0327e+00	 3.6873e+01	 1.0476e+00
1.9034e+00	 9.9986e-01	 3.6855e+01	 1.0327e+00	 3.6855e+01	 1.0471e+00
1.9052e+00	 9.9981e-01	 3.6837e+01	 1.0326e+00	 3.6837e+01	 1.0470e+00
1.9070e+00	 9.9975e-01	 3.6819e+01	 1.0326e+00	 3.6819e+01	 1.0470e+00
1.9088e+00	 9.9971e-01	 3.6801e+01	 1.0326e+00	 3.6801e+01	 1.0471e+00
1.9107e+00	 9.9965e-01	 3.6784e+01	 1.0326e+00	 3.6784e+01	 1.0469e+00
1.9125e+00	 9.9963e-01	 3.6766e+01	 1.0326e+00	 3.6766e+01	 1.0467e+00
1.9143e+00	 9.9957e-01	 3.6748e+01	 1.0326e+00	 3.6748e+01	 1.0463e+00
1.9162e+00	 9.9955e-01	 3.6730e+01	 1.0326e+00	 3.6730e+01	 1.0460e+00
1.9180e+00	 9.9952e-01	 3.6712e+01	 1.0326e+00	 3.6712e+01	 1.0462e+00
1.9198e+00	 9.9950e-01	 3.6694e+01	 1.0326e+00	 3.6694e+01	 1.0465e+00
1.9217e+00	 9.9950e-01	 3.6676e+01	 1.0326e+00	 3.6676e+01	 1.0474e+00
1.9235e+00	 9.9948e-01	 3.6659e+01	 1.0326e+00	 3.6659e+01	 1.0483e+00
1.9253e+00	 9.9949e-01	 3.6641e+01	 1.0326e+00	 3.6641e+01	 1.0493e+00
1.9272e+00	 9.9946e-01	 3.6623e+01	 1.0326e+00	 3.6623e+01	 1.0501e+00
1.9290e+00	 9.9947e-01	 3.6605e+01	 1.0326e+00	 3.6605e+01	 1.0504e+00
1.9309e+00	 9.9946e-01	 3.6587e+01	 1.0326e+00	 3.6587e+01	 1.0508e+00
1.9327e+00	 9.9946e-01	 3.6570e+01	 1.0326e+00	 3.6570e+01	 1.0510e+00
1.9345e+00	 9.9947e-01	 3.6552e+01	 1.0326e+00	 3.6552e+01	 1.0514e+00
1.9364e+00	 9.9946e-01	 3.6534e+01	 1.0326e+00	 3.6534e+01	 1.0521e+00
1.9383e+00	 9.9948e-01	 3.6517e+01	 1.0326e+00	 3.6517e+01	 1.0528e+00
1.9401e+00	 9.9946e-01	 3.6499e+01	 1.0326e+00	 3.6499e+01	 1.0538e+00
1.9420e+00	 9.9948e-01	 3.6481e+01	 1.0325e+00	 3.6481e+01	 1.0544e+00
1.9438e+00	 9.9948e-01	 3.6464e+01	 1.0325e+00	 3.6464e+01	 1.0548e+00
1.9457e+00	 9.9949e-01	 3.6446e+01	 1.0325e+00	 3.6446e+01	 1.0548e+00
1.9475e+00	 9.9951e-01	 3.6428e+01	 1.0325e+00	 3.6428e+01	 1.0545e+00
1.9494e+00	 9.9953e-01	 3.6411e+01	 1.0325e+00	 3.6411e+01	 1.0543e+00
1.9512e+00	 9.9957e-01	 3.6393e+01	 1.0325e+00	 3.6393e+01	 1.0540e+00
1.9531e+00	 9.9960e-01	 3.6376e+01	 1.0325e+00	 3.6376e+01	 1.0541e+00
1.9550e+00	 9.9966e-01	 3.6358e+01	 1.0325e+00	 3.6358e+01	 1.0543e+00
1.9568e+00	 9.9971e-01	 3.6341e+01	 1.0325e+00	 3.6341e+01	 1.0546e+00
1.9587e+00	 9.9977e-01	 3.6323e+01	 1.0325e+00	 3.6323e+01	 1.0548e+00
1.9606e+00	 9.9984e-01	 3.6306e+01	 1.0325e+00	 3.6306e+01	 1.0545e+00
1.9624e+00	 9.9989e-01	 3.6288e+01	 1.0325e+00	 3.6288e+01	 1.0540e+00
1.9643e+00	 9.9997e-01	 3.6271e+01	 1.0325e+00	 3.6271e+01	 1.0533e+00
1.9662e+00	 1.0000e+00	 3.6253e+01	 1.0325e+00	 3.6253e+01	 1.0525e+00
1.9681e+00	 1.0001e+00	 3.6236e+01	 1.0325e+00	 3.6236e+01	 1.0520e+00
1.9700e+00	 1.0002e+00	 3.6218e+01	 1.0325e+00	 3.6218e+01	 1.0516e+00
1.9718e+00	 1.0002e+00	 3.6201e+01	 1.0325e+00	 3.6201e+01	 1.0516e+00
1.9737e+00	 1.0003e+00	 3.6184e+01	 1.0325e+00	 3.6184e+01	 1.0516e+00
1.9756e+00	 1.0003e+00	 3.6166e+01	 1.0325e+00	 3.6166e+01	 1.0515e+00
1.9775e+00	 1.0003e+00	 3.6149e+01	 1.0325e+00	 3.6149e+01	 1.0512e+00
1.9794e+00	 1.0003e+00	 3.6132e+01	 1.0325e+00	 3.6132e+01	 1.0506e+00
1.9812e+00	 1.0004e+00	 3.6114e+01	 1.0325e+00	 3.6114e+01	 1.0499e+00
1.9831e+00	 1.0004e+00	 3.6097e+01	 1.0325e+00	 3.6097e+01	 1.0491e+00
1.9850e+00	 1.0004e+00	 3.6080e+01	 1.0325e+00	 3.6080e+01	 1.0487e+00
1.9869e+00	 1.0004e+00	 3.6062e+01	 1.0325e+00	 3.6062e+01	 1.0486e+00
1.9888e+00	 1.0003e+00	 3.6045e+01	 1.0325e+00	 3.6045e+01	 1.0487e+00
1.9907e+00	 1.0003e+00	 3.6028e+01	 1.0325e+00	 3.6028e+01	 1.0491e+00
1.9926e+00	 1.0003e+00	 3.6011e+01	 1.0325e+00	 3.6011e+01	 1.0493e+00
1.9945e+00	 1.0003e+00	 3.5994e+01	 1.0324e+00	 3.5994e+01	 1.0494e+00
1.9964e+00	 1.0002e+00	 3.5976e+01	 1.0324e+00	 3.5976e+01	 1.0491e+00
1.9983e+00	 1.0002e+00	 3.5959e+01	 1.0324e+00	 3.5959e+01	 1.0488e+00
2.0002e+00	 1.0001e+00	 3.5942e+01	 1.0324e+00	 3.5942e+01	 1.0486e+00
2.0021e+00	 1.0001e+00	 3.5925e+01	 1.0324e+00	 3.5925e+01	 1.0485e+00
2.0040e+00	 1.0001e+00	 3.5908e+01	 1.0324e+00	 3.5908e+01	 1.0489e+00
2.0059e+00	 1.0000e+00	 3.5891e+01	 1.0324e+00	 3.5891e+01	 1.0494e+00
2.0079e+00	 9.9997e-01	 3.5873e+01	 1.0324e+00	 3.5873e+01	 1.0501e+00
2.0098e+00	 9.9992e-01	 3.5856e+01	 1.0324e+00	 3.5856e+01	 1.0507e+00
2.0117e+00	 9.9989e-01	 3.5839e+01	 1.0324e+00	 3.5839e+01	 1.0508e+00
2.0136e+00	 9.9984e-01	 3.5822e+01	 1.0323e+00	 3.5822e+01	 1.0509e+00
2.0155e+00	 9.9980e-01	 3.5805e+01	 1.0323e+00	 3.5805e+01	 1.0505e+00
2.0175e+00	 9.9977e-01	 3.5788e+01	 1.0323e+00	 3.5788e+01	 1.0502e+00
2.0194e+00	 9.9972e-01	 3.5771e+01	 1.0323e+00	 3.5771e+01	 1.0501e+00
2.0213e+00	 9.9971e-01	 3.5754e+01	 1.0322e+00	 3.5754e+01	 1.0502e+00
2.0232e+00	 9.9966e-01	 3.5737e+01	 1.0322e+00	 3.5737e+01	 1.0505e+00
2.0252e+00	 9.9965e-01	 3.5721e+01	 1.0322e+00	 3.5721e+01	 1.0508e+00
2.0271e+00	 9.9963e-01	 3.5704e+01	 1.0322e+00	 3.5704e+01	 1.0511e+00
2.0290e+00	 9.9960e-01	 3.5687e+01	 1.0321e+00	 3.5687e+01	 1.0510e+00
2.0309e+00	 9.9960e-01	 3.5670e+01	 1.0321e+00	 3.5670e+01	 1.0506e+00
2.0329e+00	 9.9956e-01	 3.5653e+01	 1.0321e+00	 3.5653e+01	 1.0501e+00
2.0348e+00	 9.9956e-01	 3.5636e+01	 1.0320e+00	 3.5636e+01	 1.0495e+00
2.0368e+00	 9.9953e-01	 3.5619e+01	 1.0320e+00	 3.5619e+01	 1.0494e+00
2.0387e+00	 9.9952e-01	 3.5602e+01	 1.0320e+00	 3.5602e+01	 1.0493e+00
2.0406e+00	 9.9950e-01	 3.5585e+01	 1.0320e+00	 3.5585e+01	 1.0497e+00
2.0426e+00	 9.9948e-01	 3.5569e+01	 1.0319e+00	 3.5569e+01	 1.0501e+00
2.0445e+00	 9.9948e-01	 3.5552e+01	 1.0319e+00	 3.5552e+01	 1.0502e+00
2.0465e+00	 9.9946e-01	 3.5535e+01	 1.0319e+00	 3.5535e+01	 1.0503e+00
2.0484e+00	 9.9947e-01	 3.5518e+01	 1.0318e+00	 3.5518e+01	 1.0498e+00
2.0504e+00	 9.9946e-01	 3.5501e+01	 1.0318e+00	 3.5501e+01	 1.0493e+00
2.0523e+00	 9.9948e-01	 3.5485e+01	 1.0318e+00	 3.5485e+01	 1.0487e+00
2.0543e+00	 9.9949e-01	 3.5468e+01	 1.0317e+00	 3.5468e+01	 1.0482e+00
2.0562e+00	 9.9951e-01	 3.5451e+01	 1.0317e+00	 3.5451e+01	 1.0481e+00
2.0582e+00	 9.9953e-01	 3.5434e+01	 1.0317e+00	 3.5434e+01	 1.0481e+00
2.0602e+00	 9.9954e-01	 3.5418e+01	 1.0316e+00	 3.5418e+01	 1.0483e+00
2.0621e+00	 9.9958e-01	 3.5401e+01	 1.0316e+00	 3.5401e+01	 1.0482e+00
2.0641e+00	 9.9958e-01	 3.5384e+01	 1.0316e+00	 3.5384e+01	 1.0480e+00
2.0661e+00	 9.9962e-01	 3.5368e+01	 1.0315e+00	 3.5368e+01	 1.0475e+00
2.0680e+00	 9.9962e-01	 3.5351e+01	 1.0315e+00	 3.5351e+01	 1.0468e+00
2.0700e+00	 9.9964e-01	 3.5334e+01	 1.0315e+00	 3.5334e+01	 1.0463e+00
2.0720e+00	 9.9966e-01	 3.5318e+01	 1.0315e+00	 3.5318e+01	 1.0459e+00
2.0739e+00	 9.9966e-01	 3.5301e+01	 1.0314e+00	 3.5301e+01	 1.0460e+00
2.0759e+00	 9.9968e-01	 3.5285e+01	 1.0314e+00	 3.5285e+01	 1.0465e+00
2.0779e+00	 9.9967e-01	 3.5268e+01	 1.0313e+00	 3.5268e+01	 1.0470e+00
2.0799e+00	 9.9969e-01	 3.5251e+01	 1.0313e+00	 3.5251e+01	 1.0475e+00
2.0818e+00	 9.9968e-01	 3.5235e+01	 1.0313e+00	 3.5235e+01	 1.0477e+00
2.0838e+00	 9.9968e-01	 3.5218e+01	 1.0313e+00	 3.5218e+01	 1.0479e+00
2.0858e+00	 9.9968e-01	 3.5202e+01	 1.0312e+00	 3.5202e+01	 1.0479e+00
2.0878e+00	 9.9966e-01	 3.5185e+01	 1.0312e+00	 3.5185e+01	 1.0479e+00
2.0898e+00	 9.9968e-01	 3.5169e+01	 1.0312e+00	 3.5169e+01	 1.0483e+00
2.0918e+00	 9.9966e-01	 3.5152e+01	 1.0311e+00	 3.5152e+01	 1.0488e+00
2.0938e+00	 9.9967e-01	 3.5136e+01	 1.0311e+00	 3.5136e+01	 1.0497e+00
2.0957e+00	 9.9966e-01	 3.5120e+01	 1.0311e+00	 3.5120e+01	 1.0505e+00
2.0977e+00	 9.9967e-01	 3.5103e+01	 1.0310e+00	 3.5103e+01	 1.0512e+00
2.0997e+00	 9.9968e-01	 3.5087e+01	 1.0310e+00	 3.5087e+01	 1.0515e+00
2.1017e+00	 9.9968e-01	 3.5070e+01	 1.0310e+00	 3.5070e+01	 1.0515e+00
2.1037e+00	 9.9970e-01	 3.5054e+01	 1.0309e+00	 3.5054e+01	 1.0514e+00
2.1057e+00	 9.9970e-01	 3.5038e+01	 1.0309e+00	 3.5038e+01	 1.0511e+00
2.1077e+00	 9.9974e-01	 3.5021e+01	 1.0309e+00	 3.5021e+01	 1.0511e+00
2.1098e+00	 9.9975e-01	 3.5005e+01	 1.0309e+00	 3.5005e+01	 1.0513e+00
2.1117e+00	 9.9979e-01	 3.4989e+01	 1.0308e+00	 3.4989e+01	 1.0516e+00
2.1138e+00	 9.9983e-01	 3.4972e+01	 1.0308e+00	 3.4972e+01	 1.0522e+00
2.1158e+00	 9.9987e-01	 3.4956e+01	 1.0308e+00	 3.4956e+01	 1.0524e+00
2.1178e+00	 9.9992e-01	 3.4940e+01	 1.0307e+00	 3.4940e+01	 1.0525e+00
2.1198e+00	 9.9994e-01	 3.4924e+01	 1.0307e+00	 3.4924e+01	 1.0523e+00
2.1218e+00	 1.0000e+00	 3.4907e+01	 1.0307e+00	 3.4907e+01	 1.0519e+00
2.1238e+00	 1.0000e+00	 3.4891e+01	 1.0306e+00	 3.4891e+01	 1.0516e+00
2.1258e+00	 1.0001e+00	 3.4875e+01	 1.0306e+00	 3.4875e+01	 1.0514e+00
2.1279e+00	 1.0001e+00	 3.4859e+01	 1.0306e+00	 3.4859e+01	 1.0515e+00
2.1299e+00	 1.0001e+00	 3.4843e+01	 1.0305e+00	 3.4843e+01	 1.0518e+00
2.1319e+00	 1.0002e+00	 3.4827e+01	 1.0305e+00	 3.4827e+01	 1.0522e+00
2.1339e+00	 1.0002e+00	 3.4810e+01	 1.0304e+00	 3.4810e+01	 1.0524e+00
2.1360e+00	 1.0002e+00	 3.4794e+01	 1.0304e+00	 3.4794e+01	 1.0522e+00
2.1380e+00	 1.0003e+00	 3.4778e+01	 1.0304e+00	 3.4778e+01	 1.0519e+00
2.1400e+00	 1.0003e+00	 3.4762e+01	 1.0303e+00	 3.4762e+01	 1.0512e+00
2.1421e+00	 1.0003e+00	 3.4746e+01	 1.0303e+00	 3.4746e+01	 1.0507e+00
2.1441e+00	 1.0004e+00	 3.4730e+01	 1.0302e+00	 3.4730e+01	 1.0502e+00
2.1461e+00	 1.0004e+00	 3.4714e+01	 1.0302e+00	 3.4714e+01	 1.0501e+00
2.1482e+00	 1.0005e+00	 3.4698e+01	 1.0302e+00	 3.4698e+01	 1.0502e+00
2.1502e+00	 1.0005e+00	 3.4682e+01	 1.0301e+00	 3.4682e+01	 1.0503e+00
2.1523e+00	 1.0005e+00	 3.4666e+01	 1.0301e+00	 3.4666e+01	 1.0504e+00
2.1543e+00	 1.0006e+00	 3.4650e+01	 1.0300e+00	 3.4650e+01	 1.0501e+00
2.1564e+00	 1.0006e+00	 3.4634e+01	 1.0300e+00	 3.4634e+01	 1.0495e+00
2.1584e+00	 1.0006e+00	 3.4618e+01	 1.0300e+00	 3.4618e+01	 1.0488e+00
2.1605e+00	 1.0006e+00	 3.4602e+01	 1.0299e+00	 3.4602e+01	 1.0481e+00
2.1625e+00	 1.0006e+00	 3.4586e+01	 1.0299e+00	 3.4586e+01	 1.0478e+00
2.1646e+00	 1.0006e+00	 3.4570e+01	 1.0298e+00	 3.4570e+01	 1.0477e+00
2.1666e+00	 1.0006e+00	 3.4554e+01	 1.0298e+00	 3.4554e+01	 1.0478e+00
2.1687e+00	 1.0006e+00	 3.4539e+01	 1.0297e+00	 3.4539e+01	 1.0479e+00
2.1707e+00	 1.0005e+00	 3.4523e+01	 1.0297e+00	 3.4523e+01	 1.0478e+00
2.1728e+00	 1.0005e+00	 3.4507e+01	 1.0296e+00	 3.4507e+01	 1.0476e+00
2.1749e+00	 1.0004e+00	 3.4491e+01	 1.0296e+00	 3.4491e+01	 1.0469e+00
2.1770e+00	 1.0004e+00	 3.4475e+01	 1.0295e+00	 3.4475e+01	 1.0461e+00
2.1790e+00	 1.0004e+00	 3.4459e+01	 1.0295e+00	 3.4459e+01	 1.0453e+00
2.1811e+00	 1.0003e+00	 3.4444e+01	 1.0294e+00	 3.4444e+01	 1.0448e+00
2.1832e+00	 1.0003e+00	 3.4428e+01	 1.0293e+00	 3.4428e+01	 1.0446e+00
2.1852e+00	 1.0002e+00	 3.4412e+01	 1.0293e+00	 3.4412e+01	 1.0445e+00
2.1873e+00	 1.0002e+00	 3.4397e+01	 1.0292e+00	 3.4397e+01	 1.0447e+00
2.1894e+00	 1.0001e+00	 3.4381e+01	 1.0292e+00	 3.4381e+01	 1.0446e+00
2.1915e+00	 1.0001e+00	 3.4365e+01	 1.0291e+00	 3.4365e+01	 1.0444e+00
2.1935e+00	 1.0001e+00	 3.4349e+01	 1.0290e+00	 3.4349e+01	 1.0440e+00
2.1956e+00	 1.0000e+00	 3.4334e+01	 1.0290e+00	 3.4334e+01	 1.0434e+00
2.1977e+00	 1.0000e+00	 3.4318e+01	 1.0289e+00	 3.4318e+01	 1.0430e+00
2.1998e+00	 9.9997e-01	 3.4303e+01	 1.0288e+00	 3.4303e+01	 1.0428e+00
2.2019e+00	 9.9996e-01	 3.4287e+01	 1.0288e+00	 3.4287e+01	 1.0431e+00
2.2040e+00	 9.9996e-01	 3.4271e+01	 1.0287e+00	 3.4271e+01	 1.0436e+00
2.2061e+00	 9.9996e-01	 3.4256e+01	 1.0286e+00	 3.4256e+01	 1.0441e+00
2.2082e+00	 9.9999e-01	 3.4240e+01	 1.0286e+00	 3.4240e+01	 1.0447e+00
2.2102e+00	 1.0000e+00	 3.4225e+01	 1.0285e+00	 3.4225e+01	 1.0449e+00
2.2123e+00	 1.0000e+00	 3.4209e+01	 1.0284e+00	 3.4209e+01	 1.0449e+00
2.2144e+00	 1.0001e+00	 3.4193e+01	 1.0283e+00	 3.4193e+01	 1.0448e+00
2.2165e+00	 1.0001e+00	 3.4178e+01	 1.0283e+00	 3.4178e+01	 1.0446e+00
2.2187e+00	 1.0002e+00	 3.4162e+01	 1.0282e+00	 3.4162e+01	 1.0449e+00
2.2208e+00	 1.0002e+00	 3.4147e+01	 1.0281e+00	 3.4147e+01	 1.0452e+00
2.2229e+00	 1.0003e+00	 3.4131e+01	 1.0280e+00	 3.4131e+01	 1.0459e+00
2.2250e+00	 1.0003e+00	 3.4116e+01	 1.0280e+00	 3.4116e+01	 1.0464e+00
2.2271e+00	 1.0004e+00	 3.4101e+01	 1.0279e+00	 3.4101e+01	 1.0468e+00
2.2292e+00	 1.0004e+00	 3.4085e+01	 1.0278e+00	 3.4085e+01	 1.0469e+00
2.2313e+00	 1.0005e+00	 3.4070e+01	 1.0278e+00	 3.4070e+01	 1.0465e+00
2.2334e+00	 1.0005e+00	 3.4054e+01	 1.0277e+00	 3.4054e+01	 1.0461e+00
2.2356e+00	 1.0005e+00	 3.4039e+01	 1.0276e+00	 3.4039e+01	 1.0456e+00
2.2377e+00	 1.0006e+00	 3.4024e+01	 1.0275e+00	 3.4024e+01	 1.0454e+00
2.2398e+00	 1.0006e+00	 3.4008e+01	 1.0275e+00	 3.4008e+01	 1.0455e+00
2.2419e+00	 1.0007e+00	 3.3993e+01	 1.0274e+00	 3.3993e+01	 1.0456e+00
2.2441e+00	 1.0007e+00	 3.3978e+01	 1.0273e+00	 3.3978e+01	 1.0460e+00
2.2462e+00	 1.0007e+00	 3.3962e+01	 1.0273e+00	 3.3962e+01	 1.0460e+00
2.2483e+00	 1.0007e+00	 3.3947e+01	 1.0272e+00	 3.3947e+01	 1.0459e+00
2.2504e+00	 1.0007e+00	 3.3932e+01	 1.0271e+00	 3.3932e+01	 1.0455e+00
2.2526e+00	 1.0008e+00	 3.3916e+01	 1.0271e+00	 3.3916e+01	 1.0450e+00
2.2547e+00	 1.0007e+00	 3.3901e+01	 1.0270e+00	 3.3901e+01	 1.0447e+00
2.2569e+00	 1.0008e+00	 3.3886e+01	 1.0270e+00	 3.3886e+01	 1.0446e+00
2.2590e+00	 1.0007e+00	 3.3871e+01	 1.0269e+00	 3.3871e+01	 1.0449e+00
2.2612e+00	 1.0007e+00	 3.3855e+01	 1.0269e+00	 3.3855e+01	 1.0454e+00
2.2633e+00	 1.0007e+00	 3.3840e+01	 1.0268e+00	 3.3840e+01	 1.0460e+00
2.2654e+00	 1.0007e+00	 3.3825e+01	 1.0268e+00	 3.3825e+01	 1.0466e+00
2.2676e+00	 1.0007e+00	 3.3810e+01	 1.0267e+00	 3.3810e+01	 1.0468e+00
2.2697e+00	 1.0007e+00	 3.3795e+01	 1.0267e+00	 3.3795e+01	 1.0469e+00
2.2719e+00	 1.0007e+00	 3.3780e+01	 1.0267e+00	 3.3780e+01	 1.0468e+00
2.2740e+00	 1.0007e+00	 3.3765e+01	 1.0266e+00	 3.3765e+01	 1.0469e+00
2.2762e+00	 1.0007e+00	 3.3750e+01	 1.0266e+00	 3.3750e+01	 1.0472e+00
2.2784e+00	 1.0007e+00	 3.3734e+01	 1.0266e+00	 3.3734e+01	 1.0476e+00
2.2805e+00	 1.0007e+00	 3.3719e+01	 1.0266e+00	 3.3719e+01	 1.0484e+00
2.2827e+00	 1.0007e+00	 3.3704e+01	 1.0266e+00	 3.3704e+01	 1.0490e+00
2.2848e+00	 1.0007e+00	 3.3689e+01	 1.0266e+00	 3.3689e+01	 1.0494e+00
2.2870e+00	 1.0007e+00	 3.3674e+01	 1.0266e+00	 3.3674e+01	 1.0495e+00
2.2892e+00	 1.0006e+00	 3.3659e+01	 1.0266e+00	 3.3659e+01	 1.0492e+00
2.2913e+00	 1.0006e+00	 3.3644e+01	 1.0266e+00	 3.3644e+01	 1.0489e+00
2.2935e+00	 1.0006e+00	 3.3629e+01	 1.0266e+00	 3.3629e+01	 1.0485e+00
2.2957e+00	 1.0006e+00	 3.3614e+01	 1.0266e+00	 3.3614e+01	 1.0484e+00
2.2979e+00	 1.0005e+00	 3.3599e+01	 1.0266e+00	 3.3599e+01	 1.0486e+00
2.3000e+00	 1.0005e+00	 3.3584e+01	 1.0266e+00	 3.3584e+01	 1.0489e+00
2.3022e+00	 1.0005e+00	 3.3569e+01	 1.0266e+00	 3.3569e+01	 1.0493e+00
2.3044e+00	 1.0005e+00	 3.3555e+01	 1.0266e+00	 3.3555e+01	 1.0494e+00
2.3066e+00	 1.0004e+00	 3.3540e+01	 1.0266e+00	 3.3540e+01	 1.0492e+00
2.3088e+00	 1.0004e+00	 3.3525e+01	 1.0267e+00	 3.3525e+01	 1.0487e+00
2.3110e+00	 1.0004e+00	 3.3510e+01	 1.0267e+00	 3.3510e+01	 1.0480e+00
2.3131e+00	 1.0004e+00	 3.3495e+01	 1.0267e+00	 3.3495e+01	 1.0474e+00
2.3153e+00	 1.0004e+00	 3.3480e+01	 1.0267e+00	 3.3480e+01	 1.0469e+00
2.3175e+00	 1.0005e+00	 3.3465e+01	 1.0268e+00	 3.3465e+01	 1.0468e+00
2.3197e+00	 1.0005e+00	 3.3451e+01	 1.0268e+00	 3.3451e+01	 1.0466e+00
2.3219e+00	 1.0005e+00	 3.3436e+01	 1.0268e+00	 3.3436e+01	 1.0465e+00
2.3241e+00	 1.0005e+00	 3.3421e+01	 1.0268e+00	 3.3421e+01	 1.0461e+00
2.3263e+00	 1.0005e+00	 3.3406e+01	 1.0269e+00	 3.3406e+01	 1.0453e+00
2.3285e+00	 1.0006e+00	 3.3392e+01	 1.0269e+00	 3.3392e+01	 1.0444e+00
2.3307e+00	 1.0006e+00	 3.3377e+01	 1.0269e+00	 3.3377e+01	 1.0431e+00
2.3329e+00	 1.0007e+00	 3.3362e+01	 1.0270e+00	 3.3362e+01	 1.0420e+00
2.3351e+00	 1.0007e+00	 3.3348e+01	 1.0270e+00	 3.3348e+01	 1.0411e+00
2.3373e+00	 1.0007e+00	 3.3333e+01	 1.0270e+00	 3.3333e+01	 1.0406e+00
2.3396e+00	 1.0007e+00	 3.3318e+01	 1.0271e+00	 3.3318e+01	 1.0404e+00
2.3418e+00	 1.0008e+00	 3.3304e+01	 1.0271e+00	 3.3304e+01	 1.0401e+00
2.3440e+00	 1.0008e+00	 3.3289e+01	 1.0272e+00	 3.3289e+01	 1.0399e+00
2.3462e+00	 1.0008e+00	 3.3274e+01	 1.0272e+00	 3.3274e+01	 1.0393e+00
2.3484e+00	 1.0008e+00	 3.3260e+01	 1.0272e+00	 3.3260e+01	 1.0386e+00
2.3507e+00	 1.0008e+00	 3.3245e+01	 1.0273e+00	 3.3245e+01	 1.0379e+00
2.3529e+00	 1.0008e+00	 3.3230e+01	 1.0273e+00	 3.3230e+01	 1.0374e+00
2.3551e+00	 1.0008e+00	 3.3216e+01	 1.0273e+00	 3.3216e+01	 1.0373e+00
2.3573e+00	 1.0008e+00	 3.3201e+01	 1.0274e+00	 3.3201e+01	 1.0375e+00
2.3596e+00	 1.0008e+00	 3.3187e+01	 1.0274e+00	 3.3187e+01	 1.0381e+00
2.3618e+00	 1.0007e+00	 3.3172e+01	 1.0275e+00	 3.3172e+01	 1.0388e+00
2.3641e+00	 1.0007e+00	 3.3158e+01	 1.0275e+00	 3.3158e+01	 1.0392e+00
2.3663e+00	 1.0006e+00	 3.3143e+01	 1.0275e+00	 3.3143e+01	 1.0396e+00
2.3685e+00	 1.0006e+00	 3.3129e+01	 1.0276e+00	 3.3129e+01	 1.0396e+00
2.3708e+00	 1.0005e+00	 3.3114e+01	 1.0276e+00	 3.3114e+01	 1.0396e+00
2.3730e+00	 1.0005e+00	 3.3100e+01	 1.0276e+00	 3.3100e+01	 1.0397e+00
2.3753e+00	 1.0005e+00	 3.3086e+01	 1.0277e+00	 3.3086e+01	 1.0401e+00
2.3775e+00	 1.0004e+00	 3.3071e+01	 1.0277e+00	 3.3071e+01	 1.0409e+00
2.3798e+00	 1.0004e+00	 3.3057e+01	 1.0277e+00	 3.3057e+01	 1.0417e+00
2.3820e+00	 1.0003e+00	 3.3042e+01	 1.0278e+00	 3.3042e+01	 1.0426e+00
2.3843e+00	 1.0003e+00	 3.3028e+01	 1.0278e+00	 3.3028e+01	 1.0432e+00
2.3865e+00	 1.0003e+00	 3.3014e+01	 1.0278e+00	 3.3014e+01	 1.0435e+00
2.3888e+00	 1.0003e+00	 3.2999e+01	 1.0279e+00	 3.2999e+01	 1.0436e+00
2.3910e+00	 1.0003e+00	 3.2985e+01	 1.0279e+00	 3.2985e+01	 1.0434e+00
2.3933e+00	 1.0003e+00	 3.2971e+01	 1.0279e+00	 3.2971e+01	 1.0435e+00
2.3956e+00	 1.0003e+00	 3.2956e+01	 1.0280e+00	 3.2956e+01	 1.0436e+00
2.3978e+00	 1.0002e+00	 3.2942e+01	 1.0280e+00	 3.2942e+01	 1.0441e+00
2.4001e+00	 1.0003e+00	 3.2928e+01	 1.0280e+00	 3.2928e+01	 1.0448e+00
2.4024e+00	 1.0002e+00	 3.2914e+01	 1.0280e+00	 3.2914e+01	 1.0453e+00
2.4047e+00	 1.0003e+00	 3.2899e+01	 1.0281e+00	 3.2899e+01	 1.0458e+00
2.4069e+00	 1.0003e+00	 3.2885e+01	 1.0281e+00	 3.2885e+01	 1.0458e+00
2.4092e+00	 1.0003e+00	 3.2871e+01	 1.0281e+00	 3.2871e+01	 1.0456e+00
2.4115e+00	 1.0004e+00	 3.2857e+01	 1.0281e+00	 3.2857e+01	 1.0453e+00
2.4138e+00	 1.0004e+00	 3.2843e+01	 1.0281e+00	 3.2843e+01	 1.0450e+00
2.4160e+00	 1.0004e+00	 3.2828e+01	 1.0281e+00	 3.2828e+01	 1.0451e+00
2.4183e+00	 1.0004e+00	 3.2814e+01	 1.0281e+00	 3.2814e+01	 1.0452e+00
2.4206e+00	 1.0005e+00	 3.2800e+01	 1.0282e+00	 3.2800e+01	 1.0456e+00
2.4229e+00	 1.0005e+00	 3.2786e+01	 1.0282e+00	 3.2786e+01	 1.0459e+00
2.4252e+00	 1.0005e+00	 3.2772e+01	 1.0282e+00	 3.2772e+01	 1.0460e+00
2.4275e+00	 1.0005e+00	 3.2758e+01	 1.0282e+00	 3.2758e+01	 1.0457e+00
2.4298e+00	 1.0005e+00	 3.2744e+01	 1.0282e+00	 3.2744e+01	 1.0451e+00
2.4321e+00	 1.0006e+00	 3.2730e+01	 1.0281e+00	 3.2730e+01	 1.0445e+00
2.4344e+00	 1.0006e+00	 3.2716e+01	 1.0281e+00	 3.2716e+01	 1.0438e+00
2.4367e+00	 1.0007e+00	 3.2702e+01	 1.0281e+00	 3.2702e+01	 1.0435e+00
2.4390e+00	 1.0007e+00	 3.2688e+01	 1.0281e+00	 3.2688e+01	 1.0434e+00
2.4413e+00	 1.0008e+00	 3.2674e+01	 1.0281e+00	 3.2674e+01	 1.0435e+00
2.4436e+00	 1.0008e+00	 3.2660e+01	 1.0281e+00	 3.2660e+01	 1.0436e+00
2.4459e+00	 1.0008e+00	 3.2646e+01	 1.0280e+00	 3.2646e+01	 1.0434e+00
2.4482e+00	 1.0009e+00	 3.2632e+01	 1.0280e+00	 3.2632e+01	 1.0431e+00
2.4505e+00	 1.0009e+00	 3.2618e+01	 1.0280e+00	 3.2618e+01	 1.0425e+00
2.4529e+00	 1.0010e+00	 3.2604e+01	 1.0279e+00	 3.2604e+01	 1.0418e+00
2.4552e+00	 1.0010e+00	 3.2590e+01	 1.0279e+00	 3.2590e+01	 1.0413e+00
2.4575e+00	 1.0010e+00	 3.2576e+01	 1.0278e+00	 3.2576e+01	 1.0409e+00
2.4598e+00	 1.0011e+00	 3.2562e+01	 1.0278e+00	 3.2562e+01	 1.0410e+00
2.4621e+00	 1.0011e+00	 3.2548e+01	 1.0278e+00	 3.2548e+01	 1.0411e+00
2.4645e+00	 1.0011e+00	 3.2534e+01	 1.0277e+00	 3.2534e+01	 1.0413e+00
2.4668e+00	 1.0011e+00	 3.2520e+01	 1.0277e+00	 3.2520e+01	 1.0413e+00
2.4691e+00	 1.0012e+00	 3.2507e+01	 1.0276e+00	 3.2507e+01	 1.0409e+00
2.4715e+00	 1.0012e+00	 3.2493e+01	 1.0276e+00	 3.2493e+01	 1.0403e+00
2.4738e+00	 1.0012e+00	 3.2479e+01	 1.0275e+00	 3.2479e+01	 1.0396e+00
2.4761e+00	 1.0012e+00	 3.2465e+01	 1.0275e+00	 3.2465e+01	 1.0389e+00
2.4785e+00	 1.0013e+00	 3.2451e+01	 1.0274e+00	 3.2451e+01	 1.0385e+00
2.4808e+00	 1.0013e+00	 3.2438e+01	 1.0274e+00	 3.2438e+01	 1.0383e+00
2.4832e+00	 1.0013e+00	 3.2424e+01	 1.0273e+00	 3.2424e+01	 1.0383e+00
2.4855e+00	 1.0013e+00	 3.2410e+01	 1.0273e+00	 3.2410e+01	 1.0382e+00
2.4879e+00	 1.0013e+00	 3.2396e+01	 1.0272e+00	 3.2396e+01	 1.0380e+00
2.4902e+00	 1.0014e+00	 3.2383e+01	 1.0272e+00	 3.2383e+01	 1.0374e+00
2.4926e+00	 1.0014e+00	 3.2369e+01	 1.0271e+00	 3.2369e+01	 1.0365e+00
2.4949e+00	 1.0014e+00	 3.2355e+01	 1.0271e+00	 3.2355e+01	 1.0355e+00
2.4973e+00	 1.0014e+00	 3.2342e+01	 1.0270e+00	 3.2342e+01	 1.0346e+00
2.4996e+00	 1.0014e+00	 3.2328e+01	 1.0270e+00	 3.2328e+01	 1.0342e+00
2.5020e+00	 1.0014e+00	 3.2315e+01	 1.0269e+00	 3.2315e+01	 1.0339e+00
2.5044e+00	 1.0014e+00	 3.2301e+01	 1.0269e+00	 3.2301e+01	 1.0340e+00
2.5067e+00	 1.0014e+00	 3.2287e+01	 1.0268e+00	 3.2287e+01	 1.0341e+00
2.5091e+00	 1.0014e+00	 3.2274e+01	 1.0268e+00	 3.2274e+01	 1.0341e+00
2.5114e+00	 1.0014e+00	 3.2260e+01	 1.0267e+00	 3.2260e+01	 1.0340e+00
2.5138e+00	 1.0014e+00	 3.2247e+01	 1.0267e+00	 3.2247e+01	 1.0335e+00
2.5162e+00	 1.0013e+00	 3.2233e+01	 1.0266e+00	 3.2233e+01	 1.0332e+00
2.5186e+00	 1.0013e+00	 3.2220e+01	 1.0266e+00	 3.2220e+01	 1.0331e+00
2.5210e+00	 1.0012e+00	 3.2206e+01	 1.0265e+00	 3.2206e+01	 1.0333e+00
2.5233e+00	 1.0012e+00	 3.2193e+01	 1.0265e+00	 3.2193e+01	 1.0339e+00
2.5257e+00	 1.0011e+00	 3.2179e+01	 1.0264e+00	 3.2179e+01	 1.0347e+00
2.5281e+00	 1.0011e+00	 3.2166e+01	 1.0264e+00	 3.2166e+01	 1.0357e+00
2.5305e+00	 1.0010e+00	 3.2152e+01	 1.0264e+00	 3.2152e+01	 1.0365e+00
2.5329e+00	 1.0010e+00	 3.2139e+01	 1.0263e+00	 3.2139e+01	 1.0371e+00
2.5353e+00	 1.0009e+00	 3.2125e+01	 1.0263e+00	 3.2125e+01	 1.0374e+00
2.5377e+00	 1.0009e+00	 3.2112e+01	 1.0263e+00	 3.2112e+01	 1.0377e+00
2.5401e+00	 1.0008e+00	 3.2098e+01	 1.0262e+00	 3.2098e+01	 1.0382e+00
2.5425e+00	 1.0008e+00	 3.2085e+01	 1.0262e+00	 3.2085e+01	 1.0389e+00
2.5449e+00	 1.0008e+00	 3.2072e+01	 1.0262e+00	 3.2072e+01	 1.0399e+00
2.5473e+00	 1.0008e+00	 3.2058e+01	 1.0261e+00	 3.2058e+01	 1.0410e+00
2.5497e+00	 1.0008e+00	 3.2045e+01	 1.0261e+00	 3.2045e+01	 1.0421e+00
2.5521e+00	 1.0008e+00	 3.2032e+01	 1.0261e+00	 3.2032e+01	 1.0430e+00
2.5545e+00	 1.0009e+00	 3.2018e+01	 1.0261e+00	 3.2018e+01	 1.0434e+00
2.5569e+00	 1.0009e+00	 3.2005e+01	 1.0260e+00	 3.2005e+01	 1.0435e+00
2.5593e+00	 1.0009e+00	 3.1992e+01	 1.0260e+00	 3.1992e+01	 1.0435e+00
2.5617e+00	 1.0010e+00	 3.1978e+01	 1.0260e+00	 3.1978e+01	 1.0434e+00
2.5641e+00	 1.0011e+00	 3.1965e+01	 1.0260e+00	 3.1965e+01	 1.0436e+00
2.5665e+00	 1.0011e+00	 3.1952e+01	 1.0259e+00	 3.1952e+01	 1.0438e+00
2.5690e+00	 1.0012e+00	 3.1939e+01	 1.0259e+00	 3.1939e+01	 1.0442e+00
2.5714e+00	 1.0012e+00	 3.1925e+01	 1.0259e+00	 3.1925e+01	 1.0445e+00
2.5738e+00	 1.0013e+00	 3.1912e+01	 1.0259e+00	 3.1912e+01	 1.0444e+00
2.5762e+00	 1.0014e+00	 3.1899e+01	 1.0259e+00	 3.1899e+01	 1.0441e+00
2.5787e+00	 1.0015e+00	 3.1886e+01	 1.0259e+00	 3.1886e+01	 1.0434e+00
2.5811e+00	 1.0016e+00	 3.1873e+01	 1.0259e+00	 3.1873e+01	 1.0427e+00
2.5835e+00	 1.0016e+00	 3.1860e+01	 1.0258e+00	 3.1860e+01	 1.0420e+00
2.5860e+00	 1.0017e+00	 3.1847e+01	 1.0258e+00	 3.1847e+01	 1.0416e+00
2.5884e+00	 1.0018e+00	 3.1833e+01	 1.0258e+00	 3.1833e+01	 1.0414e+00
2.5909e+00	 1.0019e+00	 3.1820e+01	 1.0258e+00	 3.1820e+01	 1.0414e+00
2.5933e+00	 1.0020e+00	 3.1807e+01	 1.0258e+00	 3.1807e+01	 1.0414e+00
2.5957e+00	 1.0020e+00	 3.1794e+01	 1.0258e+00	 3.1794e+01	 1.0410e+00
2.5982e+00	 1.0021e+00	 3.1781e+01	 1.0258e+00	 3.1781e+01	 1.0404e+00
2.6006e+00	 1.0022e+00	 3.1768e+01	 1.0258e+00	 3.1768e+01	 1.0396e+00
2.6031e+00	 1.0023e+00	 3.1755e+01	 1.0258e+00	 3.1755e+01	 1.0386e+00
2.6056e+00	 1.0024e+00	 3.1742e+01	 1.0258e+00	 3.1742e+01	 1.0379e+00
2.6080e+00	 1.0024e+00	 3.1729e+01	 1.0258e+00	 3.1729e+01	 1.0374e+00
2.6105e+00	 1.0025e+00	 3.1716e+01	 1.0258e+00	 3.1716e+01	 1.0372e+00
2.6129e+00	 1.0026e+00	 3.1703e+01	 1.0258e+00	 3.1703e+01	 1.0372e+00
2.6154e+00	 1.0026e+00	 3.1690e+01	 1.0258e+00	 3.1690e+01	 1.0373e+00
2.6179e+00	 1.0027e+00	 3.1677e+01	 1.0258e+00	 3.1677e+01	 1.0373e+00
2.6203e+00	 1.0027e+00	 3.1664e+01	 1.0258e+00	 3.1664e+01	 1.0370e+00
2.6228e+00	 1.0028e+00	 3.1651e+01	 1.0258e+00	 3.1651e+01	 1.0367e+00
2.6253e+00	 1.0028e+00	 3.1638e+01	 1.0258e+00	 3.1638e+01	 1.0363e+00
2.6277e+00	 1.0029e+00	 3.1626e+01	 1.0258e+00	 3.1626e+01	 1.0362e+00
2.6302e+00	 1.0029e+00	 3.1613e+01	 1.0258e+00	 3.1613e+01	 1.0365e+00
2.6327e+00	 1.0029e+00	 3.1600e+01	 1.0258e+00	 3.1600e+01	 1.0370e+00
2.6352e+00	 1.0029e+00	 3.1587e+01	 1.0258e+00	 3.1587e+01	 1.0378e+00
2.6377e+00	 1.0030e+00	 3.1574e+01	 1.0258e+00	 3.1574e+01	 1.0385e+00
2.6401e+00	 1.0029e+00	 3.1561e+01	 1.0258e+00	 3.1561e+01	 1.0391e+00
2.6426e+00	 1.0030e+00	 3.1549e+01	 1.0258e+00	 3.1549e+01	 1.0393e+00
2.6451e+00	 1.0029e+00	 3.1536e+01	 1.0258e+00	 3.1536e+01	 1.0393e+00
2.6476e+00	 1.0029e+00	 3.1523e+01	 1.0258e+00	 3.1523e+01	 1.0393e+00
2.6501e+00	 1.0029e+00	 3.1510e+01	 1.0258e+00	 3.1510e+01	 1.0392e+00
2.6526e+00	 1.0029e+00	 3.1497e+01	 1.0258e+00	 3.1497e+01	 1.0396e+00
2.6551e+00	 1.0029e+00	 3.1485e+01	 1.0258e+00	 3.1485e+01	 1.0401e+00
2.6576e+00	 1.0029e+00	 3.1472e+01	 1.0258e+00	 3.1472e+01	 1.0407e+00
2.6601e+00	 1.0029e+00	 3.1459e+01	 1.0258e+00	 3.1459e+01	 1.0414e+00
2.6626e+00	 1.0029e+00	 3.1447e+01	 1.0258e+00	 3.1447e+01	 1.0417e+00
2.6651e+00	 1.0029e+00	 3.1434e+01	 1.0258e+00	 3.1434e+01	 1.0417e+00
2.6676e+00	 1.0029e+00	 3.1421e+01	 1.0258e+00	 3.1421e+01	 1.0415e+00
2.6701e+00	 1.0028e+00	 3.1409e+01	 1.0258e+00	 3.1409e+01	 1.0412e+00
2.6726e+00	 1.0028e+00	 3.1396e+01	 1.0258e+00	 3.1396e+01	 1.0411e+00
2.6752e+00	 1.0028e+00	 3.1383e+01	 1.0258e+00	 3.1383e+01	 1.0412e+00
2.6777e+00	 1.0028e+00	 3.1371e+01	 1.0258e+00	 3.1371e+01	 1.0417e+00
2.6802e+00	 1.0028e+00	 3.1358e+01	 1.0258e+00	 3.1358e+01	 1.0423e+00
2.6827e+00	 1.0028e+00	 3.1346e+01	 1.0258e+00	 3.1346e+01	 1.0428e+00
2.6853e+00	 1.0027e+00	 3.1333e+01	 1.0258e+00	 3.1333e+01	 1.0431e+00
2.6878e+00	 1.0027e+00	 3.1320e+01	 1.0257e+00	 3.1320e+01	 1.0431e+00
2.6903e+00	 1.0027e+00	 3.1308e+01	 1.0257e+00	 3.1308e+01	 1.0429e+00
2.6928e+00	 1.0026e+00	 3.1295e+01	 1.0257e+00	 3.1295e+01	 1.0426e+00
2.6954e+00	 1.0026e+00	 3.1283e+01	 1.0257e+00	 3.1283e+01	 1.0425e+00
2.6979e+00	 1.0025e+00	 3.1270e+01	 1.0257e+00	 3.1270e+01	 1.0427e+00
2.7005e+00	 1.0025e+00	 3.1258e+01	 1.0257e+00	 3.1258e+01	 1.0431e+00
2.7030e+00	 1.0024e+00	 3.1246e+01	 1.0257e+00	 3.1246e+01	 1.0437e+00
2.7056e+00	 1.0024e+00	 3.1233e+01	 1.0256e+00	 3.1233e+01	 1.0442e+00
2.7081e+00	 1.0023e+00	 3.1221e+01	 1.0256e+00	 3.1221e+01	 1.0446e+00
2.7106e+00	 1.0023e+00	 3.1208e+01	 1.0256e+00	 3.1208e+01	 1.0446e+00
2.7132e+00	 1.0023e+00	 3.1196e+01	 1.0256e+00	 3.1196e+01	 1.0445e+00
2.7157e+00	 1.0022e+00	 3.1184e+01	 1.0256e+00	 3.1184e+01	 1.0443e+00
2.7183e+00	 1.0022e+00	 3.1171e+01	 1.0256e+00	 3.1171e+01	 1.0442e+00
2.7209e+00	 1.0022e+00	 3.1159e+01	 1.0255e+00	 3.1159e+01	 1.0444e+00
2.7234e+00	 1.0022e+00	 3.1146e+01	 1.0255e+00	 3.1146e+01	 1.0448e+00
2.7260e+00	 1.0022e+00	 3.1134e+01	 1.0255e+00	 3.1134e+01	 1.0453e+00
2.7286e+00	 1.0022e+00	 3.1122e+01	 1.0254e+00	 3.1122e+01	 1.0457e+00
2.7311e+00	 1.0023e+00	 3.1110e+01	 1.0254e+00	 3.1110e+01	 1.0458e+00
2.7337e+00	 1.0023e+00	 3.1097e+01	 1.0254e+00	 3.1097e+01	 1.0456e+00
2.7363e+00	 1.0023e+00	 3.1085e+01	 1.0254e+00	 3.1085e+01	 1.0449e+00
2.7388e+00	 1.0024e+00	 3.1073e+01	 1.0253e+00	 3.1073e+01	 1.0443e+00
2.7414e+00	 1.0024e+00	 3.1061e+01	 1.0253e+00	 3.1061e+01	 1.0437e+00
2.7440e+00	 1.0024e+00	 3.1048e+01	 1.0253e+00	 3.1048e+01	 1.0434e+00
2.7466e+00	 1.0025e+00	 3.1036e+01	 1.0252e+00	 3.1036e+01	 1.0433e+00
2.7492e+00	 1.0025e+00	 3.1024e+01	 1.0252e+00	 3.1024e+01	 1.0433e+00
2.7517e+00	 1.0025e+00	 3.1012e+01	 1.0252e+00	 3.1012e+01	 1.0432e+00
2.7543e+00	 1.0025e+00	 3.0999e+01	 1.0251e+00	 3.0999e+01	 1.0428e+00
2.7569e+00	 1.0026e+00	 3.0987e+01	 1.0251e+00	 3.0987e+01	 1.0422e+00
2.7595e+00	 1.0026e+00	 3.0975e+01	 1.0251e+00	 3.0975e+01	 1.0413e+00
2.7621e+00	 1.0026e+00	 3.0963e+01	 1.0251e+00	 3.0963e+01	 1.0404e+00
2.7647e+00	 1.0026e+00	 3.0951e+01	 1.0250e+00	 3.0951e+01	 1.0397e+00
2.7673e+00	 1.0026e+00	 3.0939e+01	 1.0250e+00	 3.0939e+01	 1.0392e+00
2.7699e+00	 1.0025e+00	 3.0927e+01	 1.0250e+00	 3.0927e+01	 1.0390e+00
2.7725e+00	 1.0025e+00	 3.0914e+01	 1.0249e+00	 3.0914e+01	 1.0390e+00
2.7751e+00	 1.0025e+00	 3.0902e+01	 1.0249e+00	 3.0902e+01	 1.0389e+00
2.7777e+00	 1.0024e+00	 3.0890e+01	 1.0249e+00	 3.0890e+01	 1.0387e+00
2.7803e+00	 1.0024e+00	 3.0878e+01	 1.0248e+00	 3.0878e+01	 1.0380e+00
2.7830e+00	 1.0023e+00	 3.0866e+01	 1.0248e+00	 3.0866e+01	 1.0373e+00
2.7856e+00	 1.0023e+00	 3.0854e+01	 1.0248e+00	 3.0854e+01	 1.0365e+00
2.7882e+00	 1.0022e+00	 3.0842e+01	 1.0248e+00	 3.0842e+01	 1.0359e+00
2.7908e+00	 1.0022e+00	 3.0830e+01	 1.0247e+00	 3.0830e+01	 1.0357e+00
2.7934e+00	 1.0021e+00	 3.0818e+01	 1.0247e+00	 3.0818e+01	 1.0356e+00
2.7961e+00	 1.0021e+00	 3.0806e+01	 1.0247e+00	 3.0806e+01	 1.0358e+00
2.7987e+00	 1.0021e+00	 3.0794e+01	 1.0247e+00	 3.0794e+01	 1.0358e+00
2.8013e+00	 1.0021e+00	 3.0782e+01	 1.0247e+00	 3.0782e+01	 1.0357e+00
2.8039e+00	 1.0021e+00	 3.0770e+01	 1.0246e+00	 3.0770e+01	 1.0353e+00
2.8066e+00	 1.0020e+00	 3.0759e+01	 1.0246e+00	 3.0759e+01	 1.0346e+00
2.8092e+00	 1.0020e+00	 3.0747e+01	 1.0246e+00	 3.0747e+01	 1.0340e+00
2.8119e+00	 1.0020e+00	 3.0735e+01	 1.0246e+00	 3.0735e+01	 1.0336e+00
2.8145e+00	 1.0020e+00	 3.0723e+01	 1.0246e+00	 3.0723e+01	 1.0335e+00
2.8171e+00	 1.0020e+00	 3.0711e+01	 1.0246e+00	 3.0711e+01	 1.0337e+00
2.8198e+00	 1.0020e+00	 3.0699e+01	 1.0246e+00	 3.0699e+01	 1.0341e+00
2.8224e+00	 1.0020e+00	 3.0687e+01	 1.0246e+00	 3.0687e+01	 1.0345e+00
2.8251e+00	 1.0020e+00	 3.0676e+01	 1.0246e+00	 3.0676e+01	 1.0346e+00
2.8277e+00	 1.0021e+00	 3.0664e+01	 1.0246e+00	 3.0664e+01	 1.0345e+00
2.8304e+00	 1.0021e+00	 3.0652e+01	 1.0246e+00	 3.0652e+01	 1.0341e+00
2.8331e+00	 1.0021e+00	 3.0640e+01	 1.0246e+00	 3.0640e+01	 1.0338e+00
2.8357e+00	 1.0021e+00	 3.0628e+01	 1.0246e+00	 3.0628e+01	 1.0336e+00
2.8384e+00	 1.0021e+00	 3.0617e+01	 1.0246e+00	 3.0617e+01	 1.0337e+00
2.8411e+00	 1.0021e+00	 3.0605e+01	 1.0246e+00	 3.0605e+01	 1.0341e+00
2.8437e+00	 1.0022e+00	 3.0593e+01	 1.0246e+00	 3.0593e+01	 1.0346e+00
2.8464e+00	 1.0022e+00	 3.0581e+01	 1.0246e+00	 3.0581e+01	 1.0351e+00
2.8491e+00	 1.0022e+00	 3.0570e+01	 1.0246e+00	 3.0570e+01	 1.0354e+00
2.8518e+00	 1.0023e+00	 3.0558e+01	 1.0246e+00	 3.0558e+01	 1.0353e+00
2.8544e+00	 1.0023e+00	 3.0546e+01	 1.0246e+00	 3.0546e+01	 1.0352e+00
2.8571e+00	 1.0023e+00	 3.0535e+01	 1.0246e+00	 3.0535e+01	 1.0349e+00
2.8598e+00	 1.0023e+00	 3.0523e+01	 1.0246e+00	 3.0523e+01	 1.0350e+00
2.8625e+00	 1.0023e+00	 3.0511e+01	 1.0247e+00	 3.0511e+01	 1.0353e+00
2.8652e+00	 1.0024e+00	 3.0500e+01	 1.0247e+00	 3.0500e+01	 1.0358e+00
2.8679e+00	 1.0024e+00	 3.0488e+01	 1.0247e+00	 3.0488e+01	 1.0365e+00
2.8706e+00	 1.0024e+00	 3.0477e+01	 1.0247e+00	 3.0477e+01	 1.0371e+00
2.8733e+00	 1.0024e+00	 3.0465e+01	 1.0247e+00	 3.0465e+01	 1.0374e+00
2.8759e+00	 1.0024e+00	 3.0453e+01	 1.0247e+00	 3.0453e+01	 1.0374e+00
2.8786e+00	 1.0024e+00	 3.0442e+01	 1.0248e+00	 3.0442e+01	 1.0371e+00
2.8813e+00	 1.0024e+00	 3.0430e+01	 1.0248e+00	 3.0430e+01	 1.0369e+00
2.8840e+00	 1.0025e+00	 3.0419e+01	 1.0248e+00	 3.0419e+01	 1.0368e+00
2.8868e+00	 1.0024e+00	 3.0407e+01	 1.0248e+00	 3.0407e+01	 1.0371e+00
2.8895e+00	 1.0025e+00	 3.0396e+01	 1.0248e+00	 3.0396e+01	 1.0375e+00
2.8922e+00	 1.0024e+00	 3.0384e+01	 1.0248e+00	 3.0384e+01	 1.0380e+00
2.8949e+00	 1.0024e+00	 3.0373e+01	 1.0249e+00	 3.0373e+01	 1.0385e+00
2.8976e+00	 1.0024e+00	 3.0362e+01	 1.0249e+00	 3.0362e+01	 1.0387e+00
2.9003e+00	 1.0024e+00	 3.0350e+01	 1.0249e+00	 3.0350e+01	 1.0386e+00
2.9031e+00	 1.0024e+00	 3.0339e+01	 1.0249e+00	 3.0339e+01	 1.0383e+00
2.9058e+00	 1.0024e+00	 3.0327e+01	 1.0249e+00	 3.0327e+01	 1.0380e+00
2.9085e+00	 1.0024e+00	 3.0316e+01	 1.0249e+00	 3.0316e+01	 1.0379e+00
2.9112e+00	 1.0023e+00	 3.0305e+01	 1.0249e+00	 3.0305e+01	 1.0381e+00
2.9140e+00	 1.0023e+00	 3.0293e+01	 1.0249e+00	 3.0293e+01	 1.0385e+00
2.9167e+00	 1.0023e+00	 3.0282e+01	 1.0249e+00	 3.0282e+01	 1.0390e+00
2.9194e+00	 1.0023e+00	 3.0271e+01	 1.0249e+00	 3.0271e+01	 1.0395e+00
2.9222e+00	 1.0023e+00	 3.0259e+01	 1.0249e+00	 3.0259e+01	 1.0396e+00
2.9249e+00	 1.0023e+00	 3.0248e+01	 1.0249e+00	 3.0248e+01	 1.0395e+00
2.9277e+00	 1.0023e+00	 3.0237e+01	 1.0249e+00	 3.0237e+01	 1.0392e+00
2.9304e+00	 1.0023e+00	 3.0225e+01	 1.0248e+00	 3.0225e+01	 1.0388e+00
2.9332e+00	 1.0023e+00	 3.0214e+01	 1.0248e+00	 3.0214e+01	 1.0386e+00
2.9359e+00	 1.0023e+00	 3.0203e+01	 1.0248e+00	 3.0203e+01	 1.0387e+00
2.9387e+00	 1.0023e+00	 3.0192e+01	 1.0248e+00	 3.0192e+01	 1.0391e+00
2.9414e+00	 1.0024e+00	 3.0180e+01	 1.0247e+00	 3.0180e+01	 1.0396e+00
2.9442e+00	 1.0023e+00	 3.0169e+01	 1.0247e+00	 3.0169e+01	 1.0399e+00
2.9469e+00	 1.0024e+00	 3.0158e+01	 1.0247e+00	 3.0158e+01	 1.0400e+00
2.9497e+00	 1.0024e+00	 3.0147e+01	 1.0246e+00	 3.0147e+01	 1.0397e+00
2.9525e+00	 1.0024e+00	 3.0136e+01	 1.0246e+00	 3.0136e+01	 1.0392e+00
2.9552e+00	 1.0024e+00	 3.0124e+01	 1.0246e+00	 3.0124e+01	 1.0387e+00
2.9580e+00	 1.0023e+00	 3.0113e+01	 1.0245e+00	 3.0113e+01	 1.0384e+00
2.9608e+00	 1.0024e+00	 3.0102e+01	 1.0245e+00	 3.0102e+01	 1.0384e+00
2.9636e+00	 1.0023e+00	 3.0091e+01	 1.0244e+00	 3.0091e+01	 1.0386e+00
2.9663e+00	 1.0024e+00	 3.0080e+01	 1.0244e+00	 3.0080e+01	 1.0390e+00
2.9691e+00	 1.0023e+00	 3.0069e+01	 1.0243e+00	 3.0069e+01	 1.0393e+00
2.9719e+00	 1.0023e+00	 3.0058e+01	 1.0242e+00	 3.0058e+01	 1.0394e+00
2.9747e+00	 1.0023e+00	 3.0047e+01	 1.0242e+00	 3.0047e+01	 1.0392e+00
2.9775e+00	 1.0023e+00	 3.0036e+01	 1.0241e+00	 3.0036e+01	 1.0389e+00
2.9803e+00	 1.0023e+00	 3.0025e+01	 1.0241e+00	 3.0025e+01	 1.0386e+00
2.9831e+00	 1.0023e+00	 3.0014e+01	 1.0240e+00	 3.0014e+01	 1.0385e+00
2.9859e+00	 1.0023e+00	 3.0003e+01	 1.0240e+00	 3.0003e+01	 1.0387e+00
2.9887e+00	 1.0022e+00	 2.9992e+01	 1.0239e+00	 2.9992e+01	 1.0392e+00
2.9915e+00	 1.0022e+00	 2.9981e+01	 1.0239e+00	 2.9981e+01	 1.0398e+00
2.9943e+00	 1.0022e+00	 2.9970e+01	 1.0238e+00	 2.9970e+01	 1.0404e+00
2.9971e+00	 1.0022e+00	 2.9959e+01	 1.0237e+00	 2.9959e+01	 1.0405e+00
2.9999e+00	 1.0022e+00	 2.9948e+01	 1.0237e+00	 2.9948e+01	 1.0405e+00
3.0027e+00	 1.0022e+00	 2.9937e+01	 1.0236e+00	 2.9937e+01	 1.0402e+00
3.0055e+00	 1.0022e+00	 2.9926e+01	 1.0235e+00	 2.9926e+01	 1.0397e+00
3.0083e+00	 1.0022e+00	 2.9915e+01	 1.0235e+00	 2.9915e+01	 1.0396e+00
3.0112e+00	 1.0022e+00	 2.9904e+01	 1.0234e+00	 2.9904e+01	 1.0395e+00
3.0140e+00	 1.0022e+00	 2.9893e+01	 1.0234e+00	 2.9893e+01	 1.0398e+00
3.0168e+00	 1.0022e+00	 2.9882e+01	 1.0233e+00	 2.9882e+01	 1.0400e+00
3.0196e+00	 1.0023e+00	 2.9871e+01	 1.0233e+00	 2.9871e+01	 1.0401e+00
3.0225e+00	 1.0023e+00	 2.9861e+01	 1.0232e+00	 2.9861e+01	 1.0399e+00
3.0253e+00	 1.0023e+00	 2.9850e+01	 1.0231e+00	 2.9850e+01	 1.0394e+00
3.0281e+00	 1.0023e+00	 2.9839e+01	 1.0231e+00	 2.9839e+01	 1.0387e+00
3.0309e+00	 1.0023e+00	 2.9828e+01	 1.0230e+00	 2.9828e+01	 1.0379e+00
3.0338e+00	 1.0023e+00	 2.9817e+01	 1.0230e+00	 2.9817e+01	 1.0373e+00
3.0366e+00	 1.0023e+00	 2.9806e+01	 1.0229e+00	 2.9806e+01	 1.0370e+00
3.0395e+00	 1.0023e+00	 2.9796e+01	 1.0229e+00	 2.9796e+01	 1.0369e+00
3.0423e+00	 1.0023e+00	 2.9785e+01	 1.0228e+00	 2.9785e+01	 1.0369e+00
3.0452e+00	 1.0023e+00	 2.9774e+01	 1.0228e+00	 2.9774e+01	 1.0369e+00
3.0480e+00	 1.0023e+00	 2.9763e+01	 1.0227e+00	 2.9763e+01	 1.0367e+00
3.0509e+00	 1.0023e+00	 2.9753e+01	 1.0227e+00	 2.9753e+01	 1.0361e+00
3.0537e+00	 1.0023e+00	 2.9742e+01	 1.0226e+00	 2.9742e+01	 1.0355e+00
3.0566e+00	 1.0023e+00	 2.9731e+01	 1.0226e+00	 2.9731e+01	 1.0350e+00
3.0595e+00	 1.0023e+00	 2.9721e+01	 1.0226e+00	 2.9721e+01	 1.0346e+00
3.0623e+00	 1.0023e+00	 2.9710e+01	 1.0225e+00	 2.9710e+01	 1.0346e+00
3.0652e+00	 1.0023e+00	 2.9699e+01	 1.0225e+00	 2.9699e+01	 1.0349e+00
3.0680e+00	 1.0023e+00	 2.9689e+01	 1.0224e+00	 2.9689e+01	 1.0353e+00
3.0709e+00	 1.0023e+00	 2.9678e+01	 1.0224e+00	 2.9678e+01	 1.0356e+00
3.0738e+00	 1.0023e+00	 2.9667e+01	 1.0224e+00	 2.9667e+01	 1.0357e+00
3.0767e+00	 1.0023e+00	 2.9657e+01	 1.0223e+00	 2.9657e+01	 1.0356e+00
3.0796e+00	 1.0023e+00	 2.9646e+01	 1.0223e+00	 2.9646e+01	 1.0353e+00
3.0824e+00	 1.0023e+00	 2.9636e+01	 1.0223e+00	 2.9636e+01	 1.0350e+00
3.0853e+00	 1.0023e+00	 2.9625e+01	 1.0223e+00	 2.9625e+01	 1.0350e+00
3.0882e+00	 1.0023e+00	 2.9615e+01	 1.0223e+00	 2.9615e+01	 1.0353e+00
3.0911e+00	 1.0023e+00	 2.9604e+01	 1.0222e+00	 2.9604e+01	 1.0360e+00
3.0940e+00	 1.0023e+00	 2.9593e+01	 1.0222e+00	 2.9593e+01	 1.0367e+00
3.0969e+00	 1.0023e+00	 2.9583e+01	 1.0222e+00	 2.9583e+01	 1.0374e+00
3.0998e+00	 1.0024e+00	 2.9572e+01	 1.0222e+00	 2.9572e+01	 1.0378e+00
3.1027e+00	 1.0023e+00	 2.9562e+01	 1.0222e+00	 2.9562e+01	 1.0379e+00
3.1056e+00	 1.0024e+00	 2.9551e+01	 1.0221e+00	 2.9551e+01	 1.0380e+00
3.1085e+00	 1.0024e+00	 2.9541e+01	 1.0221e+00	 2.9541e+01	 1.0379e+00
3.1114e+00	 1.0024e+00	 2.9531e+01	 1.0221e+00	 2.9531e+01	 1.0382e+00
3.1143e+00	 1.0025e+00	 2.9520e+01	 1.0221e+00	 2.9520e+01	 1.0386e+00
3.1173e+00	 1.0025e+00	 2.9510e+01	 1.0221e+00	 2.9510e+01	 1.0393e+00
3.1202e+00	 1.0026e+00	 2.9499e+01	 1.0221e+00	 2.9499e+01	 1.0400e+00
3.1231e+00	 1.0026e+00	 2.9489e+01	 1.0221e+00	 2.9489e+01	 1.0406e+00
3.1260e+00	 1.0027e+00	 2.9479e+01	 1.0221e+00	 2.9479e+01	 1.0409e+00
3.1289e+00	 1.0027e+00	 2.9468e+01	 1.0221e+00	 2.9468e+01	 1.0407e+00
3.1319e+00	 1.0028e+00	 2.9458e+01	 1.0221e+00	 2.9458e+01	 1.0403e+00
3.1348e+00	 1.0029e+00	 2.9448e+01	 1.0220e+00	 2.9448e+01	 1.0400e+00
3.1377e+00	 1.0029e+00	 2.9437e+01	 1.0220e+00	 2.9437e+01	 1.0396e+00
3.1407e+00	 1.0030e+00	 2.9427e+01	 1.0220e+00	 2.9427e+01	 1.0397e+00
3.1436e+00	 1.0030e+00	 2.9417e+01	 1.0220e+00	 2.9417e+01	 1.0398e+00
3.1465e+00	 1.0031e+00	 2.9406e+01	 1.0220e+00	 2.9406e+01	 1.0401e+00
3.1495e+00	 1.0031e+00	 2.9396e+01	 1.0220e+00	 2.9396e+01	 1.0402e+00
3.1524e+00	 1.0031e+00	 2.9386e+01	 1.0220e+00	 2.9386e+01	 1.0400e+00
3.1554e+00	 1.0031e+00	 2.9376e+01	 1.0220e+00	 2.9376e+01	 1.0396e+00
3.1583e+00	 1.0032e+00	 2.9365e+01	 1.0220e+00	 2.9365e+01	 1.0389e+00
3.1613e+00	 1.0032e+00	 2.9355e+01	 1.0220e+00	 2.9355e+01	 1.0383e+00
3.1643e+00	 1.0032e+00	 2.9345e+01	 1.0220e+00	 2.9345e+01	 1.0379e+00
3.1672e+00	 1.0032e+00	 2.9335e+01	 1.0220e+00	 2.9335e+01	 1.0378e+00
3.1702e+00	 1.0032e+00	 2.9324e+01	 1.0220e+00	 2.9324e+01	 1.0379e+00
3.1731e+00	 1.0033e+00	 2.9314e+01	 1.0220e+00	 2.9314e+01	 1.0380e+00
3.1761e+00	 1.0033e+00	 2.9304e+01	 1.0220e+00	 2.9304e+01	 1.0381e+00
3.1791e+00	 1.0033e+00	 2.9294e+01	 1.0220e+00	 2.9294e+01	 1.0379e+00
3.1820e+00	 1.0033e+00	 2.9284e+01	 1.0220e+00	 2.9284e+01	 1.0374e+00
3.1850e+00	 1.0033e+00	 2.9274e+01	 1.0220e+00	 2.9274e+01	 1.0368e+00
3.1880e+00	 1.0033e+00	 2.9264e+01	 1.0220e+00	 2.9264e+01	 1.0362e+00
3.1910e+00	 1.0033e+00	 2.9254e+01	 1.0220e+00	 2.9254e+01	 1.0360e+00
3.1940e+00	 1.0033e+00	 2.9243e+01	 1.0220e+00	 2.9243e+01	 1.0359e+00
3.1970e+00	 1.0033e+00	 2.9233e+01	 1.0220e+00	 2.9233e+01	 1.0361e+00
3.1999e+00	 1.0033e+00	 2.9223e+01	 1.0220e+00	 2.9223e+01	 1.0364e+00
3.2029e+00	 1.0033e+00	 2.9213e+01	 1.0220e+00	 2.9213e+01	 1.0366e+00
3.2059e+00	 1.0033e+00	 2.9203e+01	 1.0219e+00	 2.9203e+01	 1.0366e+00
3.2089e+00	 1.0034e+00	 2.9193e+01	 1.0219e+00	 2.9193e+01	 1.0362e+00
3.2119e+00	 1.0033e+00	 2.9183e+01	 1.0219e+00	 2.9183e+01	 1.0358e+00
3.2149e+00	 1.0034e+00	 2.9173e+01	 1.0219e+00	 2.9173e+01	 1.0354e+00
3.2179e+00	 1.0033e+00	 2.9163e+01	 1.0219e+00	 2.9163e+01	 1.0352e+00
3.2209e+00	 1.0034e+00	 2.9153e+01	 1.0219e+00	 2.9153e+01	 1.0353e+00
3.2239e+00	 1.0034e+00	 2.9143e+01	 1.0219e+00	 2.9143e+01	 1.0356e+00
3.2269e+00	 1.0034e+00	 2.9133e+01	 1.0219e+00	 2.9133e+01	 1.0360e+00
3.2300e+00	 1.0034e+00	 2.9124e+01	 1.0219e+00	 2.9124e+01	 1.0362e+00
3.2330e+00	 1.0034e+00	 2.9114e+01	 1.0219e+00	 2.9114e+01	 1.0362e+00
3.2360e+00	 1.0034e+00	 2.9104e+01	 1.0219e+00	 2.9104e+01	 1.0358e+00
3.2390e+00	 1.0034e+00	 2.9094e+01	 1.0219e+00	 2.9094e+01	 1.0352e+00
3.2420e+00	 1.0034e+00	 2.9084e+01	 1.0219e+00	 2.9084e+01	 1.0347e+00
3.2451e+00	 1.0034e+00	 2.9074e+01	 1.0219e+00	 2.9074e+01	 1.0342e+00
3.2481e+00	 1.0034e+00	 2.9064e+01	 1.0218e+00	 2.9064e+01	 1.0341e+00
3.2511e+00	 1.0034e+00	 2.9054e+01	 1.0218e+00	 2.9054e+01	 1.0341e+00
3.2542e+00	 1.0034e+00	 2.9045e+01	 1.0218e+00	 2.9045e+01	 1.0341e+00
3.2572e+00	 1.0034e+00	 2.9035e+01	 1.0218e+00	 2.9035e+01	 1.0340e+00
3.2603e+00	 1.0034e+00	 2.9025e+01	 1.0218e+00	 2.9025e+01	 1.0335e+00
3.2633e+00	 1.0034e+00	 2.9015e+01	 1.0218e+00	 2.9015e+01	 1.0328e+00
3.2664e+00	 1.0034e+00	 2.9005e+01	 1.0218e+00	 2.9005e+01	 1.0319e+00
3.2694e+00	 1.0034e+00	 2.8996e+01	 1.0217e+00	 2.8996e+01	 1.0311e+00
3.2725e+00	 1.0034e+00	 2.8986e+01	 1.0217e+00	 2.8986e+01	 1.0305e+00
3.2755e+00	 1.0034e+00	 2.8976e+01	 1.0217e+00	 2.8976e+01	 1.0302e+00
3.2786e+00	 1.0034e+00	 2.8966e+01	 1.0217e+00	 2.8966e+01	 1.0302e+00
3.2816e+00	 1.0034e+00	 2.8957e+01	 1.0217e+00	 2.8957e+01	 1.0303e+00
3.2847e+00	 1.0034e+00	 2.8947e+01	 1.0216e+00	 2.8947e+01	 1.0303e+00
3.2878e+00	 1.0034e+00	 2.8937e+01	 1.0216e+00	 2.8937e+01	 1.0301e+00
3.2908e+00	 1.0034e+00	 2.8928e+01	 1.0216e+00	 2.8928e+01	 1.0297e+00
3.2939e+00	 1.0034e+00	 2.8918e+01	 1.0216e+00	 2.8918e+01	 1.0292e+00
3.2970e+00	 1.0034e+00	 2.8908e+01	 1.0216e+00	 2.8908e+01	 1.0288e+00
3.3001e+00	 1.0034e+00	 2.8899e+01	 1.0215e+00	 2.8899e+01	 1.0288e+00
3.3032e+00	 1.0034e+00	 2.8889e+01	 1.0215e+00	 2.8889e+01	 1.0290e+00
3.3062e+00	 1.0034e+00	 2.8879e+01	 1.0215e+00	 2.8879e+01	 1.0296e+00
3.3093e+00	 1.0034e+00	 2.8870e+01	 1.0215e+00	 2.8870e+01	 1.0304e+00
3.3124e+00	 1.0034e+00	 2.8860e+01	 1.0215e+00	 2.8860e+01	 1.0310e+00
3.3155e+00	 1.0034e+00	 2.8851e+01	 1.0214e+00	 2.8851e+01	 1.0315e+00
3.3186e+00	 1.0034e+00	 2.8841e+01	 1.0214e+00	 2.8841e+01	 1.0317e+00
3.3217e+00	 1.0035e+00	 2.8831e+01	 1.0214e+00	 2.8831e+01	 1.0318e+00
3.3248e+00	 1.0035e+00	 2.8822e+01	 1.0214e+00	 2.8822e+01	 1.0322e+00
3.3279e+00	 1.0035e+00	 2.8812e+01	 1.0213e+00	 2.8812e+01	 1.0327e+00
3.3310e+00	 1.0035e+00	 2.8803e+01	 1.0213e+00	 2.8803e+01	 1.0337e+00
3.3341e+00	 1.0035e+00	 2.8793e+01	 1.0213e+00	 2.8793e+01	 1.0349e+00
3.3372e+00	 1.0035e+00	 2.8784e+01	 1.0213e+00	 2.8784e+01	 1.0362e+00
3.3404e+00	 1.0035e+00	 2.8774e+01	 1.0212e+00	 2.8774e+01	 1.0375e+00
3.3435e+00	 1.0035e+00	 2.8765e+01	 1.0212e+00	 2.8765e+01	 1.0385e+00
3.3466e+00	 1.0035e+00	 2.8755e+01	 1.0212e+00	 2.8755e+01	 1.0392e+00
3.3497e+00	 1.0035e+00	 2.8746e+01	 1.0212e+00	 2.8746e+01	 1.0398e+00
3.3528e+00	 1.0035e+00	 2.8737e+01	 1.0211e+00	 2.8737e+01	 1.0405e+00
3.3560e+00	 1.0035e+00	 2.8727e+01	 1.0211e+00	 2.8727e+01	 1.0414e+00
3.3591e+00	 1.0035e+00	 2.8718e+01	 1.0211e+00	 2.8718e+01	 1.0425e+00
3.3622e+00	 1.0035e+00	 2.8708e+01	 1.0210e+00	 2.8708e+01	 1.0437e+00
3.3654e+00	 1.0035e+00	 2.8699e+01	 1.0210e+00	 2.8699e+01	 1.0448e+00
3.3685e+00	 1.0035e+00	 2.8690e+01	 1.0210e+00	 2.8690e+01	 1.0458e+00
3.3716e+00	 1.0035e+00	 2.8680e+01	 1.0210e+00	 2.8680e+01	 1.0462e+00
3.3748e+00	 1.0034e+00	 2.8671e+01	 1.0209e+00	 2.8671e+01	 1.0463e+00
3.3779e+00	 1.0034e+00	 2.8662e+01	 1.0209e+00	 2.8662e+01	 1.0461e+00
3.3811e+00	 1.0034e+00	 2.8652e+01	 1.0209e+00	 2.8652e+01	 1.0458e+00
3.3843e+00	 1.0034e+00	 2.8643e+01	 1.0208e+00	 2.8643e+01	 1.0458e+00
3.3874e+00	 1.0034e+00	 2.8634e+01	 1.0208e+00	 2.8634e+01	 1.0458e+00
3.3906e+00	 1.0034e+00	 2.8624e+01	 1.0208e+00	 2.8624e+01	 1.0460e+00
3.3937e+00	 1.0034e+00	 2.8615e+01	 1.0208e+00	 2.8615e+01	 1.0462e+00
3.3969e+00	 1.0033e+00	 2.8606e+01	 1.0207e+00	 2.8606e+01	 1.0461e+00
3.4001e+00	 1.0033e+00	 2.8597e+01	 1.0207e+00	 2.8597e+01	 1.0458e+00
3.4032e+00	 1.0033e+00	 2.8587e+01	 1.0207e+00	 2.8587e+01	 1.0450e+00
3.4064e+00	 1.0032e+00	 2.8578e+01	 1.0207e+00	 2.8578e+01	 1.0441e+00
3.4096e+00	 1.0032e+00	 2.8569e+01	 1.0206e+00	 2.8569e+01	 1.0432e+00
3.4128e+00	 1.0032e+00	 2.8560e+01	 1.0206e+00	 2.8560e+01	 1.0426e+00
3.4160e+00	 1.0032e+00	 2.8550e+01	 1.0206e+00	 2.8550e+01	 1.0423e+00
3.4191e+00	 1.0032e+00	 2.8541e+01	 1.0206e+00	 2.8541e+01	 1.0420e+00
3.4223e+00	 1.0031e+00	 2.8532e+01	 1.0206e+00	 2.8532e+01	 1.0420e+00
3.4255e+00	 1.0031e+00	 2.8523e+01	 1.0205e+00	 2.8523e+01	 1.0416e+00
3.4287e+00	 1.0031e+00	 2.8514e+01	 1.0205e+00	 2.8514e+01	 1.0410e+00
3.4319e+00	 1.0031e+00	 2.8505e+01	 1.0205e+00	 2.8505e+01	 1.0401e+00
3.4351e+00	 1.0030e+00	 2.8496e+01	 1.0205e+00	 2.8496e+01	 1.0390e+00
3.4383e+00	 1.0030e+00	 2.8487e+01	 1.0205e+00	 2.8487e+01	 1.0380e+00
3.4415e+00	 1.0030e+00	 2.8477e+01	 1.0205e+00	 2.8477e+01	 1.0371e+00
3.4447e+00	 1.0030e+00	 2.8468e+01	 1.0205e+00	 2.8468e+01	 1.0365e+00
3.4479e+00	 1.0030e+00	 2.8459e+01	 1.0205e+00	 2.8459e+01	 1.0361e+00
3.4512e+00	 1.0030e+00	 2.8450e+01	 1.0205e+00	 2.8450e+01	 1.0356e+00
3.4544e+00	 1.0030e+00	 2.8441e+01	 1.0205e+00	 2.8441e+01	 1.0351e+00
3.4576e+00	 1.0030e+00	 2.8432e+01	 1.0205e+00	 2.8432e+01	 1.0341e+00
3.4608e+00	 1.0031e+00	 2.8423e+01	 1.0205e+00	 2.8423e+01	 1.0331e+00
3.4640e+00	 1.0031e+00	 2.8414e+01	 1.0205e+00	 2.8414e+01	 1.0319e+00
3.4673e+00	 1.0031e+00	 2.8405e+01	 1.0205e+00	 2.8405e+01	 1.0308e+00
3.4705e+00	 1.0031e+00	 2.8396e+01	 1.0205e+00	 2.8396e+01	 1.0301e+00
3.4737e+00	 1.0032e+00	 2.8387e+01	 1.0205e+00	 2.8387e+01	 1.0297e+00
3.4770e+00	 1.0032e+00	 2.8378e+01	 1.0205e+00	 2.8378e+01	 1.0296e+00
3.4802e+00	 1.0032e+00	 2.8369e+01	 1.0205e+00	 2.8369e+01	 1.0296e+00
3.4835e+00	 1.0033e+00	 2.8360e+01	 1.0205e+00	 2.8360e+01	 1.0295e+00
3.4867e+00	 1.0033e+00	 2.8352e+01	 1.0205e+00	 2.8352e+01	 1.0293e+00
3.4900e+00	 1.0033e+00	 2.8343e+01	 1.0206e+00	 2.8343e+01	 1.0288e+00
3.4932e+00	 1.0033e+00	 2.8334e+01	 1.0206e+00	 2.8334e+01	 1.0285e+00
3.4965e+00	 1.0034e+00	 2.8325e+01	 1.0206e+00	 2.8325e+01	 1.0282e+00
3.4997e+00	 1.0034e+00	 2.8316e+01	 1.0206e+00	 2.8316e+01	 1.0283e+00
3.5030e+00	 1.0034e+00	 2.8307e+01	 1.0207e+00	 2.8307e+01	 1.0287e+00
3.5062e+00	 1.0034e+00	 2.8298e+01	 1.0207e+00	 2.8298e+01	 1.0294e+00
3.5095e+00	 1.0034e+00	 2.8290e+01	 1.0208e+00	 2.8290e+01	 1.0302e+00
3.5128e+00	 1.0035e+00	 2.8281e+01	 1.0208e+00	 2.8281e+01	 1.0308e+00
3.5160e+00	 1.0035e+00	 2.8272e+01	 1.0208e+00	 2.8272e+01	 1.0313e+00
3.5193e+00	 1.0035e+00	 2.8263e+01	 1.0209e+00	 2.8263e+01	 1.0315e+00
3.5226e+00	 1.0035e+00	 2.8254e+01	 1.0209e+00	 2.8254e+01	 1.0315e+00
3.5259e+00	 1.0035e+00	 2.8246e+01	 1.0210e+00	 2.8246e+01	 1.0318e+00
3.5292e+00	 1.0036e+00	 2.8237e+01	 1.0210e+00	 2.8237e+01	 1.0322e+00
3.5324e+00	 1.0036e+00	 2.8228e+01	 1.0211e+00	 2.8228e+01	 1.0329e+00
3.5357e+00	 1.0036e+00	 2.8219e+01	 1.0211e+00	 2.8219e+01	 1.0338e+00
3.5390e+00	 1.0036e+00	 2.8211e+01	 1.0212e+00	 2.8211e+01	 1.0348e+00
3.5423e+00	 1.0036e+00	 2.8202e+01	 1.0212e+00	 2.8202e+01	 1.0355e+00
3.5456e+00	 1.0036e+00	 2.8193e+01	 1.0213e+00	 2.8193e+01	 1.0360e+00
3.5489e+00	 1.0036e+00	 2.8185e+01	 1.0214e+00	 2.8185e+01	 1.0362e+00
3.5522e+00	 1.0036e+00	 2.8176e+01	 1.0214e+00	 2.8176e+01	 1.0362e+00
3.5555e+00	 1.0036e+00	 2.8167e+01	 1.0215e+00	 2.8167e+01	 1.0364e+00
3.5589e+00	 1.0037e+00	 2.8159e+01	 1.0216e+00	 2.8159e+01	 1.0367e+00
3.5622e+00	 1.0037e+00	 2.8150e+01	 1.0216e+00	 2.8150e+01	 1.0372e+00
3.5655e+00	 1.0037e+00	 2.8141e+01	 1.0217e+00	 2.8141e+01	 1.0381e+00
3.5688e+00	 1.0037e+00	 2.8133e+01	 1.0218e+00	 2.8133e+01	 1.0387e+00
3.5721e+00	 1.0037e+00	 2.8124e+01	 1.0218e+00	 2.8124e+01	 1.0392e+00
3.5755e+00	 1.0038e+00	 2.8115e+01	 1.0219e+00	 2.8115e+01	 1.0394e+00
3.5788e+00	 1.0038e+00	 2.8107e+01	 1.0220e+00	 2.8107e+01	 1.0393e+00
3.5821e+00	 1.0038e+00	 2.8098e+01	 1.0220e+00	 2.8098e+01	 1.0390e+00
3.5854e+00	 1.0038e+00	 2.8090e+01	 1.0221e+00	 2.8090e+01	 1.0388e+00
3.5888e+00	 1.0038e+00	 2.8081e+01	 1.0222e+00	 2.8081e+01	 1.0388e+00
3.5921e+00	 1.0039e+00	 2.8073e+01	 1.0223e+00	 2.8073e+01	 1.0390e+00
3.5955e+00	 1.0038e+00	 2.8064e+01	 1.0223e+00	 2.8064e+01	 1.0394e+00
3.5988e+00	 1.0039e+00	 2.8056e+01	 1.0224e+00	 2.8056e+01	 1.0397e+00
3.6022e+00	 1.0038e+00	 2.8047e+01	 1.0224e+00	 2.8047e+01	 1.0397e+00
3.6055e+00	 1.0038e+00	 2.8039e+01	 1.0225e+00	 2.8039e+01	 1.0394e+00
3.6089e+00	 1.0038e+00	 2.8031e+01	 1.0226e+00	 2.8031e+01	 1.0387e+00
3.6122e+00	 1.0038e+00	 2.8022e+01	 1.0226e+00	 2.8022e+01	 1.0378e+00
3.6156e+00	 1.0037e+00	 2.8014e+01	 1.0227e+00	 2.8014e+01	 1.0369e+00
3.6189e+00	 1.0037e+00	 2.8005e+01	 1.0228e+00	 2.8005e+01	 1.0361e+00
3.6223e+00	 1.0037e+00	 2.7997e+01	 1.0228e+00	 2.7997e+01	 1.0356e+00
3.6257e+00	 1.0036e+00	 2.7988e+01	 1.0229e+00	 2.7988e+01	 1.0350e+00
3.6291e+00	 1.0036e+00	 2.7980e+01	 1.0229e+00	 2.7980e+01	 1.0345e+00
3.6324e+00	 1.0036e+00	 2.7972e+01	 1.0230e+00	 2.7972e+01	 1.0336e+00
3.6358e+00	 1.0036e+00	 2.7963e+01	 1.0230e+00	 2.7963e+01	 1.0324e+00
3.6392e+00	 1.0036e+00	 2.7955e+01	 1.0231e+00	 2.7955e+01	 1.0309e+00
3.6426e+00	 1.0036e+00	 2.7946e+01	 1.0231e+00	 2.7946e+01	 1.0292e+00
3.6460e+00	 1.0036e+00	 2.7938e+01	 1.0232e+00	 2.7938e+01	 1.0276e+00
3.6494e+00	 1.0036e+00	 2.7930e+01	 1.0232e+00	 2.7930e+01	 1.0261e+00
3.6528e+00	 1.0036e+00	 2.8005e+01	 1.0228e+00	 2.7921e+01	 1.0249e+00
3.6562e+00	 1.0036e+00	 2.7888e+01	 1.0234e+00	 2.7806e+01	 1.0066e+00
3.6596e+00	 1.0036e+00	 2.7778e+01	 1.0236e+00	 2.7757e+01	 1.0215e+00
3.6630e+00	 1.0037e+00	 2.7749e+01	 1.0224e+00	 2.7731e+01	 1.0320e+00
3.6664e+00	 1.0037e+00	 2.7724e+01	 1.0209e+00	 2.7707e+01	 1.0287e+00
3.6698e+00	 1.0037e+00	 2.7701e+01	 1.0198e+00	 2.7686e+01	 1.0246e+00
3.6732e+00	 1.0037e+00	 2.7680e+01	 1.0191e+00	 2.7666e+01	 1.0316e+00
3.6766e+00	 1.0038e+00	 2.7660e+01	 1.0189e+00	 2.7647e+01	 1.0363e+00
3.6800e+00	 1.0038e+00	 2.7641e+01	 1.0191e+00	 2.7628e+01	 1.0312e+00
3.6834e+00	 1.0038e+00	 2.7623e+01	 1.0193e+00	 2.7611e+01	 1.0307e+00
3.6869e+00	 1.0038e+00	 2.7606e+01	 1.0196e+00	 2.7593e+01	 1.0325e+00
3.6903e+00	 1.0039e+00	 2.7588e+01	 1.0198e+00	 2.7576e+01	 1.0340e+00
3.6937e+00	 1.0039e+00	 2.7571e+01	 1.0198e+00	 2.7560e+01	 1.0355e+00
3.6972e+00	 1.0039e+00	 2.7555e+01	 1.0198e+00	 2.7543e+01	 1.0327e+00
3.7006e+00	 1.0039e+00	 2.7538e+01	 1.0196e+00	 2.7527e+01	 1.0278e+00
3.7040e+00	 1.0039e+00	 2.7522e+01	 1.0194e+00	 2.7510e+01	 1.0316e+00
3.7075e+00	 1.0039e+00	 2.7506e+01	 1.0193e+00	 2.7494e+01	 1.0323e+00
3.7109e+00	 1.0039e+00	 2.7489e+01	 1.0193e+00	 2.7478e+01	 1.0351e+00
3.7144e+00	 1.0038e+00	 2.7473e+01	 1.0193e+00	 2.7461e+01	 1.0367e+00
3.7178e+00	 1.0038e+00	 2.7457e+01	 1.0193e+00	 2.7445e+01	 1.0323e+00
3.7213e+00	 1.0038e+00	 2.7441e+01	 1.0193e+00	 2.7429e+01	 1.0305e+00
3.7247e+00	 1.0037e+00	 2.7425e+01	 1.0194e+00	 2.7413e+01	 1.0298e+00
3.7282e+00	 1.0037e+00	 2.7408e+01	 1.0195e+00	 2.7397e+01	 1.0324e+00
3.7317e+00	 1.0037e+00	 2.7392e+01	 1.0195e+00	 2.7381e+01	 1.0334e+00
3.7351e+00	 1.0036e+00	 2.7376e+01	 1.0194e+00	 2.7365e+01	 1.0306e+00
3.7386e+00	 1.0036e+00	 2.7360e+01	 1.0194e+00	 2.7349e+01	 1.0275e+00
3.7421e+00	 1.0036e+00	 2.7344e+01	 1.0193e+00	 2.7333e+01	 1.0322e+00
3.7455e+00	 1.0035e+00	 2.7328e+01	 1.0193e+00	 2.7317e+01	 1.0305e+00
3.7490e+00	 1.0035e+00	 2.7312e+01	 1.0193e+00	 2.7300e+01	 1.0305e+00
3.7525e+00	 1.0035e+00	 2.7296e+01	 1.0192e+00	 2.7284e+01	 1.0328e+00
3.7560e+00	 1.0035e+00	 2.7280e+01	 1.0192e+00	 2.7268e+01	 1.0293e+00
3.7595e+00	 1.0035e+00	 2.7264e+01	 1.0192e+00	 2.7252e+01	 1.0316e+00
3.7630e+00	 1.0035e+00	 2.7248e+01	 1.0193e+00	 2.7236e+01	 1.0312e+00
3.7665e+00	 1.0036e+00	 2.7232e+01	 1.0193e+00	 2.7220e+01	 1.0305e+00
3.7700e+00	 1.0036e+00	 2.7215e+01	 1.0192e+00	 2.7204e+01	 1.0302e+00
3.7735e+00	 1.0037e+00	 2.7199e+01	 1.0192e+00	 2.7188e+01	 1.0327e+00
3.7770e+00	 1.0037e+00	 2.7183e+01	 1.0191e+00	 2.7172e+01	 1.0312e+00
3.7805e+00	 1.0037e+00	 2.7167e+01	 1.0192e+00	 2.7156e+01	 1.0290e+00
3.7840e+00	 1.0038e+00	 2.7151e+01	 1.0192e+00	 2.7140e+01	 1.0303e+00
3.7875e+00	 1.0038e+00	 2.7135e+01	 1.0193e+00	 2.7124e+01	 1.0303e+00
3.7910e+00	 1.0039e+00	 2.7119e+01	 1.0193e+00	 2.7108e+01	 1.0323e+00
3.7946e+00	 1.0039e+00	 2.7103e+01	 1.0193e+00	 2.7091e+01	 1.0303e+00
3.7981e+00	 1.0039e+00	 2.7087e+01	 1.0193e+00	 2.7075e+01	 1.0312e+00
3.8016e+00	 1.0039e+00	 2.7071e+01	 1.0192e+00	 2.7059e+01	 1.0304e+00
3.8051e+00	 1.0040e+00	 2.7055e+01	 1.0191e+00	 2.7043e+01	 1.0303e+00
3.8087e+00	 1.0040e+00	 2.7039e+01	 1.0190e+00	 2.7027e+01	 1.0302e+00
3.8122e+00	 1.0040e+00	 2.7023e+01	 1.0190e+00	 2.7011e+01	 1.0293e+00
3.8157e+00	 1.0040e+00	 2.7007e+01	 1.0190e+00	 2.6995e+01	 1.0320e+00
3.8193e+00	 1.0040e+00	 2.6990e+01	 1.0190e+00	 2.6979e+01	 1.0311e+00
3.8228e+00	 1.0041e+00	 2.6974e+01	 1.0190e+00	 2.6963e+01	 1.0317e+00
3.8264e+00	 1.0041e+00	 2.6958e+01	 1.0190e+00	 2.6947e+01	 1.0291e+00
3.8299e+00	 1.0041e+00	 2.6942e+01	 1.0190e+00	 2.6931e+01	 1.0298e+00
3.8335e+00	 1.0041e+00	 2.6926e+01	 1.0189e+00	 2.6915e+01	 1.0305e+00
3.8370e+00	 1.0041e+00	 2.6910e+01	 1.0189e+00	 2.6898e+01	 1.0297e+00
3.8406e+00	 1.0041e+00	 2.6894e+01	 1.0189e+00	 2.6882e+01	 1.0290e+00
3.8441e+00	 1.0041e+00	 2.6878e+01	 1.0189e+00	 2.6866e+01	 1.0280e+00
3.8477e+00	 1.0042e+00	 2.6861e+01	 1.0190e+00	 2.6850e+01	 1.0297e+00
3.8513e+00	 1.0042e+00	 2.6845e+01	 1.0190e+00	 2.6834e+01	 1.0301e+00
3.8549e+00	 1.0042e+00	 2.6829e+01	 1.0189e+00	 2.6818e+01	 1.0316e+00
3.8584e+00	 1.0042e+00	 2.6813e+01	 1.0189e+00	 2.6802e+01	 1.0293e+00
3.8620e+00	 1.0042e+00	 2.6797e+01	 1.0188e+00	 2.6786e+01	 1.0291e+00
3.8656e+00	 1.0043e+00	 2.6781e+01	 1.0188e+00	 2.6769e+01	 1.0286e+00
3.8692e+00	 1.0043e+00	 2.6765e+01	 1.0187e+00	 2.6753e+01	 1.0281e+00
3.8728e+00	 1.0043e+00	 2.6749e+01	 1.0187e+00	 2.6737e+01	 1.0289e+00
3.8764e+00	 1.0043e+00	 2.6732e+01	 1.0186e+00	 2.6721e+01	 1.0285e+00
3.8800e+00	 1.0043e+00	 2.6716e+01	 1.0186e+00	 2.6705e+01	 1.0295e+00
3.8836e+00	 1.0043e+00	 2.6700e+01	 1.0186e+00	 2.6689e+01	 1.0272e+00
3.8872e+00	 1.0043e+00	 2.6684e+01	 1.0185e+00	 2.6673e+01	 1.0294e+00
3.8908e+00	 1.0043e+00	 2.6668e+01	 1.0186e+00	 2.6656e+01	 1.0303e+00
3.8944e+00	 1.0043e+00	 2.6652e+01	 1.0186e+00	 2.6640e+01	 1.0306e+00
3.8980e+00	 1.0043e+00	 2.6636e+01	 1.0185e+00	 2.6624e+01	 1.0304e+00
3.9016e+00	 1.0043e+00	 2.6619e+01	 1.0185e+00	 2.6608e+01	 1.0303e+00
3.9052e+00	 1.0043e+00	 2.6603e+01	 1.0185e+00	 2.6592e+01	 1.0323e+00
3.9089e+00	 1.0043e+00	 2.6587e+01	 1.0185e+00	 2.6576e+01	 1.0291e+00
3.9125e+00	 1.0043e+00	 2.6571e+01	 1.0185e+00	 2.6559e+01	 1.0299e+00
3.9161e+00	 1.0042e+00	 2.6555e+01	 1.0185e+00	 2.6543e+01	 1.0295e+00
3.9198e+00	 1.0042e+00	 2.6539e+01	 1.0185e+00	 2.6527e+01	 1.0297e+00
3.9234e+00	 1.0042e+00	 2.6523e+01	 1.0184e+00	 2.6511e+01	 1.0291e+00
3.9270e+00	 1.0042e+00	 2.6506e+01	 1.0183e+00	 2.6495e+01	 1.0293e+00
3.9307e+00	 1.0042e+00	 2.6490e+01	 1.0182e+00	 2.6479e+01	 1.0272e+00
3.9343e+00	 1.0042e+00	 2.6474e+01	 1.0182e+00	 2.6463e+01	 1.0280e+00
3.9380e+00	 1.0042e+00	 2.6458e+01	 1.0183e+00	 2.6446e+01	 1.0308e+00
3.9416e+00	 1.0042e+00	 2.6442e+01	 1.0183e+00	 2.6430e+01	 1.0292e+00
3.9453e+00	 1.0042e+00	 2.6426e+01	 1.0184e+00	 2.6414e+01	 1.0297e+00
3.9489e+00	 1.0042e+00	 2.6410e+01	 1.0184e+00	 2.6398e+01	 1.0272e+00
3.9526e+00	 1.0042e+00	 2.6393e+01	 1.0183e+00	 2.6382e+01	 1.0293e+00
3.9562e+00	 1.0043e+00	 2.6377e+01	 1.0183e+00	 2.6366e+01	 1.0305e+00
3.9599e+00	 1.0042e+00	 2.6361e+01	 1.0183e+00	 2.6350e+01	 1.0307e+00
3.9636e+00	 1.0043e+00	 2.6345e+01	 1.0183e+00	 2.6333e+01	 1.0303e+00
3.9672e+00	 1.0042e+00	 2.6329e+01	 1.0182e+00	 2.6317e+01	 1.0289e+00
3.9709e+00	 1.0042e+00	 2.6313e+01	 1.0181e+00	 2.6301e+01	 1.0292e+00
3.9746e+00	 1.0043e+00	 2.6297e+01	 1.0181e+00	 2.6285e+01	 1.0262e+00
3.9783e+00	 1.0042e+00	 2.6280e+01	 1.0180e+00	 2.6269e+01	 1.0299e+00
3.9820e+00	 1.0043e+00	 2.6264e+01	 1.0180e+00	 2.6253e+01	 1.0288e+00
3.9857e+00	 1.0042e+00	 2.6248e+01	 1.0181e+00	 2.6237e+01	 1.0292e+00
3.9894e+00	 1.0042e+00	 2.6232e+01	 1.0182e+00	 2.6220e+01	 1.0299e+00
3.9931e+00	 1.0042e+00	 2.6216e+01	 1.0182e+00	 2.6204e+01	 1.0274e+00
3.9968e+00	 1.0042e+00	 2.6200e+01	 1.0182e+00	 2.6188e+01	 1.0259e+00
4.0005e+00	 1.0042e+00	 2.6184e+01	 1.0180e+00	 2.6172e+01	 1.0276e+00
4.0042e+00	 1.0042e+00	 2.6167e+01	 1.0178e+00	 2.6156e+01	 1.0283e+00
4.0079e+00	 1.0042e+00	 2.6151e+01	 1.0175e+00	 2.6140e+01	 1.0245e+00
4.0116e+00	 1.0042e+00	 2.6135e+01	 1.0174e+00	 2.6124e+01	 1.0278e+00
4.0153e+00	 1.0042e+00	 2.6119e+01	 1.0176e+00	 2.6108e+01	 1.0308e+00
4.0190e+00	 1.0042e+00	 2.6103e+01	 1.0180e+00	 2.6091e+01	 1.0229e+00
4.0228e+00	 1.0041e+00	 2.6087e+01	 1.0182e+00	 2.6075e+01	 1.0275e+00
4.0265e+00	 1.0041e+00	 2.6071e+01	 1.0182e+00	 2.6059e+01	 1.0311e+00
4.0302e+00	 1.0040e+00	 2.6055e+01	 1.0182e+00	 2.6043e+01	 1.0324e+00
4.0339e+00	 1.0040e+00	 2.6038e+01	 1.0180e+00	 2.6027e+01	 1.0362e+00
4.0377e+00	 1.0039e+00	 2.6022e+01	 1.0179e+00	 2.6011e+01	 1.0301e+00
4.0414e+00	 1.0039e+00	 2.6006e+01	 1.0178e+00	 2.5995e+01	 1.0203e+00
4.0452e+00	 1.0038e+00	 2.5990e+01	 1.0177e+00	 2.5979e+01	 1.0236e+00
4.0489e+00	 1.0038e+00	 2.5974e+01	 1.0177e+00	 2.5963e+01	 1.0280e+00
4.0527e+00	 1.0038e+00	 2.5958e+01	 1.0178e+00	 2.5947e+01	 1.0285e+00
4.0564e+00	 1.0037e+00	 2.5942e+01	 1.0178e+00	 2.5930e+01	 1.0287e+00
4.0602e+00	 1.0037e+00	 2.5926e+01	 1.0179e+00	 2.5914e+01	 1.0254e+00
4.0639e+00	 1.0036e+00	 2.5910e+01	 1.0179e+00	 2.5898e+01	 1.0267e+00
4.0677e+00	 1.0036e+00	 2.5894e+01	 1.0179e+00	 2.5882e+01	 1.0290e+00
4.0715e+00	 1.0036e+00	 2.5878e+01	 1.0179e+00	 2.5866e+01	 1.0291e+00
4.0752e+00	 1.0036e+00	 2.5861e+01	 1.0178e+00	 2.5850e+01	 1.0267e+00
4.0790e+00	 1.0036e+00	 2.5845e+01	 1.0176e+00	 2.5834e+01	 1.0286e+00
4.0828e+00	 1.0035e+00	 2.5829e+01	 1.0175e+00	 2.5818e+01	 1.0283e+00
4.0866e+00	 1.0036e+00	 2.5813e+01	 1.0174e+00	 2.5802e+01	 1.0276e+00
4.0904e+00	 1.0035e+00	 2.5797e+01	 1.0174e+00	 2.5786e+01	 1.0277e+00
4.0941e+00	 1.0036e+00	 2.5781e+01	 1.0175e+00	 2.5770e+01	 1.0267e+00
4.0979e+00	 1.0035e+00	 2.5765e+01	 1.0175e+00	 2.5754e+01	 1.0282e+00
4.1017e+00	 1.0036e+00	 2.5749e+01	 1.0175e+00	 2.5738e+01	 1.0253e+00
4.1055e+00	 1.0036e+00	 2.5733e+01	 1.0175e+00	 2.5721e+01	 1.0244e+00
4.1093e+00	 1.0036e+00	 2.5717e+01	 1.0175e+00	 2.5705e+01	 1.0250e+00
4.1131e+00	 1.0036e+00	 2.5701e+01	 1.0175e+00	 2.5689e+01	 1.0261e+00
4.1170e+00	 1.0036e+00	 2.5685e+01	 1.0176e+00	 2.5673e+01	 1.0253e+00
4.1208e+00	 1.0037e+00	 2.5669e+01	 1.0176e+00	 2.5657e+01	 1.0246e+00
4.1246e+00	 1.0037e+00	 2.5653e+01	 1.0175e+00	 2.5641e+01	 1.0271e+00
4.1284e+00	 1.0037e+00	 2.5637e+01	 1.0174e+00	 2.5625e+01	 1.0267e+00
4.1322e+00	 1.0038e+00	 2.5621e+01	 1.0173e+00	 2.5609e+01	 1.0265e+00
4.1360e+00	 1.0038e+00	 2.5605e+01	 1.0172e+00	 2.5593e+01	 1.0260e+00
4.1399e+00	 1.0039e+00	 2.5589e+01	 1.0171e+00	 2.5577e+01	 1.0255e+00
4.1437e+00	 1.0039e+00	 2.5573e+01	 1.0171e+00	 2.5561e+01	 1.0236e+00
4.1475e+00	 1.0040e+00	 2.5557e+01	 1.0171e+00	 2.5545e+01	 1.0238e+00
4.1514e+00	 1.0040e+00	 2.5541e+01	 1.0171e+00	 2.5529e+01	 1.0271e+00
4.1552e+00	 1.0041e+00	 2.5525e+01	 1.0172e+00	 2.5513e+01	 1.0283e+00
4.1590e+00	 1.0042e+00	 2.5509e+01	 1.0172e+00	 2.5497e+01	 1.0254e+00
4.1629e+00	 1.0042e+00	 2.5493e+01	 1.0172e+00	 2.5482e+01	 1.0215e+00
4.1667e+00	 1.0043e+00	 2.5477e+01	 1.0171e+00	 2.5466e+01	 1.0261e+00
4.1706e+00	 1.0043e+00	 2.5461e+01	 1.0171e+00	 2.5450e+01	 1.0272e+00
4.1745e+00	 1.0044e+00	 2.5445e+01	 1.0172e+00	 2.5434e+01	 1.0255e+00
4.1783e+00	 1.0044e+00	 2.5429e+01	 1.0172e+00	 2.5418e+01	 1.0229e+00
4.1822e+00	 1.0045e+00	 2.5413e+01	 1.0172e+00	 2.5402e+01	 1.0257e+00
4.1860e+00	 1.0046e+00	 2.5397e+01	 1.0172e+00	 2.5386e+01	 1.0265e+00
4.1899e+00	 1.0046e+00	 2.5381e+01	 1.0172e+00	 2.5370e+01	 1.0243e+00
4.1938e+00	 1.0047e+00	 2.5365e+01	 1.0171e+00	 2.5354e+01	 1.0266e+00
4.1977e+00	 1.0047e+00	 2.5350e+01	 1.0171e+00	 2.5338e+01	 1.0242e+00
4.2016e+00	 1.0048e+00	 2.5334e+01	 1.0171e+00	 2.5322e+01	 1.0245e+00
4.2054e+00	 1.0048e+00	 2.5318e+01	 1.0171e+00	 2.5306e+01	 1.0285e+00
4.2093e+00	 1.0049e+00	 2.5302e+01	 1.0171e+00	 2.5290e+01	 1.0274e+00
4.2132e+00	 1.0049e+00	 2.5286e+01	 1.0170e+00	 2.5275e+01	 1.0224e+00
4.2171e+00	 1.0049e+00	 2.5270e+01	 1.0170e+00	 2.5259e+01	 1.0248e+00
4.2210e+00	 1.0050e+00	 2.5254e+01	 1.0170e+00	 2.5243e+01	 1.0285e+00
4.2249e+00	 1.0050e+00	 2.5238e+01	 1.0169e+00	 2.5227e+01	 1.0266e+00
4.2288e+00	 1.0050e+00	 2.5223e+01	 1.0169e+00	 2.5211e+01	 1.0256e+00
4.2327e+00	 1.0050e+00	 2.5207e+01	 1.0169e+00	 2.5195e+01	 1.0233e+00
4.2367e+00	 1.0051e+00	 2.5191e+01	 1.0169e+00	 2.5180e+01	 1.0253e+00
4.2406e+00	 1.0051e+00	 2.5175e+01	 1.0170e+00	 2.5164e+01	 1.0232e+00
4.2445e+00	 1.0051e+00	 2.5159e+01	 1.0170e+00	 2.5148e+01	 1.0236e+00
4.2484e+00	 1.0052e+00	 2.5143e+01	 1.0170e+00	 2.5132e+01	 1.0245e+00
4.2523e+00	 1.0052e+00	 2.5127e+01	 1.0169e+00	 2.5116e+01	 1.0228e+00
4.2563e+00	 1.0052e+00	 2.5112e+01	 1.0169e+00	 2.5100e+01	 1.0232e+00
4.2602e+00	 1.0052e+00	 2.5096e+01	 1.0168e+00	 2.5085e+01	 1.0222e+00
4.2641e+00	 1.0053e+00	 2.5080e+01	 1.0168e+00	 2.5069e+01	 1.0241e+00
4.2681e+00	 1.0053e+00	 2.5064e+01	 1.0168e+00	 2.5053e+01	 1.0224e+00
4.2720e+00	 1.0053e+00	 2.5048e+01	 1.0168e+00	 2.5037e+01	 1.0225e+00
4.2760e+00	 1.0053e+00	 2.5033e+01	 1.0169e+00	 2.5021e+01	 1.0218e+00
4.2799e+00	 1.0053e+00	 2.5017e+01	 1.0169e+00	 2.5006e+01	 1.0230e+00
4.2839e+00	 1.0054e+00	 2.5001e+01	 1.0169e+00	 2.4990e+01	 1.0242e+00
4.2878e+00	 1.0054e+00	 2.4985e+01	 1.0168e+00	 2.4974e+01	 1.0231e+00
4.2918e+00	 1.0054e+00	 2.4970e+01	 1.0167e+00	 2.4958e+01	 1.0229e+00
4.2958e+00	 1.0054e+00	 2.4954e+01	 1.0166e+00	 2.4943e+01	 1.0208e+00
4.2998e+00	 1.0054e+00	 2.4938e+01	 1.0165e+00	 2.4927e+01	 1.0226e+00
4.3037e+00	 1.0054e+00	 2.4922e+01	 1.0165e+00	 2.4911e+01	 1.0218e+00
4.3077e+00	 1.0054e+00	 2.4907e+01	 1.0164e+00	 2.4895e+01	 1.0227e+00
4.3117e+00	 1.0054e+00	 2.4891e+01	 1.0164e+00	 2.4880e+01	 1.0217e+00
4.3157e+00	 1.0054e+00	 2.4875e+01	 1.0164e+00	 2.4864e+01	 1.0222e+00
4.3197e+00	 1.0054e+00	 2.4860e+01	 1.0165e+00	 2.4848e+01	 1.0222e+00
4.3236e+00	 1.0054e+00	 2.4844e+01	 1.0166e+00	 2.4833e+01	 1.0204e+00
4.3276e+00	 1.0054e+00	 2.4828e+01	 1.0166e+00	 2.4817e+01	 1.0221e+00
4.3316e+00	 1.0054e+00	 2.4812e+01	 1.0165e+00	 2.4801e+01	 1.0215e+00
4.3356e+00	 1.0054e+00	 2.4797e+01	 1.0164e+00	 2.4785e+01	 1.0231e+00
4.3396e+00	 1.0054e+00	 2.4781e+01	 1.0163e+00	 2.4770e+01	 1.0222e+00
4.3437e+00	 1.0054e+00	 2.4765e+01	 1.0163e+00	 2.4754e+01	 1.0234e+00
4.3477e+00	 1.0054e+00	 2.4750e+01	 1.0163e+00	 2.4738e+01	 1.0218e+00
4.3517e+00	 1.0054e+00	 2.4734e+01	 1.0164e+00	 2.4723e+01	 1.0213e+00
4.3557e+00	 1.0054e+00	 2.4718e+01	 1.0164e+00	 2.4707e+01	 1.0228e+00
4.3597e+00	 1.0054e+00	 2.4703e+01	 1.0164e+00	 2.4691e+01	 1.0214e+00
4.3637e+00	 1.0054e+00	 2.4687e+01	 1.0164e+00	 2.4676e+01	 1.0243e+00
4.3678e+00	 1.0055e+00	 2.4671e+01	 1.0164e+00	 2.4660e+01	 1.0256e+00
4.3718e+00	 1.0054e+00	 2.4656e+01	 1.0164e+00	 2.4644e+01	 1.0252e+00
4.3758e+00	 1.0055e+00	 2.4640e+01	 1.0164e+00	 2.4629e+01	 1.0246e+00
4.3799e+00	 1.0055e+00	 2.4624e+01	 1.0163e+00	 2.4613e+01	 1.0248e+00
4.3839e+00	 1.0055e+00	 2.4609e+01	 1.0162e+00	 2.4597e+01	 1.0233e+00
4.3880e+00	 1.0055e+00	 2.4593e+01	 1.0162e+00	 2.4582e+01	 1.0237e+00
4.3920e+00	 1.0055e+00	 2.4577e+01	 1.0161e+00	 2.4566e+01	 1.0245e+00
4.3961e+00	 1.0055e+00	 2.4562e+01	 1.0161e+00	 2.4551e+01	 1.0245e+00
4.4001e+00	 1.0054e+00	 2.4546e+01	 1.0161e+00	 2.4535e+01	 1.0306e+00
4.4042e+00	 1.0055e+00	 2.4531e+01	 1.0161e+00	 2.4519e+01	 1.0263e+00
4.4082e+00	 1.0054e+00	 2.4515e+01	 1.0161e+00	 2.4504e+01	 1.0237e+00
4.4123e+00	 1.0054e+00	 2.4499e+01	 1.0161e+00	 2.4488e+01	 1.0256e+00
4.4164e+00	 1.0054e+00	 2.4484e+01	 1.0161e+00	 2.4473e+01	 1.0262e+00
4.4205e+00	 1.0053e+00	 2.4468e+01	 1.0161e+00	 2.4457e+01	 1.0255e+00
4.4245e+00	 1.0053e+00	 2.4453e+01	 1.0160e+00	 2.4441e+01	 1.0250e+00
4.4286e+00	 1.0053e+00	 2.4437e+01	 1.0160e+00	 2.4426e+01	 1.0264e+00
4.4327e+00	 1.0053e+00	 2.4421e+01	 1.0159e+00	 2.4410e+01	 1.0250e+00
4.4368e+00	 1.0052e+00	 2.4406e+01	 1.0160e+00	 2.4395e+01	 1.0249e+00
4.4409e+00	 1.0052e+00	 2.4390e+01	 1.0160e+00	 2.4379e+01	 1.0241e+00
4.4450e+00	 1.0051e+00	 2.4375e+01	 1.0160e+00	 2.4364e+01	 1.0244e+00
4.4491e+00	 1.0051e+00	 2.4359e+01	 1.0160e+00	 2.4348e+01	 1.0228e+00
4.4532e+00	 1.0051e+00	 2.4344e+01	 1.0160e+00	 2.4333e+01	 1.0236e+00
4.4573e+00	 1.0050e+00	 2.4328e+01	 1.0159e+00	 2.4317e+01	 1.0252e+00
4.4614e+00	 1.0050e+00	 2.4313e+01	 1.0159e+00	 2.4302e+01	 1.0247e+00
4.4656e+00	 1.0050e+00	 2.4297e+01	 1.0158e+00	 2.4286e+01	 1.0259e+00
4.4697e+00	 1.0051e+00	 2.4282e+01	 1.0158e+00	 2.4271e+01	 1.0245e+00
4.4738e+00	 1.0051e+00	 2.4266e+01	 1.0157e+00	 2.4255e+01	 1.0254e+00
4.4779e+00	 1.0051e+00	 2.4251e+01	 1.0157e+00	 2.4240e+01	 1.0249e+00
4.4821e+00	 1.0052e+00	 2.4235e+01	 1.0157e+00	 2.4224e+01	 1.0264e+00
4.4862e+00	 1.0052e+00	 2.4220e+01	 1.0158e+00	 2.4209e+01	 1.0256e+00
4.4903e+00	 1.0053e+00	 2.4204e+01	 1.0158e+00	 2.4193e+01	 1.0242e+00
4.4945e+00	 1.0053e+00	 2.4189e+01	 1.0158e+00	 2.4178e+01	 1.0243e+00
4.4986e+00	 1.0054e+00	 2.4173e+01	 1.0158e+00	 2.4162e+01	 1.0237e+00
4.5028e+00	 1.0055e+00	 2.4158e+01	 1.0157e+00	 2.4147e+01	 1.0242e+00
4.5069e+00	 1.0055e+00	 2.4142e+01	 1.0157e+00	 2.4131e+01	 1.0231e+00
4.5111e+00	 1.0056e+00	 2.4127e+01	 1.0156e+00	 2.4116e+01	 1.0260e+00
4.5152e+00	 1.0056e+00	 2.4111e+01	 1.0155e+00	 2.4100e+01	 1.0256e+00
4.5194e+00	 1.0057e+00	 2.4096e+01	 1.0155e+00	 2.4085e+01	 1.0249e+00
4.5236e+00	 1.0057e+00	 2.4081e+01	 1.0156e+00	 2.4070e+01	 1.0246e+00
4.5278e+00	 1.0058e+00	 2.4065e+01	 1.0156e+00	 2.4054e+01	 1.0230e+00
4.5319e+00	 1.0058e+00	 2.4050e+01	 1.0155e+00	 2.4039e+01	 1.0234e+00
4.5361e+00	 1.0058e+00	 2.4034e+01	 1.0155e+00	 2.4023e+01	 1.0233e+00
4.5403e+00	 1.0058e+00	 2.4019e+01	 1.0154e+00	 2.4008e+01	 1.0255e+00
4.5445e+00	 1.0057e+00	 2.4004e+01	 1.0154e+00	 2.3993e+01	 1.0250e+00
4.5487e+00	 1.0057e+00	 2.3988e+01	 1.0154e+00	 2.3977e+01	 1.0260e+00
4.5529e+00	 1.0057e+00	 2.3973e+01	 1.0154e+00	 2.3962e+01	 1.0232e+00
4.5570e+00	 1.0057e+00	 2.3957e+01	 1.0155e+00	 2.3946e+01	 1.0240e+00
4.5612e+00	 1.0056e+00	 2.3942e+01	 1.0155e+00	 2.3931e+01	 1.0249e+00
4.5655e+00	 1.0056e+00	 2.3927e+01	 1.0156e+00	 2.3916e+01	 1.0235e+00
4.5697e+00	 1.0056e+00	 2.3911e+01	 1.0155e+00	 2.3900e+01	 1.0248e+00
4.5739e+00	 1.0055e+00	 2.3896e+01	 1.0155e+00	 2.3885e+01	 1.0225e+00
4.5781e+00	 1.0055e+00	 2.3881e+01	 1.0154e+00	 2.3870e+01	 1.0240e+00
4.5823e+00	 1.0054e+00	 2.3865e+01	 1.0153e+00	 2.3854e+01	 1.0228e+00
4.5865e+00	 1.0053e+00	 2.3850e+01	 1.0153e+00	 2.3839e+01	 1.0248e+00
4.5907e+00	 1.0053e+00	 2.3835e+01	 1.0153e+00	 2.3824e+01	 1.0260e+00
4.5950e+00	 1.0052e+00	 2.3819e+01	 1.0152e+00	 2.3808e+01	 1.0264e+00
4.5992e+00	 1.0051e+00	 2.3804e+01	 1.0153e+00	 2.3793e+01	 1.0260e+00
4.6034e+00	 1.0050e+00	 2.3789e+01	 1.0153e+00	 2.3778e+01	 1.0241e+00
4.6077e+00	 1.0050e+00	 2.3774e+01	 1.0153e+00	 2.3763e+01	 1.0242e+00
4.6119e+00	 1.0049e+00	 2.3758e+01	 1.0152e+00	 2.3747e+01	 1.0234e+00
4.6162e+00	 1.0048e+00	 2.3743e+01	 1.0152e+00	 2.3732e+01	 1.0263e+00
4.6204e+00	 1.0047e+00	 2.3728e+01	 1.0152e+00	 2.3717e+01	 1.0234e+00
4.6247e+00	 1.0047e+00	 2.3713e+01	 1.0152e+00	 2.3702e+01	 1.0237e+00
4.6290e+00	 1.0046e+00	 2.3697e+01	 1.0153e+00	 2.3686e+01	 1.0247e+00
4.6332e+00	 1.0045e+00	 2.3682e+01	 1.0153e+00	 2.3671e+01	 1.0241e+00
4.6375e+00	 1.0045e+00	 2.3667e+01	 1.0153e+00	 2.3656e+01	 1.0243e+00
4.6418e+00	 1.0044e+00	 2.3651e+01	 1.0152e+00	 2.3641e+01	 1.0250e+00
4.6460e+00	 1.0044e+00	 2.3636e+01	 1.0151e+00	 2.3625e+01	 1.0254e+00
4.6503e+00	 1.0043e+00	 2.3621e+01	 1.0151e+00	 2.3610e+01	 1.0224e+00
4.6546e+00	 1.0043e+00	 2.3606e+01	 1.0150e+00	 2.3595e+01	 1.0224e+00
4.6589e+00	 1.0043e+00	 2.3591e+01	 1.0150e+00	 2.3580e+01	 1.0229e+00
4.6632e+00	 1.0042e+00	 2.3575e+01	 1.0151e+00	 2.3565e+01	 1.0241e+00
4.6675e+00	 1.0043e+00	 2.3560e+01	 1.0151e+00	 2.3549e+01	 1.0240e+00
4.6718e+00	 1.0042e+00	 2.3545e+01	 1.0151e+00	 2.3534e+01	 1.0234e+00
4.6761e+00	 1.0043e+00	 2.3530e+01	 1.0151e+00	 2.3519e+01	 1.0241e+00
4.6804e+00	 1.0043e+00	 2.3515e+01	 1.0151e+00	 2.3504e+01	 1.0228e+00
4.6847e+00	 1.0043e+00	 2.3500e+01	 1.0151e+00	 2.3489e+01	 1.0246e+00
4.6890e+00	 1.0043e+00	 2.3484e+01	 1.0150e+00	 2.3474e+01	 1.0231e+00
4.6933e+00	 1.0044e+00	 2.3469e+01	 1.0150e+00	 2.3458e+01	 1.0239e+00
4.6977e+00	 1.0044e+00	 2.3454e+01	 1.0149e+00	 2.3443e+01	 1.0232e+00
4.7020e+00	 1.0044e+00	 2.3439e+01	 1.0149e+00	 2.3428e+01	 1.0237e+00
4.7063e+00	 1.0045e+00	 2.3424e+01	 1.0149e+00	 2.3413e+01	 1.0244e+00
4.7107e+00	 1.0045e+00	 2.3409e+01	 1.0149e+00	 2.3398e+01	 1.0235e+00
4.7150e+00	 1.0046e+00	 2.3394e+01	 1.0148e+00	 2.3383e+01	 1.0243e+00
4.7193e+00	 1.0047e+00	 2.3378e+01	 1.0147e+00	 2.3368e+01	 1.0230e+00
4.7237e+00	 1.0048e+00	 2.3363e+01	 1.0145e+00	 2.3353e+01	 1.0236e+00
4.7280e+00	 1.0049e+00	 2.3348e+01	 1.0143e+00	 2.3338e+01	 1.0221e+00
4.7324e+00	 1.0049e+00	 2.3333e+01	 1.0142e+00	 2.3322e+01	 1.0269e+00
4.7367e+00	 1.0050e+00	 2.3318e+01	 1.0144e+00	 2.3307e+01	 1.0231e+00
4.7411e+00	 1.0051e+00	 2.3303e+01	 1.0147e+00	 2.3292e+01	 1.0213e+00
4.7454e+00	 1.0052e+00	 2.3288e+01	 1.0150e+00	 2.3277e+01	 1.0236e+00
4.7498e+00	 1.0053e+00	 2.3273e+01	 1.0149e+00	 2.3262e+01	 1.0213e+00
4.7542e+00	 1.0053e+00	 2.3258e+01	 1.0147e+00	 2.3247e+01	 1.0215e+00
4.7585e+00	 1.0054e+00	 2.3243e+01	 1.0146e+00	 2.3232e+01	 1.0201e+00
4.7629e+00	 1.0054e+00	 2.3228e+01	 1.0145e+00	 2.3217e+01	 1.0213e+00
4.7673e+00	 1.0055e+00	 2.3213e+01	 1.0145e+00	 2.3202e+01	 1.0211e+00
4.7717e+00	 1.0056e+00	 2.3198e+01	 1.0146e+00	 2.3187e+01	 1.0213e+00
4.7761e+00	 1.0056e+00	 2.3183e+01	 1.0146e+00	 2.3172e+01	 1.0197e+00
4.7805e+00	 1.0057e+00	 2.3168e+01	 1.0146e+00	 2.3157e+01	 1.0183e+00
4.7849e+00	 1.0057e+00	 2.3153e+01	 1.0145e+00	 2.3142e+01	 1.0218e+00
4.7893e+00	 1.0058e+00	 2.3138e+01	 1.0145e+00	 2.3127e+01	 1.0220e+00
4.7937e+00	 1.0058e+00	 2.3123e+01	 1.0145e+00	 2.3112e+01	 1.0226e+00
4.7981e+00	 1.0059e+00	 2.3108e+01	 1.0144e+00	 2.3097e+01	 1.0256e+00
4.8025e+00	 1.0059e+00	 2.3093e+01	 1.0144e+00	 2.3082e+01	 1.0297e+00
4.8069e+00	 1.0059e+00	 2.3078e+01	 1.0144e+00	 2.3067e+01	 1.0240e+00
4.8113e+00	 1.0059e+00	 2.3063e+01	 1.0144e+00	 2.3052e+01	 1.0205e+00
4.8158e+00	 1.0059e+00	 2.3048e+01	 1.0144e+00	 2.3037e+01	 1.0201e+00
4.8202e+00	 1.0059e+00	 2.3033e+01	 1.0144e+00	 2.3022e+01	 1.0208e+00
4.8246e+00	 1.0059e+00	 2.3018e+01	 1.0143e+00	 2.3007e+01	 1.0223e+00
4.8290e+00	 1.0059e+00	 2.3003e+01	 1.0143e+00	 2.2992e+01	 1.0204e+00
4.8335e+00	 1.0059e+00	 2.2988e+01	 1.0142e+00	 2.2977e+01	 1.0227e+00
4.8379e+00	 1.0059e+00	 2.2973e+01	 1.0142e+00	 2.2962e+01	 1.0208e+00
4.8424e+00	 1.0059e+00	 2.2958e+01	 1.0142e+00	 2.2947e+01	 1.0199e+00
4.8468e+00	 1.0059e+00	 2.2943e+01	 1.0142e+00	 2.2933e+01	 1.0196e+00
4.8513e+00	 1.0059e+00	 2.2928e+01	 1.0143e+00	 2.2918e+01	 1.0212e+00
4.8557e+00	 1.0059e+00	 2.2913e+01	 1.0143e+00	 2.2903e+01	 1.0211e+00
4.8602e+00	 1.0059e+00	 2.2898e+01	 1.0142e+00	 2.2888e+01	 1.0197e+00
4.8647e+00	 1.0059e+00	 2.2884e+01	 1.0141e+00	 2.2873e+01	 1.0203e+00
4.8692e+00	 1.0059e+00	 2.2869e+01	 1.0141e+00	 2.2858e+01	 1.0207e+00
4.8736e+00	 1.0059e+00	 2.2854e+01	 1.0141e+00	 2.2843e+01	 1.0225e+00
4.8781e+00	 1.0059e+00	 2.2839e+01	 1.0141e+00	 2.2828e+01	 1.0199e+00
4.8826e+00	 1.0059e+00	 2.2824e+01	 1.0142e+00	 2.2813e+01	 1.0211e+00
4.8871e+00	 1.0059e+00	 2.2809e+01	 1.0142e+00	 2.2799e+01	 1.0193e+00
4.8916e+00	 1.0059e+00	 2.2794e+01	 1.0141e+00	 2.2784e+01	 1.0175e+00
4.8961e+00	 1.0059e+00	 2.2779e+01	 1.0140e+00	 2.2769e+01	 1.0192e+00
4.9006e+00	 1.0059e+00	 2.2765e+01	 1.0140e+00	 2.2754e+01	 1.0211e+00
4.9051e+00	 1.0058e+00	 2.2750e+01	 1.0141e+00	 2.2739e+01	 1.0220e+00
4.9097e+00	 1.0058e+00	 2.2735e+01	 1.0141e+00	 2.2724e+01	 1.0200e+00
4.9142e+00	 1.0058e+00	 2.2720e+01	 1.0142e+00	 2.2710e+01	 1.0216e+00
4.9187e+00	 1.0058e+00	 2.2705e+01	 1.0142e+00	 2.2695e+01	 1.0202e+00
4.9232e+00	 1.0058e+00	 2.2691e+01	 1.0141e+00	 2.2680e+01	 1.0212e+00
4.9277e+00	 1.0058e+00	 2.2676e+01	 1.0140e+00	 2.2665e+01	 1.0211e+00
4.9323e+00	 1.0058e+00	 2.2661e+01	 1.0140e+00	 2.2650e+01	 1.0216e+00
4.9368e+00	 1.0058e+00	 2.2646e+01	 1.0139e+00	 2.2636e+01	 1.0218e+00
4.9413e+00	 1.0058e+00	 2.2631e+01	 1.0140e+00	 2.2621e+01	 1.0197e+00
4.9459e+00	 1.0058e+00	 2.2617e+01	 1.0140e+00	 2.2606e+01	 1.0204e+00
4.9504e+00	 1.0057e+00	 2.2602e+01	 1.0140e+00	 2.2591e+01	 1.0193e+00
4.9550e+00	 1.0058e+00	 2.2587e+01	 1.0140e+00	 2.2577e+01	 1.0220e+00
4.9595e+00	 1.0057e+00	 2.2572e+01	 1.0139e+00	 2.2562e+01	 1.0213e+00
4.9641e+00	 1.0058e+00	 2.2558e+01	 1.0139e+00	 2.2547e+01	 1.0203e+00
4.9687e+00	 1.0057e+00	 2.2543e+01	 1.0138e+00	 2.2532e+01	 1.0208e+00
4.9732e+00	 1.0057e+00	 2.2528e+01	 1.0137e+00	 2.2518e+01	 1.0210e+00
4.9778e+00	 1.0057e+00	 2.2513e+01	 1.0137e+00	 2.2503e+01	 1.0213e+00
4.9824e+00	 1.0057e+00	 2.2499e+01	 1.0137e+00	 2.2488e+01	 1.0210e+00
4.9869e+00	 1.0057e+00	 2.2484e+01	 1.0138e+00	 2.2474e+01	 1.0242e+00
4.9915e+00	 1.0057e+00	 2.2469e+01	 1.0138e+00	 2.2459e+01	 1.0207e+00
4.9961e+00	 1.0057e+00	 2.2455e+01	 1.0137e+00	 2.2444e+01	 1.0187e+00
5.0007e+00	 1.0056e+00	 2.2440e+01	 1.0137e+00	 2.2429e+01	 1.0182e+00
5.0053e+00	 1.0057e+00	 2.2425e+01	 1.0137e+00	 2.2415e+01	 1.0179e+00
5.0099e+00	 1.0057e+00	 2.2411e+01	 1.0136e+00	 2.2400e+01	 1.0196e+00
5.0145e+00	 1.0057e+00	 2.2396e+01	 1.0135e+00	 2.2385e+01	 1.0207e+00
5.0191e+00	 1.0057e+00	 2.2381e+01	 1.0135e+00	 2.2371e+01	 1.0204e+00
5.0237e+00	 1.0057e+00	 2.2367e+01	 1.0136e+00	 2.2356e+01	 1.0206e+00
5.0283e+00	 1.0057e+00	 2.2352e+01	 1.0136e+00	 2.2341e+01	 1.0232e+00
5.0329e+00	 1.0057e+00	 2.2337e+01	 1.0136e+00	 2.2327e+01	 1.0209e+00
5.0376e+00	 1.0057e+00	 2.2323e+01	 1.0136e+00	 2.2312e+01	 1.0197e+00
5.0422e+00	 1.0057e+00	 2.2308e+01	 1.0136e+00	 2.2298e+01	 1.0199e+00
5.0468e+00	 1.0057e+00	 2.2293e+01	 1.0135e+00	 2.2283e+01	 1.0217e+00
5.0514e+00	 1.0057e+00	 2.2279e+01	 1.0134e+00	 2.2268e+01	 1.0213e+00
5.0561e+00	 1.0057e+00	 2.2264e+01	 1.0134e+00	 2.2254e+01	 1.0200e+00
5.0607e+00	 1.0057e+00	 2.2250e+01	 1.0134e+00	 2.2239e+01	 1.0209e+00
5.0654e+00	 1.0057e+00	 2.2235e+01	 1.0134e+00	 2.2225e+01	 1.0197e+00
5.0700e+00	 1.0057e+00	 2.2221e+01	 1.0134e+00	 2.2210e+01	 1.0223e+00
5.0747e+00	 1.0057e+00	 2.2206e+01	 1.0134e+00	 2.2196e+01	 1.0211e+00
5.0793e+00	 1.0057e+00	 2.2191e+01	 1.0134e+00	 2.2181e+01	 1.0206e+00
5.0840e+00	 1.0057e+00	 2.2177e+01	 1.0134e+00	 2.2166e+01	 1.0211e+00
5.0887e+00	 1.0057e+00	 2.2162e+01	 1.0134e+00	 2.2152e+01	 1.0216e+00
5.0933e+00	 1.0057e+00	 2.2148e+01	 1.0134e+00	 2.2137e+01	 1.0218e+00
5.0980e+00	 1.0057e+00	 2.2133e+01	 1.0134e+00	 2.2123e+01	 1.0205e+00
5.1027e+00	 1.0057e+00	 2.2119e+01	 1.0134e+00	 2.2108e+01	 1.0222e+00
5.1074e+00	 1.0057e+00	 2.2104e+01	 1.0135e+00	 2.2094e+01	 1.0208e+00
5.1120e+00	 1.0057e+00	 2.2090e+01	 1.0134e+00	 2.2079e+01	 1.0215e+00
5.1167e+00	 1.0057e+00	 2.2075e+01	 1.0134e+00	 2.2065e+01	 1.0216e+00
5.1214e+00	 1.0057e+00	 2.2061e+01	 1.0134e+00	 2.2050e+01	 1.0208e+00
5.1261e+00	 1.0057e+00	 2.2046e+01	 1.0133e+00	 2.2036e+01	 1.0209e+00
5.1308e+00	 1.0057e+00	 2.2032e+01	 1.0132e+00	 2.2021e+01	 1.0206e+00
5.1355e+00	 1.0057e+00	 2.2017e+01	 1.0132e+00	 2.2007e+01	 1.0216e+00
5.1402e+00	 1.0057e+00	 2.2003e+01	 1.0131e+00	 2.1992e+01	 1.0212e+00
5.1450e+00	 1.0057e+00	 2.1988e+01	 1.0131e+00	 2.1978e+01	 1.0223e+00
5.1497e+00	 1.0057e+00	 2.1974e+01	 1.0131e+00	 2.1964e+01	 1.0214e+00
5.1544e+00	 1.0057e+00	 2.1959e+01	 1.0131e+00	 2.1949e+01	 1.0218e+00
5.1591e+00	 1.0057e+00	 2.1945e+01	 1.0131e+00	 2.1935e+01	 1.0208e+00
5.1639e+00	 1.0057e+00	 2.1931e+01	 1.0132e+00	 2.1920e+01	 1.0213e+00
5.1686e+00	 1.0057e+00	 2.1916e+01	 1.0132e+00	 2.1906e+01	 1.0215e+00
5.1733e+00	 1.0057e+00	 2.1902e+01	 1.0131e+00	 2.1892e+01	 1.0203e+00
5.1781e+00	 1.0057e+00	 2.1887e+01	 1.0131e+00	 2.1877e+01	 1.0210e+00
5.1828e+00	 1.0057e+00	 2.1873e+01	 1.0131e+00	 2.1863e+01	 1.0199e+00
5.1876e+00	 1.0056e+00	 2.1859e+01	 1.0130e+00	 2.1848e+01	 1.0205e+00
5.1923e+00	 1.0056e+00	 2.1844e+01	 1.0131e+00	 2.1834e+01	 1.0187e+00
5.1971e+00	 1.0056e+00	 2.1830e+01	 1.0131e+00	 2.1820e+01	 1.0202e+00
5.2019e+00	 1.0056e+00	 2.1815e+01	 1.0131e+00	 2.1805e+01	 1.0206e+00
5.2066e+00	 1.0056e+00	 2.1801e+01	 1.0131e+00	 2.1791e+01	 1.0197e+00
5.2114e+00	 1.0056e+00	 2.1787e+01	 1.0130e+00	 2.1776e+01	 1.0201e+00
5.2162e+00	 1.0056e+00	 2.1772e+01	 1.0129e+00	 2.1762e+01	 1.0189e+00
5.2210e+00	 1.0057e+00	 2.1758e+01	 1.0129e+00	 2.1748e+01	 1.0190e+00
5.2258e+00	 1.0057e+00	 2.1744e+01	 1.0129e+00	 2.1733e+01	 1.0178e+00
5.2306e+00	 1.0057e+00	 2.1729e+01	 1.0129e+00	 2.1719e+01	 1.0202e+00
5.2354e+00	 1.0058e+00	 2.1715e+01	 1.0129e+00	 2.1705e+01	 1.0191e+00
5.2401e+00	 1.0058e+00	 2.1701e+01	 1.0129e+00	 2.1691e+01	 1.0201e+00
5.2450e+00	 1.0058e+00	 2.1686e+01	 1.0129e+00	 2.1676e+01	 1.0188e+00
5.2498e+00	 1.0059e+00	 2.1672e+01	 1.0129e+00	 2.1662e+01	 1.0178e+00
5.2546e+00	 1.0059e+00	 2.1658e+01	 1.0128e+00	 2.1648e+01	 1.0194e+00
5.2594e+00	 1.0060e+00	 2.1644e+01	 1.0128e+00	 2.1633e+01	 1.0167e+00
5.2642e+00	 1.0060e+00	 2.1629e+01	 1.0128e+00	 2.1619e+01	 1.0178e+00
5.2691e+00	 1.0061e+00	 2.1615e+01	 1.0128e+00	 2.1605e+01	 1.0181e+00
5.2739e+00	 1.0061e+00	 2.1601e+01	 1.0128e+00	 2.1591e+01	 1.0169e+00
5.2787e+00	 1.0061e+00	 2.1587e+01	 1.0128e+00	 2.1576e+01	 1.0151e+00
5.2835e+00	 1.0061e+00	 2.1572e+01	 1.0128e+00	 2.1562e+01	 1.0186e+00
5.2884e+00	 1.0062e+00	 2.1558e+01	 1.0128e+00	 2.1548e+01	 1.0187e+00
5.2932e+00	 1.0062e+00	 2.1544e+01	 1.0128e+00	 2.1534e+01	 1.0174e+00
5.2981e+00	 1.0062e+00	 2.1530e+01	 1.0128e+00	 2.1519e+01	 1.0183e+00
5.3029e+00	 1.0062e+00	 2.1515e+01	 1.0128e+00	 2.1505e+01	 1.0173e+00
5.3078e+00	 1.0062e+00	 2.1501e+01	 1.0126e+00	 2.1491e+01	 1.0174e+00
5.3127e+00	 1.0062e+00	 2.1487e+01	 1.0126e+00	 2.1477e+01	 1.0152e+00
5.3175e+00	 1.0062e+00	 2.1473e+01	 1.0125e+00	 2.1463e+01	 1.0166e+00
5.3224e+00	 1.0063e+00	 2.1459e+01	 1.0126e+00	 2.1449e+01	 1.0169e+00
5.3273e+00	 1.0063e+00	 2.1444e+01	 1.0126e+00	 2.1434e+01	 1.0165e+00
5.3322e+00	 1.0063e+00	 2.1430e+01	 1.0127e+00	 2.1420e+01	 1.0169e+00
5.3370e+00	 1.0063e+00	 2.1416e+01	 1.0127e+00	 2.1406e+01	 1.0168e+00
5.3419e+00	 1.0063e+00	 2.1402e+01	 1.0126e+00	 2.1392e+01	 1.0187e+00
5.3468e+00	 1.0063e+00	 2.1388e+01	 1.0126e+00	 2.1378e+01	 1.0180e+00
5.3517e+00	 1.0063e+00	 2.1374e+01	 1.0125e+00	 2.1364e+01	 1.0196e+00
5.3566e+00	 1.0063e+00	 2.1360e+01	 1.0125e+00	 2.1349e+01	 1.0178e+00
5.3615e+00	 1.0064e+00	 2.1345e+01	 1.0126e+00	 2.1335e+01	 1.0172e+00
5.3664e+00	 1.0064e+00	 2.1331e+01	 1.0126e+00	 2.1321e+01	 1.0166e+00
5.3714e+00	 1.0064e+00	 2.1317e+01	 1.0126e+00	 2.1307e+01	 1.0168e+00
5.3763e+00	 1.0064e+00	 2.1303e+01	 1.0125e+00	 2.1293e+01	 1.0178e+00
5.3812e+00	 1.0065e+00	 2.1289e+01	 1.0124e+00	 2.1279e+01	 1.0166e+00
5.3861e+00	 1.0065e+00	 2.1275e+01	 1.0123e+00	 2.1265e+01	 1.0175e+00
5.3911e+00	 1.0065e+00	 2.1261e+01	 1.0123e+00	 2.1251e+01	 1.0161e+00
5.3960e+00	 1.0065e+00	 2.1247e+01	 1.0123e+00	 2.1237e+01	 1.0170e+00
5.4009e+00	 1.0064e+00	 2.1233e+01	 1.0124e+00	 2.1223e+01	 1.0172e+00
5.4059e+00	 1.0065e+00	 2.1219e+01	 1.0124e+00	 2.1209e+01	 1.0184e+00
5.4108e+00	 1.0064e+00	 2.1205e+01	 1.0124e+00	 2.1195e+01	 1.0174e+00
5.4158e+00	 1.0064e+00	 2.1191e+01	 1.0124e+00	 2.1180e+01	 1.0165e+00
5.4207e+00	 1.0064e+00	 2.1176e+01	 1.0123e+00	 2.1166e+01	 1.0186e+00
5.4257e+00	 1.0064e+00	 2.1162e+01	 1.0122e+00	 2.1152e+01	 1.0174e+00
5.4307e+00	 1.0064e+00	 2.1148e+01	 1.0123e+00	 2.1138e+01	 1.0184e+00
5.4356e+00	 1.0064e+00	 2.1134e+01	 1.0123e+00	 2.1124e+01	 1.0180e+00
5.4406e+00	 1.0064e+00	 2.1120e+01	 1.0123e+00	 2.1110e+01	 1.0185e+00
5.4456e+00	 1.0064e+00	 2.1106e+01	 1.0123e+00	 2.1096e+01	 1.0164e+00
5.4506e+00	 1.0064e+00	 2.1092e+01	 1.0122e+00	 2.1082e+01	 1.0169e+00
5.4556e+00	 1.0064e+00	 2.1078e+01	 1.0121e+00	 2.1068e+01	 1.0179e+00
5.4606e+00	 1.0064e+00	 2.1064e+01	 1.0120e+00	 2.1055e+01	 1.0169e+00
5.4656e+00	 1.0064e+00	 2.1051e+01	 1.0120e+00	 2.1041e+01	 1.0171e+00
5.4706e+00	 1.0064e+00	 2.1037e+01	 1.0120e+00	 2.1027e+01	 1.0158e+00
5.4756e+00	 1.0064e+00	 2.1023e+01	 1.0120e+00	 2.1013e+01	 1.0180e+00
5.4806e+00	 1.0064e+00	 2.1009e+01	 1.0121e+00	 2.0999e+01	 1.0173e+00
5.4856e+00	 1.0064e+00	 2.0995e+01	 1.0121e+00	 2.0985e+01	 1.0188e+00
5.4906e+00	 1.0064e+00	 2.0981e+01	 1.0122e+00	 2.0971e+01	 1.0189e+00
5.4956e+00	 1.0064e+00	 2.0967e+01	 1.0122e+00	 2.0957e+01	 1.0187e+00
5.5007e+00	 1.0064e+00	 2.0953e+01	 1.0122e+00	 2.0943e+01	 1.0185e+00
5.5057e+00	 1.0064e+00	 2.0939e+01	 1.0121e+00	 2.0929e+01	 1.0165e+00
5.5107e+00	 1.0065e+00	 2.0925e+01	 1.0121e+00	 2.0915e+01	 1.0178e+00
5.5158e+00	 1.0065e+00	 2.0911e+01	 1.0120e+00	 2.0901e+01	 1.0171e+00
5.5208e+00	 1.0065e+00	 2.0897e+01	 1.0119e+00	 2.0887e+01	 1.0185e+00
5.5259e+00	 1.0066e+00	 2.0883e+01	 1.0118e+00	 2.0874e+01	 1.0169e+00
5.5309e+00	 1.0066e+00	 2.0870e+01	 1.0118e+00	 2.0860e+01	 1.0169e+00
5.5360e+00	 1.0067e+00	 2.0856e+01	 1.0118e+00	 2.0846e+01	 1.0178e+00
5.5411e+00	 1.0067e+00	 2.0842e+01	 1.0118e+00	 2.0832e+01	 1.0187e+00
5.5461e+00	 1.0067e+00	 2.0828e+01	 1.0118e+00	 2.0818e+01	 1.0187e+00
5.5512e+00	 1.0067e+00	 2.0814e+01	 1.0119e+00	 2.0804e+01	 1.0179e+00
5.5563e+00	 1.0068e+00	 2.0800e+01	 1.0118e+00	 2.0790e+01	 1.0192e+00
5.5614e+00	 1.0068e+00	 2.0786e+01	 1.0118e+00	 2.0777e+01	 1.0174e+00
5.5664e+00	 1.0068e+00	 2.0773e+01	 1.0117e+00	 2.0763e+01	 1.0186e+00
5.5715e+00	 1.0068e+00	 2.0759e+01	 1.0118e+00	 2.0749e+01	 1.0180e+00
5.5766e+00	 1.0068e+00	 2.0745e+01	 1.0118e+00	 2.0735e+01	 1.0179e+00
5.5817e+00	 1.0068e+00	 2.0731e+01	 1.0119e+00	 2.0721e+01	 1.0182e+00
5.5868e+00	 1.0068e+00	 2.0717e+01	 1.0118e+00	 2.0708e+01	 1.0186e+00
5.5919e+00	 1.0068e+00	 2.0704e+01	 1.0118e+00	 2.0694e+01	 1.0196e+00
5.5970e+00	 1.0067e+00	 2.0690e+01	 1.0117e+00	 2.0680e+01	 1.0165e+00
5.6021e+00	 1.0067e+00	 2.0676e+01	 1.0117e+00	 2.0666e+01	 1.0170e+00
5.6073e+00	 1.0066e+00	 2.0662e+01	 1.0117e+00	 2.0652e+01	 1.0181e+00
5.6124e+00	 1.0066e+00	 2.0648e+01	 1.0117e+00	 2.0639e+01	 1.0182e+00
5.6175e+00	 1.0065e+00	 2.0635e+01	 1.0117e+00	 2.0625e+01	 1.0166e+00
5.6227e+00	 1.0064e+00	 2.0621e+01	 1.0117e+00	 2.0611e+01	 1.0176e+00
5.6278e+00	 1.0064e+00	 2.0607e+01	 1.0117e+00	 2.0597e+01	 1.0181e+00
5.6329e+00	 1.0063e+00	 2.0593e+01	 1.0116e+00	 2.0584e+01	 1.0167e+00
5.6381e+00	 1.0062e+00	 2.0580e+01	 1.0116e+00	 2.0570e+01	 1.0166e+00
5.6432e+00	 1.0061e+00	 2.0566e+01	 1.0116e+00	 2.0556e+01	 1.0156e+00
5.6484e+00	 1.0061e+00	 2.0552e+01	 1.0116e+00	 2.0543e+01	 1.0178e+00
5.6536e+00	 1.0060e+00	 2.0539e+01	 1.0117e+00	 2.0529e+01	 1.0171e+00
5.6587e+00	 1.0060e+00	 2.0525e+01	 1.0117e+00	 2.0515e+01	 1.0181e+00
5.6639e+00	 1.0060e+00	 2.0511e+01	 1.0117e+00	 2.0502e+01	 1.0175e+00
5.6691e+00	 1.0059e+00	 2.0498e+01	 1.0116e+00	 2.0488e+01	 1.0166e+00
5.6742e+00	 1.0059e+00	 2.0484e+01	 1.0115e+00	 2.0474e+01	 1.0169e+00
5.6794e+00	 1.0059e+00	 2.0470e+01	 1.0115e+00	 2.0461e+01	 1.0167e+00
5.6846e+00	 1.0059e+00	 2.0457e+01	 1.0115e+00	 2.0447e+01	 1.0178e+00
5.6898e+00	 1.0059e+00	 2.0443e+01	 1.0115e+00	 2.0433e+01	 1.0166e+00
5.6950e+00	 1.0059e+00	 2.0429e+01	 1.0115e+00	 2.0420e+01	 1.0183e+00
5.7002e+00	 1.0060e+00	 2.0416e+01	 1.0115e+00	 2.0406e+01	 1.0182e+00
5.7054e+00	 1.0060e+00	 2.0402e+01	 1.0115e+00	 2.0392e+01	 1.0166e+00
5.7106e+00	 1.0061e+00	 2.0388e+01	 1.0115e+00	 2.0379e+01	 1.0161e+00
5.7158e+00	 1.0061e+00	 2.0375e+01	 1.0114e+00	 2.0365e+01	 1.0163e+00
5.7211e+00	 1.0062e+00	 2.0361e+01	 1.0113e+00	 2.0352e+01	 1.0181e+00
5.7263e+00	 1.0063e+00	 2.0348e+01	 1.0113e+00	 2.0338e+01	 1.0176e+00
5.7315e+00	 1.0063e+00	 2.0334e+01	 1.0113e+00	 2.0324e+01	 1.0176e+00
5.7367e+00	 1.0064e+00	 2.0320e+01	 1.0113e+00	 2.0311e+01	 1.0170e+00
5.7420e+00	 1.0065e+00	 2.0307e+01	 1.0113e+00	 2.0297e+01	 1.0200e+00
5.7472e+00	 1.0066e+00	 2.0293e+01	 1.0113e+00	 2.0284e+01	 1.0179e+00
5.7525e+00	 1.0067e+00	 2.0280e+01	 1.0113e+00	 2.0270e+01	 1.0164e+00
5.7577e+00	 1.0068e+00	 2.0266e+01	 1.0113e+00	 2.0256e+01	 1.0163e+00
5.7630e+00	 1.0069e+00	 2.0253e+01	 1.0113e+00	 2.0243e+01	 1.0155e+00
5.7682e+00	 1.0070e+00	 2.0239e+01	 1.0113e+00	 2.0229e+01	 1.0175e+00
5.7735e+00	 1.0071e+00	 2.0226e+01	 1.0113e+00	 2.0216e+01	 1.0189e+00
5.7788e+00	 1.0071e+00	 2.0212e+01	 1.0113e+00	 2.0202e+01	 1.0191e+00
5.7840e+00	 1.0072e+00	 2.0199e+01	 1.0112e+00	 2.0189e+01	 1.0164e+00
5.7893e+00	 1.0073e+00	 2.0185e+01	 1.0112e+00	 2.0175e+01	 1.0166e+00
5.7946e+00	 1.0074e+00	 2.0171e+01	 1.0112e+00	 2.0162e+01	 1.0164e+00
5.7999e+00	 1.0075e+00	 2.0158e+01	 1.0111e+00	 2.0148e+01	 1.0168e+00
5.8052e+00	 1.0075e+00	 2.0144e+01	 1.0111e+00	 2.0135e+01	 1.0168e+00
5.8105e+00	 1.0076e+00	 2.0131e+01	 1.0111e+00	 2.0121e+01	 1.0165e+00
5.8158e+00	 1.0076e+00	 2.0118e+01	 1.0111e+00	 2.0108e+01	 1.0187e+00
5.8211e+00	 1.0077e+00	 2.0104e+01	 1.0111e+00	 2.0094e+01	 1.0168e+00
5.8264e+00	 1.0078e+00	 2.0091e+01	 1.0111e+00	 2.0081e+01	 1.0170e+00
5.8317e+00	 1.0078e+00	 2.0077e+01	 1.0111e+00	 2.0068e+01	 1.0151e+00
5.8370e+00	 1.0079e+00	 2.0064e+01	 1.0111e+00	 2.0054e+01	 1.0176e+00
5.8424e+00	 1.0079e+00	 2.0050e+01	 1.0111e+00	 2.0041e+01	 1.0193e+00
5.8477e+00	 1.0080e+00	 2.0037e+01	 1.0111e+00	 2.0027e+01	 1.0175e+00
5.8530e+00	 1.0080e+00	 2.0023e+01	 1.0110e+00	 2.0014e+01	 1.0170e+00
5.8584e+00	 1.0080e+00	 2.0010e+01	 1.0110e+00	 2.0000e+01	 1.0157e+00
5.8637e+00	 1.0080e+00	 1.9997e+01	 1.0110e+00	 1.9987e+01	 1.0180e+00
5.8691e+00	 1.0080e+00	 1.9983e+01	 1.0110e+00	 1.9974e+01	 1.0170e+00
5.8744e+00	 1.0080e+00	 1.9970e+01	 1.0110e+00	 1.9960e+01	 1.0164e+00
5.8798e+00	 1.0080e+00	 1.9956e+01	 1.0110e+00	 1.9947e+01	 1.0190e+00
5.8852e+00	 1.0079e+00	 1.9943e+01	 1.0110e+00	 1.9934e+01	 1.0212e+00
5.8905e+00	 1.0079e+00	 1.9930e+01	 1.0110e+00	 1.9920e+01	 1.0188e+00
5.8959e+00	 1.0079e+00	 1.9916e+01	 1.0110e+00	 1.9907e+01	 1.0184e+00
5.9013e+00	 1.0078e+00	 1.9903e+01	 1.0110e+00	 1.9893e+01	 1.0187e+00
5.9067e+00	 1.0078e+00	 1.9890e+01	 1.0110e+00	 1.9880e+01	 1.0166e+00
5.9120e+00	 1.0077e+00	 1.9876e+01	 1.0110e+00	 1.9867e+01	 1.0184e+00
5.9174e+00	 1.0077e+00	 1.9863e+01	 1.0110e+00	 1.9853e+01	 1.0178e+00
5.9228e+00	 1.0077e+00	 1.9850e+01	 1.0109e+00	 1.9840e+01	 1.0185e+00
5.9282e+00	 1.0076e+00	 1.9836e+01	 1.0108e+00	 1.9827e+01	 1.0172e+00
5.9336e+00	 1.0076e+00	 1.9823e+01	 1.0108e+00	 1.9813e+01	 1.0183e+00
5.9390e+00	 1.0075e+00	 1.9810e+01	 1.0108e+00	 1.9800e+01	 1.0190e+00
5.9444e+00	 1.0075e+00	 1.9796e+01	 1.0108e+00	 1.9787e+01	 1.0164e+00
5.9499e+00	 1.0074e+00	 1.9783e+01	 1.0108e+00	 1.9774e+01	 1.0158e+00
5.9553e+00	 1.0074e+00	 1.9770e+01	 1.0108e+00	 1.9760e+01	 1.0159e+00
5.9607e+00	 1.0074e+00	 1.9756e+01	 1.0107e+00	 1.9747e+01	 1.0186e+00
5.9661e+00	 1.0073e+00	 1.9743e+01	 1.0107e+00	 1.9734e+01	 1.0173e+00
5.9716e+00	 1.0073e+00	 1.9730e+01	 1.0107e+00	 1.9720e+01	 1.0166e+00
5.9770e+00	 1.0072e+00	 1.9717e+01	 1.0107e+00	 1.9707e+01	 1.0159e+00
5.9825e+00	 1.0072e+00	 1.9703e+01	 1.0106e+00	 1.9694e+01	 1.0148e+00
5.9879e+00	 1.0071e+00	 1.9690e+01	 1.0106e+00	 1.9681e+01	 1.0156e+00
5.9934e+00	 1.0071e+00	 1.9677e+01	 1.0106e+00	 1.9667e+01	 1.0170e+00
5.9988e+00	 1.0070e+00	 1.9664e+01	 1.0107e+00	 1.9654e+01	 1.0192e+00
6.0043e+00	 1.0070e+00	 1.9650e+01	 1.0107e+00	 1.9641e+01	 1.0179e+00
6.0098e+00	 1.0070e+00	 1.9637e+01	 1.0106e+00	 1.9628e+01	 1.0181e+00
6.0152e+00	 1.0069e+00	 1.9624e+01	 1.0106e+00	 1.9615e+01	 1.0165e+00
6.0207e+00	 1.0069e+00	 1.9611e+01	 1.0106e+00	 1.9601e+01	 1.0185e+00
6.0262e+00	 1.0069e+00	 1.9598e+01	 1.0106e+00	 1.9588e+01	 1.0191e+00
6.0317e+00	 1.0068e+00	 1.9584e+01	 1.0107e+00	 1.9575e+01	 1.0179e+00
6.0372e+00	 1.0068e+00	 1.9571e+01	 1.0106e+00	 1.9562e+01	 1.0174e+00
6.0427e+00	 1.0068e+00	 1.9558e+01	 1.0106e+00	 1.9549e+01	 1.0165e+00
6.0482e+00	 1.0069e+00	 1.9545e+01	 1.0105e+00	 1.9535e+01	 1.0187e+00
6.0537e+00	 1.0068e+00	 1.9532e+01	 1.0105e+00	 1.9522e+01	 1.0182e+00
6.0592e+00	 1.0069e+00	 1.9519e+01	 1.0105e+00	 1.9509e+01	 1.0194e+00
6.0648e+00	 1.0069e+00	 1.9505e+01	 1.0105e+00	 1.9496e+01	 1.0180e+00
6.0703e+00	 1.0069e+00	 1.9492e+01	 1.0106e+00	 1.9483e+01	 1.0180e+00
6.0758e+00	 1.0070e+00	 1.9479e+01	 1.0106e+00	 1.9470e+01	 1.0171e+00
6.0813e+00	 1.0070e+00	 1.9466e+01	 1.0106e+00	 1.9457e+01	 1.0179e+00
6.0869e+00	 1.0071e+00	 1.9453e+01	 1.0105e+00	 1.9444e+01	 1.0198e+00
6.0924e+00	 1.0071e+00	 1.9440e+01	 1.0105e+00	 1.9430e+01	 1.0161e+00
6.0980e+00	 1.0071e+00	 1.9427e+01	 1.0105e+00	 1.9417e+01	 1.0149e+00
6.1035e+00	 1.0071e+00	 1.9414e+01	 1.0104e+00	 1.9404e+01	 1.0139e+00
6.1091e+00	 1.0072e+00	 1.9400e+01	 1.0103e+00	 1.9391e+01	 1.0151e+00
6.1146e+00	 1.0072e+00	 1.9387e+01	 1.0103e+00	 1.9378e+01	 1.0153e+00
6.1202e+00	 1.0071e+00	 1.9374e+01	 1.0102e+00	 1.9365e+01	 1.0154e+00
6.1258e+00	 1.0072e+00	 1.9361e+01	 1.0103e+00	 1.9352e+01	 1.0146e+00
6.1314e+00	 1.0071e+00	 1.9348e+01	 1.0103e+00	 1.9339e+01	 1.0135e+00
6.1369e+00	 1.0071e+00	 1.9335e+01	 1.0103e+00	 1.9326e+01	 1.0151e+00
6.1425e+00	 1.0071e+00	 1.9322e+01	 1.0103e+00	 1.9313e+01	 1.0148e+00
6.1481e+00	 1.0071e+00	 1.9309e+01	 1.0103e+00	 1.9300e+01	 1.0158e+00
6.1537e+00	 1.0071e+00	 1.9296e+01	 1.0103e+00	 1.9287e+01	 1.0143e+00
6.1593e+00	 1.0070e+00	 1.9283e+01	 1.0102e+00	 1.9274e+01	 1.0151e+00
6.1649e+00	 1.0071e+00	 1.9270e+01	 1.0102e+00	 1.9261e+01	 1.0146e+00
6.1705e+00	 1.0070e+00	 1.9257e+01	 1.0102e+00	 1.9248e+01	 1.0148e+00
6.1761e+00	 1.0071e+00	 1.9244e+01	 1.0101e+00	 1.9235e+01	 1.0155e+00
6.1818e+00	 1.0070e+00	 1.9231e+01	 1.0101e+00	 1.9222e+01	 1.0144e+00
6.1874e+00	 1.0070e+00	 1.9218e+01	 1.0101e+00	 1.9209e+01	 1.0147e+00
6.1930e+00	 1.0071e+00	 1.9205e+01	 1.0101e+00	 1.9196e+01	 1.0137e+00
6.1986e+00	 1.0071e+00	 1.9192e+01	 1.0102e+00	 1.9183e+01	 1.0154e+00
6.2043e+00	 1.0071e+00	 1.9179e+01	 1.0102e+00	 1.9170e+01	 1.0147e+00
6.2099e+00	 1.0071e+00	 1.9166e+01	 1.0102e+00	 1.9157e+01	 1.0146e+00
6.2156e+00	 1.0071e+00	 1.9153e+01	 1.0102e+00	 1.9144e+01	 1.0150e+00
6.2212e+00	 1.0071e+00	 1.9140e+01	 1.0101e+00	 1.9131e+01	 1.0156e+00
6.2269e+00	 1.0072e+00	 1.9127e+01	 1.0100e+00	 1.9118e+01	 1.0151e+00
6.2326e+00	 1.0072e+00	 1.9114e+01	 1.0099e+00	 1.9105e+01	 1.0134e+00
6.2382e+00	 1.0072e+00	 1.9101e+01	 1.0100e+00	 1.9092e+01	 1.0153e+00
6.2439e+00	 1.0073e+00	 1.9088e+01	 1.0105e+00	 1.9079e+01	 1.0145e+00
6.2496e+00	 1.0073e+00	 1.9075e+01	 1.0113e+00	 1.9066e+01	 1.0145e+00
6.2553e+00	 1.0073e+00	 1.9062e+01	 1.0123e+00	 1.9053e+01	 1.0145e+00
6.2610e+00	 1.0073e+00	 1.9050e+01	 1.0129e+00	 1.9040e+01	 1.0213e+00
6.2666e+00	 1.0073e+00	 1.9037e+01	 1.0125e+00	 1.9027e+01	 1.0193e+00
6.2723e+00	 1.0073e+00	 1.9024e+01	 1.0115e+00	 1.9014e+01	 1.0148e+00
6.2780e+00	 1.0073e+00	 1.9011e+01	 1.0106e+00	 1.9002e+01	 1.0059e+00
6.2838e+00	 1.0073e+00	 1.8998e+01	 1.0100e+00	 1.8989e+01	 1.0077e+00
6.2895e+00	 1.0072e+00	 1.8985e+01	 1.0098e+00	 1.8976e+01	 1.0224e+00
6.2952e+00	 1.0072e+00	 1.8972e+01	 1.0097e+00	 1.8963e+01	 1.0157e+00
6.3009e+00	 1.0071e+00	 1.8959e+01	 1.0097e+00	 1.8950e+01	 1.0090e+00
6.3066e+00	 1.0070e+00	 1.8947e+01	 1.0099e+00	 1.8937e+01	 1.0076e+00
6.3124e+00	 1.0070e+00	 1.8934e+01	 1.0100e+00	 1.8924e+01	 1.0126e+00
6.3181e+00	 1.0069e+00	 1.8921e+01	 1.0101e+00	 1.8912e+01	 1.0107e+00
6.3238e+00	 1.0069e+00	 1.8908e+01	 1.0101e+00	 1.8899e+01	 1.0081e+00
6.3296e+00	 1.0068e+00	 1.8895e+01	 1.0100e+00	 1.8886e+01	 1.0119e+00
6.3354e+00	 1.0068e+00	 1.8882e+01	 1.0099e+00	 1.8873e+01	 1.0101e+00
6.3411e+00	 1.0068e+00	 1.8870e+01	 1.0099e+00	 1.8860e+01	 1.0127e+00
6.3469e+00	 1.0068e+00	 1.8857e+01	 1.0099e+00	 1.8848e+01	 1.0129e+00
6.3526e+00	 1.0068e+00	 1.8844e+01	 1.0099e+00	 1.8835e+01	 1.0112e+00
6.3584e+00	 1.0068e+00	 1.8831e+01	 1.0099e+00	 1.8822e+01	 1.0104e+00
6.3642e+00	 1.0069e+00	 1.8818e+01	 1.0100e+00	 1.8809e+01	 1.0103e+00
6.3700e+00	 1.0069e+00	 1.8806e+01	 1.0100e+00	 1.8797e+01	 1.0119e+00
6.3758e+00	 1.0070e+00	 1.8793e+01	 1.0099e+00	 1.8784e+01	 1.0130e+00
6.3816e+00	 1.0070e+00	 1.8780e+01	 1.0098e+00	 1.8771e+01	 1.0155e+00
6.3874e+00	 1.0071e+00	 1.8768e+01	 1.0098e+00	 1.8758e+01	 1.0137e+00
6.3932e+00	 1.0072e+00	 1.8755e+01	 1.0098e+00	 1.8746e+01	 1.0150e+00
6.3990e+00	 1.0073e+00	 1.8742e+01	 1.0098e+00	 1.8733e+01	 1.0125e+00
6.4048e+00	 1.0074e+00	 1.8729e+01	 1.0098e+00	 1.8720e+01	 1.0117e+00
6.4106e+00	 1.0075e+00	 1.8717e+01	 1.0098e+00	 1.8708e+01	 1.0125e+00
6.4164e+00	 1.0077e+00	 1.8704e+01	 1.0098e+00	 1.8695e+01	 1.0150e+00
6.4223e+00	 1.0077e+00	 1.8691e+01	 1.0097e+00	 1.8682e+01	 1.0143e+00
6.4281e+00	 1.0079e+00	 1.8678e+01	 1.0097e+00	 1.8669e+01	 1.0101e+00
6.4339e+00	 1.0080e+00	 1.8666e+01	 1.0097e+00	 1.8657e+01	 1.0133e+00
6.4398e+00	 1.0081e+00	 1.8653e+01	 1.0098e+00	 1.8644e+01	 1.0143e+00
6.4456e+00	 1.0082e+00	 1.8640e+01	 1.0098e+00	 1.8631e+01	 1.0144e+00
6.4515e+00	 1.0082e+00	 1.8628e+01	 1.0098e+00	 1.8619e+01	 1.0132e+00
6.4573e+00	 1.0083e+00	 1.8615e+01	 1.0098e+00	 1.8606e+01	 1.0124e+00
6.4632e+00	 1.0083e+00	 1.8603e+01	 1.0097e+00	 1.8593e+01	 1.0129e+00
6.4690e+00	 1.0084e+00	 1.8590e+01	 1.0097e+00	 1.8581e+01	 1.0125e+00
6.4749e+00	 1.0084e+00	 1.8577e+01	 1.0096e+00	 1.8568e+01	 1.0129e+00
6.4808e+00	 1.0085e+00	 1.8565e+01	 1.0096e+00	 1.8556e+01	 1.0112e+00
6.4867e+00	 1.0085e+00	 1.8552e+01	 1.0095e+00	 1.8543e+01	 1.0112e+00
6.4926e+00	 1.0085e+00	 1.8539e+01	 1.0095e+00	 1.8530e+01	 1.0128e+00
6.4985e+00	 1.0085e+00	 1.8527e+01	 1.0095e+00	 1.8518e+01	 1.0149e+00
6.5043e+00	 1.0085e+00	 1.8514e+01	 1.0094e+00	 1.8505e+01	 1.0136e+00
6.5103e+00	 1.0085e+00	 1.8502e+01	 1.0094e+00	 1.8493e+01	 1.0124e+00
6.5162e+00	 1.0084e+00	 1.8489e+01	 1.0095e+00	 1.8480e+01	 1.0123e+00
6.5221e+00	 1.0084e+00	 1.8476e+01	 1.0095e+00	 1.8467e+01	 1.0117e+00
6.5280e+00	 1.0083e+00	 1.8464e+01	 1.0095e+00	 1.8455e+01	 1.0134e+00
6.5339e+00	 1.0082e+00	 1.8451e+01	 1.0095e+00	 1.8442e+01	 1.0130e+00
6.5399e+00	 1.0082e+00	 1.8439e+01	 1.0094e+00	 1.8430e+01	 1.0144e+00
6.5458e+00	 1.0081e+00	 1.8426e+01	 1.0094e+00	 1.8417e+01	 1.0126e+00
6.5517e+00	 1.0080e+00	 1.8414e+01	 1.0093e+00	 1.8405e+01	 1.0127e+00
6.5577e+00	 1.0079e+00	 1.8401e+01	 1.0093e+00	 1.8392e+01	 1.0117e+00
6.5636e+00	 1.0079e+00	 1.8389e+01	 1.0092e+00	 1.8380e+01	 1.0123e+00
6.5696e+00	 1.0078e+00	 1.8376e+01	 1.0092e+00	 1.8367e+01	 1.0144e+00
6.5755e+00	 1.0077e+00	 1.8364e+01	 1.0092e+00	 1.8355e+01	 1.0127e+00
6.5815e+00	 1.0077e+00	 1.8351e+01	 1.0092e+00	 1.8342e+01	 1.0124e+00
6.5875e+00	 1.0076e+00	 1.8339e+01	 1.0092e+00	 1.8330e+01	 1.0112e+00
6.5934e+00	 1.0075e+00	 1.8326e+01	 1.0092e+00	 1.8317e+01	 1.0123e+00
6.5994e+00	 1.0075e+00	 1.8314e+01	 1.0092e+00	 1.8305e+01	 1.0113e+00
6.6054e+00	 1.0075e+00	 1.8301e+01	 1.0092e+00	 1.8292e+01	 1.0116e+00
6.6114e+00	 1.0074e+00	 1.8289e+01	 1.0092e+00	 1.8280e+01	 1.0113e+00
6.6174e+00	 1.0074e+00	 1.8276e+01	 1.0091e+00	 1.8267e+01	 1.0115e+00
6.6234e+00	 1.0074e+00	 1.8264e+01	 1.0091e+00	 1.8255e+01	 1.0123e+00
6.6294e+00	 1.0074e+00	 1.8251e+01	 1.0092e+00	 1.8242e+01	 1.0114e+00
6.6354e+00	 1.0074e+00	 1.8239e+01	 1.0092e+00	 1.8230e+01	 1.0123e+00
6.6414e+00	 1.0074e+00	 1.8227e+01	 1.0093e+00	 1.8218e+01	 1.0110e+00
6.6475e+00	 1.0075e+00	 1.8214e+01	 1.0094e+00	 1.8205e+01	 1.0121e+00
6.6535e+00	 1.0075e+00	 1.8202e+01	 1.0094e+00	 1.8193e+01	 1.0111e+00
6.6595e+00	 1.0075e+00	 1.8189e+01	 1.0094e+00	 1.8180e+01	 1.0121e+00
6.6656e+00	 1.0076e+00	 1.8177e+01	 1.0093e+00	 1.8168e+01	 1.0127e+00
6.6716e+00	 1.0076e+00	 1.8164e+01	 1.0092e+00	 1.8156e+01	 1.0113e+00
6.6777e+00	 1.0077e+00	 1.8152e+01	 1.0091e+00	 1.8143e+01	 1.0112e+00
6.6837e+00	 1.0078e+00	 1.8140e+01	 1.0090e+00	 1.8131e+01	 1.0116e+00
6.6898e+00	 1.0079e+00	 1.8127e+01	 1.0089e+00	 1.8118e+01	 1.0127e+00
6.6959e+00	 1.0079e+00	 1.8115e+01	 1.0090e+00	 1.8106e+01	 1.0106e+00
6.7019e+00	 1.0080e+00	 1.8103e+01	 1.0091e+00	 1.8094e+01	 1.0120e+00
6.7080e+00	 1.0080e+00	 1.8090e+01	 1.0092e+00	 1.8081e+01	 1.0133e+00
6.7141e+00	 1.0081e+00	 1.8078e+01	 1.0092e+00	 1.8069e+01	 1.0120e+00
6.7202e+00	 1.0082e+00	 1.8065e+01	 1.0091e+00	 1.8057e+01	 1.0109e+00
6.7263e+00	 1.0082e+00	 1.8053e+01	 1.0091e+00	 1.8044e+01	 1.0113e+00
6.7324e+00	 1.0083e+00	 1.8041e+01	 1.0091e+00	 1.8032e+01	 1.0128e+00
6.7385e+00	 1.0083e+00	 1.8029e+01	 1.0091e+00	 1.8020e+01	 1.0114e+00
6.7446e+00	 1.0083e+00	 1.8016e+01	 1.0090e+00	 1.8007e+01	 1.0124e+00
6.7507e+00	 1.0084e+00	 1.8004e+01	 1.0090e+00	 1.7995e+01	 1.0108e+00
6.7568e+00	 1.0084e+00	 1.7992e+01	 1.0089e+00	 1.7983e+01	 1.0113e+00
6.7629e+00	 1.0085e+00	 1.7979e+01	 1.0089e+00	 1.7971e+01	 1.0126e+00
6.7690e+00	 1.0084e+00	 1.7967e+01	 1.0089e+00	 1.7958e+01	 1.0119e+00
6.7752e+00	 1.0085e+00	 1.7955e+01	 1.0089e+00	 1.7946e+01	 1.0117e+00
6.7813e+00	 1.0084e+00	 1.7942e+01	 1.0090e+00	 1.7934e+01	 1.0084e+00
6.7875e+00	 1.0084e+00	 1.7930e+01	 1.0091e+00	 1.7922e+01	 1.0114e+00
6.7936e+00	 1.0084e+00	 1.7918e+01	 1.0092e+00	 1.7909e+01	 1.0125e+00
6.7998e+00	 1.0084e+00	 1.7906e+01	 1.0091e+00	 1.7897e+01	 1.0138e+00
6.8059e+00	 1.0084e+00	 1.7893e+01	 1.0090e+00	 1.7885e+01	 1.0106e+00
6.8121e+00	 1.0083e+00	 1.7881e+01	 1.0089e+00	 1.7872e+01	 1.0085e+00
6.8183e+00	 1.0084e+00	 1.7869e+01	 1.0088e+00	 1.7860e+01	 1.0092e+00
6.8244e+00	 1.0083e+00	 1.7857e+01	 1.0087e+00	 1.7848e+01	 1.0107e+00
6.8306e+00	 1.0083e+00	 1.7845e+01	 1.0088e+00	 1.7836e+01	 1.0137e+00
6.8368e+00	 1.0082e+00	 1.7832e+01	 1.0089e+00	 1.7824e+01	 1.0129e+00
6.8430e+00	 1.0082e+00	 1.7820e+01	 1.0089e+00	 1.7811e+01	 1.0131e+00
6.8492e+00	 1.0082e+00	 1.7808e+01	 1.0089e+00	 1.7799e+01	 1.0126e+00
6.8554e+00	 1.0081e+00	 1.7796e+01	 1.0089e+00	 1.7787e+01	 1.0132e+00
6.8616e+00	 1.0081e+00	 1.7784e+01	 1.0089e+00	 1.7775e+01	 1.0116e+00
6.8678e+00	 1.0080e+00	 1.7771e+01	 1.0089e+00	 1.7763e+01	 1.0105e+00
6.8740e+00	 1.0080e+00	 1.7759e+01	 1.0089e+00	 1.7751e+01	 1.0103e+00
6.8803e+00	 1.0079e+00	 1.7747e+01	 1.0089e+00	 1.7738e+01	 1.0108e+00
6.8865e+00	 1.0079e+00	 1.7735e+01	 1.0088e+00	 1.7726e+01	 1.0096e+00
6.8927e+00	 1.0079e+00	 1.7723e+01	 1.0087e+00	 1.7714e+01	 1.0080e+00
6.8990e+00	 1.0078e+00	 1.7711e+01	 1.0087e+00	 1.7702e+01	 1.0107e+00
6.9052e+00	 1.0078e+00	 1.7699e+01	 1.0087e+00	 1.7690e+01	 1.0102e+00
6.9115e+00	 1.0078e+00	 1.7686e+01	 1.0087e+00	 1.7678e+01	 1.0096e+00
6.9177e+00	 1.0078e+00	 1.7674e+01	 1.0088e+00	 1.7666e+01	 1.0100e+00
6.9240e+00	 1.0079e+00	 1.7662e+01	 1.0089e+00	 1.7653e+01	 1.0127e+00
6.9302e+00	 1.0079e+00	 1.7650e+01	 1.0089e+00	 1.7641e+01	 1.0119e+00
6.9365e+00	 1.0080e+00	 1.7638e+01	 1.0088e+00	 1.7629e+01	 1.0101e+00
6.9428e+00	 1.0080e+00	 1.7626e+01	 1.0086e+00	 1.7617e+01	 1.0125e+00
6.9491e+00	 1.0081e+00	 1.7614e+01	 1.0085e+00	 1.7605e+01	 1.0118e+00
6.9554e+00	 1.0082e+00	 1.7602e+01	 1.0085e+00	 1.7593e+01	 1.0112e+00
6.9616e+00	 1.0083e+00	 1.7590e+01	 1.0086e+00	 1.7581e+01	 1.0097e+00
6.9680e+00	 1.0084e+00	 1.7578e+01	 1.0086e+00	 1.7569e+01	 1.0110e+00
6.9742e+00	 1.0084e+00	 1.7565e+01	 1.0086e+00	 1.7557e+01	 1.0116e+00
6.9806e+00	 1.0085e+00	 1.7553e+01	 1.0086e+00	 1.7545e+01	 1.0117e+00
6.9869e+00	 1.0086e+00	 1.7541e+01	 1.0085e+00	 1.7533e+01	 1.0115e+00
6.9932e+00	 1.0087e+00	 1.7529e+01	 1.0084e+00	 1.7521e+01	 1.0097e+00
6.9995e+00	 1.0087e+00	 1.7517e+01	 1.0084e+00	 1.7509e+01	 1.0115e+00
7.0059e+00	 1.0089e+00	 1.7505e+01	 1.0084e+00	 1.7497e+01	 1.0103e+00
7.0122e+00	 1.0089e+00	 1.7493e+01	 1.0085e+00	 1.7485e+01	 1.0106e+00
7.0185e+00	 1.0090e+00	 1.7481e+01	 1.0086e+00	 1.7473e+01	 1.0101e+00
7.0249e+00	 1.0091e+00	 1.7469e+01	 1.0086e+00	 1.7461e+01	 1.0118e+00
7.0312e+00	 1.0091e+00	 1.7457e+01	 1.0087e+00	 1.7449e+01	 1.0113e+00
7.0376e+00	 1.0092e+00	 1.7445e+01	 1.0087e+00	 1.7437e+01	 1.0101e+00
7.0440e+00	 1.0093e+00	 1.7434e+01	 1.0087e+00	 1.7425e+01	 1.0108e+00
7.0503e+00	 1.0093e+00	 1.7422e+01	 1.0086e+00	 1.7413e+01	 1.0091e+00
7.0567e+00	 1.0094e+00	 1.7410e+01	 1.0085e+00	 1.7401e+01	 1.0108e+00
7.0631e+00	 1.0094e+00	 1.7398e+01	 1.0085e+00	 1.7389e+01	 1.0109e+00
7.0695e+00	 1.0095e+00	 1.7386e+01	 1.0084e+00	 1.7377e+01	 1.0112e+00
7.0759e+00	 1.0095e+00	 1.7374e+01	 1.0084e+00	 1.7365e+01	 1.0098e+00
7.0823e+00	 1.0096e+00	 1.7362e+01	 1.0084e+00	 1.7353e+01	 1.0101e+00
7.0887e+00	 1.0096e+00	 1.7350e+01	 1.0083e+00	 1.7341e+01	 1.0104e+00
7.0951e+00	 1.0096e+00	 1.7338e+01	 1.0083e+00	 1.7329e+01	 1.0097e+00
7.1015e+00	 1.0096e+00	 1.7326e+01	 1.0082e+00	 1.7318e+01	 1.0103e+00
7.1079e+00	 1.0096e+00	 1.7314e+01	 1.0083e+00	 1.7306e+01	 1.0094e+00
7.1143e+00	 1.0096e+00	 1.7302e+01	 1.0083e+00	 1.7294e+01	 1.0110e+00
7.1208e+00	 1.0096e+00	 1.7290e+01	 1.0083e+00	 1.7282e+01	 1.0096e+00
7.1272e+00	 1.0096e+00	 1.7278e+01	 1.0083e+00	 1.7270e+01	 1.0103e+00
7.1336e+00	 1.0095e+00	 1.7267e+01	 1.0083e+00	 1.7258e+01	 1.0099e+00
7.1401e+00	 1.0095e+00	 1.7255e+01	 1.0084e+00	 1.7246e+01	 1.0089e+00
7.1465e+00	 1.0095e+00	 1.7243e+01	 1.0084e+00	 1.7234e+01	 1.0096e+00
7.1530e+00	 1.0094e+00	 1.7231e+01	 1.0083e+00	 1.7223e+01	 1.0092e+00
7.1594e+00	 1.0094e+00	 1.7219e+01	 1.0083e+00	 1.7211e+01	 1.0111e+00
7.1659e+00	 1.0093e+00	 1.7207e+01	 1.0082e+00	 1.7199e+01	 1.0101e+00
7.1724e+00	 1.0093e+00	 1.7196e+01	 1.0082e+00	 1.7187e+01	 1.0113e+00
7.1789e+00	 1.0092e+00	 1.7184e+01	 1.0081e+00	 1.7175e+01	 1.0099e+00
7.1853e+00	 1.0091e+00	 1.7172e+01	 1.0081e+00	 1.7163e+01	 1.0110e+00
7.1918e+00	 1.0090e+00	 1.7160e+01	 1.0081e+00	 1.7152e+01	 1.0111e+00
7.1983e+00	 1.0090e+00	 1.7148e+01	 1.0081e+00	 1.7140e+01	 1.0098e+00
7.2048e+00	 1.0089e+00	 1.7136e+01	 1.0082e+00	 1.7128e+01	 1.0103e+00
7.2113e+00	 1.0088e+00	 1.7125e+01	 1.0082e+00	 1.7116e+01	 1.0089e+00
7.2179e+00	 1.0088e+00	 1.7113e+01	 1.0082e+00	 1.7105e+01	 1.0096e+00
7.2244e+00	 1.0087e+00	 1.7101e+01	 1.0082e+00	 1.7093e+01	 1.0088e+00
7.2309e+00	 1.0087e+00	 1.7089e+01	 1.0081e+00	 1.7081e+01	 1.0109e+00
7.2374e+00	 1.0086e+00	 1.7078e+01	 1.0081e+00	 1.7069e+01	 1.0110e+00
7.2440e+00	 1.0086e+00	 1.7066e+01	 1.0081e+00	 1.7057e+01	 1.0103e+00
7.2505e+00	 1.0085e+00	 1.7054e+01	 1.0081e+00	 1.7046e+01	 1.0099e+00
7.2571e+00	 1.0085e+00	 1.7042e+01	 1.0080e+00	 1.7034e+01	 1.0093e+00
7.2636e+00	 1.0085e+00	 1.7031e+01	 1.0080e+00	 1.7022e+01	 1.0092e+00
7.2702e+00	 1.0084e+00	 1.7019e+01	 1.0080e+00	 1.7011e+01	 1.0082e+00
7.2767e+00	 1.0085e+00	 1.7007e+01	 1.0079e+00	 1.6999e+01	 1.0099e+00
7.2833e+00	 1.0085e+00	 1.6995e+01	 1.0079e+00	 1.6987e+01	 1.0086e+00
7.2899e+00	 1.0085e+00	 1.6984e+01	 1.0079e+00	 1.6975e+01	 1.0105e+00
7.2965e+00	 1.0085e+00	 1.6972e+01	 1.0079e+00	 1.6964e+01	 1.0102e+00
7.3030e+00	 1.0085e+00	 1.6960e+01	 1.0079e+00	 1.6952e+01	 1.0084e+00
7.3096e+00	 1.0086e+00	 1.6949e+01	 1.0079e+00	 1.6940e+01	 1.0092e+00
7.3162e+00	 1.0086e+00	 1.6937e+01	 1.0079e+00	 1.6929e+01	 1.0099e+00
7.3228e+00	 1.0087e+00	 1.6925e+01	 1.0080e+00	 1.6917e+01	 1.0103e+00
7.3294e+00	 1.0087e+00	 1.6914e+01	 1.0079e+00	 1.6905e+01	 1.0091e+00
7.3360e+00	 1.0088e+00	 1.6902e+01	 1.0079e+00	 1.6894e+01	 1.0099e+00
7.3427e+00	 1.0088e+00	 1.6890e+01	 1.0078e+00	 1.6882e+01	 1.0087e+00
7.3493e+00	 1.0089e+00	 1.6879e+01	 1.0078e+00	 1.6870e+01	 1.0101e+00
7.3559e+00	 1.0090e+00	 1.6867e+01	 1.0078e+00	 1.6859e+01	 1.0098e+00
7.3625e+00	 1.0090e+00	 1.6855e+01	 1.0078e+00	 1.6847e+01	 1.0095e+00
7.3692e+00	 1.0091e+00	 1.6844e+01	 1.0078e+00	 1.6836e+01	 1.0101e+00
7.3758e+00	 1.0091e+00	 1.6832e+01	 1.0078e+00	 1.6824e+01	 1.0095e+00
7.3825e+00	 1.0092e+00	 1.6821e+01	 1.0078e+00	 1.6812e+01	 1.0105e+00
7.3892e+00	 1.0092e+00	 1.6809e+01	 1.0079e+00	 1.6801e+01	 1.0092e+00
7.3958e+00	 1.0092e+00	 1.6797e+01	 1.0079e+00	 1.6789e+01	 1.0113e+00
7.4025e+00	 1.0093e+00	 1.6786e+01	 1.0079e+00	 1.6778e+01	 1.0097e+00
7.4092e+00	 1.0093e+00	 1.6774e+01	 1.0079e+00	 1.6766e+01	 1.0095e+00
7.4159e+00	 1.0093e+00	 1.6763e+01	 1.0078e+00	 1.6754e+01	 1.0096e+00
7.4226e+00	 1.0093e+00	 1.6751e+01	 1.0077e+00	 1.6743e+01	 1.0087e+00
7.4292e+00	 1.0093e+00	 1.6739e+01	 1.0077e+00	 1.6731e+01	 1.0092e+00
7.4359e+00	 1.0093e+00	 1.6728e+01	 1.0077e+00	 1.6720e+01	 1.0085e+00
7.4427e+00	 1.0093e+00	 1.6716e+01	 1.0076e+00	 1.6708e+01	 1.0095e+00
7.4494e+00	 1.0093e+00	 1.6705e+01	 1.0076e+00	 1.6697e+01	 1.0084e+00
7.4561e+00	 1.0093e+00	 1.6693e+01	 1.0077e+00	 1.6685e+01	 1.0089e+00
7.4628e+00	 1.0093e+00	 1.6682e+01	 1.0077e+00	 1.6673e+01	 1.0087e+00
7.4695e+00	 1.0092e+00	 1.6670e+01	 1.0077e+00	 1.6662e+01	 1.0098e+00
7.4763e+00	 1.0092e+00	 1.6659e+01	 1.0077e+00	 1.6650e+01	 1.0094e+00
7.4830e+00	 1.0092e+00	 1.6647e+01	 1.0077e+00	 1.6639e+01	 1.0084e+00
7.4898e+00	 1.0092e+00	 1.6636e+01	 1.0077e+00	 1.6627e+01	 1.0096e+00
7.4965e+00	 1.0092e+00	 1.6624e+01	 1.0077e+00	 1.6616e+01	 1.0084e+00
7.5033e+00	 1.0091e+00	 1.6613e+01	 1.0077e+00	 1.6605e+01	 1.0097e+00
7.5100e+00	 1.0091e+00	 1.6601e+01	 1.0077e+00	 1.6593e+01	 1.0082e+00
7.5168e+00	 1.0091e+00	 1.6590e+01	 1.0077e+00	 1.6582e+01	 1.0083e+00
7.5236e+00	 1.0091e+00	 1.6578e+01	 1.0076e+00	 1.6570e+01	 1.0081e+00
7.5304e+00	 1.0091e+00	 1.6567e+01	 1.0075e+00	 1.6559e+01	 1.0089e+00
7.5371e+00	 1.0091e+00	 1.6555e+01	 1.0075e+00	 1.6547e+01	 1.0089e+00
7.5439e+00	 1.0091e+00	 1.6544e+01	 1.0074e+00	 1.6536e+01	 1.0081e+00
7.5507e+00	 1.0091e+00	 1.6533e+01	 1.0074e+00	 1.6524e+01	 1.0094e+00
7.5575e+00	 1.0092e+00	 1.6521e+01	 1.0074e+00	 1.6513e+01	 1.0085e+00
7.5643e+00	 1.0092e+00	 1.6510e+01	 1.0074e+00	 1.6502e+01	 1.0101e+00
7.5712e+00	 1.0092e+00	 1.6498e+01	 1.0074e+00	 1.6490e+01	 1.0093e+00
7.5780e+00	 1.0093e+00	 1.6487e+01	 1.0074e+00	 1.6479e+01	 1.0089e+00
7.5848e+00	 1.0093e+00	 1.6475e+01	 1.0074e+00	 1.6467e+01	 1.0073e+00
7.5916e+00	 1.0093e+00	 1.6464e+01	 1.0074e+00	 1.6456e+01	 1.0075e+00
7.5985e+00	 1.0093e+00	 1.6453e+01	 1.0074e+00	 1.6445e+01	 1.0092e+00
7.6053e+00	 1.0093e+00	 1.6441e+01	 1.0075e+00	 1.6433e+01	 1.0086e+00
7.6122e+00	 1.0093e+00	 1.6430e+01	 1.0074e+00	 1.6422e+01	 1.0096e+00
7.6190e+00	 1.0093e+00	 1.6419e+01	 1.0074e+00	 1.6410e+01	 1.0083e+00
7.6259e+00	 1.0092e+00	 1.6407e+01	 1.0074e+00	 1.6399e+01	 1.0088e+00
7.6327e+00	 1.0092e+00	 1.6396e+01	 1.0073e+00	 1.6388e+01	 1.0076e+00
7.6396e+00	 1.0092e+00	 1.6385e+01	 1.0073e+00	 1.6376e+01	 1.0089e+00
7.6465e+00	 1.0091e+00	 1.6373e+01	 1.0074e+00	 1.6365e+01	 1.0093e+00
7.6534e+00	 1.0091e+00	 1.6362e+01	 1.0074e+00	 1.6354e+01	 1.0089e+00
7.6603e+00	 1.0090e+00	 1.6350e+01	 1.0074e+00	 1.6342e+01	 1.0091e+00
7.6672e+00	 1.0090e+00	 1.6339e+01	 1.0074e+00	 1.6331e+01	 1.0077e+00
7.6741e+00	 1.0090e+00	 1.6328e+01	 1.0074e+00	 1.6320e+01	 1.0093e+00
7.6810e+00	 1.0090e+00	 1.6317e+01	 1.0073e+00	 1.6309e+01	 1.0087e+00
7.6879e+00	 1.0090e+00	 1.6305e+01	 1.0072e+00	 1.6297e+01	 1.0101e+00
7.6948e+00	 1.0089e+00	 1.6294e+01	 1.0071e+00	 1.6286e+01	 1.0091e+00
7.7017e+00	 1.0090e+00	 1.6283e+01	 1.0071e+00	 1.6275e+01	 1.0090e+00
7.7087e+00	 1.0090e+00	 1.6271e+01	 1.0071e+00	 1.6263e+01	 1.0087e+00
7.7156e+00	 1.0090e+00	 1.6260e+01	 1.0072e+00	 1.6252e+01	 1.0087e+00
7.7226e+00	 1.0090e+00	 1.6249e+01	 1.0072e+00	 1.6241e+01	 1.0095e+00
7.7295e+00	 1.0091e+00	 1.6238e+01	 1.0072e+00	 1.6230e+01	 1.0079e+00
7.7365e+00	 1.0092e+00	 1.6226e+01	 1.0072e+00	 1.6218e+01	 1.0098e+00
7.7434e+00	 1.0092e+00	 1.6215e+01	 1.0072e+00	 1.6207e+01	 1.0087e+00
7.7504e+00	 1.0094e+00	 1.6204e+01	 1.0072e+00	 1.6196e+01	 1.0096e+00
7.7574e+00	 1.0094e+00	 1.6193e+01	 1.0071e+00	 1.6185e+01	 1.0088e+00
7.7643e+00	 1.0095e+00	 1.6181e+01	 1.0071e+00	 1.6173e+01	 1.0084e+00
7.7713e+00	 1.0096e+00	 1.6170e+01	 1.0071e+00	 1.6162e+01	 1.0084e+00
7.7783e+00	 1.0097e+00	 1.6159e+01	 1.0072e+00	 1.6151e+01	 1.0074e+00
7.7853e+00	 1.0098e+00	 1.6148e+01	 1.0072e+00	 1.6140e+01	 1.0086e+00
7.7923e+00	 1.0099e+00	 1.6137e+01	 1.0072e+00	 1.6129e+01	 1.0077e+00
7.7993e+00	 1.0100e+00	 1.6125e+01	 1.0071e+00	 1.6117e+01	 1.0091e+00
7.8064e+00	 1.0100e+00	 1.6114e+01	 1.0071e+00	 1.6106e+01	 1.0085e+00
7.8134e+00	 1.0101e+00	 1.6103e+01	 1.0071e+00	 1.6095e+01	 1.0094e+00
7.8204e+00	 1.0102e+00	 1.6092e+01	 1.0070e+00	 1.6084e+01	 1.0088e+00
7.8274e+00	 1.0102e+00	 1.6081e+01	 1.0070e+00	 1.6073e+01	 1.0085e+00
7.8345e+00	 1.0103e+00	 1.6070e+01	 1.0070e+00	 1.6062e+01	 1.0091e+00
7.8415e+00	 1.0103e+00	 1.6058e+01	 1.0070e+00	 1.6050e+01	 1.0079e+00
7.8486e+00	 1.0103e+00	 1.6047e+01	 1.0070e+00	 1.6039e+01	 1.0088e+00
7.8556e+00	 1.0103e+00	 1.6036e+01	 1.0070e+00	 1.6028e+01	 1.0087e+00
7.8627e+00	 1.0103e+00	 1.6025e+01	 1.0069e+00	 1.6017e+01	 1.0112e+00
7.8697e+00	 1.0103e+00	 1.6014e+01	 1.0069e+00	 1.6006e+01	 1.0092e+00
7.8768e+00	 1.0103e+00	 1.6003e+01	 1.0069e+00	 1.5995e+01	 1.0076e+00
7.8839e+00	 1.0103e+00	 1.5992e+01	 1.0070e+00	 1.5984e+01	 1.0074e+00
7.8910e+00	 1.0102e+00	 1.5980e+01	 1.0070e+00	 1.5973e+01	 1.0085e+00
7.8981e+00	 1.0102e+00	 1.5969e+01	 1.0070e+00	 1.5961e+01	 1.0113e+00
7.9052e+00	 1.0101e+00	 1.5958e+01	 1.0069e+00	 1.5950e+01	 1.0104e+00
7.9123e+00	 1.0101e+00	 1.5947e+01	 1.0068e+00	 1.5939e+01	 1.0110e+00
7.9194e+00	 1.0100e+00	 1.5936e+01	 1.0068e+00	 1.5928e+01	 1.0109e+00
7.9265e+00	 1.0100e+00	 1.5925e+01	 1.0068e+00	 1.5917e+01	 1.0124e+00
7.9337e+00	 1.0100e+00	 1.5914e+01	 1.0069e+00	 1.5906e+01	 1.0093e+00
7.9408e+00	 1.0099e+00	 1.5903e+01	 1.0069e+00	 1.5895e+01	 1.0078e+00
7.9479e+00	 1.0099e+00	 1.5892e+01	 1.0069e+00	 1.5884e+01	 1.0077e+00
7.9551e+00	 1.0099e+00	 1.5881e+01	 1.0069e+00	 1.5873e+01	 1.0069e+00
7.9622e+00	 1.0099e+00	 1.5870e+01	 1.0068e+00	 1.5862e+01	 1.0075e+00
7.9694e+00	 1.0098e+00	 1.5859e+01	 1.0068e+00	 1.5851e+01	 1.0073e+00
7.9765e+00	 1.0099e+00	 1.5848e+01	 1.0068e+00	 1.5840e+01	 1.0097e+00
7.9837e+00	 1.0099e+00	 1.5837e+01	 1.0068e+00	 1.5829e+01	 1.0080e+00
7.9909e+00	 1.0099e+00	 1.5826e+01	 1.0068e+00	 1.5818e+01	 1.0073e+00
7.9981e+00	 1.0099e+00	 1.5815e+01	 1.0068e+00	 1.5807e+01	 1.0064e+00
8.0052e+00	 1.0099e+00	 1.5804e+01	 1.0068e+00	 1.5796e+01	 1.0068e+00
8.0124e+00	 1.0100e+00	 1.5793e+01	 1.0069e+00	 1.5785e+01	 1.0077e+00
8.0196e+00	 1.0100e+00	 1.5782e+01	 1.0069e+00	 1.5774e+01	 1.0075e+00
8.0268e+00	 1.0101e+00	 1.5771e+01	 1.0069e+00	 1.5763e+01	 1.0088e+00
8.0340e+00	 1.0101e+00	 1.5760e+01	 1.0069e+00	 1.5752e+01	 1.0071e+00
8.0412e+00	 1.0102e+00	 1.5749e+01	 1.0068e+00	 1.5741e+01	 1.0079e+00
8.0485e+00	 1.0103e+00	 1.5738e+01	 1.0068e+00	 1.5730e+01	 1.0072e+00
8.0557e+00	 1.0103e+00	 1.5727e+01	 1.0068e+00	 1.5719e+01	 1.0078e+00
8.0629e+00	 1.0104e+00	 1.5716e+01	 1.0068e+00	 1.5708e+01	 1.0074e+00
8.0701e+00	 1.0105e+00	 1.5705e+01	 1.0068e+00	 1.5697e+01	 1.0075e+00
8.0774e+00	 1.0106e+00	 1.5694e+01	 1.0068e+00	 1.5686e+01	 1.0081e+00
8.0846e+00	 1.0106e+00	 1.5683e+01	 1.0067e+00	 1.5675e+01	 1.0065e+00
8.0919e+00	 1.0107e+00	 1.5672e+01	 1.0066e+00	 1.5664e+01	 1.0070e+00
8.0992e+00	 1.0108e+00	 1.5661e+01	 1.0066e+00	 1.5653e+01	 1.0058e+00
8.1065e+00	 1.0109e+00	 1.5650e+01	 1.0066e+00	 1.5643e+01	 1.0075e+00
8.1137e+00	 1.0110e+00	 1.5639e+01	 1.0066e+00	 1.5632e+01	 1.0058e+00
8.1210e+00	 1.0110e+00	 1.5629e+01	 1.0067e+00	 1.5621e+01	 1.0051e+00
8.1283e+00	 1.0111e+00	 1.5618e+01	 1.0067e+00	 1.5610e+01	 1.0059e+00
8.1356e+00	 1.0112e+00	 1.5607e+01	 1.0067e+00	 1.5599e+01	 1.0066e+00
8.1429e+00	 1.0112e+00	 1.5596e+01	 1.0067e+00	 1.5588e+01	 1.0073e+00
8.1502e+00	 1.0113e+00	 1.5585e+01	 1.0067e+00	 1.5577e+01	 1.0061e+00
8.1575e+00	 1.0113e+00	 1.5574e+01	 1.0066e+00	 1.5566e+01	 1.0079e+00
8.1648e+00	 1.0114e+00	 1.5563e+01	 1.0066e+00	 1.5556e+01	 1.0066e+00
8.1722e+00	 1.0113e+00	 1.5553e+01	 1.0066e+00	 1.5545e+01	 1.0072e+00
8.1795e+00	 1.0114e+00	 1.5542e+01	 1.0066e+00	 1.5534e+01	 1.0067e+00
8.1868e+00	 1.0113e+00	 1.5531e+01	 1.0066e+00	 1.5523e+01	 1.0072e+00
8.1942e+00	 1.0114e+00	 1.5520e+01	 1.0066e+00	 1.5512e+01	 1.0069e+00
8.2015e+00	 1.0113e+00	 1.5509e+01	 1.0067e+00	 1.5502e+01	 1.0063e+00
8.2089e+00	 1.0113e+00	 1.5498e+01	 1.0067e+00	 1.5491e+01	 1.0074e+00
8.2162e+00	 1.0113e+00	 1.5488e+01	 1.0067e+00	 1.5480e+01	 1.0059e+00
8.2236e+00	 1.0113e+00	 1.5477e+01	 1.0067e+00	 1.5469e+01	 1.0075e+00
8.2310e+00	 1.0113e+00	 1.5466e+01	 1.0067e+00	 1.5458e+01	 1.0066e+00
8.2383e+00	 1.0113e+00	 1.5455e+01	 1.0066e+00	 1.5448e+01	 1.0074e+00
8.2457e+00	 1.0113e+00	 1.5444e+01	 1.0065e+00	 1.5437e+01	 1.0072e+00
8.2531e+00	 1.0113e+00	 1.5434e+01	 1.0065e+00	 1.5426e+01	 1.0064e+00
8.2605e+00	 1.0113e+00	 1.5423e+01	 1.0065e+00	 1.5415e+01	 1.0066e+00
8.2679e+00	 1.0113e+00	 1.5412e+01	 1.0065e+00	 1.5405e+01	 1.0063e+00
8.2753e+00	 1.0113e+00	 1.5401e+01	 1.0066e+00	 1.5394e+01	 1.0074e+00
8.2827e+00	 1.0114e+00	 1.5391e+01	 1.0066e+00	 1.5383e+01	 1.0060e+00
8.2902e+00	 1.0113e+00	 1.5380e+01	 1.0066e+00	 1.5372e+01	 1.0068e+00
8.2976e+00	 1.0114e+00	 1.5369e+01	 1.0065e+00	 1.5362e+01	 1.0059e+00
8.3050e+00	 1.0114e+00	 1.5359e+01	 1.0065e+00	 1.5351e+01	 1.0066e+00
8.3125e+00	 1.0114e+00	 1.5348e+01	 1.0064e+00	 1.5340e+01	 1.0073e+00
8.3199e+00	 1.0115e+00	 1.5337e+01	 1.0064e+00	 1.5329e+01	 1.0072e+00
8.3274e+00	 1.0114e+00	 1.5326e+01	 1.0064e+00	 1.5319e+01	 1.0075e+00
8.3348e+00	 1.0115e+00	 1.5316e+01	 1.0064e+00	 1.5308e+01	 1.0067e+00
8.3423e+00	 1.0115e+00	 1.5305e+01	 1.0063e+00	 1.5297e+01	 1.0078e+00
8.3498e+00	 1.0115e+00	 1.5294e+01	 1.0063e+00	 1.5287e+01	 1.0064e+00
8.3573e+00	 1.0115e+00	 1.5284e+01	 1.0064e+00	 1.5276e+01	 1.0078e+00
8.3648e+00	 1.0115e+00	 1.5273e+01	 1.0064e+00	 1.5265e+01	 1.0066e+00
8.3722e+00	 1.0116e+00	 1.5262e+01	 1.0064e+00	 1.5255e+01	 1.0066e+00
8.3797e+00	 1.0115e+00	 1.5252e+01	 1.0064e+00	 1.5244e+01	 1.0068e+00
8.3872e+00	 1.0116e+00	 1.5241e+01	 1.0064e+00	 1.5233e+01	 1.0056e+00
8.3948e+00	 1.0116e+00	 1.5230e+01	 1.0064e+00	 1.5223e+01	 1.0062e+00
8.4023e+00	 1.0116e+00	 1.5220e+01	 1.0063e+00	 1.5212e+01	 1.0061e+00
8.4098e+00	 1.0116e+00	 1.5209e+01	 1.0063e+00	 1.5202e+01	 1.0075e+00
8.4173e+00	 1.0117e+00	 1.5198e+01	 1.0062e+00	 1.5191e+01	 1.0064e+00
8.4249e+00	 1.0117e+00	 1.5188e+01	 1.0062e+00	 1.5180e+01	 1.0080e+00
8.4324e+00	 1.0117e+00	 1.5177e+01	 1.0063e+00	 1.5170e+01	 1.0072e+00
8.4400e+00	 1.0117e+00	 1.5167e+01	 1.0063e+00	 1.5159e+01	 1.0067e+00
8.4475e+00	 1.0117e+00	 1.5156e+01	 1.0064e+00	 1.5149e+01	 1.0073e+00
8.4551e+00	 1.0117e+00	 1.5145e+01	 1.0063e+00	 1.5138e+01	 1.0070e+00
8.4627e+00	 1.0117e+00	 1.5135e+01	 1.0063e+00	 1.5127e+01	 1.0080e+00
8.4702e+00	 1.0117e+00	 1.5124e+01	 1.0062e+00	 1.5117e+01	 1.0050e+00
8.4778e+00	 1.0117e+00	 1.5114e+01	 1.0062e+00	 1.5106e+01	 1.0065e+00
8.4854e+00	 1.0116e+00	 1.5103e+01	 1.0062e+00	 1.5096e+01	 1.0078e+00
8.4930e+00	 1.0117e+00	 1.5093e+01	 1.0062e+00	 1.5085e+01	 1.0083e+00
8.5006e+00	 1.0116e+00	 1.5082e+01	 1.0062e+00	 1.5075e+01	 1.0067e+00
8.5082e+00	 1.0116e+00	 1.5072e+01	 1.0062e+00	 1.5064e+01	 1.0071e+00
8.5158e+00	 1.0116e+00	 1.5061e+01	 1.0063e+00	 1.5054e+01	 1.0072e+00
8.5234e+00	 1.0116e+00	 1.5051e+01	 1.0063e+00	 1.5043e+01	 1.0063e+00
8.5311e+00	 1.0116e+00	 1.5040e+01	 1.0063e+00	 1.5032e+01	 1.0076e+00
8.5387e+00	 1.0116e+00	 1.5029e+01	 1.0063e+00	 1.5022e+01	 1.0064e+00
8.5463e+00	 1.0116e+00	 1.5019e+01	 1.0062e+00	 1.5011e+01	 1.0067e+00
8.5540e+00	 1.0116e+00	 1.5008e+01	 1.0061e+00	 1.5001e+01	 1.0058e+00
8.5616e+00	 1.0116e+00	 1.4998e+01	 1.0061e+00	 1.4990e+01	 1.0077e+00
8.5693e+00	 1.0115e+00	 1.4987e+01	 1.0061e+00	 1.4980e+01	 1.0070e+00
8.5770e+00	 1.0115e+00	 1.4977e+01	 1.0061e+00	 1.4969e+01	 1.0063e+00
8.5846e+00	 1.0115e+00	 1.4966e+01	 1.0061e+00	 1.4959e+01	 1.0079e+00
8.5923e+00	 1.0115e+00	 1.4956e+01	 1.0061e+00	 1.4949e+01	 1.0061e+00
8.6000e+00	 1.0115e+00	 1.4946e+01	 1.0060e+00	 1.4938e+01	 1.0070e+00
8.6077e+00	 1.0114e+00	 1.4935e+01	 1.0060e+00	 1.4928e+01	 1.0064e+00
8.6154e+00	 1.0114e+00	 1.4925e+01	 1.0059e+00	 1.4917e+01	 1.0078e+00
8.6231e+00	 1.0114e+00	 1.4914e+01	 1.0059e+00	 1.4907e+01	 1.0065e+00
8.6308e+00	 1.0114e+00	 1.4904e+01	 1.0059e+00	 1.4896e+01	 1.0068e+00
8.6385e+00	 1.0114e+00	 1.4893e+01	 1.0059e+00	 1.4886e+01	 1.0066e+00
8.6462e+00	 1.0114e+00	 1.4883e+01	 1.0059e+00	 1.4875e+01	 1.0057e+00
8.6540e+00	 1.0114e+00	 1.4872e+01	 1.0059e+00	 1.4865e+01	 1.0063e+00
8.6617e+00	 1.0114e+00	 1.4862e+01	 1.0060e+00	 1.4855e+01	 1.0055e+00
8.6694e+00	 1.0114e+00	 1.4852e+01	 1.0060e+00	 1.4844e+01	 1.0066e+00
8.6772e+00	 1.0114e+00	 1.4841e+01	 1.0060e+00	 1.4834e+01	 1.0048e+00
8.6850e+00	 1.0114e+00	 1.4831e+01	 1.0060e+00	 1.4823e+01	 1.0064e+00
8.6927e+00	 1.0115e+00	 1.4820e+01	 1.0060e+00	 1.4813e+01	 1.0061e+00
8.7005e+00	 1.0115e+00	 1.4810e+01	 1.0060e+00	 1.4803e+01	 1.0062e+00
8.7083e+00	 1.0116e+00	 1.4800e+01	 1.0060e+00	 1.4792e+01	 1.0062e+00
8.7160e+00	 1.0116e+00	 1.4789e+01	 1.0060e+00	 1.4782e+01	 1.0052e+00
8.7238e+00	 1.0117e+00	 1.4779e+01	 1.0059e+00	 1.4772e+01	 1.0060e+00
8.7316e+00	 1.0117e+00	 1.4769e+01	 1.0058e+00	 1.4761e+01	 1.0052e+00
8.7394e+00	 1.0118e+00	 1.4758e+01	 1.0058e+00	 1.4751e+01	 1.0071e+00
8.7472e+00	 1.0118e+00	 1.4748e+01	 1.0058e+00	 1.4741e+01	 1.0057e+00
8.7551e+00	 1.0119e+00	 1.4738e+01	 1.0059e+00	 1.4730e+01	 1.0056e+00
8.7629e+00	 1.0120e+00	 1.4727e+01	 1.0059e+00	 1.4720e+01	 1.0051e+00
8.7707e+00	 1.0121e+00	 1.4717e+01	 1.0059e+00	 1.4710e+01	 1.0057e+00
8.7785e+00	 1.0122e+00	 1.4707e+01	 1.0059e+00	 1.4699e+01	 1.0072e+00
8.7864e+00	 1.0123e+00	 1.4696e+01	 1.0058e+00	 1.4689e+01	 1.0053e+00
8.7942e+00	 1.0124e+00	 1.4686e+01	 1.0058e+00	 1.4679e+01	 1.0054e+00
8.8021e+00	 1.0124e+00	 1.4676e+01	 1.0057e+00	 1.4668e+01	 1.0047e+00
8.8100e+00	 1.0125e+00	 1.4665e+01	 1.0056e+00	 1.4658e+01	 1.0061e+00
8.8178e+00	 1.0126e+00	 1.4655e+01	 1.0057e+00	 1.4648e+01	 1.0051e+00
8.8257e+00	 1.0126e+00	 1.4645e+01	 1.0057e+00	 1.4638e+01	 1.0065e+00
8.8336e+00	 1.0127e+00	 1.4635e+01	 1.0058e+00	 1.4627e+01	 1.0063e+00
8.8415e+00	 1.0127e+00	 1.4624e+01	 1.0057e+00	 1.4617e+01	 1.0054e+00
8.8494e+00	 1.0128e+00	 1.4614e+01	 1.0057e+00	 1.4607e+01	 1.0061e+00
8.8573e+00	 1.0128e+00	 1.4604e+01	 1.0057e+00	 1.4596e+01	 1.0053e+00
8.8652e+00	 1.0128e+00	 1.4594e+01	 1.0057e+00	 1.4586e+01	 1.0061e+00
8.8731e+00	 1.0128e+00	 1.4583e+01	 1.0056e+00	 1.4576e+01	 1.0048e+00
8.8810e+00	 1.0127e+00	 1.4573e+01	 1.0055e+00	 1.4566e+01	 1.0056e+00
8.8889e+00	 1.0128e+00	 1.4563e+01	 1.0055e+00	 1.4556e+01	 1.0047e+00
8.8969e+00	 1.0127e+00	 1.4553e+01	 1.0055e+00	 1.4545e+01	 1.0056e+00
8.9048e+00	 1.0127e+00	 1.4542e+01	 1.0056e+00	 1.4535e+01	 1.0061e+00
8.9128e+00	 1.0127e+00	 1.4532e+01	 1.0056e+00	 1.4525e+01	 1.0056e+00
8.9207e+00	 1.0127e+00	 1.4522e+01	 1.0056e+00	 1.4515e+01	 1.0058e+00
8.9287e+00	 1.0127e+00	 1.4512e+01	 1.0056e+00	 1.4505e+01	 1.0047e+00
8.9366e+00	 1.0126e+00	 1.4502e+01	 1.0056e+00	 1.4494e+01	 1.0061e+00
8.9446e+00	 1.0127e+00	 1.4491e+01	 1.0056e+00	 1.4484e+01	 1.0050e+00
8.9526e+00	 1.0127e+00	 1.4481e+01	 1.0056e+00	 1.4474e+01	 1.0061e+00
8.9606e+00	 1.0128e+00	 1.4471e+01	 1.0056e+00	 1.4464e+01	 1.0054e+00
8.9686e+00	 1.0128e+00	 1.4461e+01	 1.0057e+00	 1.4454e+01	 1.0051e+00
8.9766e+00	 1.0128e+00	 1.4451e+01	 1.0057e+00	 1.4444e+01	 1.0054e+00
8.9846e+00	 1.0129e+00	 1.4441e+01	 1.0057e+00	 1.4433e+01	 1.0049e+00
8.9926e+00	 1.0129e+00	 1.4430e+01	 1.0057e+00	 1.4423e+01	 1.0065e+00
9.0006e+00	 1.0130e+00	 1.4420e+01	 1.0057e+00	 1.4413e+01	 1.0054e+00
9.0086e+00	 1.0130e+00	 1.4410e+01	 1.0056e+00	 1.4403e+01	 1.0067e+00
9.0167e+00	 1.0131e+00	 1.4400e+01	 1.0056e+00	 1.4393e+01	 1.0051e+00
9.0247e+00	 1.0131e+00	 1.4390e+01	 1.0055e+00	 1.4383e+01	 1.0047e+00
9.0328e+00	 1.0131e+00	 1.4380e+01	 1.0056e+00	 1.4373e+01	 1.0046e+00
9.0408e+00	 1.0131e+00	 1.4370e+01	 1.0056e+00	 1.4363e+01	 1.0054e+00
9.0489e+00	 1.0131e+00	 1.4360e+01	 1.0056e+00	 1.4352e+01	 1.0067e+00
9.0569e+00	 1.0132e+00	 1.4350e+01	 1.0055e+00	 1.4342e+01	 1.0062e+00
9.0650e+00	 1.0131e+00	 1.4339e+01	 1.0055e+00	 1.4332e+01	 1.0070e+00
9.0731e+00	 1.0132e+00	 1.4329e+01	 1.0055e+00	 1.4322e+01	 1.0052e+00
9.0812e+00	 1.0131e+00	 1.4319e+01	 1.0055e+00	 1.4312e+01	 1.0067e+00
9.0893e+00	 1.0131e+00	 1.4309e+01	 1.0055e+00	 1.4302e+01	 1.0056e+00
9.0974e+00	 1.0131e+00	 1.4299e+01	 1.0055e+00	 1.4292e+01	 1.0054e+00
9.1055e+00	 1.0131e+00	 1.4289e+01	 1.0056e+00	 1.4282e+01	 1.0052e+00
9.1136e+00	 1.0131e+00	 1.4279e+01	 1.0055e+00	 1.4272e+01	 1.0051e+00
9.1217e+00	 1.0130e+00	 1.4269e+01	 1.0055e+00	 1.4262e+01	 1.0053e+00
9.1299e+00	 1.0130e+00	 1.4259e+01	 1.0055e+00	 1.4252e+01	 1.0041e+00
9.1380e+00	 1.0130e+00	 1.4249e+01	 1.0055e+00	 1.4242e+01	 1.0059e+00
9.1462e+00	 1.0130e+00	 1.4239e+01	 1.0055e+00	 1.4232e+01	 1.0050e+00
9.1543e+00	 1.0130e+00	 1.4229e+01	 1.0054e+00	 1.4222e+01	 1.0050e+00
9.1625e+00	 1.0129e+00	 1.4219e+01	 1.0054e+00	 1.4212e+01	 1.0049e+00
9.1706e+00	 1.0129e+00	 1.4209e+01	 1.0054e+00	 1.4202e+01	 1.0061e+00
9.1788e+00	 1.0128e+00	 1.4199e+01	 1.0054e+00	 1.4192e+01	 1.0060e+00
9.1870e+00	 1.0129e+00	 1.4189e+01	 1.0054e+00	 1.4182e+01	 1.0049e+00
9.1952e+00	 1.0128e+00	 1.4179e+01	 1.0054e+00	 1.4172e+01	 1.0058e+00
9.2034e+00	 1.0128e+00	 1.4169e+01	 1.0055e+00	 1.4162e+01	 1.0046e+00
9.2116e+00	 1.0128e+00	 1.4159e+01	 1.0055e+00	 1.4152e+01	 1.0061e+00
9.2198e+00	 1.0127e+00	 1.4149e+01	 1.0054e+00	 1.4142e+01	 1.0053e+00
9.2280e+00	 1.0128e+00	 1.4139e+01	 1.0054e+00	 1.4132e+01	 1.0057e+00
9.2362e+00	 1.0127e+00	 1.4129e+01	 1.0053e+00	 1.4122e+01	 1.0045e+00
9.2444e+00	 1.0127e+00	 1.4119e+01	 1.0052e+00	 1.4112e+01	 1.0041e+00
9.2527e+00	 1.0127e+00	 1.4109e+01	 1.0052e+00	 1.4102e+01	 1.0052e+00
9.2609e+00	 1.0128e+00	 1.4099e+01	 1.0052e+00	 1.4092e+01	 1.0047e+00
9.2691e+00	 1.0128e+00	 1.4089e+01	 1.0053e+00	 1.4082e+01	 1.0054e+00
9.2774e+00	 1.0128e+00	 1.4079e+01	 1.0054e+00	 1.4072e+01	 1.0038e+00
9.2857e+00	 1.0129e+00	 1.4070e+01	 1.0054e+00	 1.4062e+01	 1.0053e+00
9.2939e+00	 1.0129e+00	 1.4060e+01	 1.0054e+00	 1.4053e+01	 1.0046e+00
9.3022e+00	 1.0130e+00	 1.4050e+01	 1.0053e+00	 1.4043e+01	 1.0041e+00
9.3105e+00	 1.0130e+00	 1.4040e+01	 1.0052e+00	 1.4033e+01	 1.0040e+00
9.3188e+00	 1.0131e+00	 1.4030e+01	 1.0051e+00	 1.4023e+01	 1.0051e+00
9.3271e+00	 1.0132e+00	 1.4020e+01	 1.0051e+00	 1.4013e+01	 1.0059e+00
9.3354e+00	 1.0132e+00	 1.4010e+01	 1.0052e+00	 1.4003e+01	 1.0041e+00
9.3437e+00	 1.0133e+00	 1.4000e+01	 1.0053e+00	 1.3993e+01	 1.0053e+00
9.3520e+00	 1.0133e+00	 1.3991e+01	 1.0054e+00	 1.3983e+01	 1.0041e+00
9.3603e+00	 1.0134e+00	 1.3981e+01	 1.0054e+00	 1.3974e+01	 1.0051e+00
9.3687e+00	 1.0134e+00	 1.3971e+01	 1.0053e+00	 1.3964e+01	 1.0040e+00
9.3770e+00	 1.0135e+00	 1.3961e+01	 1.0053e+00	 1.3954e+01	 1.0047e+00
9.3853e+00	 1.0135e+00	 1.3951e+01	 1.0053e+00	 1.3944e+01	 1.0047e+00
9.3937e+00	 1.0135e+00	 1.3941e+01	 1.0052e+00	 1.3934e+01	 1.0042e+00
9.4020e+00	 1.0136e+00	 1.3931e+01	 1.0052e+00	 1.3924e+01	 1.0051e+00
9.4104e+00	 1.0136e+00	 1.3922e+01	 1.0052e+00	 1.3915e+01	 1.0039e+00
9.4188e+00	 1.0136e+00	 1.3912e+01	 1.0052e+00	 1.3905e+01	 1.0047e+00
9.4272e+00	 1.0136e+00	 1.3902e+01	 1.0052e+00	 1.3895e+01	 1.0039e+00
9.4355e+00	 1.0136e+00	 1.3892e+01	 1.0052e+00	 1.3885e+01	 1.0054e+00
9.4439e+00	 1.0136e+00	 1.3882e+01	 1.0052e+00	 1.3875e+01	 1.0047e+00
9.4523e+00	 1.0136e+00	 1.3873e+01	 1.0051e+00	 1.3866e+01	 1.0056e+00
9.4608e+00	 1.0136e+00	 1.3863e+01	 1.0051e+00	 1.3856e+01	 1.0058e+00
9.4692e+00	 1.0136e+00	 1.3853e+01	 1.0051e+00	 1.3846e+01	 1.0045e+00
9.4776e+00	 1.0136e+00	 1.3843e+01	 1.0051e+00	 1.3836e+01	 1.0055e+00
9.4860e+00	 1.0135e+00	 1.3834e+01	 1.0050e+00	 1.3827e+01	 1.0041e+00
9.4944e+00	 1.0135e+00	 1.3824e+01	 1.0050e+00	 1.3817e+01	 1.0056e+00
9.5029e+00	 1.0135e+00	 1.3814e+01	 1.0049e+00	 1.3807e+01	 1.0049e+00
9.5113e+00	 1.0134e+00	 1.3804e+01	 1.0050e+00	 1.3797e+01	 1.0055e+00
9.5198e+00	 1.0134e+00	 1.3795e+01	 1.0050e+00	 1.3788e+01	 1.0049e+00
9.5282e+00	 1.0134e+00	 1.3785e+01	 1.0050e+00	 1.3778e+01	 1.0052e+00
9.5367e+00	 1.0134e+00	 1.3775e+01	 1.0050e+00	 1.3768e+01	 1.0056e+00
9.5452e+00	 1.0134e+00	 1.3765e+01	 1.0050e+00	 1.3758e+01	 1.0047e+00
9.5537e+00	 1.0134e+00	 1.3756e+01	 1.0050e+00	 1.3749e+01	 1.0053e+00
9.5622e+00	 1.0134e+00	 1.3746e+01	 1.0050e+00	 1.3739e+01	 1.0041e+00
9.5707e+00	 1.0134e+00	 1.3736e+01	 1.0051e+00	 1.3729e+01	 1.0063e+00
9.5792e+00	 1.0134e+00	 1.3727e+01	 1.0051e+00	 1.3720e+01	 1.0051e+00
9.5877e+00	 1.0133e+00	 1.3717e+01	 1.0050e+00	 1.3710e+01	 1.0047e+00
9.5962e+00	 1.0134e+00	 1.3707e+01	 1.0050e+00	 1.3700e+01	 1.0050e+00
9.6047e+00	 1.0133e+00	 1.3698e+01	 1.0050e+00	 1.3691e+01	 1.0045e+00
9.6133e+00	 1.0134e+00	 1.3688e+01	 1.0050e+00	 1.3681e+01	 1.0049e+00
9.6218e+00	 1.0133e+00	 1.3678e+01	 1.0050e+00	 1.3671e+01	 1.0047e+00
9.6304e+00	 1.0133e+00	 1.3669e+01	 1.0050e+00	 1.3662e+01	 1.0053e+00
9.6389e+00	 1.0133e+00	 1.3659e+01	 1.0050e+00	 1.3652e+01	 1.0039e+00
9.6475e+00	 1.0133e+00	 1.3649e+01	 1.0050e+00	 1.3642e+01	 1.0056e+00
9.6561e+00	 1.0133e+00	 1.3640e+01	 1.0049e+00	 1.3633e+01	 1.0042e+00
9.6646e+00	 1.0133e+00	 1.3630e+01	 1.0049e+00	 1.3623e+01	 1.0039e+00
9.6732e+00	 1.0133e+00	 1.3620e+01	 1.0049e+00	 1.3614e+01	 1.0045e+00
9.6818e+00	 1.0133e+00	 1.3611e+01	 1.0049e+00	 1.3604e+01	 1.0049e+00
9.6904e+00	 1.0133e+00	 1.3601e+01	 1.0049e+00	 1.3594e+01	 1.0059e+00
9.6990e+00	 1.0133e+00	 1.3592e+01	 1.0049e+00	 1.3585e+01	 1.0041e+00
9.7076e+00	 1.0132e+00	 1.3582e+01	 1.0049e+00	 1.3575e+01	 1.0050e+00
9.7162e+00	 1.0133e+00	 1.3572e+01	 1.0048e+00	 1.3566e+01	 1.0043e+00
9.7248e+00	 1.0132e+00	 1.3563e+01	 1.0048e+00	 1.3556e+01	 1.0052e+00
9.7335e+00	 1.0133e+00	 1.3553e+01	 1.0048e+00	 1.3546e+01	 1.0042e+00
9.7421e+00	 1.0133e+00	 1.3544e+01	 1.0048e+00	 1.3537e+01	 1.0050e+00
9.7508e+00	 1.0133e+00	 1.3534e+01	 1.0048e+00	 1.3527e+01	 1.0053e+00
9.7594e+00	 1.0134e+00	 1.3525e+01	 1.0048e+00	 1.3518e+01	 1.0043e+00
9.7681e+00	 1.0134e+00	 1.3515e+01	 1.0048e+00	 1.3508e+01	 1.0049e+00
9.7768e+00	 1.0135e+00	 1.3505e+01	 1.0048e+00	 1.3499e+01	 1.0033e+00
9.7855e+00	 1.0135e+00	 1.3496e+01	 1.0048e+00	 1.3489e+01	 1.0054e+00
9.7941e+00	 1.0136e+00	 1.3486e+01	 1.0048e+00	 1.3480e+01	 1.0048e+00
9.8028e+00	 1.0137e+00	 1.3477e+01	 1.0048e+00	 1.3470e+01	 1.0052e+00
9.8115e+00	 1.0138e+00	 1.3467e+01	 1.0048e+00	 1.3461e+01	 1.0045e+00
9.8202e+00	 1.0139e+00	 1.3458e+01	 1.0048e+00	 1.3451e+01	 1.0047e+00
9.8290e+00	 1.0139e+00	 1.3448e+01	 1.0047e+00	 1.3442e+01	 1.0046e+00
9.8377e+00	 1.0140e+00	 1.3439e+01	 1.0047e+00	 1.3432e+01	 1.0038e+00
9.8464e+00	 1.0141e+00	 1.3429e+01	 1.0048e+00	 1.3423e+01	 1.0055e+00
9.8551e+00	 1.0142e+00	 1.3420e+01	 1.0048e+00	 1.3413e+01	 1.0043e+00
9.8639e+00	 1.0143e+00	 1.3410e+01	 1.0047e+00	 1.3404e+01	 1.0057e+00
9.8726e+00	 1.0144e+00	 1.3401e+01	 1.0047e+00	 1.3394e+01	 1.0045e+00
9.8814e+00	 1.0144e+00	 1.3391e+01	 1.0047e+00	 1.3385e+01	 1.0042e+00
9.8902e+00	 1.0145e+00	 1.3382e+01	 1.0047e+00	 1.3375e+01	 1.0040e+00
9.8989e+00	 1.0147e+00	 1.3372e+01	 1.0047e+00	 1.3366e+01	 1.0041e+00
9.9077e+00	 1.0147e+00	 1.3363e+01	 1.0047e+00	 1.3356e+01	 1.0047e+00
9.9165e+00	 1.0149e+00	 1.3354e+01	 1.0047e+00	 1.3347e+01	 1.0036e+00
9.9253e+00	 1.0149e+00	 1.3344e+01	 1.0048e+00	 1.3337e+01	 1.0049e+00
9.9341e+00	 1.0150e+00	 1.3335e+01	 1.0048e+00	 1.3328e+01	 1.0038e+00
9.9429e+00	 1.0151e+00	 1.3325e+01	 1.0048e+00	 1.3318e+01	 1.0050e+00
9.9517e+00	 1.0152e+00	 1.3316e+01	 1.0047e+00	 1.3309e+01	 1.0043e+00
9.9605e+00	 1.0153e+00	 1.3306e+01	 1.0047e+00	 1.3300e+01	 1.0045e+00
9.9694e+00	 1.0153e+00	 1.3297e+01	 1.0047e+00	 1.3290e+01	 1.0047e+00
9.9782e+00	 1.0154e+00	 1.3288e+01	 1.0046e+00	 1.3281e+01	 1.0041e+00
9.9870e+00	 1.0154e+00	 1.3278e+01	 1.0047e+00	 1.3271e+01	 1.0047e+00
9.9959e+00	 1.0155e+00	 1.3269e+01	 1.0047e+00	 1.3262e+01	 1.0033e+00
1.0005e+01	 1.0155e+00	 1.3259e+01	 1.0047e+00	 1.3253e+01	 1.0050e+00
1.0014e+01	 1.0155e+00	 1.3250e+01	 1.0046e+00	 1.3243e+01	 1.0042e+00
1.0023e+01	 1.0155e+00	 1.3241e+01	 1.0046e+00	 1.3234e+01	 1.0047e+00
1.0031e+01	 1.0155e+00	 1.3231e+01	 1.0046e+00	 1.3225e+01	 1.0042e+00
1.0040e+01	 1.0155e+00	 1.3222e+01	 1.0046e+00	 1.3215e+01	 1.0041e+00
1.0049e+01	 1.0155e+00	 1.3213e+01	 1.0046e+00	 1.3206e+01	 1.0045e+00
1.0058e+01	 1.0155e+00	 1.3203e+01	 1.0045e+00	 1.3196e+01	 1.0040e+00
1.0067e+01	 1.0155e+00	 1.3194e+01	 1.0045e+00	 1.3187e+01	 1.0050e+00
1.0076e+01	 1.0155e+00	 1.3184e+01	 1.0044e+00	 1.3178e+01	 1.0038e+00
1.0085e+01	 1.0155e+00	 1.3175e+01	 1.0044e+00	 1.3168e+01	 1.0049e+00
1.0094e+01	 1.0155e+00	 1.3166e+01	 1.0044e+00	 1.3159e+01	 1.0043e+00
1.0103e+01	 1.0155e+00	 1.3156e+01	 1.0045e+00	 1.3150e+01	 1.0054e+00
1.0112e+01	 1.0154e+00	 1.3147e+01	 1.0045e+00	 1.3141e+01	 1.0049e+00
1.0121e+01	 1.0155e+00	 1.3138e+01	 1.0046e+00	 1.3131e+01	 1.0045e+00
1.0130e+01	 1.0155e+00	 1.3129e+01	 1.0046e+00	 1.3122e+01	 1.0051e+00
1.0139e+01	 1.0155e+00	 1.3119e+01	 1.0045e+00	 1.3113e+01	 1.0045e+00
1.0148e+01	 1.0155e+00	 1.3110e+01	 1.0045e+00	 1.3103e+01	 1.0056e+00
1.0156e+01	 1.0154e+00	 1.3101e+01	 1.0045e+00	 1.3094e+01	 1.0045e+00
1.0165e+01	 1.0155e+00	 1.3091e+01	 1.0045e+00	 1.3085e+01	 1.0052e+00
1.0174e+01	 1.0155e+00	 1.3082e+01	 1.0045e+00	 1.3076e+01	 1.0036e+00
1.0184e+01	 1.0155e+00	 1.3073e+01	 1.0044e+00	 1.3066e+01	 1.0036e+00
1.0193e+01	 1.0155e+00	 1.3064e+01	 1.0044e+00	 1.3057e+01	 1.0043e+00
1.0201e+01	 1.0155e+00	 1.3054e+01	 1.0044e+00	 1.3048e+01	 1.0046e+00
1.0210e+01	 1.0155e+00	 1.3045e+01	 1.0045e+00	 1.3039e+01	 1.0049e+00
1.0220e+01	 1.0155e+00	 1.3036e+01	 1.0045e+00	 1.3029e+01	 1.0031e+00
1.0229e+01	 1.0155e+00	 1.3027e+01	 1.0046e+00	 1.3020e+01	 1.0043e+00
1.0238e+01	 1.0155e+00	 1.3017e+01	 1.0046e+00	 1.3011e+01	 1.0029e+00
1.0247e+01	 1.0155e+00	 1.3008e+01	 1.0045e+00	 1.3002e+01	 1.0043e+00
1.0256e+01	 1.0155e+00	 1.2999e+01	 1.0044e+00	 1.2992e+01	 1.0037e+00
1.0265e+01	 1.0155e+00	 1.2990e+01	 1.0044e+00	 1.2983e+01	 1.0037e+00
1.0274e+01	 1.0155e+00	 1.2981e+01	 1.0043e+00	 1.2974e+01	 1.0044e+00
1.0283e+01	 1.0155e+00	 1.2971e+01	 1.0044e+00	 1.2965e+01	 1.0036e+00
1.0292e+01	 1.0156e+00	 1.2962e+01	 1.0044e+00	 1.2956e+01	 1.0050e+00
1.0301e+01	 1.0155e+00	 1.2953e+01	 1.0044e+00	 1.2946e+01	 1.0034e+00
1.0310e+01	 1.0156e+00	 1.2944e+01	 1.0043e+00	 1.2937e+01	 1.0046e+00
1.0319e+01	 1.0156e+00	 1.2935e+01	 1.0043e+00	 1.2928e+01	 1.0036e+00
1.0329e+01	 1.0157e+00	 1.2926e+01	 1.0043e+00	 1.2919e+01	 1.0047e+00
1.0338e+01	 1.0157e+00	 1.2916e+01	 1.0044e+00	 1.2910e+01	 1.0040e+00
1.0347e+01	 1.0157e+00	 1.2907e+01	 1.0044e+00	 1.2901e+01	 1.0044e+00
1.0356e+01	 1.0158e+00	 1.2898e+01	 1.0045e+00	 1.2892e+01	 1.0048e+00
1.0365e+01	 1.0158e+00	 1.2889e+01	 1.0045e+00	 1.2882e+01	 1.0039e+00
1.0374e+01	 1.0159e+00	 1.2880e+01	 1.0044e+00	 1.2873e+01	 1.0043e+00
1.0383e+01	 1.0159e+00	 1.2871e+01	 1.0043e+00	 1.2864e+01	 1.0028e+00
1.0393e+01	 1.0160e+00	 1.2862e+01	 1.0042e+00	 1.2855e+01	 1.0043e+00
1.0402e+01	 1.0160e+00	 1.2852e+01	 1.0041e+00	 1.2846e+01	 1.0033e+00
1.0411e+01	 1.0160e+00	 1.2843e+01	 1.0041e+00	 1.2837e+01	 1.0040e+00
1.0420e+01	 1.0161e+00	 1.2834e+01	 1.0041e+00	 1.2828e+01	 1.0040e+00
1.0429e+01	 1.0160e+00	 1.2825e+01	 1.0041e+00	 1.2819e+01	 1.0039e+00
1.0439e+01	 1.0161e+00	 1.2816e+01	 1.0042e+00	 1.2809e+01	 1.0046e+00
1.0448e+01	 1.0161e+00	 1.2807e+01	 1.0042e+00	 1.2800e+01	 1.0038e+00
1.0457e+01	 1.0161e+00	 1.2798e+01	 1.0043e+00	 1.2791e+01	 1.0050e+00
1.0466e+01	 1.0160e+00	 1.2789e+01	 1.0043e+00	 1.2782e+01	 1.0038e+00
1.0476e+01	 1.0160e+00	 1.2780e+01	 1.0043e+00	 1.2773e+01	 1.0049e+00
1.0485e+01	 1.0160e+00	 1.2771e+01	 1.0043e+00	 1.2764e+01	 1.0034e+00
1.0494e+01	 1.0159e+00	 1.2762e+01	 1.0043e+00	 1.2755e+01	 1.0037e+00
1.0503e+01	 1.0158e+00	 1.2752e+01	 1.0043e+00	 1.2746e+01	 1.0040e+00
1.0513e+01	 1.0157e+00	 1.2743e+01	 1.0042e+00	 1.2737e+01	 1.0041e+00
1.0522e+01	 1.0157e+00	 1.2734e+01	 1.0042e+00	 1.2728e+01	 1.0045e+00
1.0531e+01	 1.0156e+00	 1.2725e+01	 1.0041e+00	 1.2719e+01	 1.0032e+00
1.0540e+01	 1.0155e+00	 1.2716e+01	 1.0041e+00	 1.2710e+01	 1.0039e+00
1.0550e+01	 1.0154e+00	 1.2707e+01	 1.0041e+00	 1.2701e+01	 1.0035e+00
1.0559e+01	 1.0153e+00	 1.2698e+01	 1.0042e+00	 1.2692e+01	 1.0042e+00
1.0569e+01	 1.0153e+00	 1.2689e+01	 1.0043e+00	 1.2683e+01	 1.0033e+00
1.0578e+01	 1.0152e+00	 1.2680e+01	 1.0043e+00	 1.2674e+01	 1.0042e+00
1.0587e+01	 1.0153e+00	 1.2671e+01	 1.0043e+00	 1.2665e+01	 1.0042e+00
1.0597e+01	 1.0152e+00	 1.2662e+01	 1.0043e+00	 1.2656e+01	 1.0034e+00
1.0606e+01	 1.0152e+00	 1.2653e+01	 1.0042e+00	 1.2647e+01	 1.0047e+00
1.0615e+01	 1.0153e+00	 1.2644e+01	 1.0041e+00	 1.2638e+01	 1.0038e+00
1.0625e+01	 1.0152e+00	 1.2635e+01	 1.0041e+00	 1.2629e+01	 1.0056e+00
1.0634e+01	 1.0153e+00	 1.2626e+01	 1.0041e+00	 1.2620e+01	 1.0038e+00
1.0643e+01	 1.0153e+00	 1.2617e+01	 1.0041e+00	 1.2611e+01	 1.0042e+00
1.0653e+01	 1.0155e+00	 1.2608e+01	 1.0041e+00	 1.2602e+01	 1.0032e+00
1.0662e+01	 1.0155e+00	 1.2599e+01	 1.0041e+00	 1.2593e+01	 1.0031e+00
1.0672e+01	 1.0156e+00	 1.2590e+01	 1.0041e+00	 1.2584e+01	 1.0038e+00
1.0681e+01	 1.0157e+00	 1.2582e+01	 1.0041e+00	 1.2575e+01	 1.0030e+00
1.0690e+01	 1.0158e+00	 1.2573e+01	 1.0041e+00	 1.2566e+01	 1.0044e+00
1.0700e+01	 1.0159e+00	 1.2564e+01	 1.0040e+00	 1.2557e+01	 1.0028e+00
1.0709e+01	 1.0159e+00	 1.2555e+01	 1.0039e+00	 1.2548e+01	 1.0036e+00
1.0719e+01	 1.0161e+00	 1.2546e+01	 1.0038e+00	 1.2539e+01	 1.0028e+00
1.0728e+01	 1.0161e+00	 1.2537e+01	 1.0038e+00	 1.2531e+01	 1.0038e+00
1.0738e+01	 1.0162e+00	 1.2528e+01	 1.0039e+00	 1.2522e+01	 1.0034e+00
1.0747e+01	 1.0162e+00	 1.2519e+01	 1.0040e+00	 1.2513e+01	 1.0031e+00
1.0757e+01	 1.0163e+00	 1.2510e+01	 1.0040e+00	 1.2504e+01	 1.0040e+00
1.0766e+01	 1.0163e+00	 1.2501e+01	 1.0040e+00	 1.2495e+01	 1.0031e+00
1.0776e+01	 1.0163e+00	 1.2492e+01	 1.0040e+00	 1.2486e+01	 1.0035e+00
1.0785e+01	 1.0164e+00	 1.2484e+01	 1.0040e+00	 1.2477e+01	 1.0019e+00
1.0795e+01	 1.0164e+00	 1.2475e+01	 1.0040e+00	 1.2468e+01	 1.0029e+00
1.0804e+01	 1.0164e+00	 1.2466e+01	 1.0040e+00	 1.2460e+01	 1.0025e+00
1.0814e+01	 1.0164e+00	 1.2457e+01	 1.0039e+00	 1.2451e+01	 1.0037e+00
1.0823e+01	 1.0164e+00	 1.2448e+01	 1.0039e+00	 1.2442e+01	 1.0038e+00
1.0833e+01	 1.0164e+00	 1.2439e+01	 1.0039e+00	 1.2433e+01	 1.0031e+00
1.0842e+01	 1.0164e+00	 1.2430e+01	 1.0039e+00	 1.2424e+01	 1.0038e+00
1.0852e+01	 1.0164e+00	 1.2422e+01	 1.0038e+00	 1.2415e+01	 1.0027e+00
1.0861e+01	 1.0164e+00	 1.2413e+01	 1.0038e+00	 1.2406e+01	 1.0039e+00
1.0871e+01	 1.0164e+00	 1.2404e+01	 1.0038e+00	 1.2398e+01	 1.0025e+00
1.0880e+01	 1.0163e+00	 1.2395e+01	 1.0038e+00	 1.2389e+01	 1.0034e+00
1.0890e+01	 1.0163e+00	 1.2386e+01	 1.0038e+00	 1.2380e+01	 1.0028e+00
1.0900e+01	 1.0163e+00	 1.2378e+01	 1.0038e+00	 1.2371e+01	 1.0035e+00
1.0909e+01	 1.0162e+00	 1.2369e+01	 1.0038e+00	 1.2362e+01	 1.0044e+00
1.0919e+01	 1.0162e+00	 1.2360e+01	 1.0038e+00	 1.2354e+01	 1.0037e+00
1.0928e+01	 1.0161e+00	 1.2351e+01	 1.0038e+00	 1.2345e+01	 1.0042e+00
1.0938e+01	 1.0161e+00	 1.2342e+01	 1.0038e+00	 1.2336e+01	 1.0025e+00
1.0948e+01	 1.0160e+00	 1.2334e+01	 1.0039e+00	 1.2327e+01	 1.0038e+00
1.0957e+01	 1.0160e+00	 1.2325e+01	 1.0039e+00	 1.2319e+01	 1.0026e+00
1.0967e+01	 1.0159e+00	 1.2316e+01	 1.0039e+00	 1.2310e+01	 1.0037e+00
1.0977e+01	 1.0158e+00	 1.2307e+01	 1.0038e+00	 1.2301e+01	 1.0028e+00
1.0986e+01	 1.0158e+00	 1.2299e+01	 1.0038e+00	 1.2292e+01	 1.0028e+00
1.0996e+01	 1.0158e+00	 1.2290e+01	 1.0039e+00	 1.2284e+01	 1.0031e+00
1.1006e+01	 1.0158e+00	 1.2281e+01	 1.0039e+00	 1.2275e+01	 1.0021e+00
1.1015e+01	 1.0157e+00	 1.2272e+01	 1.0039e+00	 1.2266e+01	 1.0035e+00
1.1025e+01	 1.0157e+00	 1.2264e+01	 1.0039e+00	 1.2257e+01	 1.0023e+00
1.1035e+01	 1.0157e+00	 1.2255e+01	 1.0039e+00	 1.2249e+01	 1.0032e+00
1.1044e+01	 1.0157e+00	 1.2246e+01	 1.0039e+00	 1.2240e+01	 1.0025e+00
1.1054e+01	 1.0157e+00	 1.2237e+01	 1.0038e+00	 1.2231e+01	 1.0036e+00
1.1064e+01	 1.0157e+00	 1.2229e+01	 1.0038e+00	 1.2222e+01	 1.0029e+00
1.1074e+01	 1.0157e+00	 1.2220e+01	 1.0038e+00	 1.2214e+01	 1.0028e+00
1.1083e+01	 1.0157e+00	 1.2211e+01	 1.0038e+00	 1.2205e+01	 1.0036e+00
1.1093e+01	 1.0158e+00	 1.2203e+01	 1.0037e+00	 1.2196e+01	 1.0018e+00
1.1103e+01	 1.0159e+00	 1.2194e+01	 1.0037e+00	 1.2188e+01	 1.0028e+00
1.1113e+01	 1.0159e+00	 1.2185e+01	 1.0036e+00	 1.2179e+01	 1.0020e+00
1.1123e+01	 1.0160e+00	 1.2177e+01	 1.0036e+00	 1.2170e+01	 1.0026e+00
1.1132e+01	 1.0161e+00	 1.2168e+01	 1.0036e+00	 1.2162e+01	 1.0024e+00
1.1142e+01	 1.0162e+00	 1.2159e+01	 1.0036e+00	 1.2153e+01	 1.0036e+00
1.1152e+01	 1.0163e+00	 1.2151e+01	 1.0036e+00	 1.2144e+01	 1.0032e+00
1.1162e+01	 1.0164e+00	 1.2142e+01	 1.0037e+00	 1.2136e+01	 1.0022e+00
1.1171e+01	 1.0166e+00	 1.2133e+01	 1.0037e+00	 1.2127e+01	 1.0032e+00
1.1181e+01	 1.0167e+00	 1.2125e+01	 1.0037e+00	 1.2118e+01	 1.0019e+00
1.1191e+01	 1.0169e+00	 1.2116e+01	 1.0037e+00	 1.2110e+01	 1.0033e+00
1.1201e+01	 1.0170e+00	 1.2107e+01	 1.0037e+00	 1.2101e+01	 1.0024e+00
1.1211e+01	 1.0171e+00	 1.2099e+01	 1.0037e+00	 1.2093e+01	 1.0031e+00
1.1221e+01	 1.0173e+00	 1.2090e+01	 1.0037e+00	 1.2084e+01	 1.0017e+00
1.1230e+01	 1.0174e+00	 1.2082e+01	 1.0037e+00	 1.2075e+01	 1.0017e+00
1.1240e+01	 1.0175e+00	 1.2073e+01	 1.0037e+00	 1.2067e+01	 1.0028e+00
1.1250e+01	 1.0176e+00	 1.2064e+01	 1.0038e+00	 1.2058e+01	 1.0028e+00
1.1260e+01	 1.0178e+00	 1.2056e+01	 1.0038e+00	 1.2050e+01	 1.0035e+00
1.1270e+01	 1.0179e+00	 1.2047e+01	 1.0038e+00	 1.2041e+01	 1.0021e+00
1.1280e+01	 1.0180e+00	 1.2039e+01	 1.0037e+00	 1.2032e+01	 1.0034e+00
1.1290e+01	 1.0181e+00	 1.2030e+01	 1.0037e+00	 1.2024e+01	 1.0022e+00
1.1300e+01	 1.0182e+00	 1.2021e+01	 1.0036e+00	 1.2015e+01	 1.0026e+00
1.1310e+01	 1.0183e+00	 1.2013e+01	 1.0036e+00	 1.2007e+01	 1.0022e+00
1.1320e+01	 1.0183e+00	 1.2004e+01	 1.0037e+00	 1.1998e+01	 1.0023e+00
1.1330e+01	 1.0185e+00	 1.1996e+01	 1.0037e+00	 1.1990e+01	 1.0034e+00
1.1340e+01	 1.0185e+00	 1.1987e+01	 1.0037e+00	 1.1981e+01	 1.0027e+00
1.1350e+01	 1.0186e+00	 1.1979e+01	 1.0037e+00	 1.1973e+01	 1.0035e+00
1.1360e+01	 1.0186e+00	 1.1970e+01	 1.0038e+00	 1.1964e+01	 1.0019e+00
1.1370e+01	 1.0187e+00	 1.1962e+01	 1.0038e+00	 1.1956e+01	 1.0026e+00
1.1379e+01	 1.0187e+00	 1.1953e+01	 1.0038e+00	 1.1947e+01	 1.0017e+00
1.1389e+01	 1.0187e+00	 1.1945e+01	 1.0037e+00	 1.1938e+01	 1.0024e+00
1.1399e+01	 1.0188e+00	 1.1936e+01	 1.0036e+00	 1.1930e+01	 1.0057e+00
1.1409e+01	 1.0188e+00	 1.1928e+01	 1.0035e+00	 1.1922e+01	 1.0154e+00
1.1419e+01	 1.0189e+00	 1.1919e+01	 1.0035e+00	 1.1913e+01	 1.0160e+00
1.1430e+01	 1.0189e+00	 1.1911e+01	 1.0034e+00	 1.1904e+01	 1.0064e+00
1.1440e+01	 1.0190e+00	 1.1902e+01	 1.0034e+00	 1.1896e+01	 1.0074e+00
1.1450e+01	 1.0190e+00	 1.1894e+01	 1.0034e+00	 1.1888e+01	 1.0106e+00
1.1460e+01	 1.0190e+00	 1.1885e+01	 1.0034e+00	 1.1879e+01	 1.0032e+00
1.1470e+01	 1.0191e+00	 1.1877e+01	 1.0033e+00	 1.1871e+01	 9.9937e-01
1.1480e+01	 1.0190e+00	 1.1868e+01	 1.0033e+00	 1.1862e+01	 1.0062e+00
1.1490e+01	 1.0191e+00	 1.1860e+01	 1.0033e+00	 1.1854e+01	 9.9948e-01
1.1500e+01	 1.0191e+00	 1.1851e+01	 1.0034e+00	 1.1845e+01	 9.9790e-01
1.1510e+01	 1.0191e+00	 1.1843e+01	 1.0035e+00	 1.1837e+01	 9.9974e-01
1.1520e+01	 1.0191e+00	 1.1834e+01	 1.0035e+00	 1.1828e+01	 9.9933e-01
1.1530e+01	 1.0191e+00	 1.1826e+01	 1.0035e+00	 1.1820e+01	 9.9948e-01
1.1540e+01	 1.0191e+00	 1.1817e+01	 1.0034e+00	 1.1811e+01	 9.9580e-01
1.1550e+01	 1.0190e+00	 1.1809e+01	 1.0033e+00	 1.1803e+01	 9.9889e-01
1.1560e+01	 1.0190e+00	 1.1801e+01	 1.0032e+00	 1.1795e+01	 1.0045e+00
1.1571e+01	 1.0189e+00	 1.1792e+01	 1.0032e+00	 1.1786e+01	 1.0073e+00
1.1581e+01	 1.0189e+00	 1.1784e+01	 1.0034e+00	 1.1778e+01	 1.0039e+00
1.1591e+01	 1.0189e+00	 1.1775e+01	 1.0035e+00	 1.1769e+01	 9.9893e-01
1.1601e+01	 1.0188e+00	 1.1767e+01	 1.0036e+00	 1.1761e+01	 9.9860e-01
1.1611e+01	 1.0188e+00	 1.1759e+01	 1.0036e+00	 1.1753e+01	 9.9830e-01
1.1621e+01	 1.0187e+00	 1.1750e+01	 1.0035e+00	 1.1744e+01	 1.0002e+00
1.1632e+01	 1.0187e+00	 1.1742e+01	 1.0034e+00	 1.1736e+01	 1.0014e+00
1.1642e+01	 1.0186e+00	 1.1733e+01	 1.0034e+00	 1.1727e+01	 1.0014e+00
1.1652e+01	 1.0186e+00	 1.1725e+01	 1.0033e+00	 1.1719e+01	 9.9933e-01
1.1662e+01	 1.0186e+00	 1.1717e+01	 1.0033e+00	 1.1711e+01	 1.0003e+00
1.1672e+01	 1.0185e+00	 1.1708e+01	 1.0032e+00	 1.1702e+01	 1.0010e+00
1.1683e+01	 1.0186e+00	 1.1700e+01	 1.0032e+00	 1.1694e+01	 1.0007e+00
1.1693e+01	 1.0185e+00	 1.1692e+01	 1.0032e+00	 1.1686e+01	 1.0023e+00
1.1703e+01	 1.0186e+00	 1.1683e+01	 1.0033e+00	 1.1677e+01	 1.0009e+00
1.1713e+01	 1.0186e+00	 1.1675e+01	 1.0033e+00	 1.1669e+01	 1.0015e+00
1.1724e+01	 1.0186e+00	 1.1667e+01	 1.0034e+00	 1.1661e+01	 1.0004e+00
1.1734e+01	 1.0187e+00	 1.1658e+01	 1.0034e+00	 1.1652e+01	 1.0012e+00
1.1744e+01	 1.0187e+00	 1.1650e+01	 1.0033e+00	 1.1644e+01	 1.0011e+00
1.1755e+01	 1.0188e+00	 1.1642e+01	 1.0033e+00	 1.1636e+01	 1.0010e+00
1.1765e+01	 1.0188e+00	 1.1633e+01	 1.0032e+00	 1.1627e+01	 1.0022e+00
1.1775e+01	 1.0189e+00	 1.1625e+01	 1.0032e+00	 1.1619e+01	 1.0010e+00
1.1786e+01	 1.0189e+00	 1.1617e+01	 1.0032e+00	 1.1611e+01	 1.0021e+00
1.1796e+01	 1.0190e+00	 1.1608e+01	 1.0032e+00	 1.1602e+01	 1.0008e+00
1.1806e+01	 1.0190e+00	 1.1600e+01	 1.0033e+00	 1.1594e+01	 1.0024e+00
1.1816e+01	 1.0191e+00	 1.1592e+01	 1.0033e+00	 1.1586e+01	 1.0025e+00
1.1827e+01	 1.0192e+00	 1.1584e+01	 1.0033e+00	 1.1578e+01	 1.0014e+00
1.1837e+01	 1.0192e+00	 1.1575e+01	 1.0033e+00	 1.1569e+01	 1.0010e+00
1.1848e+01	 1.0193e+00	 1.1567e+01	 1.0032e+00	 1.1561e+01	 1.0017e+00
1.1858e+01	 1.0194e+00	 1.1559e+01	 1.0032e+00	 1.1553e+01	 1.0024e+00
1.1868e+01	 1.0195e+00	 1.1551e+01	 1.0032e+00	 1.1545e+01	 1.0012e+00
1.1879e+01	 1.0195e+00	 1.1542e+01	 1.0032e+00	 1.1536e+01	 1.0033e+00
1.1889e+01	 1.0196e+00	 1.1534e+01	 1.0033e+00	 1.1528e+01	 1.0014e+00
1.1899e+01	 1.0197e+00	 1.1526e+01	 1.0032e+00	 1.1520e+01	 1.0010e+00
1.1910e+01	 1.0197e+00	 1.1518e+01	 1.0032e+00	 1.1512e+01	 1.0017e+00
1.1920e+01	 1.0199e+00	 1.1509e+01	 1.0032e+00	 1.1503e+01	 1.0021e+00
1.1931e+01	 1.0199e+00	 1.1501e+01	 1.0032e+00	 1.1495e+01	 1.0022e+00
1.1941e+01	 1.0200e+00	 1.1493e+01	 1.0033e+00	 1.1487e+01	 1.0014e+00
1.1952e+01	 1.0201e+00	 1.1485e+01	 1.0033e+00	 1.1479e+01	 1.0026e+00
1.1962e+01	 1.0201e+00	 1.1476e+01	 1.0034e+00	 1.1471e+01	 1.0011e+00
1.1973e+01	 1.0202e+00	 1.1468e+01	 1.0034e+00	 1.1462e+01	 1.0025e+00
1.1983e+01	 1.0202e+00	 1.1460e+01	 1.0033e+00	 1.1454e+01	 1.0026e+00
1.1993e+01	 1.0203e+00	 1.1452e+01	 1.0032e+00	 1.1446e+01	 1.0033e+00
1.2004e+01	 1.0203e+00	 1.1444e+01	 1.0031e+00	 1.1438e+01	 1.0022e+00
1.2014e+01	 1.0204e+00	 1.1436e+01	 1.0030e+00	 1.1430e+01	 1.0019e+00
1.2025e+01	 1.0204e+00	 1.1427e+01	 1.0030e+00	 1.1422e+01	 1.0029e+00
1.2036e+01	 1.0204e+00	 1.1419e+01	 1.0031e+00	 1.1413e+01	 1.0017e+00
1.2046e+01	 1.0205e+00	 1.1411e+01	 1.0031e+00	 1.1405e+01	 1.0030e+00
1.2056e+01	 1.0205e+00	 1.1403e+01	 1.0031e+00	 1.1397e+01	 1.0017e+00
1.2067e+01	 1.0205e+00	 1.1395e+01	 1.0031e+00	 1.1389e+01	 1.0017e+00
1.2078e+01	 1.0205e+00	 1.1387e+01	 1.0031e+00	 1.1381e+01	 1.0012e+00
1.2088e+01	 1.0206e+00	 1.1378e+01	 1.0031e+00	 1.1373e+01	 1.0019e+00
1.2099e+01	 1.0205e+00	 1.1370e+01	 1.0031e+00	 1.1365e+01	 1.0015e+00
1.2109e+01	 1.0206e+00	 1.1362e+01	 1.0031e+00	 1.1356e+01	 1.0015e+00
1.2120e+01	 1.0206e+00	 1.1354e+01	 1.0031e+00	 1.1348e+01	 1.0025e+00
1.2130e+01	 1.0206e+00	 1.1346e+01	 1.0031e+00	 1.1340e+01	 1.0010e+00
1.2141e+01	 1.0207e+00	 1.1338e+01	 1.0031e+00	 1.1332e+01	 1.0022e+00
1.2152e+01	 1.0206e+00	 1.1330e+01	 1.0032e+00	 1.1324e+01	 1.0011e+00
1.2162e+01	 1.0207e+00	 1.1322e+01	 1.0032e+00	 1.1316e+01	 1.0018e+00
1.2173e+01	 1.0207e+00	 1.1314e+01	 1.0032e+00	 1.1308e+01	 1.0010e+00
1.2184e+01	 1.0207e+00	 1.1305e+01	 1.0031e+00	 1.1300e+01	 1.0014e+00
1.2194e+01	 1.0207e+00	 1.1297e+01	 1.0030e+00	 1.1292e+01	 1.0013e+00
1.2205e+01	 1.0207e+00	 1.1289e+01	 1.0029e+00	 1.1284e+01	 1.0008e+00
1.2216e+01	 1.0208e+00	 1.1281e+01	 1.0029e+00	 1.1276e+01	 1.0028e+00
1.2226e+01	 1.0207e+00	 1.1273e+01	 1.0029e+00	 1.1267e+01	 1.0015e+00
1.2237e+01	 1.0208e+00	 1.1265e+01	 1.0029e+00	 1.1259e+01	 1.0025e+00
1.2248e+01	 1.0208e+00	 1.1257e+01	 1.0030e+00	 1.1251e+01	 1.0014e+00
1.2258e+01	 1.0208e+00	 1.1249e+01	 1.0030e+00	 1.1243e+01	 1.0016e+00
1.2269e+01	 1.0208e+00	 1.1241e+01	 1.0030e+00	 1.1235e+01	 1.0013e+00
1.2280e+01	 1.0207e+00	 1.1233e+01	 1.0029e+00	 1.1227e+01	 1.0021e+00
1.2290e+01	 1.0208e+00	 1.1225e+01	 1.0029e+00	 1.1219e+01	 1.0025e+00
1.2301e+01	 1.0207e+00	 1.1217e+01	 1.0028e+00	 1.1211e+01	 1.0013e+00
1.2312e+01	 1.0207e+00	 1.1209e+01	 1.0028e+00	 1.1203e+01	 1.0022e+00
1.2323e+01	 1.0206e+00	 1.1201e+01	 1.0029e+00	 1.1195e+01	 1.0008e+00
1.2333e+01	 1.0206e+00	 1.1193e+01	 1.0029e+00	 1.1187e+01	 1.0020e+00
1.2344e+01	 1.0205e+00	 1.1185e+01	 1.0030e+00	 1.1179e+01	 1.0019e+00
1.2355e+01	 1.0204e+00	 1.1177e+01	 1.0031e+00	 1.1171e+01	 1.0022e+00
1.2366e+01	 1.0204e+00	 1.1169e+01	 1.0032e+00	 1.1163e+01	 1.0016e+00
1.2376e+01	 1.0203e+00	 1.1161e+01	 1.0032e+00	 1.1155e+01	 1.0014e+00
1.2387e+01	 1.0203e+00	 1.1153e+01	 1.0032e+00	 1.1147e+01	 1.0024e+00
1.2398e+01	 1.0201e+00	 1.1145e+01	 1.0032e+00	 1.1139e+01	 1.0010e+00
1.2409e+01	 1.0201e+00	 1.1137e+01	 1.0031e+00	 1.1131e+01	 1.0022e+00
1.2420e+01	 1.0200e+00	 1.1129e+01	 1.0031e+00	 1.1123e+01	 1.0015e+00
1.2431e+01	 1.0200e+00	 1.1121e+01	 1.0030e+00	 1.1115e+01	 1.0029e+00
1.2441e+01	 1.0200e+00	 1.1113e+01	 1.0030e+00	 1.1107e+01	 1.0013e+00
1.2452e+01	 1.0199e+00	 1.1105e+01	 1.0030e+00	 1.1099e+01	 1.0013e+00
1.2463e+01	 1.0199e+00	 1.1097e+01	 1.0030e+00	 1.1091e+01	 1.0019e+00
1.2474e+01	 1.0198e+00	 1.1089e+01	 1.0029e+00	 1.1084e+01	 1.0017e+00
1.2485e+01	 1.0199e+00	 1.1081e+01	 1.0029e+00	 1.1076e+01	 1.0018e+00
1.2496e+01	 1.0198e+00	 1.1073e+01	 1.0029e+00	 1.1068e+01	 1.0003e+00
1.2507e+01	 1.0198e+00	 1.1065e+01	 1.0030e+00	 1.1060e+01	 1.0017e+00
1.2517e+01	 1.0199e+00	 1.1058e+01	 1.0030e+00	 1.1052e+01	 1.0011e+00
1.2528e+01	 1.0198e+00	 1.1050e+01	 1.0030e+00	 1.1044e+01	 1.0025e+00
1.2539e+01	 1.0199e+00	 1.1042e+01	 1.0029e+00	 1.1036e+01	 1.0018e+00
1.2550e+01	 1.0199e+00	 1.1034e+01	 1.0029e+00	 1.1028e+01	 1.0017e+00
1.2561e+01	 1.0200e+00	 1.1026e+01	 1.0029e+00	 1.1020e+01	 1.0012e+00
1.2572e+01	 1.0200e+00	 1.1018e+01	 1.0029e+00	 1.1012e+01	 1.0010e+00
1.2583e+01	 1.0201e+00	 1.1010e+01	 1.0029e+00	 1.1004e+01	 1.0022e+00
1.2594e+01	 1.0202e+00	 1.1002e+01	 1.0029e+00	 1.0997e+01	 1.0006e+00
1.2605e+01	 1.0202e+00	 1.0994e+01	 1.0029e+00	 1.0989e+01	 1.0022e+00
1.2616e+01	 1.0203e+00	 1.0986e+01	 1.0029e+00	 1.0981e+01	 1.0013e+00
1.2627e+01	 1.0203e+00	 1.0979e+01	 1.0029e+00	 1.0973e+01	 1.0021e+00
1.2638e+01	 1.0204e+00	 1.0971e+01	 1.0029e+00	 1.0965e+01	 1.0020e+00
1.2649e+01	 1.0205e+00	 1.0963e+01	 1.0029e+00	 1.0957e+01	 1.0012e+00
1.2660e+01	 1.0205e+00	 1.0955e+01	 1.0029e+00	 1.0949e+01	 1.0013e+00
1.2671e+01	 1.0206e+00	 1.0947e+01	 1.0029e+00	 1.0942e+01	 1.0008e+00
1.2682e+01	 1.0206e+00	 1.0939e+01	 1.0028e+00	 1.0934e+01	 1.0027e+00
1.2693e+01	 1.0207e+00	 1.0932e+01	 1.0028e+00	 1.0926e+01	 1.0014e+00
1.2704e+01	 1.0207e+00	 1.0924e+01	 1.0028e+00	 1.0918e+01	 1.0019e+00
1.2715e+01	 1.0208e+00	 1.0916e+01	 1.0028e+00	 1.0910e+01	 1.0007e+00
1.2726e+01	 1.0207e+00	 1.0908e+01	 1.0028e+00	 1.0902e+01	 1.0012e+00
1.2737e+01	 1.0208e+00	 1.0900e+01	 1.0028e+00	 1.0895e+01	 1.0014e+00
1.2748e+01	 1.0208e+00	 1.0892e+01	 1.0028e+00	 1.0887e+01	 1.0015e+00
1.2759e+01	 1.0207e+00	 1.0885e+01	 1.0028e+00	 1.0879e+01	 1.0023e+00
1.2771e+01	 1.0208e+00	 1.0877e+01	 1.0028e+00	 1.0871e+01	 1.0012e+00
1.2782e+01	 1.0207e+00	 1.0869e+01	 1.0027e+00	 1.0864e+01	 1.0022e+00
1.2793e+01	 1.0208e+00	 1.0861e+01	 1.0027e+00	 1.0856e+01	 1.0012e+00
1.2804e+01	 1.0207e+00	 1.0854e+01	 1.0027e+00	 1.0848e+01	 1.0021e+00
1.2815e+01	 1.0207e+00	 1.0846e+01	 1.0027e+00	 1.0840e+01	 1.0012e+00
1.2826e+01	 1.0207e+00	 1.0838e+01	 1.0028e+00	 1.0832e+01	 1.0012e+00
1.2837e+01	 1.0207e+00	 1.0830e+01	 1.0028e+00	 1.0825e+01	 1.0011e+00
1.2848e+01	 1.0208e+00	 1.0822e+01	 1.0029e+00	 1.0817e+01	 1.0002e+00
1.2860e+01	 1.0207e+00	 1.0815e+01	 1.0029e+00	 1.0809e+01	 1.0014e+00
1.2871e+01	 1.0208e+00	 1.0807e+01	 1.0029e+00	 1.0801e+01	 1.0013e+00
1.2882e+01	 1.0208e+00	 1.0799e+01	 1.0028e+00	 1.0794e+01	 1.0024e+00
1.2893e+01	 1.0209e+00	 1.0791e+01	 1.0028e+00	 1.0786e+01	 1.0010e+00
1.2905e+01	 1.0209e+00	 1.0784e+01	 1.0028e+00	 1.0778e+01	 1.0018e+00
1.2916e+01	 1.0210e+00	 1.0776e+01	 1.0027e+00	 1.0771e+01	 1.0011e+00
1.2927e+01	 1.0211e+00	 1.0768e+01	 1.0027e+00	 1.0763e+01	 1.0009e+00
1.2938e+01	 1.0211e+00	 1.0761e+01	 1.0027e+00	 1.0755e+01	 1.0014e+00
1.2949e+01	 1.0212e+00	 1.0753e+01	 1.0028e+00	 1.0747e+01	 1.0008e+00
1.2961e+01	 1.0213e+00	 1.0745e+01	 1.0028e+00	 1.0740e+01	 1.0019e+00
1.2972e+01	 1.0214e+00	 1.0737e+01	 1.0029e+00	 1.0732e+01	 1.0009e+00
1.2983e+01	 1.0215e+00	 1.0730e+01	 1.0029e+00	 1.0724e+01	 1.0023e+00
1.2995e+01	 1.0215e+00	 1.0722e+01	 1.0028e+00	 1.0717e+01	 1.0009e+00
1.3006e+01	 1.0217e+00	 1.0714e+01	 1.0028e+00	 1.0709e+01	 1.0012e+00
1.3017e+01	 1.0217e+00	 1.0707e+01	 1.0027e+00	 1.0701e+01	 1.0009e+00
1.3028e+01	 1.0219e+00	 1.0699e+01	 1.0027e+00	 1.0694e+01	 1.0008e+00
1.3040e+01	 1.0220e+00	 1.0691e+01	 1.0026e+00	 1.0686e+01	 1.0013e+00
1.3051e+01	 1.0221e+00	 1.0684e+01	 1.0026e+00	 1.0678e+01	 1.0009e+00
1.3062e+01	 1.0222e+00	 1.0676e+01	 1.0026e+00	 1.0671e+01	 1.0017e+00
1.3074e+01	 1.0223e+00	 1.0668e+01	 1.0026e+00	 1.0663e+01	 1.0002e+00
1.3085e+01	 1.0225e+00	 1.0661e+01	 1.0026e+00	 1.0655e+01	 1.0022e+00
1.3096e+01	 1.0226e+00	 1.0653e+01	 1.0026e+00	 1.0648e+01	 1.0014e+00
1.3108e+01	 1.0228e+00	 1.0645e+01	 1.0026e+00	 1.0640e+01	 1.0016e+00
1.3119e+01	 1.0228e+00	 1.0638e+01	 1.0026e+00	 1.0632e+01	 1.0017e+00
1.3131e+01	 1.0230e+00	 1.0630e+01	 1.0026e+00	 1.0625e+01	 1.0014e+00
1.3142e+01	 1.0231e+00	 1.0623e+01	 1.0026e+00	 1.0617e+01	 1.0017e+00
1.3153e+01	 1.0232e+00	 1.0615e+01	 1.0026e+00	 1.0610e+01	 1.0008e+00
1.3165e+01	 1.0233e+00	 1.0607e+01	 1.0025e+00	 1.0602e+01	 1.0022e+00
1.3176e+01	 1.0233e+00	 1.0600e+01	 1.0025e+00	 1.0594e+01	 1.0003e+00
1.3188e+01	 1.0235e+00	 1.0592e+01	 1.0025e+00	 1.0587e+01	 1.0010e+00
1.3199e+01	 1.0235e+00	 1.0585e+01	 1.0025e+00	 1.0579e+01	 1.0006e+00
1.3211e+01	 1.0235e+00	 1.0577e+01	 1.0025e+00	 1.0572e+01	 1.0006e+00
1.3222e+01	 1.0236e+00	 1.0569e+01	 1.0024e+00	 1.0564e+01	 1.0006e+00
1.3233e+01	 1.0236e+00	 1.0562e+01	 1.0024e+00	 1.0556e+01	 1.0000e+00
1.3245e+01	 1.0237e+00	 1.0554e+01	 1.0024e+00	 1.0549e+01	 1.0007e+00
1.3256e+01	 1.0236e+00	 1.0547e+01	 1.0025e+00	 1.0541e+01	 9.9941e-01
1.3268e+01	 1.0237e+00	 1.0539e+01	 1.0026e+00	 1.0534e+01	 1.0012e+00
1.3279e+01	 1.0237e+00	 1.0532e+01	 1.0026e+00	 1.0526e+01	 1.0009e+00
1.3291e+01	 1.0237e+00	 1.0524e+01	 1.0026e+00	 1.0519e+01	 1.0015e+00
1.3303e+01	 1.0237e+00	 1.0516e+01	 1.0026e+00	 1.0511e+01	 1.0000e+00
1.3314e+01	 1.0237e+00	 1.0509e+01	 1.0026e+00	 1.0504e+01	 1.0008e+00
1.3326e+01	 1.0237e+00	 1.0501e+01	 1.0025e+00	 1.0496e+01	 1.0021e+00
1.3337e+01	 1.0237e+00	 1.0494e+01	 1.0025e+00	 1.0488e+01	 1.0008e+00
1.3349e+01	 1.0237e+00	 1.0486e+01	 1.0025e+00	 1.0481e+01	 1.0013e+00
1.3360e+01	 1.0236e+00	 1.0479e+01	 1.0025e+00	 1.0473e+01	 9.9992e-01
1.3372e+01	 1.0236e+00	 1.0471e+01	 1.0026e+00	 1.0466e+01	 1.0011e+00
1.3383e+01	 1.0236e+00	 1.0464e+01	 1.0026e+00	 1.0458e+01	 1.0001e+00
1.3395e+01	 1.0235e+00	 1.0456e+01	 1.0025e+00	 1.0451e+01	 1.0008e+00
1.3407e+01	 1.0235e+00	 1.0449e+01	 1.0025e+00	 1.0443e+01	 1.0003e+00
1.3418e+01	 1.0234e+00	 1.0441e+01	 1.0025e+00	 1.0436e+01	 1.0003e+00
1.3430e+01	 1.0235e+00	 1.0434e+01	 1.0026e+00	 1.0428e+01	 1.0011e+00
1.3441e+01	 1.0234e+00	 1.0426e+01	 1.0026e+00	 1.0421e+01	 9.9978e-01
1.3453e+01	 1.0234e+00	 1.0419e+01	 1.0025e+00	 1.0413e+01	 1.0011e+00
1.3465e+01	 1.0234e+00	 1.0411e+01	 1.0025e+00	 1.0406e+01	 1.0001e+00
1.3476e+01	 1.0234e+00	 1.0404e+01	 1.0025e+00	 1.0398e+01	 1.0007e+00
1.3488e+01	 1.0234e+00	 1.0396e+01	 1.0025e+00	 1.0391e+01	 9.9952e-01
1.3500e+01	 1.0233e+00	 1.0389e+01	 1.0025e+00	 1.0384e+01	 1.0004e+00
1.3511e+01	 1.0234e+00	 1.0381e+01	 1.0025e+00	 1.0376e+01	 1.0002e+00
1.3523e+01	 1.0233e+00	 1.0374e+01	 1.0024e+00	 1.0369e+01	 9.9974e-01
1.3535e+01	 1.0234e+00	 1.0367e+01	 1.0024e+00	 1.0361e+01	 1.0007e+00
1.3547e+01	 1.0233e+00	 1.0359e+01	 1.0023e+00	 1.0354e+01	 9.9952e-01
1.3558e+01	 1.0234e+00	 1.0352e+01	 1.0022e+00	 1.0346e+01	 1.0008e+00
1.3570e+01	 1.0234e+00	 1.0344e+01	 1.0022e+00	 1.0339e+01	 9.9952e-01
1.3582e+01	 1.0234e+00	 1.0337e+01	 1.0022e+00	 1.0331e+01	 1.0007e+00
1.3594e+01	 1.0235e+00	 1.0329e+01	 1.0022e+00	 1.0324e+01	 1.0003e+00
1.3605e+01	 1.0234e+00	 1.0322e+01	 1.0023e+00	 1.0317e+01	 1.0004e+00
1.3617e+01	 1.0235e+00	 1.0315e+01	 1.0023e+00	 1.0309e+01	 1.0003e+00
1.3629e+01	 1.0235e+00	 1.0307e+01	 1.0023e+00	 1.0302e+01	 9.9941e-01
1.3641e+01	 1.0236e+00	 1.0300e+01	 1.0023e+00	 1.0294e+01	 1.0003e+00
1.3652e+01	 1.0237e+00	 1.0292e+01	 1.0023e+00	 1.0287e+01	 9.9955e-01
1.3664e+01	 1.0237e+00	 1.0285e+01	 1.0024e+00	 1.0280e+01	 1.0010e+00
1.3676e+01	 1.0238e+00	 1.0278e+01	 1.0024e+00	 1.0272e+01	 1.0000e+00
1.3688e+01	 1.0238e+00	 1.0270e+01	 1.0025e+00	 1.0265e+01	 1.0009e+00
1.3700e+01	 1.0239e+00	 1.0263e+01	 1.0025e+00	 1.0258e+01	 1.0004e+00
1.3712e+01	 1.0239e+00	 1.0255e+01	 1.0024e+00	 1.0250e+01	 9.9959e-01
1.3723e+01	 1.0240e+00	 1.0248e+01	 1.0023e+00	 1.0243e+01	 1.0002e+00
1.3735e+01	 1.0240e+00	 1.0241e+01	 1.0023e+00	 1.0235e+01	 9.9992e-01
1.3747e+01	 1.0240e+00	 1.0233e+01	 1.0022e+00	 1.0228e+01	 1.0009e+00
1.3759e+01	 1.0241e+00	 1.0226e+01	 1.0022e+00	 1.0221e+01	 9.9955e-01
1.3771e+01	 1.0241e+00	 1.0219e+01	 1.0022e+00	 1.0213e+01	 1.0007e+00
1.3783e+01	 1.0242e+00	 1.0211e+01	 1.0022e+00	 1.0206e+01	 9.9967e-01
1.3795e+01	 1.0241e+00	 1.0204e+01	 1.0022e+00	 1.0199e+01	 1.0006e+00
1.3807e+01	 1.0242e+00	 1.0197e+01	 1.0022e+00	 1.0191e+01	 1.0005e+00
1.3819e+01	 1.0242e+00	 1.0189e+01	 1.0023e+00	 1.0184e+01	 1.0003e+00
1.3831e+01	 1.0242e+00	 1.0182e+01	 1.0023e+00	 1.0177e+01	 1.0008e+00
1.3843e+01	 1.0243e+00	 1.0175e+01	 1.0023e+00	 1.0169e+01	 1.0000e+00
1.3855e+01	 1.0242e+00	 1.0167e+01	 1.0023e+00	 1.0162e+01	 1.0012e+00
1.3867e+01	 1.0243e+00	 1.0160e+01	 1.0023e+00	 1.0155e+01	 9.9952e-01
1.3879e+01	 1.0243e+00	 1.0153e+01	 1.0023e+00	 1.0147e+01	 1.0009e+00
1.3890e+01	 1.0243e+00	 1.0145e+01	 1.0023e+00	 1.0140e+01	 1.0001e+00
1.3902e+01	 1.0243e+00	 1.0138e+01	 1.0023e+00	 1.0133e+01	 1.0002e+00
1.3915e+01	 1.0243e+00	 1.0131e+01	 1.0023e+00	 1.0126e+01	 1.0004e+00
1.3927e+01	 1.0244e+00	 1.0124e+01	 1.0022e+00	 1.0118e+01	 9.9989e-01
1.3938e+01	 1.0244e+00	 1.0116e+01	 1.0021e+00	 1.0111e+01	 1.0003e+00
1.3951e+01	 1.0244e+00	 1.0109e+01	 1.0021e+00	 1.0104e+01	 9.9974e-01
1.3963e+01	 1.0244e+00	 1.0102e+01	 1.0022e+00	 1.0097e+01	 1.0011e+00
1.3975e+01	 1.0245e+00	 1.0094e+01	 1.0026e+00	 1.0089e+01	 1.0008e+00
1.3987e+01	 1.0245e+00	 1.0087e+01	 1.0031e+00	 1.0082e+01	 1.0056e+00
1.3999e+01	 1.0246e+00	 1.0080e+01	 1.0035e+00	 1.0075e+01	 1.0049e+00
1.4011e+01	 1.0247e+00	 1.0073e+01	 1.0034e+00	 1.0068e+01	 9.9215e-01
1.4023e+01	 1.0247e+00	 1.0065e+01	 1.0029e+00	 1.0060e+01	 9.9473e-01
1.4035e+01	 1.0248e+00	 1.0058e+01	 1.0023e+00	 1.0053e+01	 9.9617e-01
1.4047e+01	 1.0248e+00	 1.0051e+01	 1.0019e+00	 1.0046e+01	 9.9602e-01
1.4059e+01	 1.0249e+00	 1.0044e+01	 1.0018e+00	 1.0039e+01	 1.0102e+00
1.4072e+01	 1.0249e+00	 1.0037e+01	 1.0020e+00	 1.0031e+01	 1.0068e+00
1.4084e+01	 1.0250e+00	 1.0029e+01	 1.0023e+00	 1.0024e+01	 1.0057e+00
1.4096e+01	 1.0250e+00	 1.0022e+01	 1.0026e+00	 1.0017e+01	 1.0026e+00
1.4108e+01	 1.0250e+00	 1.0015e+01	 1.0027e+00	 1.0010e+01	 9.9642e-01
1.4120e+01	 1.0251e+00	 1.0008e+01	 1.0027e+00	 1.0003e+01	 9.9952e-01
1.4132e+01	 1.0251e+00	 1.0001e+01	 1.0026e+00	 9.9954e+00	 1.0035e+00
1.4145e+01	 1.0252e+00	 9.9933e+00	 1.0024e+00	 9.9882e+00	 1.0022e+00
1.4157e+01	 1.0252e+00	 9.9861e+00	 1.0022e+00	 9.9810e+00	 9.9955e-01
1.4169e+01	 1.0252e+00	 9.9789e+00	 1.0021e+00	 9.9738e+00	 1.0005e+00
1.4181e+01	 1.0253e+00	 9.9718e+00	 1.0021e+00	 9.9667e+00	 1.0031e+00
1.4193e+01	 1.0252e+00	 9.9646e+00	 1.0022e+00	 9.9595e+00	 1.0003e+00
1.4206e+01	 1.0253e+00	 9.9574e+00	 1.0023e+00	 9.9523e+00	 1.0013e+00
1.4218e+01	 1.0253e+00	 9.9503e+00	 1.0023e+00	 9.9451e+00	 1.0005e+00
1.4230e+01	 1.0253e+00	 9.9431e+00	 1.0023e+00	 9.9380e+00	 9.9635e-01
1.4242e+01	 1.0253e+00	 9.9360e+00	 1.0023e+00	 9.9309e+00	 9.9646e-01
1.4255e+01	 1.0253e+00	 9.9288e+00	 1.0022e+00	 9.9237e+00	 9.9808e-01
1.4267e+01	 1.0254e+00	 9.9217e+00	 1.0022e+00	 9.9166e+00	 9.9911e-01
1.4279e+01	 1.0253e+00	 9.9145e+00	 1.0021e+00	 9.9094e+00	 9.9631e-01
1.4291e+01	 1.0254e+00	 9.9074e+00	 1.0021e+00	 9.9023e+00	 9.9845e-01
1.4304e+01	 1.0254e+00	 9.9003e+00	 1.0021e+00	 9.8952e+00	 9.9959e-01
1.4316e+01	 1.0254e+00	 9.8932e+00	 1.0021e+00	 9.8881e+00	 1.0015e+00
1.4328e+01	 1.0254e+00	 9.8860e+00	 1.0022e+00	 9.8810e+00	 1.0009e+00
1.4341e+01	 1.0254e+00	 9.8789e+00	 1.0022e+00	 9.8738e+00	 9.9845e-01
1.4353e+01	 1.0254e+00	 9.8718e+00	 1.0022e+00	 9.8667e+00	 9.9723e-01
1.4365e+01	 1.0254e+00	 9.8647e+00	 1.0022e+00	 9.8596e+00	 9.9447e-01
1.4378e+01	 1.0255e+00	 9.8576e+00	 1.0022e+00	 9.8526e+00	 9.9885e-01
1.4390e+01	 1.0254e+00	 9.8505e+00	 1.0022e+00	 9.8455e+00	 1.0012e+00
1.4403e+01	 1.0255e+00	 9.8434e+00	 1.0022e+00	 9.8384e+00	 1.0017e+00
1.4415e+01	 1.0255e+00	 9.8363e+00	 1.0022e+00	 9.8313e+00	 1.0017e+00
1.4427e+01	 1.0256e+00	 9.8293e+00	 1.0022e+00	 9.8242e+00	 1.0011e+00
1.4440e+01	 1.0256e+00	 9.8222e+00	 1.0021e+00	 9.8171e+00	 1.0002e+00
1.4452e+01	 1.0256e+00	 9.8151e+00	 1.0021e+00	 9.8100e+00	 9.9731e-01
1.4465e+01	 1.0257e+00	 9.8080e+00	 1.0021e+00	 9.8030e+00	 9.9797e-01
1.4477e+01	 1.0257e+00	 9.8010e+00	 1.0020e+00	 9.7959e+00	 1.0000e+00
1.4490e+01	 1.0259e+00	 9.7939e+00	 1.0020e+00	 9.7889e+00	 1.0015e+00
1.4502e+01	 1.0259e+00	 9.7868e+00	 1.0020e+00	 9.7818e+00	 1.0004e+00
1.4514e+01	 1.0260e+00	 9.7798e+00	 1.0021e+00	 9.7748e+00	 9.9955e-01
1.4527e+01	 1.0260e+00	 9.7728e+00	 1.0021e+00	 9.7677e+00	 9.9885e-01
1.4540e+01	 1.0261e+00	 9.7657e+00	 1.0021e+00	 9.7607e+00	 9.9911e-01
1.4552e+01	 1.0262e+00	 9.7586e+00	 1.0021e+00	 9.7536e+00	 9.9970e-01
1.4565e+01	 1.0262e+00	 9.7516e+00	 1.0020e+00	 9.7466e+00	 9.9952e-01
1.4577e+01	 1.0264e+00	 9.7446e+00	 1.0019e+00	 9.7396e+00	 1.0003e+00
1.4590e+01	 1.0264e+00	 9.7376e+00	 1.0018e+00	 9.7326e+00	 9.9900e-01
1.4602e+01	 1.0265e+00	 9.7305e+00	 1.0018e+00	 9.7255e+00	 9.9967e-01
1.4615e+01	 1.0266e+00	 9.7235e+00	 1.0018e+00	 9.7185e+00	 9.9948e-01
1.4627e+01	 1.0266e+00	 9.7165e+00	 1.0018e+00	 9.7115e+00	 9.9955e-01
1.4640e+01	 1.0267e+00	 9.7095e+00	 1.0019e+00	 9.7045e+00	 9.9897e-01
1.4652e+01	 1.0267e+00	 9.7025e+00	 1.0019e+00	 9.6975e+00	 9.9996e-01
1.4665e+01	 1.0269e+00	 9.6955e+00	 1.0019e+00	 9.6906e+00	 1.0004e+00
1.4678e+01	 1.0269e+00	 9.6886e+00	 1.0019e+00	 9.6836e+00	 9.9838e-01
1.4690e+01	 1.0270e+00	 9.6816e+00	 1.0020e+00	 9.6766e+00	 9.9978e-01
1.4703e+01	 1.0270e+00	 9.6746e+00	 1.0020e+00	 9.6696e+00	 9.9922e-01
1.4715e+01	 1.0271e+00	 9.6676e+00	 1.0020e+00	 9.6626e+00	 9.9996e-01
1.4728e+01	 1.0272e+00	 9.6606e+00	 1.0020e+00	 9.6557e+00	 9.9874e-01
1.4741e+01	 1.0272e+00	 9.6537e+00	 1.0020e+00	 9.6487e+00	 9.9948e-01
1.4753e+01	 1.0274e+00	 9.6467e+00	 1.0020e+00	 9.6418e+00	 9.9996e-01
1.4766e+01	 1.0274e+00	 9.6398e+00	 1.0021e+00	 9.6348e+00	 9.9893e-01
1.4779e+01	 1.0275e+00	 9.6328e+00	 1.0021e+00	 9.6278e+00	 9.9937e-01
1.4791e+01	 1.0275e+00	 9.6259e+00	 1.0021e+00	 9.6209e+00	 9.9908e-01
1.4804e+01	 1.0275e+00	 9.6189e+00	 1.0021e+00	 9.6140e+00	 1.0004e+00
1.4817e+01	 1.0276e+00	 9.6120e+00	 1.0021e+00	 9.6070e+00	 9.9893e-01
1.4829e+01	 1.0276e+00	 9.6051e+00	 1.0020e+00	 9.6001e+00	 9.9992e-01
1.4842e+01	 1.0277e+00	 9.5981e+00	 1.0020e+00	 9.5932e+00	 9.9930e-01
1.4855e+01	 1.0276e+00	 9.5912e+00	 1.0019e+00	 9.5863e+00	 9.9959e-01
1.4868e+01	 1.0277e+00	 9.5843e+00	 1.0018e+00	 9.5793e+00	 9.9978e-01
1.4880e+01	 1.0277e+00	 9.5774e+00	 1.0018e+00	 9.5724e+00	 9.9834e-01
1.4893e+01	 1.0277e+00	 9.5705e+00	 1.0019e+00	 9.5655e+00	 9.9933e-01
1.4906e+01	 1.0278e+00	 9.5636e+00	 1.0019e+00	 9.5586e+00	 9.9908e-01
1.4919e+01	 1.0278e+00	 9.5567e+00	 1.0019e+00	 9.5517e+00	 1.0009e+00
1.4932e+01	 1.0279e+00	 9.5498e+00	 1.0020e+00	 9.5449e+00	 9.9963e-01
1.4944e+01	 1.0278e+00	 9.5429e+00	 1.0020e+00	 9.5380e+00	 1.0002e+00
1.4957e+01	 1.0279e+00	 9.5360e+00	 1.0019e+00	 9.5311e+00	 9.9941e-01
1.4970e+01	 1.0279e+00	 9.5291e+00	 1.0019e+00	 9.5242e+00	 9.9874e-01
1.4983e+01	 1.0280e+00	 9.5222e+00	 1.0019e+00	 9.5173e+00	 9.9955e-01
1.4996e+01	 1.0280e+00	 9.5154e+00	 1.0019e+00	 9.5105e+00	 9.9834e-01
1.5009e+01	 1.0280e+00	 9.5085e+00	 1.0019e+00	 9.5036e+00	 9.9955e-01
1.5021e+01	 1.0281e+00	 9.5017e+00	 1.0019e+00	 9.4968e+00	 9.9893e-01
1.5034e+01	 1.0281e+00	 9.4948e+00	 1.0018e+00	 9.4899e+00	 9.9944e-01
1.5047e+01	 1.0282e+00	 9.4880e+00	 1.0018e+00	 9.4831e+00	 9.9874e-01
1.5060e+01	 1.0282e+00	 9.4811e+00	 1.0018e+00	 9.4762e+00	 9.9944e-01
1.5073e+01	 1.0283e+00	 9.4743e+00	 1.0018e+00	 9.4694e+00	 9.9926e-01
1.5086e+01	 1.0284e+00	 9.4675e+00	 1.0017e+00	 9.4626e+00	 9.9911e-01
1.5099e+01	 1.0284e+00	 9.4606e+00	 1.0016e+00	 9.4557e+00	 9.9989e-01
1.5112e+01	 1.0286e+00	 9.4538e+00	 1.0016e+00	 9.4489e+00	 9.9867e-01
1.5125e+01	 1.0286e+00	 9.4470e+00	 1.0016e+00	 9.4421e+00	 1.0000e+00
1.5138e+01	 1.0287e+00	 9.4402e+00	 1.0017e+00	 9.4353e+00	 9.9871e-01
1.5151e+01	 1.0287e+00	 9.4333e+00	 1.0018e+00	 9.4285e+00	 9.9974e-01
1.5164e+01	 1.0288e+00	 9.4265e+00	 1.0019e+00	 9.4217e+00	 9.9871e-01
1.5177e+01	 1.0289e+00	 9.4197e+00	 1.0020e+00	 9.4149e+00	 9.9967e-01
1.5190e+01	 1.0289e+00	 9.4129e+00	 1.0020e+00	 9.4081e+00	 9.9989e-01
1.5203e+01	 1.0290e+00	 9.4062e+00	 1.0019e+00	 9.4013e+00	 9.9849e-01
1.5216e+01	 1.0289e+00	 9.3994e+00	 1.0018e+00	 9.3945e+00	 9.9908e-01
1.5229e+01	 1.0290e+00	 9.3926e+00	 1.0018e+00	 9.3878e+00	 9.9815e-01
1.5242e+01	 1.0290e+00	 9.3858e+00	 1.0018e+00	 9.3810e+00	 9.9989e-01
1.5255e+01	 1.0290e+00	 9.3790e+00	 1.0018e+00	 9.3742e+00	 9.9897e-01
1.5268e+01	 1.0290e+00	 9.3723e+00	 1.0018e+00	 9.3674e+00	 9.9981e-01
1.5281e+01	 1.0290e+00	 9.3655e+00	 1.0018e+00	 9.3607e+00	 9.9967e-01
1.5294e+01	 1.0290e+00	 9.3587e+00	 1.0018e+00	 9.3539e+00	 9.9926e-01
1.5307e+01	 1.0289e+00	 9.3520e+00	 1.0017e+00	 9.3472e+00	 9.9878e-01
1.5320e+01	 1.0289e+00	 9.3452e+00	 1.0016e+00	 9.3404e+00	 9.9856e-01
1.5333e+01	 1.0288e+00	 9.3385e+00	 1.0016e+00	 9.3337e+00	 9.9989e-01
1.5346e+01	 1.0289e+00	 9.3318e+00	 1.0016e+00	 9.3269e+00	 9.9885e-01
1.5360e+01	 1.0289e+00	 9.3250e+00	 1.0017e+00	 9.3202e+00	 1.0002e+00
1.5373e+01	 1.0288e+00	 9.3183e+00	 1.0018e+00	 9.3135e+00	 9.9871e-01
1.5386e+01	 1.0289e+00	 9.3116e+00	 1.0019e+00	 9.3068e+00	 9.9863e-01
1.5399e+01	 1.0288e+00	 9.3048e+00	 1.0019e+00	 9.3000e+00	 9.9863e-01
1.5412e+01	 1.0289e+00	 9.2981e+00	 1.0019e+00	 9.2933e+00	 9.9885e-01
1.5425e+01	 1.0289e+00	 9.2914e+00	 1.0018e+00	 9.2866e+00	 9.9959e-01
1.5438e+01	 1.0289e+00	 9.2847e+00	 1.0017e+00	 9.2799e+00	 9.9922e-01
1.5452e+01	 1.0290e+00	 9.2780e+00	 1.0017e+00	 9.2732e+00	 1.0003e+00
1.5465e+01	 1.0290e+00	 9.2713e+00	 1.0017e+00	 9.2665e+00	 9.9926e-01
1.5478e+01	 1.0291e+00	 9.2646e+00	 1.0017e+00	 9.2598e+00	 1.0000e+00
1.5491e+01	 1.0291e+00	 9.2579e+00	 1.0017e+00	 9.2531e+00	 9.9845e-01
1.5505e+01	 1.0292e+00	 9.2512e+00	 1.0017e+00	 9.2464e+00	 9.9874e-01
1.5518e+01	 1.0292e+00	 9.2445e+00	 1.0017e+00	 9.2397e+00	 9.9874e-01
1.5531e+01	 1.0293e+00	 9.2378e+00	 1.0016e+00	 9.2331e+00	 9.9900e-01
1.5544e+01	 1.0293e+00	 9.2312e+00	 1.0016e+00	 9.2264e+00	 9.9941e-01
1.5558e+01	 1.0293e+00	 9.2245e+00	 1.0016e+00	 9.2197e+00	 9.9893e-01
1.5571e+01	 1.0294e+00	 9.2178e+00	 1.0016e+00	 9.2131e+00	 1.0000e+00
1.5584e+01	 1.0294e+00	 9.2112e+00	 1.0016e+00	 9.2064e+00	 9.9860e-01
1.5598e+01	 1.0295e+00	 9.2045e+00	 1.0017e+00	 9.1998e+00	 1.0000e+00
1.5611e+01	 1.0294e+00	 9.1979e+00	 1.0017e+00	 9.1931e+00	 9.9926e-01
1.5624e+01	 1.0295e+00	 9.1912e+00	 1.0018e+00	 9.1865e+00	 9.9893e-01
1.5637e+01	 1.0295e+00	 9.1846e+00	 1.0018e+00	 9.1799e+00	 9.9922e-01
1.5651e+01	 1.0295e+00	 9.1780e+00	 1.0017e+00	 9.1732e+00	 9.9963e-01
1.5664e+01	 1.0296e+00	 9.1713e+00	 1.0016e+00	 9.1666e+00	 1.0009e+00
1.5678e+01	 1.0296e+00	 9.1647e+00	 1.0016e+00	 9.1600e+00	 9.9878e-01
1.5691e+01	 1.0297e+00	 9.1581e+00	 1.0016e+00	 9.1534e+00	 1.0000e+00
1.5704e+01	 1.0297e+00	 9.1515e+00	 1.0016e+00	 9.1468e+00	 9.9863e-01
1.5718e+01	 1.0298e+00	 9.1449e+00	 1.0016e+00	 9.1402e+00	 9.9930e-01
1.5731e+01	 1.0298e+00	 9.1383e+00	 1.0016e+00	 9.1335e+00	 9.9897e-01
1.5745e+01	 1.0299e+00	 9.1317e+00	 1.0016e+00	 9.1270e+00	 9.9944e-01
1.5758e+01	 1.0300e+00	 9.1251e+00	 1.0017e+00	 9.1204e+00	 9.9989e-01
1.5771e+01	 1.0300e+00	 9.1185e+00	 1.0017e+00	 9.1138e+00	 9.9874e-01
1.5785e+01	 1.0301e+00	 9.1119e+00	 1.0016e+00	 9.1072e+00	 9.9967e-01
1.5798e+01	 1.0302e+00	 9.1053e+00	 1.0016e+00	 9.1006e+00	 9.9815e-01
1.5812e+01	 1.0303e+00	 9.0987e+00	 1.0015e+00	 9.0940e+00	 9.9989e-01
1.5825e+01	 1.0304e+00	 9.0921e+00	 1.0015e+00	 9.0875e+00	 9.9915e-01
1.5839e+01	 1.0305e+00	 9.0856e+00	 1.0014e+00	 9.0809e+00	 9.9948e-01
1.5852e+01	 1.0306e+00	 9.0790e+00	 1.0015e+00	 9.0743e+00	 9.9911e-01
1.5866e+01	 1.0306e+00	 9.0724e+00	 1.0015e+00	 9.0678e+00	 9.9911e-01
1.5879e+01	 1.0308e+00	 9.0659e+00	 1.0016e+00	 9.0612e+00	 9.9948e-01
1.5893e+01	 1.0308e+00	 9.0593e+00	 1.0016e+00	 9.0547e+00	 9.9819e-01
1.5906e+01	 1.0310e+00	 9.0528e+00	 1.0016e+00	 9.0481e+00	 9.9989e-01
1.5920e+01	 1.0311e+00	 9.0463e+00	 1.0016e+00	 9.0416e+00	 9.9937e-01
1.5933e+01	 1.0312e+00	 9.0397e+00	 1.0016e+00	 9.0351e+00	 1.0000e+00
1.5947e+01	 1.0313e+00	 9.0332e+00	 1.0016e+00	 9.0285e+00	 9.9882e-01
1.5961e+01	 1.0314e+00	 9.0267e+00	 1.0016e+00	 9.0220e+00	 9.9989e-01
1.5974e+01	 1.0315e+00	 9.0202e+00	 1.0016e+00	 9.0155e+00	 9.9948e-01
1.5988e+01	 1.0315e+00	 9.0137e+00	 1.0017e+00	 9.0090e+00	 9.9856e-01
1.6001e+01	 1.0317e+00	 9.0071e+00	 1.0017e+00	 9.0025e+00	 9.9978e-01
1.6015e+01	 1.0317e+00	 9.0006e+00	 1.0017e+00	 8.9960e+00	 9.9871e-01
1.6029e+01	 1.0318e+00	 8.9941e+00	 1.0016e+00	 8.9895e+00	 1.0003e+00
1.6042e+01	 1.0319e+00	 8.9876e+00	 1.0016e+00	 8.9830e+00	 9.9900e-01
1.6056e+01	 1.0319e+00	 8.9811e+00	 1.0016e+00	 8.9765e+00	 9.9941e-01
1.6070e+01	 1.0321e+00	 8.9747e+00	 1.0016e+00	 8.9700e+00	 9.9834e-01
1.6083e+01	 1.0320e+00	 8.9682e+00	 1.0015e+00	 8.9635e+00	 9.9915e-01
1.6097e+01	 1.0322e+00	 8.9617e+00	 1.0015e+00	 8.9571e+00	 9.9959e-01
1.6111e+01	 1.0321e+00	 8.9552e+00	 1.0014e+00	 8.9506e+00	 9.9867e-01
1.6124e+01	 1.0322e+00	 8.9487e+00	 1.0014e+00	 8.9441e+00	 9.9985e-01
1.6138e+01	 1.0323e+00	 8.9423e+00	 1.0014e+00	 8.9377e+00	 9.9849e-01
1.6152e+01	 1.0323e+00	 8.9358e+00	 1.0014e+00	 8.9312e+00	 9.9904e-01
1.6166e+01	 1.0324e+00	 8.9294e+00	 1.0014e+00	 8.9247e+00	 9.9823e-01
1.6179e+01	 1.0323e+00	 8.9229e+00	 1.0015e+00	 8.9183e+00	 9.9941e-01
1.6193e+01	 1.0324e+00	 8.9164e+00	 1.0015e+00	 8.9118e+00	 9.9926e-01
1.6207e+01	 1.0323e+00	 8.9100e+00	 1.0015e+00	 8.9054e+00	 9.9926e-01
1.6221e+01	 1.0323e+00	 8.9036e+00	 1.0015e+00	 8.8990e+00	 9.9967e-01
1.6234e+01	 1.0323e+00	 8.8971e+00	 1.0015e+00	 8.8925e+00	 9.9937e-01
1.6248e+01	 1.0322e+00	 8.8907e+00	 1.0015e+00	 8.8861e+00	 1.0003e+00
1.6262e+01	 1.0322e+00	 8.8843e+00	 1.0016e+00	 8.8797e+00	 9.9812e-01
1.6276e+01	 1.0321e+00	 8.8779e+00	 1.0016e+00	 8.8733e+00	 9.9978e-01
1.6290e+01	 1.0321e+00	 8.8714e+00	 1.0016e+00	 8.8669e+00	 9.9904e-01
1.6303e+01	 1.0320e+00	 8.8650e+00	 1.0016e+00	 8.8605e+00	 9.9893e-01
1.6317e+01	 1.0320e+00	 8.8586e+00	 1.0016e+00	 8.8540e+00	 9.9904e-01
1.6331e+01	 1.0319e+00	 8.8522e+00	 1.0016e+00	 8.8476e+00	 9.9900e-01
1.6345e+01	 1.0318e+00	 8.8458e+00	 1.0015e+00	 8.8413e+00	 9.9911e-01
1.6359e+01	 1.0317e+00	 8.8394e+00	 1.0014e+00	 8.8349e+00	 9.9790e-01
1.6373e+01	 1.0316e+00	 8.8330e+00	 1.0014e+00	 8.8285e+00	 9.9963e-01
1.6387e+01	 1.0316e+00	 8.8266e+00	 1.0014e+00	 8.8221e+00	 9.9830e-01
1.6401e+01	 1.0315e+00	 8.8203e+00	 1.0014e+00	 8.8157e+00	 9.9948e-01
1.6415e+01	 1.0315e+00	 8.8139e+00	 1.0014e+00	 8.8093e+00	 9.9922e-01
1.6428e+01	 1.0315e+00	 8.8075e+00	 1.0014e+00	 8.8030e+00	 9.9941e-01
1.6442e+01	 1.0315e+00	 8.8011e+00	 1.0014e+00	 8.7966e+00	 9.9919e-01
1.6456e+01	 1.0315e+00	 8.7948e+00	 1.0015e+00	 8.7902e+00	 9.9893e-01
1.6470e+01	 1.0315e+00	 8.7884e+00	 1.0015e+00	 8.7839e+00	 9.9992e-01
1.6484e+01	 1.0316e+00	 8.7821e+00	 1.0015e+00	 8.7775e+00	 9.9874e-01
1.6498e+01	 1.0316e+00	 8.7757e+00	 1.0015e+00	 8.7712e+00	 9.9967e-01
1.6512e+01	 1.0317e+00	 8.7694e+00	 1.0014e+00	 8.7648e+00	 9.9823e-01
1.6526e+01	 1.0317e+00	 8.7630e+00	 1.0014e+00	 8.7585e+00	 9.9904e-01
1.6540e+01	 1.0318e+00	 8.7567e+00	 1.0014e+00	 8.7522e+00	 9.9878e-01
1.6554e+01	 1.0319e+00	 8.7503e+00	 1.0014e+00	 8.7458e+00	 9.9952e-01
1.6569e+01	 1.0319e+00	 8.7440e+00	 1.0014e+00	 8.7395e+00	 9.9955e-01
1.6582e+01	 1.0320e+00	 8.7377e+00	 1.0013e+00	 8.7332e+00	 9.9897e-01
1.6597e+01	 1.0320e+00	 8.7314e+00	 1.0013e+00	 8.7268e+00	 9.9996e-01
1.6611e+01	 1.0322e+00	 8.7250e+00	 1.0013e+00	 8.7205e+00	 9.9823e-01
1.6625e+01	 1.0322e+00	 8.7187e+00	 1.0013e+00	 8.7142e+00	 9.9941e-01
1.6639e+01	 1.0323e+00	 8.7124e+00	 1.0014e+00	 8.7079e+00	 9.9804e-01
1.6653e+01	 1.0325e+00	 8.7061e+00	 1.0014e+00	 8.7016e+00	 9.9933e-01
1.6667e+01	 1.0325e+00	 8.6998e+00	 1.0015e+00	 8.6953e+00	 9.9926e-01
1.6681e+01	 1.0327e+00	 8.6935e+00	 1.0015e+00	 8.6890e+00	 9.9904e-01
1.6695e+01	 1.0328e+00	 8.6872e+00	 1.0014e+00	 8.6827e+00	 9.9952e-01
1.6709e+01	 1.0330e+00	 8.6809e+00	 1.0014e+00	 8.6765e+00	 9.9882e-01
1.6724e+01	 1.0331e+00	 8.6747e+00	 1.0013e+00	 8.6702e+00	 9.9930e-01
1.6738e+01	 1.0332e+00	 8.6684e+00	 1.0013e+00	 8.6639e+00	 9.9812e-01
1.6752e+01	 1.0334e+00	 8.6621e+00	 1.0013e+00	 8.6576e+00	 9.9937e-01
1.6766e+01	 1.0335e+00	 8.6558e+00	 1.0013e+00	 8.6514e+00	 9.9823e-01
1.6780e+01	 1.0337e+00	 8.6496e+00	 1.0013e+00	 8.6451e+00	 9.9871e-01
1.6795e+01	 1.0337e+00	 8.6433e+00	 1.0014e+00	 8.6388e+00	 9.9878e-01
1.6809e+01	 1.0339e+00	 8.6371e+00	 1.0014e+00	 8.6326e+00	 9.9863e-01
1.6823e+01	 1.0340e+00	 8.6308e+00	 1.0014e+00	 8.6263e+00	 9.9889e-01
1.6837e+01	 1.0341e+00	 8.6245e+00	 1.0014e+00	 8.6201e+00	 9.9742e-01
1.6852e+01	 1.0342e+00	 8.6183e+00	 1.0013e+00	 8.6138e+00	 9.9897e-01
1.6866e+01	 1.0342e+00	 8.6121e+00	 1.0013e+00	 8.6076e+00	 9.9849e-01
1.6880e+01	 1.0344e+00	 8.6058e+00	 1.0013e+00	 8.6014e+00	 9.9989e-01
1.6894e+01	 1.0344e+00	 8.5996e+00	 1.0013e+00	 8.5952e+00	 9.9885e-01
1.6909e+01	 1.0345e+00	 8.5934e+00	 1.0013e+00	 8.5889e+00	 9.9889e-01
1.6923e+01	 1.0345e+00	 8.5872e+00	 1.0013e+00	 8.5827e+00	 9.9904e-01
1.6937e+01	 1.0345e+00	 8.5809e+00	 1.0013e+00	 8.5765e+00	 9.9812e-01
1.6952e+01	 1.0345e+00	 8.5747e+00	 1.0013e+00	 8.5703e+00	 9.9863e-01
1.6966e+01	 1.0345e+00	 8.5685e+00	 1.0013e+00	 8.5641e+00	 9.9793e-01
1.6980e+01	 1.0346e+00	 8.5623e+00	 1.0013e+00	 8.5579e+00	 9.9952e-01
1.6995e+01	 1.0345e+00	 8.5561e+00	 1.0013e+00	 8.5517e+00	 9.9838e-01
1.7009e+01	 1.0346e+00	 8.5499e+00	 1.0012e+00	 8.5455e+00	 9.9933e-01
1.7023e+01	 1.0346e+00	 8.5437e+00	 1.0012e+00	 8.5393e+00	 9.9867e-01
1.7038e+01	 1.0347e+00	 8.5376e+00	 1.0012e+00	 8.5331e+00	 9.9915e-01
1.7052e+01	 1.0347e+00	 8.5314e+00	 1.0012e+00	 8.5270e+00	 9.9908e-01
1.7067e+01	 1.0347e+00	 8.5252e+00	 1.0012e+00	 8.5208e+00	 9.9804e-01
1.7081e+01	 1.0348e+00	 8.5190e+00	 1.0012e+00	 8.5146e+00	 9.9948e-01
1.7096e+01	 1.0348e+00	 8.5129e+00	 1.0012e+00	 8.5085e+00	 9.9904e-01
1.7110e+01	 1.0349e+00	 8.5067e+00	 1.0012e+00	 8.5023e+00	 1.0001e+00
1.7124e+01	 1.0349e+00	 8.5005e+00	 1.0012e+00	 8.4961e+00	 9.9834e-01
1.7139e+01	 1.0350e+00	 8.4944e+00	 1.0012e+00	 8.4900e+00	 9.9874e-01
1.7153e+01	 1.0351e+00	 8.4882e+00	 1.0012e+00	 8.4838e+00	 9.9841e-01
1.7168e+01	 1.0351e+00	 8.4821e+00	 1.0013e+00	 8.4777e+00	 9.9838e-01
1.7182e+01	 1.0352e+00	 8.4759e+00	 1.0012e+00	 8.4715e+00	 9.9937e-01
1.7197e+01	 1.0352e+00	 8.4698e+00	 1.0012e+00	 8.4654e+00	 9.9838e-01
1.7211e+01	 1.0353e+00	 8.4637e+00	 1.0012e+00	 8.4593e+00	 9.9919e-01
1.7226e+01	 1.0353e+00	 8.4575e+00	 1.0013e+00	 8.4532e+00	 9.9797e-01
1.7240e+01	 1.0354e+00	 8.4514e+00	 1.0013e+00	 8.4470e+00	 9.9930e-01
1.7255e+01	 1.0354e+00	 8.4453e+00	 1.0013e+00	 8.4409e+00	 9.9812e-01
1.7270e+01	 1.0354e+00	 8.4392e+00	 1.0013e+00	 8.4348e+00	 9.9827e-01
1.7284e+01	 1.0355e+00	 8.4330e+00	 1.0013e+00	 8.4287e+00	 9.9867e-01
1.7299e+01	 1.0354e+00	 8.4269e+00	 1.0012e+00	 8.4226e+00	 9.9882e-01
1.7313e+01	 1.0355e+00	 8.4208e+00	 1.0011e+00	 8.4165e+00	 9.9937e-01
1.7328e+01	 1.0354e+00	 8.4147e+00	 1.0011e+00	 8.4104e+00	 9.9808e-01
1.7343e+01	 1.0355e+00	 8.4086e+00	 1.0011e+00	 8.4043e+00	 9.9919e-01
1.7357e+01	 1.0355e+00	 8.4025e+00	 1.0011e+00	 8.3982e+00	 9.9790e-01
1.7372e+01	 1.0355e+00	 8.3965e+00	 1.0012e+00	 8.3921e+00	 9.9885e-01
1.7386e+01	 1.0356e+00	 8.3904e+00	 1.0011e+00	 8.3860e+00	 9.9801e-01
1.7401e+01	 1.0356e+00	 8.3843e+00	 1.0011e+00	 8.3800e+00	 9.9849e-01
1.7416e+01	 1.0357e+00	 8.3782e+00	 1.0011e+00	 8.3739e+00	 9.9889e-01
1.7430e+01	 1.0356e+00	 8.3722e+00	 1.0011e+00	 8.3678e+00	 9.9841e-01
1.7445e+01	 1.0357e+00	 8.3661e+00	 1.0010e+00	 8.3618e+00	 9.9904e-01
1.7460e+01	 1.0357e+00	 8.3600e+00	 1.0010e+00	 8.3557e+00	 9.9745e-01
1.7475e+01	 1.0358e+00	 8.3540e+00	 1.0010e+00	 8.3496e+00	 9.9933e-01
1.7489e+01	 1.0358e+00	 8.3479e+00	 1.0011e+00	 8.3436e+00	 9.9849e-01
1.7504e+01	 1.0358e+00	 8.3419e+00	 1.0011e+00	 8.3376e+00	 9.9933e-01
1.7519e+01	 1.0359e+00	 8.3358e+00	 1.0011e+00	 8.3315e+00	 9.9897e-01
1.7534e+01	 1.0358e+00	 8.3298e+00	 1.0011e+00	 8.3255e+00	 9.9856e-01
1.7548e+01	 1.0359e+00	 8.3238e+00	 1.0011e+00	 8.3195e+00	 9.9863e-01
1.7563e+01	 1.0359e+00	 8.3178e+00	 1.0011e+00	 8.3135e+00	 9.9801e-01
1.7578e+01	 1.0359e+00	 8.3117e+00	 1.0011e+00	 8.3074e+00	 9.9904e-01
1.7593e+01	 1.0360e+00	 8.3057e+00	 1.0011e+00	 8.3014e+00	 9.9760e-01
1.7608e+01	 1.0359e+00	 8.2997e+00	 1.0011e+00	 8.2954e+00	 9.9841e-01
1.7622e+01	 1.0361e+00	 8.2937e+00	 1.0011e+00	 8.2894e+00	 9.9734e-01
1.7637e+01	 1.0360e+00	 8.2877e+00	 1.0011e+00	 8.2834e+00	 9.9897e-01
1.7652e+01	 1.0362e+00	 8.2817e+00	 1.0012e+00	 8.2774e+00	 9.9893e-01
1.7667e+01	 1.0362e+00	 8.2757e+00	 1.0012e+00	 8.2714e+00	 9.9874e-01
1.7682e+01	 1.0362e+00	 8.2697e+00	 1.0012e+00	 8.2654e+00	 9.9885e-01
1.7697e+01	 1.0363e+00	 8.2637e+00	 1.0011e+00	 8.2594e+00	 9.9797e-01
1.7712e+01	 1.0363e+00	 8.2577e+00	 1.0010e+00	 8.2534e+00	 9.9941e-01
1.7726e+01	 1.0365e+00	 8.2517e+00	 1.0010e+00	 8.2475e+00	 9.9812e-01
1.7741e+01	 1.0365e+00	 8.2457e+00	 1.0010e+00	 8.2415e+00	 9.9963e-01
1.7756e+01	 1.0366e+00	 8.2398e+00	 1.0011e+00	 8.2355e+00	 9.9908e-01
1.7771e+01	 1.0367e+00	 8.2338e+00	 1.0011e+00	 8.2296e+00	 9.9874e-01
1.7786e+01	 1.0368e+00	 8.2278e+00	 1.0012e+00	 8.2236e+00	 9.9841e-01
1.7801e+01	 1.0369e+00	 8.2219e+00	 1.0012e+00	 8.2176e+00	 9.9871e-01
1.7816e+01	 1.0369e+00	 8.2159e+00	 1.0012e+00	 8.2117e+00	 9.9919e-01
1.7831e+01	 1.0370e+00	 8.2100e+00	 1.0011e+00	 8.2057e+00	 9.9782e-01
1.7846e+01	 1.0369e+00	 8.2040e+00	 1.0011e+00	 8.1998e+00	 9.9871e-01
1.7861e+01	 1.0370e+00	 8.1981e+00	 1.0011e+00	 8.1938e+00	 9.9790e-01
1.7876e+01	 1.0370e+00	 8.1921e+00	 1.0011e+00	 8.1879e+00	 9.9915e-01
1.7891e+01	 1.0370e+00	 8.1862e+00	 1.0010e+00	 8.1819e+00	 9.9845e-01
1.7906e+01	 1.0370e+00	 8.1803e+00	 1.0010e+00	 8.1760e+00	 9.9878e-01
1.7921e+01	 1.0370e+00	 8.1743e+00	 1.0010e+00	 8.1701e+00	 9.9889e-01
1.7936e+01	 1.0370e+00	 8.1684e+00	 1.0010e+00	 8.1642e+00	 9.9823e-01
1.7951e+01	 1.0369e+00	 8.1625e+00	 1.0011e+00	 8.1582e+00	 9.9908e-01
1.7966e+01	 1.0370e+00	 8.1566e+00	 1.0012e+00	 8.1523e+00	 9.9815e-01
1.7981e+01	 1.0369e+00	 8.1506e+00	 1.0012e+00	 8.1464e+00	 9.9919e-01
1.7997e+01	 1.0369e+00	 8.1447e+00	 1.0012e+00	 8.1405e+00	 9.9790e-01
1.8012e+01	 1.0369e+00	 8.1388e+00	 1.0012e+00	 8.1346e+00	 9.9889e-01
1.8027e+01	 1.0369e+00	 8.1329e+00	 1.0012e+00	 8.1287e+00	 9.9852e-01
1.8042e+01	 1.0370e+00	 8.1270e+00	 1.0011e+00	 8.1228e+00	 9.9827e-01
1.8057e+01	 1.0369e+00	 8.1211e+00	 1.0011e+00	 8.1169e+00	 9.9889e-01
1.8072e+01	 1.0370e+00	 8.1152e+00	 1.0010e+00	 8.1110e+00	 9.9812e-01
1.8087e+01	 1.0370e+00	 8.1094e+00	 1.0010e+00	 8.1052e+00	 9.9937e-01
1.8102e+01	 1.0371e+00	 8.1035e+00	 1.0009e+00	 8.0993e+00	 9.9841e-01
1.8118e+01	 1.0372e+00	 8.0976e+00	 1.0009e+00	 8.0934e+00	 9.9959e-01
1.8133e+01	 1.0372e+00	 8.0917e+00	 1.0009e+00	 8.0876e+00	 9.9823e-01
1.8148e+01	 1.0374e+00	 8.0859e+00	 1.0010e+00	 8.0817e+00	 9.9841e-01
1.8163e+01	 1.0374e+00	 8.0800e+00	 1.0010e+00	 8.0758e+00	 9.9797e-01
1.8179e+01	 1.0376e+00	 8.0742e+00	 1.0010e+00	 8.0700e+00	 9.9793e-01
1.8194e+01	 1.0376e+00	 8.0683e+00	 1.0010e+00	 8.0641e+00	 9.9900e-01
1.8209e+01	 1.0377e+00	 8.0624e+00	 1.0009e+00	 8.0583e+00	 9.9834e-01
1.8224e+01	 1.0378e+00	 8.0566e+00	 1.0008e+00	 8.0524e+00	 9.9922e-01
1.8240e+01	 1.0379e+00	 8.0507e+00	 1.0008e+00	 8.0466e+00	 9.9782e-01
1.8255e+01	 1.0380e+00	 8.0449e+00	 1.0008e+00	 8.0407e+00	 9.9904e-01
1.8270e+01	 1.0380e+00	 8.0391e+00	 1.0009e+00	 8.0349e+00	 9.9786e-01
1.8285e+01	 1.0382e+00	 8.0332e+00	 1.0009e+00	 8.0291e+00	 9.9823e-01
1.8301e+01	 1.0382e+00	 8.0274e+00	 1.0010e+00	 8.0233e+00	 9.9827e-01
1.8316e+01	 1.0384e+00	 8.0216e+00	 1.0010e+00	 8.0174e+00	 9.9801e-01
1.8332e+01	 1.0384e+00	 8.0158e+00	 1.0011e+00	 8.0116e+00	 9.9908e-01
1.8347e+01	 1.0385e+00	 8.0100e+00	 1.0010e+00	 8.0058e+00	 9.9830e-01
1.8362e+01	 1.0386e+00	 8.0042e+00	 1.0010e+00	 8.0000e+00	 9.9963e-01
1.8378e+01	 1.0386e+00	 7.9984e+00	 1.0010e+00	 7.9942e+00	 9.9823e-01
1.8393e+01	 1.0388e+00	 7.9926e+00	 1.0010e+00	 7.9884e+00	 9.9915e-01
1.8409e+01	 1.0388e+00	 7.9868e+00	 1.0010e+00	 7.9826e+00	 9.9790e-01
1.8424e+01	 1.0389e+00	 7.9810e+00	 1.0009e+00	 7.9768e+00	 9.9793e-01
1.8439e+01	 1.0389e+00	 7.9752e+00	 1.0009e+00	 7.9710e+00	 9.9867e-01
1.8455e+01	 1.0389e+00	 7.9694e+00	 1.0009e+00	 7.9652e+00	 9.9871e-01
1.8470e+01	 1.0390e+00	 7.9636e+00	 1.0009e+00	 7.9595e+00	 9.9944e-01
1.8486e+01	 1.0390e+00	 7.9578e+00	 1.0009e+00	 7.9537e+00	 9.9801e-01
1.8501e+01	 1.0391e+00	 7.9520e+00	 1.0009e+00	 7.9479e+00	 9.9867e-01
1.8517e+01	 1.0390e+00	 7.9463e+00	 1.0010e+00	 7.9421e+00	 9.9771e-01
1.8532e+01	 1.0391e+00	 7.9405e+00	 1.0010e+00	 7.9364e+00	 9.9904e-01
1.8547e+01	 1.0391e+00	 7.9347e+00	 1.0010e+00	 7.9306e+00	 9.9871e-01
1.8563e+01	 1.0391e+00	 7.9290e+00	 1.0010e+00	 7.9249e+00	 9.9885e-01
1.8579e+01	 1.0391e+00	 7.9232e+00	 1.0010e+00	 7.9191e+00	 9.9941e-01
1.8594e+01	 1.0390e+00	 7.9175e+00	 1.0010e+00	 7.9134e+00	 9.9786e-01
1.8610e+01	 1.0391e+00	 7.9117e+00	 1.0010e+00	 7.9076e+00	 9.9849e-01
1.8625e+01	 1.0390e+00	 7.9060e+00	 1.0010e+00	 7.9019e+00	 9.9716e-01
1.8641e+01	 1.0391e+00	 7.9002e+00	 1.0009e+00	 7.8962e+00	 9.9893e-01
1.8656e+01	 1.0390e+00	 7.8945e+00	 1.0009e+00	 7.8904e+00	 9.9801e-01
1.8672e+01	 1.0390e+00	 7.8888e+00	 1.0009e+00	 7.8847e+00	 9.9882e-01
1.8688e+01	 1.0390e+00	 7.8831e+00	 1.0008e+00	 7.8790e+00	 9.9874e-01
1.8703e+01	 1.0390e+00	 7.8773e+00	 1.0008e+00	 7.8733e+00	 9.9775e-01
1.8719e+01	 1.0391e+00	 7.8716e+00	 1.0007e+00	 7.8675e+00	 9.9827e-01
1.8735e+01	 1.0390e+00	 7.8659e+00	 1.0007e+00	 7.8618e+00	 9.9768e-01
1.8750e+01	 1.0392e+00	 7.8602e+00	 1.0008e+00	 7.8561e+00	 9.9911e-01
1.8766e+01	 1.0392e+00	 7.8545e+00	 1.0008e+00	 7.8504e+00	 9.9779e-01
1.8781e+01	 1.0392e+00	 7.8488e+00	 1.0009e+00	 7.8447e+00	 9.9893e-01
1.8797e+01	 1.0393e+00	 7.8431e+00	 1.0009e+00	 7.8390e+00	 9.9779e-01
1.8813e+01	 1.0393e+00	 7.8374e+00	 1.0009e+00	 7.8333e+00	 9.9779e-01
1.8828e+01	 1.0395e+00	 7.8317e+00	 1.0009e+00	 7.8277e+00	 9.9804e-01
1.8844e+01	 1.0395e+00	 7.8260e+00	 1.0008e+00	 7.8220e+00	 9.9786e-01
1.8860e+01	 1.0397e+00	 7.8204e+00	 1.0008e+00	 7.8163e+00	 9.9900e-01
1.8876e+01	 1.0397e+00	 7.8147e+00	 1.0008e+00	 7.8106e+00	 9.9760e-01
1.8892e+01	 1.0398e+00	 7.8090e+00	 1.0009e+00	 7.8050e+00	 9.9926e-01
1.8907e+01	 1.0399e+00	 7.8034e+00	 1.0009e+00	 7.7993e+00	 9.9801e-01
1.8923e+01	 1.0400e+00	 7.7977e+00	 1.0009e+00	 7.7936e+00	 9.9867e-01
1.8939e+01	 1.0401e+00	 7.7920e+00	 1.0009e+00	 7.7880e+00	 9.9852e-01
1.8955e+01	 1.0401e+00	 7.7864e+00	 1.0009e+00	 7.7823e+00	 9.9830e-01
1.8970e+01	 1.0403e+00	 7.7807e+00	 1.0008e+00	 7.7767e+00	 9.9849e-01
1.8986e+01	 1.0403e+00	 7.7751e+00	 1.0008e+00	 7.7710e+00	 9.9790e-01
1.9002e+01	 1.0404e+00	 7.7694e+00	 1.0008e+00	 7.7654e+00	 9.9882e-01
1.9018e+01	 1.0405e+00	 7.7638e+00	 1.0008e+00	 7.7598e+00	 9.9764e-01
1.9034e+01	 1.0405e+00	 7.7581e+00	 1.0008e+00	 7.7541e+00	 9.9874e-01
1.9050e+01	 1.0406e+00	 7.7525e+00	 1.0008e+00	 7.7485e+00	 9.9712e-01
1.9066e+01	 1.0405e+00	 7.7469e+00	 1.0007e+00	 7.7429e+00	 9.9819e-01
1.9081e+01	 1.0406e+00	 7.7413e+00	 1.0007e+00	 7.7372e+00	 9.9874e-01
1.9097e+01	 1.0405e+00	 7.7356e+00	 1.0007e+00	 7.7316e+00	 9.9815e-01
1.9113e+01	 1.0406e+00	 7.7300e+00	 1.0008e+00	 7.7260e+00	 9.9823e-01
1.9129e+01	 1.0405e+00	 7.7244e+00	 1.0009e+00	 7.7204e+00	 9.9775e-01
1.9145e+01	 1.0405e+00	 7.7188e+00	 1.0009e+00	 7.7148e+00	 9.9889e-01
1.9161e+01	 1.0405e+00	 7.7132e+00	 1.0010e+00	 7.7092e+00	 9.9793e-01
1.9177e+01	 1.0404e+00	 7.7076e+00	 1.0010e+00	 7.7036e+00	 9.9974e-01
1.9193e+01	 1.0405e+00	 7.7020e+00	 1.0010e+00	 7.6980e+00	 9.9819e-01
1.9209e+01	 1.0404e+00	 7.6964e+00	 1.0010e+00	 7.6924e+00	 9.9801e-01
1.9225e+01	 1.0405e+00	 7.6908e+00	 1.0009e+00	 7.6868e+00	 9.9797e-01
1.9241e+01	 1.0405e+00	 7.6852e+00	 1.0009e+00	 7.6812e+00	 9.9849e-01
1.9257e+01	 1.0405e+00	 7.6796e+00	 1.0008e+00	 7.6757e+00	 9.9981e-01
1.9273e+01	 1.0405e+00	 7.6741e+00	 1.0008e+00	 7.6701e+00	 9.9830e-01
1.9289e+01	 1.0405e+00	 7.6685e+00	 1.0008e+00	 7.6645e+00	 9.9915e-01
1.9305e+01	 1.0407e+00	 7.6629e+00	 1.0008e+00	 7.6590e+00	 9.9801e-01
1.9321e+01	 1.0407e+00	 7.6574e+00	 1.0007e+00	 7.6534e+00	 9.9849e-01
1.9337e+01	 1.0408e+00	 7.6518e+00	 1.0007e+00	 7.6478e+00	 9.9779e-01
1.9353e+01	 1.0409e+00	 7.6462e+00	 1.0007e+00	 7.6423e+00	 9.9834e-01
1.9369e+01	 1.0409e+00	 7.6407e+00	 1.0008e+00	 7.6367e+00	 9.9823e-01
1.9385e+01	 1.0411e+00	 7.6351e+00	 1.0009e+00	 7.6312e+00	 9.9779e-01
1.9401e+01	 1.0411e+00	 7.6296e+00	 1.0008e+00	 7.6256e+00	 9.9878e-01
1.9418e+01	 1.0414e+00	 7.6240e+00	 1.0008e+00	 7.6201e+00	 9.9775e-01
1.9434e+01	 1.0414e+00	 7.6185e+00	 1.0008e+00	 7.6146e+00	 9.9904e-01
1.9450e+01	 1.0416e+00	 7.6130e+00	 1.0008e+00	 7.6090e+00	 9.9793e-01
1.9466e+01	 1.0417e+00	 7.6074e+00	 1.0007e+00	 7.6035e+00	 9.9897e-01
1.9482e+01	 1.0419e+00	 7.6019e+00	 1.0007e+00	 7.5980e+00	 9.9801e-01
1.9498e+01	 1.0420e+00	 7.5964e+00	 1.0006e+00	 7.5925e+00	 9.9790e-01
1.9515e+01	 1.0421e+00	 7.5909e+00	 1.0007e+00	 7.5869e+00	 9.9852e-01
1.9531e+01	 1.0423e+00	 7.5854e+00	 1.0007e+00	 7.5814e+00	 9.9768e-01
1.9547e+01	 1.0423e+00	 7.5799e+00	 1.0007e+00	 7.5759e+00	 9.9845e-01
1.9563e+01	 1.0424e+00	 7.5744e+00	 1.0007e+00	 7.5704e+00	 9.9760e-01
1.9579e+01	 1.0425e+00	 7.5689e+00	 1.0007e+00	 7.5649e+00	 9.9937e-01
1.9596e+01	 1.0425e+00	 7.5634e+00	 1.0007e+00	 7.5594e+00	 9.9790e-01
1.9612e+01	 1.0426e+00	 7.5579e+00	 1.0007e+00	 7.5539e+00	 9.9760e-01
1.9628e+01	 1.0426e+00	 7.5524e+00	 1.0007e+00	 7.5484e+00	 9.9734e-01
1.9645e+01	 1.0427e+00	 7.5469e+00	 1.0007e+00	 7.5430e+00	 9.9771e-01
1.9661e+01	 1.0426e+00	 7.5414e+00	 1.0008e+00	 7.5375e+00	 9.9900e-01
1.9677e+01	 1.0427e+00	 7.5359e+00	 1.0008e+00	 7.5320e+00	 9.9838e-01
1.9694e+01	 1.0427e+00	 7.5305e+00	 1.0007e+00	 7.5265e+00	 9.9900e-01
1.9710e+01	 1.0427e+00	 7.5250e+00	 1.0007e+00	 7.5211e+00	 9.9712e-01
1.9726e+01	 1.0428e+00	 7.5195e+00	 1.0007e+00	 7.5156e+00	 9.9841e-01
1.9743e+01	 1.0427e+00	 7.5140e+00	 1.0007e+00	 7.5101e+00	 9.9804e-01
1.9759e+01	 1.0428e+00	 7.5086e+00	 1.0007e+00	 7.5047e+00	 9.9885e-01
1.9775e+01	 1.0427e+00	 7.5031e+00	 1.0007e+00	 7.4992e+00	 9.9827e-01
1.9792e+01	 1.0428e+00	 7.4977e+00	 1.0007e+00	 7.4938e+00	 9.9760e-01
1.9808e+01	 1.0427e+00	 7.4922e+00	 1.0007e+00	 7.4883e+00	 9.9860e-01
1.9825e+01	 1.0428e+00	 7.4868e+00	 1.0007e+00	 7.4829e+00	 9.9753e-01
1.9841e+01	 1.0428e+00	 7.4813e+00	 1.0006e+00	 7.4774e+00	 9.9863e-01
1.9858e+01	 1.0428e+00	 7.4759e+00	 1.0006e+00	 7.4720e+00	 9.9764e-01
1.9874e+01	 1.0429e+00	 7.4705e+00	 1.0006e+00	 7.4666e+00	 9.9915e-01
1.9890e+01	 1.0429e+00	 7.4650e+00	 1.0006e+00	 7.4611e+00	 9.9827e-01
1.9907e+01	 1.0431e+00	 7.4596e+00	 1.0007e+00	 7.4557e+00	 9.9808e-01
1.9923e+01	 1.0431e+00	 7.4542e+00	 1.0007e+00	 7.4503e+00	 9.9845e-01
1.9940e+01	 1.0432e+00	 7.4488e+00	 1.0007e+00	 7.4449e+00	 9.9793e-01
1.9956e+01	 1.0433e+00	 7.4433e+00	 1.0006e+00	 7.4395e+00	 9.9874e-01
1.9973e+01	 1.0434e+00	 7.4379e+00	 1.0006e+00	 7.4341e+00	 9.9797e-01
1.9989e+01	 1.0436e+00	 7.4325e+00	 1.0006e+00	 7.4287e+00	 9.9933e-01
2.0006e+01	 1.0436e+00	 7.4271e+00	 1.0007e+00	 7.4233e+00	 9.9749e-01
2.0023e+01	 1.0437e+00	 7.4217e+00	 1.0006e+00	 7.4179e+00	 9.9808e-01
2.0039e+01	 1.0437e+00	 7.4163e+00	 1.0006e+00	 7.4125e+00	 9.9793e-01
2.0056e+01	 1.0438e+00	 7.4109e+00	 1.0006e+00	 7.4071e+00	 9.9808e-01
2.0072e+01	 1.0439e+00	 7.4055e+00	 1.0005e+00	 7.4017e+00	 9.9849e-01
2.0089e+01	 1.0439e+00	 7.4002e+00	 1.0006e+00	 7.3963e+00	 9.9801e-01
2.0105e+01	 1.0440e+00	 7.3948e+00	 1.0006e+00	 7.3909e+00	 9.9941e-01
2.0122e+01	 1.0440e+00	 7.3894e+00	 1.0007e+00	 7.3855e+00	 9.9808e-01
2.0139e+01	 1.0441e+00	 7.3840e+00	 1.0007e+00	 7.3802e+00	 9.9849e-01
2.0155e+01	 1.0440e+00	 7.3786e+00	 1.0007e+00	 7.3748e+00	 9.9720e-01
2.0172e+01	 1.0441e+00	 7.3733e+00	 1.0007e+00	 7.3694e+00	 9.9852e-01
2.0189e+01	 1.0441e+00	 7.3679e+00	 1.0007e+00	 7.3641e+00	 9.9845e-01
2.0206e+01	 1.0441e+00	 7.3626e+00	 1.0006e+00	 7.3587e+00	 9.9815e-01
2.0222e+01	 1.0442e+00	 7.3572e+00	 1.0007e+00	 7.3534e+00	 9.9908e-01
2.0239e+01	 1.0441e+00	 7.3518e+00	 1.0007e+00	 7.3480e+00	 9.9775e-01
2.0256e+01	 1.0443e+00	 7.3465e+00	 1.0007e+00	 7.3427e+00	 9.9871e-01
2.0272e+01	 1.0442e+00	 7.3411e+00	 1.0006e+00	 7.3373e+00	 9.9734e-01
2.0289e+01	 1.0443e+00	 7.3358e+00	 1.0006e+00	 7.3320e+00	 9.9885e-01
2.0306e+01	 1.0443e+00	 7.3305e+00	 1.0005e+00	 7.3267e+00	 9.9893e-01
2.0323e+01	 1.0443e+00	 7.3251e+00	 1.0005e+00	 7.3213e+00	 9.9944e-01
2.0339e+01	 1.0444e+00	 7.3198e+00	 1.0006e+00	 7.3160e+00	 9.9860e-01
2.0356e+01	 1.0444e+00	 7.3145e+00	 1.0006e+00	 7.3107e+00	 9.9749e-01
2.0373e+01	 1.0445e+00	 7.3092e+00	 1.0007e+00	 7.3054e+00	 9.9841e-01
2.0390e+01	 1.0445e+00	 7.3039e+00	 1.0007e+00	 7.3001e+00	 9.9757e-01
2.0407e+01	 1.0446e+00	 7.2985e+00	 1.0007e+00	 7.2948e+00	 9.9885e-01
2.0424e+01	 1.0446e+00	 7.2932e+00	 1.0006e+00	 7.2894e+00	 9.9749e-01
2.0440e+01	 1.0447e+00	 7.2879e+00	 1.0005e+00	 7.2841e+00	 9.9882e-01
2.0457e+01	 1.0448e+00	 7.2826e+00	 1.0005e+00	 7.2788e+00	 9.9801e-01
2.0474e+01	 1.0447e+00	 7.2773e+00	 1.0005e+00	 7.2736e+00	 9.9819e-01
2.0491e+01	 1.0449e+00	 7.2720e+00	 1.0005e+00	 7.2683e+00	 9.9856e-01
2.0508e+01	 1.0448e+00	 7.2668e+00	 1.0006e+00	 7.2630e+00	 9.9808e-01
2.0525e+01	 1.0449e+00	 7.2615e+00	 1.0005e+00	 7.2577e+00	 9.9889e-01
2.0542e+01	 1.0449e+00	 7.2562e+00	 1.0005e+00	 7.2524e+00	 9.9727e-01
2.0559e+01	 1.0449e+00	 7.2509e+00	 1.0005e+00	 7.2471e+00	 9.9882e-01
2.0576e+01	 1.0450e+00	 7.2456e+00	 1.0005e+00	 7.2419e+00	 9.9779e-01
2.0593e+01	 1.0450e+00	 7.2403e+00	 1.0005e+00	 7.2366e+00	 9.9841e-01
2.0610e+01	 1.0451e+00	 7.2351e+00	 1.0005e+00	 7.2313e+00	 9.9775e-01
2.0627e+01	 1.0450e+00	 7.2298e+00	 1.0005e+00	 7.2261e+00	 9.9757e-01
2.0644e+01	 1.0451e+00	 7.2245e+00	 1.0005e+00	 7.2208e+00	 9.9801e-01
2.0661e+01	 1.0451e+00	 7.2193e+00	 1.0005e+00	 7.2155e+00	 9.9760e-01
2.0678e+01	 1.0452e+00	 7.2140e+00	 1.0006e+00	 7.2103e+00	 9.9867e-01
2.0695e+01	 1.0453e+00	 7.2088e+00	 1.0006e+00	 7.2051e+00	 9.9745e-01
2.0712e+01	 1.0454e+00	 7.2036e+00	 1.0006e+00	 7.1998e+00	 9.9860e-01
2.0729e+01	 1.0455e+00	 7.1983e+00	 1.0006e+00	 7.1946e+00	 9.9738e-01
2.0746e+01	 1.0456e+00	 7.1931e+00	 1.0005e+00	 7.1893e+00	 9.9841e-01
2.0763e+01	 1.0458e+00	 7.1879e+00	 1.0005e+00	 7.1841e+00	 9.9860e-01
2.0780e+01	 1.0459e+00	 7.1826e+00	 1.0005e+00	 7.1789e+00	 9.9808e-01
2.0797e+01	 1.0461e+00	 7.1774e+00	 1.0005e+00	 7.1737e+00	 9.9856e-01
2.0814e+01	 1.0462e+00	 7.1722e+00	 1.0004e+00	 7.1685e+00	 9.9712e-01
2.0831e+01	 1.0464e+00	 7.1670e+00	 1.0005e+00	 7.1632e+00	 9.9849e-01
2.0849e+01	 1.0466e+00	 7.1618e+00	 1.0005e+00	 7.1580e+00	 9.9757e-01
2.0866e+01	 1.0467e+00	 7.1565e+00	 1.0006e+00	 7.1528e+00	 9.9882e-01
2.0883e+01	 1.0470e+00	 7.1513e+00	 1.0006e+00	 7.1476e+00	 9.9804e-01
2.0900e+01	 1.0471e+00	 7.1461e+00	 1.0006e+00	 7.1424e+00	 9.9815e-01
2.0917e+01	 1.0472e+00	 7.1409e+00	 1.0005e+00	 7.1372e+00	 9.9827e-01
2.0934e+01	 1.0474e+00	 7.1357e+00	 1.0005e+00	 7.1320e+00	 9.9782e-01
2.0952e+01	 1.0475e+00	 7.1305e+00	 1.0004e+00	 7.1268e+00	 9.9867e-01
2.0969e+01	 1.0477e+00	 7.1254e+00	 1.0005e+00	 7.1216e+00	 9.9749e-01
2.0986e+01	 1.0477e+00	 7.1202e+00	 1.0005e+00	 7.1165e+00	 9.9937e-01
2.1003e+01	 1.0479e+00	 7.1150e+00	 1.0005e+00	 7.1113e+00	 9.9790e-01
2.1020e+01	 1.0479e+00	 7.1098e+00	 1.0004e+00	 7.1061e+00	 9.9834e-01
2.1038e+01	 1.0480e+00	 7.1046e+00	 1.0003e+00	 7.1009e+00	 9.9797e-01
2.1055e+01	 1.0481e+00	 7.0994e+00	 1.0003e+00	 7.0958e+00	 9.9827e-01
2.1072e+01	 1.0481e+00	 7.0943e+00	 1.0002e+00	 7.0906e+00	 9.9815e-01
2.1090e+01	 1.0482e+00	 7.0891e+00	 1.0003e+00	 7.0854e+00	 9.9734e-01
2.1107e+01	 1.0482e+00	 7.0839e+00	 1.0005e+00	 7.0803e+00	 9.9849e-01
2.1124e+01	 1.0483e+00	 7.0788e+00	 1.0006e+00	 7.0751e+00	 9.9716e-01
2.1142e+01	 1.0483e+00	 7.0736e+00	 1.0006e+00	 7.0699e+00	 9.9856e-01
2.1159e+01	 1.0484e+00	 7.0685e+00	 1.0006e+00	 7.0648e+00	 9.9779e-01
2.1176e+01	 1.0484e+00	 7.0633e+00	 1.0005e+00	 7.0597e+00	 9.9878e-01
2.1194e+01	 1.0484e+00	 7.0582e+00	 1.0005e+00	 7.0545e+00	 9.9827e-01
2.1211e+01	 1.0485e+00	 7.0530e+00	 1.0005e+00	 7.0494e+00	 9.9793e-01
2.1229e+01	 1.0485e+00	 7.0479e+00	 1.0005e+00	 7.0442e+00	 9.9852e-01
2.1246e+01	 1.0486e+00	 7.0428e+00	 1.0005e+00	 7.0391e+00	 9.9757e-01
2.1263e+01	 1.0485e+00	 7.0377e+00	 1.0006e+00	 7.0340e+00	 9.9867e-01
2.1281e+01	 1.0485e+00	 7.0325e+00	 1.0005e+00	 7.0289e+00	 9.9797e-01
2.1298e+01	 1.0485e+00	 7.0274e+00	 1.0005e+00	 7.0237e+00	 9.9860e-01
2.1316e+01	 1.0485e+00	 7.0223e+00	 1.0005e+00	 7.0186e+00	 9.9705e-01
2.1333e+01	 1.0486e+00	 7.0172e+00	 1.0005e+00	 7.0135e+00	 9.9764e-01
2.1351e+01	 1.0485e+00	 7.0121e+00	 1.0005e+00	 7.0084e+00	 9.9782e-01
2.1368e+01	 1.0486e+00	 7.0070e+00	 1.0004e+00	 7.0033e+00	 9.9738e-01
2.1386e+01	 1.0485e+00	 7.0018e+00	 1.0004e+00	 6.9982e+00	 9.9838e-01
2.1403e+01	 1.0485e+00	 6.9968e+00	 1.0003e+00	 6.9931e+00	 9.9742e-01
2.1421e+01	 1.0485e+00	 6.9917e+00	 1.0003e+00	 6.9880e+00	 9.9819e-01
2.1438e+01	 1.0485e+00	 6.9866e+00	 1.0004e+00	 6.9829e+00	 9.9683e-01
2.1456e+01	 1.0485e+00	 6.9815e+00	 1.0004e+00	 6.9778e+00	 9.9823e-01
2.1474e+01	 1.0484e+00	 6.9764e+00	 1.0005e+00	 6.9728e+00	 9.9782e-01
2.1491e+01	 1.0485e+00	 6.9713e+00	 1.0005e+00	 6.9677e+00	 9.9819e-01
2.1509e+01	 1.0484e+00	 6.9662e+00	 1.0005e+00	 6.9626e+00	 9.9834e-01
2.1526e+01	 1.0484e+00	 6.9611e+00	 1.0005e+00	 6.9575e+00	 9.9764e-01
2.1544e+01	 1.0484e+00	 6.9561e+00	 1.0005e+00	 6.9525e+00	 9.9845e-01
2.1562e+01	 1.0484e+00	 6.9510e+00	 1.0004e+00	 6.9474e+00	 9.9771e-01
2.1579e+01	 1.0485e+00	 6.9459e+00	 1.0005e+00	 6.9423e+00	 9.9838e-01
2.1597e+01	 1.0484e+00	 6.9409e+00	 1.0005e+00	 6.9373e+00	 9.9698e-01
2.1615e+01	 1.0485e+00	 6.9358e+00	 1.0005e+00	 6.9322e+00	 9.9823e-01
2.1632e+01	 1.0485e+00	 6.9308e+00	 1.0004e+00	 6.9272e+00	 9.9775e-01
2.1650e+01	 1.0486e+00	 6.9257e+00	 1.0004e+00	 6.9221e+00	 9.9827e-01
2.1668e+01	 1.0486e+00	 6.9207e+00	 1.0004e+00	 6.9171e+00	 9.9863e-01
2.1685e+01	 1.0486e+00	 6.9156e+00	 1.0003e+00	 6.9120e+00	 9.9782e-01
2.1703e+01	 1.0487e+00	 6.9106e+00	 1.0003e+00	 6.9070e+00	 9.9893e-01
2.1721e+01	 1.0487e+00	 6.9056e+00	 1.0003e+00	 6.9020e+00	 9.9742e-01
2.1739e+01	 1.0489e+00	 6.9006e+00	 1.0003e+00	 6.8970e+00	 9.9878e-01
2.1756e+01	 1.0488e+00	 6.8955e+00	 1.0003e+00	 6.8919e+00	 9.9749e-01
2.1774e+01	 1.0490e+00	 6.8905e+00	 1.0003e+00	 6.8869e+00	 9.9812e-01
2.1792e+01	 1.0490e+00	 6.8855e+00	 1.0003e+00	 6.8819e+00	 9.9779e-01
2.1810e+01	 1.0492e+00	 6.8805e+00	 1.0004e+00	 6.8769e+00	 9.9757e-01
2.1828e+01	 1.0493e+00	 6.8754e+00	 1.0004e+00	 6.8719e+00	 9.9790e-01
2.1845e+01	 1.0494e+00	 6.8704e+00	 1.0004e+00	 6.8669e+00	 9.9709e-01
2.1863e+01	 1.0496e+00	 6.8654e+00	 1.0004e+00	 6.8619e+00	 9.9834e-01
2.1881e+01	 1.0496e+00	 6.8604e+00	 1.0005e+00	 6.8569e+00	 9.9712e-01
2.1899e+01	 1.0499e+00	 6.8554e+00	 1.0005e+00	 6.8519e+00	 9.9823e-01
2.1917e+01	 1.0499e+00	 6.8504e+00	 1.0005e+00	 6.8469e+00	 9.9749e-01
2.1935e+01	 1.0501e+00	 6.8454e+00	 1.0005e+00	 6.8419e+00	 9.9838e-01
2.1953e+01	 1.0503e+00	 6.8405e+00	 1.0005e+00	 6.8369e+00	 9.9797e-01
2.1971e+01	 1.0504e+00	 6.8355e+00	 1.0005e+00	 6.8319e+00	 9.9764e-01
2.1988e+01	 1.0506e+00	 6.8305e+00	 1.0004e+00	 6.8269e+00	 9.9841e-01
2.2006e+01	 1.0507e+00	 6.8255e+00	 1.0004e+00	 6.8220e+00	 9.9786e-01
2.2024e+01	 1.0510e+00	 6.8205e+00	 1.0004e+00	 6.8170e+00	 9.9889e-01
2.2042e+01	 1.0511e+00	 6.8156e+00	 1.0004e+00	 6.8120e+00	 9.9727e-01
2.2060e+01	 1.0513e+00	 6.8106e+00	 1.0004e+00	 6.8071e+00	 9.9819e-01
2.2078e+01	 1.0515e+00	 6.8056e+00	 1.0003e+00	 6.8021e+00	 9.9760e-01
2.2096e+01	 1.0516e+00	 6.8007e+00	 1.0002e+00	 6.7971e+00	 9.9797e-01
2.2114e+01	 1.0519e+00	 6.7957e+00	 1.0003e+00	 6.7922e+00	 9.9782e-01
2.2132e+01	 1.0520e+00	 6.7908e+00	 1.0003e+00	 6.7872e+00	 9.9723e-01
2.2150e+01	 1.0523e+00	 6.7858e+00	 1.0004e+00	 6.7823e+00	 9.9827e-01
2.2168e+01	 1.0524e+00	 6.7809e+00	 1.0004e+00	 6.7773e+00	 9.9760e-01
2.2186e+01	 1.0526e+00	 6.7759e+00	 1.0004e+00	 6.7724e+00	 9.9882e-01
2.2204e+01	 1.0527e+00	 6.7710e+00	 1.0004e+00	 6.7675e+00	 9.9731e-01
2.2223e+01	 1.0528e+00	 6.7661e+00	 1.0003e+00	 6.7625e+00	 9.9871e-01
2.2241e+01	 1.0531e+00	 6.7611e+00	 1.0003e+00	 6.7576e+00	 9.9823e-01
2.2259e+01	 1.0531e+00	 6.7562e+00	 1.0003e+00	 6.7527e+00	 9.9812e-01
2.2277e+01	 1.0533e+00	 6.7513e+00	 1.0003e+00	 6.7478e+00	 9.9867e-01
2.2295e+01	 1.0534e+00	 6.7464e+00	 1.0003e+00	 6.7428e+00	 9.9786e-01
2.2313e+01	 1.0535e+00	 6.7414e+00	 1.0004e+00	 6.7379e+00	 9.9893e-01
2.2331e+01	 1.0536e+00	 6.7365e+00	 1.0004e+00	 6.7330e+00	 9.9712e-01
2.2349e+01	 1.0537e+00	 6.7316e+00	 1.0003e+00	 6.7281e+00	 9.9801e-01
2.2368e+01	 1.0538e+00	 6.7267e+00	 1.0003e+00	 6.7232e+00	 9.9679e-01
2.2386e+01	 1.0538e+00	 6.7218e+00	 1.0002e+00	 6.7183e+00	 9.9790e-01
2.2404e+01	 1.0540e+00	 6.7169e+00	 1.0001e+00	 6.7134e+00	 9.9812e-01
2.2422e+01	 1.0539e+00	 6.7120e+00	 1.0002e+00	 6.7085e+00	 9.9808e-01
2.2441e+01	 1.0540e+00	 6.7071e+00	 1.0003e+00	 6.7036e+00	 9.9827e-01
2.2459e+01	 1.0540e+00	 6.7022e+00	 1.0004e+00	 6.6987e+00	 9.9687e-01
2.2477e+01	 1.0540e+00	 6.6974e+00	 1.0004e+00	 6.6939e+00	 9.9863e-01
2.2495e+01	 1.0540e+00	 6.6925e+00	 1.0004e+00	 6.6890e+00	 9.9771e-01
2.2514e+01	 1.0539e+00	 6.6876e+00	 1.0003e+00	 6.6841e+00	 9.9808e-01
2.2532e+01	 1.0540e+00	 6.6827e+00	 1.0002e+00	 6.6792e+00	 9.9709e-01
2.2550e+01	 1.0539e+00	 6.6779e+00	 1.0002e+00	 6.6744e+00	 9.9834e-01
2.2569e+01	 1.0540e+00	 6.6730e+00	 1.0002e+00	 6.6695e+00	 9.9819e-01
2.2587e+01	 1.0539e+00	 6.6681e+00	 1.0002e+00	 6.6646e+00	 9.9764e-01
2.2605e+01	 1.0539e+00	 6.6633e+00	 1.0003e+00	 6.6598e+00	 9.9804e-01
2.2623e+01	 1.0539e+00	 6.6584e+00	 1.0003e+00	 6.6549e+00	 9.9694e-01
2.2642e+01	 1.0538e+00	 6.6536e+00	 1.0003e+00	 6.6501e+00	 9.9863e-01
2.2660e+01	 1.0539e+00	 6.6487e+00	 1.0004e+00	 6.6452e+00	 9.9771e-01
2.2679e+01	 1.0538e+00	 6.6439e+00	 1.0004e+00	 6.6404e+00	 9.9812e-01
2.2697e+01	 1.0539e+00	 6.6390e+00	 1.0004e+00	 6.6356e+00	 9.9734e-01
2.2715e+01	 1.0539e+00	 6.6342e+00	 1.0004e+00	 6.6307e+00	 9.9779e-01
2.2734e+01	 1.0539e+00	 6.6293e+00	 1.0004e+00	 6.6259e+00	 9.9775e-01
2.2752e+01	 1.0540e+00	 6.6245e+00	 1.0003e+00	 6.6211e+00	 9.9705e-01
2.2771e+01	 1.0539e+00	 6.6197e+00	 1.0003e+00	 6.6162e+00	 9.9782e-01
2.2789e+01	 1.0540e+00	 6.6149e+00	 1.0003e+00	 6.6114e+00	 9.9690e-01
2.2808e+01	 1.0539e+00	 6.6100e+00	 1.0003e+00	 6.6066e+00	 9.9856e-01
2.2826e+01	 1.0540e+00	 6.6052e+00	 1.0002e+00	 6.6018e+00	 9.9727e-01
2.2845e+01	 1.0539e+00	 6.6004e+00	 1.0002e+00	 6.5970e+00	 9.9801e-01
2.2863e+01	 1.0539e+00	 6.5956e+00	 1.0001e+00	 6.5922e+00	 9.9790e-01
2.2882e+01	 1.0540e+00	 6.5908e+00	 1.0001e+00	 6.5874e+00	 9.9775e-01
2.2900e+01	 1.0539e+00	 6.5860e+00	 1.0002e+00	 6.5826e+00	 9.9804e-01
2.2919e+01	 1.0540e+00	 6.5812e+00	 1.0002e+00	 6.5778e+00	 9.9734e-01
2.2938e+01	 1.0540e+00	 6.5764e+00	 1.0003e+00	 6.5730e+00	 9.9849e-01
2.2956e+01	 1.0541e+00	 6.5716e+00	 1.0003e+00	 6.5682e+00	 9.9690e-01
2.2975e+01	 1.0541e+00	 6.5668e+00	 1.0002e+00	 6.5634e+00	 9.9775e-01
2.2993e+01	 1.0541e+00	 6.5620e+00	 1.0002e+00	 6.5586e+00	 9.9727e-01
2.3012e+01	 1.0542e+00	 6.5572e+00	 1.0002e+00	 6.5538e+00	 9.9819e-01
2.3030e+01	 1.0542e+00	 6.5525e+00	 1.0002e+00	 6.5490e+00	 9.9782e-01
2.3049e+01	 1.0544e+00	 6.5477e+00	 1.0002e+00	 6.5443e+00	 9.9753e-01
2.3068e+01	 1.0544e+00	 6.5429e+00	 1.0002e+00	 6.5395e+00	 9.9827e-01
2.3087e+01	 1.0546e+00	 6.5382e+00	 1.0002e+00	 6.5347e+00	 9.9723e-01
2.3105e+01	 1.0546e+00	 6.5334e+00	 1.0001e+00	 6.5300e+00	 9.9867e-01
2.3124e+01	 1.0548e+00	 6.5286e+00	 1.0001e+00	 6.5252e+00	 9.9731e-01
2.3142e+01	 1.0549e+00	 6.5239e+00	 1.0001e+00	 6.5205e+00	 9.9812e-01
2.3161e+01	 1.0550e+00	 6.5191e+00	 1.0001e+00	 6.5157e+00	 9.9749e-01
2.3180e+01	 1.0552e+00	 6.5144e+00	 1.0002e+00	 6.5110e+00	 9.9782e-01
2.3199e+01	 1.0552e+00	 6.5096e+00	 1.0002e+00	 6.5062e+00	 9.9768e-01
2.3218e+01	 1.0554e+00	 6.5049e+00	 1.0003e+00	 6.5015e+00	 9.9797e-01
2.3236e+01	 1.0554e+00	 6.5001e+00	 1.0003e+00	 6.4968e+00	 9.9867e-01
2.3255e+01	 1.0555e+00	 6.4954e+00	 1.0003e+00	 6.4920e+00	 9.9709e-01
2.3274e+01	 1.0556e+00	 6.4907e+00	 1.0002e+00	 6.4873e+00	 9.9845e-01
2.3293e+01	 1.0556e+00	 6.4859e+00	 1.0001e+00	 6.4826e+00	 9.9738e-01
2.3311e+01	 1.0557e+00	 6.4812e+00	 1.0000e+00	 6.4778e+00	 9.9804e-01
2.3330e+01	 1.0556e+00	 6.4765e+00	 9.9999e-01	 6.4731e+00	 9.9712e-01
2.3349e+01	 1.0558e+00	 6.4718e+00	 9.9999e-01	 6.4684e+00	 9.9779e-01
2.3368e+01	 1.0557e+00	 6.4670e+00	 1.0000e+00	 6.4637e+00	 9.9823e-01
2.3387e+01	 1.0558e+00	 6.4623e+00	 1.0001e+00	 6.4589e+00	 9.9738e-01
2.3406e+01	 1.0558e+00	 6.4576e+00	 1.0002e+00	 6.4542e+00	 9.9815e-01
2.3424e+01	 1.0557e+00	 6.4529e+00	 1.0002e+00	 6.4495e+00	 9.9738e-01
2.3443e+01	 1.0558e+00	 6.4482e+00	 1.0002e+00	 6.4448e+00	 9.9874e-01
2.3462e+01	 1.0557e+00	 6.4435e+00	 1.0002e+00	 6.4401e+00	 9.9712e-01
2.3481e+01	 1.0558e+00	 6.4388e+00	 1.0001e+00	 6.4354e+00	 9.9804e-01
2.3500e+01	 1.0558e+00	 6.4341e+00	 9.9999e-01	 6.4307e+00	 9.9775e-01
2.3519e+01	 1.0558e+00	 6.4294e+00	 9.9996e-01	 6.4261e+00	 9.9760e-01
2.3538e+01	 1.0558e+00	 6.4247e+00	 9.9999e-01	 6.4214e+00	 9.9793e-01
2.3557e+01	 1.0558e+00	 6.4200e+00	 1.0001e+00	 6.4167e+00	 9.9731e-01
2.3576e+01	 1.0560e+00	 6.4154e+00	 1.0001e+00	 6.4120e+00	 9.9808e-01
2.3595e+01	 1.0559e+00	 6.4107e+00	 1.0002e+00	 6.4073e+00	 9.9705e-01
2.3614e+01	 1.0560e+00	 6.4060e+00	 1.0002e+00	 6.4027e+00	 9.9856e-01
2.3633e+01	 1.0560e+00	 6.4013e+00	 1.0002e+00	 6.3980e+00	 9.9749e-01
2.3652e+01	 1.0561e+00	 6.3967e+00	 1.0002e+00	 6.3934e+00	 9.9771e-01
2.3671e+01	 1.0562e+00	 6.3920e+00	 1.0002e+00	 6.3887e+00	 9.9720e-01
2.3690e+01	 1.0562e+00	 6.3874e+00	 1.0001e+00	 6.3840e+00	 9.9661e-01
2.3709e+01	 1.0564e+00	 6.3827e+00	 1.0001e+00	 6.3794e+00	 9.9797e-01
2.3728e+01	 1.0564e+00	 6.3781e+00	 9.9999e-01	 6.3747e+00	 9.9753e-01
2.3747e+01	 1.0566e+00	 6.3734e+00	 9.9991e-01	 6.3701e+00	 9.9815e-01
2.3767e+01	 1.0566e+00	 6.3688e+00	 9.9991e-01	 6.3655e+00	 9.9720e-01
2.3786e+01	 1.0569e+00	 6.3641e+00	 9.9996e-01	 6.3608e+00	 9.9860e-01
2.3805e+01	 1.0570e+00	 6.3595e+00	 1.0000e+00	 6.3562e+00	 9.9749e-01
2.3824e+01	 1.0571e+00	 6.3549e+00	 1.0001e+00	 6.3515e+00	 9.9764e-01
2.3843e+01	 1.0574e+00	 6.3502e+00	 1.0001e+00	 6.3469e+00	 9.9804e-01
2.3862e+01	 1.0574e+00	 6.3456e+00	 1.0001e+00	 6.3423e+00	 9.9771e-01
2.3882e+01	 1.0577e+00	 6.3410e+00	 1.0001e+00	 6.3377e+00	 9.9827e-01
2.3901e+01	 1.0577e+00	 6.3363e+00	 1.0001e+00	 6.3330e+00	 9.9716e-01
2.3920e+01	 1.0580e+00	 6.3317e+00	 1.0001e+00	 6.3284e+00	 9.9852e-01
2.3939e+01	 1.0581e+00	 6.3271e+00	 1.0000e+00	 6.3238e+00	 9.9698e-01
2.3959e+01	 1.0582e+00	 6.3225e+00	 9.9996e-01	 6.3192e+00	 9.9801e-01
2.3978e+01	 1.0583e+00	 6.3179e+00	 9.9991e-01	 6.3146e+00	 9.9742e-01
2.3997e+01	 1.0583e+00	 6.3133e+00	 9.9989e-01	 6.3100e+00	 9.9749e-01
2.4016e+01	 1.0585e+00	 6.3087e+00	 9.9991e-01	 6.3054e+00	 9.9760e-01
2.4036e+01	 1.0585e+00	 6.3041e+00	 9.9996e-01	 6.3008e+00	 9.9653e-01
2.4055e+01	 1.0586e+00	 6.2995e+00	 9.9999e-01	 6.2962e+00	 9.9782e-01
2.4074e+01	 1.0586e+00	 6.2949e+00	 1.0000e+00	 6.2916e+00	 9.9720e-01
2.4093e+01	 1.0586e+00	 6.2903e+00	 9.9999e-01	 6.2870e+00	 9.9823e-01
2.4113e+01	 1.0587e+00	 6.2857e+00	 9.9998e-01	 6.2825e+00	 9.9701e-01
2.4132e+01	 1.0586e+00	 6.2812e+00	 9.9994e-01	 6.2779e+00	 9.9801e-01
2.4152e+01	 1.0587e+00	 6.2766e+00	 9.9991e-01	 6.2733e+00	 9.9764e-01
2.4171e+01	 1.0585e+00	 6.2720e+00	 9.9988e-01	 6.2687e+00	 9.9723e-01
2.4190e+01	 1.0586e+00	 6.2674e+00	 9.9991e-01	 6.2642e+00	 9.9852e-01
2.4210e+01	 1.0586e+00	 6.2629e+00	 9.9996e-01	 6.2596e+00	 9.9823e-01
2.4229e+01	 1.0586e+00	 6.2583e+00	 1.0000e+00	 6.2550e+00	 9.9867e-01
2.4249e+01	 1.0586e+00	 6.2537e+00	 1.0000e+00	 6.2505e+00	 9.9664e-01
2.4268e+01	 1.0585e+00	 6.2492e+00	 1.0000e+00	 6.2459e+00	 9.9757e-01
2.4288e+01	 1.0587e+00	 6.2446e+00	 1.0000e+00	 6.2414e+00	 9.9687e-01
2.4307e+01	 1.0586e+00	 6.2401e+00	 1.0000e+00	 6.2368e+00	 9.9768e-01
2.4326e+01	 1.0587e+00	 6.2355e+00	 1.0001e+00	 6.2323e+00	 9.9808e-01
2.4346e+01	 1.0587e+00	 6.2310e+00	 1.0000e+00	 6.2277e+00	 9.9757e-01
2.4365e+01	 1.0588e+00	 6.2264e+00	 1.0000e+00	 6.2232e+00	 9.9804e-01
2.4385e+01	 1.0589e+00	 6.2219e+00	 9.9999e-01	 6.2186e+00	 9.9698e-01
2.4404e+01	 1.0590e+00	 6.2173e+00	 9.9996e-01	 6.2141e+00	 9.9838e-01
2.4424e+01	 1.0592e+00	 6.2128e+00	 9.9994e-01	 6.2096e+00	 9.9705e-01
2.4444e+01	 1.0592e+00	 6.2083e+00	 9.9993e-01	 6.2051e+00	 9.9782e-01
2.4463e+01	 1.0595e+00	 6.2038e+00	 9.9994e-01	 6.2005e+00	 9.9731e-01
2.4483e+01	 1.0596e+00	 6.1992e+00	 9.9996e-01	 6.1960e+00	 9.9804e-01
2.4502e+01	 1.0598e+00	 6.1947e+00	 1.0000e+00	 6.1915e+00	 9.9793e-01
2.4522e+01	 1.0600e+00	 6.1902e+00	 1.0000e+00	 6.1870e+00	 9.9734e-01
2.4541e+01	 1.0601e+00	 6.1857e+00	 1.0000e+00	 6.1825e+00	 9.9841e-01
2.4561e+01	 1.0604e+00	 6.1812e+00	 1.0000e+00	 6.1780e+00	 9.9694e-01
2.4581e+01	 1.0605e+00	 6.1767e+00	 1.0000e+00	 6.1735e+00	 9.9819e-01
2.4600e+01	 1.0608e+00	 6.1722e+00	 1.0000e+00	 6.1690e+00	 9.9716e-01
2.4620e+01	 1.0609e+00	 6.1677e+00	 1.0000e+00	 6.1645e+00	 9.9742e-01
2.4640e+01	 1.0611e+00	 6.1632e+00	 1.0000e+00	 6.1600e+00	 9.9664e-01
2.4660e+01	 1.0613e+00	 6.1587e+00	 1.0001e+00	 6.1555e+00	 9.9738e-01
2.4679e+01	 1.0614e+00	 6.1542e+00	 1.0001e+00	 6.1510e+00	 9.9797e-01
2.4699e+01	 1.0616e+00	 6.1497e+00	 1.0002e+00	 6.1465e+00	 9.9687e-01
2.4719e+01	 1.0616e+00	 6.1452e+00	 1.0002e+00	 6.1420e+00	 9.9830e-01
2.4738e+01	 1.0618e+00	 6.1407e+00	 1.0002e+00	 6.1375e+00	 9.9712e-01
2.4758e+01	 1.0618e+00	 6.1362e+00	 1.0001e+00	 6.1330e+00	 9.9793e-01
2.4778e+01	 1.0619e+00	 6.1318e+00	 1.0001e+00	 6.1286e+00	 9.9698e-01
2.4798e+01	 1.0619e+00	 6.1273e+00	 1.0000e+00	 6.1241e+00	 9.9771e-01
2.4817e+01	 1.0619e+00	 6.1228e+00	 1.0000e+00	 6.1196e+00	 9.9701e-01
2.4837e+01	 1.0621e+00	 6.1183e+00	 1.0001e+00	 6.1152e+00	 9.9745e-01
2.4857e+01	 1.0620e+00	 6.1139e+00	 1.0001e+00	 6.1107e+00	 9.9830e-01
2.4877e+01	 1.0621e+00	 6.1094e+00	 1.0001e+00	 6.1062e+00	 9.9727e-01
2.4897e+01	 1.0621e+00	 6.1050e+00	 1.0001e+00	 6.1018e+00	 9.9849e-01
2.4917e+01	 1.0622e+00	 6.1005e+00	 1.0000e+00	 6.0973e+00	 9.9749e-01
2.4936e+01	 1.0622e+00	 6.0961e+00	 9.9999e-01	 6.0929e+00	 9.9823e-01
2.4956e+01	 1.0622e+00	 6.0916e+00	 9.9999e-01	 6.0885e+00	 9.9753e-01
2.4976e+01	 1.0623e+00	 6.0872e+00	 1.0000e+00	 6.0840e+00	 9.9786e-01
2.4996e+01	 1.0622e+00	 6.0828e+00	 1.0001e+00	 6.0796e+00	 9.9753e-01
2.5016e+01	 1.0624e+00	 6.0783e+00	 1.0001e+00	 6.0751e+00	 9.9760e-01
2.5036e+01	 1.0623e+00	 6.0739e+00	 1.0001e+00	 6.0707e+00	 9.9849e-01
2.5056e+01	 1.0624e+00	 6.0695e+00	 1.0001e+00	 6.0663e+00	 9.9712e-01
2.5076e+01	 1.0625e+00	 6.0650e+00	 1.0001e+00	 6.0619e+00	 9.9786e-01
2.5096e+01	 1.0625e+00	 6.0606e+00	 1.0001e+00	 6.0574e+00	 9.9705e-01
2.5116e+01	 1.0626e+00	 6.0562e+00	 1.0001e+00	 6.0530e+00	 9.9819e-01
2.5136e+01	 1.0626e+00	 6.0518e+00	 1.0001e+00	 6.0486e+00	 9.9738e-01
2.5156e+01	 1.0628e+00	 6.0473e+00	 1.0001e+00	 6.0442e+00	 9.9749e-01
2.5176e+01	 1.0628e+00	 6.0429e+00	 1.0001e+00	 6.0398e+00	 9.9742e-01
2.5196e+01	 1.0629e+00	 6.0385e+00	 1.0000e+00	 6.0354e+00	 9.9701e-01
2.5216e+01	 1.0630e+00	 6.0341e+00	 9.9998e-01	 6.0310e+00	 9.9823e-01
2.5236e+01	 1.0630e+00	 6.0297e+00	 9.9998e-01	 6.0266e+00	 9.9716e-01
2.5256e+01	 1.0632e+00	 6.0253e+00	 9.9999e-01	 6.0222e+00	 9.9823e-01
2.5276e+01	 1.0632e+00	 6.0209e+00	 1.0000e+00	 6.0178e+00	 9.9683e-01
2.5296e+01	 1.0633e+00	 6.0165e+00	 1.0000e+00	 6.0134e+00	 9.9797e-01
2.5316e+01	 1.0633e+00	 6.0121e+00	 1.0000e+00	 6.0090e+00	 9.9753e-01
2.5337e+01	 1.0635e+00	 6.0077e+00	 1.0000e+00	 6.0046e+00	 9.9812e-01
2.5357e+01	 1.0635e+00	 6.0034e+00	 1.0000e+00	 6.0002e+00	 9.9871e-01
2.5377e+01	 1.0636e+00	 5.9990e+00	 9.9996e-01	 5.9958e+00	 9.9742e-01
2.5397e+01	 1.0637e+00	 5.9946e+00	 9.9994e-01	 5.9915e+00	 9.9819e-01
2.5417e+01	 1.0637e+00	 5.9902e+00	 9.9996e-01	 5.9871e+00	 9.9639e-01
2.5437e+01	 1.0638e+00	 5.9859e+00	 1.0000e+00	 5.9827e+00	 9.9771e-01
2.5458e+01	 1.0638e+00	 5.9815e+00	 1.0001e+00	 5.9784e+00	 9.9790e-01
2.5478e+01	 1.0639e+00	 5.9771e+00	 1.0002e+00	 5.9740e+00	 9.9882e-01
2.5498e+01	 1.0640e+00	 5.9728e+00	 1.0002e+00	 5.9697e+00	 9.9742e-01
2.5518e+01	 1.0640e+00	 5.9684e+00	 1.0001e+00	 5.9653e+00	 9.9712e-01
2.5538e+01	 1.0641e+00	 5.9641e+00	 1.0001e+00	 5.9610e+00	 9.9771e-01
2.5559e+01	 1.0641e+00	 5.9597e+00	 1.0000e+00	 5.9566e+00	 9.9661e-01
2.5579e+01	 1.0643e+00	 5.9554e+00	 1.0000e+00	 5.9523e+00	 9.9808e-01
2.5599e+01	 1.0643e+00	 5.9510e+00	 1.0000e+00	 5.9479e+00	 9.9716e-01
2.5620e+01	 1.0645e+00	 5.9467e+00	 1.0000e+00	 5.9436e+00	 9.9860e-01
2.5640e+01	 1.0645e+00	 5.9424e+00	 1.0000e+00	 5.9393e+00	 9.9738e-01
2.5660e+01	 1.0645e+00	 5.9380e+00	 1.0000e+00	 5.9349e+00	 9.9823e-01
2.5681e+01	 1.0646e+00	 5.9337e+00	 1.0000e+00	 5.9306e+00	 9.9757e-01
2.5701e+01	 1.0646e+00	 5.9294e+00	 1.0000e+00	 5.9263e+00	 9.9676e-01
2.5721e+01	 1.0647e+00	 5.9250e+00	 1.0000e+00	 5.9219e+00	 9.9852e-01
2.5742e+01	 1.0647e+00	 5.9207e+00	 9.9996e-01	 5.9176e+00	 9.9738e-01
2.5762e+01	 1.0648e+00	 5.9164e+00	 9.9991e-01	 5.9133e+00	 9.9827e-01
2.5782e+01	 1.0648e+00	 5.9121e+00	 9.9989e-01	 5.9090e+00	 9.9720e-01
2.5803e+01	 1.0649e+00	 5.9078e+00	 9.9989e-01	 5.9047e+00	 9.9838e-01
2.5823e+01	 1.0649e+00	 5.9034e+00	 9.9991e-01	 5.9004e+00	 9.9764e-01
2.5844e+01	 1.0649e+00	 5.8991e+00	 9.9993e-01	 5.8961e+00	 9.9749e-01
2.5864e+01	 1.0651e+00	 5.8948e+00	 9.9993e-01	 5.8918e+00	 9.9786e-01
2.5885e+01	 1.0650e+00	 5.8905e+00	 9.9996e-01	 5.8875e+00	 9.9786e-01
2.5905e+01	 1.0652e+00	 5.8862e+00	 1.0000e+00	 5.8832e+00	 9.9885e-01
2.5926e+01	 1.0652e+00	 5.8819e+00	 1.0000e+00	 5.8789e+00	 9.9727e-01
2.5946e+01	 1.0653e+00	 5.8777e+00	 1.0000e+00	 5.8746e+00	 9.9852e-01
2.5967e+01	 1.0653e+00	 5.8734e+00	 9.9998e-01	 5.8703e+00	 9.9687e-01
2.5987e+01	 1.0653e+00	 5.8691e+00	 9.9994e-01	 5.8660e+00	 9.9749e-01
2.6008e+01	 1.0654e+00	 5.8648e+00	 9.9991e-01	 5.8617e+00	 9.9793e-01
2.6028e+01	 1.0653e+00	 5.8605e+00	 9.9988e-01	 5.8575e+00	 9.9757e-01
2.6049e+01	 1.0655e+00	 5.8562e+00	 9.9986e-01	 5.8532e+00	 9.9742e-01
2.6069e+01	 1.0654e+00	 5.8520e+00	 9.9986e-01	 5.8489e+00	 9.9723e-01
2.6090e+01	 1.0655e+00	 5.8477e+00	 9.9989e-01	 5.8447e+00	 9.9823e-01
2.6111e+01	 1.0655e+00	 5.8434e+00	 9.9991e-01	 5.8404e+00	 9.9720e-01
2.6131e+01	 1.0655e+00	 5.8392e+00	 9.9989e-01	 5.8361e+00	 9.9830e-01
2.6152e+01	 1.0656e+00	 5.8349e+00	 9.9988e-01	 5.8319e+00	 9.9694e-01
2.6172e+01	 1.0655e+00	 5.8306e+00	 9.9986e-01	 5.8276e+00	 9.9790e-01
2.6193e+01	 1.0656e+00	 5.8264e+00	 9.9989e-01	 5.8233e+00	 9.9771e-01
2.6214e+01	 1.0655e+00	 5.8221e+00	 9.9993e-01	 5.8191e+00	 9.9757e-01
2.6235e+01	 1.0656e+00	 5.8179e+00	 9.9994e-01	 5.8148e+00	 9.9812e-01
2.6255e+01	 1.0656e+00	 5.8136e+00	 9.9996e-01	 5.8106e+00	 9.9698e-01
2.6276e+01	 1.0656e+00	 5.8094e+00	 9.9996e-01	 5.8064e+00	 9.9801e-01
2.6297e+01	 1.0657e+00	 5.8051e+00	 9.9994e-01	 5.8021e+00	 9.9701e-01
2.6317e+01	 1.0657e+00	 5.8009e+00	 9.9991e-01	 5.7979e+00	 9.9793e-01
2.6338e+01	 1.0659e+00	 5.7967e+00	 9.9988e-01	 5.7936e+00	 9.9742e-01
2.6359e+01	 1.0658e+00	 5.7924e+00	 9.9982e-01	 5.7894e+00	 9.9793e-01
2.6380e+01	 1.0660e+00	 5.7882e+00	 9.9981e-01	 5.7852e+00	 9.9753e-01
2.6401e+01	 1.0661e+00	 5.7840e+00	 9.9979e-01	 5.7810e+00	 9.9731e-01
2.6421e+01	 1.0662e+00	 5.7798e+00	 9.9977e-01	 5.7767e+00	 9.9849e-01
2.6442e+01	 1.0665e+00	 5.7755e+00	 9.9977e-01	 5.7725e+00	 9.9727e-01
2.6463e+01	 1.0666e+00	 5.7713e+00	 9.9979e-01	 5.7683e+00	 9.9808e-01
2.6484e+01	 1.0669e+00	 5.7671e+00	 9.9981e-01	 5.7641e+00	 9.9683e-01
2.6505e+01	 1.0669e+00	 5.7629e+00	 9.9984e-01	 5.7599e+00	 9.9779e-01
2.6526e+01	 1.0672e+00	 5.7587e+00	 9.9991e-01	 5.7557e+00	 9.9705e-01
2.6546e+01	 1.0673e+00	 5.7545e+00	 9.9994e-01	 5.7515e+00	 9.9757e-01
2.6567e+01	 1.0675e+00	 5.7503e+00	 9.9993e-01	 5.7473e+00	 9.9812e-01
2.6588e+01	 1.0677e+00	 5.7461e+00	 9.9986e-01	 5.7431e+00	 9.9749e-01
2.6609e+01	 1.0678e+00	 5.7419e+00	 9.9981e-01	 5.7389e+00	 9.9779e-01
2.6630e+01	 1.0681e+00	 5.7377e+00	 9.9977e-01	 5.7347e+00	 9.9602e-01
2.6651e+01	 1.0681e+00	 5.7335e+00	 9.9977e-01	 5.7305e+00	 9.9764e-01
2.6672e+01	 1.0683e+00	 5.7293e+00	 9.9977e-01	 5.7263e+00	 9.9664e-01
2.6693e+01	 1.0684e+00	 5.7251e+00	 9.9974e-01	 5.7221e+00	 9.9764e-01
2.6714e+01	 1.0685e+00	 5.7209e+00	 9.9976e-01	 5.7179e+00	 9.9698e-01
2.6735e+01	 1.0686e+00	 5.7167e+00	 9.9982e-01	 5.7137e+00	 9.9701e-01
2.6756e+01	 1.0687e+00	 5.7126e+00	 9.9989e-01	 5.7096e+00	 9.9727e-01
2.6777e+01	 1.0688e+00	 5.7084e+00	 9.9994e-01	 5.7054e+00	 9.9705e-01
2.6798e+01	 1.0688e+00	 5.7042e+00	 9.9996e-01	 5.7012e+00	 9.9827e-01
2.6819e+01	 1.0690e+00	 5.7000e+00	 9.9998e-01	 5.6971e+00	 9.9690e-01
2.6840e+01	 1.0690e+00	 5.6959e+00	 9.9994e-01	 5.6929e+00	 9.9852e-01
2.6861e+01	 1.0691e+00	 5.6917e+00	 9.9993e-01	 5.6887e+00	 9.9716e-01
2.6882e+01	 1.0691e+00	 5.6876e+00	 9.9991e-01	 5.6846e+00	 9.9745e-01
2.6903e+01	 1.0691e+00	 5.6834e+00	 9.9993e-01	 5.6804e+00	 9.9709e-01
2.6924e+01	 1.0693e+00	 5.6793e+00	 9.9993e-01	 5.6763e+00	 9.9716e-01
2.6945e+01	 1.0693e+00	 5.6751e+00	 9.9989e-01	 5.6721e+00	 9.9808e-01
2.6966e+01	 1.0694e+00	 5.6710e+00	 9.9982e-01	 5.6680e+00	 9.9727e-01
2.6988e+01	 1.0695e+00	 5.6668e+00	 9.9976e-01	 5.6639e+00	 9.9871e-01
2.7009e+01	 1.0696e+00	 5.6627e+00	 9.9971e-01	 5.6597e+00	 9.9698e-01
2.7030e+01	 1.0697e+00	 5.6585e+00	 9.9971e-01	 5.6556e+00	 9.9757e-01
2.7051e+01	 1.0697e+00	 5.6544e+00	 9.9974e-01	 5.6515e+00	 9.9664e-01
2.7072e+01	 1.0699e+00	 5.6503e+00	 9.9977e-01	 5.6473e+00	 9.9745e-01
2.7094e+01	 1.0699e+00	 5.6461e+00	 9.9981e-01	 5.6432e+00	 9.9734e-01
2.7115e+01	 1.0701e+00	 5.6420e+00	 9.9982e-01	 5.6391e+00	 9.9720e-01
2.7136e+01	 1.0701e+00	 5.6379e+00	 9.9984e-01	 5.6349e+00	 9.9838e-01
2.7157e+01	 1.0703e+00	 5.6338e+00	 9.9984e-01	 5.6308e+00	 9.9698e-01
2.7178e+01	 1.0704e+00	 5.6297e+00	 9.9982e-01	 5.6267e+00	 9.9804e-01
2.7200e+01	 1.0704e+00	 5.6255e+00	 9.9981e-01	 5.6226e+00	 9.9701e-01
2.7221e+01	 1.0706e+00	 5.6214e+00	 9.9982e-01	 5.6185e+00	 9.9841e-01
2.7242e+01	 1.0706e+00	 5.6173e+00	 9.9984e-01	 5.6144e+00	 9.9745e-01
2.7264e+01	 1.0708e+00	 5.6132e+00	 9.9986e-01	 5.6103e+00	 9.9734e-01
2.7285e+01	 1.0708e+00	 5.6091e+00	 9.9989e-01	 5.6062e+00	 9.9712e-01
2.7306e+01	 1.0709e+00	 5.6050e+00	 9.9989e-01	 5.6021e+00	 9.9639e-01
2.7328e+01	 1.0710e+00	 5.6009e+00	 9.9988e-01	 5.5980e+00	 9.9782e-01
2.7349e+01	 1.0710e+00	 5.5968e+00	 9.9986e-01	 5.5939e+00	 9.9657e-01
2.7370e+01	 1.0711e+00	 5.5928e+00	 9.9982e-01	 5.5899e+00	 9.9779e-01
2.7392e+01	 1.0711e+00	 5.5887e+00	 9.9979e-01	 5.5858e+00	 9.9690e-01
2.7413e+01	 1.0712e+00	 5.5846e+00	 9.9976e-01	 5.5817e+00	 9.9749e-01
2.7435e+01	 1.0712e+00	 5.5805e+00	 9.9977e-01	 5.5776e+00	 9.9716e-01
2.7456e+01	 1.0713e+00	 5.5764e+00	 9.9982e-01	 5.5735e+00	 9.9768e-01
2.7477e+01	 1.0713e+00	 5.5724e+00	 9.9989e-01	 5.5695e+00	 9.9804e-01
2.7499e+01	 1.0714e+00	 5.5683e+00	 9.9994e-01	 5.5654e+00	 9.9745e-01
2.7520e+01	 1.0715e+00	 5.5642e+00	 9.9996e-01	 5.5613e+00	 9.9860e-01
2.7542e+01	 1.0715e+00	 5.5602e+00	 9.9998e-01	 5.5573e+00	 9.9679e-01
2.7563e+01	 1.0716e+00	 5.5561e+00	 9.9998e-01	 5.5532e+00	 9.9779e-01
2.7585e+01	 1.0716e+00	 5.5521e+00	 9.9996e-01	 5.5492e+00	 9.9705e-01
2.7607e+01	 1.0717e+00	 5.5480e+00	 9.9991e-01	 5.5451e+00	 9.9768e-01
2.7628e+01	 1.0717e+00	 5.5439e+00	 9.9986e-01	 5.5411e+00	 9.9771e-01
2.7649e+01	 1.0718e+00	 5.5399e+00	 9.9979e-01	 5.5370e+00	 9.9793e-01
2.7671e+01	 1.0719e+00	 5.5359e+00	 9.9974e-01	 5.5330e+00	 9.9845e-01
2.7693e+01	 1.0718e+00	 5.5318e+00	 9.9969e-01	 5.5289e+00	 9.9687e-01
2.7714e+01	 1.0720e+00	 5.5278e+00	 9.9964e-01	 5.5249e+00	 9.9812e-01
2.7736e+01	 1.0719e+00	 5.5237e+00	 9.9962e-01	 5.5209e+00	 9.9705e-01
2.7757e+01	 1.0721e+00	 5.5197e+00	 9.9966e-01	 5.5168e+00	 9.9793e-01
2.7779e+01	 1.0721e+00	 5.5157e+00	 9.9971e-01	 5.5128e+00	 9.9734e-01
2.7801e+01	 1.0721e+00	 5.5116e+00	 9.9977e-01	 5.5088e+00	 9.9764e-01
2.7822e+01	 1.0722e+00	 5.5076e+00	 9.9982e-01	 5.5047e+00	 9.9757e-01
2.7844e+01	 1.0722e+00	 5.5036e+00	 9.9988e-01	 5.5007e+00	 9.9731e-01
2.7866e+01	 1.0724e+00	 5.4996e+00	 9.9993e-01	 5.4967e+00	 9.9819e-01
2.7887e+01	 1.0723e+00	 5.4956e+00	 9.9994e-01	 5.4927e+00	 9.9679e-01
2.7909e+01	 1.0725e+00	 5.4915e+00	 9.9989e-01	 5.4887e+00	 9.9827e-01
2.7931e+01	 1.0725e+00	 5.4875e+00	 9.9981e-01	 5.4847e+00	 9.9760e-01
2.7953e+01	 1.0726e+00	 5.4835e+00	 9.9976e-01	 5.4807e+00	 9.9827e-01
2.7974e+01	 1.0727e+00	 5.4795e+00	 9.9979e-01	 5.4767e+00	 9.9683e-01
2.7996e+01	 1.0727e+00	 5.4755e+00	 9.9986e-01	 5.4727e+00	 9.9705e-01
2.8018e+01	 1.0729e+00	 5.4715e+00	 9.9991e-01	 5.4687e+00	 9.9771e-01
2.8040e+01	 1.0730e+00	 5.4675e+00	 9.9991e-01	 5.4647e+00	 9.9727e-01
2.8061e+01	 1.0732e+00	 5.4635e+00	 9.9988e-01	 5.4607e+00	 9.9838e-01
2.8083e+01	 1.0733e+00	 5.4595e+00	 9.9981e-01	 5.4567e+00	 9.9701e-01
2.8105e+01	 1.0734e+00	 5.4555e+00	 9.9972e-01	 5.4527e+00	 9.9782e-01
2.8127e+01	 1.0736e+00	 5.4515e+00	 9.9971e-01	 5.4487e+00	 9.9672e-01
2.8149e+01	 1.0737e+00	 5.4476e+00	 9.9971e-01	 5.4447e+00	 9.9790e-01
2.8170e+01	 1.0739e+00	 5.4436e+00	 9.9972e-01	 5.4407e+00	 9.9786e-01
2.8192e+01	 1.0740e+00	 5.4396e+00	 9.9972e-01	 5.4368e+00	 9.9768e-01
2.8214e+01	 1.0742e+00	 5.4356e+00	 9.9971e-01	 5.4328e+00	 9.9812e-01
2.8236e+01	 1.0743e+00	 5.4316e+00	 9.9967e-01	 5.4288e+00	 9.9742e-01
2.8258e+01	 1.0744e+00	 5.4277e+00	 9.9967e-01	 5.4249e+00	 9.9819e-01
2.8280e+01	 1.0746e+00	 5.4237e+00	 9.9969e-01	 5.4209e+00	 9.9727e-01
2.8302e+01	 1.0747e+00	 5.4198e+00	 9.9972e-01	 5.4169e+00	 9.9852e-01
2.8324e+01	 1.0749e+00	 5.4158e+00	 9.9974e-01	 5.4130e+00	 9.9698e-01
2.8346e+01	 1.0749e+00	 5.4119e+00	 9.9971e-01	 5.4090e+00	 9.9779e-01
2.8368e+01	 1.0751e+00	 5.4079e+00	 9.9969e-01	 5.4051e+00	 9.9771e-01
2.8390e+01	 1.0752e+00	 5.4039e+00	 9.9967e-01	 5.4011e+00	 9.9690e-01
2.8412e+01	 1.0753e+00	 5.4000e+00	 9.9969e-01	 5.3972e+00	 9.9753e-01
2.8434e+01	 1.0755e+00	 5.3961e+00	 9.9972e-01	 5.3932e+00	 9.9639e-01
2.8456e+01	 1.0755e+00	 5.3921e+00	 9.9974e-01	 5.3893e+00	 9.9749e-01
2.8478e+01	 1.0757e+00	 5.3882e+00	 9.9974e-01	 5.3853e+00	 9.9657e-01
2.8500e+01	 1.0757e+00	 5.3842e+00	 9.9972e-01	 5.3814e+00	 9.9812e-01
2.8522e+01	 1.0759e+00	 5.3803e+00	 9.9971e-01	 5.3775e+00	 9.9742e-01
2.8544e+01	 1.0759e+00	 5.3764e+00	 9.9971e-01	 5.3736e+00	 9.9687e-01
2.8566e+01	 1.0760e+00	 5.3724e+00	 9.9971e-01	 5.3696e+00	 9.9749e-01
2.8588e+01	 1.0761e+00	 5.3685e+00	 9.9971e-01	 5.3657e+00	 9.9723e-01
2.8610e+01	 1.0762e+00	 5.3646e+00	 9.9971e-01	 5.3618e+00	 9.9793e-01
2.8632e+01	 1.0763e+00	 5.3607e+00	 9.9969e-01	 5.3579e+00	 9.9676e-01
2.8654e+01	 1.0763e+00	 5.3568e+00	 9.9964e-01	 5.3540e+00	 9.9786e-01
2.8677e+01	 1.0765e+00	 5.3528e+00	 9.9960e-01	 5.3500e+00	 9.9639e-01
2.8699e+01	 1.0764e+00	 5.3489e+00	 9.9959e-01	 5.3461e+00	 9.9775e-01
2.8721e+01	 1.0765e+00	 5.3450e+00	 9.9962e-01	 5.3422e+00	 9.9757e-01
2.8743e+01	 1.0766e+00	 5.3411e+00	 9.9967e-01	 5.3383e+00	 9.9742e-01
2.8765e+01	 1.0766e+00	 5.3372e+00	 9.9971e-01	 5.3344e+00	 9.9745e-01
2.8787e+01	 1.0768e+00	 5.3333e+00	 9.9969e-01	 5.3305e+00	 9.9661e-01
2.8810e+01	 1.0767e+00	 5.3294e+00	 9.9964e-01	 5.3266e+00	 9.9786e-01
2.8832e+01	 1.0769e+00	 5.3255e+00	 9.9962e-01	 5.3227e+00	 9.9701e-01
2.8854e+01	 1.0769e+00	 5.3216e+00	 9.9960e-01	 5.3189e+00	 9.9845e-01
2.8876e+01	 1.0770e+00	 5.3177e+00	 9.9962e-01	 5.3150e+00	 9.9723e-01
2.8899e+01	 1.0771e+00	 5.3139e+00	 9.9962e-01	 5.3111e+00	 9.9738e-01
2.8921e+01	 1.0771e+00	 5.3100e+00	 9.9964e-01	 5.3072e+00	 9.9720e-01
2.8943e+01	 1.0773e+00	 5.3061e+00	 9.9966e-01	 5.3033e+00	 9.9764e-01
2.8965e+01	 1.0772e+00	 5.3022e+00	 9.9966e-01	 5.2995e+00	 9.9841e-01
2.8988e+01	 1.0774e+00	 5.2984e+00	 9.9969e-01	 5.2956e+00	 9.9731e-01
2.9010e+01	 1.0773e+00	 5.2945e+00	 9.9971e-01	 5.2917e+00	 9.9841e-01
2.9032e+01	 1.0775e+00	 5.2906e+00	 9.9972e-01	 5.2878e+00	 9.9683e-01
2.9055e+01	 1.0775e+00	 5.2867e+00	 9.9974e-01	 5.2840e+00	 9.9790e-01
2.9077e+01	 1.0775e+00	 5.2829e+00	 9.9976e-01	 5.2801e+00	 9.9745e-01
2.9100e+01	 1.0776e+00	 5.2790e+00	 9.9976e-01	 5.2763e+00	 9.9797e-01
2.9122e+01	 1.0775e+00	 5.2752e+00	 9.9974e-01	 5.2724e+00	 9.9742e-01
2.9144e+01	 1.0777e+00	 5.2713e+00	 9.9971e-01	 5.2685e+00	 9.9731e-01
2.9167e+01	 1.0776e+00	 5.2674e+00	 9.9969e-01	 5.2647e+00	 9.9830e-01
2.9189e+01	 1.0777e+00	 5.2636e+00	 9.9967e-01	 5.2608e+00	 9.9690e-01
2.9212e+01	 1.0777e+00	 5.2597e+00	 9.9962e-01	 5.2570e+00	 9.9757e-01
2.9234e+01	 1.0777e+00	 5.2559e+00	 9.9962e-01	 5.2532e+00	 9.9635e-01
2.9257e+01	 1.0778e+00	 5.2521e+00	 9.9967e-01	 5.2493e+00	 9.9812e-01
2.9279e+01	 1.0777e+00	 5.2482e+00	 9.9976e-01	 5.2455e+00	 9.9753e-01
2.9302e+01	 1.0778e+00	 5.2444e+00	 9.9981e-01	 5.2416e+00	 9.9779e-01
2.9324e+01	 1.0777e+00	 5.2405e+00	 9.9984e-01	 5.2378e+00	 9.9804e-01
2.9347e+01	 1.0779e+00	 5.2367e+00	 9.9984e-01	 5.2340e+00	 9.9694e-01
2.9369e+01	 1.0778e+00	 5.2329e+00	 9.9984e-01	 5.2301e+00	 9.9760e-01
2.9392e+01	 1.0779e+00	 5.2290e+00	 9.9986e-01	 5.2263e+00	 9.9701e-01
2.9414e+01	 1.0780e+00	 5.2252e+00	 9.9988e-01	 5.2225e+00	 9.9830e-01
2.9437e+01	 1.0779e+00	 5.2214e+00	 9.9988e-01	 5.2187e+00	 9.9701e-01
2.9459e+01	 1.0781e+00	 5.2176e+00	 9.9988e-01	 5.2149e+00	 9.9808e-01
2.9482e+01	 1.0780e+00	 5.2138e+00	 9.9988e-01	 5.2111e+00	 9.9771e-01
2.9505e+01	 1.0781e+00	 5.2100e+00	 9.9982e-01	 5.2073e+00	 9.9698e-01
2.9527e+01	 1.0781e+00	 5.2062e+00	 9.9974e-01	 5.2034e+00	 9.9753e-01
2.9550e+01	 1.0782e+00	 5.2024e+00	 9.9964e-01	 5.1996e+00	 9.9709e-01
2.9573e+01	 1.0783e+00	 5.1986e+00	 9.9955e-01	 5.1958e+00	 9.9815e-01
2.9595e+01	 1.0783e+00	 5.1947e+00	 9.9952e-01	 5.1920e+00	 9.9683e-01
2.9618e+01	 1.0786e+00	 5.1910e+00	 9.9954e-01	 5.1882e+00	 9.9779e-01
2.9641e+01	 1.0785e+00	 5.1872e+00	 9.9962e-01	 5.1845e+00	 9.9664e-01
2.9663e+01	 1.0788e+00	 5.1834e+00	 9.9972e-01	 5.1807e+00	 9.9698e-01
2.9686e+01	 1.0788e+00	 5.1796e+00	 9.9982e-01	 5.1769e+00	 9.9701e-01
2.9709e+01	 1.0790e+00	 5.1758e+00	 9.9986e-01	 5.1731e+00	 9.9764e-01
2.9732e+01	 1.0791e+00	 5.1720e+00	 9.9984e-01	 5.1693e+00	 9.9812e-01
2.9754e+01	 1.0792e+00	 5.1682e+00	 9.9979e-01	 5.1655e+00	 9.9631e-01
2.9777e+01	 1.0794e+00	 5.1644e+00	 9.9969e-01	 5.1617e+00	 9.9768e-01
2.9800e+01	 1.0795e+00	 5.1607e+00	 9.9964e-01	 5.1580e+00	 9.9687e-01
2.9823e+01	 1.0798e+00	 5.1569e+00	 9.9962e-01	 5.1542e+00	 9.9775e-01
2.9846e+01	 1.0798e+00	 5.1531e+00	 9.9964e-01	 5.1504e+00	 9.9676e-01
2.9868e+01	 1.0800e+00	 5.1493e+00	 9.9966e-01	 5.1466e+00	 9.9742e-01
2.9891e+01	 1.0802e+00	 5.1456e+00	 9.9966e-01	 5.1429e+00	 9.9753e-01
2.9914e+01	 1.0803e+00	 5.1418e+00	 9.9966e-01	 5.1391e+00	 9.9723e-01
2.9937e+01	 1.0806e+00	 5.1380e+00	 9.9966e-01	 5.1354e+00	 9.9801e-01
2.9960e+01	 1.0806e+00	 5.1343e+00	 9.9967e-01	 5.1316e+00	 9.9668e-01
2.9983e+01	 1.0809e+00	 5.1305e+00	 9.9976e-01	 5.1279e+00	 9.9790e-01
3.0006e+01	 1.0809e+00	 5.1268e+00	 9.9984e-01	 5.1241e+00	 9.9687e-01
3.0029e+01	 1.0811e+00	 5.1230e+00	 9.9991e-01	 5.1204e+00	 9.9808e-01
3.0051e+01	 1.0812e+00	 5.1193e+00	 9.9991e-01	 5.1166e+00	 9.9757e-01
3.0074e+01	 1.0812e+00	 5.1155e+00	 9.9989e-01	 5.1129e+00	 9.9793e-01
3.0097e+01	 1.0814e+00	 5.1118e+00	 9.9982e-01	 5.1091e+00	 9.9757e-01
3.0120e+01	 1.0814e+00	 5.1080e+00	 9.9974e-01	 5.1054e+00	 9.9672e-01
3.0143e+01	 1.0816e+00	 5.1043e+00	 9.9967e-01	 5.1016e+00	 9.9804e-01
3.0166e+01	 1.0816e+00	 5.1006e+00	 9.9964e-01	 5.0979e+00	 9.9679e-01
3.0189e+01	 1.0818e+00	 5.0968e+00	 9.9960e-01	 5.0942e+00	 9.9775e-01
3.0212e+01	 1.0819e+00	 5.0931e+00	 9.9957e-01	 5.0905e+00	 9.9642e-01
3.0235e+01	 1.0819e+00	 5.0894e+00	 9.9955e-01	 5.0868e+00	 9.9753e-01
3.0258e+01	 1.0821e+00	 5.0857e+00	 9.9960e-01	 5.0830e+00	 9.9834e-01
3.0281e+01	 1.0821e+00	 5.0819e+00	 9.9972e-01	 5.0793e+00	 9.9768e-01
3.0304e+01	 1.0823e+00	 5.0782e+00	 9.9989e-01	 5.0756e+00	 9.9804e-01
3.0327e+01	 1.0823e+00	 5.0745e+00	 9.9996e-01	 5.0719e+00	 9.9926e-01
3.0351e+01	 1.0824e+00	 5.0708e+00	 9.9999e-01	 5.0682e+00	 1.0019e+00
3.0374e+01	 1.0825e+00	 5.0671e+00	 9.9998e-01	 5.0645e+00	 9.9970e-01
3.0397e+01	 1.0826e+00	 5.0634e+00	 9.9994e-01	 5.0608e+00	 9.9661e-01
3.0420e+01	 1.0827e+00	 5.0597e+00	 9.9993e-01	 5.0571e+00	 9.9348e-01
3.0443e+01	 1.0827e+00	 5.0560e+00	 9.9988e-01	 5.0534e+00	 9.9244e-01
3.0466e+01	 1.0829e+00	 5.0523e+00	 9.9981e-01	 5.0497e+00	 9.9241e-01
3.0489e+01	 1.0829e+00	 5.0486e+00	 9.9969e-01	 5.0460e+00	 9.9687e-01
3.0512e+01	 1.0831e+00	 5.0449e+00	 9.9960e-01	 5.0423e+00	 9.9996e-01
3.0536e+01	 1.0831e+00	 5.0412e+00	 9.9957e-01	 5.0386e+00	 9.9698e-01
3.0559e+01	 1.0832e+00	 5.0375e+00	 9.9954e-01	 5.0349e+00	 9.9801e-01
3.0582e+01	 1.0834e+00	 5.0338e+00	 9.9954e-01	 5.0312e+00	 9.9712e-01
3.0605e+01	 1.0834e+00	 5.0302e+00	 9.9955e-01	 5.0275e+00	 9.9672e-01
3.0629e+01	 1.0836e+00	 5.0265e+00	 9.9957e-01	 5.0238e+00	 9.9760e-01
3.0652e+01	 1.0836e+00	 5.0228e+00	 9.9959e-01	 5.0202e+00	 9.9786e-01
3.0675e+01	 1.0838e+00	 5.0191e+00	 9.9962e-01	 5.0165e+00	 9.9631e-01
3.0698e+01	 1.0839e+00	 5.0154e+00	 9.9966e-01	 5.0128e+00	 9.9639e-01
3.0722e+01	 1.0840e+00	 5.0118e+00	 9.9966e-01	 5.0091e+00	 9.9709e-01
3.0745e+01	 1.0841e+00	 5.0081e+00	 9.9964e-01	 5.0055e+00	 9.9779e-01
3.0768e+01	 1.0841e+00	 5.0044e+00	 9.9960e-01	 5.0018e+00	 9.9992e-01
3.0792e+01	 1.0843e+00	 5.0007e+00	 9.9959e-01	 4.9981e+00	 9.9653e-01
3.0815e+01	 1.0843e+00	 4.9971e+00	 9.9957e-01	 4.9945e+00	 9.9664e-01
3.0838e+01	 1.0845e+00	 4.9934e+00	 9.9957e-01	 4.9908e+00	 9.9716e-01
3.0862e+01	 1.0846e+00	 4.9898e+00	 9.9954e-01	 4.9872e+00	 9.9646e-01
3.0885e+01	 1.0847e+00	 4.9861e+00	 9.9955e-01	 4.9835e+00	 9.9664e-01
3.0908e+01	 1.0848e+00	 4.9825e+00	 9.9959e-01	 4.9799e+00	 9.9642e-01
3.0932e+01	 1.0848e+00	 4.9789e+00	 9.9960e-01	 4.9762e+00	 9.9764e-01
3.0955e+01	 1.0850e+00	 4.9752e+00	 9.9962e-01	 4.9726e+00	 9.9694e-01
3.0979e+01	 1.0849e+00	 4.9716e+00	 9.9960e-01	 4.9690e+00	 9.9852e-01
3.1002e+01	 1.0851e+00	 4.9679e+00	 9.9959e-01	 4.9653e+00	 9.9734e-01
3.1026e+01	 1.0851e+00	 4.9643e+00	 9.9960e-01	 4.9617e+00	 9.9867e-01
3.1049e+01	 1.0852e+00	 4.9606e+00	 9.9964e-01	 4.9581e+00	 9.9804e-01
3.1073e+01	 1.0853e+00	 4.9570e+00	 9.9969e-01	 4.9544e+00	 9.9782e-01
3.1096e+01	 1.0853e+00	 4.9534e+00	 9.9972e-01	 4.9508e+00	 9.9849e-01
3.1119e+01	 1.0855e+00	 4.9498e+00	 9.9976e-01	 4.9472e+00	 9.9731e-01
3.1143e+01	 1.0854e+00	 4.9462e+00	 9.9977e-01	 4.9436e+00	 9.9734e-01
3.1167e+01	 1.0856e+00	 4.9425e+00	 9.9974e-01	 4.9399e+00	 9.9569e-01
3.1190e+01	 1.0856e+00	 4.9389e+00	 9.9969e-01	 4.9363e+00	 9.9753e-01
3.1214e+01	 1.0858e+00	 4.9353e+00	 9.9964e-01	 4.9327e+00	 9.9838e-01
3.1237e+01	 1.0859e+00	 4.9317e+00	 9.9959e-01	 4.9291e+00	 9.9944e-01
3.1261e+01	 1.0859e+00	 4.9281e+00	 9.9954e-01	 4.9255e+00	 9.9860e-01
3.1284e+01	 1.0861e+00	 4.9245e+00	 9.9950e-01	 4.9219e+00	 9.9687e-01
3.1308e+01	 1.0861e+00	 4.9208e+00	 9.9949e-01	 4.9183e+00	 9.9668e-01
3.1332e+01	 1.0863e+00	 4.9172e+00	 9.9950e-01	 4.9147e+00	 9.9561e-01
3.1355e+01	 1.0863e+00	 4.9136e+00	 9.9955e-01	 4.9111e+00	 9.9716e-01
3.1379e+01	 1.0864e+00	 4.9101e+00	 9.9962e-01	 4.9075e+00	 9.9624e-01
3.1402e+01	 1.0865e+00	 4.9065e+00	 9.9967e-01	 4.9039e+00	 9.9723e-01
3.1426e+01	 1.0865e+00	 4.9029e+00	 9.9967e-01	 4.9003e+00	 9.9683e-01
3.1450e+01	 1.0867e+00	 4.8993e+00	 9.9964e-01	 4.8967e+00	 9.9690e-01
3.1474e+01	 1.0867e+00	 4.8957e+00	 9.9964e-01	 4.8931e+00	 9.9734e-01
3.1497e+01	 1.0869e+00	 4.8921e+00	 9.9962e-01	 4.8895e+00	 9.9731e-01
3.1521e+01	 1.0869e+00	 4.8885e+00	 9.9962e-01	 4.8860e+00	 9.9852e-01
3.1545e+01	 1.0871e+00	 4.8849e+00	 9.9959e-01	 4.8824e+00	 9.9727e-01
3.1568e+01	 1.0872e+00	 4.8814e+00	 9.9959e-01	 4.8788e+00	 9.9779e-01
3.1592e+01	 1.0873e+00	 4.8778e+00	 9.9960e-01	 4.8752e+00	 9.9587e-01
3.1616e+01	 1.0875e+00	 4.8742e+00	 9.9964e-01	 4.8717e+00	 9.9650e-01
3.1640e+01	 1.0875e+00	 4.8707e+00	 9.9966e-01	 4.8681e+00	 9.9716e-01
3.1663e+01	 1.0878e+00	 4.8671e+00	 9.9969e-01	 4.8645e+00	 9.9753e-01
3.1687e+01	 1.0878e+00	 4.8635e+00	 9.9972e-01	 4.8610e+00	 9.9712e-01
3.1711e+01	 1.0881e+00	 4.8599e+00	 9.9969e-01	 4.8574e+00	 9.9642e-01
3.1735e+01	 1.0882e+00	 4.8564e+00	 9.9962e-01	 4.8539e+00	 9.9801e-01
3.1759e+01	 1.0883e+00	 4.8528e+00	 9.9957e-01	 4.8503e+00	 9.9709e-01
3.1783e+01	 1.0886e+00	 4.8493e+00	 9.9955e-01	 4.8468e+00	 9.9804e-01
3.1806e+01	 1.0886e+00	 4.8457e+00	 9.9955e-01	 4.8432e+00	 9.9661e-01
3.1830e+01	 1.0889e+00	 4.8422e+00	 9.9954e-01	 4.8397e+00	 9.9709e-01
3.1854e+01	 1.0890e+00	 4.8387e+00	 9.9954e-01	 4.8361e+00	 9.9720e-01
3.1878e+01	 1.0892e+00	 4.8351e+00	 9.9954e-01	 4.8326e+00	 9.9764e-01
3.1902e+01	 1.0894e+00	 4.8316e+00	 9.9954e-01	 4.8291e+00	 9.9797e-01
3.1926e+01	 1.0895e+00	 4.8280e+00	 9.9954e-01	 4.8255e+00	 9.9690e-01
3.1950e+01	 1.0898e+00	 4.8245e+00	 9.9954e-01	 4.8220e+00	 9.9823e-01
3.1974e+01	 1.0898e+00	 4.8210e+00	 9.9955e-01	 4.8185e+00	 9.9690e-01
3.1998e+01	 1.0902e+00	 4.8175e+00	 9.9952e-01	 4.8149e+00	 9.9793e-01
3.2022e+01	 1.0902e+00	 4.8139e+00	 9.9947e-01	 4.8114e+00	 9.9727e-01
3.2046e+01	 1.0905e+00	 4.8104e+00	 9.9943e-01	 4.8079e+00	 9.9804e-01
3.2070e+01	 1.0906e+00	 4.8069e+00	 9.9945e-01	 4.8044e+00	 9.9790e-01
3.2094e+01	 1.0907e+00	 4.8034e+00	 9.9952e-01	 4.8009e+00	 9.9709e-01
3.2118e+01	 1.0910e+00	 4.7998e+00	 9.9960e-01	 4.7973e+00	 9.9727e-01
3.2142e+01	 1.0910e+00	 4.7963e+00	 9.9966e-01	 4.7938e+00	 9.9650e-01
3.2166e+01	 1.0913e+00	 4.7928e+00	 9.9964e-01	 4.7903e+00	 9.9775e-01
3.2190e+01	 1.0913e+00	 4.7893e+00	 9.9957e-01	 4.7868e+00	 9.9653e-01
3.2214e+01	 1.0915e+00	 4.7858e+00	 9.9947e-01	 4.7833e+00	 9.9727e-01
3.2238e+01	 1.0916e+00	 4.7823e+00	 9.9942e-01	 4.7798e+00	 9.9690e-01
3.2262e+01	 1.0917e+00	 4.7788e+00	 9.9942e-01	 4.7763e+00	 9.9775e-01
3.2286e+01	 1.0918e+00	 4.7753e+00	 9.9943e-01	 4.7728e+00	 9.9793e-01
3.2310e+01	 1.0918e+00	 4.7718e+00	 9.9947e-01	 4.7693e+00	 9.9690e-01
3.2335e+01	 1.0921e+00	 4.7683e+00	 9.9954e-01	 4.7658e+00	 9.9797e-01
3.2359e+01	 1.0921e+00	 4.7648e+00	 9.9960e-01	 4.7623e+00	 9.9653e-01
3.2383e+01	 1.0923e+00	 4.7614e+00	 9.9964e-01	 4.7589e+00	 9.9801e-01
3.2407e+01	 1.0923e+00	 4.7579e+00	 9.9960e-01	 4.7554e+00	 9.9764e-01
3.2431e+01	 1.0924e+00	 4.7544e+00	 9.9955e-01	 4.7519e+00	 9.9867e-01
3.2455e+01	 1.0925e+00	 4.7509e+00	 9.9950e-01	 4.7484e+00	 9.9738e-01
3.2480e+01	 1.0925e+00	 4.7474e+00	 9.9949e-01	 4.7449e+00	 9.9716e-01
3.2504e+01	 1.0926e+00	 4.7440e+00	 9.9947e-01	 4.7415e+00	 9.9771e-01
3.2528e+01	 1.0926e+00	 4.7405e+00	 9.9947e-01	 4.7380e+00	 9.9694e-01
3.2552e+01	 1.0927e+00	 4.7370e+00	 9.9947e-01	 4.7345e+00	 9.9753e-01
3.2577e+01	 1.0927e+00	 4.7335e+00	 9.9950e-01	 4.7311e+00	 9.9657e-01
3.2601e+01	 1.0927e+00	 4.7301e+00	 9.9955e-01	 4.7276e+00	 9.9838e-01
3.2625e+01	 1.0928e+00	 4.7266e+00	 9.9957e-01	 4.7242e+00	 9.9690e-01
3.2649e+01	 1.0927e+00	 4.7232e+00	 9.9955e-01	 4.7207e+00	 9.9712e-01
3.2674e+01	 1.0929e+00	 4.7197e+00	 9.9957e-01	 4.7172e+00	 9.9698e-01
3.2698e+01	 1.0927e+00	 4.7163e+00	 9.9957e-01	 4.7138e+00	 9.9698e-01
3.2722e+01	 1.0929e+00	 4.7128e+00	 9.9957e-01	 4.7103e+00	 9.9815e-01
3.2747e+01	 1.0928e+00	 4.7094e+00	 9.9957e-01	 4.7069e+00	 9.9745e-01
3.2771e+01	 1.0929e+00	 4.7059e+00	 9.9959e-01	 4.7035e+00	 9.9856e-01
3.2795e+01	 1.0930e+00	 4.7025e+00	 9.9964e-01	 4.7000e+00	 9.9701e-01
3.2820e+01	 1.0929e+00	 4.6990e+00	 9.9966e-01	 4.6966e+00	 9.9790e-01
3.2844e+01	 1.0931e+00	 4.6956e+00	 9.9960e-01	 4.6931e+00	 9.9709e-01
3.2869e+01	 1.0930e+00	 4.6921e+00	 9.9954e-01	 4.6897e+00	 9.9782e-01
3.2893e+01	 1.0932e+00	 4.6887e+00	 9.9949e-01	 4.6863e+00	 9.9771e-01
3.2917e+01	 1.0932e+00	 4.6853e+00	 9.9945e-01	 4.6828e+00	 9.9709e-01
3.2942e+01	 1.0934e+00	 4.6819e+00	 9.9945e-01	 4.6794e+00	 9.9790e-01
3.2966e+01	 1.0935e+00	 4.6784e+00	 9.9947e-01	 4.6760e+00	 9.9727e-01
3.2991e+01	 1.0935e+00	 4.6750e+00	 9.9949e-01	 4.6726e+00	 9.9852e-01
3.3015e+01	 1.0937e+00	 4.6716e+00	 9.9950e-01	 4.6691e+00	 9.9676e-01
3.3040e+01	 1.0937e+00	 4.6682e+00	 9.9954e-01	 4.6657e+00	 9.9779e-01
3.3064e+01	 1.0939e+00	 4.6647e+00	 9.9957e-01	 4.6623e+00	 9.9753e-01
3.3089e+01	 1.0939e+00	 4.6613e+00	 9.9959e-01	 4.6589e+00	 9.9753e-01
3.3113e+01	 1.0941e+00	 4.6579e+00	 9.9959e-01	 4.6555e+00	 9.9764e-01
3.3138e+01	 1.0942e+00	 4.6545e+00	 9.9955e-01	 4.6521e+00	 9.9705e-01
3.3162e+01	 1.0942e+00	 4.6511e+00	 9.9949e-01	 4.6487e+00	 9.9801e-01
3.3187e+01	 1.0944e+00	 4.6477e+00	 9.9942e-01	 4.6453e+00	 9.9690e-01
3.3212e+01	 1.0944e+00	 4.6443e+00	 9.9935e-01	 4.6418e+00	 9.9782e-01
3.3236e+01	 1.0947e+00	 4.6409e+00	 9.9935e-01	 4.6385e+00	 9.9661e-01
3.3261e+01	 1.0947e+00	 4.6375e+00	 9.9938e-01	 4.6351e+00	 9.9760e-01
3.3285e+01	 1.0948e+00	 4.6341e+00	 9.9943e-01	 4.6317e+00	 9.9768e-01
3.3310e+01	 1.0949e+00	 4.6307e+00	 9.9952e-01	 4.6283e+00	 9.9749e-01
3.3334e+01	 1.0950e+00	 4.6273e+00	 9.9957e-01	 4.6249e+00	 9.9760e-01
3.3359e+01	 1.0952e+00	 4.6239e+00	 9.9960e-01	 4.6215e+00	 9.9709e-01
3.3384e+01	 1.0952e+00	 4.6205e+00	 9.9957e-01	 4.6181e+00	 9.9804e-01
3.3408e+01	 1.0954e+00	 4.6171e+00	 9.9950e-01	 4.6147e+00	 9.9679e-01
3.3433e+01	 1.0954e+00	 4.6138e+00	 9.9943e-01	 4.6113e+00	 9.9801e-01
3.3458e+01	 1.0956e+00	 4.6104e+00	 9.9940e-01	 4.6080e+00	 9.9672e-01
3.3483e+01	 1.0957e+00	 4.6070e+00	 9.9938e-01	 4.6046e+00	 9.9716e-01
3.3507e+01	 1.0958e+00	 4.6036e+00	 9.9938e-01	 4.6012e+00	 9.9727e-01
3.3532e+01	 1.0961e+00	 4.6002e+00	 9.9940e-01	 4.5978e+00	 9.9712e-01
3.3557e+01	 1.0961e+00	 4.5969e+00	 9.9943e-01	 4.5945e+00	 9.9775e-01
3.3581e+01	 1.0964e+00	 4.5935e+00	 9.9949e-01	 4.5911e+00	 9.9698e-01
3.3606e+01	 1.0964e+00	 4.5902e+00	 9.9955e-01	 4.5877e+00	 9.9812e-01
3.3631e+01	 1.0967e+00	 4.5868e+00	 9.9960e-01	 4.5844e+00	 9.9709e-01
3.3656e+01	 1.0968e+00	 4.5834e+00	 9.9962e-01	 4.5810e+00	 9.9849e-01
3.3681e+01	 1.0969e+00	 4.5801e+00	 9.9966e-01	 4.5777e+00	 9.9742e-01
3.3705e+01	 1.0971e+00	 4.5767e+00	 9.9969e-01	 4.5743e+00	 9.9768e-01
3.3730e+01	 1.0971e+00	 4.5734e+00	 9.9971e-01	 4.5710e+00	 9.9782e-01
3.3755e+01	 1.0974e+00	 4.5700e+00	 9.9969e-01	 4.5676e+00	 9.9720e-01
3.3780e+01	 1.0973e+00	 4.5667e+00	 9.9966e-01	 4.5643e+00	 9.9786e-01
3.3805e+01	 1.0975e+00	 4.5633e+00	 9.9962e-01	 4.5609e+00	 9.9661e-01
3.3830e+01	 1.0976e+00	 4.5600e+00	 9.9957e-01	 4.5576e+00	 9.9790e-01
3.3855e+01	 1.0977e+00	 4.5566e+00	 9.9954e-01	 4.5543e+00	 9.9709e-01
3.3880e+01	 1.0978e+00	 4.5533e+00	 9.9947e-01	 4.5509e+00	 9.9845e-01
3.3904e+01	 1.0978e+00	 4.5500e+00	 9.9942e-01	 4.5476e+00	 9.9768e-01
3.3929e+01	 1.0980e+00	 4.5467e+00	 9.9938e-01	 4.5443e+00	 9.9727e-01
3.3954e+01	 1.0979e+00	 4.5433e+00	 9.9938e-01	 4.5410e+00	 9.9731e-01
3.3979e+01	 1.0981e+00	 4.5400e+00	 9.9940e-01	 4.5376e+00	 9.9701e-01
3.4004e+01	 1.0981e+00	 4.5367e+00	 9.9943e-01	 4.5343e+00	 9.9808e-01
3.4029e+01	 1.0981e+00	 4.5334e+00	 9.9945e-01	 4.5310e+00	 9.9694e-01
3.4054e+01	 1.0983e+00	 4.5300e+00	 9.9947e-01	 4.5277e+00	 9.9819e-01
3.4079e+01	 1.0982e+00	 4.5267e+00	 9.9952e-01	 4.5243e+00	 9.9712e-01
3.4104e+01	 1.0984e+00	 4.5234e+00	 9.9955e-01	 4.5210e+00	 9.9812e-01
3.4129e+01	 1.0984e+00	 4.5201e+00	 9.9959e-01	 4.5177e+00	 9.9808e-01
3.4154e+01	 1.0986e+00	 4.5168e+00	 9.9957e-01	 4.5144e+00	 9.9804e-01
3.4179e+01	 1.0986e+00	 4.5135e+00	 9.9952e-01	 4.5111e+00	 9.9849e-01
3.4204e+01	 1.0987e+00	 4.5101e+00	 9.9943e-01	 4.5078e+00	 9.9749e-01
3.4229e+01	 1.0988e+00	 4.5068e+00	 9.9937e-01	 4.5045e+00	 9.9812e-01
3.4254e+01	 1.0988e+00	 4.5035e+00	 9.9933e-01	 4.5012e+00	 9.9687e-01
3.4279e+01	 1.0990e+00	 4.5002e+00	 9.9938e-01	 4.4979e+00	 9.9749e-01
3.4305e+01	 1.0990e+00	 4.4969e+00	 9.9945e-01	 4.4946e+00	 9.9694e-01
3.4330e+01	 1.0992e+00	 4.4936e+00	 9.9950e-01	 4.4913e+00	 9.9782e-01
3.4355e+01	 1.0992e+00	 4.4903e+00	 9.9955e-01	 4.4880e+00	 9.9753e-01
3.4380e+01	 1.0993e+00	 4.4871e+00	 9.9957e-01	 4.4847e+00	 9.9753e-01
3.4405e+01	 1.0995e+00	 4.4838e+00	 9.9955e-01	 4.4814e+00	 9.9834e-01
3.4430e+01	 1.0995e+00	 4.4805e+00	 9.9950e-01	 4.4781e+00	 9.9679e-01
3.4456e+01	 1.0998e+00	 4.4772e+00	 9.9945e-01	 4.4749e+00	 9.9845e-01
3.4481e+01	 1.0998e+00	 4.4739e+00	 9.9942e-01	 4.4716e+00	 9.9701e-01
3.4506e+01	 1.1001e+00	 4.4706e+00	 9.9940e-01	 4.4683e+00	 9.9757e-01
3.4531e+01	 1.1001e+00	 4.4674e+00	 9.9942e-01	 4.4650e+00	 9.9698e-01
3.4556e+01	 1.1003e+00	 4.4641e+00	 9.9947e-01	 4.4618e+00	 9.9838e-01
3.4581e+01	 1.1005e+00	 4.4608e+00	 9.9952e-01	 4.4585e+00	 9.9827e-01
3.4607e+01	 1.1005e+00	 4.4575e+00	 9.9954e-01	 4.4552e+00	 9.9768e-01
3.4632e+01	 1.1008e+00	 4.4543e+00	 9.9954e-01	 4.4519e+00	 9.9856e-01
3.4657e+01	 1.1008e+00	 4.4510e+00	 9.9949e-01	 4.4487e+00	 9.9705e-01
3.4682e+01	 1.1011e+00	 4.4477e+00	 9.9942e-01	 4.4454e+00	 9.9823e-01
3.4708e+01	 1.1012e+00	 4.4445e+00	 9.9933e-01	 4.4422e+00	 9.9687e-01
3.4733e+01	 1.1013e+00	 4.4412e+00	 9.9926e-01	 4.4389e+00	 9.9793e-01
3.4758e+01	 1.1015e+00	 4.4380e+00	 9.9925e-01	 4.4357e+00	 9.9757e-01
3.4784e+01	 1.1015e+00	 4.4347e+00	 9.9930e-01	 4.4324e+00	 9.9768e-01
3.4809e+01	 1.1018e+00	 4.4315e+00	 9.9940e-01	 4.4292e+00	 9.9764e-01
3.4834e+01	 1.1018e+00	 4.4282e+00	 9.9947e-01	 4.4259e+00	 9.9698e-01
3.4860e+01	 1.1020e+00	 4.4250e+00	 9.9949e-01	 4.4227e+00	 9.9786e-01
3.4885e+01	 1.1020e+00	 4.4217e+00	 9.9945e-01	 4.4194e+00	 9.9687e-01
3.4910e+01	 1.1021e+00	 4.4185e+00	 9.9942e-01	 4.4162e+00	 9.9860e-01
3.4936e+01	 1.1022e+00	 4.4153e+00	 9.9938e-01	 4.4130e+00	 9.9720e-01
3.4961e+01	 1.1022e+00	 4.4120e+00	 9.9937e-01	 4.4097e+00	 9.9771e-01
3.4987e+01	 1.1024e+00	 4.4088e+00	 9.9933e-01	 4.4065e+00	 9.9723e-01
3.5012e+01	 1.1023e+00	 4.4056e+00	 9.9932e-01	 4.4033e+00	 9.9701e-01
3.5038e+01	 1.1025e+00	 4.4023e+00	 9.9928e-01	 4.4000e+00	 9.9782e-01
3.5063e+01	 1.1024e+00	 4.3991e+00	 9.9932e-01	 4.3968e+00	 9.9687e-01
3.5089e+01	 1.1025e+00	 4.3959e+00	 9.9940e-01	 4.3936e+00	 9.9775e-01
3.5114e+01	 1.1026e+00	 4.3927e+00	 9.9950e-01	 4.3904e+00	 9.9683e-01
3.5139e+01	 1.1026e+00	 4.3895e+00	 9.9959e-01	 4.3872e+00	 9.9852e-01
3.5165e+01	 1.1028e+00	 4.3863e+00	 9.9959e-01	 4.3840e+00	 9.9753e-01
3.5191e+01	 1.1028e+00	 4.3830e+00	 9.9954e-01	 4.3807e+00	 9.9734e-01
3.5216e+01	 1.1030e+00	 4.3798e+00	 9.9945e-01	 4.3775e+00	 9.9701e-01
3.5242e+01	 1.1030e+00	 4.3766e+00	 9.9938e-01	 4.3743e+00	 9.9731e-01
3.5267e+01	 1.1033e+00	 4.3734e+00	 9.9935e-01	 4.3711e+00	 9.9804e-01
3.5293e+01	 1.1034e+00	 4.3702e+00	 9.9932e-01	 4.3679e+00	 9.9642e-01
3.5318e+01	 1.1035e+00	 4.3670e+00	 9.9930e-01	 4.3647e+00	 9.9845e-01
3.5344e+01	 1.1038e+00	 4.3638e+00	 9.9928e-01	 4.3615e+00	 9.9786e-01
3.5369e+01	 1.1038e+00	 4.3606e+00	 9.9926e-01	 4.3583e+00	 9.9860e-01
3.5395e+01	 1.1042e+00	 4.3574e+00	 9.9930e-01	 4.3551e+00	 9.9712e-01
3.5421e+01	 1.1042e+00	 4.3542e+00	 9.9937e-01	 4.3520e+00	 9.9779e-01
3.5446e+01	 1.1045e+00	 4.3510e+00	 9.9942e-01	 4.3488e+00	 9.9793e-01
3.5472e+01	 1.1047e+00	 4.3479e+00	 9.9943e-01	 4.3456e+00	 9.9698e-01
3.5498e+01	 1.1049e+00	 4.3447e+00	 9.9940e-01	 4.3424e+00	 9.9771e-01
3.5523e+01	 1.1051e+00	 4.3415e+00	 9.9935e-01	 4.3392e+00	 9.9683e-01
3.5549e+01	 1.1052e+00	 4.3383e+00	 9.9932e-01	 4.3360e+00	 9.9815e-01
3.5575e+01	 1.1055e+00	 4.3351e+00	 9.9928e-01	 4.3329e+00	 9.9742e-01
3.5600e+01	 1.1055e+00	 4.3320e+00	 9.9930e-01	 4.3297e+00	 9.9827e-01
3.5626e+01	 1.1058e+00	 4.3288e+00	 9.9937e-01	 4.3265e+00	 9.9768e-01
3.5652e+01	 1.1058e+00	 4.3256e+00	 9.9945e-01	 4.3233e+00	 9.9771e-01
3.5677e+01	 1.1059e+00	 4.3224e+00	 9.9952e-01	 4.3202e+00	 9.9786e-01
3.5703e+01	 1.1060e+00	 4.3193e+00	 9.9952e-01	 4.3170e+00	 9.9742e-01
3.5729e+01	 1.1060e+00	 4.3161e+00	 9.9945e-01	 4.3139e+00	 9.9830e-01
3.5755e+01	 1.1062e+00	 4.3129e+00	 9.9937e-01	 4.3107e+00	 9.9635e-01
3.5780e+01	 1.1061e+00	 4.3098e+00	 9.9932e-01	 4.3075e+00	 9.9753e-01
3.5806e+01	 1.1062e+00	 4.3066e+00	 9.9928e-01	 4.3044e+00	 9.9701e-01
3.5832e+01	 1.1062e+00	 4.3035e+00	 9.9925e-01	 4.3012e+00	 9.9779e-01
3.5858e+01	 1.1062e+00	 4.3003e+00	 9.9923e-01	 4.2981e+00	 9.9727e-01
3.5884e+01	 1.1063e+00	 4.2972e+00	 9.9926e-01	 4.2949e+00	 9.9734e-01
3.5910e+01	 1.1063e+00	 4.2940e+00	 9.9933e-01	 4.2918e+00	 9.9815e-01
3.5935e+01	 1.1065e+00	 4.2909e+00	 9.9938e-01	 4.2886e+00	 9.9716e-01
3.5961e+01	 1.1064e+00	 4.2877e+00	 9.9942e-01	 4.2855e+00	 9.9804e-01
3.5987e+01	 1.1067e+00	 4.2846e+00	 9.9950e-01	 4.2824e+00	 9.9642e-01
3.6013e+01	 1.1067e+00	 4.2815e+00	 9.9960e-01	 4.2792e+00	 9.9830e-01
3.6039e+01	 1.1069e+00	 4.2783e+00	 9.9964e-01	 4.2761e+00	 9.9760e-01
3.6065e+01	 1.1071e+00	 4.2752e+00	 9.9964e-01	 4.2730e+00	 9.9782e-01
3.6091e+01	 1.1071e+00	 4.2721e+00	 9.9962e-01	 4.2698e+00	 9.9801e-01
3.6117e+01	 1.1074e+00	 4.2689e+00	 9.9957e-01	 4.2667e+00	 9.9753e-01
3.6142e+01	 1.1075e+00	 4.2658e+00	 9.9952e-01	 4.2636e+00	 9.9808e-01
3.6168e+01	 1.1078e+00	 4.2627e+00	 9.9947e-01	 4.2604e+00	 9.9705e-01
3.6194e+01	 1.1079e+00	 4.2596e+00	 9.9940e-01	 4.2573e+00	 9.9797e-01
3.6220e+01	 1.1081e+00	 4.2564e+00	 9.9937e-01	 4.2542e+00	 9.9631e-01
3.6246e+01	 1.1082e+00	 4.2533e+00	 9.9935e-01	 4.2511e+00	 9.9790e-01
3.6272e+01	 1.1083e+00	 4.2502e+00	 9.9935e-01	 4.2480e+00	 9.9775e-01
3.6298e+01	 1.1086e+00	 4.2471e+00	 9.9935e-01	 4.2449e+00	 9.9793e-01
3.6324e+01	 1.1086e+00	 4.2440e+00	 9.9938e-01	 4.2418e+00	 9.9786e-01
3.6350e+01	 1.1088e+00	 4.2409e+00	 9.9943e-01	 4.2387e+00	 9.9705e-01
3.6376e+01	 1.1088e+00	 4.2378e+00	 9.9949e-01	 4.2356e+00	 9.9782e-01
3.6402e+01	 1.1089e+00	 4.2347e+00	 9.9952e-01	 4.2325e+00	 9.9709e-01
3.6428e+01	 1.1090e+00	 4.2316e+00	 9.9954e-01	 4.2294e+00	 9.9830e-01
3.6455e+01	 1.1090e+00	 4.2285e+00	 9.9952e-01	 4.2263e+00	 9.9720e-01
3.6481e+01	 1.1092e+00	 4.2254e+00	 9.9949e-01	 4.2232e+00	 9.9815e-01
3.6507e+01	 1.1092e+00	 4.2223e+00	 9.9947e-01	 4.2201e+00	 9.9709e-01
3.6533e+01	 1.1094e+00	 4.2192e+00	 9.9949e-01	 4.2170e+00	 9.9679e-01
3.6559e+01	 1.1093e+00	 4.2161e+00	 9.9950e-01	 4.2139e+00	 9.9782e-01
3.6585e+01	 1.1094e+00	 4.2130e+00	 9.9952e-01	 4.2108e+00	 9.9731e-01
3.6611e+01	 1.1095e+00	 4.2099e+00	 9.9947e-01	 4.2077e+00	 9.9808e-01
3.6637e+01	 1.1095e+00	 4.2069e+00	 9.9940e-01	 4.2047e+00	 9.9687e-01
3.6663e+01	 1.1097e+00	 4.2038e+00	 9.9933e-01	 4.2016e+00	 9.9849e-01
3.6690e+01	 1.1097e+00	 4.2007e+00	 9.9926e-01	 4.1985e+00	 9.9779e-01
3.6716e+01	 1.1099e+00	 4.1976e+00	 9.9923e-01	 4.1955e+00	 9.9838e-01
3.6742e+01	 1.1099e+00	 4.1946e+00	 9.9921e-01	 4.1924e+00	 9.9760e-01
3.6768e+01	 1.1101e+00	 4.1915e+00	 9.9925e-01	 4.1893e+00	 9.9720e-01
3.6794e+01	 1.1102e+00	 4.1884e+00	 9.9930e-01	 4.1862e+00	 9.9797e-01
3.6821e+01	 1.1102e+00	 4.1854e+00	 9.9935e-01	 4.1832e+00	 9.9701e-01
3.6847e+01	 1.1104e+00	 4.1823e+00	 9.9938e-01	 4.1801e+00	 9.9812e-01
3.6873e+01	 1.1104e+00	 4.1792e+00	 9.9943e-01	 4.1771e+00	 9.9701e-01
3.6899e+01	 1.1107e+00	 4.1762e+00	 9.9945e-01	 4.1740e+00	 9.9834e-01
3.6926e+01	 1.1107e+00	 4.1731e+00	 9.9947e-01	 4.1709e+00	 9.9742e-01
3.6952e+01	 1.1109e+00	 4.1701e+00	 9.9947e-01	 4.1679e+00	 9.9779e-01
3.6978e+01	 1.1109e+00	 4.1670e+00	 9.9945e-01	 4.1648e+00	 9.9757e-01
3.7005e+01	 1.1110e+00	 4.1640e+00	 9.9942e-01	 4.1618e+00	 9.9712e-01
3.7031e+01	 1.1111e+00	 4.1609e+00	 9.9942e-01	 4.1588e+00	 9.9801e-01
3.7057e+01	 1.1111e+00	 4.1579e+00	 9.9943e-01	 4.1557e+00	 9.9690e-01
3.7083e+01	 1.1113e+00	 4.1548e+00	 9.9947e-01	 4.1527e+00	 9.9797e-01
3.7110e+01	 1.1113e+00	 4.1518e+00	 9.9947e-01	 4.1496e+00	 9.9687e-01
3.7136e+01	 1.1115e+00	 4.1487e+00	 9.9950e-01	 4.1466e+00	 9.9801e-01
3.7163e+01	 1.1115e+00	 4.1457e+00	 9.9952e-01	 4.1435e+00	 9.9734e-01
3.7189e+01	 1.1115e+00	 4.1427e+00	 9.9954e-01	 4.1405e+00	 9.9757e-01
3.7215e+01	 1.1117e+00	 4.1396e+00	 9.9954e-01	 4.1375e+00	 9.9779e-01
3.7242e+01	 1.1116e+00	 4.1366e+00	 9.9950e-01	 4.1344e+00	 9.9679e-01
3.7268e+01	 1.1118e+00	 4.1336e+00	 9.9945e-01	 4.1314e+00	 9.9834e-01
3.7294e+01	 1.1117e+00	 4.1305e+00	 9.9938e-01	 4.1284e+00	 9.9760e-01
3.7321e+01	 1.1119e+00	 4.1275e+00	 9.9935e-01	 4.1254e+00	 9.9823e-01
3.7347e+01	 1.1118e+00	 4.1245e+00	 9.9933e-01	 4.1224e+00	 9.9661e-01
3.7374e+01	 1.1119e+00	 4.1215e+00	 9.9933e-01	 4.1193e+00	 9.9757e-01
3.7400e+01	 1.1120e+00	 4.1185e+00	 9.9933e-01	 4.1163e+00	 9.9731e-01
3.7427e+01	 1.1119e+00	 4.1155e+00	 9.9935e-01	 4.1133e+00	 9.9786e-01
3.7453e+01	 1.1121e+00	 4.1124e+00	 9.9938e-01	 4.1103e+00	 9.9834e-01
3.7480e+01	 1.1120e+00	 4.1094e+00	 9.9940e-01	 4.1073e+00	 9.9727e-01
3.7506e+01	 1.1122e+00	 4.1064e+00	 9.9937e-01	 4.1043e+00	 9.9827e-01
3.7533e+01	 1.1122e+00	 4.1034e+00	 9.9933e-01	 4.1013e+00	 9.9683e-01
3.7559e+01	 1.1123e+00	 4.1004e+00	 9.9928e-01	 4.0983e+00	 9.9749e-01
3.7586e+01	 1.1125e+00	 4.0974e+00	 9.9928e-01	 4.0953e+00	 9.9687e-01
3.7612e+01	 1.1125e+00	 4.0944e+00	 9.9930e-01	 4.0923e+00	 9.9808e-01
3.7639e+01	 1.1127e+00	 4.0915e+00	 9.9933e-01	 4.0893e+00	 9.9749e-01
3.7665e+01	 1.1127e+00	 4.0885e+00	 9.9937e-01	 4.0863e+00	 9.9768e-01
3.7692e+01	 1.1129e+00	 4.0855e+00	 9.9940e-01	 4.0833e+00	 9.9845e-01
3.7719e+01	 1.1129e+00	 4.0825e+00	 9.9945e-01	 4.0804e+00	 9.9705e-01
3.7745e+01	 1.1131e+00	 4.0795e+00	 9.9949e-01	 4.0774e+00	 9.9838e-01
3.7772e+01	 1.1132e+00	 4.0765e+00	 9.9952e-01	 4.0744e+00	 9.9745e-01
3.7798e+01	 1.1133e+00	 4.0735e+00	 9.9952e-01	 4.0714e+00	 9.9863e-01
3.7825e+01	 1.1135e+00	 4.0706e+00	 9.9949e-01	 4.0684e+00	 9.9723e-01
3.7852e+01	 1.1135e+00	 4.0676e+00	 9.9940e-01	 4.0654e+00	 9.9731e-01
3.7878e+01	 1.1137e+00	 4.0646e+00	 9.9932e-01	 4.0625e+00	 9.9801e-01
3.7905e+01	 1.1138e+00	 4.0616e+00	 9.9926e-01	 4.0595e+00	 9.9764e-01
3.7932e+01	 1.1139e+00	 4.0586e+00	 9.9926e-01	 4.0565e+00	 9.9804e-01
3.7958e+01	 1.1141e+00	 4.0557e+00	 9.9932e-01	 4.0535e+00	 9.9712e-01
3.7985e+01	 1.1142e+00	 4.0527e+00	 9.9935e-01	 4.0506e+00	 9.9815e-01
3.8012e+01	 1.1144e+00	 4.0497e+00	 9.9938e-01	 4.0476e+00	 9.9653e-01
3.8038e+01	 1.1144e+00	 4.0468e+00	 9.9943e-01	 4.0446e+00	 9.9782e-01
3.8065e+01	 1.1147e+00	 4.0438e+00	 9.9950e-01	 4.0417e+00	 9.9768e-01
3.8092e+01	 1.1147e+00	 4.0408e+00	 9.9954e-01	 4.0387e+00	 9.9734e-01
3.8119e+01	 1.1149e+00	 4.0379e+00	 9.9949e-01	 4.0358e+00	 9.9753e-01
3.8145e+01	 1.1151e+00	 4.0349e+00	 9.9940e-01	 4.0328e+00	 9.9720e-01
3.8172e+01	 1.1151e+00	 4.0320e+00	 9.9932e-01	 4.0298e+00	 9.9808e-01
3.8199e+01	 1.1154e+00	 4.0290e+00	 9.9930e-01	 4.0269e+00	 9.9653e-01
3.8226e+01	 1.1154e+00	 4.0260e+00	 9.9933e-01	 4.0239e+00	 9.9812e-01
3.8253e+01	 1.1156e+00	 4.0231e+00	 9.9938e-01	 4.0210e+00	 9.9709e-01
3.8279e+01	 1.1156e+00	 4.0202e+00	 9.9942e-01	 4.0181e+00	 9.9768e-01
3.8306e+01	 1.1158e+00	 4.0172e+00	 9.9943e-01	 4.0151e+00	 9.9775e-01
3.8333e+01	 1.1159e+00	 4.0143e+00	 9.9943e-01	 4.0122e+00	 9.9768e-01
3.8360e+01	 1.1159e+00	 4.0113e+00	 9.9940e-01	 4.0092e+00	 9.9757e-01
3.8387e+01	 1.1162e+00	 4.0084e+00	 9.9937e-01	 4.0063e+00	 9.9687e-01
3.8413e+01	 1.1161e+00	 4.0055e+00	 9.9935e-01	 4.0034e+00	 9.9827e-01
3.8440e+01	 1.1164e+00	 4.0025e+00	 9.9933e-01	 4.0004e+00	 9.9698e-01
3.8467e+01	 1.1164e+00	 3.9996e+00	 9.9933e-01	 3.9975e+00	 9.9823e-01
3.8494e+01	 1.1166e+00	 3.9967e+00	 9.9933e-01	 3.9946e+00	 9.9734e-01
3.8521e+01	 1.1166e+00	 3.9937e+00	 9.9933e-01	 3.9917e+00	 9.9793e-01
3.8548e+01	 1.1167e+00	 3.9908e+00	 9.9933e-01	 3.9887e+00	 9.9760e-01
3.8575e+01	 1.1169e+00	 3.9879e+00	 9.9932e-01	 3.9858e+00	 9.9742e-01
3.8602e+01	 1.1169e+00	 3.9850e+00	 9.9932e-01	 3.9829e+00	 9.9827e-01
3.8629e+01	 1.1171e+00	 3.9821e+00	 9.9933e-01	 3.9800e+00	 9.9757e-01
3.8656e+01	 1.1171e+00	 3.9791e+00	 9.9938e-01	 3.9771e+00	 9.9856e-01
3.8683e+01	 1.1173e+00	 3.9762e+00	 9.9942e-01	 3.9741e+00	 9.9683e-01
3.8710e+01	 1.1173e+00	 3.9733e+00	 9.9945e-01	 3.9712e+00	 9.9779e-01
3.8737e+01	 1.1174e+00	 3.9704e+00	 9.9943e-01	 3.9683e+00	 9.9745e-01
3.8764e+01	 1.1176e+00	 3.9675e+00	 9.9942e-01	 3.9654e+00	 9.9827e-01
3.8791e+01	 1.1176e+00	 3.9646e+00	 9.9940e-01	 3.9625e+00	 9.9804e-01
3.8818e+01	 1.1179e+00	 3.9617e+00	 9.9942e-01	 3.9596e+00	 9.9734e-01
3.8845e+01	 1.1178e+00	 3.9588e+00	 9.9943e-01	 3.9567e+00	 9.9823e-01
3.8872e+01	 1.1181e+00	 3.9559e+00	 9.9949e-01	 3.9538e+00	 9.9698e-01
3.8899e+01	 1.1181e+00	 3.9530e+00	 9.9952e-01	 3.9509e+00	 9.9819e-01
3.8926e+01	 1.1182e+00	 3.9501e+00	 9.9954e-01	 3.9480e+00	 9.9712e-01
3.8953e+01	 1.1184e+00	 3.9472e+00	 9.9954e-01	 3.9451e+00	 9.9871e-01
3.8980e+01	 1.1184e+00	 3.9443e+00	 9.9954e-01	 3.9422e+00	 9.9771e-01
3.9007e+01	 1.1186e+00	 3.9414e+00	 9.9955e-01	 3.9393e+00	 9.9753e-01
3.9034e+01	 1.1186e+00	 3.9385e+00	 9.9957e-01	 3.9365e+00	 9.9808e-01
3.9061e+01	 1.1188e+00	 3.9356e+00	 9.9954e-01	 3.9336e+00	 9.9760e-01
3.9088e+01	 1.1188e+00	 3.9327e+00	 9.9949e-01	 3.9307e+00	 9.9790e-01
3.9115e+01	 1.1189e+00	 3.9299e+00	 9.9940e-01	 3.9278e+00	 9.9646e-01
3.9142e+01	 1.1191e+00	 3.9270e+00	 9.9932e-01	 3.9249e+00	 9.9823e-01
3.9170e+01	 1.1190e+00	 3.9241e+00	 9.9926e-01	 3.9221e+00	 9.9716e-01
3.9197e+01	 1.1193e+00	 3.9212e+00	 9.9928e-01	 3.9192e+00	 9.9793e-01
3.9224e+01	 1.1192e+00	 3.9184e+00	 9.9932e-01	 3.9163e+00	 9.9757e-01
3.9251e+01	 1.1194e+00	 3.9155e+00	 9.9935e-01	 3.9134e+00	 9.9764e-01
3.9278e+01	 1.1194e+00	 3.9126e+00	 9.9937e-01	 3.9106e+00	 9.9782e-01
3.9305e+01	 1.1195e+00	 3.9097e+00	 9.9935e-01	 3.9077e+00	 9.9705e-01
3.9333e+01	 1.1196e+00	 3.9069e+00	 9.9930e-01	 3.9048e+00	 9.9856e-01
3.9360e+01	 1.1196e+00	 3.9040e+00	 9.9925e-01	 3.9020e+00	 9.9716e-01
3.9387e+01	 1.1198e+00	 3.9012e+00	 9.9925e-01	 3.8991e+00	 9.9808e-01
3.9414e+01	 1.1198e+00	 3.8983e+00	 9.9928e-01	 3.8962e+00	 9.9734e-01
3.9441e+01	 1.1200e+00	 3.8954e+00	 9.9935e-01	 3.8934e+00	 9.9768e-01
3.9469e+01	 1.1200e+00	 3.8926e+00	 9.9942e-01	 3.8905e+00	 9.9771e-01
3.9496e+01	 1.1201e+00	 3.8897e+00	 9.9947e-01	 3.8877e+00	 9.9731e-01
3.9523e+01	 1.1202e+00	 3.8869e+00	 9.9949e-01	 3.8848e+00	 9.9804e-01
3.9550e+01	 1.1203e+00	 3.8840e+00	 9.9947e-01	 3.8820e+00	 9.9679e-01
3.9578e+01	 1.1205e+00	 3.8812e+00	 9.9940e-01	 3.8791e+00	 9.9834e-01
3.9605e+01	 1.1205e+00	 3.8783e+00	 9.9933e-01	 3.8763e+00	 9.9749e-01
3.9632e+01	 1.1207e+00	 3.8755e+00	 9.9928e-01	 3.8734e+00	 9.9812e-01
3.9660e+01	 1.1207e+00	 3.8726e+00	 9.9925e-01	 3.8706e+00	 9.9694e-01
3.9687e+01	 1.1209e+00	 3.8698e+00	 9.9923e-01	 3.8677e+00	 9.9745e-01
3.9714e+01	 1.1211e+00	 3.8669e+00	 9.9923e-01	 3.8649e+00	 9.9808e-01
3.9742e+01	 1.1211e+00	 3.8641e+00	 9.9925e-01	 3.8621e+00	 9.9745e-01
3.9769e+01	 1.1214e+00	 3.8613e+00	 9.9926e-01	 3.8592e+00	 9.9812e-01
3.9796e+01	 1.1214e+00	 3.8584e+00	 9.9930e-01	 3.8564e+00	 9.9716e-01
3.9824e+01	 1.1217e+00	 3.8556e+00	 9.9930e-01	 3.8536e+00	 9.9871e-01
3.9851e+01	 1.1218e+00	 3.8528e+00	 9.9932e-01	 3.8508e+00	 9.9749e-01
3.9878e+01	 1.1220e+00	 3.8499e+00	 9.9937e-01	 3.8479e+00	 9.9827e-01
3.9906e+01	 1.1222e+00	 3.8471e+00	 9.9942e-01	 3.8451e+00	 9.9768e-01
3.9933e+01	 1.1223e+00	 3.8443e+00	 9.9943e-01	 3.8423e+00	 9.9775e-01
3.9961e+01	 1.1227e+00	 3.8415e+00	 9.9942e-01	 3.8395e+00	 9.9760e-01
3.9988e+01	 1.1227e+00	 3.8387e+00	 9.9940e-01	 3.8366e+00	 9.9709e-01
4.0016e+01	 1.1230e+00	 3.8358e+00	 9.9940e-01	 3.8338e+00	 9.9812e-01
4.0043e+01	 1.1231e+00	 3.8330e+00	 9.9942e-01	 3.8310e+00	 9.9698e-01
4.0070e+01	 1.1234e+00	 3.8302e+00	 9.9940e-01	 3.8282e+00	 9.9856e-01
4.0098e+01	 1.1235e+00	 3.8274e+00	 9.9938e-01	 3.8254e+00	 9.9727e-01
4.0125e+01	 1.1236e+00	 3.8246e+00	 9.9933e-01	 3.8226e+00	 9.9764e-01
4.0153e+01	 1.1239e+00	 3.8218e+00	 9.9928e-01	 3.8198e+00	 9.9734e-01
4.0180e+01	 1.1239e+00	 3.8190e+00	 9.9923e-01	 3.8170e+00	 9.9760e-01
4.0208e+01	 1.1242e+00	 3.8162e+00	 9.9921e-01	 3.8142e+00	 9.9830e-01
4.0235e+01	 1.1242e+00	 3.8134e+00	 9.9920e-01	 3.8114e+00	 9.9734e-01
4.0263e+01	 1.1244e+00	 3.8106e+00	 9.9920e-01	 3.8086e+00	 9.9830e-01
4.0290e+01	 1.1245e+00	 3.8078e+00	 9.9925e-01	 3.8058e+00	 9.9709e-01
4.0318e+01	 1.1245e+00	 3.8050e+00	 9.9930e-01	 3.8030e+00	 9.9815e-01
4.0345e+01	 1.1247e+00	 3.8022e+00	 9.9933e-01	 3.8002e+00	 9.9705e-01
4.0373e+01	 1.1247e+00	 3.7994e+00	 9.9937e-01	 3.7974e+00	 9.9793e-01
4.0400e+01	 1.1249e+00	 3.7967e+00	 9.9938e-01	 3.7947e+00	 9.9782e-01
4.0428e+01	 1.1249e+00	 3.7939e+00	 9.9938e-01	 3.7919e+00	 9.9723e-01
4.0456e+01	 1.1251e+00	 3.7911e+00	 9.9933e-01	 3.7891e+00	 9.9819e-01
4.0483e+01	 1.1251e+00	 3.7883e+00	 9.9930e-01	 3.7863e+00	 9.9720e-01
4.0511e+01	 1.1251e+00	 3.7855e+00	 9.9923e-01	 3.7835e+00	 9.9808e-01
4.0538e+01	 1.1253e+00	 3.7827e+00	 9.9918e-01	 3.7808e+00	 9.9646e-01
4.0566e+01	 1.1252e+00	 3.7800e+00	 9.9915e-01	 3.7780e+00	 9.9786e-01
4.0593e+01	 1.1254e+00	 3.7772e+00	 9.9916e-01	 3.7752e+00	 9.9734e-01
4.0621e+01	 1.1253e+00	 3.7744e+00	 9.9923e-01	 3.7724e+00	 9.9764e-01
4.0649e+01	 1.1254e+00	 3.7717e+00	 9.9932e-01	 3.7697e+00	 9.9838e-01
4.0676e+01	 1.1254e+00	 3.7689e+00	 9.9937e-01	 3.7669e+00	 9.9779e-01
4.0704e+01	 1.1254e+00	 3.7661e+00	 9.9937e-01	 3.7642e+00	 9.9819e-01
4.0732e+01	 1.1255e+00	 3.7634e+00	 9.9932e-01	 3.7614e+00	 9.9720e-01
4.0759e+01	 1.1254e+00	 3.7606e+00	 9.9923e-01	 3.7586e+00	 9.9845e-01
4.0787e+01	 1.1255e+00	 3.7579e+00	 9.9918e-01	 3.7559e+00	 9.9734e-01
4.0815e+01	 1.1254e+00	 3.7551e+00	 9.9920e-01	 3.7531e+00	 9.9793e-01
4.0842e+01	 1.1255e+00	 3.7523e+00	 9.9926e-01	 3.7504e+00	 9.9723e-01
4.0870e+01	 1.1254e+00	 3.7496e+00	 9.9933e-01	 3.7476e+00	 9.9738e-01
4.0898e+01	 1.1254e+00	 3.7468e+00	 9.9938e-01	 3.7449e+00	 9.9775e-01
4.0925e+01	 1.1255e+00	 3.7441e+00	 9.9942e-01	 3.7421e+00	 9.9676e-01
4.0953e+01	 1.1254e+00	 3.7414e+00	 9.9940e-01	 3.7394e+00	 9.9823e-01
4.0981e+01	 1.1255e+00	 3.7386e+00	 9.9938e-01	 3.7366e+00	 9.9753e-01
4.1009e+01	 1.1254e+00	 3.7359e+00	 9.9935e-01	 3.7339e+00	 9.9838e-01
4.1036e+01	 1.1255e+00	 3.7331e+00	 9.9932e-01	 3.7312e+00	 9.9701e-01
4.1064e+01	 1.1255e+00	 3.7304e+00	 9.9926e-01	 3.7284e+00	 9.9801e-01
4.1092e+01	 1.1256e+00	 3.7277e+00	 9.9923e-01	 3.7257e+00	 9.9768e-01
4.1120e+01	 1.1257e+00	 3.7249e+00	 9.9921e-01	 3.7230e+00	 9.9712e-01
4.1148e+01	 1.1257e+00	 3.7222e+00	 9.9921e-01	 3.7202e+00	 9.9786e-01
4.1175e+01	 1.1260e+00	 3.7195e+00	 9.9925e-01	 3.7175e+00	 9.9716e-01
4.1203e+01	 1.1260e+00	 3.7167e+00	 9.9928e-01	 3.7148e+00	 9.9812e-01
4.1231e+01	 1.1263e+00	 3.7140e+00	 9.9932e-01	 3.7121e+00	 9.9687e-01
4.1259e+01	 1.1263e+00	 3.7113e+00	 9.9932e-01	 3.7093e+00	 9.9845e-01
4.1287e+01	 1.1265e+00	 3.7086e+00	 9.9930e-01	 3.7066e+00	 9.9731e-01
4.1314e+01	 1.1267e+00	 3.7058e+00	 9.9928e-01	 3.7039e+00	 9.9775e-01
4.1342e+01	 1.1268e+00	 3.7031e+00	 9.9926e-01	 3.7012e+00	 9.9768e-01
4.1370e+01	 1.1271e+00	 3.7004e+00	 9.9923e-01	 3.6985e+00	 9.9723e-01
4.1398e+01	 1.1272e+00	 3.6977e+00	 9.9921e-01	 3.6958e+00	 9.9823e-01
4.1426e+01	 1.1275e+00	 3.6950e+00	 9.9923e-01	 3.6931e+00	 9.9734e-01
4.1454e+01	 1.1276e+00	 3.6923e+00	 9.9928e-01	 3.6903e+00	 9.9882e-01
4.1481e+01	 1.1278e+00	 3.6896e+00	 9.9938e-01	 3.6876e+00	 9.9753e-01
4.1509e+01	 1.1280e+00	 3.6869e+00	 9.9945e-01	 3.6849e+00	 9.9874e-01
4.1537e+01	 1.1281e+00	 3.6842e+00	 9.9949e-01	 3.6822e+00	 9.9790e-01
4.1565e+01	 1.1284e+00	 3.6815e+00	 9.9949e-01	 3.6795e+00	 9.9779e-01
4.1593e+01	 1.1285e+00	 3.6788e+00	 9.9947e-01	 3.6768e+00	 9.9827e-01
4.1621e+01	 1.1288e+00	 3.6761e+00	 9.9943e-01	 3.6741e+00	 9.9734e-01
4.1649e+01	 1.1289e+00	 3.6734e+00	 9.9937e-01	 3.6714e+00	 9.9808e-01
4.1677e+01	 1.1292e+00	 3.6707e+00	 9.9928e-01	 3.6687e+00	 9.9734e-01
4.1705e+01	 1.1294e+00	 3.6680e+00	 9.9923e-01	 3.6660e+00	 9.9911e-01
4.1733e+01	 1.1295e+00	 3.6653e+00	 9.9925e-01	 3.6634e+00	 9.9782e-01
4.1761e+01	 1.1298e+00	 3.6626e+00	 9.9932e-01	 3.6607e+00	 9.9845e-01
4.1789e+01	 1.1298e+00	 3.6599e+00	 9.9940e-01	 3.6580e+00	 9.9760e-01
4.1817e+01	 1.1302e+00	 3.6572e+00	 9.9945e-01	 3.6553e+00	 9.9701e-01
4.1845e+01	 1.1302e+00	 3.6545e+00	 9.9943e-01	 3.6526e+00	 9.9790e-01
4.1873e+01	 1.1305e+00	 3.6518e+00	 9.9938e-01	 3.6499e+00	 9.9709e-01
4.1901e+01	 1.1306e+00	 3.6492e+00	 9.9930e-01	 3.6473e+00	 9.9775e-01
4.1929e+01	 1.1307e+00	 3.6465e+00	 9.9923e-01	 3.6446e+00	 9.9664e-01
4.1957e+01	 1.1309e+00	 3.6438e+00	 9.9916e-01	 3.6419e+00	 9.9801e-01
4.1985e+01	 1.1309e+00	 3.6411e+00	 9.9913e-01	 3.6392e+00	 9.9742e-01
4.2013e+01	 1.1311e+00	 3.6385e+00	 9.9915e-01	 3.6366e+00	 9.9808e-01
4.2041e+01	 1.1311e+00	 3.6358e+00	 9.9918e-01	 3.6339e+00	 9.9775e-01
4.2069e+01	 1.1313e+00	 3.6331e+00	 9.9923e-01	 3.6312e+00	 9.9771e-01
4.2097e+01	 1.1313e+00	 3.6305e+00	 9.9928e-01	 3.6286e+00	 9.9834e-01
4.2125e+01	 1.1313e+00	 3.6278e+00	 9.9932e-01	 3.6259e+00	 9.9749e-01
4.2153e+01	 1.1315e+00	 3.6251e+00	 9.9930e-01	 3.6232e+00	 9.9830e-01
4.2181e+01	 1.1314e+00	 3.6225e+00	 9.9928e-01	 3.6206e+00	 9.9668e-01
4.2209e+01	 1.1316e+00	 3.6198e+00	 9.9930e-01	 3.6179e+00	 9.9812e-01
4.2237e+01	 1.1316e+00	 3.6172e+00	 9.9935e-01	 3.6153e+00	 9.9786e-01
4.2265e+01	 1.1318e+00	 3.6145e+00	 9.9937e-01	 3.6126e+00	 9.9797e-01
4.2293e+01	 1.1318e+00	 3.6118e+00	 9.9933e-01	 3.6099e+00	 9.9760e-01
4.2321e+01	 1.1319e+00	 3.6092e+00	 9.9926e-01	 3.6073e+00	 9.9790e-01
4.2349e+01	 1.1321e+00	 3.6065e+00	 9.9920e-01	 3.6046e+00	 9.9885e-01
4.2378e+01	 1.1321e+00	 3.6039e+00	 9.9913e-01	 3.6020e+00	 9.9734e-01
4.2406e+01	 1.1324e+00	 3.6012e+00	 9.9909e-01	 3.5993e+00	 9.9830e-01
4.2434e+01	 1.1324e+00	 3.5986e+00	 9.9916e-01	 3.5967e+00	 9.9720e-01
4.2462e+01	 1.1326e+00	 3.5959e+00	 9.9926e-01	 3.5941e+00	 9.9849e-01
4.2490e+01	 1.1328e+00	 3.5933e+00	 9.9935e-01	 3.5914e+00	 9.9793e-01
4.2518e+01	 1.1329e+00	 3.5907e+00	 9.9937e-01	 3.5888e+00	 9.9731e-01
4.2547e+01	 1.1332e+00	 3.5880e+00	 9.9930e-01	 3.5861e+00	 9.9734e-01
4.2575e+01	 1.1332e+00	 3.5854e+00	 9.9923e-01	 3.5835e+00	 9.9694e-01
4.2603e+01	 1.1336e+00	 3.5828e+00	 9.9920e-01	 3.5809e+00	 9.9830e-01
4.2631e+01	 1.1336e+00	 3.5801e+00	 9.9920e-01	 3.5783e+00	 9.9687e-01
4.2659e+01	 1.1340e+00	 3.5775e+00	 9.9921e-01	 3.5756e+00	 9.9838e-01
4.2687e+01	 1.1341e+00	 3.5749e+00	 9.9928e-01	 3.5730e+00	 9.9709e-01
4.2716e+01	 1.1343e+00	 3.5723e+00	 9.9935e-01	 3.5704e+00	 9.9757e-01
4.2744e+01	 1.1345e+00	 3.5696e+00	 9.9940e-01	 3.5678e+00	 9.9727e-01
4.2772e+01	 1.1346e+00	 3.5670e+00	 9.9942e-01	 3.5651e+00	 9.9771e-01
4.2800e+01	 1.1349e+00	 3.5644e+00	 9.9942e-01	 3.5625e+00	 9.9874e-01
4.2828e+01	 1.1349e+00	 3.5618e+00	 9.9940e-01	 3.5599e+00	 9.9738e-01
4.2857e+01	 1.1352e+00	 3.5592e+00	 9.9938e-01	 3.5573e+00	 9.9838e-01
4.2885e+01	 1.1353e+00	 3.5566e+00	 9.9932e-01	 3.5547e+00	 9.9760e-01
4.2913e+01	 1.1354e+00	 3.5540e+00	 9.9926e-01	 3.5521e+00	 9.9815e-01
4.2941e+01	 1.1356e+00	 3.5513e+00	 9.9921e-01	 3.5495e+00	 9.9734e-01
4.2970e+01	 1.1356e+00	 3.5487e+00	 9.9918e-01	 3.5469e+00	 9.9775e-01
4.2998e+01	 1.1358e+00	 3.5461e+00	 9.9916e-01	 3.5443e+00	 9.9760e-01
4.3026e+01	 1.1357e+00	 3.5435e+00	 9.9915e-01	 3.5417e+00	 9.9745e-01
4.3055e+01	 1.1359e+00	 3.5409e+00	 9.9915e-01	 3.5391e+00	 9.9797e-01
4.3083e+01	 1.1359e+00	 3.5383e+00	 9.9915e-01	 3.5365e+00	 9.9705e-01
4.3111e+01	 1.1360e+00	 3.5357e+00	 9.9913e-01	 3.5339e+00	 9.9834e-01
4.3139e+01	 1.1361e+00	 3.5332e+00	 9.9913e-01	 3.5313e+00	 9.9698e-01
4.3168e+01	 1.1360e+00	 3.5306e+00	 9.9915e-01	 3.5287e+00	 9.9801e-01
4.3196e+01	 1.1362e+00	 3.5280e+00	 9.9916e-01	 3.5261e+00	 9.9757e-01
4.3224e+01	 1.1361e+00	 3.5254e+00	 9.9918e-01	 3.5235e+00	 9.9827e-01
4.3253e+01	 1.1363e+00	 3.5228e+00	 9.9921e-01	 3.5210e+00	 9.9804e-01
4.3281e+01	 1.1362e+00	 3.5202e+00	 9.9923e-01	 3.5184e+00	 9.9727e-01
4.3309e+01	 1.1363e+00	 3.5176e+00	 9.9926e-01	 3.5158e+00	 9.9760e-01
4.3338e+01	 1.1364e+00	 3.5150e+00	 9.9926e-01	 3.5132e+00	 9.9664e-01
4.3366e+01	 1.1364e+00	 3.5125e+00	 9.9926e-01	 3.5106e+00	 9.9845e-01
4.3395e+01	 1.1365e+00	 3.5099e+00	 9.9925e-01	 3.5081e+00	 9.9749e-01
4.3423e+01	 1.1365e+00	 3.5073e+00	 9.9920e-01	 3.5055e+00	 9.9852e-01
4.3451e+01	 1.1367e+00	 3.5047e+00	 9.9918e-01	 3.5029e+00	 9.9793e-01
4.3480e+01	 1.1366e+00	 3.5022e+00	 9.9920e-01	 3.5003e+00	 9.9797e-01
4.3508e+01	 1.1368e+00	 3.4996e+00	 9.9925e-01	 3.4978e+00	 9.9753e-01
4.3536e+01	 1.1369e+00	 3.4970e+00	 9.9926e-01	 3.4952e+00	 9.9712e-01
4.3565e+01	 1.1370e+00	 3.4945e+00	 9.9930e-01	 3.4926e+00	 9.9827e-01
4.3593e+01	 1.1372e+00	 3.4919e+00	 9.9935e-01	 3.4901e+00	 9.9705e-01
4.3622e+01	 1.1372e+00	 3.4893e+00	 9.9937e-01	 3.4875e+00	 9.9863e-01
4.3650e+01	 1.1375e+00	 3.4868e+00	 9.9935e-01	 3.4849e+00	 9.9731e-01
4.3678e+01	 1.1376e+00	 3.4842e+00	 9.9932e-01	 3.4824e+00	 9.9775e-01
4.3707e+01	 1.1379e+00	 3.4817e+00	 9.9928e-01	 3.4798e+00	 9.9727e-01
4.3735e+01	 1.1380e+00	 3.4791e+00	 9.9928e-01	 3.4773e+00	 9.9738e-01
4.3764e+01	 1.1382e+00	 3.4765e+00	 9.9933e-01	 3.4747e+00	 9.9841e-01
4.3792e+01	 1.1385e+00	 3.4740e+00	 9.9938e-01	 3.4722e+00	 9.9742e-01
4.3821e+01	 1.1386e+00	 3.4714e+00	 9.9943e-01	 3.4696e+00	 9.9860e-01
4.3849e+01	 1.1390e+00	 3.4689e+00	 9.9949e-01	 3.4671e+00	 9.9753e-01
4.3878e+01	 1.1391e+00	 3.4664e+00	 9.9950e-01	 3.4645e+00	 9.9874e-01
4.3906e+01	 1.1395e+00	 3.4638e+00	 9.9945e-01	 3.4620e+00	 9.9760e-01
4.3934e+01	 1.1397e+00	 3.4613e+00	 9.9935e-01	 3.4595e+00	 9.9793e-01
4.3963e+01	 1.1399e+00	 3.4587e+00	 9.9925e-01	 3.4569e+00	 9.9782e-01
4.3992e+01	 1.1403e+00	 3.4562e+00	 9.9918e-01	 3.4544e+00	 9.9760e-01
4.4020e+01	 1.1404e+00	 3.4537e+00	 9.9918e-01	 3.4519e+00	 9.9874e-01
4.4048e+01	 1.1408e+00	 3.4511e+00	 9.9918e-01	 3.4493e+00	 9.9782e-01
4.4077e+01	 1.1409e+00	 3.4486e+00	 9.9921e-01	 3.4468e+00	 9.9801e-01
4.4105e+01	 1.1412e+00	 3.4461e+00	 9.9926e-01	 3.4443e+00	 9.9672e-01
4.4134e+01	 1.1414e+00	 3.4435e+00	 9.9933e-01	 3.4417e+00	 9.9827e-01
4.4163e+01	 1.1416e+00	 3.4410e+00	 9.9940e-01	 3.4392e+00	 9.9786e-01
4.4191e+01	 1.1420e+00	 3.4385e+00	 9.9942e-01	 3.4367e+00	 9.9782e-01
4.4219e+01	 1.1421e+00	 3.4360e+00	 9.9942e-01	 3.4342e+00	 9.9768e-01
4.4248e+01	 1.1424e+00	 3.4334e+00	 9.9938e-01	 3.4316e+00	 9.9723e-01
4.4277e+01	 1.1425e+00	 3.4309e+00	 9.9935e-01	 3.4291e+00	 9.9823e-01
4.4305e+01	 1.1428e+00	 3.4284e+00	 9.9932e-01	 3.4266e+00	 9.9749e-01
4.4334e+01	 1.1430e+00	 3.4259e+00	 9.9928e-01	 3.4241e+00	 9.9885e-01
4.4362e+01	 1.1431e+00	 3.4234e+00	 9.9923e-01	 3.4216e+00	 9.9709e-01
4.4391e+01	 1.1434e+00	 3.4209e+00	 9.9920e-01	 3.4191e+00	 9.9764e-01
4.4419e+01	 1.1434e+00	 3.4183e+00	 9.9918e-01	 3.4165e+00	 9.9749e-01
4.4448e+01	 1.1437e+00	 3.4158e+00	 9.9921e-01	 3.4140e+00	 9.9782e-01
4.4477e+01	 1.1436e+00	 3.4133e+00	 9.9925e-01	 3.4115e+00	 9.9812e-01
4.4505e+01	 1.1438e+00	 3.4108e+00	 9.9930e-01	 3.4090e+00	 9.9749e-01
4.4534e+01	 1.1438e+00	 3.4083e+00	 9.9933e-01	 3.4065e+00	 9.9845e-01
4.4562e+01	 1.1439e+00	 3.4058e+00	 9.9933e-01	 3.4040e+00	 9.9679e-01
4.4591e+01	 1.1440e+00	 3.4033e+00	 9.9933e-01	 3.4015e+00	 9.9841e-01
4.4620e+01	 1.1439e+00	 3.4008e+00	 9.9932e-01	 3.3990e+00	 9.9771e-01
4.4648e+01	 1.1441e+00	 3.3983e+00	 9.9928e-01	 3.3965e+00	 9.9815e-01
4.4677e+01	 1.1440e+00	 3.3958e+00	 9.9923e-01	 3.3940e+00	 9.9782e-01
4.4705e+01	 1.1441e+00	 3.3933e+00	 9.9918e-01	 3.3915e+00	 9.9760e-01
4.4734e+01	 1.1441e+00	 3.3908e+00	 9.9915e-01	 3.3890e+00	 9.9790e-01
4.4763e+01	 1.1442e+00	 3.3883e+00	 9.9913e-01	 3.3866e+00	 9.9720e-01
4.4791e+01	 1.1443e+00	 3.3859e+00	 9.9911e-01	 3.3841e+00	 9.9830e-01
4.4820e+01	 1.1442e+00	 3.3834e+00	 9.9909e-01	 3.3816e+00	 9.9683e-01
4.4849e+01	 1.1444e+00	 3.3809e+00	 9.9909e-01	 3.3791e+00	 9.9852e-01
4.4877e+01	 1.1444e+00	 3.3784e+00	 9.9909e-01	 3.3766e+00	 9.9760e-01
4.4906e+01	 1.1446e+00	 3.3759e+00	 9.9909e-01	 3.3742e+00	 9.9797e-01
4.4934e+01	 1.1446e+00	 3.3735e+00	 9.9908e-01	 3.3717e+00	 9.9790e-01
4.4963e+01	 1.1447e+00	 3.3710e+00	 9.9904e-01	 3.3692e+00	 9.9742e-01
4.4992e+01	 1.1448e+00	 3.3685e+00	 9.9904e-01	 3.3667e+00	 9.9801e-01
4.5020e+01	 1.1448e+00	 3.3660e+00	 9.9908e-01	 3.3643e+00	 9.9712e-01
4.5049e+01	 1.1449e+00	 3.3636e+00	 9.9911e-01	 3.3618e+00	 9.9845e-01
4.5078e+01	 1.1448e+00	 3.3611e+00	 9.9918e-01	 3.3593e+00	 9.9734e-01
4.5107e+01	 1.1450e+00	 3.3586e+00	 9.9920e-01	 3.3569e+00	 9.9849e-01
4.5135e+01	 1.1450e+00	 3.3562e+00	 9.9923e-01	 3.3544e+00	 9.9745e-01
4.5164e+01	 1.1451e+00	 3.3537e+00	 9.9925e-01	 3.3520e+00	 9.9760e-01
4.5193e+01	 1.1451e+00	 3.3512e+00	 9.9923e-01	 3.3495e+00	 9.9849e-01
4.5221e+01	 1.1451e+00	 3.3488e+00	 9.9918e-01	 3.3470e+00	 9.9786e-01
4.5250e+01	 1.1453e+00	 3.3463e+00	 9.9911e-01	 3.3446e+00	 9.9852e-01
4.5279e+01	 1.1452e+00	 3.3439e+00	 9.9908e-01	 3.3421e+00	 9.9709e-01
4.5307e+01	 1.1455e+00	 3.3414e+00	 9.9906e-01	 3.3397e+00	 9.9771e-01
4.5336e+01	 1.1455e+00	 3.3390e+00	 9.9911e-01	 3.3372e+00	 9.9664e-01
4.5365e+01	 1.1457e+00	 3.3365e+00	 9.9918e-01	 3.3348e+00	 9.9801e-01
4.5394e+01	 1.1458e+00	 3.3341e+00	 9.9923e-01	 3.3323e+00	 9.9786e-01
4.5422e+01	 1.1459e+00	 3.3316e+00	 9.9926e-01	 3.3299e+00	 9.9779e-01
4.5451e+01	 1.1462e+00	 3.3292e+00	 9.9926e-01	 3.3274e+00	 9.9812e-01
4.5480e+01	 1.1462e+00	 3.3267e+00	 9.9925e-01	 3.3250e+00	 9.9734e-01
4.5509e+01	 1.1465e+00	 3.3243e+00	 9.9921e-01	 3.3226e+00	 9.9830e-01
4.5537e+01	 1.1466e+00	 3.3219e+00	 9.9920e-01	 3.3201e+00	 9.9709e-01
4.5566e+01	 1.1469e+00	 3.3194e+00	 9.9921e-01	 3.3177e+00	 9.9849e-01
4.5595e+01	 1.1470e+00	 3.3170e+00	 9.9928e-01	 3.3152e+00	 9.9757e-01
4.5624e+01	 1.1472e+00	 3.3145e+00	 9.9935e-01	 3.3128e+00	 9.9823e-01
4.5652e+01	 1.1475e+00	 3.3121e+00	 9.9935e-01	 3.3104e+00	 9.9827e-01
4.5681e+01	 1.1475e+00	 3.3097e+00	 9.9932e-01	 3.3079e+00	 9.9786e-01
4.5710e+01	 1.1479e+00	 3.3072e+00	 9.9925e-01	 3.3055e+00	 9.9812e-01
4.5739e+01	 1.1479e+00	 3.3048e+00	 9.9921e-01	 3.3031e+00	 9.9694e-01
4.5767e+01	 1.1482e+00	 3.3024e+00	 9.9921e-01	 3.3007e+00	 9.9804e-01
4.5796e+01	 1.1483e+00	 3.3000e+00	 9.9923e-01	 3.2982e+00	 9.9683e-01
4.5825e+01	 1.1484e+00	 3.2975e+00	 9.9923e-01	 3.2958e+00	 9.9819e-01
4.5854e+01	 1.1486e+00	 3.2951e+00	 9.9921e-01	 3.2934e+00	 9.9712e-01
4.5883e+01	 1.1486e+00	 3.2927e+00	 9.9918e-01	 3.2910e+00	 9.9749e-01
4.5911e+01	 1.1488e+00	 3.2903e+00	 9.9918e-01	 3.2886e+00	 9.9804e-01
4.5940e+01	 1.1487e+00	 3.2879e+00	 9.9920e-01	 3.2861e+00	 9.9782e-01
4.5969e+01	 1.1489e+00	 3.2854e+00	 9.9923e-01	 3.2837e+00	 9.9812e-01
4.5998e+01	 1.1489e+00	 3.2830e+00	 9.9928e-01	 3.2813e+00	 9.9672e-01
4.6027e+01	 1.1490e+00	 3.2806e+00	 9.9930e-01	 3.2789e+00	 9.9815e-01
4.6056e+01	 1.1491e+00	 3.2782e+00	 9.9930e-01	 3.2765e+00	 9.9720e-01
4.6084e+01	 1.1491e+00	 3.2758e+00	 9.9928e-01	 3.2741e+00	 9.9768e-01
4.6113e+01	 1.1493e+00	 3.2734e+00	 9.9928e-01	 3.2717e+00	 9.9742e-01
4.6142e+01	 1.1492e+00	 3.2710e+00	 9.9926e-01	 3.2693e+00	 9.9812e-01
4.6171e+01	 1.1494e+00	 3.2686e+00	 9.9923e-01	 3.2669e+00	 9.9786e-01
4.6200e+01	 1.1494e+00	 3.2662e+00	 9.9916e-01	 3.2645e+00	 9.9712e-01
4.6228e+01	 1.1495e+00	 3.2638e+00	 9.9909e-01	 3.2621e+00	 9.9815e-01
4.6257e+01	 1.1497e+00	 3.2615e+00	 9.9904e-01	 3.2597e+00	 9.9731e-01
4.6286e+01	 1.1497e+00	 3.2591e+00	 9.9904e-01	 3.2574e+00	 9.9878e-01
4.6315e+01	 1.1500e+00	 3.2567e+00	 9.9909e-01	 3.2550e+00	 9.9764e-01
4.6344e+01	 1.1501e+00	 3.2543e+00	 9.9920e-01	 3.2526e+00	 9.9830e-01
4.6373e+01	 1.1504e+00	 3.2519e+00	 9.9928e-01	 3.2502e+00	 9.9804e-01
4.6401e+01	 1.1506e+00	 3.2495e+00	 9.9933e-01	 3.2478e+00	 9.9775e-01
4.6430e+01	 1.1508e+00	 3.2471e+00	 9.9935e-01	 3.2454e+00	 9.9804e-01
4.6459e+01	 1.1511e+00	 3.2447e+00	 9.9933e-01	 3.2430e+00	 9.9738e-01
4.6488e+01	 1.1512e+00	 3.2423e+00	 9.9928e-01	 3.2406e+00	 9.9863e-01
4.6517e+01	 1.1516e+00	 3.2400e+00	 9.9921e-01	 3.2383e+00	 9.9745e-01
4.6546e+01	 1.1517e+00	 3.2376e+00	 9.9916e-01	 3.2359e+00	 9.9889e-01
4.6575e+01	 1.1521e+00	 3.2352e+00	 9.9915e-01	 3.2335e+00	 9.9771e-01
4.6603e+01	 1.1522e+00	 3.2328e+00	 9.9913e-01	 3.2311e+00	 9.9764e-01
4.6632e+01	 1.1525e+00	 3.2305e+00	 9.9915e-01	 3.2288e+00	 9.9679e-01
4.6661e+01	 1.1528e+00	 3.2281e+00	 9.9920e-01	 3.2264e+00	 9.9720e-01
4.6690e+01	 1.1529e+00	 3.2257e+00	 9.9925e-01	 3.2240e+00	 9.9823e-01
4.6719e+01	 1.1533e+00	 3.2234e+00	 9.9928e-01	 3.2217e+00	 9.9727e-01
4.6748e+01	 1.1534e+00	 3.2210e+00	 9.9928e-01	 3.2193e+00	 9.9856e-01
4.6777e+01	 1.1537e+00	 3.2186e+00	 9.9928e-01	 3.2169e+00	 9.9709e-01
4.6806e+01	 1.1539e+00	 3.2163e+00	 9.9925e-01	 3.2146e+00	 9.9786e-01
4.6835e+01	 1.1542e+00	 3.2139e+00	 9.9925e-01	 3.2122e+00	 9.9712e-01
4.6864e+01	 1.1544e+00	 3.2116e+00	 9.9926e-01	 3.2099e+00	 9.9801e-01
4.6892e+01	 1.1546e+00	 3.2092e+00	 9.9926e-01	 3.2075e+00	 9.9808e-01
4.6921e+01	 1.1549e+00	 3.2069e+00	 9.9921e-01	 3.2052e+00	 9.9738e-01
4.6950e+01	 1.1549e+00	 3.2045e+00	 9.9918e-01	 3.2028e+00	 9.9830e-01
4.6979e+01	 1.1553e+00	 3.2022e+00	 9.9915e-01	 3.2005e+00	 9.9698e-01
4.7008e+01	 1.1554e+00	 3.1998e+00	 9.9909e-01	 3.1981e+00	 9.9838e-01
4.7037e+01	 1.1556e+00	 3.1975e+00	 9.9909e-01	 3.1958e+00	 9.9801e-01
4.7066e+01	 1.1558e+00	 3.1951e+00	 9.9909e-01	 3.1934e+00	 9.9860e-01
4.7095e+01	 1.1559e+00	 3.1928e+00	 9.9911e-01	 3.1911e+00	 9.9734e-01
4.7124e+01	 1.1562e+00	 3.1904e+00	 9.9915e-01	 3.1888e+00	 9.9779e-01
4.7153e+01	 1.1563e+00	 3.1881e+00	 9.9921e-01	 3.1864e+00	 9.9801e-01
4.7181e+01	 1.1566e+00	 3.1858e+00	 9.9925e-01	 3.1841e+00	 9.9738e-01
4.7210e+01	 1.1566e+00	 3.1834e+00	 9.9925e-01	 3.1818e+00	 9.9863e-01
4.7239e+01	 1.1568e+00	 3.1811e+00	 9.9925e-01	 3.1794e+00	 9.9764e-01
4.7268e+01	 1.1570e+00	 3.1788e+00	 9.9925e-01	 3.1771e+00	 9.9863e-01
4.7297e+01	 1.1571e+00	 3.1764e+00	 9.9928e-01	 3.1748e+00	 9.9738e-01
4.7326e+01	 1.1574e+00	 3.1741e+00	 9.9930e-01	 3.1724e+00	 9.9849e-01
4.7355e+01	 1.1574e+00	 3.1718e+00	 9.9935e-01	 3.1701e+00	 9.9815e-01
4.7384e+01	 1.1576e+00	 3.1694e+00	 9.9937e-01	 3.1678e+00	 9.9742e-01
4.7413e+01	 1.1576e+00	 3.1671e+00	 9.9935e-01	 3.1655e+00	 9.9779e-01
4.7442e+01	 1.1578e+00	 3.1648e+00	 9.9935e-01	 3.1631e+00	 9.9712e-01
4.7471e+01	 1.1579e+00	 3.1625e+00	 9.9938e-01	 3.1608e+00	 9.9852e-01
4.7500e+01	 1.1579e+00	 3.1602e+00	 9.9942e-01	 3.1585e+00	 9.9749e-01
4.7529e+01	 1.1580e+00	 3.1579e+00	 9.9942e-01	 3.1562e+00	 9.9819e-01
4.7557e+01	 1.1579e+00	 3.1555e+00	 9.9937e-01	 3.1539e+00	 9.9694e-01
4.7587e+01	 1.1581e+00	 3.1532e+00	 9.9933e-01	 3.1516e+00	 9.9801e-01
4.7615e+01	 1.1580e+00	 3.1509e+00	 9.9930e-01	 3.1493e+00	 9.9808e-01
4.7644e+01	 1.1581e+00	 3.1486e+00	 9.9925e-01	 3.1470e+00	 9.9753e-01
4.7673e+01	 1.1581e+00	 3.1463e+00	 9.9921e-01	 3.1446e+00	 9.9849e-01
4.7702e+01	 1.1581e+00	 3.1440e+00	 9.9918e-01	 3.1423e+00	 9.9753e-01
4.7731e+01	 1.1583e+00	 3.1417e+00	 9.9916e-01	 3.1400e+00	 9.9882e-01
4.7760e+01	 1.1582e+00	 3.1394e+00	 9.9916e-01	 3.1377e+00	 9.9771e-01
4.7789e+01	 1.1584e+00	 3.1371e+00	 9.9918e-01	 3.1354e+00	 9.9867e-01
4.7818e+01	 1.1583e+00	 3.1348e+00	 9.9918e-01	 3.1331e+00	 9.9742e-01
4.7847e+01	 1.1584e+00	 3.1325e+00	 9.9920e-01	 3.1308e+00	 9.9768e-01
4.7876e+01	 1.1585e+00	 3.1302e+00	 9.9923e-01	 3.1285e+00	 9.9793e-01
4.7905e+01	 1.1585e+00	 3.1279e+00	 9.9925e-01	 3.1263e+00	 9.9723e-01
4.7934e+01	 1.1587e+00	 3.1256e+00	 9.9925e-01	 3.1240e+00	 9.9827e-01
4.7963e+01	 1.1586e+00	 3.1233e+00	 9.9926e-01	 3.1217e+00	 9.9775e-01
4.7992e+01	 1.1589e+00	 3.1210e+00	 9.9930e-01	 3.1194e+00	 9.9893e-01
4.8021e+01	 1.1588e+00	 3.1187e+00	 9.9930e-01	 3.1171e+00	 9.9745e-01
4.8050e+01	 1.1590e+00	 3.1164e+00	 9.9928e-01	 3.1148e+00	 9.9863e-01
4.8079e+01	 1.1590e+00	 3.1142e+00	 9.9928e-01	 3.1125e+00	 9.9793e-01
4.8108e+01	 1.1590e+00	 3.1119e+00	 9.9928e-01	 3.1102e+00	 9.9786e-01
4.8136e+01	 1.1591e+00	 3.1096e+00	 9.9930e-01	 3.1080e+00	 9.9834e-01
4.8165e+01	 1.1591e+00	 3.1073e+00	 9.9930e-01	 3.1057e+00	 9.9782e-01
4.8194e+01	 1.1593e+00	 3.1050e+00	 9.9930e-01	 3.1034e+00	 9.9830e-01
4.8223e+01	 1.1591e+00	 3.1028e+00	 9.9926e-01	 3.1011e+00	 9.9683e-01
4.8252e+01	 1.1593e+00	 3.1005e+00	 9.9921e-01	 3.0989e+00	 9.9863e-01
4.8281e+01	 1.1592e+00	 3.0982e+00	 9.9918e-01	 3.0966e+00	 9.9720e-01
4.8310e+01	 1.1592e+00	 3.0959e+00	 9.9915e-01	 3.0943e+00	 9.9779e-01
4.8339e+01	 1.1592e+00	 3.0937e+00	 9.9911e-01	 3.0921e+00	 9.9782e-01
4.8368e+01	 1.1591e+00	 3.0914e+00	 9.9911e-01	 3.0898e+00	 9.9760e-01
4.8397e+01	 1.1592e+00	 3.0891e+00	 9.9915e-01	 3.0875e+00	 9.9790e-01
4.8426e+01	 1.1591e+00	 3.0869e+00	 9.9918e-01	 3.0853e+00	 9.9705e-01
4.8455e+01	 1.1592e+00	 3.0846e+00	 9.9920e-01	 3.0830e+00	 9.9834e-01
4.8484e+01	 1.1591e+00	 3.0823e+00	 9.9921e-01	 3.0807e+00	 9.9709e-01
4.8513e+01	 1.1591e+00	 3.0801e+00	 9.9921e-01	 3.0785e+00	 9.9841e-01
4.8542e+01	 1.1592e+00	 3.0778e+00	 9.9920e-01	 3.0762e+00	 9.9731e-01
4.8571e+01	 1.1591e+00	 3.0756e+00	 9.9920e-01	 3.0739e+00	 9.9745e-01
4.8600e+01	 1.1593e+00	 3.0733e+00	 9.9918e-01	 3.0717e+00	 9.9782e-01
4.8629e+01	 1.1593e+00	 3.0711e+00	 9.9915e-01	 3.0694e+00	 9.9745e-01
4.8658e+01	 1.1596e+00	 3.0688e+00	 9.9915e-01	 3.0672e+00	 9.9852e-01
4.8687e+01	 1.1596e+00	 3.0666e+00	 9.9915e-01	 3.0649e+00	 9.9731e-01
4.8716e+01	 1.1599e+00	 3.0643e+00	 9.9916e-01	 3.0627e+00	 9.9830e-01
4.8745e+01	 1.1601e+00	 3.0621e+00	 9.9918e-01	 3.0604e+00	 9.9764e-01
4.8773e+01	 1.1603e+00	 3.0598e+00	 9.9918e-01	 3.0582e+00	 9.9871e-01
4.8802e+01	 1.1606e+00	 3.0576e+00	 9.9915e-01	 3.0560e+00	 9.9782e-01
4.8831e+01	 1.1607e+00	 3.0553e+00	 9.9913e-01	 3.0537e+00	 9.9782e-01
4.8860e+01	 1.1611e+00	 3.0531e+00	 9.9915e-01	 3.0515e+00	 9.9801e-01
4.8889e+01	 1.1613e+00	 3.0508e+00	 9.9920e-01	 3.0492e+00	 9.9705e-01
4.8918e+01	 1.1616e+00	 3.0486e+00	 9.9923e-01	 3.0470e+00	 9.9793e-01
4.8947e+01	 1.1618e+00	 3.0464e+00	 9.9928e-01	 3.0448e+00	 9.9701e-01
4.8976e+01	 1.1620e+00	 3.0441e+00	 9.9932e-01	 3.0425e+00	 9.9852e-01
4.9005e+01	 1.1624e+00	 3.0419e+00	 9.9933e-01	 3.0403e+00	 9.9749e-01
4.9034e+01	 1.1625e+00	 3.0396e+00	 9.9933e-01	 3.0381e+00	 9.9823e-01
4.9063e+01	 1.1629e+00	 3.0374e+00	 9.9933e-01	 3.0358e+00	 9.9808e-01
4.9092e+01	 1.1630e+00	 3.0352e+00	 9.9930e-01	 3.0336e+00	 9.9819e-01
4.9121e+01	 1.1633e+00	 3.0330e+00	 9.9926e-01	 3.0314e+00	 9.9860e-01
4.9150e+01	 1.1635e+00	 3.0307e+00	 9.9920e-01	 3.0291e+00	 9.9793e-01
4.9179e+01	 1.1636e+00	 3.0285e+00	 9.9918e-01	 3.0269e+00	 9.9904e-01
4.9208e+01	 1.1639e+00	 3.0263e+00	 9.9920e-01	 3.0247e+00	 9.9775e-01
4.9236e+01	 1.1640e+00	 3.0241e+00	 9.9926e-01	 3.0225e+00	 9.9878e-01
4.9265e+01	 1.1643e+00	 3.0218e+00	 9.9932e-01	 3.0203e+00	 9.9745e-01
4.9294e+01	 1.1643e+00	 3.0196e+00	 9.9932e-01	 3.0180e+00	 9.9779e-01
4.9323e+01	 1.1645e+00	 3.0174e+00	 9.9928e-01	 3.0158e+00	 9.9815e-01
4.9352e+01	 1.1646e+00	 3.0152e+00	 9.9923e-01	 3.0136e+00	 9.9812e-01
4.9381e+01	 1.1647e+00	 3.0130e+00	 9.9921e-01	 3.0114e+00	 9.9834e-01
4.9410e+01	 1.1649e+00	 3.0108e+00	 9.9925e-01	 3.0092e+00	 9.9738e-01
4.9439e+01	 1.1648e+00	 3.0086e+00	 9.9930e-01	 3.0070e+00	 9.9834e-01
4.9468e+01	 1.1650e+00	 3.0063e+00	 9.9933e-01	 3.0048e+00	 9.9690e-01
4.9497e+01	 1.1650e+00	 3.0041e+00	 9.9932e-01	 3.0026e+00	 9.9834e-01
4.9526e+01	 1.1651e+00	 3.0019e+00	 9.9928e-01	 3.0004e+00	 9.9727e-01
4.9555e+01	 1.1651e+00	 2.9997e+00	 9.9925e-01	 2.9982e+00	 9.9771e-01
4.9584e+01	 1.1651e+00	 2.9975e+00	 9.9921e-01	 2.9960e+00	 9.9793e-01
4.9612e+01	 1.1653e+00	 2.9953e+00	 9.9920e-01	 2.9938e+00	 9.9786e-01
4.9641e+01	 1.1652e+00	 2.9931e+00	 9.9920e-01	 2.9916e+00	 9.9845e-01
4.9670e+01	 1.1654e+00	 2.9909e+00	 9.9920e-01	 2.9894e+00	 9.9731e-01
4.9699e+01	 1.1653e+00	 2.9887e+00	 9.9920e-01	 2.9872e+00	 9.9867e-01
4.9728e+01	 1.1654e+00	 2.9865e+00	 9.9921e-01	 2.9850e+00	 9.9731e-01
4.9757e+01	 1.1654e+00	 2.9844e+00	 9.9921e-01	 2.9828e+00	 9.9801e-01
4.9786e+01	 1.1654e+00	 2.9822e+00	 9.9923e-01	 2.9806e+00	 9.9742e-01
4.9815e+01	 1.1655e+00	 2.9800e+00	 9.9921e-01	 2.9784e+00	 9.9830e-01
4.9843e+01	 1.1654e+00	 2.9778e+00	 9.9920e-01	 2.9762e+00	 9.9878e-01
4.9872e+01	 1.1655e+00	 2.9756e+00	 9.9918e-01	 2.9740e+00	 9.9745e-01
4.9901e+01	 1.1654e+00	 2.9734e+00	 9.9920e-01	 2.9718e+00	 9.9812e-01
4.9930e+01	 1.1655e+00	 2.9712e+00	 9.9925e-01	 2.9697e+00	 9.9727e-01
4.9959e+01	 1.1654e+00	 2.9690e+00	 9.9928e-01	 2.9675e+00	 9.9863e-01
4.9988e+01	 1.1654e+00	 2.9669e+00	 9.9928e-01	 2.9653e+00	 9.9786e-01
5.0017e+01	 1.1654e+00	 2.9647e+00	 9.9926e-01	 2.9631e+00	 9.9863e-01
5.0046e+01	 1.1653e+00	 2.9625e+00	 9.9923e-01	 2.9610e+00	 9.9797e-01
5.0075e+01	 1.1654e+00	 2.9603e+00	 9.9920e-01	 2.9588e+00	 9.9808e-01
5.0103e+01	 1.1652e+00	 2.9582e+00	 9.9921e-01	 2.9566e+00	 9.9815e-01
5.0132e+01	 1.1652e+00	 2.9560e+00	 9.9923e-01	 2.9544e+00	 9.9701e-01
5.0161e+01	 1.1651e+00	 2.9538e+00	 9.9925e-01	 2.9523e+00	 9.9830e-01
5.0190e+01	 1.1650e+00	 2.9516e+00	 9.9921e-01	 2.9501e+00	 9.9672e-01
5.0219e+01	 1.1650e+00	 2.9495e+00	 9.9916e-01	 2.9479e+00	 9.9786e-01
5.0248e+01	 1.1648e+00	 2.9473e+00	 9.9913e-01	 2.9458e+00	 9.9727e-01
5.0276e+01	 1.1649e+00	 2.9451e+00	 9.9915e-01	 2.9436e+00	 9.9804e-01
5.0305e+01	 1.1647e+00	 2.9430e+00	 9.9921e-01	 2.9414e+00	 9.9764e-01
5.0334e+01	 1.1648e+00	 2.9408e+00	 9.9926e-01	 2.9393e+00	 9.9757e-01
5.0363e+01	 1.1647e+00	 2.9386e+00	 9.9928e-01	 2.9371e+00	 9.9834e-01
5.0392e+01	 1.1647e+00	 2.9365e+00	 9.9926e-01	 2.9349e+00	 9.9727e-01
5.0421e+01	 1.1648e+00	 2.9343e+00	 9.9921e-01	 2.9328e+00	 9.9849e-01
5.0449e+01	 1.1647e+00	 2.9322e+00	 9.9920e-01	 2.9306e+00	 9.9745e-01
5.0478e+01	 1.1649e+00	 2.9300e+00	 9.9918e-01	 2.9285e+00	 9.9838e-01
5.0507e+01	 1.1648e+00	 2.9279e+00	 9.9918e-01	 2.9263e+00	 9.9720e-01
5.0536e+01	 1.1651e+00	 2.9257e+00	 9.9920e-01	 2.9242e+00	 9.9779e-01
5.0565e+01	 1.1651e+00	 2.9236e+00	 9.9921e-01	 2.9220e+00	 9.9764e-01
5.0593e+01	 1.1652e+00	 2.9214e+00	 9.9920e-01	 2.9199e+00	 9.9731e-01
5.0622e+01	 1.1654e+00	 2.9193e+00	 9.9920e-01	 2.9177e+00	 9.9874e-01
5.0651e+01	 1.1655e+00	 2.9171e+00	 9.9918e-01	 2.9156e+00	 9.9757e-01
5.0680e+01	 1.1657e+00	 2.9150e+00	 9.9916e-01	 2.9135e+00	 9.9849e-01
5.0709e+01	 1.1658e+00	 2.9129e+00	 9.9916e-01	 2.9113e+00	 9.9753e-01
5.0737e+01	 1.1661e+00	 2.9107e+00	 9.9916e-01	 2.9092e+00	 9.9871e-01
5.0766e+01	 1.1662e+00	 2.9086e+00	 9.9920e-01	 2.9071e+00	 9.9760e-01
5.0795e+01	 1.1665e+00	 2.9064e+00	 9.9925e-01	 2.9049e+00	 9.9760e-01
5.0824e+01	 1.1668e+00	 2.9043e+00	 9.9928e-01	 2.9028e+00	 9.9790e-01
5.0852e+01	 1.1670e+00	 2.9022e+00	 9.9933e-01	 2.9007e+00	 9.9745e-01
5.0881e+01	 1.1674e+00	 2.9001e+00	 9.9938e-01	 2.8985e+00	 9.9871e-01
5.0910e+01	 1.1675e+00	 2.8979e+00	 9.9943e-01	 2.8964e+00	 9.9790e-01
5.0939e+01	 1.1680e+00	 2.8958e+00	 9.9942e-01	 2.8943e+00	 9.9915e-01
5.0967e+01	 1.1682e+00	 2.8937e+00	 9.9938e-01	 2.8921e+00	 9.9749e-01
5.0996e+01	 1.1686e+00	 2.8915e+00	 9.9935e-01	 2.8900e+00	 9.9808e-01
5.1025e+01	 1.1689e+00	 2.8894e+00	 9.9930e-01	 2.8879e+00	 9.9786e-01
5.1054e+01	 1.1691e+00	 2.8873e+00	 9.9926e-01	 2.8858e+00	 9.9786e-01
5.1082e+01	 1.1695e+00	 2.8852e+00	 9.9923e-01	 2.8837e+00	 9.9838e-01
5.1111e+01	 1.1697e+00	 2.8831e+00	 9.9920e-01	 2.8815e+00	 9.9775e-01
5.1140e+01	 1.1701e+00	 2.8809e+00	 9.9920e-01	 2.8794e+00	 9.9904e-01
5.1168e+01	 1.1702e+00	 2.8788e+00	 9.9923e-01	 2.8773e+00	 9.9753e-01
5.1197e+01	 1.1705e+00	 2.8767e+00	 9.9926e-01	 2.8752e+00	 9.9860e-01
5.1226e+01	 1.1706e+00	 2.8746e+00	 9.9925e-01	 2.8731e+00	 9.9760e-01
5.1255e+01	 1.1707e+00	 2.8725e+00	 9.9920e-01	 2.8710e+00	 9.9823e-01
5.1283e+01	 1.1710e+00	 2.8704e+00	 9.9913e-01	 2.8689e+00	 9.9830e-01
5.1312e+01	 1.1710e+00	 2.8683e+00	 9.9909e-01	 2.8668e+00	 9.9786e-01
5.1340e+01	 1.1713e+00	 2.8662e+00	 9.9911e-01	 2.8647e+00	 9.9823e-01
5.1369e+01	 1.1713e+00	 2.8641e+00	 9.9916e-01	 2.8626e+00	 9.9723e-01
5.1398e+01	 1.1715e+00	 2.8620e+00	 9.9923e-01	 2.8605e+00	 9.9801e-01
5.1426e+01	 1.1715e+00	 2.8599e+00	 9.9928e-01	 2.8584e+00	 9.9690e-01
5.1455e+01	 1.1716e+00	 2.8578e+00	 9.9932e-01	 2.8563e+00	 9.9845e-01
5.1484e+01	 1.1717e+00	 2.8557e+00	 9.9935e-01	 2.8542e+00	 9.9790e-01
5.1512e+01	 1.1717e+00	 2.8536e+00	 9.9935e-01	 2.8521e+00	 9.9808e-01
5.1541e+01	 1.1719e+00	 2.8515e+00	 9.9930e-01	 2.8500e+00	 9.9804e-01
5.1570e+01	 1.1719e+00	 2.8494e+00	 9.9921e-01	 2.8479e+00	 9.9749e-01
5.1598e+01	 1.1720e+00	 2.8473e+00	 9.9916e-01	 2.8458e+00	 9.9838e-01
5.1627e+01	 1.1720e+00	 2.8452e+00	 9.9915e-01	 2.8437e+00	 9.9757e-01
5.1655e+01	 1.1721e+00	 2.8431e+00	 9.9916e-01	 2.8416e+00	 9.9908e-01
5.1684e+01	 1.1722e+00	 2.8410e+00	 9.9918e-01	 2.8395e+00	 9.9745e-01
5.1713e+01	 1.1721e+00	 2.8389e+00	 9.9918e-01	 2.8374e+00	 9.9779e-01
5.1741e+01	 1.1723e+00	 2.8369e+00	 9.9920e-01	 2.8354e+00	 9.9757e-01
5.1770e+01	 1.1722e+00	 2.8348e+00	 9.9920e-01	 2.8333e+00	 9.9852e-01
5.1798e+01	 1.1723e+00	 2.8327e+00	 9.9921e-01	 2.8312e+00	 9.9878e-01
5.1827e+01	 1.1723e+00	 2.8306e+00	 9.9923e-01	 2.8291e+00	 9.9738e-01
5.1855e+01	 1.1724e+00	 2.8285e+00	 9.9921e-01	 2.8271e+00	 9.9867e-01
5.1884e+01	 1.1725e+00	 2.8265e+00	 9.9916e-01	 2.8250e+00	 9.9749e-01
5.1913e+01	 1.1725e+00	 2.8244e+00	 9.9913e-01	 2.8229e+00	 9.9830e-01
5.1941e+01	 1.1728e+00	 2.8223e+00	 9.9911e-01	 2.8208e+00	 9.9723e-01
5.1969e+01	 1.1728e+00	 2.8202e+00	 9.9911e-01	 2.8188e+00	 9.9823e-01
5.1998e+01	 1.1731e+00	 2.8182e+00	 9.9913e-01	 2.8167e+00	 9.9815e-01
5.2026e+01	 1.1731e+00	 2.8161e+00	 9.9915e-01	 2.8146e+00	 9.9797e-01
5.2055e+01	 1.1733e+00	 2.8140e+00	 9.9916e-01	 2.8126e+00	 9.9871e-01
5.2084e+01	 1.1735e+00	 2.8120e+00	 9.9921e-01	 2.8105e+00	 9.9790e-01
5.2112e+01	 1.1735e+00	 2.8099e+00	 9.9926e-01	 2.8084e+00	 9.9849e-01
5.2141e+01	 1.1738e+00	 2.8079e+00	 9.9932e-01	 2.8064e+00	 9.9705e-01
5.2169e+01	 1.1738e+00	 2.8058e+00	 9.9933e-01	 2.8043e+00	 9.9841e-01
5.2197e+01	 1.1741e+00	 2.8037e+00	 9.9937e-01	 2.8023e+00	 9.9768e-01
5.2226e+01	 1.1741e+00	 2.8017e+00	 9.9937e-01	 2.8002e+00	 9.9882e-01
5.2254e+01	 1.1742e+00	 2.7996e+00	 9.9935e-01	 2.7982e+00	 9.9812e-01
5.2283e+01	 1.1743e+00	 2.7976e+00	 9.9933e-01	 2.7961e+00	 9.9731e-01
5.2311e+01	 1.1743e+00	 2.7955e+00	 9.9933e-01	 2.7940e+00	 9.9834e-01
5.2340e+01	 1.1745e+00	 2.7935e+00	 9.9932e-01	 2.7920e+00	 9.9753e-01
5.2368e+01	 1.1743e+00	 2.7914e+00	 9.9930e-01	 2.7899e+00	 9.9893e-01
5.2396e+01	 1.1745e+00	 2.7894e+00	 9.9925e-01	 2.7879e+00	 9.9720e-01
5.2425e+01	 1.1744e+00	 2.7873e+00	 9.9918e-01	 2.7858e+00	 9.9849e-01
5.2453e+01	 1.1744e+00	 2.7853e+00	 9.9915e-01	 2.7838e+00	 9.9801e-01
5.2481e+01	 1.1744e+00	 2.7832e+00	 9.9915e-01	 2.7818e+00	 9.9819e-01
5.2510e+01	 1.1743e+00	 2.7812e+00	 9.9916e-01	 2.7797e+00	 9.9797e-01
5.2538e+01	 1.1745e+00	 2.7791e+00	 9.9918e-01	 2.7777e+00	 9.9738e-01
5.2566e+01	 1.1743e+00	 2.7771e+00	 9.9915e-01	 2.7756e+00	 9.9797e-01
5.2595e+01	 1.1744e+00	 2.7751e+00	 9.9911e-01	 2.7736e+00	 9.9712e-01
5.2623e+01	 1.1743e+00	 2.7730e+00	 9.9904e-01	 2.7716e+00	 9.9904e-01
5.2651e+01	 1.1743e+00	 2.7710e+00	 9.9904e-01	 2.7695e+00	 9.9797e-01
5.2680e+01	 1.1744e+00	 2.7690e+00	 9.9906e-01	 2.7675e+00	 9.9827e-01
5.2708e+01	 1.1744e+00	 2.7669e+00	 9.9913e-01	 2.7655e+00	 9.9786e-01
5.2736e+01	 1.1746e+00	 2.7649e+00	 9.9920e-01	 2.7634e+00	 9.9830e-01
5.2765e+01	 1.1746e+00	 2.7629e+00	 9.9926e-01	 2.7614e+00	 9.9812e-01
5.2793e+01	 1.1749e+00	 2.7608e+00	 9.9932e-01	 2.7594e+00	 9.9742e-01
5.2821e+01	 1.1750e+00	 2.7588e+00	 9.9935e-01	 2.7573e+00	 9.9860e-01
5.2849e+01	 1.1754e+00	 2.7568e+00	 9.9935e-01	 2.7553e+00	 9.9753e-01
5.2878e+01	 1.1757e+00	 2.7547e+00	 9.9933e-01	 2.7533e+00	 9.9900e-01
5.2906e+01	 1.1760e+00	 2.7527e+00	 9.9926e-01	 2.7513e+00	 9.9753e-01
5.2934e+01	 1.1765e+00	 2.7507e+00	 9.9916e-01	 2.7493e+00	 9.9812e-01
5.2962e+01	 1.1768e+00	 2.7487e+00	 9.9908e-01	 2.7472e+00	 9.9841e-01
5.2990e+01	 1.1774e+00	 2.7467e+00	 9.9903e-01	 2.7452e+00	 9.9838e-01
5.3019e+01	 1.1777e+00	 2.7447e+00	 9.9904e-01	 2.7432e+00	 9.9830e-01
5.3047e+01	 1.1782e+00	 2.7426e+00	 9.9908e-01	 2.7412e+00	 9.9768e-01
5.3075e+01	 1.1787e+00	 2.7406e+00	 9.9911e-01	 2.7392e+00	 9.9889e-01
5.3103e+01	 1.1791e+00	 2.7386e+00	 9.9915e-01	 2.7372e+00	 9.9738e-01
5.3131e+01	 1.1797e+00	 2.7366e+00	 9.9915e-01	 2.7352e+00	 9.9834e-01
5.3160e+01	 1.1800e+00	 2.7346e+00	 9.9913e-01	 2.7332e+00	 9.9760e-01
5.3188e+01	 1.1806e+00	 2.7326e+00	 9.9915e-01	 2.7312e+00	 9.9830e-01
5.3216e+01	 1.1809e+00	 2.7306e+00	 9.9921e-01	 2.7292e+00	 9.9786e-01
5.3244e+01	 1.1814e+00	 2.7286e+00	 9.9928e-01	 2.7272e+00	 9.9749e-01
5.3272e+01	 1.1818e+00	 2.7266e+00	 9.9933e-01	 2.7252e+00	 9.9841e-01
5.3300e+01	 1.1822e+00	 2.7246e+00	 9.9935e-01	 2.7232e+00	 9.9745e-01
5.3328e+01	 1.1826e+00	 2.7226e+00	 9.9933e-01	 2.7212e+00	 9.9834e-01
5.3356e+01	 1.1829e+00	 2.7206e+00	 9.9930e-01	 2.7192e+00	 9.9727e-01
5.3384e+01	 1.1834e+00	 2.7186e+00	 9.9923e-01	 2.7172e+00	 9.9867e-01
5.3412e+01	 1.1836e+00	 2.7166e+00	 9.9918e-01	 2.7152e+00	 9.9782e-01
5.3440e+01	 1.1840e+00	 2.7146e+00	 9.9911e-01	 2.7132e+00	 9.9815e-01
5.3468e+01	 1.1842e+00	 2.7126e+00	 9.9908e-01	 2.7112e+00	 9.9849e-01
5.3496e+01	 1.1845e+00	 2.7106e+00	 9.9909e-01	 2.7092e+00	 9.9745e-01
5.3524e+01	 1.1848e+00	 2.7087e+00	 9.9916e-01	 2.7072e+00	 9.9808e-01
5.3552e+01	 1.1849e+00	 2.7067e+00	 9.9925e-01	 2.7053e+00	 9.9676e-01
5.3580e+01	 1.1853e+00	 2.7047e+00	 9.9930e-01	 2.7033e+00	 9.9841e-01
5.3608e+01	 1.1854e+00	 2.7027e+00	 9.9928e-01	 2.7013e+00	 9.9790e-01
5.3636e+01	 1.1858e+00	 2.7007e+00	 9.9920e-01	 2.6993e+00	 9.9874e-01
5.3664e+01	 1.1860e+00	 2.6987e+00	 9.9911e-01	 2.6973e+00	 9.9790e-01
5.3692e+01	 1.1863e+00	 2.6968e+00	 9.9908e-01	 2.6953e+00	 9.9797e-01
5.3720e+01	 1.1867e+00	 2.6948e+00	 9.9913e-01	 2.6934e+00	 9.9801e-01
5.3748e+01	 1.1870e+00	 2.6928e+00	 9.9920e-01	 2.6914e+00	 9.9738e-01
5.3776e+01	 1.1875e+00	 2.6908e+00	 9.9925e-01	 2.6894e+00	 9.9860e-01
5.3804e+01	 1.1878e+00	 2.6889e+00	 9.9925e-01	 2.6875e+00	 9.9768e-01
5.3831e+01	 1.1883e+00	 2.6869e+00	 9.9920e-01	 2.6855e+00	 9.9871e-01
5.3859e+01	 1.1886e+00	 2.6849e+00	 9.9915e-01	 2.6835e+00	 9.9720e-01
5.3887e+01	 1.1890e+00	 2.6830e+00	 9.9911e-01	 2.6816e+00	 9.9827e-01
5.3915e+01	 1.1894e+00	 2.6810e+00	 9.9908e-01	 2.6796e+00	 9.9827e-01
5.3943e+01	 1.1896e+00	 2.6790e+00	 9.9908e-01	 2.6776e+00	 9.9819e-01
5.3971e+01	 1.1901e+00	 2.6771e+00	 9.9911e-01	 2.6757e+00	 9.9852e-01
5.3998e+01	 1.1903e+00	 2.6751e+00	 9.9916e-01	 2.6737e+00	 9.9734e-01
5.4026e+01	 1.1908e+00	 2.6731e+00	 9.9920e-01	 2.6717e+00	 9.9885e-01
5.4054e+01	 1.1910e+00	 2.6712e+00	 9.9916e-01	 2.6698e+00	 9.9764e-01
5.4082e+01	 1.1913e+00	 2.6692e+00	 9.9911e-01	 2.6678e+00	 9.9827e-01
5.4109e+01	 1.1915e+00	 2.6673e+00	 9.9908e-01	 2.6659e+00	 9.9723e-01
5.4137e+01	 1.1917e+00	 2.6653e+00	 9.9906e-01	 2.6639e+00	 9.9782e-01
5.4165e+01	 1.1920e+00	 2.6634e+00	 9.9909e-01	 2.6620e+00	 9.9801e-01
5.4193e+01	 1.1920e+00	 2.6614e+00	 9.9915e-01	 2.6600e+00	 9.9771e-01
5.4220e+01	 1.1923e+00	 2.6595e+00	 9.9920e-01	 2.6581e+00	 9.9808e-01
5.4248e+01	 1.1923e+00	 2.6575e+00	 9.9925e-01	 2.6561e+00	 9.9698e-01
5.4276e+01	 1.1924e+00	 2.6556e+00	 9.9925e-01	 2.6542e+00	 9.9834e-01
5.4303e+01	 1.1925e+00	 2.6536e+00	 9.9920e-01	 2.6522e+00	 9.9753e-01
5.4331e+01	 1.1924e+00	 2.6517e+00	 9.9916e-01	 2.6503e+00	 9.9867e-01
5.4358e+01	 1.1924e+00	 2.6497e+00	 9.9918e-01	 2.6483e+00	 9.9779e-01
5.4386e+01	 1.1921e+00	 2.6478e+00	 9.9921e-01	 2.6464e+00	 9.9786e-01
5.4414e+01	 1.1920e+00	 2.6459e+00	 9.9925e-01	 2.6445e+00	 9.9804e-01
5.4441e+01	 1.1917e+00	 2.6439e+00	 9.9928e-01	 2.6425e+00	 9.9782e-01
5.4469e+01	 1.1914e+00	 2.6420e+00	 9.9930e-01	 2.6406e+00	 9.9874e-01
5.4496e+01	 1.1910e+00	 2.6401e+00	 9.9932e-01	 2.6387e+00	 9.9698e-01
5.4524e+01	 1.1906e+00	 2.6381e+00	 9.9935e-01	 2.6367e+00	 9.9834e-01
5.4551e+01	 1.1904e+00	 2.6362e+00	 9.9935e-01	 2.6348e+00	 9.9815e-01
5.4579e+01	 1.1899e+00	 2.6343e+00	 9.9932e-01	 2.6329e+00	 9.9882e-01
5.4606e+01	 1.1897e+00	 2.6323e+00	 9.9925e-01	 2.6310e+00	 9.9764e-01
5.4634e+01	 1.1892e+00	 2.6304e+00	 9.9915e-01	 2.6290e+00	 9.9808e-01
5.4661e+01	 1.1889e+00	 2.6285e+00	 9.9911e-01	 2.6271e+00	 9.9885e-01
5.4689e+01	 1.1886e+00	 2.6266e+00	 9.9918e-01	 2.6252e+00	 9.9771e-01
5.4716e+01	 1.1883e+00	 2.6246e+00	 9.9926e-01	 2.6233e+00	 9.9827e-01
5.4743e+01	 1.1882e+00	 2.6227e+00	 9.9937e-01	 2.6213e+00	 9.9723e-01
5.4771e+01	 1.1879e+00	 2.6208e+00	 9.9942e-01	 2.6194e+00	 9.9871e-01
5.4798e+01	 1.1879e+00	 2.6189e+00	 9.9943e-01	 2.6175e+00	 9.9812e-01
5.4826e+01	 1.1877e+00	 2.6170e+00	 9.9940e-01	 2.6156e+00	 9.9933e-01
5.4853e+01	 1.1877e+00	 2.6150e+00	 9.9935e-01	 2.6137e+00	 9.9852e-01
5.4880e+01	 1.1877e+00	 2.6131e+00	 9.9925e-01	 2.6118e+00	 9.9808e-01
5.4907e+01	 1.1877e+00	 2.6112e+00	 9.9920e-01	 2.6098e+00	 9.9815e-01
5.4935e+01	 1.1878e+00	 2.6093e+00	 9.9918e-01	 2.6079e+00	 9.9738e-01
5.4962e+01	 1.1877e+00	 2.6074e+00	 9.9920e-01	 2.6060e+00	 9.9874e-01
5.4989e+01	 1.1879e+00	 2.6055e+00	 9.9923e-01	 2.6041e+00	 9.9782e-01
5.5017e+01	 1.1878e+00	 2.6036e+00	 9.9926e-01	 2.6022e+00	 9.9885e-01
5.5044e+01	 1.1881e+00	 2.6017e+00	 9.9928e-01	 2.6003e+00	 9.9793e-01
5.5071e+01	 1.1882e+00	 2.5998e+00	 9.9926e-01	 2.5984e+00	 9.9860e-01
5.5098e+01	 1.1884e+00	 2.5979e+00	 9.9921e-01	 2.5965e+00	 9.9808e-01
5.5125e+01	 1.1887e+00	 2.5960e+00	 9.9916e-01	 2.5946e+00	 9.9779e-01
5.5153e+01	 1.1888e+00	 2.5941e+00	 9.9915e-01	 2.5927e+00	 9.9893e-01
5.5180e+01	 1.1893e+00	 2.5921e+00	 9.9913e-01	 2.5908e+00	 9.9779e-01
5.5207e+01	 1.1894e+00	 2.5903e+00	 9.9913e-01	 2.5889e+00	 9.9900e-01
5.5234e+01	 1.1899e+00	 2.5884e+00	 9.9911e-01	 2.5870e+00	 9.9742e-01
5.5261e+01	 1.1901e+00	 2.5865e+00	 9.9913e-01	 2.5851e+00	 9.9838e-01
5.5288e+01	 1.1904e+00	 2.5846e+00	 9.9918e-01	 2.5832e+00	 9.9764e-01
5.5315e+01	 1.1908e+00	 2.5827e+00	 9.9923e-01	 2.5813e+00	 9.9804e-01
5.5342e+01	 1.1911e+00	 2.5808e+00	 9.9925e-01	 2.5794e+00	 9.9878e-01
5.5369e+01	 1.1915e+00	 2.5789e+00	 9.9921e-01	 2.5776e+00	 9.9838e-01
5.5396e+01	 1.1917e+00	 2.5770e+00	 9.9911e-01	 2.5757e+00	 9.9904e-01
5.5423e+01	 1.1922e+00	 2.5751e+00	 9.9901e-01	 2.5738e+00	 9.9897e-01
5.5450e+01	 1.1925e+00	 2.5732e+00	 9.9899e-01	 2.5719e+00	 9.9955e-01
5.5477e+01	 1.1929e+00	 2.5714e+00	 9.9908e-01	 2.5700e+00	 9.9885e-01
5.5504e+01	 1.1932e+00	 2.5695e+00	 9.9916e-01	 2.5681e+00	 9.9543e-01
5.5531e+01	 1.1935e+00	 2.5676e+00	 9.9920e-01	 2.5663e+00	 9.9230e-01
5.5558e+01	 1.1940e+00	 2.5657e+00	 9.9918e-01	 2.5644e+00	 9.9782e-01
5.5585e+01	 1.1942e+00	 2.5638e+00	 9.9913e-01	 2.5625e+00	 9.9970e-01
5.5611e+01	 1.1946e+00	 2.5620e+00	 9.9906e-01	 2.5606e+00	 9.9882e-01
5.5638e+01	 1.1948e+00	 2.5601e+00	 9.9899e-01	 2.5587e+00	 9.9919e-01
5.5665e+01	 1.1951e+00	 2.5582e+00	 9.9896e-01	 2.5569e+00	 9.9558e-01
5.5692e+01	 1.1953e+00	 2.5563e+00	 9.9899e-01	 2.5550e+00	 9.9904e-01
5.5719e+01	 1.1954e+00	 2.5545e+00	 9.9909e-01	 2.5531e+00	 9.9970e-01
5.5745e+01	 1.1956e+00	 2.5526e+00	 9.9920e-01	 2.5512e+00	 9.9904e-01
5.5772e+01	 1.1956e+00	 2.5507e+00	 9.9923e-01	 2.5494e+00	 9.9676e-01
5.5799e+01	 1.1958e+00	 2.5488e+00	 9.9916e-01	 2.5475e+00	 9.9679e-01
5.5826e+01	 1.1957e+00	 2.5470e+00	 9.9906e-01	 2.5456e+00	 9.9561e-01
5.5852e+01	 1.1958e+00	 2.5451e+00	 9.9899e-01	 2.5438e+00	 9.9602e-01
5.5879e+01	 1.1957e+00	 2.5432e+00	 9.9901e-01	 2.5419e+00	 9.9967e-01
5.5906e+01	 1.1956e+00	 2.5414e+00	 9.9909e-01	 2.5400e+00	 9.9801e-01
5.5932e+01	 1.1957e+00	 2.5395e+00	 9.9920e-01	 2.5382e+00	 1.0008e+00
5.5959e+01	 1.1956e+00	 2.5377e+00	 9.9928e-01	 2.5363e+00	 9.9797e-01
5.5985e+01	 1.1957e+00	 2.5358e+00	 9.9930e-01	 2.5345e+00	 9.9841e-01
5.6012e+01	 1.1957e+00	 2.5339e+00	 9.9930e-01	 2.5326e+00	 1.0002e+00
5.6038e+01	 1.1958e+00	 2.5321e+00	 9.9930e-01	 2.5307e+00	 9.9827e-01
5.6065e+01	 1.1959e+00	 2.5302e+00	 9.9930e-01	 2.5289e+00	 9.9845e-01
5.6091e+01	 1.1960e+00	 2.5284e+00	 9.9932e-01	 2.5270e+00	 9.9594e-01
5.6118e+01	 1.1963e+00	 2.5265e+00	 9.9930e-01	 2.5252e+00	 9.9727e-01
5.6144e+01	 1.1964e+00	 2.5247e+00	 9.9926e-01	 2.5233e+00	 9.9687e-01
5.6171e+01	 1.1968e+00	 2.5228e+00	 9.9921e-01	 2.5215e+00	 9.9838e-01
5.6197e+01	 1.1969e+00	 2.5210e+00	 9.9916e-01	 2.5196e+00	 9.9768e-01
5.6224e+01	 1.1973e+00	 2.5191e+00	 9.9916e-01	 2.5178e+00	 9.9738e-01
5.6250e+01	 1.1976e+00	 2.5173e+00	 9.9920e-01	 2.5159e+00	 9.9712e-01
5.6276e+01	 1.1979e+00	 2.5154e+00	 9.9923e-01	 2.5141e+00	 9.9716e-01
5.6303e+01	 1.1983e+00	 2.5136e+00	 9.9921e-01	 2.5123e+00	 9.9981e-01
5.6329e+01	 1.1986e+00	 2.5117e+00	 9.9918e-01	 2.5104e+00	 9.9768e-01
5.6355e+01	 1.1990e+00	 2.5099e+00	 9.9908e-01	 2.5086e+00	 9.9793e-01
5.6382e+01	 1.1992e+00	 2.5081e+00	 9.9898e-01	 2.5067e+00	 9.9631e-01
5.6408e+01	 1.1996e+00	 2.5062e+00	 9.9894e-01	 2.5049e+00	 9.9676e-01
5.6434e+01	 1.1998e+00	 2.5044e+00	 9.9899e-01	 2.5031e+00	 9.9628e-01
5.6460e+01	 1.2000e+00	 2.5026e+00	 9.9908e-01	 2.5012e+00	 9.9624e-01
5.6486e+01	 1.2003e+00	 2.5007e+00	 9.9916e-01	 2.4994e+00	 9.9834e-01
5.6512e+01	 1.2004e+00	 2.4989e+00	 9.9923e-01	 2.4976e+00	 9.9885e-01
5.6539e+01	 1.2006e+00	 2.4971e+00	 9.9928e-01	 2.4958e+00	 1.0002e+00
5.6565e+01	 1.2007e+00	 2.4952e+00	 9.9932e-01	 2.4939e+00	 9.9823e-01
5.6591e+01	 1.2009e+00	 2.4934e+00	 9.9930e-01	 2.4921e+00	 9.9801e-01
5.6617e+01	 1.2009e+00	 2.4916e+00	 9.9928e-01	 2.4903e+00	 9.9646e-01
5.6643e+01	 1.2010e+00	 2.4897e+00	 9.9925e-01	 2.4884e+00	 9.9812e-01
5.6669e+01	 1.2011e+00	 2.4879e+00	 9.9926e-01	 2.4866e+00	 9.9908e-01
5.6695e+01	 1.2010e+00	 2.4861e+00	 9.9928e-01	 2.4848e+00	 9.9849e-01
5.6721e+01	 1.2012e+00	 2.4843e+00	 9.9930e-01	 2.4830e+00	 9.9941e-01
5.6747e+01	 1.2011e+00	 2.4824e+00	 9.9932e-01	 2.4811e+00	 9.9804e-01
5.6773e+01	 1.2012e+00	 2.4806e+00	 9.9932e-01	 2.4793e+00	 9.9893e-01
5.6799e+01	 1.2012e+00	 2.4788e+00	 9.9928e-01	 2.4775e+00	 9.9793e-01
5.6825e+01	 1.2012e+00	 2.4770e+00	 9.9921e-01	 2.4757e+00	 9.9919e-01
5.6850e+01	 1.2013e+00	 2.4752e+00	 9.9915e-01	 2.4739e+00	 9.9790e-01
5.6876e+01	 1.2013e+00	 2.4733e+00	 9.9908e-01	 2.4720e+00	 9.9797e-01
5.6902e+01	 1.2015e+00	 2.4715e+00	 9.9908e-01	 2.4702e+00	 9.9823e-01
5.6928e+01	 1.2015e+00	 2.4697e+00	 9.9911e-01	 2.4684e+00	 9.9687e-01
5.6954e+01	 1.2018e+00	 2.4679e+00	 9.9916e-01	 2.4666e+00	 9.9863e-01
5.6979e+01	 1.2019e+00	 2.4661e+00	 9.9923e-01	 2.4648e+00	 9.9797e-01
5.7005e+01	 1.2020e+00	 2.4643e+00	 9.9925e-01	 2.4630e+00	 9.9867e-01
5.7031e+01	 1.2023e+00	 2.4625e+00	 9.9923e-01	 2.4612e+00	 9.9786e-01
5.7056e+01	 1.2023e+00	 2.4607e+00	 9.9916e-01	 2.4594e+00	 9.9922e-01
5.7082e+01	 1.2027e+00	 2.4589e+00	 9.9913e-01	 2.4576e+00	 9.9860e-01
5.7108e+01	 1.2027e+00	 2.4570e+00	 9.9913e-01	 2.4558e+00	 9.9830e-01
5.7133e+01	 1.2030e+00	 2.4552e+00	 9.9916e-01	 2.4540e+00	 9.9867e-01
5.7159e+01	 1.2031e+00	 2.4534e+00	 9.9920e-01	 2.4522e+00	 9.9749e-01
5.7184e+01	 1.2033e+00	 2.4516e+00	 9.9921e-01	 2.4504e+00	 9.9852e-01
5.7210e+01	 1.2035e+00	 2.4498e+00	 9.9920e-01	 2.4486e+00	 9.9731e-01
5.7236e+01	 1.2036e+00	 2.4480e+00	 9.9915e-01	 2.4468e+00	 9.9849e-01
5.7261e+01	 1.2038e+00	 2.4462e+00	 9.9909e-01	 2.4450e+00	 9.9771e-01
5.7286e+01	 1.2038e+00	 2.4444e+00	 9.9908e-01	 2.4432e+00	 9.9878e-01
5.7312e+01	 1.2040e+00	 2.4426e+00	 9.9909e-01	 2.4414e+00	 9.9838e-01
5.7337e+01	 1.2040e+00	 2.4409e+00	 9.9913e-01	 2.4396e+00	 9.9786e-01
5.7363e+01	 1.2041e+00	 2.4391e+00	 9.9918e-01	 2.4378e+00	 9.9808e-01
5.7388e+01	 1.2042e+00	 2.4373e+00	 9.9921e-01	 2.4360e+00	 9.9753e-01
5.7413e+01	 1.2041e+00	 2.4355e+00	 9.9920e-01	 2.4342e+00	 9.9941e-01
5.7439e+01	 1.2042e+00	 2.4337e+00	 9.9920e-01	 2.4324e+00	 9.9823e-01
5.7464e+01	 1.2040e+00	 2.4319e+00	 9.9920e-01	 2.4306e+00	 9.9878e-01
5.7489e+01	 1.2041e+00	 2.4301e+00	 9.9921e-01	 2.4288e+00	 9.9782e-01
5.7514e+01	 1.2039e+00	 2.4283e+00	 9.9925e-01	 2.4271e+00	 9.9852e-01
5.7539e+01	 1.2038e+00	 2.4266e+00	 9.9928e-01	 2.4253e+00	 9.9823e-01
5.7565e+01	 1.2036e+00	 2.4248e+00	 9.9933e-01	 2.4235e+00	 9.9760e-01
5.7590e+01	 1.2033e+00	 2.4230e+00	 9.9935e-01	 2.4217e+00	 9.9867e-01
5.7615e+01	 1.2032e+00	 2.4212e+00	 9.9933e-01	 2.4199e+00	 9.9801e-01
5.7640e+01	 1.2027e+00	 2.4194e+00	 9.9932e-01	 2.4182e+00	 9.9908e-01
5.7665e+01	 1.2024e+00	 2.4177e+00	 9.9930e-01	 2.4164e+00	 9.9834e-01
5.7690e+01	 1.2020e+00	 2.4159e+00	 9.9926e-01	 2.4146e+00	 9.9926e-01
5.7715e+01	 1.2016e+00	 2.4141e+00	 9.9921e-01	 2.4128e+00	 9.9812e-01
5.7740e+01	 1.2012e+00	 2.4123e+00	 9.9916e-01	 2.4111e+00	 9.9786e-01
5.7765e+01	 1.2008e+00	 2.4106e+00	 9.9918e-01	 2.4093e+00	 9.9819e-01
5.7790e+01	 1.2006e+00	 2.4088e+00	 9.9923e-01	 2.4075e+00	 9.9823e-01
5.7815e+01	 1.2002e+00	 2.4070e+00	 9.9930e-01	 2.4058e+00	 9.9915e-01
5.7840e+01	 1.2001e+00	 2.4052e+00	 9.9933e-01	 2.4040e+00	 9.9804e-01
5.7864e+01	 1.1998e+00	 2.4035e+00	 9.9932e-01	 2.4022e+00	 9.9893e-01
5.7889e+01	 1.1997e+00	 2.4017e+00	 9.9926e-01	 2.4005e+00	 9.9760e-01
5.7914e+01	 1.1996e+00	 2.3999e+00	 9.9920e-01	 2.3987e+00	 9.9871e-01
5.7939e+01	 1.1995e+00	 2.3982e+00	 9.9916e-01	 2.3969e+00	 9.9827e-01
5.7964e+01	 1.1997e+00	 2.3964e+00	 9.9918e-01	 2.3952e+00	 9.9834e-01
5.7988e+01	 1.1996e+00	 2.3947e+00	 9.9925e-01	 2.3934e+00	 9.9841e-01
5.8013e+01	 1.1998e+00	 2.3929e+00	 9.9933e-01	 2.3916e+00	 9.9790e-01
5.8038e+01	 1.1999e+00	 2.3911e+00	 9.9935e-01	 2.3899e+00	 9.9911e-01
5.8062e+01	 1.2001e+00	 2.3894e+00	 9.9932e-01	 2.3881e+00	 9.9779e-01
5.8087e+01	 1.2003e+00	 2.3876e+00	 9.9923e-01	 2.3864e+00	 9.9867e-01
5.8111e+01	 1.2004e+00	 2.3859e+00	 9.9915e-01	 2.3846e+00	 9.9745e-01
5.8136e+01	 1.2007e+00	 2.3841e+00	 9.9909e-01	 2.3829e+00	 9.9852e-01
5.8160e+01	 1.2009e+00	 2.3824e+00	 9.9909e-01	 2.3811e+00	 9.9804e-01
5.8185e+01	 1.2013e+00	 2.3806e+00	 9.9913e-01	 2.3794e+00	 9.9742e-01
5.8209e+01	 1.2014e+00	 2.3789e+00	 9.9915e-01	 2.3776e+00	 9.9786e-01
5.8233e+01	 1.2017e+00	 2.3771e+00	 9.9916e-01	 2.3759e+00	 9.9749e-01
5.8258e+01	 1.2020e+00	 2.3754e+00	 9.9918e-01	 2.3742e+00	 9.9919e-01
5.8282e+01	 1.2022e+00	 2.3737e+00	 9.9918e-01	 2.3724e+00	 9.9797e-01
5.8306e+01	 1.2026e+00	 2.3719e+00	 9.9918e-01	 2.3707e+00	 9.9926e-01
5.8331e+01	 1.2027e+00	 2.3702e+00	 9.9915e-01	 2.3689e+00	 9.9782e-01
5.8355e+01	 1.2031e+00	 2.3684e+00	 9.9916e-01	 2.3672e+00	 9.9819e-01
5.8379e+01	 1.2032e+00	 2.3667e+00	 9.9920e-01	 2.3655e+00	 9.9823e-01
5.8403e+01	 1.2035e+00	 2.3650e+00	 9.9921e-01	 2.3637e+00	 9.9786e-01
5.8428e+01	 1.2037e+00	 2.3632e+00	 9.9923e-01	 2.3620e+00	 9.9882e-01
5.8452e+01	 1.2039e+00	 2.3615e+00	 9.9920e-01	 2.3603e+00	 9.9760e-01
5.8476e+01	 1.2041e+00	 2.3598e+00	 9.9918e-01	 2.3585e+00	 9.9878e-01
5.8500e+01	 1.2042e+00	 2.3580e+00	 9.9916e-01	 2.3568e+00	 9.9768e-01
5.8524e+01	 1.2044e+00	 2.3563e+00	 9.9915e-01	 2.3550e+00	 9.9849e-01
5.8548e+01	 1.2045e+00	 2.3546e+00	 9.9915e-01	 2.3533e+00	 9.9771e-01
5.8572e+01	 1.2047e+00	 2.3528e+00	 9.9916e-01	 2.3516e+00	 9.9823e-01
5.8596e+01	 1.2048e+00	 2.3511e+00	 9.9920e-01	 2.3499e+00	 9.9838e-01
5.8620e+01	 1.2049e+00	 2.3494e+00	 9.9921e-01	 2.3481e+00	 9.9738e-01
5.8643e+01	 1.2051e+00	 2.3476e+00	 9.9923e-01	 2.3464e+00	 9.9849e-01
5.8667e+01	 1.2051e+00	 2.3459e+00	 9.9925e-01	 2.3447e+00	 9.9797e-01
5.8691e+01	 1.2054e+00	 2.3442e+00	 9.9928e-01	 2.3429e+00	 9.9926e-01
5.8715e+01	 1.2054e+00	 2.3425e+00	 9.9930e-01	 2.3412e+00	 9.9815e-01
5.8739e+01	 1.2055e+00	 2.3407e+00	 9.9928e-01	 2.3395e+00	 9.9849e-01
5.8762e+01	 1.2056e+00	 2.3390e+00	 9.9925e-01	 2.3378e+00	 9.9782e-01
5.8786e+01	 1.2057e+00	 2.3373e+00	 9.9921e-01	 2.3361e+00	 9.9804e-01
5.8809e+01	 1.2058e+00	 2.3356e+00	 9.9920e-01	 2.3343e+00	 9.9893e-01
5.8833e+01	 1.2058e+00	 2.3339e+00	 9.9920e-01	 2.3326e+00	 9.9827e-01
5.8857e+01	 1.2060e+00	 2.3321e+00	 9.9923e-01	 2.3309e+00	 9.9926e-01
5.8880e+01	 1.2060e+00	 2.3304e+00	 9.9928e-01	 2.3292e+00	 9.9804e-01
5.8904e+01	 1.2061e+00	 2.3287e+00	 9.9932e-01	 2.3275e+00	 9.9882e-01
5.8927e+01	 1.2061e+00	 2.3270e+00	 9.9930e-01	 2.3258e+00	 9.9782e-01
5.8951e+01	 1.2062e+00	 2.3253e+00	 9.9926e-01	 2.3241e+00	 9.9838e-01
5.8974e+01	 1.2063e+00	 2.3236e+00	 9.9925e-01	 2.3224e+00	 9.9808e-01
5.8997e+01	 1.2062e+00	 2.3219e+00	 9.9921e-01	 2.3207e+00	 9.9834e-01
5.9021e+01	 1.2064e+00	 2.3202e+00	 9.9920e-01	 2.3190e+00	 9.9919e-01
5.9044e+01	 1.2063e+00	 2.3185e+00	 9.9915e-01	 2.3173e+00	 9.9782e-01
5.9067e+01	 1.2064e+00	 2.3168e+00	 9.9911e-01	 2.3156e+00	 9.9922e-01
5.9090e+01	 1.2064e+00	 2.3151e+00	 9.9911e-01	 2.3139e+00	 9.9808e-01
5.9114e+01	 1.2064e+00	 2.3134e+00	 9.9915e-01	 2.3122e+00	 9.9834e-01
5.9137e+01	 1.2065e+00	 2.3117e+00	 9.9920e-01	 2.3105e+00	 9.9727e-01
5.9160e+01	 1.2064e+00	 2.3100e+00	 9.9921e-01	 2.3088e+00	 9.9863e-01
5.9183e+01	 1.2065e+00	 2.3083e+00	 9.9920e-01	 2.3071e+00	 9.9863e-01
5.9206e+01	 1.2064e+00	 2.3066e+00	 9.9918e-01	 2.3054e+00	 9.9786e-01
5.9229e+01	 1.2066e+00	 2.3049e+00	 9.9918e-01	 2.3037e+00	 9.9871e-01
5.9252e+01	 1.2065e+00	 2.3032e+00	 9.9918e-01	 2.3020e+00	 9.9768e-01
5.9275e+01	 1.2066e+00	 2.3015e+00	 9.9920e-01	 2.3003e+00	 9.9904e-01
5.9298e+01	 1.2067e+00	 2.2998e+00	 9.9925e-01	 2.2986e+00	 9.9753e-01
5.9321e+01	 1.2067e+00	 2.2981e+00	 9.9928e-01	 2.2969e+00	 9.9834e-01
5.9344e+01	 1.2068e+00	 2.2964e+00	 9.9928e-01	 2.2952e+00	 9.9804e-01
5.9367e+01	 1.2068e+00	 2.2948e+00	 9.9921e-01	 2.2936e+00	 9.9863e-01
5.9389e+01	 1.2070e+00	 2.2931e+00	 9.9916e-01	 2.2919e+00	 9.9882e-01
5.9412e+01	 1.2069e+00	 2.2914e+00	 9.9909e-01	 2.2902e+00	 9.9782e-01
5.9435e+01	 1.2071e+00	 2.2897e+00	 9.9906e-01	 2.2885e+00	 9.9882e-01
5.9458e+01	 1.2072e+00	 2.2880e+00	 9.9908e-01	 2.2868e+00	 9.9793e-01
5.9480e+01	 1.2073e+00	 2.2864e+00	 9.9916e-01	 2.2852e+00	 9.9889e-01
5.9503e+01	 1.2075e+00	 2.2847e+00	 9.9925e-01	 2.2835e+00	 9.9760e-01
5.9525e+01	 1.2075e+00	 2.2830e+00	 9.9930e-01	 2.2818e+00	 9.9863e-01
5.9548e+01	 1.2077e+00	 2.2813e+00	 9.9933e-01	 2.2801e+00	 9.9827e-01
5.9570e+01	 1.2077e+00	 2.2797e+00	 9.9933e-01	 2.2785e+00	 9.9863e-01
5.9593e+01	 1.2079e+00	 2.2780e+00	 9.9935e-01	 2.2768e+00	 9.9930e-01
5.9615e+01	 1.2080e+00	 2.2763e+00	 9.9935e-01	 2.2751e+00	 9.9793e-01
5.9637e+01	 1.2081e+00	 2.2746e+00	 9.9933e-01	 2.2735e+00	 9.9860e-01
5.9660e+01	 1.2082e+00	 2.2730e+00	 9.9932e-01	 2.2718e+00	 9.9723e-01
5.9682e+01	 1.2082e+00	 2.2713e+00	 9.9923e-01	 2.2701e+00	 9.9860e-01
5.9704e+01	 1.2084e+00	 2.2696e+00	 9.9918e-01	 2.2685e+00	 9.9830e-01
5.9726e+01	 1.2084e+00	 2.2680e+00	 9.9913e-01	 2.2668e+00	 9.9867e-01
5.9748e+01	 1.2086e+00	 2.2663e+00	 9.9911e-01	 2.2651e+00	 9.9815e-01
5.9771e+01	 1.2086e+00	 2.2646e+00	 9.9909e-01	 2.2635e+00	 9.9819e-01
5.9793e+01	 1.2087e+00	 2.2630e+00	 9.9909e-01	 2.2618e+00	 9.9897e-01
5.9815e+01	 1.2088e+00	 2.2613e+00	 9.9913e-01	 2.2601e+00	 9.9779e-01
5.9837e+01	 1.2088e+00	 2.2597e+00	 9.9918e-01	 2.2585e+00	 9.9878e-01
5.9859e+01	 1.2090e+00	 2.2580e+00	 9.9926e-01	 2.2568e+00	 9.9790e-01
5.9881e+01	 1.2090e+00	 2.2563e+00	 9.9933e-01	 2.2551e+00	 9.9882e-01
5.9903e+01	 1.2092e+00	 2.2547e+00	 9.9935e-01	 2.2535e+00	 9.9760e-01
5.9924e+01	 1.2092e+00	 2.2530e+00	 9.9932e-01	 2.2518e+00	 9.9804e-01
5.9946e+01	 1.2093e+00	 2.2513e+00	 9.9930e-01	 2.2502e+00	 9.9827e-01
5.9968e+01	 1.2094e+00	 2.2497e+00	 9.9930e-01	 2.2485e+00	 9.9775e-01
5.9990e+01	 1.2095e+00	 2.2480e+00	 9.9928e-01	 2.2469e+00	 9.9860e-01
6.0011e+01	 1.2097e+00	 2.2464e+00	 9.9925e-01	 2.2452e+00	 9.9786e-01
6.0033e+01	 1.2097e+00	 2.2447e+00	 9.9918e-01	 2.2436e+00	 9.9897e-01
6.0054e+01	 1.2099e+00	 2.2431e+00	 9.9915e-01	 2.2419e+00	 9.9764e-01
6.0076e+01	 1.2100e+00	 2.2415e+00	 9.9915e-01	 2.2403e+00	 9.9889e-01
6.0098e+01	 1.2101e+00	 2.2398e+00	 9.9916e-01	 2.2386e+00	 9.9834e-01
6.0119e+01	 1.2103e+00	 2.2382e+00	 9.9916e-01	 2.2370e+00	 9.9823e-01
6.0141e+01	 1.2103e+00	 2.2365e+00	 9.9913e-01	 2.2353e+00	 9.9856e-01
6.0162e+01	 1.2106e+00	 2.2349e+00	 9.9913e-01	 2.2337e+00	 9.9819e-01
6.0183e+01	 1.2106e+00	 2.2332e+00	 9.9913e-01	 2.2320e+00	 9.9893e-01
6.0205e+01	 1.2108e+00	 2.2316e+00	 9.9916e-01	 2.2304e+00	 9.9727e-01
6.0226e+01	 1.2109e+00	 2.2299e+00	 9.9916e-01	 2.2288e+00	 9.9871e-01
6.0247e+01	 1.2111e+00	 2.2283e+00	 9.9918e-01	 2.2271e+00	 9.9808e-01
6.0268e+01	 1.2113e+00	 2.2266e+00	 9.9921e-01	 2.2255e+00	 9.9885e-01
6.0289e+01	 1.2113e+00	 2.2250e+00	 9.9926e-01	 2.2238e+00	 9.9863e-01
6.0310e+01	 1.2116e+00	 2.2234e+00	 9.9932e-01	 2.2222e+00	 9.9889e-01
6.0332e+01	 1.2116e+00	 2.2217e+00	 9.9933e-01	 2.2206e+00	 9.9915e-01
6.0353e+01	 1.2119e+00	 2.2201e+00	 9.9930e-01	 2.2189e+00	 9.9812e-01
6.0374e+01	 1.2120e+00	 2.2185e+00	 9.9925e-01	 2.2173e+00	 9.9930e-01
6.0395e+01	 1.2122e+00	 2.2168e+00	 9.9921e-01	 2.2157e+00	 9.9815e-01
6.0415e+01	 1.2123e+00	 2.2152e+00	 9.9920e-01	 2.2140e+00	 9.9900e-01
6.0436e+01	 1.2124e+00	 2.2136e+00	 9.9923e-01	 2.2124e+00	 9.9753e-01
6.0457e+01	 1.2127e+00	 2.2119e+00	 9.9925e-01	 2.2108e+00	 9.9786e-01
6.0478e+01	 1.2128e+00	 2.2103e+00	 9.9923e-01	 2.2092e+00	 9.9827e-01
6.0499e+01	 1.2130e+00	 2.2087e+00	 9.9916e-01	 2.2075e+00	 9.9793e-01
6.0519e+01	 1.2131e+00	 2.2071e+00	 9.9913e-01	 2.2059e+00	 9.9856e-01
6.0540e+01	 1.2133e+00	 2.2054e+00	 9.9915e-01	 2.2043e+00	 9.9723e-01
6.0560e+01	 1.2135e+00	 2.2038e+00	 9.9923e-01	 2.2027e+00	 9.9919e-01
6.0581e+01	 1.2135e+00	 2.2022e+00	 9.9933e-01	 2.2010e+00	 9.9808e-01
6.0601e+01	 1.2138e+00	 2.2006e+00	 9.9938e-01	 2.1994e+00	 9.9863e-01
6.0622e+01	 1.2138e+00	 2.1990e+00	 9.9937e-01	 2.1978e+00	 9.9779e-01
6.0642e+01	 1.2140e+00	 2.1973e+00	 9.9928e-01	 2.1962e+00	 9.9863e-01
6.0663e+01	 1.2140e+00	 2.1957e+00	 9.9921e-01	 2.1946e+00	 9.9871e-01
6.0683e+01	 1.2142e+00	 2.1941e+00	 9.9916e-01	 2.1930e+00	 9.9808e-01
6.0703e+01	 1.2143e+00	 2.1925e+00	 9.9915e-01	 2.1914e+00	 9.9959e-01
6.0723e+01	 1.2143e+00	 2.1909e+00	 9.9916e-01	 2.1897e+00	 9.9838e-01
6.0743e+01	 1.2145e+00	 2.1893e+00	 9.9916e-01	 2.1881e+00	 9.9930e-01
6.0764e+01	 1.2145e+00	 2.1877e+00	 9.9916e-01	 2.1865e+00	 9.9815e-01
6.0784e+01	 1.2147e+00	 2.1861e+00	 9.9916e-01	 2.1849e+00	 9.9856e-01
6.0804e+01	 1.2148e+00	 2.1845e+00	 9.9921e-01	 2.1833e+00	 9.9797e-01
6.0824e+01	 1.2149e+00	 2.1828e+00	 9.9926e-01	 2.1817e+00	 9.9812e-01
6.0843e+01	 1.2150e+00	 2.1812e+00	 9.9930e-01	 2.1801e+00	 9.9841e-01
6.0863e+01	 1.2151e+00	 2.1796e+00	 9.9930e-01	 2.1785e+00	 9.9775e-01
6.0883e+01	 1.2152e+00	 2.1780e+00	 9.9930e-01	 2.1769e+00	 9.9911e-01
6.0903e+01	 1.2152e+00	 2.1764e+00	 9.9926e-01	 2.1753e+00	 9.9786e-01
6.0923e+01	 1.2154e+00	 2.1748e+00	 9.9918e-01	 2.1737e+00	 9.9933e-01
6.0942e+01	 1.2153e+00	 2.1732e+00	 9.9913e-01	 2.1721e+00	 9.9819e-01
6.0962e+01	 1.2155e+00	 2.1716e+00	 9.9911e-01	 2.1705e+00	 9.9889e-01
6.0982e+01	 1.2155e+00	 2.1700e+00	 9.9916e-01	 2.1689e+00	 9.9834e-01
6.1001e+01	 1.2155e+00	 2.1684e+00	 9.9923e-01	 2.1673e+00	 9.9793e-01
6.1021e+01	 1.2156e+00	 2.1668e+00	 9.9926e-01	 2.1657e+00	 9.9827e-01
6.1040e+01	 1.2155e+00	 2.1652e+00	 9.9930e-01	 2.1641e+00	 9.9734e-01
6.1059e+01	 1.2157e+00	 2.1637e+00	 9.9932e-01	 2.1625e+00	 9.9874e-01
6.1079e+01	 1.2156e+00	 2.1621e+00	 9.9933e-01	 2.1609e+00	 9.9782e-01
6.1098e+01	 1.2157e+00	 2.1605e+00	 9.9932e-01	 2.1593e+00	 9.9919e-01
6.1117e+01	 1.2157e+00	 2.1589e+00	 9.9932e-01	 2.1578e+00	 9.9790e-01
6.1137e+01	 1.2157e+00	 2.1573e+00	 9.9930e-01	 2.1562e+00	 9.9885e-01
6.1156e+01	 1.2158e+00	 2.1557e+00	 9.9926e-01	 2.1546e+00	 9.9860e-01
6.1175e+01	 1.2158e+00	 2.1541e+00	 9.9921e-01	 2.1530e+00	 9.9804e-01
6.1194e+01	 1.2159e+00	 2.1525e+00	 9.9920e-01	 2.1514e+00	 9.9900e-01
6.1213e+01	 1.2159e+00	 2.1510e+00	 9.9920e-01	 2.1498e+00	 9.9742e-01
6.1232e+01	 1.2160e+00	 2.1494e+00	 9.9921e-01	 2.1483e+00	 9.9834e-01
6.1251e+01	 1.2160e+00	 2.1478e+00	 9.9925e-01	 2.1467e+00	 9.9709e-01
6.1270e+01	 1.2160e+00	 2.1462e+00	 9.9926e-01	 2.1451e+00	 9.9874e-01
6.1288e+01	 1.2162e+00	 2.1446e+00	 9.9926e-01	 2.1435e+00	 9.9775e-01
6.1307e+01	 1.2161e+00	 2.1431e+00	 9.9923e-01	 2.1419e+00	 9.9793e-01
6.1326e+01	 1.2163e+00	 2.1415e+00	 9.9921e-01	 2.1404e+00	 9.9885e-01
6.1344e+01	 1.2163e+00	 2.1399e+00	 9.9921e-01	 2.1388e+00	 9.9856e-01
6.1363e+01	 1.2165e+00	 2.1383e+00	 9.9921e-01	 2.1372e+00	 9.9922e-01
6.1382e+01	 1.2165e+00	 2.1368e+00	 9.9920e-01	 2.1356e+00	 9.9797e-01
6.1400e+01	 1.2166e+00	 2.1352e+00	 9.9920e-01	 2.1341e+00	 9.9900e-01
6.1419e+01	 1.2167e+00	 2.1336e+00	 9.9921e-01	 2.1325e+00	 9.9808e-01
6.1437e+01	 1.2167e+00	 2.1321e+00	 9.9926e-01	 2.1309e+00	 9.9904e-01
6.1455e+01	 1.2169e+00	 2.1305e+00	 9.9933e-01	 2.1294e+00	 9.9797e-01
6.1474e+01	 1.2170e+00	 2.1289e+00	 9.9937e-01	 2.1278e+00	 9.9808e-01
6.1492e+01	 1.2171e+00	 2.1273e+00	 9.9935e-01	 2.1262e+00	 9.9860e-01
6.1510e+01	 1.2172e+00	 2.1258e+00	 9.9932e-01	 2.1247e+00	 9.9779e-01
6.1528e+01	 1.2174e+00	 2.1242e+00	 9.9928e-01	 2.1231e+00	 9.9900e-01
6.1546e+01	 1.2175e+00	 2.1227e+00	 9.9925e-01	 2.1216e+00	 9.9801e-01
6.1564e+01	 1.2176e+00	 2.1211e+00	 9.9925e-01	 2.1200e+00	 9.9904e-01
6.1582e+01	 1.2178e+00	 2.1195e+00	 9.9925e-01	 2.1184e+00	 9.9790e-01
6.1600e+01	 1.2178e+00	 2.1180e+00	 9.9923e-01	 2.1169e+00	 9.9885e-01
6.1618e+01	 1.2180e+00	 2.1164e+00	 9.9923e-01	 2.1153e+00	 9.9885e-01
6.1636e+01	 1.2181e+00	 2.1149e+00	 9.9926e-01	 2.1138e+00	 9.9878e-01
6.1653e+01	 1.2182e+00	 2.1133e+00	 9.9932e-01	 2.1122e+00	 9.9889e-01
6.1671e+01	 1.2184e+00	 2.1118e+00	 9.9937e-01	 2.1107e+00	 9.9764e-01
6.1689e+01	 1.2184e+00	 2.1102e+00	 9.9938e-01	 2.1091e+00	 9.9919e-01
6.1706e+01	 1.2186e+00	 2.1087e+00	 9.9937e-01	 2.1076e+00	 9.9845e-01
6.1724e+01	 1.2186e+00	 2.1071e+00	 9.9932e-01	 2.1060e+00	 9.9955e-01
6.1741e+01	 1.2187e+00	 2.1056e+00	 9.9926e-01	 2.1045e+00	 9.9827e-01
6.1759e+01	 1.2187e+00	 2.1040e+00	 9.9925e-01	 2.1029e+00	 9.9897e-01
6.1776e+01	 1.2188e+00	 2.1025e+00	 9.9925e-01	 2.1014e+00	 9.9911e-01
6.1794e+01	 1.2188e+00	 2.1009e+00	 9.9926e-01	 2.0998e+00	 9.9882e-01
6.1811e+01	 1.2188e+00	 2.0994e+00	 9.9928e-01	 2.0983e+00	 9.9974e-01
6.1828e+01	 1.2189e+00	 2.0978e+00	 9.9930e-01	 2.0967e+00	 9.9834e-01
6.1845e+01	 1.2188e+00	 2.0963e+00	 9.9926e-01	 2.0952e+00	 9.9830e-01
6.1862e+01	 1.2189e+00	 2.0947e+00	 9.9923e-01	 2.0936e+00	 9.9742e-01
6.1879e+01	 1.2188e+00	 2.0932e+00	 9.9921e-01	 2.0921e+00	 9.9937e-01
6.1897e+01	 1.2189e+00	 2.0917e+00	 9.9921e-01	 2.0906e+00	 9.9808e-01
6.1913e+01	 1.2189e+00	 2.0901e+00	 9.9923e-01	 2.0890e+00	 9.9849e-01
6.1930e+01	 1.2188e+00	 2.0886e+00	 9.9930e-01	 2.0875e+00	 9.9904e-01
6.1947e+01	 1.2189e+00	 2.0870e+00	 9.9937e-01	 2.0859e+00	 9.9775e-01
6.1964e+01	 1.2188e+00	 2.0855e+00	 9.9938e-01	 2.0844e+00	 9.9863e-01
6.1981e+01	 1.2190e+00	 2.0840e+00	 9.9933e-01	 2.0829e+00	 9.9768e-01
6.1998e+01	 1.2189e+00	 2.0824e+00	 9.9926e-01	 2.0813e+00	 9.9915e-01
6.2014e+01	 1.2190e+00	 2.0809e+00	 9.9921e-01	 2.0798e+00	 9.9720e-01
6.2031e+01	 1.2190e+00	 2.0793e+00	 9.9918e-01	 2.0783e+00	 9.9815e-01
6.2047e+01	 1.2191e+00	 2.0778e+00	 9.9920e-01	 2.0767e+00	 9.9882e-01
6.2064e+01	 1.2192e+00	 2.0763e+00	 9.9920e-01	 2.0752e+00	 9.9863e-01
6.2080e+01	 1.2192e+00	 2.0748e+00	 9.9920e-01	 2.0737e+00	 9.9860e-01
6.2097e+01	 1.2194e+00	 2.0732e+00	 9.9918e-01	 2.0722e+00	 9.9771e-01
6.2113e+01	 1.2194e+00	 2.0717e+00	 9.9918e-01	 2.0706e+00	 9.9900e-01
6.2130e+01	 1.2195e+00	 2.0702e+00	 9.9921e-01	 2.0691e+00	 9.9786e-01
6.2146e+01	 1.2196e+00	 2.0687e+00	 9.9921e-01	 2.0676e+00	 9.9878e-01
6.2162e+01	 1.2197e+00	 2.0671e+00	 9.9916e-01	 2.0661e+00	 9.9779e-01
6.2178e+01	 1.2199e+00	 2.0656e+00	 9.9909e-01	 2.0645e+00	 9.9874e-01
6.2194e+01	 1.2199e+00	 2.0641e+00	 9.9908e-01	 2.0630e+00	 9.9823e-01
6.2210e+01	 1.2201e+00	 2.0626e+00	 9.9911e-01	 2.0615e+00	 9.9834e-01
6.2226e+01	 1.2201e+00	 2.0611e+00	 9.9920e-01	 2.0600e+00	 9.9930e-01
6.2242e+01	 1.2203e+00	 2.0596e+00	 9.9930e-01	 2.0585e+00	 9.9823e-01
6.2258e+01	 1.2203e+00	 2.0580e+00	 9.9932e-01	 2.0570e+00	 9.9911e-01
6.2274e+01	 1.2204e+00	 2.0565e+00	 9.9925e-01	 2.0554e+00	 9.9775e-01
6.2290e+01	 1.2205e+00	 2.0550e+00	 9.9915e-01	 2.0539e+00	 9.9904e-01
6.2305e+01	 1.2205e+00	 2.0535e+00	 9.9913e-01	 2.0524e+00	 9.9849e-01
6.2321e+01	 1.2207e+00	 2.0520e+00	 9.9916e-01	 2.0509e+00	 9.9904e-01
6.2337e+01	 1.2207e+00	 2.0505e+00	 9.9921e-01	 2.0494e+00	 9.9830e-01
6.2352e+01	 1.2208e+00	 2.0490e+00	 9.9925e-01	 2.0479e+00	 9.9775e-01
6.2368e+01	 1.2208e+00	 2.0475e+00	 9.9925e-01	 2.0464e+00	 9.9900e-01
6.2383e+01	 1.2208e+00	 2.0460e+00	 9.9925e-01	 2.0449e+00	 9.9786e-01
6.2398e+01	 1.2209e+00	 2.0445e+00	 9.9923e-01	 2.0434e+00	 9.9908e-01
6.2414e+01	 1.2209e+00	 2.0430e+00	 9.9928e-01	 2.0419e+00	 9.9760e-01
6.2429e+01	 1.2210e+00	 2.0414e+00	 9.9933e-01	 2.0404e+00	 9.9871e-01
6.2444e+01	 1.2209e+00	 2.0399e+00	 9.9940e-01	 2.0389e+00	 9.9812e-01
6.2459e+01	 1.2210e+00	 2.0384e+00	 9.9943e-01	 2.0374e+00	 9.9845e-01
6.2474e+01	 1.2210e+00	 2.0369e+00	 9.9942e-01	 2.0359e+00	 9.9871e-01
6.2490e+01	 1.2210e+00	 2.0354e+00	 9.9937e-01	 2.0344e+00	 9.9771e-01
6.2505e+01	 1.2210e+00	 2.0339e+00	 9.9935e-01	 2.0329e+00	 9.9874e-01
6.2520e+01	 1.2210e+00	 2.0324e+00	 9.9933e-01	 2.0314e+00	 9.9797e-01
6.2535e+01	 1.2211e+00	 2.0310e+00	 9.9930e-01	 2.0299e+00	 9.9955e-01
6.2549e+01	 1.2211e+00	 2.0295e+00	 9.9925e-01	 2.0284e+00	 9.9849e-01
6.2564e+01	 1.2212e+00	 2.0280e+00	 9.9921e-01	 2.0269e+00	 9.9933e-01
6.2579e+01	 1.2212e+00	 2.0265e+00	 9.9920e-01	 2.0254e+00	 9.9849e-01
6.2593e+01	 1.2213e+00	 2.0250e+00	 9.9921e-01	 2.0239e+00	 9.9819e-01
6.2608e+01	 1.2214e+00	 2.0235e+00	 9.9923e-01	 2.0225e+00	 9.9900e-01
6.2623e+01	 1.2214e+00	 2.0220e+00	 9.9925e-01	 2.0210e+00	 9.9812e-01
6.2637e+01	 1.2216e+00	 2.0205e+00	 9.9925e-01	 2.0195e+00	 9.9915e-01
6.2652e+01	 1.2217e+00	 2.0191e+00	 9.9921e-01	 2.0180e+00	 9.9790e-01
6.2666e+01	 1.2219e+00	 2.0176e+00	 9.9920e-01	 2.0165e+00	 9.9897e-01
6.2681e+01	 1.2220e+00	 2.0161e+00	 9.9916e-01	 2.0151e+00	 9.9786e-01
6.2695e+01	 1.2222e+00	 2.0146e+00	 9.9915e-01	 2.0136e+00	 9.9849e-01
6.2709e+01	 1.2223e+00	 2.0132e+00	 9.9915e-01	 2.0121e+00	 9.9849e-01
6.2723e+01	 1.2224e+00	 2.0117e+00	 9.9915e-01	 2.0106e+00	 9.9827e-01
6.2737e+01	 1.2227e+00	 2.0102e+00	 9.9915e-01	 2.0092e+00	 9.9871e-01
6.2751e+01	 1.2227e+00	 2.0087e+00	 9.9915e-01	 2.0077e+00	 9.9801e-01
6.2765e+01	 1.2230e+00	 2.0073e+00	 9.9915e-01	 2.0062e+00	 9.9911e-01
6.2779e+01	 1.2230e+00	 2.0058e+00	 9.9916e-01	 2.0047e+00	 9.9757e-01
6.2793e+01	 1.2232e+00	 2.0043e+00	 9.9921e-01	 2.0033e+00	 9.9841e-01
6.2807e+01	 1.2233e+00	 2.0029e+00	 9.9926e-01	 2.0018e+00	 9.9808e-01
6.2821e+01	 1.2234e+00	 2.0014e+00	 9.9930e-01	 2.0003e+00	 9.9915e-01
6.2835e+01	 1.2235e+00	 1.9999e+00	 9.9932e-01	 1.9989e+00	 9.9919e-01
6.2848e+01	 1.2235e+00	 1.9984e+00	 9.9928e-01	 1.9974e+00	 9.9823e-01
6.2862e+01	 1.2237e+00	 1.9970e+00	 9.9925e-01	 1.9959e+00	 9.9904e-01
6.2876e+01	 1.2236e+00	 1.9955e+00	 9.9926e-01	 1.9945e+00	 9.9830e-01
6.2889e+01	 1.2237e+00	 1.9941e+00	 9.9933e-01	 1.9930e+00	 9.9978e-01
6.2903e+01	 1.2237e+00	 1.9926e+00	 9.9937e-01	 1.9916e+00	 9.9830e-01
6.2916e+01	 1.2237e+00	 1.9911e+00	 9.9935e-01	 1.9901e+00	 9.9904e-01
6.2929e+01	 1.2237e+00	 1.9897e+00	 9.9930e-01	 1.9886e+00	 9.9838e-01
6.2943e+01	 1.2237e+00	 1.9882e+00	 9.9926e-01	 1.9872e+00	 9.9867e-01
6.2956e+01	 1.2237e+00	 1.9868e+00	 9.9925e-01	 1.9857e+00	 9.9904e-01
6.2969e+01	 1.2236e+00	 1.9853e+00	 9.9926e-01	 1.9843e+00	 9.9841e-01
6.2982e+01	 1.2236e+00	 1.9839e+00	 9.9926e-01	 1.9828e+00	 9.9941e-01
6.2995e+01	 1.2236e+00	 1.9824e+00	 9.9925e-01	 1.9814e+00	 9.9801e-01
6.3008e+01	 1.2235e+00	 1.9810e+00	 9.9923e-01	 1.9799e+00	 9.9911e-01
6.3021e+01	 1.2235e+00	 1.9795e+00	 9.9925e-01	 1.9785e+00	 9.9812e-01
6.3034e+01	 1.2234e+00	 1.9781e+00	 9.9928e-01	 1.9770e+00	 9.9882e-01
6.3047e+01	 1.2234e+00	 1.9766e+00	 9.9930e-01	 1.9756e+00	 9.9830e-01
6.3060e+01	 1.2233e+00	 1.9752e+00	 9.9928e-01	 1.9741e+00	 9.9823e-01
6.3073e+01	 1.2232e+00	 1.9737e+00	 9.9926e-01	 1.9727e+00	 9.9933e-01
6.3086e+01	 1.2232e+00	 1.9723e+00	 9.9925e-01	 1.9712e+00	 9.9841e-01
6.3098e+01	 1.2232e+00	 1.9708e+00	 9.9923e-01	 1.9698e+00	 9.9915e-01
6.3111e+01	 1.2232e+00	 1.9694e+00	 9.9923e-01	 1.9683e+00	 9.9793e-01
6.3123e+01	 1.2231e+00	 1.9679e+00	 9.9920e-01	 1.9669e+00	 9.9900e-01
6.3136e+01	 1.2232e+00	 1.9665e+00	 9.9916e-01	 1.9655e+00	 9.9827e-01
6.3148e+01	 1.2232e+00	 1.9650e+00	 9.9916e-01	 1.9640e+00	 9.9889e-01
6.3161e+01	 1.2233e+00	 1.9636e+00	 9.9920e-01	 1.9626e+00	 9.9893e-01
6.3173e+01	 1.2233e+00	 1.9622e+00	 9.9926e-01	 1.9611e+00	 9.9863e-01
6.3185e+01	 1.2234e+00	 1.9607e+00	 9.9932e-01	 1.9597e+00	 9.9933e-01
6.3197e+01	 1.2235e+00	 1.9593e+00	 9.9933e-01	 1.9583e+00	 9.9808e-01
6.3210e+01	 1.2235e+00	 1.9578e+00	 9.9932e-01	 1.9568e+00	 9.9915e-01
6.3222e+01	 1.2236e+00	 1.9564e+00	 9.9932e-01	 1.9554e+00	 9.9812e-01
6.3234e+01	 1.2237e+00	 1.9550e+00	 9.9933e-01	 1.9539e+00	 9.9919e-01
6.3246e+01	 1.2238e+00	 1.9535e+00	 9.9937e-01	 1.9525e+00	 9.9834e-01
6.3258e+01	 1.2239e+00	 1.9521e+00	 9.9938e-01	 1.9511e+00	 9.9871e-01
6.3270e+01	 1.2241e+00	 1.9507e+00	 9.9937e-01	 1.9496e+00	 9.9878e-01
6.3281e+01	 1.2242e+00	 1.9492e+00	 9.9933e-01	 1.9482e+00	 9.9845e-01
6.3293e+01	 1.2243e+00	 1.9478e+00	 9.9928e-01	 1.9468e+00	 9.9922e-01
6.3305e+01	 1.2245e+00	 1.9464e+00	 9.9925e-01	 1.9454e+00	 9.9793e-01
6.3316e+01	 1.2245e+00	 1.9450e+00	 9.9921e-01	 1.9439e+00	 9.9919e-01
6.3328e+01	 1.2247e+00	 1.9435e+00	 9.9925e-01	 1.9425e+00	 9.9823e-01
6.3340e+01	 1.2248e+00	 1.9421e+00	 9.9930e-01	 1.9411e+00	 9.9904e-01
6.3351e+01	 1.2249e+00	 1.9407e+00	 9.9935e-01	 1.9397e+00	 9.9823e-01
6.3363e+01	 1.2251e+00	 1.9392e+00	 9.9937e-01	 1.9382e+00	 9.9863e-01
6.3374e+01	 1.2251e+00	 1.9378e+00	 9.9933e-01	 1.9368e+00	 9.9933e-01
6.3385e+01	 1.2253e+00	 1.9364e+00	 9.9928e-01	 1.9354e+00	 9.9808e-01
6.3397e+01	 1.2253e+00	 1.9350e+00	 9.9921e-01	 1.9340e+00	 9.9863e-01
6.3408e+01	 1.2255e+00	 1.9336e+00	 9.9916e-01	 1.9326e+00	 9.9819e-01
6.3419e+01	 1.2255e+00	 1.9322e+00	 9.9913e-01	 1.9311e+00	 9.9978e-01
6.3430e+01	 1.2256e+00	 1.9307e+00	 9.9918e-01	 1.9297e+00	 9.9841e-01
6.3441e+01	 1.2257e+00	 1.9293e+00	 9.9920e-01	 1.9283e+00	 9.9867e-01
6.3452e+01	 1.2257e+00	 1.9279e+00	 9.9920e-01	 1.9269e+00	 9.9849e-01
6.3463e+01	 1.2259e+00	 1.9265e+00	 9.9920e-01	 1.9255e+00	 9.9823e-01
6.3474e+01	 1.2259e+00	 1.9251e+00	 9.9921e-01	 1.9241e+00	 9.9867e-01
6.3485e+01	 1.2260e+00	 1.9237e+00	 9.9921e-01	 1.9227e+00	 9.9815e-01
6.3496e+01	 1.2260e+00	 1.9223e+00	 9.9921e-01	 1.9213e+00	 9.9926e-01
6.3506e+01	 1.2260e+00	 1.9209e+00	 9.9926e-01	 1.9199e+00	 9.9745e-01
6.3517e+01	 1.2261e+00	 1.9194e+00	 9.9930e-01	 1.9184e+00	 9.9893e-01
6.3528e+01	 1.2261e+00	 1.9180e+00	 9.9932e-01	 1.9170e+00	 9.9871e-01
6.3538e+01	 1.2262e+00	 1.9166e+00	 9.9926e-01	 1.9156e+00	 9.9919e-01
6.3549e+01	 1.2261e+00	 1.9152e+00	 9.9921e-01	 1.9142e+00	 9.9874e-01
6.3559e+01	 1.2262e+00	 1.9138e+00	 9.9918e-01	 1.9128e+00	 9.9922e-01
6.3569e+01	 1.2262e+00	 1.9124e+00	 9.9918e-01	 1.9114e+00	 9.9952e-01
6.3580e+01	 1.2262e+00	 1.9110e+00	 9.9916e-01	 1.9100e+00	 9.9804e-01
6.3590e+01	 1.2262e+00	 1.9096e+00	 9.9916e-01	 1.9086e+00	 9.9992e-01
6.3600e+01	 1.2262e+00	 1.9082e+00	 9.9918e-01	 1.9072e+00	 9.9841e-01
6.3610e+01	 1.2263e+00	 1.9068e+00	 9.9918e-01	 1.9058e+00	 9.9867e-01
6.3620e+01	 1.2263e+00	 1.9054e+00	 9.9920e-01	 1.9044e+00	 9.9764e-01
6.3630e+01	 1.2263e+00	 1.9040e+00	 9.9925e-01	 1.9030e+00	 9.9830e-01
6.3641e+01	 1.2263e+00	 1.9026e+00	 9.9930e-01	 1.9016e+00	 9.9878e-01
6.3650e+01	 1.2263e+00	 1.9012e+00	 9.9933e-01	 1.9002e+00	 9.9830e-01
6.3660e+01	 1.2264e+00	 1.8998e+00	 9.9933e-01	 1.8988e+00	 9.9941e-01
6.3670e+01	 1.2264e+00	 1.8984e+00	 9.9933e-01	 1.8974e+00	 9.9823e-01
6.3680e+01	 1.2264e+00	 1.8970e+00	 9.9933e-01	 1.8960e+00	 9.9908e-01
6.3690e+01	 1.2264e+00	 1.8956e+00	 9.9935e-01	 1.8946e+00	 9.9771e-01
6.3699e+01	 1.2265e+00	 1.8942e+00	 9.9937e-01	 1.8932e+00	 9.9863e-01
6.3709e+01	 1.2265e+00	 1.8928e+00	 9.9938e-01	 1.8918e+00	 9.9790e-01
6.3718e+01	 1.2265e+00	 1.8914e+00	 9.9937e-01	 1.8904e+00	 9.9815e-01
6.3728e+01	 1.2266e+00	 1.8900e+00	 9.9937e-01	 1.8890e+00	 9.9904e-01
6.3737e+01	 1.2266e+00	 1.8886e+00	 9.9937e-01	 1.8876e+00	 9.9882e-01
6.3746e+01	 1.2267e+00	 1.8872e+00	 9.9935e-01	 1.8863e+00	 1.0001e+00
6.3756e+01	 1.2267e+00	 1.8859e+00	 9.9935e-01	 1.8849e+00	 9.9830e-01
6.3765e+01	 1.2268e+00	 1.8845e+00	 9.9935e-01	 1.8835e+00	 9.9944e-01
6.3774e+01	 1.2268e+00	 1.8831e+00	 9.9933e-01	 1.8821e+00	 9.9838e-01
6.3783e+01	 1.2268e+00	 1.8817e+00	 9.9926e-01	 1.8807e+00	 9.9874e-01
6.3792e+01	 1.2269e+00	 1.8803e+00	 9.9923e-01	 1.8793e+00	 9.9834e-01
6.3801e+01	 1.2269e+00	 1.8789e+00	 9.9925e-01	 1.8779e+00	 9.9827e-01
6.3810e+01	 1.2270e+00	 1.8775e+00	 9.9926e-01	 1.8766e+00	 9.9908e-01
6.3819e+01	 1.2270e+00	 1.8762e+00	 9.9930e-01	 1.8752e+00	 9.9812e-01
6.3828e+01	 1.2271e+00	 1.8748e+00	 9.9932e-01	 1.8738e+00	 9.9904e-01
6.3837e+01	 1.2271e+00	 1.8734e+00	 9.9935e-01	 1.8724e+00	 9.9830e-01
6.3846e+01	 1.2271e+00	 1.8720e+00	 9.9942e-01	 1.8711e+00	 9.9963e-01
6.3854e+01	 1.2272e+00	 1.8707e+00	 9.9947e-01	 1.8697e+00	 9.9827e-01
6.3863e+01	 1.2272e+00	 1.8693e+00	 9.9949e-01	 1.8683e+00	 9.9900e-01
6.3871e+01	 1.2272e+00	 1.8679e+00	 9.9945e-01	 1.8669e+00	 9.9915e-01
6.3880e+01	 1.2273e+00	 1.8665e+00	 9.9940e-01	 1.8656e+00	 9.9830e-01
6.3888e+01	 1.2273e+00	 1.8652e+00	 9.9932e-01	 1.8642e+00	 9.9922e-01
6.3897e+01	 1.2273e+00	 1.8638e+00	 9.9923e-01	 1.8628e+00	 9.9830e-01
6.3905e+01	 1.2274e+00	 1.8624e+00	 9.9918e-01	 1.8615e+00	 9.9941e-01
6.3913e+01	 1.2274e+00	 1.8611e+00	 9.9918e-01	 1.8601e+00	 9.9797e-01
6.3922e+01	 1.2275e+00	 1.8597e+00	 9.9920e-01	 1.8587e+00	 9.9904e-01
6.3930e+01	 1.2275e+00	 1.8583e+00	 9.9920e-01	 1.8574e+00	 9.9860e-01
6.3938e+01	 1.2275e+00	 1.8570e+00	 9.9920e-01	 1.8560e+00	 9.9871e-01
6.3946e+01	 1.2275e+00	 1.8556e+00	 9.9923e-01	 1.8546e+00	 9.9845e-01
6.3954e+01	 1.2275e+00	 1.8543e+00	 9.9928e-01	 1.8533e+00	 9.9757e-01
6.3962e+01	 1.2276e+00	 1.8529e+00	 9.9933e-01	 1.8519e+00	 9.9893e-01
6.3970e+01	 1.2276e+00	 1.8515e+00	 9.9935e-01	 1.8506e+00	 9.9808e-01
6.3977e+01	 1.2276e+00	 1.8502e+00	 9.9932e-01	 1.8492e+00	 9.9919e-01
6.3985e+01	 1.2276e+00	 1.8488e+00	 9.9925e-01	 1.8479e+00	 9.9849e-01
6.3993e+01	 1.2275e+00	 1.8475e+00	 9.9920e-01	 1.8465e+00	 9.9933e-01
6.4001e+01	 1.2276e+00	 1.8461e+00	 9.9920e-01	 1.8451e+00	 9.9878e-01
6.4008e+01	 1.2275e+00	 1.8448e+00	 9.9920e-01	 1.8438e+00	 9.9812e-01
6.4016e+01	 1.2275e+00	 1.8434e+00	 9.9921e-01	 1.8424e+00	 9.9827e-01
6.4023e+01	 1.2275e+00	 1.8421e+00	 9.9921e-01	 1.8411e+00	 9.9786e-01
6.4031e+01	 1.2275e+00	 1.8407e+00	 9.9918e-01	 1.8397e+00	 9.9944e-01
6.4038e+01	 1.2275e+00	 1.8393e+00	 9.9916e-01	 1.8384e+00	 9.9830e-01
6.4045e+01	 1.2274e+00	 1.8380e+00	 9.9915e-01	 1.8370e+00	 9.9930e-01
6.4052e+01	 1.2274e+00	 1.8366e+00	 9.9916e-01	 1.8357e+00	 9.9793e-01
6.4060e+01	 1.2274e+00	 1.8353e+00	 9.9921e-01	 1.8343e+00	 9.9871e-01
6.4067e+01	 1.2274e+00	 1.8339e+00	 9.9925e-01	 1.8330e+00	 9.9871e-01
6.4074e+01	 1.2274e+00	 1.8326e+00	 9.9923e-01	 1.8316e+00	 9.9819e-01
6.4081e+01	 1.2274e+00	 1.8313e+00	 9.9920e-01	 1.8303e+00	 9.9919e-01
6.4088e+01	 1.2274e+00	 1.8299e+00	 9.9915e-01	 1.8289e+00	 9.9849e-01
6.4095e+01	 1.2274e+00	 1.8286e+00	 9.9911e-01	 1.8276e+00	 9.9974e-01
6.4102e+01	 1.2274e+00	 1.8272e+00	 9.9911e-01	 1.8263e+00	 9.9860e-01
6.4108e+01	 1.2274e+00	 1.8259e+00	 9.9916e-01	 1.8249e+00	 9.9941e-01
6.4115e+01	 1.2275e+00	 1.8245e+00	 9.9925e-01	 1.8236e+00	 9.9827e-01
6.4122e+01	 1.2275e+00	 1.8232e+00	 9.9930e-01	 1.8223e+00	 9.9863e-01
6.4128e+01	 1.2276e+00	 1.8219e+00	 9.9932e-01	 1.8209e+00	 9.9911e-01
6.4135e+01	 1.2276e+00	 1.8205e+00	 9.9928e-01	 1.8196e+00	 9.9860e-01
6.4141e+01	 1.2277e+00	 1.8192e+00	 9.9921e-01	 1.8182e+00	 9.9871e-01
6.4148e+01	 1.2278e+00	 1.8179e+00	 9.9918e-01	 1.8169e+00	 9.9738e-01
6.4154e+01	 1.2278e+00	 1.8165e+00	 9.9916e-01	 1.8156e+00	 9.9915e-01
6.4160e+01	 1.2279e+00	 1.8152e+00	 9.9921e-01	 1.8142e+00	 9.9808e-01
6.4167e+01	 1.2280e+00	 1.8139e+00	 9.9925e-01	 1.8129e+00	 9.9944e-01
6.4173e+01	 1.2281e+00	 1.8125e+00	 9.9928e-01	 1.8116e+00	 9.9878e-01
6.4179e+01	 1.2282e+00	 1.8112e+00	 9.9928e-01	 1.8103e+00	 9.9804e-01
6.4185e+01	 1.2283e+00	 1.8099e+00	 9.9926e-01	 1.8089e+00	 9.9823e-01
6.4191e+01	 1.2284e+00	 1.8086e+00	 9.9923e-01	 1.8076e+00	 9.9812e-01
6.4197e+01	 1.2285e+00	 1.8072e+00	 9.9921e-01	 1.8063e+00	 9.9955e-01
6.4203e+01	 1.2286e+00	 1.8059e+00	 9.9925e-01	 1.8049e+00	 9.9819e-01
6.4209e+01	 1.2287e+00	 1.8046e+00	 9.9928e-01	 1.8036e+00	 9.9904e-01
6.4215e+01	 1.2289e+00	 1.8032e+00	 9.9933e-01	 1.8023e+00	 9.9815e-01
6.4220e+01	 1.2290e+00	 1.8019e+00	 9.9942e-01	 1.8010e+00	 9.9959e-01
6.4226e+01	 1.2291e+00	 1.8006e+00	 9.9945e-01	 1.7996e+00	 9.9900e-01
6.4231e+01	 1.2292e+00	 1.7993e+00	 9.9945e-01	 1.7983e+00	 9.9867e-01
6.4237e+01	 1.2293e+00	 1.7979e+00	 9.9943e-01	 1.7970e+00	 9.9897e-01
6.4243e+01	 1.2294e+00	 1.7966e+00	 9.9940e-01	 1.7957e+00	 9.9823e-01
6.4248e+01	 1.2295e+00	 1.7953e+00	 9.9938e-01	 1.7944e+00	 9.9926e-01
6.4253e+01	 1.2296e+00	 1.7940e+00	 9.9942e-01	 1.7930e+00	 9.9838e-01
6.4259e+01	 1.2297e+00	 1.7927e+00	 9.9945e-01	 1.7917e+00	 1.0000e+00
6.4264e+01	 1.2298e+00	 1.7913e+00	 9.9947e-01	 1.7904e+00	 9.9867e-01
6.4269e+01	 1.2299e+00	 1.7900e+00	 9.9940e-01	 1.7891e+00	 9.9871e-01
6.4274e+01	 1.2299e+00	 1.7887e+00	 9.9930e-01	 1.7878e+00	 9.9849e-01
6.4279e+01	 1.2300e+00	 1.7874e+00	 9.9923e-01	 1.7865e+00	 9.9834e-01
6.4284e+01	 1.2301e+00	 1.7861e+00	 9.9923e-01	 1.7851e+00	 9.9970e-01
6.4289e+01	 1.2302e+00	 1.7848e+00	 9.9925e-01	 1.7838e+00	 9.9874e-01
6.4294e+01	 1.2302e+00	 1.7835e+00	 9.9926e-01	 1.7825e+00	 9.9900e-01
6.4299e+01	 1.2303e+00	 1.7821e+00	 9.9926e-01	 1.7812e+00	 9.9768e-01
6.4304e+01	 1.2304e+00	 1.7808e+00	 9.9921e-01	 1.7799e+00	 9.9926e-01
6.4309e+01	 1.2304e+00	 1.7795e+00	 9.9915e-01	 1.7786e+00	 9.9882e-01
6.4313e+01	 1.2305e+00	 1.7782e+00	 9.9909e-01	 1.7773e+00	 9.9908e-01
6.4318e+01	 1.2305e+00	 1.7769e+00	 9.9908e-01	 1.7760e+00	 9.9885e-01
6.4323e+01	 1.2306e+00	 1.7756e+00	 9.9911e-01	 1.7747e+00	 9.9882e-01
6.4327e+01	 1.2306e+00	 1.7743e+00	 9.9918e-01	 1.7734e+00	 9.9941e-01
6.4331e+01	 1.2306e+00	 1.7730e+00	 9.9921e-01	 1.7721e+00	 9.9782e-01
6.4336e+01	 1.2307e+00	 1.7717e+00	 9.9925e-01	 1.7708e+00	 9.9974e-01
6.4340e+01	 1.2307e+00	 1.7704e+00	 9.9930e-01	 1.7695e+00	 9.9878e-01
6.4344e+01	 1.2307e+00	 1.7691e+00	 9.9935e-01	 1.7681e+00	 9.9930e-01
6.4349e+01	 1.2307e+00	 1.7678e+00	 9.9938e-01	 1.7668e+00	 9.9804e-01
6.4353e+01	 1.2308e+00	 1.7665e+00	 9.9938e-01	 1.7655e+00	 9.9812e-01
6.4357e+01	 1.2307e+00	 1.7652e+00	 9.9935e-01	 1.7642e+00	 9.9874e-01
6.4361e+01	 1.2307e+00	 1.7639e+00	 9.9932e-01	 1.7630e+00	 9.9849e-01
6.4365e+01	 1.2307e+00	 1.7626e+00	 9.9930e-01	 1.7617e+00	 9.9933e-01
6.4369e+01	 1.2306e+00	 1.7613e+00	 9.9932e-01	 1.7604e+00	 9.9775e-01
6.4373e+01	 1.2306e+00	 1.7600e+00	 9.9932e-01	 1.7591e+00	 9.9908e-01
6.4376e+01	 1.2305e+00	 1.7587e+00	 9.9933e-01	 1.7578e+00	 9.9804e-01
6.4380e+01	 1.2304e+00	 1.7574e+00	 9.9930e-01	 1.7565e+00	 9.9863e-01
6.4384e+01	 1.2302e+00	 1.7561e+00	 9.9926e-01	 1.7552e+00	 9.9834e-01
6.4387e+01	 1.2301e+00	 1.7548e+00	 9.9923e-01	 1.7539e+00	 9.9885e-01
6.4391e+01	 1.2300e+00	 1.7536e+00	 9.9923e-01	 1.7526e+00	 9.9930e-01
6.4394e+01	 1.2298e+00	 1.7523e+00	 9.9926e-01	 1.7514e+00	 9.9815e-01
6.4398e+01	 1.2297e+00	 1.7510e+00	 9.9926e-01	 1.7501e+00	 9.9952e-01
6.4401e+01	 1.2295e+00	 1.7497e+00	 9.9926e-01	 1.7488e+00	 9.9827e-01
6.4404e+01	 1.2294e+00	 1.7484e+00	 9.9925e-01	 1.7475e+00	 9.9941e-01
6.4408e+01	 1.2292e+00	 1.7471e+00	 9.9925e-01	 1.7462e+00	 9.9893e-01
6.4411e+01	 1.2291e+00	 1.7459e+00	 9.9925e-01	 1.7449e+00	 9.9915e-01
6.4414e+01	 1.2290e+00	 1.7446e+00	 9.9926e-01	 1.7437e+00	 9.9874e-01
6.4417e+01	 1.2289e+00	 1.7433e+00	 9.9930e-01	 1.7424e+00	 9.9834e-01
6.4420e+01	 1.2288e+00	 1.7420e+00	 9.9930e-01	 1.7411e+00	 9.9944e-01
6.4423e+01	 1.2287e+00	 1.7407e+00	 9.9933e-01	 1.7398e+00	 9.9823e-01
6.4426e+01	 1.2286e+00	 1.7395e+00	 9.9935e-01	 1.7386e+00	 9.9944e-01
6.4429e+01	 1.2285e+00	 1.7382e+00	 9.9938e-01	 1.7373e+00	 9.9830e-01
6.4431e+01	 1.2284e+00	 1.7369e+00	 9.9938e-01	 1.7360e+00	 9.9974e-01
6.4434e+01	 1.2283e+00	 1.7356e+00	 9.9938e-01	 1.7347e+00	 9.9919e-01
6.4437e+01	 1.2282e+00	 1.7344e+00	 9.9937e-01	 1.7335e+00	 9.9908e-01
6.4439e+01	 1.2281e+00	 1.7331e+00	 9.9938e-01	 1.7322e+00	 9.9863e-01
6.4442e+01	 1.2281e+00	 1.7318e+00	 9.9940e-01	 1.7309e+00	 9.9749e-01
6.4445e+01	 1.2280e+00	 1.7306e+00	 9.9940e-01	 1.7296e+00	 9.9871e-01
6.4447e+01	 1.2280e+00	 1.7293e+00	 9.9937e-01	 1.7284e+00	 9.9838e-01
6.4449e+01	 1.2280e+00	 1.7280e+00	 9.9932e-01	 1.7271e+00	 9.9963e-01
6.4452e+01	 1.2280e+00	 1.7267e+00	 9.9930e-01	 1.7258e+00	 9.9815e-01
6.4454e+01	 1.2280e+00	 1.7255e+00	 9.9928e-01	 1.7246e+00	 9.9908e-01
6.4456e+01	 1.2280e+00	 1.7242e+00	 9.9928e-01	 1.7233e+00	 9.9897e-01
6.4458e+01	 1.2280e+00	 1.7229e+00	 9.9928e-01	 1.7220e+00	 9.9904e-01
6.4460e+01	 1.2281e+00	 1.7217e+00	 9.9928e-01	 1.7208e+00	 9.9911e-01
6.4462e+01	 1.2282e+00	 1.7204e+00	 9.9928e-01	 1.7195e+00	 9.9845e-01
6.4464e+01	 1.2282e+00	 1.7191e+00	 9.9928e-01	 1.7182e+00	 9.9974e-01
6.4466e+01	 1.2283e+00	 1.7179e+00	 9.9926e-01	 1.7170e+00	 9.9834e-01
6.4468e+01	 1.2284e+00	 1.7166e+00	 9.9926e-01	 1.7157e+00	 9.9922e-01
6.4469e+01	 1.2285e+00	 1.7154e+00	 9.9932e-01	 1.7145e+00	 9.9823e-01
6.4471e+01	 1.2285e+00	 1.7141e+00	 9.9937e-01	 1.7132e+00	 9.9926e-01
6.4473e+01	 1.2286e+00	 1.7128e+00	 9.9942e-01	 1.7119e+00	 9.9882e-01
6.4475e+01	 1.2287e+00	 1.7116e+00	 9.9943e-01	 1.7107e+00	 9.9849e-01
6.4476e+01	 1.2288e+00	 1.7103e+00	 9.9943e-01	 1.7094e+00	 9.9926e-01
6.4477e+01	 1.2289e+00	 1.7091e+00	 9.9943e-01	 1.7082e+00	 9.9827e-01
6.4479e+01	 1.2290e+00	 1.7078e+00	 9.9943e-01	 1.7069e+00	 9.9930e-01
6.4480e+01	 1.2291e+00	 1.7066e+00	 9.9947e-01	 1.7057e+00	 9.9827e-01
6.4481e+01	 1.2292e+00	 1.7053e+00	 9.9947e-01	 1.7044e+00	 9.9933e-01
6.4483e+01	 1.2293e+00	 1.7040e+00	 9.9945e-01	 1.7031e+00	 9.9834e-01
6.4484e+01	 1.2294e+00	 1.7028e+00	 9.9942e-01	 1.7019e+00	 9.9860e-01
6.4485e+01	 1.2294e+00	 1.7015e+00	 9.9938e-01	 1.7006e+00	 9.9867e-01
6.4486e+01	 1.2295e+00	 1.7003e+00	 9.9935e-01	 1.6994e+00	 9.9863e-01
6.4487e+01	 1.2295e+00	 1.6990e+00	 9.9932e-01	 1.6981e+00	 9.9955e-01
6.4488e+01	 1.2296e+00	 1.6978e+00	 9.9928e-01	 1.6969e+00	 9.9830e-01
nan	 nan	 1.6965e+00	 9.9925e-01	 1.6957e+00	 9.9933e-01
nan	 nan	 1.6953e+00	 9.9921e-01	 1.6944e+00	 9.9808e-01
nan	 nan	 1.6940e+00	 9.9920e-01	 1.6932e+00	 9.9944e-01
nan	 nan	 1.6928e+00	 9.9921e-01	 1.6919e+00	 9.9867e-01
nan	 nan	 1.6916e+00	 9.9926e-01	 1.6907e+00	 9.9922e-01
nan	 nan	 1.6903e+00	 9.9933e-01	 1.6894e+00	 9.9911e-01
nan	 nan	 1.6891e+00	 9.9937e-01	 1.6882e+00	 9.9819e-01
nan	 nan	 1.6878e+00	 9.9935e-01	 1.6869e+00	 9.9974e-01
nan	 nan	 1.6866e+00	 9.9933e-01	 1.6857e+00	 9.9885e-01
nan	 nan	 1.6853e+00	 9.9935e-01	 1.6844e+00	 9.9970e-01
nan	 nan	 1.6841e+00	 9.9937e-01	 1.6832e+00	 9.9834e-01
nan	 nan	 1.6829e+00	 9.9937e-01	 1.6820e+00	 9.9941e-01
nan	 nan	 1.6816e+00	 9.9935e-01	 1.6807e+00	 9.9867e-01
nan	 nan	 1.6804e+00	 9.9933e-01	 1.6795e+00	 9.9856e-01
nan	 nan	 1.6791e+00	 9.9932e-01	 1.6783e+00	 9.9922e-01
nan	 nan	 1.6779e+00	 9.9928e-01	 1.6770e+00	 9.9852e-01
nan	 nan	 1.6767e+00	 9.9925e-01	 1.6758e+00	 9.9970e-01
nan	 nan	 1.6754e+00	 9.9921e-01	 1.6746e+00	 9.9827e-01
nan	 nan	 1.6742e+00	 9.9918e-01	 1.6733e+00	 9.9952e-01
nan	 nan	 1.6730e+00	 9.9920e-01	 1.6721e+00	 9.9856e-01
nan	 nan	 1.6717e+00	 9.9920e-01	 1.6709e+00	 9.9952e-01
nan	 nan	 1.6705e+00	 9.9920e-01	 1.6696e+00	 9.9893e-01
nan	 nan	 1.6693e+00	 9.9921e-01	 1.6684e+00	 9.9871e-01
nan	 nan	 1.6681e+00	 9.9926e-01	 1.6672e+00	 9.9915e-01
nan	 nan	 1.6668e+00	 9.9933e-01	 1.6659e+00	 9.9815e-01
nan	 nan	 1.6656e+00	 9.9938e-01	 1.6647e+00	 9.9944e-01
nan	 nan	 1.6644e+00	 9.9942e-01	 1.6635e+00	 9.9830e-01
nan	 nan	 1.6631e+00	 9.9942e-01	 1.6623e+00	 9.9937e-01
nan	 nan	 1.6619e+00	 9.9938e-01	 1.6610e+00	 9.9871e-01
nan	 nan	 1.6607e+00	 9.9930e-01	 1.6598e+00	 9.9959e-01
nan	 nan	 1.6595e+00	 9.9923e-01	 1.6586e+00	 9.9948e-01
nan	 nan	 1.6583e+00	 9.9916e-01	 1.6574e+00	 9.9852e-01
nan	 nan	 1.6570e+00	 9.9918e-01	 1.6562e+00	 9.9941e-01
nan	 nan	 1.6558e+00	 9.9923e-01	 1.6549e+00	 9.9852e-01
nan	 nan	 1.6546e+00	 9.9932e-01	 1.6537e+00	 9.9952e-01
nan	 nan	 1.6534e+00	 9.9937e-01	 1.6525e+00	 9.9764e-01
nan	 nan	 1.6522e+00	 9.9937e-01	 1.6513e+00	 9.9897e-01
nan	 nan	 1.6509e+00	 9.9935e-01	 1.6501e+00	 9.9911e-01
nan	 nan	 1.6497e+00	 9.9932e-01	 1.6489e+00	 9.9922e-01
nan	 nan	 1.6485e+00	 9.9926e-01	 1.6476e+00	 9.9889e-01
nan	 nan	 1.6473e+00	 9.9923e-01	 1.6464e+00	 9.9827e-01
nan	 nan	 1.6461e+00	 9.9921e-01	 1.6452e+00	 9.9985e-01
nan	 nan	 1.6449e+00	 9.9920e-01	 1.6440e+00	 9.9882e-01
nan	 nan	 1.6436e+00	 9.9920e-01	 1.6428e+00	 1.0000e+00
nan	 nan	 1.6424e+00	 9.9921e-01	 1.6416e+00	 9.9860e-01
nan	 nan	 1.6412e+00	 9.9926e-01	 1.6404e+00	 9.9885e-01
nan	 nan	 1.6400e+00	 9.9930e-01	 1.6391e+00	 9.9845e-01
nan	 nan	 1.6388e+00	 9.9928e-01	 1.6379e+00	 9.9841e-01
nan	 nan	 1.6376e+00	 9.9926e-01	 1.6367e+00	 9.9919e-01
nan	 nan	 1.6364e+00	 9.9923e-01	 1.6355e+00	 9.9838e-01
nan	 nan	 1.6352e+00	 9.9925e-01	 1.6343e+00	 9.9908e-01
nan	 nan	 1.6340e+00	 9.9928e-01	 1.6331e+00	 9.9838e-01
nan	 nan	 1.6328e+00	 9.9935e-01	 1.6319e+00	 9.9959e-01
nan	 nan	 1.6316e+00	 9.9940e-01	 1.6307e+00	 9.9815e-01
nan	 nan	 1.6304e+00	 9.9945e-01	 1.6295e+00	 9.9863e-01
nan	 nan	 1.6292e+00	 9.9947e-01	 1.6283e+00	 9.9911e-01
nan	 nan	 1.6280e+00	 9.9943e-01	 1.6271e+00	 9.9900e-01
nan	 nan	 1.6268e+00	 9.9935e-01	 1.6259e+00	 9.9967e-01
nan	 nan	 1.6256e+00	 9.9930e-01	 1.6247e+00	 9.9819e-01
nan	 nan	 1.6244e+00	 9.9923e-01	 1.6235e+00	 9.9900e-01
nan	 nan	 1.6232e+00	 9.9916e-01	 1.6223e+00	 9.9819e-01
nan	 nan	 1.6220e+00	 9.9913e-01	 1.6211e+00	 9.9963e-01
nan	 nan	 1.6208e+00	 9.9915e-01	 1.6199e+00	 9.9900e-01
nan	 nan	 1.6196e+00	 9.9918e-01	 1.6187e+00	 9.9926e-01
nan	 nan	 1.6184e+00	 9.9920e-01	 1.6175e+00	 9.9948e-01
nan	 nan	 1.6172e+00	 9.9918e-01	 1.6163e+00	 9.9911e-01
nan	 nan	 1.6160e+00	 9.9916e-01	 1.6151e+00	 9.9930e-01
nan	 nan	 1.6148e+00	 9.9923e-01	 1.6139e+00	 9.9768e-01
nan	 nan	 1.6136e+00	 9.9935e-01	 1.6127e+00	 9.9955e-01
nan	 nan	 1.6124e+00	 9.9943e-01	 1.6116e+00	 9.9830e-01
nan	 nan	 1.6112e+00	 9.9949e-01	 1.6104e+00	 9.9911e-01
nan	 nan	 1.6100e+00	 9.9949e-01	 1.6092e+00	 9.9849e-01
nan	 nan	 1.6088e+00	 9.9947e-01	 1.6080e+00	 9.9860e-01
nan	 nan	 1.6076e+00	 9.9942e-01	 1.6068e+00	 9.9904e-01
nan	 nan	 1.6065e+00	 9.9935e-01	 1.6056e+00	 9.9882e-01
nan	 nan	 1.6053e+00	 9.9930e-01	 1.6044e+00	 9.9985e-01
nan	 nan	 1.6041e+00	 9.9928e-01	 1.6032e+00	 9.9841e-01
nan	 nan	 1.6029e+00	 9.9928e-01	 1.6021e+00	 9.9933e-01
nan	 nan	 1.6017e+00	 9.9930e-01	 1.6009e+00	 9.9849e-01
nan	 nan	 1.6005e+00	 9.9930e-01	 1.5997e+00	 9.9967e-01
nan	 nan	 1.5994e+00	 9.9930e-01	 1.5985e+00	 9.9944e-01
nan	 nan	 1.5982e+00	 9.9930e-01	 1.5973e+00	 9.9941e-01
nan	 nan	 1.5970e+00	 9.9932e-01	 1.5962e+00	 9.9955e-01
nan	 nan	 1.5958e+00	 9.9935e-01	 1.5950e+00	 9.9823e-01
nan	 nan	 1.5946e+00	 9.9935e-01	 1.5938e+00	 9.9915e-01
nan	 nan	 1.5935e+00	 9.9935e-01	 1.5926e+00	 9.9841e-01
nan	 nan	 1.5923e+00	 9.9933e-01	 1.5915e+00	 9.9933e-01
nan	 nan	 1.5911e+00	 9.9933e-01	 1.5903e+00	 9.9852e-01
nan	 nan	 1.5899e+00	 9.9932e-01	 1.5891e+00	 9.9989e-01
nan	 nan	 1.5888e+00	 9.9930e-01	 1.5879e+00	 9.9933e-01
nan	 nan	 1.5876e+00	 9.9926e-01	 1.5868e+00	 9.9860e-01
nan	 nan	 1.5864e+00	 9.9921e-01	 1.5856e+00	 9.9937e-01
nan	 nan	 1.5852e+00	 9.9921e-01	 1.5844e+00	 9.9838e-01
nan	 nan	 1.5841e+00	 9.9926e-01	 1.5832e+00	 9.9959e-01
nan	 nan	 1.5829e+00	 9.9933e-01	 1.5821e+00	 9.9874e-01
nan	 nan	 1.5817e+00	 9.9938e-01	 1.5809e+00	 1.0000e+00
nan	 nan	 1.5806e+00	 9.9938e-01	 1.5797e+00	 9.9878e-01
nan	 nan	 1.5794e+00	 9.9935e-01	 1.5786e+00	 9.9878e-01
nan	 nan	 1.5782e+00	 9.9935e-01	 1.5774e+00	 9.9878e-01
nan	 nan	 1.5771e+00	 9.9938e-01	 1.5762e+00	 9.9838e-01
nan	 nan	 1.5759e+00	 9.9945e-01	 1.5751e+00	 9.9974e-01
nan	 nan	 1.5747e+00	 9.9947e-01	 1.5739e+00	 9.9871e-01
nan	 nan	 1.5736e+00	 9.9942e-01	 1.5727e+00	 9.9955e-01
nan	 nan	 1.5724e+00	 9.9935e-01	 1.5716e+00	 9.9841e-01
nan	 nan	 1.5713e+00	 9.9928e-01	 1.5704e+00	 9.9922e-01
nan	 nan	 1.5701e+00	 9.9925e-01	 1.5693e+00	 9.9838e-01
nan	 nan	 1.5689e+00	 9.9921e-01	 1.5681e+00	 9.9838e-01
nan	 nan	 1.5678e+00	 9.9921e-01	 1.5669e+00	 9.9897e-01
nan	 nan	 1.5666e+00	 9.9925e-01	 1.5658e+00	 9.9863e-01
nan	 nan	 1.5655e+00	 9.9932e-01	 1.5646e+00	 9.9970e-01
nan	 nan	 1.5643e+00	 9.9938e-01	 1.5635e+00	 9.9808e-01
nan	 nan	 1.5632e+00	 9.9943e-01	 1.5623e+00	 9.9922e-01
nan	 nan	 1.5620e+00	 9.9945e-01	 1.5612e+00	 9.9852e-01
nan	 nan	 1.5609e+00	 9.9945e-01	 1.5600e+00	 9.9941e-01
nan	 nan	 1.5597e+00	 9.9938e-01	 1.5589e+00	 9.9882e-01
nan	 nan	 1.5586e+00	 9.9932e-01	 1.5577e+00	 9.9919e-01
nan	 nan	 1.5574e+00	 9.9930e-01	 1.5566e+00	 9.9955e-01
nan	 nan	 1.5563e+00	 9.9932e-01	 1.5554e+00	 9.9801e-01
nan	 nan	 1.5551e+00	 9.9933e-01	 1.5543e+00	 9.9915e-01
nan	 nan	 1.5540e+00	 9.9933e-01	 1.5531e+00	 9.9827e-01
nan	 nan	 1.5528e+00	 9.9932e-01	 1.5520e+00	 9.9952e-01
nan	 nan	 1.5517e+00	 9.9928e-01	 1.5508e+00	 9.9830e-01
nan	 nan	 1.5505e+00	 9.9926e-01	 1.5497e+00	 9.9874e-01
nan	 nan	 1.5494e+00	 9.9926e-01	 1.5486e+00	 9.9904e-01
nan	 nan	 1.5482e+00	 9.9930e-01	 1.5474e+00	 9.9882e-01
nan	 nan	 1.5471e+00	 9.9930e-01	 1.5463e+00	 9.9948e-01
nan	 nan	 1.5459e+00	 9.9926e-01	 1.5451e+00	 9.9852e-01
nan	 nan	 1.5448e+00	 9.9918e-01	 1.5440e+00	 9.9992e-01
nan	 nan	 1.5437e+00	 9.9918e-01	 1.5429e+00	 9.9856e-01
nan	 nan	 1.5425e+00	 9.9921e-01	 1.5417e+00	 9.9955e-01
nan	 nan	 1.5414e+00	 9.9930e-01	 1.5406e+00	 9.9878e-01
nan	 nan	 1.5402e+00	 9.9935e-01	 1.5394e+00	 9.9885e-01
nan	 nan	 1.5391e+00	 9.9937e-01	 1.5383e+00	 9.9941e-01
nan	 nan	 1.5380e+00	 9.9937e-01	 1.5372e+00	 9.9915e-01
nan	 nan	 1.5368e+00	 9.9933e-01	 1.5360e+00	 9.9996e-01
nan	 nan	 1.5357e+00	 9.9932e-01	 1.5349e+00	 9.9841e-01
nan	 nan	 1.5346e+00	 9.9930e-01	 1.5338e+00	 9.9922e-01
nan	 nan	 1.5334e+00	 9.9928e-01	 1.5326e+00	 9.9841e-01
nan	 nan	 1.5323e+00	 9.9932e-01	 1.5315e+00	 9.9963e-01
nan	 nan	 1.5312e+00	 9.9938e-01	 1.5304e+00	 9.9922e-01
nan	 nan	 1.5300e+00	 9.9940e-01	 1.5292e+00	 9.9911e-01
nan	 nan	 1.5289e+00	 9.9937e-01	 1.5281e+00	 9.9915e-01
nan	 nan	 1.5278e+00	 9.9930e-01	 1.5270e+00	 9.9827e-01
nan	 nan	 1.5266e+00	 9.9926e-01	 1.5258e+00	 1.0001e+00
nan	 nan	 1.5255e+00	 9.9930e-01	 1.5247e+00	 9.9889e-01
nan	 nan	 1.5244e+00	 9.9935e-01	 1.5236e+00	 9.9933e-01
nan	 nan	 1.5233e+00	 9.9940e-01	 1.5224e+00	 9.9812e-01
nan	 nan	 1.5221e+00	 9.9942e-01	 1.5213e+00	 9.9926e-01
nan	 nan	 1.5210e+00	 9.9942e-01	 1.5202e+00	 9.9867e-01
nan	 nan	 1.5199e+00	 9.9940e-01	 1.5191e+00	 9.9889e-01
nan	 nan	 1.5188e+00	 9.9938e-01	 1.5180e+00	 9.9989e-01
nan	 nan	 1.5176e+00	 9.9938e-01	 1.5168e+00	 9.9908e-01
nan	 nan	 1.5165e+00	 9.9938e-01	 1.5157e+00	 1.0003e+00
nan	 nan	 1.5154e+00	 9.9938e-01	 1.5146e+00	 9.9852e-01
nan	 nan	 1.5143e+00	 9.9935e-01	 1.5135e+00	 9.9915e-01
nan	 nan	 1.5132e+00	 9.9933e-01	 1.5124e+00	 9.9863e-01
nan	 nan	 1.5120e+00	 9.9932e-01	 1.5112e+00	 9.9948e-01
nan	 nan	 1.5109e+00	 9.9932e-01	 1.5101e+00	 9.9919e-01
nan	 nan	 1.5098e+00	 9.9932e-01	 1.5090e+00	 9.9897e-01
nan	 nan	 1.5087e+00	 9.9933e-01	 1.5079e+00	 9.9989e-01
nan	 nan	 1.5076e+00	 9.9933e-01	 1.5068e+00	 9.9856e-01
nan	 nan	 1.5065e+00	 9.9932e-01	 1.5057e+00	 9.9948e-01
nan	 nan	 1.5053e+00	 9.9935e-01	 1.5045e+00	 9.9797e-01
nan	 nan	 1.5042e+00	 9.9940e-01	 1.5034e+00	 9.9926e-01
nan	 nan	 1.5031e+00	 9.9943e-01	 1.5023e+00	 9.9908e-01
nan	 nan	 1.5020e+00	 9.9945e-01	 1.5012e+00	 9.9908e-01
nan	 nan	 1.5009e+00	 9.9943e-01	 1.5001e+00	 9.9882e-01
nan	 nan	 1.4998e+00	 9.9942e-01	 1.4990e+00	 9.9845e-01
nan	 nan	 1.4987e+00	 9.9940e-01	 1.4979e+00	 9.9992e-01
nan	 nan	 1.4976e+00	 9.9938e-01	 1.4968e+00	 9.9863e-01
nan	 nan	 1.4965e+00	 9.9935e-01	 1.4957e+00	 9.9985e-01
nan	 nan	 1.4954e+00	 9.9932e-01	 1.4946e+00	 9.9849e-01
nan	 nan	 1.4943e+00	 9.9930e-01	 1.4935e+00	 9.9955e-01
nan	 nan	 1.4932e+00	 9.9930e-01	 1.4924e+00	 9.9878e-01
nan	 nan	 1.4921e+00	 9.9930e-01	 1.4913e+00	 9.9841e-01
nan	 nan	 1.4910e+00	 9.9933e-01	 1.4902e+00	 9.9908e-01
nan	 nan	 1.4899e+00	 9.9935e-01	 1.4891e+00	 9.9908e-01
nan	 nan	 1.4888e+00	 9.9938e-01	 1.4880e+00	 1.0003e+00
nan	 nan	 1.4877e+00	 9.9940e-01	 1.4869e+00	 9.9904e-01
nan	 nan	 1.4866e+00	 9.9940e-01	 1.4858e+00	 9.9989e-01
nan	 nan	 1.4855e+00	 9.9942e-01	 1.4847e+00	 9.9860e-01
nan	 nan	 1.4844e+00	 9.9940e-01	 1.4836e+00	 9.9937e-01
nan	 nan	 1.4833e+00	 9.9938e-01	 1.4825e+00	 9.9867e-01
nan	 nan	 1.4822e+00	 9.9933e-01	 1.4814e+00	 9.9845e-01
nan	 nan	 1.4811e+00	 9.9932e-01	 1.4803e+00	 9.9978e-01
nan	 nan	 1.4800e+00	 9.9932e-01	 1.4792e+00	 9.9874e-01
nan	 nan	 1.4789e+00	 9.9933e-01	 1.4781e+00	 9.9992e-01
nan	 nan	 1.4778e+00	 9.9938e-01	 1.4770e+00	 9.9882e-01
nan	 nan	 1.4767e+00	 9.9940e-01	 1.4759e+00	 9.9963e-01
nan	 nan	 1.4756e+00	 9.9942e-01	 1.4748e+00	 9.9882e-01
nan	 nan	 1.4745e+00	 9.9940e-01	 1.4737e+00	 9.9970e-01
nan	 nan	 1.4734e+00	 9.9938e-01	 1.4726e+00	 9.9937e-01
nan	 nan	 1.4723e+00	 9.9938e-01	 1.4716e+00	 9.9919e-01
nan	 nan	 1.4712e+00	 9.9935e-01	 1.4705e+00	 9.9996e-01
nan	 nan	 1.4702e+00	 9.9932e-01	 1.4694e+00	 9.9841e-01
nan	 nan	 1.4691e+00	 9.9926e-01	 1.4683e+00	 9.9944e-01
nan	 nan	 1.4680e+00	 9.9925e-01	 1.4672e+00	 9.9841e-01
nan	 nan	 1.4669e+00	 9.9925e-01	 1.4661e+00	 9.9941e-01
nan	 nan	 1.4658e+00	 9.9928e-01	 1.4650e+00	 9.9830e-01
nan	 nan	 1.4647e+00	 9.9932e-01	 1.4640e+00	 9.9882e-01
nan	 nan	 1.4636e+00	 9.9938e-01	 1.4629e+00	 9.9963e-01
nan	 nan	 1.4626e+00	 9.9943e-01	 1.4618e+00	 9.9919e-01
nan	 nan	 1.4615e+00	 9.9945e-01	 1.4607e+00	 9.9989e-01
nan	 nan	 1.4604e+00	 9.9940e-01	 1.4596e+00	 9.9874e-01
nan	 nan	 1.4593e+00	 9.9932e-01	 1.4585e+00	 9.9996e-01
nan	 nan	 1.4582e+00	 9.9926e-01	 1.4575e+00	 9.9919e-01
nan	 nan	 1.4571e+00	 9.9925e-01	 1.4564e+00	 9.9978e-01
nan	 nan	 1.4561e+00	 9.9925e-01	 1.4553e+00	 9.9874e-01
nan	 nan	 1.4550e+00	 9.9926e-01	 1.4542e+00	 9.9849e-01
nan	 nan	 1.4539e+00	 9.9926e-01	 1.4531e+00	 9.9893e-01
nan	 nan	 1.4528e+00	 9.9928e-01	 1.4521e+00	 9.9852e-01
nan	 nan	 1.4518e+00	 9.9932e-01	 1.4510e+00	 9.9963e-01
nan	 nan	 1.4507e+00	 9.9933e-01	 1.4499e+00	 9.9827e-01
nan	 nan	 1.4496e+00	 9.9933e-01	 1.4488e+00	 9.9974e-01
nan	 nan	 1.4485e+00	 9.9933e-01	 1.4478e+00	 9.9856e-01
nan	 nan	 1.4475e+00	 9.9933e-01	 1.4467e+00	 9.9948e-01
nan	 nan	 1.4464e+00	 9.9932e-01	 1.4456e+00	 9.9952e-01
nan	 nan	 1.4453e+00	 9.9932e-01	 1.4446e+00	 9.9908e-01
nan	 nan	 1.4442e+00	 9.9933e-01	 1.4435e+00	 9.9981e-01
nan	 nan	 1.4432e+00	 9.9935e-01	 1.4424e+00	 9.9908e-01
nan	 nan	 1.4421e+00	 9.9933e-01	 1.4413e+00	 1.0004e+00
nan	 nan	 1.4410e+00	 9.9933e-01	 1.4403e+00	 9.9922e-01
nan	 nan	 1.4400e+00	 9.9932e-01	 1.4392e+00	 9.9985e-01
nan	 nan	 1.4389e+00	 9.9930e-01	 1.4381e+00	 9.9819e-01
nan	 nan	 1.4378e+00	 9.9928e-01	 1.4371e+00	 9.9885e-01
nan	 nan	 1.4368e+00	 9.9928e-01	 1.4360e+00	 9.9926e-01
nan	 nan	 1.4357e+00	 9.9928e-01	 1.4350e+00	 9.9882e-01
nan	 nan	 1.4346e+00	 9.9933e-01	 1.4339e+00	 9.9996e-01
nan	 nan	 1.4336e+00	 9.9935e-01	 1.4328e+00	 9.9860e-01
nan	 nan	 1.4325e+00	 9.9937e-01	 1.4318e+00	 9.9963e-01
nan	 nan	 1.4315e+00	 9.9935e-01	 1.4307e+00	 9.9863e-01
nan	 nan	 1.4304e+00	 9.9930e-01	 1.4296e+00	 9.9989e-01
nan	 nan	 1.4293e+00	 9.9925e-01	 1.4286e+00	 9.9904e-01
nan	 nan	 1.4283e+00	 9.9920e-01	 1.4275e+00	 9.9911e-01
nan	 nan	 1.4272e+00	 9.9915e-01	 1.4265e+00	 9.9952e-01
nan	 nan	 1.4262e+00	 9.9913e-01	 1.4254e+00	 9.9897e-01
nan	 nan	 1.4251e+00	 9.9916e-01	 1.4244e+00	 1.0003e+00
nan	 nan	 1.4241e+00	 9.9921e-01	 1.4233e+00	 9.9900e-01
nan	 nan	 1.4230e+00	 9.9925e-01	 1.4223e+00	 1.0002e+00
nan	 nan	 1.4219e+00	 9.9928e-01	 1.4212e+00	 9.9860e-01
nan	 nan	 1.4209e+00	 9.9932e-01	 1.4201e+00	 9.9963e-01
nan	 nan	 1.4198e+00	 9.9938e-01	 1.4191e+00	 9.9970e-01
nan	 nan	 1.4188e+00	 9.9945e-01	 1.4180e+00	 9.9937e-01
nan	 nan	 1.4177e+00	 9.9947e-01	 1.4170e+00	 9.9941e-01
nan	 nan	 1.4167e+00	 9.9945e-01	 1.4159e+00	 9.9841e-01
nan	 nan	 1.4156e+00	 9.9942e-01	 1.4149e+00	 9.9941e-01
nan	 nan	 1.4146e+00	 9.9940e-01	 1.4138e+00	 9.9834e-01
nan	 nan	 1.4135e+00	 9.9940e-01	 1.4128e+00	 1.0001e+00
nan	 nan	 1.4125e+00	 9.9940e-01	 1.4117e+00	 9.9926e-01
nan	 nan	 1.4114e+00	 9.9938e-01	 1.4107e+00	 1.0000e+00
nan	 nan	 1.4104e+00	 9.9937e-01	 1.4096e+00	 9.9981e-01
nan	 nan	 1.4093e+00	 9.9935e-01	 1.4086e+00	 9.9919e-01
nan	 nan	 1.4083e+00	 9.9933e-01	 1.4075e+00	 9.9967e-01
nan	 nan	 1.4072e+00	 9.9935e-01	 1.4065e+00	 9.9838e-01
nan	 nan	 1.4062e+00	 9.9938e-01	 1.4054e+00	 9.9970e-01
nan	 nan	 1.4051e+00	 9.9945e-01	 1.4044e+00	 9.9878e-01
nan	 nan	 1.4041e+00	 9.9947e-01	 1.4033e+00	 1.0000e+00
nan	 nan	 1.4030e+00	 9.9945e-01	 1.4023e+00	 9.9874e-01
nan	 nan	 1.4020e+00	 9.9938e-01	 1.4012e+00	 9.9915e-01
nan	 nan	 1.4009e+00	 9.9930e-01	 1.4002e+00	 9.9922e-01
nan	 nan	 1.3999e+00	 9.9925e-01	 1.3991e+00	 9.9911e-01
nan	 nan	 1.3988e+00	 9.9925e-01	 1.3981e+00	 9.9974e-01
nan	 nan	 1.3978e+00	 9.9928e-01	 1.3971e+00	 9.9782e-01
nan	 nan	 1.3968e+00	 9.9935e-01	 1.3960e+00	 9.9948e-01
nan	 nan	 1.3957e+00	 9.9940e-01	 1.3950e+00	 9.9878e-01
nan	 nan	 1.3947e+00	 9.9940e-01	 1.3939e+00	 9.9989e-01
nan	 nan	 1.3936e+00	 9.9940e-01	 1.3929e+00	 9.9919e-01
nan	 nan	 1.3926e+00	 9.9937e-01	 1.3919e+00	 9.9911e-01
nan	 nan	 1.3916e+00	 9.9933e-01	 1.3908e+00	 9.9941e-01
nan	 nan	 1.3905e+00	 9.9932e-01	 1.3898e+00	 9.9889e-01
nan	 nan	 1.3895e+00	 9.9928e-01	 1.3887e+00	 9.9978e-01
nan	 nan	 1.3885e+00	 9.9926e-01	 1.3877e+00	 9.9808e-01
nan	 nan	 1.3874e+00	 9.9928e-01	 1.3867e+00	 9.9992e-01
nan	 nan	 1.3864e+00	 9.9932e-01	 1.3856e+00	 9.9937e-01
nan	 nan	 1.3853e+00	 9.9933e-01	 1.3846e+00	 9.9955e-01
nan	 nan	 1.3843e+00	 9.9933e-01	 1.3836e+00	 9.9922e-01
nan	 nan	 1.3833e+00	 9.9933e-01	 1.3825e+00	 9.9944e-01
nan	 nan	 1.3822e+00	 9.9935e-01	 1.3815e+00	 9.9959e-01
nan	 nan	 1.3812e+00	 9.9938e-01	 1.3805e+00	 9.9856e-01
nan	 nan	 1.3802e+00	 9.9940e-01	 1.3794e+00	 9.9992e-01
nan	 nan	 1.3791e+00	 9.9940e-01	 1.3784e+00	 9.9867e-01
nan	 nan	 1.3781e+00	 9.9938e-01	 1.3774e+00	 9.9996e-01
nan	 nan	 1.3771e+00	 9.9935e-01	 1.3763e+00	 9.9974e-01
nan	 nan	 1.3761e+00	 9.9932e-01	 1.3753e+00	 9.9967e-01
nan	 nan	 1.3750e+00	 9.9930e-01	 1.3743e+00	 9.9893e-01
nan	 nan	 1.3740e+00	 9.9932e-01	 1.3733e+00	 9.9885e-01
nan	 nan	 1.3730e+00	 9.9937e-01	 1.3722e+00	 1.0001e+00
nan	 nan	 1.3719e+00	 9.9938e-01	 1.3712e+00	 9.9893e-01
nan	 nan	 1.3709e+00	 9.9940e-01	 1.3702e+00	 9.9963e-01
nan	 nan	 1.3699e+00	 9.9942e-01	 1.3692e+00	 9.9845e-01
nan	 nan	 1.3689e+00	 9.9940e-01	 1.3681e+00	 9.9955e-01
nan	 nan	 1.3678e+00	 9.9937e-01	 1.3671e+00	 9.9922e-01
nan	 nan	 1.3668e+00	 9.9933e-01	 1.3661e+00	 9.9944e-01
nan	 nan	 1.3658e+00	 9.9930e-01	 1.3651e+00	 9.9893e-01
nan	 nan	 1.3648e+00	 9.9928e-01	 1.3640e+00	 9.9841e-01
nan	 nan	 1.3637e+00	 9.9928e-01	 1.3630e+00	 1.0000e+00
nan	 nan	 1.3627e+00	 9.9930e-01	 1.3620e+00	 9.9871e-01
nan	 nan	 1.3617e+00	 9.9930e-01	 1.3610e+00	 9.9967e-01
nan	 nan	 1.3607e+00	 9.9933e-01	 1.3600e+00	 9.9852e-01
nan	 nan	 1.3597e+00	 9.9937e-01	 1.3590e+00	 9.9970e-01
nan	 nan	 1.3587e+00	 9.9942e-01	 1.3579e+00	 9.9915e-01
nan	 nan	 1.3576e+00	 9.9947e-01	 1.3569e+00	 9.9937e-01
nan	 nan	 1.3566e+00	 9.9954e-01	 1.3559e+00	 9.9948e-01
nan	 nan	 1.3556e+00	 9.9959e-01	 1.3549e+00	 9.9849e-01
nan	 nan	 1.3546e+00	 9.9960e-01	 1.3539e+00	 9.9963e-01
nan	 nan	 1.3536e+00	 9.9957e-01	 1.3529e+00	 9.9900e-01
nan	 nan	 1.3526e+00	 9.9947e-01	 1.3519e+00	 1.0001e+00
nan	 nan	 1.3516e+00	 9.9938e-01	 1.3508e+00	 9.9874e-01
nan	 nan	 1.3505e+00	 9.9928e-01	 1.3498e+00	 9.9985e-01
nan	 nan	 1.3495e+00	 9.9925e-01	 1.3488e+00	 9.9959e-01
nan	 nan	 1.3485e+00	 9.9923e-01	 1.3478e+00	 9.9904e-01
nan	 nan	 1.3475e+00	 9.9925e-01	 1.3468e+00	 9.9985e-01
nan	 nan	 1.3465e+00	 9.9926e-01	 1.3458e+00	 9.9874e-01
nan	 nan	 1.3455e+00	 9.9925e-01	 1.3448e+00	 9.9981e-01
nan	 nan	 1.3445e+00	 9.9925e-01	 1.3438e+00	 9.9867e-01
nan	 nan	 1.3435e+00	 9.9926e-01	 1.3428e+00	 9.9992e-01
nan	 nan	 1.3425e+00	 9.9930e-01	 1.3418e+00	 9.9893e-01
nan	 nan	 1.3415e+00	 9.9933e-01	 1.3408e+00	 9.9967e-01
nan	 nan	 1.3405e+00	 9.9937e-01	 1.3398e+00	 9.9978e-01
nan	 nan	 1.3395e+00	 9.9938e-01	 1.3388e+00	 9.9930e-01
nan	 nan	 1.3385e+00	 9.9937e-01	 1.3378e+00	 9.9989e-01
nan	 nan	 1.3375e+00	 9.9933e-01	 1.3368e+00	 9.9871e-01
nan	 nan	 1.3365e+00	 9.9928e-01	 1.3357e+00	 9.9974e-01
nan	 nan	 1.3355e+00	 9.9925e-01	 1.3347e+00	 9.9812e-01
nan	 nan	 1.3345e+00	 9.9923e-01	 1.3337e+00	 9.9978e-01
nan	 nan	 1.3335e+00	 9.9925e-01	 1.3327e+00	 9.9933e-01
nan	 nan	 1.3325e+00	 9.9926e-01	 1.3317e+00	 9.9952e-01
nan	 nan	 1.3315e+00	 9.9928e-01	 1.3308e+00	 9.9919e-01
nan	 nan	 1.3305e+00	 9.9930e-01	 1.3298e+00	 9.9897e-01
nan	 nan	 1.3295e+00	 9.9935e-01	 1.3288e+00	 1.0001e+00
nan	 nan	 1.3285e+00	 9.9942e-01	 1.3278e+00	 9.9874e-01
nan	 nan	 1.3275e+00	 9.9949e-01	 1.3268e+00	 1.0001e+00
nan	 nan	 1.3265e+00	 9.9952e-01	 1.3258e+00	 9.9878e-01
nan	 nan	 1.3255e+00	 9.9949e-01	 1.3248e+00	 9.9922e-01
nan	 nan	 1.3245e+00	 9.9945e-01	 1.3238e+00	 9.9863e-01
nan	 nan	 1.3235e+00	 9.9942e-01	 1.3228e+00	 9.9908e-01
nan	 nan	 1.3225e+00	 9.9938e-01	 1.3218e+00	 9.9974e-01
nan	 nan	 1.3215e+00	 9.9933e-01	 1.3208e+00	 9.9908e-01
nan	 nan	 1.3205e+00	 9.9930e-01	 1.3198e+00	 9.9996e-01
nan	 nan	 1.3195e+00	 9.9928e-01	 1.3188e+00	 9.9845e-01
nan	 nan	 1.3185e+00	 9.9930e-01	 1.3178e+00	 9.9955e-01
nan	 nan	 1.3176e+00	 9.9933e-01	 1.3169e+00	 9.9838e-01
nan	 nan	 1.3166e+00	 9.9935e-01	 1.3159e+00	 9.9885e-01
nan	 nan	 1.3156e+00	 9.9935e-01	 1.3149e+00	 9.9893e-01
nan	 nan	 1.3146e+00	 9.9933e-01	 1.3139e+00	 9.9897e-01
nan	 nan	 1.3136e+00	 9.9928e-01	 1.3129e+00	 9.9981e-01
nan	 nan	 1.3126e+00	 9.9925e-01	 1.3119e+00	 9.9915e-01
nan	 nan	 1.3116e+00	 9.9923e-01	 1.3109e+00	 1.0000e+00
nan	 nan	 1.3107e+00	 9.9925e-01	 1.3100e+00	 9.9856e-01
nan	 nan	 1.3097e+00	 9.9932e-01	 1.3090e+00	 9.9948e-01
nan	 nan	 1.3087e+00	 9.9937e-01	 1.3080e+00	 9.9900e-01
nan	 nan	 1.3077e+00	 9.9940e-01	 1.3070e+00	 9.9944e-01
nan	 nan	 1.3067e+00	 9.9942e-01	 1.3060e+00	 9.9963e-01
nan	 nan	 1.3058e+00	 9.9942e-01	 1.3051e+00	 9.9930e-01
nan	 nan	 1.3048e+00	 9.9943e-01	 1.3041e+00	 9.9959e-01
nan	 nan	 1.3038e+00	 9.9947e-01	 1.3031e+00	 9.9834e-01
nan	 nan	 1.3028e+00	 9.9949e-01	 1.3021e+00	 9.9996e-01
nan	 nan	 1.3019e+00	 9.9945e-01	 1.3012e+00	 9.9922e-01
nan	 nan	 1.3009e+00	 9.9938e-01	 1.3002e+00	 1.0001e+00
nan	 nan	 1.2999e+00	 9.9935e-01	 1.2992e+00	 9.9944e-01
nan	 nan	 1.2989e+00	 9.9933e-01	 1.2982e+00	 9.9926e-01
nan	 nan	 1.2980e+00	 9.9937e-01	 1.2973e+00	 9.9959e-01
nan	 nan	 1.2970e+00	 9.9942e-01	 1.2963e+00	 9.9919e-01
nan	 nan	 1.2960e+00	 9.9943e-01	 1.2953e+00	 9.9989e-01
nan	 nan	 1.2950e+00	 9.9942e-01	 1.2943e+00	 9.9885e-01
nan	 nan	 1.2941e+00	 9.9937e-01	 1.2934e+00	 1.0001e+00
nan	 nan	 1.2931e+00	 9.9933e-01	 1.2924e+00	 9.9900e-01
nan	 nan	 1.2921e+00	 9.9928e-01	 1.2914e+00	 1.0001e+00
nan	 nan	 1.2912e+00	 9.9926e-01	 1.2905e+00	 9.9963e-01
nan	 nan	 1.2902e+00	 9.9926e-01	 1.2895e+00	 9.9933e-01
nan	 nan	 1.2892e+00	 9.9928e-01	 1.2885e+00	 1.0000e+00
nan	 nan	 1.2883e+00	 9.9933e-01	 1.2876e+00	 9.9922e-01
nan	 nan	 1.2873e+00	 9.9935e-01	 1.2866e+00	 1.0003e+00
nan	 nan	 1.2863e+00	 9.9935e-01	 1.2856e+00	 9.9867e-01
nan	 nan	 1.2854e+00	 9.9937e-01	 1.2847e+00	 1.0000e+00
nan	 nan	 1.2844e+00	 9.9942e-01	 1.2837e+00	 9.9948e-01
nan	 nan	 1.2834e+00	 9.9947e-01	 1.2827e+00	 1.0002e+00
nan	 nan	 1.2825e+00	 9.9949e-01	 1.2818e+00	 9.9978e-01
nan	 nan	 1.2815e+00	 9.9945e-01	 1.2808e+00	 9.9948e-01
nan	 nan	 1.2805e+00	 9.9940e-01	 1.2798e+00	 1.0003e+00
nan	 nan	 1.2796e+00	 9.9933e-01	 1.2789e+00	 9.9922e-01
nan	 nan	 1.2786e+00	 9.9930e-01	 1.2779e+00	 1.0002e+00
nan	 nan	 1.2776e+00	 9.9928e-01	 1.2769e+00	 9.9897e-01
nan	 nan	 1.2767e+00	 9.9932e-01	 1.2760e+00	 1.0000e+00
nan	 nan	 1.2757e+00	 9.9940e-01	 1.2750e+00	 9.9937e-01
nan	 nan	 1.2748e+00	 9.9945e-01	 1.2741e+00	 9.9978e-01
nan	 nan	 1.2738e+00	 9.9949e-01	 1.2731e+00	 9.9992e-01
nan	 nan	 1.2728e+00	 9.9950e-01	 1.2722e+00	 9.9897e-01
nan	 nan	 1.2719e+00	 9.9952e-01	 1.2712e+00	 9.9985e-01
nan	 nan	 1.2709e+00	 9.9952e-01	 1.2702e+00	 9.9915e-01
nan	 nan	 1.2700e+00	 9.9945e-01	 1.2693e+00	 1.0007e+00
nan	 nan	 1.2690e+00	 9.9938e-01	 1.2683e+00	 9.9911e-01
nan	 nan	 1.2681e+00	 9.9930e-01	 1.2674e+00	 9.9967e-01
nan	 nan	 1.2671e+00	 9.9926e-01	 1.2664e+00	 9.9941e-01
nan	 nan	 1.2662e+00	 9.9925e-01	 1.2655e+00	 9.9970e-01
nan	 nan	 1.2652e+00	 9.9926e-01	 1.2645e+00	 9.9963e-01
nan	 nan	 1.2643e+00	 9.9930e-01	 1.2636e+00	 9.9897e-01
nan	 nan	 1.2633e+00	 9.9933e-01	 1.2626e+00	 1.0004e+00
nan	 nan	 1.2623e+00	 9.9938e-01	 1.2617e+00	 9.9871e-01
nan	 nan	 1.2614e+00	 9.9942e-01	 1.2607e+00	 1.0000e+00
nan	 nan	 1.2604e+00	 9.9945e-01	 1.2598e+00	 9.9904e-01
nan	 nan	 1.2595e+00	 9.9949e-01	 1.2588e+00	 9.9970e-01
nan	 nan	 1.2586e+00	 9.9947e-01	 1.2579e+00	 9.9941e-01
nan	 nan	 1.2576e+00	 9.9940e-01	 1.2569e+00	 9.9944e-01
nan	 nan	 1.2567e+00	 9.9932e-01	 1.2560e+00	 9.9989e-01
nan	 nan	 1.2557e+00	 9.9926e-01	 1.2550e+00	 9.9893e-01
nan	 nan	 1.2548e+00	 9.9925e-01	 1.2541e+00	 1.0004e+00
nan	 nan	 1.2538e+00	 9.9928e-01	 1.2532e+00	 9.9933e-01
nan	 nan	 1.2529e+00	 9.9935e-01	 1.2522e+00	 1.0001e+00
nan	 nan	 1.2519e+00	 9.9942e-01	 1.2513e+00	 9.9922e-01
nan	 nan	 1.2510e+00	 9.9945e-01	 1.2503e+00	 9.9967e-01
nan	 nan	 1.2501e+00	 9.9947e-01	 1.2494e+00	 9.9930e-01
nan	 nan	 1.2491e+00	 9.9947e-01	 1.2485e+00	 9.9933e-01
nan	 nan	 1.2482e+00	 9.9947e-01	 1.2475e+00	 1.0002e+00
nan	 nan	 1.2472e+00	 9.9945e-01	 1.2466e+00	 9.9908e-01
nan	 nan	 1.2463e+00	 9.9943e-01	 1.2456e+00	 1.0006e+00
nan	 nan	 1.2454e+00	 9.9940e-01	 1.2447e+00	 9.9919e-01
nan	 nan	 1.2444e+00	 9.9940e-01	 1.2438e+00	 1.0000e+00
nan	 nan	 1.2435e+00	 9.9943e-01	 1.2428e+00	 9.9926e-01
nan	 nan	 1.2426e+00	 9.9945e-01	 1.2419e+00	 9.9955e-01
nan	 nan	 1.2416e+00	 9.9945e-01	 1.2410e+00	 9.9967e-01
nan	 nan	 1.2407e+00	 9.9949e-01	 1.2400e+00	 9.9900e-01
nan	 nan	 1.2398e+00	 9.9952e-01	 1.2391e+00	 9.9959e-01
nan	 nan	 1.2388e+00	 9.9954e-01	 1.2382e+00	 9.9863e-01
nan	 nan	 1.2379e+00	 9.9955e-01	 1.2372e+00	 9.9974e-01
nan	 nan	 1.2370e+00	 9.9955e-01	 1.2363e+00	 9.9856e-01
nan	 nan	 1.2360e+00	 9.9952e-01	 1.2354e+00	 9.9955e-01
nan	 nan	 1.2351e+00	 9.9945e-01	 1.2344e+00	 9.9885e-01
nan	 nan	 1.2342e+00	 9.9938e-01	 1.2335e+00	 9.9911e-01
nan	 nan	 1.2333e+00	 9.9935e-01	 1.2326e+00	 1.0002e+00
nan	 nan	 1.2323e+00	 9.9932e-01	 1.2317e+00	 9.9893e-01
nan	 nan	 1.2314e+00	 9.9932e-01	 1.2307e+00	 9.9959e-01
nan	 nan	 1.2305e+00	 9.9935e-01	 1.2298e+00	 9.9915e-01
nan	 nan	 1.2295e+00	 9.9940e-01	 1.2289e+00	 1.0004e+00
nan	 nan	 1.2286e+00	 9.9945e-01	 1.2279e+00	 9.9856e-01
nan	 nan	 1.2277e+00	 9.9949e-01	 1.2270e+00	 9.9959e-01
nan	 nan	 1.2268e+00	 9.9949e-01	 1.2261e+00	 9.9970e-01
nan	 nan	 1.2258e+00	 9.9945e-01	 1.2252e+00	 9.9922e-01
nan	 nan	 1.2249e+00	 9.9945e-01	 1.2243e+00	 9.9959e-01
nan	 nan	 1.2240e+00	 9.9945e-01	 1.2233e+00	 9.9849e-01
nan	 nan	 1.2231e+00	 9.9945e-01	 1.2224e+00	 9.9978e-01
nan	 nan	 1.2221e+00	 9.9942e-01	 1.2215e+00	 9.9911e-01
nan	 nan	 1.2212e+00	 9.9938e-01	 1.2206e+00	 1.0001e+00
nan	 nan	 1.2203e+00	 9.9937e-01	 1.2197e+00	 9.9908e-01
nan	 nan	 1.2194e+00	 9.9935e-01	 1.2187e+00	 9.9974e-01
nan	 nan	 1.2185e+00	 9.9933e-01	 1.2178e+00	 9.9974e-01
nan	 nan	 1.2176e+00	 9.9935e-01	 1.2169e+00	 9.9919e-01
nan	 nan	 1.2166e+00	 9.9938e-01	 1.2160e+00	 9.9985e-01
nan	 nan	 1.2157e+00	 9.9943e-01	 1.2151e+00	 9.9911e-01
nan	 nan	 1.2148e+00	 9.9950e-01	 1.2141e+00	 9.9978e-01
nan	 nan	 1.2139e+00	 9.9954e-01	 1.2132e+00	 9.9838e-01
nan	 nan	 1.2130e+00	 9.9952e-01	 1.2123e+00	 1.0001e+00
nan	 nan	 1.2121e+00	 9.9947e-01	 1.2114e+00	 9.9955e-01
nan	 nan	 1.2111e+00	 9.9945e-01	 1.2105e+00	 9.9974e-01
nan	 nan	 1.2102e+00	 9.9949e-01	 1.2096e+00	 9.9992e-01
nan	 nan	 1.2093e+00	 9.9954e-01	 1.2087e+00	 9.9948e-01
nan	 nan	 1.2084e+00	 9.9957e-01	 1.2078e+00	 1.0003e+00
nan	 nan	 1.2075e+00	 9.9957e-01	 1.2068e+00	 9.9871e-01
nan	 nan	 1.2066e+00	 9.9955e-01	 1.2059e+00	 9.9959e-01
nan	 nan	 1.2057e+00	 9.9950e-01	 1.2050e+00	 9.9882e-01
nan	 nan	 1.2048e+00	 9.9945e-01	 1.2041e+00	 9.9985e-01
nan	 nan	 1.2039e+00	 9.9942e-01	 1.2032e+00	 9.9860e-01
nan	 nan	 1.2029e+00	 9.9938e-01	 1.2023e+00	 9.9874e-01
nan	 nan	 1.2020e+00	 9.9935e-01	 1.2014e+00	 1.0000e+00
nan	 nan	 1.2011e+00	 9.9933e-01	 1.2005e+00	 9.9981e-01
nan	 nan	 1.2002e+00	 9.9937e-01	 1.1996e+00	 1.0006e+00
nan	 nan	 1.1993e+00	 9.9942e-01	 1.1987e+00	 9.9897e-01
nan	 nan	 1.1984e+00	 9.9945e-01	 1.1978e+00	 9.9981e-01
nan	 nan	 1.1975e+00	 9.9945e-01	 1.1968e+00	 9.9874e-01
nan	 nan	 1.1966e+00	 9.9940e-01	 1.1959e+00	 9.9989e-01
nan	 nan	 1.1957e+00	 9.9937e-01	 1.1950e+00	 9.9985e-01
nan	 nan	 1.1948e+00	 9.9933e-01	 1.1941e+00	 9.9952e-01
nan	 nan	 1.1939e+00	 9.9928e-01	 1.1932e+00	 1.0003e+00
nan	 nan	 1.1930e+00	 9.9926e-01	 1.1923e+00	 9.9919e-01
nan	 nan	 1.1921e+00	 9.9928e-01	 1.1914e+00	 1.0000e+00
nan	 nan	 1.1912e+00	 9.9932e-01	 1.1905e+00	 9.9863e-01
nan	 nan	 1.1903e+00	 9.9937e-01	 1.1896e+00	 1.0003e+00
nan	 nan	 1.1894e+00	 9.9940e-01	 1.1887e+00	 1.0001e+00
nan	 nan	 1.1885e+00	 9.9942e-01	 1.1878e+00	 1.0003e+00
nan	 nan	 1.1876e+00	 9.9942e-01	 1.1869e+00	 1.0000e+00
nan	 nan	 1.1867e+00	 9.9940e-01	 1.1860e+00	 9.9926e-01
nan	 nan	 1.1858e+00	 9.9937e-01	 1.1851e+00	 9.9989e-01
nan	 nan	 1.1849e+00	 9.9930e-01	 1.1842e+00	 9.9897e-01
nan	 nan	 1.1840e+00	 9.9923e-01	 1.1833e+00	 1.0000e+00
nan	 nan	 1.1831e+00	 9.9918e-01	 1.1825e+00	 9.9897e-01
nan	 nan	 1.1822e+00	 9.9918e-01	 1.1816e+00	 1.0000e+00
nan	 nan	 1.1813e+00	 9.9921e-01	 1.1807e+00	 9.9930e-01
nan	 nan	 1.1804e+00	 9.9928e-01	 1.1798e+00	 9.9952e-01
nan	 nan	 1.1795e+00	 9.9933e-01	 1.1789e+00	 9.9978e-01
nan	 nan	 1.1786e+00	 9.9938e-01	 1.1780e+00	 9.9930e-01
nan	 nan	 1.1777e+00	 9.9943e-01	 1.1771e+00	 1.0000e+00
nan	 nan	 1.1768e+00	 9.9950e-01	 1.1762e+00	 9.9893e-01
nan	 nan	 1.1759e+00	 9.9954e-01	 1.1753e+00	 1.0000e+00
nan	 nan	 1.1751e+00	 9.9954e-01	 1.1744e+00	 9.9882e-01
nan	 nan	 1.1742e+00	 9.9949e-01	 1.1735e+00	 1.0001e+00
nan	 nan	 1.1733e+00	 9.9943e-01	 1.1726e+00	 9.9952e-01
nan	 nan	 1.1724e+00	 9.9940e-01	 1.1718e+00	 9.9933e-01
nan	 nan	 1.1715e+00	 9.9937e-01	 1.1709e+00	 9.9963e-01
nan	 nan	 1.1706e+00	 9.9938e-01	 1.1700e+00	 9.9904e-01
nan	 nan	 1.1697e+00	 9.9940e-01	 1.1691e+00	 1.0008e+00
nan	 nan	 1.1689e+00	 9.9942e-01	 1.1682e+00	 9.9955e-01
nan	 nan	 1.1680e+00	 9.9942e-01	 1.1673e+00	 1.0000e+00
nan	 nan	 1.1671e+00	 9.9940e-01	 1.1665e+00	 9.9871e-01
nan	 nan	 1.1662e+00	 9.9938e-01	 1.1656e+00	 1.0000e+00
nan	 nan	 1.1653e+00	 9.9942e-01	 1.1647e+00	 9.9981e-01
nan	 nan	 1.1644e+00	 9.9945e-01	 1.1638e+00	 9.9911e-01
nan	 nan	 1.1636e+00	 9.9945e-01	 1.1629e+00	 9.9955e-01
nan	 nan	 1.1627e+00	 9.9943e-01	 1.1620e+00	 9.9889e-01
nan	 nan	 1.1618e+00	 9.9940e-01	 1.1612e+00	 1.0002e+00
nan	 nan	 1.1609e+00	 9.9938e-01	 1.1603e+00	 9.9919e-01
nan	 nan	 1.1600e+00	 9.9935e-01	 1.1594e+00	 1.0008e+00
nan	 nan	 1.1592e+00	 9.9928e-01	 1.1585e+00	 9.9985e-01
nan	 nan	 1.1583e+00	 9.9921e-01	 1.1576e+00	 9.9967e-01
nan	 nan	 1.1574e+00	 9.9918e-01	 1.1568e+00	 9.9959e-01
nan	 nan	 1.1565e+00	 9.9920e-01	 1.1559e+00	 9.9919e-01
nan	 nan	 1.1556e+00	 9.9925e-01	 1.1550e+00	 1.0003e+00
nan	 nan	 1.1548e+00	 9.9932e-01	 1.1541e+00	 9.9930e-01
nan	 nan	 1.1539e+00	 9.9937e-01	 1.1533e+00	 1.0000e+00
nan	 nan	 1.1530e+00	 9.9940e-01	 1.1524e+00	 9.9841e-01
nan	 nan	 1.1521e+00	 9.9942e-01	 1.1515e+00	 9.9981e-01
nan	 nan	 1.1513e+00	 9.9942e-01	 1.1506e+00	 9.9952e-01
nan	 nan	 1.1504e+00	 9.9940e-01	 1.1498e+00	 9.9974e-01
nan	 nan	 1.1495e+00	 9.9940e-01	 1.1489e+00	 1.0004e+00
nan	 nan	 1.1486e+00	 9.9940e-01	 1.1480e+00	 9.9937e-01
nan	 nan	 1.1478e+00	 9.9943e-01	 1.1472e+00	 1.0000e+00
nan	 nan	 1.1469e+00	 9.9949e-01	 1.1463e+00	 9.9900e-01
nan	 nan	 1.1461e+00	 9.9955e-01	 1.1454e+00	 1.0003e+00
nan	 nan	 1.1452e+00	 9.9959e-01	 1.1446e+00	 9.9926e-01
nan	 nan	 1.1443e+00	 9.9959e-01	 1.1437e+00	 9.9992e-01
nan	 nan	 1.1434e+00	 9.9957e-01	 1.1428e+00	 9.9922e-01
nan	 nan	 1.1426e+00	 9.9950e-01	 1.1420e+00	 9.9897e-01
nan	 nan	 1.1417e+00	 9.9943e-01	 1.1411e+00	 9.9937e-01
nan	 nan	 1.1409e+00	 9.9937e-01	 1.1402e+00	 9.9889e-01
nan	 nan	 1.1400e+00	 9.9932e-01	 1.1394e+00	 9.9981e-01
nan	 nan	 1.1391e+00	 9.9932e-01	 1.1385e+00	 9.9878e-01
nan	 nan	 1.1383e+00	 9.9937e-01	 1.1376e+00	 1.0004e+00
nan	 nan	 1.1374e+00	 9.9942e-01	 1.1368e+00	 9.9948e-01
nan	 nan	 1.1365e+00	 9.9943e-01	 1.1359e+00	 9.9970e-01
nan	 nan	 1.1357e+00	 9.9940e-01	 1.1351e+00	 9.9908e-01
nan	 nan	 1.1348e+00	 9.9937e-01	 1.1342e+00	 9.9911e-01
nan	 nan	 1.1340e+00	 9.9938e-01	 1.1334e+00	 1.0005e+00
nan	 nan	 1.1331e+00	 9.9942e-01	 1.1325e+00	 9.9952e-01
nan	 nan	 1.1323e+00	 9.9942e-01	 1.1316e+00	 1.0005e+00
nan	 nan	 1.1314e+00	 9.9940e-01	 1.1308e+00	 9.9915e-01
nan	 nan	 1.1305e+00	 9.9940e-01	 1.1299e+00	 1.0001e+00
nan	 nan	 1.1297e+00	 9.9943e-01	 1.1291e+00	 9.9952e-01
nan	 nan	 1.1288e+00	 9.9949e-01	 1.1282e+00	 9.9974e-01
nan	 nan	 1.1280e+00	 9.9950e-01	 1.1274e+00	 9.9959e-01
nan	 nan	 1.1271e+00	 9.9950e-01	 1.1265e+00	 9.9948e-01
nan	 nan	 1.1263e+00	 9.9949e-01	 1.1257e+00	 1.0006e+00
nan	 nan	 1.1254e+00	 9.9945e-01	 1.1248e+00	 9.9904e-01
nan	 nan	 1.1246e+00	 9.9940e-01	 1.1240e+00	 1.0000e+00
nan	 nan	 1.1237e+00	 9.9933e-01	 1.1231e+00	 9.9904e-01
nan	 nan	 1.1229e+00	 9.9925e-01	 1.1223e+00	 1.0001e+00
nan	 nan	 1.1220e+00	 9.9923e-01	 1.1214e+00	 9.9963e-01
nan	 nan	 1.1212e+00	 9.9921e-01	 1.1206e+00	 9.9900e-01
nan	 nan	 1.1203e+00	 9.9923e-01	 1.1197e+00	 9.9989e-01
nan	 nan	 1.1195e+00	 9.9926e-01	 1.1189e+00	 9.9959e-01
nan	 nan	 1.1186e+00	 9.9930e-01	 1.1180e+00	 9.9992e-01
nan	 nan	 1.1178e+00	 9.9935e-01	 1.1172e+00	 9.9871e-01
nan	 nan	 1.1169e+00	 9.9935e-01	 1.1163e+00	 1.0003e+00
nan	 nan	 1.1161e+00	 9.9933e-01	 1.1155e+00	 9.9967e-01
nan	 nan	 1.1152e+00	 9.9932e-01	 1.1146e+00	 1.0004e+00
nan	 nan	 1.1144e+00	 9.9928e-01	 1.1138e+00	 9.9952e-01
nan	 nan	 1.1136e+00	 9.9925e-01	 1.1130e+00	 9.9915e-01
nan	 nan	 1.1127e+00	 9.9926e-01	 1.1121e+00	 1.0004e+00
nan	 nan	 1.1119e+00	 9.9932e-01	 1.1113e+00	 9.9952e-01
nan	 nan	 1.1110e+00	 9.9938e-01	 1.1104e+00	 1.0001e+00
nan	 nan	 1.1102e+00	 9.9943e-01	 1.1096e+00	 9.9878e-01
nan	 nan	 1.1093e+00	 9.9942e-01	 1.1088e+00	 1.0003e+00
nan	 nan	 1.1085e+00	 9.9940e-01	 1.1079e+00	 9.9941e-01
nan	 nan	 1.1077e+00	 9.9937e-01	 1.1071e+00	 9.9970e-01
nan	 nan	 1.1068e+00	 9.9937e-01	 1.1062e+00	 9.9944e-01
nan	 nan	 1.1060e+00	 9.9935e-01	 1.1054e+00	 9.9989e-01
nan	 nan	 1.1052e+00	 9.9935e-01	 1.1046e+00	 1.0005e+00
nan	 nan	 1.1043e+00	 9.9933e-01	 1.1037e+00	 9.9933e-01
nan	 nan	 1.1035e+00	 9.9935e-01	 1.1029e+00	 1.0004e+00
nan	 nan	 1.1027e+00	 9.9937e-01	 1.1021e+00	 9.9893e-01
nan	 nan	 1.1018e+00	 9.9938e-01	 1.1012e+00	 9.9978e-01
nan	 nan	 1.1010e+00	 9.9940e-01	 1.1004e+00	 9.9937e-01
nan	 nan	 1.1002e+00	 9.9943e-01	 1.0996e+00	 9.9967e-01
nan	 nan	 1.0993e+00	 9.9947e-01	 1.0987e+00	 9.9985e-01
nan	 nan	 1.0985e+00	 9.9949e-01	 1.0979e+00	 9.9981e-01
nan	 nan	 1.0977e+00	 9.9945e-01	 1.0971e+00	 1.0010e+00
nan	 nan	 1.0968e+00	 9.9942e-01	 1.0962e+00	 9.9948e-01
nan	 nan	 1.0960e+00	 9.9942e-01	 1.0954e+00	 1.0006e+00
nan	 nan	 1.0952e+00	 9.9945e-01	 1.0946e+00	 9.9904e-01
nan	 nan	 1.0944e+00	 9.9952e-01	 1.0938e+00	 9.9974e-01
nan	 nan	 1.0935e+00	 9.9955e-01	 1.0929e+00	 9.9970e-01
nan	 nan	 1.0927e+00	 9.9955e-01	 1.0921e+00	 9.9985e-01
nan	 nan	 1.0919e+00	 9.9952e-01	 1.0913e+00	 1.0001e+00
nan	 nan	 1.0911e+00	 9.9947e-01	 1.0905e+00	 9.9930e-01
nan	 nan	 1.0902e+00	 9.9942e-01	 1.0896e+00	 1.0003e+00
nan	 nan	 1.0894e+00	 9.9940e-01	 1.0888e+00	 9.9908e-01
nan	 nan	 1.0886e+00	 9.9938e-01	 1.0880e+00	 1.0001e+00
nan	 nan	 1.0878e+00	 9.9938e-01	 1.0872e+00	 9.9930e-01
nan	 nan	 1.0869e+00	 9.9938e-01	 1.0864e+00	 9.9981e-01
nan	 nan	 1.0861e+00	 9.9943e-01	 1.0855e+00	 9.9933e-01
nan	 nan	 1.0853e+00	 9.9949e-01	 1.0847e+00	 9.9919e-01
nan	 nan	 1.0845e+00	 9.9952e-01	 1.0839e+00	 9.9978e-01
nan	 nan	 1.0837e+00	 9.9950e-01	 1.0831e+00	 9.9911e-01
nan	 nan	 1.0828e+00	 9.9945e-01	 1.0823e+00	 1.0006e+00
nan	 nan	 1.0820e+00	 9.9938e-01	 1.0814e+00	 9.9919e-01
nan	 nan	 1.0812e+00	 9.9935e-01	 1.0806e+00	 1.0003e+00
nan	 nan	 1.0804e+00	 9.9935e-01	 1.0798e+00	 9.9944e-01
nan	 nan	 1.0796e+00	 9.9938e-01	 1.0790e+00	 1.0003e+00
nan	 nan	 1.0787e+00	 9.9943e-01	 1.0782e+00	 9.9989e-01
nan	 nan	 1.0779e+00	 9.9947e-01	 1.0773e+00	 9.9952e-01
nan	 nan	 1.0771e+00	 9.9952e-01	 1.0765e+00	 1.0006e+00
nan	 nan	 1.0763e+00	 9.9955e-01	 1.0757e+00	 9.9922e-01
nan	 nan	 1.0755e+00	 9.9955e-01	 1.0749e+00	 1.0008e+00
nan	 nan	 1.0747e+00	 9.9954e-01	 1.0741e+00	 9.9981e-01
nan	 nan	 1.0738e+00	 9.9952e-01	 1.0733e+00	 1.0006e+00
nan	 nan	 1.0730e+00	 9.9952e-01	 1.0725e+00	 1.0000e+00
nan	 nan	 1.0722e+00	 9.9950e-01	 1.0716e+00	 9.9985e-01
nan	 nan	 1.0714e+00	 9.9950e-01	 1.0708e+00	 9.9944e-01
nan	 nan	 1.0706e+00	 9.9952e-01	 1.0700e+00	 9.9889e-01
nan	 nan	 1.0698e+00	 9.9950e-01	 1.0692e+00	 1.0000e+00
nan	 nan	 1.0690e+00	 9.9947e-01	 1.0684e+00	 9.9897e-01
nan	 nan	 1.0682e+00	 9.9942e-01	 1.0676e+00	 1.0003e+00
nan	 nan	 1.0673e+00	 9.9942e-01	 1.0668e+00	 9.9871e-01
nan	 nan	 1.0665e+00	 9.9947e-01	 1.0660e+00	 9.9937e-01
nan	 nan	 1.0657e+00	 9.9955e-01	 1.0651e+00	 9.9937e-01
nan	 nan	 1.0649e+00	 9.9960e-01	 1.0643e+00	 1.0001e+00
nan	 nan	 1.0641e+00	 9.9964e-01	 1.0635e+00	 9.9996e-01
nan	 nan	 1.0633e+00	 9.9964e-01	 1.0627e+00	 9.9860e-01
nan	 nan	 1.0625e+00	 9.9959e-01	 1.0619e+00	 1.0002e+00
nan	 nan	 1.0617e+00	 9.9950e-01	 1.0611e+00	 9.9944e-01
nan	 nan	 1.0609e+00	 9.9942e-01	 1.0603e+00	 1.0004e+00
nan	 nan	 1.0601e+00	 9.9938e-01	 1.0595e+00	 9.9874e-01
nan	 nan	 1.0593e+00	 9.9938e-01	 1.0587e+00	 1.0002e+00
nan	 nan	 1.0585e+00	 9.9945e-01	 1.0579e+00	 1.0001e+00
nan	 nan	 1.0577e+00	 9.9952e-01	 1.0571e+00	 9.9930e-01
nan	 nan	 1.0569e+00	 9.9957e-01	 1.0563e+00	 9.9952e-01
nan	 nan	 1.0560e+00	 9.9959e-01	 1.0555e+00	 9.9867e-01
nan	 nan	 1.0552e+00	 9.9955e-01	 1.0547e+00	 1.0003e+00
nan	 nan	 1.0544e+00	 9.9949e-01	 1.0539e+00	 9.9889e-01
nan	 nan	 1.0536e+00	 9.9942e-01	 1.0531e+00	 1.0000e+00
nan	 nan	 1.0528e+00	 9.9940e-01	 1.0523e+00	 9.9926e-01
nan	 nan	 1.0520e+00	 9.9942e-01	 1.0515e+00	 9.9989e-01
nan	 nan	 1.0512e+00	 9.9949e-01	 1.0507e+00	 1.0001e+00
nan	 nan	 1.0504e+00	 9.9955e-01	 1.0499e+00	 9.9926e-01
nan	 nan	 1.0496e+00	 9.9960e-01	 1.0491e+00	 1.0000e+00
nan	 nan	 1.0488e+00	 9.9962e-01	 1.0483e+00	 9.9933e-01
nan	 nan	 1.0480e+00	 9.9962e-01	 1.0475e+00	 1.0004e+00
nan	 nan	 1.0472e+00	 9.9962e-01	 1.0467e+00	 9.9889e-01
nan	 nan	 1.0465e+00	 9.9959e-01	 1.0459e+00	 9.9992e-01
nan	 nan	 1.0457e+00	 9.9955e-01	 1.0451e+00	 9.9937e-01
nan	 nan	 1.0449e+00	 9.9952e-01	 1.0443e+00	 9.9985e-01
nan	 nan	 1.0441e+00	 9.9952e-01	 1.0435e+00	 1.0002e+00
nan	 nan	 1.0433e+00	 9.9954e-01	 1.0427e+00	 9.9922e-01
nan	 nan	 1.0425e+00	 9.9955e-01	 1.0419e+00	 9.9996e-01
nan	 nan	 1.0417e+00	 9.9957e-01	 1.0411e+00	 9.9882e-01
nan	 nan	 1.0409e+00	 9.9955e-01	 1.0403e+00	 1.0001e+00
nan	 nan	 1.0401e+00	 9.9954e-01	 1.0395e+00	 9.9908e-01
nan	 nan	 1.0393e+00	 9.9952e-01	 1.0388e+00	 1.0004e+00
nan	 nan	 1.0385e+00	 9.9952e-01	 1.0380e+00	 9.9967e-01
nan	 nan	 1.0377e+00	 9.9952e-01	 1.0372e+00	 9.9944e-01
nan	 nan	 1.0370e+00	 9.9952e-01	 1.0364e+00	 9.9978e-01
nan	 nan	 1.0362e+00	 9.9952e-01	 1.0356e+00	 9.9948e-01
nan	 nan	 1.0354e+00	 9.9952e-01	 1.0348e+00	 1.0011e+00
nan	 nan	 1.0346e+00	 9.9954e-01	 1.0340e+00	 9.9963e-01
nan	 nan	 1.0338e+00	 9.9952e-01	 1.0332e+00	 1.0007e+00
nan	 nan	 1.0330e+00	 9.9949e-01	 1.0325e+00	 9.9919e-01
nan	 nan	 1.0322e+00	 9.9947e-01	 1.0317e+00	 9.9963e-01
nan	 nan	 1.0315e+00	 9.9947e-01	 1.0309e+00	 9.9952e-01
nan	 nan	 1.0307e+00	 9.9949e-01	 1.0301e+00	 9.9919e-01
nan	 nan	 1.0299e+00	 9.9947e-01	 1.0293e+00	 1.0001e+00
nan	 nan	 1.0291e+00	 9.9943e-01	 1.0286e+00	 9.9937e-01
nan	 nan	 1.0283e+00	 9.9938e-01	 1.0278e+00	 1.0000e+00
nan	 nan	 1.0275e+00	 9.9937e-01	 1.0270e+00	 9.9900e-01
nan	 nan	 1.0268e+00	 9.9935e-01	 1.0262e+00	 1.0002e+00
nan	 nan	 1.0260e+00	 9.9935e-01	 1.0254e+00	 9.9893e-01
nan	 nan	 1.0252e+00	 9.9938e-01	 1.0246e+00	 9.9944e-01
nan	 nan	 1.0244e+00	 9.9942e-01	 1.0239e+00	 9.9985e-01
nan	 nan	 1.0236e+00	 9.9940e-01	 1.0231e+00	 9.9974e-01
nan	 nan	 1.0229e+00	 9.9940e-01	 1.0223e+00	 1.0008e+00
nan	 nan	 1.0221e+00	 9.9943e-01	 1.0215e+00	 9.9900e-01
nan	 nan	 1.0213e+00	 9.9950e-01	 1.0208e+00	 9.9967e-01
nan	 nan	 1.0205e+00	 9.9954e-01	 1.0200e+00	 9.9893e-01
nan	 nan	 1.0198e+00	 9.9950e-01	 1.0192e+00	 1.0004e+00
nan	 nan	 1.0190e+00	 9.9943e-01	 1.0184e+00	 9.9981e-01
nan	 nan	 1.0182e+00	 9.9937e-01	 1.0177e+00	 9.9967e-01
nan	 nan	 1.0174e+00	 9.9935e-01	 1.0169e+00	 9.9981e-01
nan	 nan	 1.0167e+00	 9.9937e-01	 1.0161e+00	 9.9952e-01
nan	 nan	 1.0159e+00	 9.9942e-01	 1.0153e+00	 1.0004e+00
nan	 nan	 1.0151e+00	 9.9945e-01	 1.0146e+00	 9.9919e-01
nan	 nan	 1.0144e+00	 9.9945e-01	 1.0138e+00	 1.0004e+00
nan	 nan	 1.0136e+00	 9.9943e-01	 1.0130e+00	 9.9930e-01
nan	 nan	 1.0128e+00	 9.9943e-01	 1.0123e+00	 9.9955e-01
nan	 nan	 1.0121e+00	 9.9942e-01	 1.0115e+00	 9.9948e-01
nan	 nan	 1.0113e+00	 9.9945e-01	 1.0107e+00	 9.9996e-01
nan	 nan	 1.0105e+00	 9.9952e-01	 1.0100e+00	 1.0003e+00
nan	 nan	 1.0098e+00	 9.9960e-01	 1.0092e+00	 9.9922e-01
nan	 nan	 1.0090e+00	 9.9967e-01	 1.0084e+00	 1.0003e+00
nan	 nan	 1.0082e+00	 9.9969e-01	 1.0077e+00	 9.9889e-01
nan	 nan	 1.0074e+00	 9.9967e-01	 1.0069e+00	 1.0003e+00
nan	 nan	 1.0067e+00	 9.9964e-01	 1.0061e+00	 9.9948e-01
nan	 nan	 1.0059e+00	 9.9959e-01	 1.0054e+00	 9.9970e-01
nan	 nan	 1.0051e+00	 9.9954e-01	 1.0046e+00	 9.9948e-01
nan	 nan	 1.0044e+00	 9.9950e-01	 1.0038e+00	 9.9981e-01
nan	 nan	 1.0036e+00	 9.9942e-01	 1.0031e+00	 1.0002e+00
nan	 nan	 1.0029e+00	 9.9935e-01	 1.0023e+00	 9.9885e-01
nan	 nan	 1.0021e+00	 9.9933e-01	 1.0015e+00	 1.0004e+00
nan	 nan	 1.0013e+00	 9.9937e-01	 1.0008e+00	 9.9904e-01
nan	 nan	 1.0006e+00	 9.9942e-01	 1.0000e+00	 9.9985e-01
nan	 nan	 9.9981e-01	 9.9947e-01	 9.9926e-01	 9.9944e-01
nan	 nan	 9.9904e-01	 9.9949e-01	 9.9850e-01	 9.9989e-01
nan	 nan	 9.9829e-01	 9.9947e-01	 9.9775e-01	 9.9948e-01
nan	 nan	 9.9753e-01	 9.9943e-01	 9.9699e-01	 9.9952e-01
nan	 nan	 9.9677e-01	 9.9940e-01	 9.9622e-01	 1.0005e+00
nan	 nan	 9.9601e-01	 9.9938e-01	 9.9547e-01	 9.9874e-01
nan	 nan	 9.9525e-01	 9.9943e-01	 9.9471e-01	 1.0002e+00
nan	 nan	 9.9449e-01	 9.9950e-01	 9.9395e-01	 9.9937e-01
nan	 nan	 9.9374e-01	 9.9955e-01	 9.9320e-01	 1.0003e+00
nan	 nan	 9.9298e-01	 9.9957e-01	 9.9244e-01	 9.9981e-01
nan	 nan	 9.9222e-01	 9.9957e-01	 9.9168e-01	 9.9974e-01
nan	 nan	 9.9146e-01	 9.9955e-01	 9.9092e-01	 9.9974e-01
nan	 nan	 9.9070e-01	 9.9957e-01	 9.9016e-01	 9.9941e-01
nan	 nan	 9.8995e-01	 9.9959e-01	 9.8941e-01	 1.0011e+00
nan	 nan	 9.8920e-01	 9.9959e-01	 9.8866e-01	 9.9926e-01
nan	 nan	 9.8844e-01	 9.9954e-01	 9.8790e-01	 1.0003e+00
nan	 nan	 9.8769e-01	 9.9950e-01	 9.8715e-01	 9.9955e-01
nan	 nan	 9.8694e-01	 9.9947e-01	 9.8640e-01	 1.0005e+00
nan	 nan	 9.8618e-01	 9.9945e-01	 9.8565e-01	 9.9955e-01
nan	 nan	 9.8543e-01	 9.9942e-01	 9.8489e-01	 9.9930e-01
nan	 nan	 9.8468e-01	 9.9942e-01	 9.8414e-01	 1.0000e+00
nan	 nan	 9.8393e-01	 9.9940e-01	 9.8339e-01	 9.9933e-01
nan	 nan	 9.8318e-01	 9.9940e-01	 9.8264e-01	 1.0009e+00
nan	 nan	 9.8242e-01	 9.9945e-01	 9.8189e-01	 9.9978e-01
nan	 nan	 9.8167e-01	 9.9950e-01	 9.8114e-01	 1.0005e+00
nan	 nan	 9.8093e-01	 9.9952e-01	 9.8039e-01	 9.9933e-01
nan	 nan	 9.8018e-01	 9.9949e-01	 9.7965e-01	 9.9922e-01
nan	 nan	 9.7943e-01	 9.9947e-01	 9.7890e-01	 9.9933e-01
nan	 nan	 9.7869e-01	 9.9949e-01	 9.7815e-01	 9.9930e-01
nan	 nan	 9.7794e-01	 9.9950e-01	 9.7741e-01	 1.0003e+00
nan	 nan	 9.7720e-01	 9.9954e-01	 9.7667e-01	 9.9922e-01
nan	 nan	 9.7645e-01	 9.9955e-01	 9.7592e-01	 1.0001e+00
nan	 nan	 9.7571e-01	 9.9955e-01	 9.7518e-01	 9.9908e-01
nan	 nan	 9.7497e-01	 9.9952e-01	 9.7444e-01	 1.0004e+00
nan	 nan	 9.7423e-01	 9.9947e-01	 9.7370e-01	 9.9981e-01
nan	 nan	 9.7349e-01	 9.9945e-01	 9.7296e-01	 9.9970e-01
nan	 nan	 9.7275e-01	 9.9949e-01	 9.7222e-01	 9.9952e-01
nan	 nan	 9.7201e-01	 9.9952e-01	 9.7148e-01	 9.9933e-01
nan	 nan	 9.7127e-01	 9.9954e-01	 9.7074e-01	 1.0007e+00
nan	 nan	 9.7053e-01	 9.9950e-01	 9.7000e-01	 9.9978e-01
nan	 nan	 9.6979e-01	 9.9943e-01	 9.6926e-01	 1.0005e+00
nan	 nan	 9.6905e-01	 9.9938e-01	 9.6852e-01	 9.9911e-01
nan	 nan	 9.6831e-01	 9.9937e-01	 9.6778e-01	 1.0000e+00
nan	 nan	 9.6757e-01	 9.9938e-01	 9.6705e-01	 9.9926e-01
nan	 nan	 9.6684e-01	 9.9942e-01	 9.6631e-01	 9.9970e-01
nan	 nan	 9.6610e-01	 9.9949e-01	 9.6558e-01	 1.0006e+00
nan	 nan	 9.6537e-01	 9.9955e-01	 9.6484e-01	 9.9970e-01
nan	 nan	 9.6464e-01	 9.9954e-01	 9.6411e-01	 1.0004e+00
nan	 nan	 9.6390e-01	 9.9949e-01	 9.6338e-01	 9.9926e-01
nan	 nan	 9.6317e-01	 9.9942e-01	 9.6264e-01	 1.0008e+00
nan	 nan	 9.6244e-01	 9.9937e-01	 9.6191e-01	 9.9948e-01
nan	 nan	 9.6170e-01	 9.9938e-01	 9.6118e-01	 1.0000e+00
nan	 nan	 9.6097e-01	 9.9943e-01	 9.6045e-01	 9.9967e-01
nan	 nan	 9.6024e-01	 9.9952e-01	 9.5972e-01	 9.9978e-01
nan	 nan	 9.5951e-01	 9.9957e-01	 9.5899e-01	 1.0008e+00
nan	 nan	 9.5878e-01	 9.9960e-01	 9.5826e-01	 9.9959e-01
nan	 nan	 9.5805e-01	 9.9960e-01	 9.5753e-01	 1.0004e+00
nan	 nan	 9.5732e-01	 9.9955e-01	 9.5680e-01	 9.9908e-01
nan	 nan	 9.5659e-01	 9.9949e-01	 9.5607e-01	 1.0007e+00
nan	 nan	 9.5586e-01	 9.9942e-01	 9.5534e-01	 9.9967e-01
nan	 nan	 9.5513e-01	 9.9935e-01	 9.5461e-01	 1.0003e+00
nan	 nan	 9.5440e-01	 9.9932e-01	 9.5388e-01	 9.9985e-01
nan	 nan	 9.5368e-01	 9.9933e-01	 9.5316e-01	 9.9959e-01
nan	 nan	 9.5295e-01	 9.9937e-01	 9.5243e-01	 1.0010e+00
nan	 nan	 9.5222e-01	 9.9943e-01	 9.5171e-01	 9.9970e-01
nan	 nan	 9.5150e-01	 9.9950e-01	 9.5098e-01	 1.0005e+00
nan	 nan	 9.5077e-01	 9.9955e-01	 9.5026e-01	 9.9919e-01
nan	 nan	 9.5005e-01	 9.9957e-01	 9.4953e-01	 1.0002e+00
nan	 nan	 9.4932e-01	 9.9955e-01	 9.4881e-01	 9.9933e-01
nan	 nan	 9.4860e-01	 9.9949e-01	 9.4808e-01	 9.9941e-01
nan	 nan	 9.4788e-01	 9.9943e-01	 9.4736e-01	 9.9967e-01
nan	 nan	 9.4715e-01	 9.9945e-01	 9.4664e-01	 9.9970e-01
nan	 nan	 9.4643e-01	 9.9950e-01	 9.4591e-01	 1.0009e+00
nan	 nan	 9.4571e-01	 9.9959e-01	 9.4520e-01	 9.9970e-01
nan	 nan	 9.4499e-01	 9.9964e-01	 9.4448e-01	 1.0009e+00
nan	 nan	 9.4427e-01	 9.9967e-01	 9.4376e-01	 9.9959e-01
nan	 nan	 9.4355e-01	 9.9964e-01	 9.4304e-01	 1.0004e+00
nan	 nan	 9.4284e-01	 9.9957e-01	 9.4232e-01	 1.0004e+00
nan	 nan	 9.4212e-01	 9.9947e-01	 9.4161e-01	 1.0001e+00
nan	 nan	 9.4140e-01	 9.9938e-01	 9.4089e-01	 1.0001e+00
nan	 nan	 9.4069e-01	 9.9937e-01	 9.4018e-01	 9.9904e-01
nan	 nan	 9.3997e-01	 9.9938e-01	 9.3946e-01	 1.0007e+00
nan	 nan	 9.3926e-01	 9.9945e-01	 9.3875e-01	 9.9963e-01
nan	 nan	 9.3854e-01	 9.9952e-01	 9.3803e-01	 1.0003e+00
nan	 nan	 9.3783e-01	 9.9955e-01	 9.3732e-01	 9.9919e-01
nan	 nan	 9.3711e-01	 9.9957e-01	 9.3660e-01	 1.0003e+00
nan	 nan	 9.3640e-01	 9.9955e-01	 9.3589e-01	 1.0003e+00
nan	 nan	 9.3568e-01	 9.9950e-01	 9.3518e-01	 1.0000e+00
nan	 nan	 9.3497e-01	 9.9947e-01	 9.3446e-01	 1.0003e+00
nan	 nan	 9.3426e-01	 9.9949e-01	 9.3376e-01	 9.9948e-01
nan	 nan	 9.3355e-01	 9.9950e-01	 9.3305e-01	 1.0010e+00
nan	 nan	 9.3284e-01	 9.9950e-01	 9.3233e-01	 9.9944e-01
nan	 nan	 9.3213e-01	 9.9947e-01	 9.3162e-01	 1.0003e+00
nan	 nan	 9.3142e-01	 9.9943e-01	 9.3091e-01	 9.9963e-01
nan	 nan	 9.3071e-01	 9.9942e-01	 9.3020e-01	 1.0002e+00
nan	 nan	 9.3000e-01	 9.9942e-01	 9.2949e-01	 1.0001e+00
nan	 nan	 9.2929e-01	 9.9943e-01	 9.2878e-01	 9.9967e-01
nan	 nan	 9.2858e-01	 9.9947e-01	 9.2807e-01	 1.0006e+00
nan	 nan	 9.2787e-01	 9.9949e-01	 9.2737e-01	 9.9963e-01
nan	 nan	 9.2717e-01	 9.9949e-01	 9.2666e-01	 1.0011e+00
nan	 nan	 9.2646e-01	 9.9947e-01	 9.2595e-01	 9.9989e-01
nan	 nan	 9.2575e-01	 9.9945e-01	 9.2525e-01	 1.0007e+00
nan	 nan	 9.2505e-01	 9.9942e-01	 9.2455e-01	 1.0003e+00
nan	 nan	 9.2435e-01	 9.9940e-01	 9.2384e-01	 1.0006e+00
nan	 nan	 9.2364e-01	 9.9943e-01	 9.2314e-01	 1.0003e+00
nan	 nan	 9.2293e-01	 9.9949e-01	 9.2243e-01	 9.9937e-01
nan	 nan	 9.2223e-01	 9.9954e-01	 9.2173e-01	 1.0004e+00
nan	 nan	 9.2153e-01	 9.9955e-01	 9.2103e-01	 9.9893e-01
nan	 nan	 9.2083e-01	 9.9957e-01	 9.2032e-01	 1.0005e+00
nan	 nan	 9.2012e-01	 9.9955e-01	 9.1962e-01	 9.9959e-01
nan	 nan	 9.1942e-01	 9.9952e-01	 9.1892e-01	 1.0010e+00
nan	 nan	 9.1872e-01	 9.9949e-01	 9.1822e-01	 1.0006e+00
nan	 nan	 9.1801e-01	 9.9947e-01	 9.1751e-01	 9.9981e-01
nan	 nan	 9.1731e-01	 9.9945e-01	 9.1681e-01	 1.0003e+00
nan	 nan	 9.1661e-01	 9.9942e-01	 9.1611e-01	 9.9908e-01
nan	 nan	 9.1591e-01	 9.9938e-01	 9.1541e-01	 1.0002e+00
nan	 nan	 9.1521e-01	 9.9935e-01	 9.1471e-01	 9.9930e-01
nan	 nan	 9.1451e-01	 9.9935e-01	 9.1401e-01	 1.0005e+00
nan	 nan	 9.1381e-01	 9.9937e-01	 9.1331e-01	 9.9959e-01
nan	 nan	 9.1311e-01	 9.9940e-01	 9.1261e-01	 1.0004e+00
nan	 nan	 9.1241e-01	 9.9945e-01	 9.1192e-01	 9.9978e-01
nan	 nan	 9.1172e-01	 9.9950e-01	 9.1122e-01	 9.9989e-01
nan	 nan	 9.1102e-01	 9.9952e-01	 9.1053e-01	 1.0012e+00
nan	 nan	 9.1033e-01	 9.9950e-01	 9.0984e-01	 1.0002e+00
nan	 nan	 9.0964e-01	 9.9949e-01	 9.0914e-01	 1.0012e+00
nan	 nan	 9.0894e-01	 9.9950e-01	 9.0844e-01	 9.9904e-01
nan	 nan	 9.0824e-01	 9.9949e-01	 9.0775e-01	 9.9959e-01
nan	 nan	 9.0755e-01	 9.9945e-01	 9.0706e-01	 9.9955e-01
nan	 nan	 9.0686e-01	 9.9943e-01	 9.0636e-01	 1.0007e+00
nan	 nan	 9.0617e-01	 9.9942e-01	 9.0567e-01	 1.0005e+00
nan	 nan	 9.0547e-01	 9.9940e-01	 9.0498e-01	 9.9937e-01
nan	 nan	 9.0478e-01	 9.9940e-01	 9.0429e-01	 1.0001e+00
nan	 nan	 9.0409e-01	 9.9942e-01	 9.0360e-01	 9.9919e-01
nan	 nan	 9.0340e-01	 9.9942e-01	 9.0291e-01	 1.0007e+00
nan	 nan	 9.0271e-01	 9.9938e-01	 9.0222e-01	 9.9959e-01
nan	 nan	 9.0202e-01	 9.9937e-01	 9.0153e-01	 1.0004e+00
nan	 nan	 9.0133e-01	 9.9938e-01	 9.0084e-01	 9.9996e-01
nan	 nan	 9.0064e-01	 9.9940e-01	 9.0015e-01	 1.0004e+00
nan	 nan	 8.9995e-01	 9.9945e-01	 8.9946e-01	 1.0008e+00
nan	 nan	 8.9926e-01	 9.9950e-01	 8.9877e-01	 9.9937e-01
nan	 nan	 8.9857e-01	 9.9952e-01	 8.9808e-01	 1.0009e+00
nan	 nan	 8.9789e-01	 9.9952e-01	 8.9740e-01	 9.9989e-01
nan	 nan	 8.9720e-01	 9.9950e-01	 8.9670e-01	 1.0004e+00
nan	 nan	 8.9651e-01	 9.9950e-01	 8.9601e-01	 9.9915e-01
nan	 nan	 8.9581e-01	 9.9950e-01	 8.9532e-01	 1.0001e+00
nan	 nan	 8.9512e-01	 9.9950e-01	 8.9463e-01	 9.9944e-01
nan	 nan	 8.9443e-01	 9.9950e-01	 8.9394e-01	 9.9952e-01
nan	 nan	 8.9374e-01	 9.9954e-01	 8.9324e-01	 1.0003e+00
nan	 nan	 8.9305e-01	 9.9959e-01	 8.9255e-01	 9.9952e-01
nan	 nan	 8.9236e-01	 9.9960e-01	 8.9187e-01	 1.0010e+00
nan	 nan	 8.9167e-01	 9.9960e-01	 8.9119e-01	 9.9967e-01
nan	 nan	 8.9099e-01	 9.9959e-01	 8.9050e-01	 1.0002e+00
nan	 nan	 8.9031e-01	 9.9959e-01	 8.8982e-01	 9.9959e-01
nan	 nan	 8.8962e-01	 9.9959e-01	 8.8914e-01	 1.0007e+00
nan	 nan	 8.8894e-01	 9.9960e-01	 8.8845e-01	 1.0002e+00
nan	 nan	 8.8826e-01	 9.9962e-01	 8.8777e-01	 9.9952e-01
nan	 nan	 8.8758e-01	 9.9964e-01	 8.8709e-01	 1.0003e+00
nan	 nan	 8.8690e-01	 9.9960e-01	 8.8641e-01	 9.9959e-01
nan	 nan	 8.8622e-01	 9.9954e-01	 8.8573e-01	 1.0007e+00
nan	 nan	 8.8553e-01	 9.9945e-01	 8.8505e-01	 9.9915e-01
nan	 nan	 8.8485e-01	 9.9940e-01	 8.8437e-01	 1.0007e+00
nan	 nan	 8.8418e-01	 9.9942e-01	 8.8369e-01	 9.9985e-01
nan	 nan	 8.8350e-01	 9.9945e-01	 8.8301e-01	 9.9974e-01
nan	 nan	 8.8282e-01	 9.9949e-01	 8.8233e-01	 9.9981e-01
nan	 nan	 8.8214e-01	 9.9950e-01	 8.8165e-01	 9.9955e-01
nan	 nan	 8.8146e-01	 9.9950e-01	 8.8097e-01	 1.0006e+00
nan	 nan	 8.8078e-01	 9.9954e-01	 8.8029e-01	 9.9944e-01
nan	 nan	 8.8009e-01	 9.9957e-01	 8.7961e-01	 1.0008e+00
nan	 nan	 8.7942e-01	 9.9960e-01	 8.7894e-01	 9.9959e-01
nan	 nan	 8.7874e-01	 9.9962e-01	 8.7826e-01	 1.0003e+00
nan	 nan	 8.7807e-01	 9.9962e-01	 8.7758e-01	 9.9985e-01
nan	 nan	 8.7739e-01	 9.9964e-01	 8.7691e-01	 1.0000e+00
nan	 nan	 8.7672e-01	 9.9966e-01	 8.7624e-01	 1.0005e+00
nan	 nan	 8.7605e-01	 9.9969e-01	 8.7557e-01	 9.9989e-01
nan	 nan	 8.7537e-01	 9.9969e-01	 8.7489e-01	 1.0004e+00
nan	 nan	 8.7470e-01	 9.9967e-01	 8.7422e-01	 9.9974e-01
nan	 nan	 8.7403e-01	 9.9959e-01	 8.7354e-01	 1.0010e+00
nan	 nan	 8.7335e-01	 9.9952e-01	 8.7287e-01	 9.9974e-01
nan	 nan	 8.7268e-01	 9.9947e-01	 8.7220e-01	 1.0001e+00
nan	 nan	 8.7201e-01	 9.9947e-01	 8.7152e-01	 9.9996e-01
nan	 nan	 8.7133e-01	 9.9952e-01	 8.7085e-01	 1.0001e+00
nan	 nan	 8.7066e-01	 9.9960e-01	 8.7018e-01	 1.0007e+00
nan	 nan	 8.6999e-01	 9.9969e-01	 8.6951e-01	 1.0001e+00
nan	 nan	 8.6932e-01	 9.9974e-01	 8.6884e-01	 1.0004e+00
nan	 nan	 8.6865e-01	 9.9972e-01	 8.6818e-01	 9.9860e-01
nan	 nan	 8.6799e-01	 9.9966e-01	 8.6751e-01	 1.0003e+00
nan	 nan	 8.6732e-01	 9.9954e-01	 8.6684e-01	 1.0003e+00
nan	 nan	 8.6665e-01	 9.9945e-01	 8.6618e-01	 1.0007e+00
nan	 nan	 8.6599e-01	 9.9942e-01	 8.6552e-01	 1.0001e+00
nan	 nan	 8.6533e-01	 9.9945e-01	 8.6485e-01	 9.9970e-01
nan	 nan	 8.6466e-01	 9.9950e-01	 8.6418e-01	 1.0009e+00
nan	 nan	 8.6399e-01	 9.9959e-01	 8.6352e-01	 1.0004e+00
nan	 nan	 8.6333e-01	 9.9966e-01	 8.6285e-01	 1.0015e+00
nan	 nan	 8.6266e-01	 9.9971e-01	 8.6219e-01	 9.9944e-01
nan	 nan	 8.6200e-01	 9.9972e-01	 8.6152e-01	 1.0007e+00
nan	 nan	 8.6133e-01	 9.9972e-01	 8.6086e-01	 9.9992e-01
nan	 nan	 8.6067e-01	 9.9967e-01	 8.6019e-01	 9.9985e-01
nan	 nan	 8.6001e-01	 9.9960e-01	 8.5953e-01	 1.0003e+00
nan	 nan	 8.5934e-01	 9.9952e-01	 8.5887e-01	 1.0003e+00
nan	 nan	 8.5868e-01	 9.9945e-01	 8.5821e-01	 1.0010e+00
nan	 nan	 8.5802e-01	 9.9943e-01	 8.5755e-01	 9.9952e-01
nan	 nan	 8.5736e-01	 9.9947e-01	 8.5689e-01	 1.0006e+00
nan	 nan	 8.5670e-01	 9.9950e-01	 8.5623e-01	 9.9959e-01
nan	 nan	 8.5604e-01	 9.9949e-01	 8.5557e-01	 1.0004e+00
nan	 nan	 8.5538e-01	 9.9945e-01	 8.5491e-01	 9.9992e-01
nan	 nan	 8.5472e-01	 9.9940e-01	 8.5425e-01	 9.9996e-01
nan	 nan	 8.5407e-01	 9.9937e-01	 8.5360e-01	 1.0005e+00
nan	 nan	 8.5341e-01	 9.9938e-01	 8.5293e-01	 9.9974e-01
nan	 nan	 8.5274e-01	 9.9947e-01	 8.5227e-01	 1.0010e+00
nan	 nan	 8.5208e-01	 9.9957e-01	 8.5161e-01	 9.9922e-01
nan	 nan	 8.5142e-01	 9.9960e-01	 8.5095e-01	 1.0004e+00
nan	 nan	 8.5076e-01	 9.9957e-01	 8.5029e-01	 9.9985e-01
nan	 nan	 8.5010e-01	 9.9945e-01	 8.4963e-01	 1.0008e+00
nan	 nan	 8.4945e-01	 9.9937e-01	 8.4898e-01	 1.0005e+00
nan	 nan	 8.4879e-01	 9.9932e-01	 8.4832e-01	 1.0000e+00
nan	 nan	 8.4813e-01	 9.9933e-01	 8.4767e-01	 1.0004e+00
nan	 nan	 8.4748e-01	 9.9937e-01	 8.4701e-01	 9.9967e-01
nan	 nan	 8.4682e-01	 9.9943e-01	 8.4635e-01	 1.0011e+00
nan	 nan	 8.4617e-01	 9.9954e-01	 8.4570e-01	 9.9970e-01
nan	 nan	 8.4551e-01	 9.9959e-01	 8.4505e-01	 1.0006e+00
nan	 nan	 8.4486e-01	 9.9960e-01	 8.4439e-01	 9.9974e-01
nan	 nan	 8.4420e-01	 9.9959e-01	 8.4374e-01	 1.0003e+00
nan	 nan	 8.4355e-01	 9.9957e-01	 8.4308e-01	 1.0003e+00
nan	 nan	 8.4289e-01	 9.9955e-01	 8.4243e-01	 9.9981e-01
nan	 nan	 8.4224e-01	 9.9954e-01	 8.4178e-01	 1.0001e+00
nan	 nan	 8.4159e-01	 9.9954e-01	 8.4113e-01	 9.9904e-01
nan	 nan	 8.4094e-01	 9.9952e-01	 8.4047e-01	 1.0007e+00
nan	 nan	 8.4029e-01	 9.9952e-01	 8.3982e-01	 9.9941e-01
nan	 nan	 8.3964e-01	 9.9954e-01	 8.3917e-01	 1.0006e+00
nan	 nan	 8.3899e-01	 9.9957e-01	 8.3852e-01	 1.0003e+00
nan	 nan	 8.3834e-01	 9.9960e-01	 8.3788e-01	 1.0005e+00
nan	 nan	 8.3769e-01	 9.9964e-01	 8.3723e-01	 1.0002e+00
nan	 nan	 8.3704e-01	 9.9966e-01	 8.3658e-01	 9.9937e-01
nan	 nan	 8.3639e-01	 9.9966e-01	 8.3593e-01	 1.0006e+00
nan	 nan	 8.3575e-01	 9.9964e-01	 8.3529e-01	 9.9944e-01
nan	 nan	 8.3510e-01	 9.9966e-01	 8.3464e-01	 1.0005e+00
nan	 nan	 8.3445e-01	 9.9966e-01	 8.3399e-01	 9.9967e-01
nan	 nan	 8.3381e-01	 9.9962e-01	 8.3334e-01	 1.0007e+00
nan	 nan	 8.3316e-01	 9.9957e-01	 8.3270e-01	 1.0001e+00
nan	 nan	 8.3252e-01	 9.9957e-01	 8.3205e-01	 1.0003e+00
nan	 nan	 8.3187e-01	 9.9960e-01	 8.3141e-01	 1.0008e+00
nan	 nan	 8.3123e-01	 9.9966e-01	 8.3077e-01	 9.9933e-01
nan	 nan	 8.3058e-01	 9.9969e-01	 8.3012e-01	 1.0009e+00
nan	 nan	 8.2994e-01	 9.9967e-01	 8.2948e-01	 9.9996e-01
nan	 nan	 8.2930e-01	 9.9962e-01	 8.2884e-01	 1.0008e+00
nan	 nan	 8.2866e-01	 9.9957e-01	 8.2820e-01	 9.9955e-01
nan	 nan	 8.2802e-01	 9.9950e-01	 8.2756e-01	 1.0004e+00
nan	 nan	 8.2738e-01	 9.9949e-01	 8.2692e-01	 1.0002e+00
nan	 nan	 8.2673e-01	 9.9950e-01	 8.2628e-01	 1.0002e+00
nan	 nan	 8.2610e-01	 9.9954e-01	 8.2564e-01	 1.0011e+00
nan	 nan	 8.2546e-01	 9.9957e-01	 8.2500e-01	 1.0004e+00
nan	 nan	 8.2482e-01	 9.9960e-01	 8.2436e-01	 1.0007e+00
nan	 nan	 8.2418e-01	 9.9962e-01	 8.2373e-01	 9.9941e-01
nan	 nan	 8.2354e-01	 9.9960e-01	 8.2309e-01	 1.0007e+00
nan	 nan	 8.2290e-01	 9.9957e-01	 8.2245e-01	 9.9981e-01
nan	 nan	 8.2227e-01	 9.9952e-01	 8.2181e-01	 1.0004e+00
nan	 nan	 8.2163e-01	 9.9954e-01	 8.2118e-01	 1.0004e+00
nan	 nan	 8.2099e-01	 9.9960e-01	 8.2054e-01	 9.9952e-01
nan	 nan	 8.2036e-01	 9.9966e-01	 8.1990e-01	 1.0002e+00
nan	 nan	 8.1972e-01	 9.9967e-01	 8.1927e-01	 9.9967e-01
nan	 nan	 8.1908e-01	 9.9969e-01	 8.1863e-01	 1.0010e+00
nan	 nan	 8.1845e-01	 9.9966e-01	 8.1800e-01	 9.9930e-01
nan	 nan	 8.1781e-01	 9.9962e-01	 8.1736e-01	 1.0007e+00
nan	 nan	 8.1718e-01	 9.9957e-01	 8.1673e-01	 1.0006e+00
nan	 nan	 8.1655e-01	 9.9954e-01	 8.1610e-01	 1.0004e+00
nan	 nan	 8.1592e-01	 9.9952e-01	 8.1547e-01	 1.0003e+00
nan	 nan	 8.1529e-01	 9.9954e-01	 8.1484e-01	 9.9985e-01
nan	 nan	 8.1466e-01	 9.9955e-01	 8.1421e-01	 1.0007e+00
nan	 nan	 8.1403e-01	 9.9955e-01	 8.1358e-01	 9.9970e-01
nan	 nan	 8.1340e-01	 9.9950e-01	 8.1295e-01	 1.0012e+00
nan	 nan	 8.1277e-01	 9.9949e-01	 8.1232e-01	 9.9978e-01
nan	 nan	 8.1214e-01	 9.9950e-01	 8.1169e-01	 1.0008e+00
nan	 nan	 8.1151e-01	 9.9957e-01	 8.1106e-01	 1.0004e+00
nan	 nan	 8.1088e-01	 9.9964e-01	 8.1043e-01	 1.0002e+00
nan	 nan	 8.1025e-01	 9.9972e-01	 8.0980e-01	 1.0007e+00
nan	 nan	 8.0962e-01	 9.9977e-01	 8.0917e-01	 9.9963e-01
nan	 nan	 8.0899e-01	 9.9976e-01	 8.0854e-01	 1.0005e+00
nan	 nan	 8.0836e-01	 9.9966e-01	 8.0791e-01	 9.9911e-01
nan	 nan	 8.0773e-01	 9.9957e-01	 8.0729e-01	 1.0005e+00
nan	 nan	 8.0711e-01	 9.9954e-01	 8.0666e-01	 9.9952e-01
nan	 nan	 8.0648e-01	 9.9957e-01	 8.0604e-01	 1.0004e+00
nan	 nan	 8.0586e-01	 9.9959e-01	 8.0541e-01	 1.0008e+00
nan	 nan	 8.0524e-01	 9.9959e-01	 8.0479e-01	 1.0004e+00
nan	 nan	 8.0461e-01	 9.9959e-01	 8.0416e-01	 1.0011e+00
nan	 nan	 8.0398e-01	 9.9959e-01	 8.0354e-01	 9.9989e-01
nan	 nan	 8.0336e-01	 9.9959e-01	 8.0292e-01	 1.0008e+00
nan	 nan	 8.0274e-01	 9.9959e-01	 8.0229e-01	 9.9955e-01
nan	 nan	 8.0212e-01	 9.9959e-01	 8.0167e-01	 1.0011e+00
nan	 nan	 8.0149e-01	 9.9959e-01	 8.0105e-01	 1.0001e+00
nan	 nan	 8.0087e-01	 9.9957e-01	 8.0043e-01	 1.0003e+00
nan	 nan	 8.0025e-01	 9.9957e-01	 7.9981e-01	 9.9992e-01
nan	 nan	 7.9963e-01	 9.9955e-01	 7.9919e-01	 9.9933e-01
nan	 nan	 7.9901e-01	 9.9954e-01	 7.9856e-01	 1.0009e+00
nan	 nan	 7.9839e-01	 9.9952e-01	 7.9794e-01	 9.9944e-01
nan	 nan	 7.9777e-01	 9.9950e-01	 7.9732e-01	 1.0007e+00
nan	 nan	 7.9715e-01	 9.9949e-01	 7.9670e-01	 1.0001e+00
nan	 nan	 7.9653e-01	 9.9947e-01	 7.9609e-01	 1.0012e+00
nan	 nan	 7.9591e-01	 9.9952e-01	 7.9547e-01	 1.0005e+00
nan	 nan	 7.9529e-01	 9.9957e-01	 7.9485e-01	 1.0004e+00
nan	 nan	 7.9468e-01	 9.9959e-01	 7.9424e-01	 1.0010e+00
nan	 nan	 7.9407e-01	 9.9959e-01	 7.9363e-01	 1.0003e+00
nan	 nan	 7.9346e-01	 9.9955e-01	 7.9302e-01	 1.0008e+00
nan	 nan	 7.9285e-01	 9.9954e-01	 7.9241e-01	 9.9944e-01
nan	 nan	 7.9223e-01	 9.9954e-01	 7.9180e-01	 1.0010e+00
nan	 nan	 7.9162e-01	 9.9954e-01	 7.9119e-01	 1.0000e+00
nan	 nan	 7.9101e-01	 9.9950e-01	 7.9058e-01	 1.0005e+00
nan	 nan	 7.9040e-01	 9.9947e-01	 7.8997e-01	 9.9989e-01
nan	 nan	 7.8979e-01	 9.9943e-01	 7.8936e-01	 1.0003e+00
nan	 nan	 7.8919e-01	 9.9945e-01	 7.8875e-01	 1.0012e+00
nan	 nan	 7.8858e-01	 9.9947e-01	 7.8814e-01	 1.0001e+00
nan	 nan	 7.8797e-01	 9.9945e-01	 7.8753e-01	 1.0001e+00
nan	 nan	 7.8736e-01	 9.9945e-01	 7.8693e-01	 9.9897e-01
nan	 nan	 7.8675e-01	 9.9945e-01	 7.8632e-01	 1.0008e+00
nan	 nan	 7.8614e-01	 9.9950e-01	 7.8571e-01	 1.0000e+00
nan	 nan	 7.8553e-01	 9.9957e-01	 7.8510e-01	 1.0007e+00
nan	 nan	 7.8493e-01	 9.9964e-01	 7.8450e-01	 1.0006e+00
nan	 nan	 7.8433e-01	 9.9967e-01	 7.8390e-01	 1.0002e+00
nan	 nan	 7.8372e-01	 9.9967e-01	 7.8329e-01	 1.0010e+00
nan	 nan	 7.8312e-01	 9.9964e-01	 7.8268e-01	 9.9981e-01
nan	 nan	 7.8251e-01	 9.9959e-01	 7.8207e-01	 1.0014e+00
nan	 nan	 7.8190e-01	 9.9955e-01	 7.8147e-01	 1.0001e+00
nan	 nan	 7.8129e-01	 9.9952e-01	 7.8086e-01	 1.0011e+00
nan	 nan	 7.8069e-01	 9.9952e-01	 7.8026e-01	 1.0001e+00
nan	 nan	 7.8008e-01	 9.9954e-01	 7.7965e-01	 1.0003e+00
nan	 nan	 7.7948e-01	 9.9959e-01	 7.7905e-01	 1.0002e+00
nan	 nan	 7.7888e-01	 9.9964e-01	 7.7845e-01	 9.9959e-01
nan	 nan	 7.7828e-01	 9.9966e-01	 7.7785e-01	 1.0003e+00
nan	 nan	 7.7767e-01	 9.9966e-01	 7.7724e-01	 9.9904e-01
nan	 nan	 7.7707e-01	 9.9962e-01	 7.7664e-01	 1.0011e+00
nan	 nan	 7.7646e-01	 9.9959e-01	 7.7603e-01	 9.9981e-01
nan	 nan	 7.7586e-01	 9.9955e-01	 7.7543e-01	 1.0001e+00
nan	 nan	 7.7526e-01	 9.9954e-01	 7.7483e-01	 1.0003e+00
nan	 nan	 7.7465e-01	 9.9955e-01	 7.7423e-01	 1.0011e+00
nan	 nan	 7.7406e-01	 9.9960e-01	 7.7363e-01	 1.0013e+00
nan	 nan	 7.7346e-01	 9.9964e-01	 7.7303e-01	 1.0001e+00
nan	 nan	 7.7286e-01	 9.9962e-01	 7.7243e-01	 1.0010e+00
nan	 nan	 7.7226e-01	 9.9962e-01	 7.7183e-01	 9.9944e-01
nan	 nan	 7.7166e-01	 9.9960e-01	 7.7123e-01	 1.0004e+00
nan	 nan	 7.7107e-01	 9.9957e-01	 7.7064e-01	 9.9974e-01
nan	 nan	 7.7047e-01	 9.9952e-01	 7.7004e-01	 1.0009e+00
nan	 nan	 7.6987e-01	 9.9950e-01	 7.6944e-01	 1.0007e+00
nan	 nan	 7.6927e-01	 9.9950e-01	 7.6885e-01	 1.0006e+00
nan	 nan	 7.6868e-01	 9.9952e-01	 7.6825e-01	 1.0007e+00
nan	 nan	 7.6808e-01	 9.9955e-01	 7.6765e-01	 9.9974e-01
nan	 nan	 7.6748e-01	 9.9957e-01	 7.6706e-01	 1.0013e+00
nan	 nan	 7.6689e-01	 9.9959e-01	 7.6647e-01	 1.0003e+00
nan	 nan	 7.6630e-01	 9.9957e-01	 7.6587e-01	 1.0011e+00
nan	 nan	 7.6570e-01	 9.9954e-01	 7.6528e-01	 1.0000e+00
nan	 nan	 7.6511e-01	 9.9947e-01	 7.6468e-01	 1.0008e+00
nan	 nan	 7.6451e-01	 9.9945e-01	 7.6409e-01	 1.0003e+00
nan	 nan	 7.6392e-01	 9.9947e-01	 7.6350e-01	 9.9970e-01
nan	 nan	 7.6333e-01	 9.9954e-01	 7.6290e-01	 1.0008e+00
nan	 nan	 7.6273e-01	 9.9962e-01	 7.6231e-01	 9.9985e-01
nan	 nan	 7.6214e-01	 9.9967e-01	 7.6171e-01	 1.0008e+00
nan	 nan	 7.6154e-01	 9.9971e-01	 7.6112e-01	 9.9930e-01
nan	 nan	 7.6095e-01	 9.9969e-01	 7.6053e-01	 1.0006e+00
nan	 nan	 7.6036e-01	 9.9966e-01	 7.5993e-01	 1.0001e+00
nan	 nan	 7.5976e-01	 9.9964e-01	 7.5934e-01	 1.0003e+00
nan	 nan	 7.5918e-01	 9.9962e-01	 7.5876e-01	 1.0005e+00
nan	 nan	 7.5859e-01	 9.9959e-01	 7.5817e-01	 9.9974e-01
nan	 nan	 7.5801e-01	 9.9955e-01	 7.5759e-01	 1.0009e+00
nan	 nan	 7.5742e-01	 9.9952e-01	 7.5700e-01	 1.0002e+00
nan	 nan	 7.5683e-01	 9.9950e-01	 7.5641e-01	 1.0008e+00
nan	 nan	 7.5625e-01	 9.9950e-01	 7.5583e-01	 9.9967e-01
nan	 nan	 7.5566e-01	 9.9952e-01	 7.5525e-01	 1.0007e+00
nan	 nan	 7.5508e-01	 9.9955e-01	 7.5467e-01	 1.0005e+00
nan	 nan	 7.5450e-01	 9.9957e-01	 7.5409e-01	 1.0007e+00
nan	 nan	 7.5392e-01	 9.9957e-01	 7.5351e-01	 1.0010e+00
nan	 nan	 7.5334e-01	 9.9955e-01	 7.5293e-01	 1.0001e+00
nan	 nan	 7.5276e-01	 9.9950e-01	 7.5235e-01	 1.0008e+00
nan	 nan	 7.5218e-01	 9.9949e-01	 7.5177e-01	 9.9915e-01
nan	 nan	 7.5160e-01	 9.9950e-01	 7.5119e-01	 1.0007e+00
nan	 nan	 7.5102e-01	 9.9955e-01	 7.5061e-01	 9.9967e-01
nan	 nan	 7.5044e-01	 9.9960e-01	 7.5003e-01	 1.0005e+00
nan	 nan	 7.4986e-01	 9.9964e-01	 7.4945e-01	 1.0001e+00
nan	 nan	 7.4929e-01	 9.9967e-01	 7.4887e-01	 9.9967e-01
nan	 nan	 7.4871e-01	 9.9969e-01	 7.4830e-01	 1.0008e+00
nan	 nan	 7.4813e-01	 9.9971e-01	 7.4773e-01	 1.0002e+00
nan	 nan	 7.4756e-01	 9.9969e-01	 7.4715e-01	 1.0011e+00
nan	 nan	 7.4699e-01	 9.9967e-01	 7.4658e-01	 9.9970e-01
nan	 nan	 7.4642e-01	 9.9966e-01	 7.4601e-01	 1.0007e+00
nan	 nan	 7.4584e-01	 9.9969e-01	 7.4544e-01	 1.0001e+00
nan	 nan	 7.4527e-01	 9.9972e-01	 7.4486e-01	 1.0010e+00
nan	 nan	 7.4470e-01	 9.9974e-01	 7.4428e-01	 1.0003e+00
nan	 nan	 7.4412e-01	 9.9976e-01	 7.4371e-01	 9.9970e-01
nan	 nan	 7.4355e-01	 9.9977e-01	 7.4314e-01	 1.0008e+00
nan	 nan	 7.4298e-01	 9.9977e-01	 7.4257e-01	 1.0000e+00
nan	 nan	 7.4240e-01	 9.9976e-01	 7.4200e-01	 1.0011e+00
nan	 nan	 7.4183e-01	 9.9971e-01	 7.4143e-01	 9.9959e-01
nan	 nan	 7.4126e-01	 9.9962e-01	 7.4086e-01	 1.0008e+00
nan	 nan	 7.4069e-01	 9.9954e-01	 7.4029e-01	 1.0004e+00
nan	 nan	 7.4012e-01	 9.9947e-01	 7.3972e-01	 1.0007e+00
nan	 nan	 7.3955e-01	 9.9947e-01	 7.3914e-01	 1.0008e+00
nan	 nan	 7.3898e-01	 9.9949e-01	 7.3857e-01	 9.9992e-01
nan	 nan	 7.3841e-01	 9.9954e-01	 7.3800e-01	 1.0004e+00
nan	 nan	 7.3784e-01	 9.9959e-01	 7.3743e-01	 9.9944e-01
nan	 nan	 7.3727e-01	 9.9960e-01	 7.3686e-01	 1.0007e+00
nan	 nan	 7.3670e-01	 9.9962e-01	 7.3629e-01	 9.9974e-01
nan	 nan	 7.3613e-01	 9.9966e-01	 7.3572e-01	 1.0004e+00
nan	 nan	 7.3556e-01	 9.9971e-01	 7.3516e-01	 9.9922e-01
nan	 nan	 7.3499e-01	 9.9972e-01	 7.3459e-01	 9.9981e-01
nan	 nan	 7.3443e-01	 9.9966e-01	 7.3402e-01	 1.0010e+00
nan	 nan	 7.3386e-01	 9.9959e-01	 7.3345e-01	 1.0001e+00
nan	 nan	 7.3329e-01	 9.9955e-01	 7.3289e-01	 1.0008e+00
nan	 nan	 7.3272e-01	 9.9957e-01	 7.3232e-01	 9.9978e-01
nan	 nan	 7.3216e-01	 9.9959e-01	 7.3176e-01	 1.0013e+00
nan	 nan	 7.3159e-01	 9.9962e-01	 7.3119e-01	 9.9970e-01
nan	 nan	 7.3103e-01	 9.9966e-01	 7.3063e-01	 1.0001e+00
nan	 nan	 7.3046e-01	 9.9972e-01	 7.3006e-01	 1.0001e+00
nan	 nan	 7.2990e-01	 9.9976e-01	 7.2950e-01	 1.0003e+00
nan	 nan	 7.2934e-01	 9.9976e-01	 7.2894e-01	 1.0012e+00
nan	 nan	 7.2878e-01	 9.9976e-01	 7.2837e-01	 1.0001e+00
nan	 nan	 7.2821e-01	 9.9972e-01	 7.2781e-01	 1.0011e+00
nan	 nan	 7.2765e-01	 9.9967e-01	 7.2725e-01	 1.0000e+00
nan	 nan	 7.2709e-01	 9.9959e-01	 7.2669e-01	 1.0012e+00
nan	 nan	 7.2652e-01	 9.9954e-01	 7.2612e-01	 1.0002e+00
nan	 nan	 7.2596e-01	 9.9945e-01	 7.2556e-01	 1.0006e+00
nan	 nan	 7.2540e-01	 9.9942e-01	 7.2499e-01	 1.0007e+00
nan	 nan	 7.2484e-01	 9.9945e-01	 7.2443e-01	 9.9985e-01
nan	 nan	 7.2427e-01	 9.9954e-01	 7.2387e-01	 1.0008e+00
nan	 nan	 7.2371e-01	 9.9964e-01	 7.2330e-01	 9.9974e-01
nan	 nan	 7.2314e-01	 9.9971e-01	 7.2274e-01	 1.0009e+00
nan	 nan	 7.2258e-01	 9.9969e-01	 7.2218e-01	 9.9985e-01
nan	 nan	 7.2202e-01	 9.9964e-01	 7.2162e-01	 1.0010e+00
nan	 nan	 7.2145e-01	 9.9957e-01	 7.2106e-01	 1.0004e+00
nan	 nan	 7.2089e-01	 9.9952e-01	 7.2049e-01	 1.0003e+00
nan	 nan	 7.2033e-01	 9.9952e-01	 7.1993e-01	 1.0005e+00
nan	 nan	 7.1977e-01	 9.9957e-01	 7.1937e-01	 1.0002e+00
nan	 nan	 7.1921e-01	 9.9964e-01	 7.1881e-01	 1.0014e+00
nan	 nan	 7.1865e-01	 9.9969e-01	 7.1825e-01	 1.0000e+00
nan	 nan	 7.1808e-01	 9.9971e-01	 7.1768e-01	 1.0009e+00
nan	 nan	 7.1752e-01	 9.9972e-01	 7.1712e-01	 9.9978e-01
nan	 nan	 7.1696e-01	 9.9972e-01	 7.1656e-01	 1.0005e+00
nan	 nan	 7.1640e-01	 9.9972e-01	 7.1600e-01	 1.0000e+00
nan	 nan	 7.1584e-01	 9.9972e-01	 7.1544e-01	 1.0004e+00
nan	 nan	 7.1528e-01	 9.9967e-01	 7.1489e-01	 1.0010e+00
nan	 nan	 7.1473e-01	 9.9964e-01	 7.1433e-01	 1.0000e+00
nan	 nan	 7.1417e-01	 9.9957e-01	 7.1377e-01	 1.0010e+00
nan	 nan	 7.1362e-01	 9.9954e-01	 7.1322e-01	 9.9941e-01
nan	 nan	 7.1306e-01	 9.9947e-01	 7.1267e-01	 1.0010e+00
nan	 nan	 7.1251e-01	 9.9943e-01	 7.1212e-01	 1.0001e+00
nan	 nan	 7.1196e-01	 9.9942e-01	 7.1156e-01	 1.0007e+00
nan	 nan	 7.1140e-01	 9.9945e-01	 7.1100e-01	 1.0005e+00
nan	 nan	 7.1085e-01	 9.9949e-01	 7.1045e-01	 9.9996e-01
nan	 nan	 7.1029e-01	 9.9954e-01	 7.0990e-01	 1.0005e+00
nan	 nan	 7.0974e-01	 9.9959e-01	 7.0934e-01	 9.9955e-01
nan	 nan	 7.0918e-01	 9.9962e-01	 7.0878e-01	 1.0011e+00
nan	 nan	 7.0862e-01	 9.9964e-01	 7.0822e-01	 1.0001e+00
nan	 nan	 7.0807e-01	 9.9967e-01	 7.0767e-01	 1.0012e+00
nan	 nan	 7.0751e-01	 9.9969e-01	 7.0712e-01	 1.0001e+00
nan	 nan	 7.0696e-01	 9.9967e-01	 7.0656e-01	 1.0004e+00
nan	 nan	 7.0640e-01	 9.9964e-01	 7.0601e-01	 1.0006e+00
nan	 nan	 7.0585e-01	 9.9959e-01	 7.0546e-01	 1.0001e+00
nan	 nan	 7.0530e-01	 9.9954e-01	 7.0490e-01	 1.0010e+00
nan	 nan	 7.0474e-01	 9.9952e-01	 7.0435e-01	 9.9978e-01
nan	 nan	 7.0419e-01	 9.9950e-01	 7.0380e-01	 1.0010e+00
nan	 nan	 7.0364e-01	 9.9954e-01	 7.0325e-01	 1.0005e+00
nan	 nan	 7.0309e-01	 9.9957e-01	 7.0269e-01	 1.0012e+00
nan	 nan	 7.0254e-01	 9.9962e-01	 7.0215e-01	 1.0000e+00
nan	 nan	 7.0199e-01	 9.9964e-01	 7.0159e-01	 1.0003e+00
nan	 nan	 7.0144e-01	 9.9967e-01	 7.0104e-01	 1.0008e+00
nan	 nan	 7.0088e-01	 9.9971e-01	 7.0049e-01	 9.9985e-01
nan	 nan	 7.0033e-01	 9.9971e-01	 6.9994e-01	 1.0007e+00
nan	 nan	 6.9978e-01	 9.9969e-01	 6.9939e-01	 1.0001e+00
nan	 nan	 6.9923e-01	 9.9966e-01	 6.9884e-01	 1.0017e+00
nan	 nan	 6.9868e-01	 9.9962e-01	 6.9829e-01	 9.9985e-01
nan	 nan	 6.9813e-01	 9.9959e-01	 6.9774e-01	 1.0005e+00
nan	 nan	 6.9759e-01	 9.9960e-01	 6.9720e-01	 1.0005e+00
nan	 nan	 6.9704e-01	 9.9964e-01	 6.9665e-01	 1.0002e+00
nan	 nan	 6.9650e-01	 9.9967e-01	 6.9610e-01	 1.0007e+00
nan	 nan	 6.9595e-01	 9.9969e-01	 6.9556e-01	 1.0000e+00
nan	 nan	 6.9540e-01	 9.9964e-01	 6.9502e-01	 1.0011e+00
nan	 nan	 6.9486e-01	 9.9959e-01	 6.9447e-01	 9.9992e-01
nan	 nan	 6.9431e-01	 9.9954e-01	 6.9393e-01	 1.0014e+00
nan	 nan	 6.9377e-01	 9.9954e-01	 6.9338e-01	 9.9989e-01
nan	 nan	 6.9322e-01	 9.9955e-01	 6.9283e-01	 1.0004e+00
nan	 nan	 6.9268e-01	 9.9960e-01	 6.9229e-01	 1.0003e+00
nan	 nan	 6.9213e-01	 9.9964e-01	 6.9175e-01	 1.0003e+00
nan	 nan	 6.9159e-01	 9.9966e-01	 6.9120e-01	 1.0011e+00
nan	 nan	 6.9105e-01	 9.9967e-01	 6.9065e-01	 1.0002e+00
nan	 nan	 6.9050e-01	 9.9967e-01	 6.9011e-01	 1.0014e+00
nan	 nan	 6.8996e-01	 9.9967e-01	 6.8957e-01	 9.9963e-01
nan	 nan	 6.8942e-01	 9.9964e-01	 6.8903e-01	 1.0002e+00
nan	 nan	 6.8887e-01	 9.9960e-01	 6.8849e-01	 9.9974e-01
nan	 nan	 6.8833e-01	 9.9959e-01	 6.8794e-01	 1.0006e+00
nan	 nan	 6.8779e-01	 9.9959e-01	 6.8740e-01	 1.0010e+00
nan	 nan	 6.8724e-01	 9.9964e-01	 6.8685e-01	 1.0005e+00
nan	 nan	 6.8670e-01	 9.9967e-01	 6.8631e-01	 1.0008e+00
nan	 nan	 6.8615e-01	 9.9969e-01	 6.8577e-01	 9.9963e-01
nan	 nan	 6.8562e-01	 9.9971e-01	 6.8523e-01	 1.0014e+00
nan	 nan	 6.8508e-01	 9.9971e-01	 6.8470e-01	 1.0003e+00
nan	 nan	 6.8454e-01	 9.9969e-01	 6.8415e-01	 1.0008e+00
nan	 nan	 6.8400e-01	 9.9969e-01	 6.8362e-01	 1.0004e+00
nan	 nan	 6.8346e-01	 9.9972e-01	 6.8308e-01	 1.0008e+00
nan	 nan	 6.8293e-01	 9.9976e-01	 6.8254e-01	 1.0012e+00
nan	 nan	 6.8239e-01	 9.9981e-01	 6.8201e-01	 9.9978e-01
nan	 nan	 6.8185e-01	 9.9986e-01	 6.8147e-01	 1.0007e+00
nan	 nan	 6.8132e-01	 9.9984e-01	 6.8094e-01	 1.0001e+00
nan	 nan	 6.8079e-01	 9.9977e-01	 6.8041e-01	 1.0013e+00
nan	 nan	 6.8026e-01	 9.9969e-01	 6.7988e-01	 9.9955e-01
nan	 nan	 6.7973e-01	 9.9964e-01	 6.7934e-01	 1.0006e+00
nan	 nan	 6.7919e-01	 9.9960e-01	 6.7881e-01	 1.0006e+00
nan	 nan	 6.7866e-01	 9.9959e-01	 6.7828e-01	 1.0000e+00
nan	 nan	 6.7813e-01	 9.9960e-01	 6.7775e-01	 1.0002e+00
nan	 nan	 6.7760e-01	 9.9962e-01	 6.7722e-01	 9.9955e-01
nan	 nan	 6.7707e-01	 9.9967e-01	 6.7669e-01	 1.0007e+00
nan	 nan	 6.7654e-01	 9.9974e-01	 6.7616e-01	 9.9926e-01
nan	 nan	 6.7601e-01	 9.9979e-01	 6.7563e-01	 1.0009e+00
nan	 nan	 6.7548e-01	 9.9982e-01	 6.7510e-01	 1.0006e+00
nan	 nan	 6.7494e-01	 9.9982e-01	 6.7456e-01	 1.0010e+00
nan	 nan	 6.7441e-01	 9.9977e-01	 6.7403e-01	 1.0011e+00
nan	 nan	 6.7388e-01	 9.9969e-01	 6.7350e-01	 1.0006e+00
nan	 nan	 6.7335e-01	 9.9960e-01	 6.7297e-01	 1.0010e+00
nan	 nan	 6.7282e-01	 9.9952e-01	 6.7244e-01	 9.9970e-01
nan	 nan	 6.7229e-01	 9.9949e-01	 6.7191e-01	 1.0011e+00
nan	 nan	 6.7176e-01	 9.9950e-01	 6.7138e-01	 1.0004e+00
nan	 nan	 6.7123e-01	 9.9957e-01	 6.7086e-01	 1.0014e+00
nan	 nan	 6.7071e-01	 9.9964e-01	 6.7033e-01	 1.0005e+00
nan	 nan	 6.7018e-01	 9.9967e-01	 6.6980e-01	 1.0008e+00
nan	 nan	 6.6965e-01	 9.9969e-01	 6.6927e-01	 1.0010e+00
nan	 nan	 6.6912e-01	 9.9969e-01	 6.6875e-01	 1.0000e+00
nan	 nan	 6.6860e-01	 9.9966e-01	 6.6822e-01	 1.0008e+00
nan	 nan	 6.6807e-01	 9.9967e-01	 6.6770e-01	 9.9974e-01
nan	 nan	 6.6755e-01	 9.9969e-01	 6.6718e-01	 1.0013e+00
nan	 nan	 6.6703e-01	 9.9972e-01	 6.6665e-01	 1.0006e+00
nan	 nan	 6.6651e-01	 9.9971e-01	 6.6613e-01	 1.0008e+00
nan	 nan	 6.6598e-01	 9.9966e-01	 6.6561e-01	 1.0000e+00
nan	 nan	 6.6546e-01	 9.9959e-01	 6.6509e-01	 1.0005e+00
nan	 nan	 6.6494e-01	 9.9954e-01	 6.6457e-01	 1.0008e+00
nan	 nan	 6.6442e-01	 9.9955e-01	 6.6405e-01	 9.9978e-01
nan	 nan	 6.6391e-01	 9.9962e-01	 6.6353e-01	 1.0008e+00
nan	 nan	 6.6339e-01	 9.9966e-01	 6.6301e-01	 1.0003e+00
nan	 nan	 6.6287e-01	 9.9967e-01	 6.6249e-01	 1.0014e+00
nan	 nan	 6.6235e-01	 9.9967e-01	 6.6197e-01	 1.0000e+00
nan	 nan	 6.6182e-01	 9.9964e-01	 6.6145e-01	 1.0007e+00
nan	 nan	 6.6131e-01	 9.9960e-01	 6.6094e-01	 1.0004e+00
nan	 nan	 6.6079e-01	 9.9954e-01	 6.6042e-01	 1.0007e+00
nan	 nan	 6.6027e-01	 9.9950e-01	 6.5990e-01	 1.0011e+00
nan	 nan	 6.5975e-01	 9.9952e-01	 6.5938e-01	 1.0000e+00
nan	 nan	 6.5924e-01	 9.9955e-01	 6.5886e-01	 1.0014e+00
nan	 nan	 6.5872e-01	 9.9964e-01	 6.5835e-01	 1.0001e+00
nan	 nan	 6.5820e-01	 9.9967e-01	 6.5783e-01	 1.0011e+00
nan	 nan	 6.5769e-01	 9.9967e-01	 6.5732e-01	 1.0002e+00
nan	 nan	 6.5717e-01	 9.9967e-01	 6.5680e-01	 1.0007e+00
nan	 nan	 6.5665e-01	 9.9967e-01	 6.5628e-01	 1.0004e+00
nan	 nan	 6.5614e-01	 9.9966e-01	 6.5577e-01	 1.0003e+00
nan	 nan	 6.5562e-01	 9.9964e-01	 6.5525e-01	 1.0008e+00
nan	 nan	 6.5511e-01	 9.9966e-01	 6.5474e-01	 9.9952e-01
nan	 nan	 6.5460e-01	 9.9966e-01	 6.5423e-01	 1.0011e+00
nan	 nan	 6.5408e-01	 9.9964e-01	 6.5372e-01	 1.0001e+00
nan	 nan	 6.5357e-01	 9.9962e-01	 6.5321e-01	 1.0012e+00
nan	 nan	 6.5306e-01	 9.9960e-01	 6.5269e-01	 1.0008e+00
nan	 nan	 6.5254e-01	 9.9957e-01	 6.5218e-01	 1.0007e+00
nan	 nan	 6.5203e-01	 9.9957e-01	 6.5166e-01	 1.0004e+00
nan	 nan	 6.5152e-01	 9.9959e-01	 6.5115e-01	 9.9974e-01
nan	 nan	 6.5100e-01	 9.9964e-01	 6.5063e-01	 1.0010e+00
nan	 nan	 6.5049e-01	 9.9969e-01	 6.5012e-01	 9.9978e-01
nan	 nan	 6.4998e-01	 9.9971e-01	 6.4961e-01	 1.0010e+00
nan	 nan	 6.4947e-01	 9.9969e-01	 6.4910e-01	 1.0003e+00
nan	 nan	 6.4896e-01	 9.9966e-01	 6.4859e-01	 1.0012e+00
nan	 nan	 6.4845e-01	 9.9966e-01	 6.4808e-01	 1.0005e+00
nan	 nan	 6.4793e-01	 9.9967e-01	 6.4757e-01	 1.0001e+00
nan	 nan	 6.4742e-01	 9.9972e-01	 6.4705e-01	 1.0012e+00
nan	 nan	 6.4691e-01	 9.9976e-01	 6.4654e-01	 1.0004e+00
nan	 nan	 6.4640e-01	 9.9977e-01	 6.4603e-01	 1.0011e+00
nan	 nan	 6.4589e-01	 9.9977e-01	 6.4552e-01	 1.0000e+00
nan	 nan	 6.4538e-01	 9.9974e-01	 6.4502e-01	 1.0007e+00
nan	 nan	 6.4487e-01	 9.9971e-01	 6.4451e-01	 9.9996e-01
nan	 nan	 6.4436e-01	 9.9967e-01	 6.4400e-01	 1.0011e+00
nan	 nan	 6.4386e-01	 9.9964e-01	 6.4350e-01	 1.0005e+00
nan	 nan	 6.4335e-01	 9.9962e-01	 6.4299e-01	 9.9974e-01
nan	 nan	 6.4285e-01	 9.9962e-01	 6.4248e-01	 1.0007e+00
nan	 nan	 6.4234e-01	 9.9960e-01	 6.4198e-01	 1.0003e+00
nan	 nan	 6.4183e-01	 9.9954e-01	 6.4147e-01	 1.0012e+00
nan	 nan	 6.4133e-01	 9.9952e-01	 6.4097e-01	 9.9981e-01
nan	 nan	 6.4082e-01	 9.9955e-01	 6.4046e-01	 1.0013e+00
nan	 nan	 6.4032e-01	 9.9966e-01	 6.3996e-01	 1.0002e+00
nan	 nan	 6.3982e-01	 9.9974e-01	 6.3945e-01	 1.0007e+00
nan	 nan	 6.3931e-01	 9.9979e-01	 6.3895e-01	 1.0008e+00
nan	 nan	 6.3881e-01	 9.9982e-01	 6.3845e-01	 1.0005e+00
nan	 nan	 6.3830e-01	 9.9982e-01	 6.3794e-01	 1.0013e+00
nan	 nan	 6.3780e-01	 9.9979e-01	 6.3744e-01	 9.9978e-01
nan	 nan	 6.3729e-01	 9.9974e-01	 6.3694e-01	 1.0013e+00
nan	 nan	 6.3679e-01	 9.9971e-01	 6.3643e-01	 1.0006e+00
nan	 nan	 6.3629e-01	 9.9966e-01	 6.3593e-01	 1.0014e+00
nan	 nan	 6.3579e-01	 9.9960e-01	 6.3543e-01	 1.0006e+00
nan	 nan	 6.3529e-01	 9.9957e-01	 6.3493e-01	 1.0005e+00
nan	 nan	 6.3479e-01	 9.9959e-01	 6.3443e-01	 1.0002e+00
nan	 nan	 6.3428e-01	 9.9966e-01	 6.3393e-01	 9.9944e-01
nan	 nan	 6.3379e-01	 9.9971e-01	 6.3343e-01	 1.0014e+00
nan	 nan	 6.3328e-01	 9.9976e-01	 6.3293e-01	 1.0005e+00
nan	 nan	 6.3278e-01	 9.9976e-01	 6.3243e-01	 1.0007e+00
nan	 nan	 6.3228e-01	 9.9976e-01	 6.3193e-01	 9.9967e-01
nan	 nan	 6.3179e-01	 9.9972e-01	 6.3143e-01	 1.0009e+00
nan	 nan	 6.3129e-01	 9.9967e-01	 6.3093e-01	 1.0005e+00
nan	 nan	 6.3079e-01	 9.9964e-01	 6.3043e-01	 1.0007e+00
nan	 nan	 6.3029e-01	 9.9959e-01	 6.2994e-01	 1.0014e+00
nan	 nan	 6.2979e-01	 9.9955e-01	 6.2944e-01	 1.0008e+00
nan	 nan	 6.2930e-01	 9.9950e-01	 6.2894e-01	 1.0016e+00
nan	 nan	 6.2879e-01	 9.9947e-01	 6.2844e-01	 1.0003e+00
nan	 nan	 6.2830e-01	 9.9947e-01	 6.2794e-01	 1.0017e+00
nan	 nan	 6.2780e-01	 9.9954e-01	 6.2745e-01	 1.0004e+00
nan	 nan	 6.2731e-01	 9.9959e-01	 6.2695e-01	 1.0003e+00
nan	 nan	 6.2681e-01	 9.9962e-01	 6.2646e-01	 1.0003e+00
nan	 nan	 6.2632e-01	 9.9960e-01	 6.2597e-01	 1.0003e+00
nan	 nan	 6.2582e-01	 9.9957e-01	 6.2547e-01	 1.0012e+00
nan	 nan	 6.2533e-01	 9.9955e-01	 6.2498e-01	 1.0004e+00
nan	 nan	 6.2484e-01	 9.9955e-01	 6.2449e-01	 1.0012e+00
nan	 nan	 6.2435e-01	 9.9957e-01	 6.2399e-01	 9.9933e-01
nan	 nan	 6.2385e-01	 9.9954e-01	 6.2350e-01	 1.0008e+00
nan	 nan	 6.2336e-01	 9.9950e-01	 6.2301e-01	 1.0005e+00
nan	 nan	 6.2287e-01	 9.9949e-01	 6.2252e-01	 1.0010e+00
nan	 nan	 6.2237e-01	 9.9952e-01	 6.2202e-01	 1.0008e+00
nan	 nan	 6.2188e-01	 9.9955e-01	 6.2153e-01	 1.0003e+00
nan	 nan	 6.2139e-01	 9.9959e-01	 6.2104e-01	 1.0010e+00
nan	 nan	 6.2090e-01	 9.9964e-01	 6.2055e-01	 9.9937e-01
nan	 nan	 6.2040e-01	 9.9969e-01	 6.2005e-01	 1.0010e+00
nan	 nan	 6.1991e-01	 9.9976e-01	 6.1956e-01	 1.0003e+00
nan	 nan	 6.1942e-01	 9.9979e-01	 6.1907e-01	 1.0010e+00
nan	 nan	 6.1893e-01	 9.9977e-01	 6.1858e-01	 1.0006e+00
nan	 nan	 6.1843e-01	 9.9971e-01	 6.1808e-01	 1.0010e+00
nan	 nan	 6.1794e-01	 9.9960e-01	 6.1760e-01	 1.0012e+00
nan	 nan	 6.1745e-01	 9.9955e-01	 6.1711e-01	 1.0005e+00
nan	 nan	 6.1697e-01	 9.9957e-01	 6.1662e-01	 1.0014e+00
nan	 nan	 6.1648e-01	 9.9962e-01	 6.1613e-01	 1.0002e+00
nan	 nan	 6.1599e-01	 9.9966e-01	 6.1563e-01	 1.0016e+00
nan	 nan	 6.1549e-01	 9.9967e-01	 6.1514e-01	 1.0003e+00
nan	 nan	 6.1501e-01	 9.9966e-01	 6.1466e-01	 1.0007e+00
nan	 nan	 6.1452e-01	 9.9966e-01	 6.1417e-01	 1.0004e+00
nan	 nan	 6.1403e-01	 9.9966e-01	 6.1369e-01	 1.0009e+00
nan	 nan	 6.1355e-01	 9.9967e-01	 6.1320e-01	 1.0015e+00
nan	 nan	 6.1306e-01	 9.9967e-01	 6.1272e-01	 1.0004e+00
nan	 nan	 6.1258e-01	 9.9967e-01	 6.1223e-01	 1.0015e+00
nan	 nan	 6.1209e-01	 9.9966e-01	 6.1175e-01	 9.9989e-01
nan	 nan	 6.1161e-01	 9.9964e-01	 6.1126e-01	 1.0004e+00
nan	 nan	 6.1112e-01	 9.9966e-01	 6.1078e-01	 9.9970e-01
nan	 nan	 6.1064e-01	 9.9967e-01	 6.1030e-01	 1.0010e+00
nan	 nan	 6.1016e-01	 9.9969e-01	 6.0981e-01	 1.0010e+00
nan	 nan	 6.0968e-01	 9.9969e-01	 6.0933e-01	 1.0008e+00
nan	 nan	 6.0920e-01	 9.9967e-01	 6.0886e-01	 1.0012e+00
nan	 nan	 6.0872e-01	 9.9962e-01	 6.0838e-01	 1.0000e+00
nan	 nan	 6.0824e-01	 9.9955e-01	 6.0790e-01	 1.0016e+00
nan	 nan	 6.0776e-01	 9.9952e-01	 6.0742e-01	 1.0001e+00
nan	 nan	 6.0728e-01	 9.9954e-01	 6.0694e-01	 1.0008e+00
nan	 nan	 6.0680e-01	 9.9960e-01	 6.0646e-01	 1.0007e+00
nan	 nan	 6.0632e-01	 9.9967e-01	 6.0598e-01	 1.0014e+00
nan	 nan	 6.0584e-01	 9.9972e-01	 6.0550e-01	 1.0013e+00
nan	 nan	 6.0536e-01	 9.9972e-01	 6.0502e-01	 9.9992e-01
nan	 nan	 6.0488e-01	 9.9971e-01	 6.0454e-01	 1.0008e+00
nan	 nan	 6.0440e-01	 9.9969e-01	 6.0406e-01	 9.9978e-01
nan	 nan	 6.0392e-01	 9.9971e-01	 6.0358e-01	 1.0008e+00
nan	 nan	 6.0344e-01	 9.9976e-01	 6.0309e-01	 1.0003e+00
nan	 nan	 6.0296e-01	 9.9977e-01	 6.0262e-01	 1.0014e+00
nan	 nan	 6.0248e-01	 9.9974e-01	 6.0214e-01	 1.0010e+00
nan	 nan	 6.0200e-01	 9.9966e-01	 6.0166e-01	 1.0010e+00
nan	 nan	 6.0152e-01	 9.9959e-01	 6.0118e-01	 1.0010e+00
nan	 nan	 6.0104e-01	 9.9957e-01	 6.0070e-01	 1.0002e+00
nan	 nan	 6.0056e-01	 9.9962e-01	 6.0023e-01	 1.0014e+00
nan	 nan	 6.0009e-01	 9.9972e-01	 5.9975e-01	 1.0002e+00
nan	 nan	 5.9962e-01	 9.9981e-01	 5.9928e-01	 1.0015e+00
nan	 nan	 5.9914e-01	 9.9988e-01	 5.9880e-01	 1.0005e+00
nan	 nan	 5.9867e-01	 9.9989e-01	 5.9833e-01	 1.0012e+00
nan	 nan	 5.9819e-01	 9.9984e-01	 5.9786e-01	 1.0005e+00
nan	 nan	 5.9772e-01	 9.9974e-01	 5.9738e-01	 1.0003e+00
nan	 nan	 5.9725e-01	 9.9966e-01	 5.9691e-01	 1.0010e+00
nan	 nan	 5.9678e-01	 9.9962e-01	 5.9644e-01	 1.0001e+00
nan	 nan	 5.9630e-01	 9.9966e-01	 5.9596e-01	 1.0011e+00
nan	 nan	 5.9582e-01	 9.9972e-01	 5.9549e-01	 1.0001e+00
nan	 nan	 5.9535e-01	 9.9977e-01	 5.9501e-01	 1.0013e+00
nan	 nan	 5.9488e-01	 9.9981e-01	 5.9454e-01	 1.0005e+00
nan	 nan	 5.9441e-01	 9.9981e-01	 5.9408e-01	 1.0010e+00
nan	 nan	 5.9394e-01	 9.9977e-01	 5.9361e-01	 1.0005e+00
nan	 nan	 5.9348e-01	 9.9971e-01	 5.9314e-01	 1.0002e+00
nan	 nan	 5.9301e-01	 9.9966e-01	 5.9267e-01	 1.0011e+00
nan	 nan	 5.9254e-01	 9.9966e-01	 5.9221e-01	 9.9989e-01
nan	 nan	 5.9208e-01	 9.9969e-01	 5.9174e-01	 1.0011e+00
nan	 nan	 5.9161e-01	 9.9974e-01	 5.9128e-01	 1.0003e+00
nan	 nan	 5.9114e-01	 9.9977e-01	 5.9081e-01	 1.0013e+00
nan	 nan	 5.9068e-01	 9.9977e-01	 5.9034e-01	 1.0005e+00
nan	 nan	 5.9021e-01	 9.9971e-01	 5.8988e-01	 1.0010e+00
nan	 nan	 5.8975e-01	 9.9964e-01	 5.8941e-01	 1.0011e+00
nan	 nan	 5.8928e-01	 9.9962e-01	 5.8895e-01	 1.0005e+00
nan	 nan	 5.8881e-01	 9.9964e-01	 5.8848e-01	 1.0015e+00
nan	 nan	 5.8835e-01	 9.9969e-01	 5.8801e-01	 1.0002e+00
nan	 nan	 5.8788e-01	 9.9974e-01	 5.8754e-01	 1.0014e+00
nan	 nan	 5.8741e-01	 9.9976e-01	 5.8708e-01	 1.0004e+00
nan	 nan	 5.8695e-01	 9.9976e-01	 5.8662e-01	 1.0015e+00
nan	 nan	 5.8649e-01	 9.9977e-01	 5.8615e-01	 1.0011e+00
nan	 nan	 5.8602e-01	 9.9977e-01	 5.8569e-01	 1.0005e+00
nan	 nan	 5.8556e-01	 9.9976e-01	 5.8523e-01	 1.0008e+00
nan	 nan	 5.8510e-01	 9.9972e-01	 5.8477e-01	 1.0006e+00
nan	 nan	 5.8463e-01	 9.9971e-01	 5.8430e-01	 1.0017e+00
nan	 nan	 5.8417e-01	 9.9967e-01	 5.8384e-01	 1.0003e+00
nan	 nan	 5.8371e-01	 9.9962e-01	 5.8338e-01	 1.0017e+00
nan	 nan	 5.8325e-01	 9.9960e-01	 5.8292e-01	 1.0010e+00
nan	 nan	 5.8279e-01	 9.9960e-01	 5.8246e-01	 1.0018e+00
nan	 nan	 5.8233e-01	 9.9966e-01	 5.8201e-01	 1.0007e+00
nan	 nan	 5.8188e-01	 9.9969e-01	 5.8155e-01	 1.0006e+00
nan	 nan	 5.8142e-01	 9.9969e-01	 5.8109e-01	 1.0014e+00
nan	 nan	 5.8096e-01	 9.9966e-01	 5.8063e-01	 1.0003e+00
nan	 nan	 5.8050e-01	 9.9964e-01	 5.8017e-01	 1.0016e+00
nan	 nan	 5.8004e-01	 9.9966e-01	 5.7971e-01	 1.0001e+00
nan	 nan	 5.7958e-01	 9.9966e-01	 5.7925e-01	 1.0014e+00
nan	 nan	 5.7912e-01	 9.9964e-01	 5.7879e-01	 1.0005e+00
nan	 nan	 5.7866e-01	 9.9964e-01	 5.7833e-01	 1.0007e+00
nan	 nan	 5.7820e-01	 9.9967e-01	 5.7787e-01	 1.0012e+00
nan	 nan	 5.7774e-01	 9.9969e-01	 5.7741e-01	 1.0011e+00
nan	 nan	 5.7728e-01	 9.9971e-01	 5.7696e-01	 1.0009e+00
nan	 nan	 5.7683e-01	 9.9972e-01	 5.7650e-01	 9.9978e-01
nan	 nan	 5.7637e-01	 9.9971e-01	 5.7604e-01	 1.0017e+00
nan	 nan	 5.7591e-01	 9.9972e-01	 5.7558e-01	 1.0002e+00
nan	 nan	 5.7545e-01	 9.9976e-01	 5.7512e-01	 1.0009e+00
nan	 nan	 5.7499e-01	 9.9982e-01	 5.7466e-01	 1.0008e+00
nan	 nan	 5.7453e-01	 9.9986e-01	 5.7420e-01	 1.0015e+00
nan	 nan	 5.7407e-01	 9.9984e-01	 5.7374e-01	 1.0017e+00
nan	 nan	 5.7361e-01	 9.9979e-01	 5.7329e-01	 1.0008e+00
nan	 nan	 5.7316e-01	 9.9972e-01	 5.7283e-01	 1.0012e+00
nan	 nan	 5.7270e-01	 9.9969e-01	 5.7237e-01	 9.9985e-01
nan	 nan	 5.7224e-01	 9.9969e-01	 5.7192e-01	 1.0015e+00
nan	 nan	 5.7179e-01	 9.9974e-01	 5.7146e-01	 1.0004e+00
nan	 nan	 5.7133e-01	 9.9981e-01	 5.7101e-01	 1.0010e+00
nan	 nan	 5.7089e-01	 9.9988e-01	 5.7056e-01	 1.0008e+00
nan	 nan	 5.7043e-01	 9.9993e-01	 5.7011e-01	 1.0012e+00
nan	 nan	 5.6998e-01	 9.9991e-01	 5.6966e-01	 1.0014e+00
nan	 nan	 5.6953e-01	 9.9984e-01	 5.6920e-01	 1.0001e+00
nan	 nan	 5.6908e-01	 9.9974e-01	 5.6875e-01	 1.0014e+00
nan	 nan	 5.6863e-01	 9.9969e-01	 5.6830e-01	 1.0002e+00
nan	 nan	 5.6817e-01	 9.9967e-01	 5.6785e-01	 1.0014e+00
nan	 nan	 5.6772e-01	 9.9969e-01	 5.6740e-01	 1.0008e+00
nan	 nan	 5.6727e-01	 9.9969e-01	 5.6695e-01	 1.0014e+00
nan	 nan	 5.6682e-01	 9.9971e-01	 5.6650e-01	 1.0008e+00
nan	 nan	 5.6637e-01	 9.9969e-01	 5.6605e-01	 1.0004e+00
nan	 nan	 5.6593e-01	 9.9969e-01	 5.6561e-01	 1.0011e+00
nan	 nan	 5.6548e-01	 9.9969e-01	 5.6516e-01	 1.0002e+00
nan	 nan	 5.6503e-01	 9.9972e-01	 5.6472e-01	 1.0016e+00
nan	 nan	 5.6459e-01	 9.9974e-01	 5.6427e-01	 1.0005e+00
nan	 nan	 5.6415e-01	 9.9976e-01	 5.6382e-01	 1.0015e+00
nan	 nan	 5.6370e-01	 9.9976e-01	 5.6338e-01	 1.0004e+00
nan	 nan	 5.6325e-01	 9.9976e-01	 5.6293e-01	 1.0007e+00
nan	 nan	 5.6281e-01	 9.9974e-01	 5.6249e-01	 1.0011e+00
nan	 nan	 5.6236e-01	 9.9967e-01	 5.6204e-01	 1.0007e+00
nan	 nan	 5.6191e-01	 9.9959e-01	 5.6160e-01	 1.0017e+00
nan	 nan	 5.6147e-01	 9.9954e-01	 5.6115e-01	 1.0004e+00
nan	 nan	 5.6103e-01	 9.9954e-01	 5.6071e-01	 1.0012e+00
nan	 nan	 5.6059e-01	 9.9959e-01	 5.6028e-01	 1.0000e+00
nan	 nan	 5.6015e-01	 9.9967e-01	 5.5984e-01	 1.0010e+00
nan	 nan	 5.5972e-01	 9.9972e-01	 5.5941e-01	 1.0007e+00
nan	 nan	 5.5928e-01	 9.9976e-01	 5.5897e-01	 1.0007e+00
nan	 nan	 5.5885e-01	 9.9976e-01	 5.5854e-01	 1.0008e+00
nan	 nan	 5.5841e-01	 9.9974e-01	 5.5810e-01	 1.0007e+00
nan	 nan	 5.5797e-01	 9.9971e-01	 5.5766e-01	 1.0014e+00
nan	 nan	 5.5754e-01	 9.9969e-01	 5.5723e-01	 9.9989e-01
nan	 nan	 5.5711e-01	 9.9967e-01	 5.5679e-01	 1.0012e+00
nan	 nan	 5.5667e-01	 9.9967e-01	 5.5636e-01	 1.0003e+00
nan	 nan	 5.5623e-01	 9.9967e-01	 5.5592e-01	 1.0015e+00
nan	 nan	 5.5580e-01	 9.9967e-01	 5.5548e-01	 1.0012e+00
nan	 nan	 5.5536e-01	 9.9967e-01	 5.5505e-01	 1.0011e+00
nan	 nan	 5.5492e-01	 9.9969e-01	 5.5461e-01	 1.0016e+00
nan	 nan	 5.5449e-01	 9.9974e-01	 5.5417e-01	 1.0007e+00
nan	 nan	 5.5405e-01	 9.9976e-01	 5.5374e-01	 1.0019e+00
nan	 nan	 5.5361e-01	 9.9977e-01	 5.5330e-01	 1.0006e+00
nan	 nan	 5.5318e-01	 9.9974e-01	 5.5287e-01	 1.0014e+00
nan	 nan	 5.5274e-01	 9.9972e-01	 5.5243e-01	 1.0000e+00
nan	 nan	 5.5231e-01	 9.9972e-01	 5.5199e-01	 1.0005e+00
nan	 nan	 5.5187e-01	 9.9976e-01	 5.5156e-01	 1.0011e+00
nan	 nan	 5.5143e-01	 9.9982e-01	 5.5112e-01	 1.0006e+00
nan	 nan	 5.5100e-01	 9.9988e-01	 5.5068e-01	 1.0011e+00
nan	 nan	 5.5056e-01	 9.9993e-01	 5.5025e-01	 1.0003e+00
nan	 nan	 5.5012e-01	 9.9994e-01	 5.4982e-01	 1.0018e+00
nan	 nan	 5.4969e-01	 9.9996e-01	 5.4939e-01	 1.0002e+00
nan	 nan	 5.4926e-01	 9.9993e-01	 5.4895e-01	 1.0008e+00
nan	 nan	 5.4883e-01	 9.9989e-01	 5.4852e-01	 1.0003e+00
nan	 nan	 5.4840e-01	 9.9984e-01	 5.4809e-01	 1.0012e+00
nan	 nan	 5.4796e-01	 9.9982e-01	 5.4766e-01	 1.0017e+00
nan	 nan	 5.4753e-01	 9.9981e-01	 5.4723e-01	 1.0009e+00
nan	 nan	 5.4711e-01	 9.9981e-01	 5.4680e-01	 1.0015e+00
nan	 nan	 5.4668e-01	 9.9981e-01	 5.4638e-01	 1.0002e+00
nan	 nan	 5.4625e-01	 9.9979e-01	 5.4595e-01	 1.0015e+00
nan	 nan	 5.4583e-01	 9.9979e-01	 5.4552e-01	 1.0007e+00
nan	 nan	 5.4540e-01	 9.9981e-01	 5.4510e-01	 1.0011e+00
nan	 nan	 5.4497e-01	 9.9982e-01	 5.4467e-01	 1.0006e+00
nan	 nan	 5.4455e-01	 9.9982e-01	 5.4424e-01	 1.0011e+00
nan	 nan	 5.4412e-01	 9.9979e-01	 5.4382e-01	 1.0013e+00
nan	 nan	 5.4370e-01	 9.9976e-01	 5.4339e-01	 1.0006e+00
nan	 nan	 5.4327e-01	 9.9976e-01	 5.4297e-01	 1.0016e+00
nan	 nan	 5.4285e-01	 9.9977e-01	 5.4255e-01	 1.0005e+00
nan	 nan	 5.4242e-01	 9.9976e-01	 5.4212e-01	 1.0017e+00
nan	 nan	 5.4200e-01	 9.9974e-01	 5.4170e-01	 1.0008e+00
nan	 nan	 5.4158e-01	 9.9972e-01	 5.4127e-01	 1.0016e+00
nan	 nan	 5.4115e-01	 9.9972e-01	 5.4085e-01	 1.0012e+00
nan	 nan	 5.4073e-01	 9.9972e-01	 5.4043e-01	 1.0007e+00
nan	 nan	 5.4031e-01	 9.9976e-01	 5.4001e-01	 1.0010e+00
nan	 nan	 5.3988e-01	 9.9979e-01	 5.3958e-01	 1.0003e+00
nan	 nan	 5.3946e-01	 9.9982e-01	 5.3916e-01	 1.0013e+00
nan	 nan	 5.3904e-01	 9.9981e-01	 5.3874e-01	 1.0003e+00
nan	 nan	 5.3862e-01	 9.9981e-01	 5.3832e-01	 1.0019e+00
nan	 nan	 5.3820e-01	 9.9984e-01	 5.3790e-01	 1.0009e+00
nan	 nan	 5.3778e-01	 9.9988e-01	 5.3748e-01	 1.0015e+00
nan	 nan	 5.3736e-01	 9.9991e-01	 5.3706e-01	 1.0013e+00
nan	 nan	 5.3694e-01	 9.9991e-01	 5.3664e-01	 1.0005e+00
nan	 nan	 5.3652e-01	 9.9991e-01	 5.3622e-01	 1.0013e+00
nan	 nan	 5.3609e-01	 9.9988e-01	 5.3579e-01	 1.0001e+00
nan	 nan	 5.3567e-01	 9.9982e-01	 5.3537e-01	 1.0015e+00
nan	 nan	 5.3525e-01	 9.9977e-01	 5.3495e-01	 1.0004e+00
nan	 nan	 5.3483e-01	 9.9972e-01	 5.3453e-01	 1.0012e+00
nan	 nan	 5.3441e-01	 9.9971e-01	 5.3411e-01	 1.0005e+00
nan	 nan	 5.3399e-01	 9.9972e-01	 5.3369e-01	 1.0009e+00
nan	 nan	 5.3357e-01	 9.9972e-01	 5.3327e-01	 1.0011e+00
nan	 nan	 5.3315e-01	 9.9971e-01	 5.3285e-01	 1.0005e+00
nan	 nan	 5.3273e-01	 9.9971e-01	 5.3243e-01	 1.0017e+00
nan	 nan	 5.3231e-01	 9.9974e-01	 5.3201e-01	 1.0004e+00
nan	 nan	 5.3189e-01	 9.9981e-01	 5.3159e-01	 1.0018e+00
nan	 nan	 5.3147e-01	 9.9984e-01	 5.3117e-01	 1.0007e+00
nan	 nan	 5.3105e-01	 9.9982e-01	 5.3075e-01	 1.0011e+00
nan	 nan	 5.3063e-01	 9.9977e-01	 5.3033e-01	 1.0004e+00
nan	 nan	 5.3021e-01	 9.9972e-01	 5.2991e-01	 1.0008e+00
nan	 nan	 5.2979e-01	 9.9969e-01	 5.2949e-01	 1.0012e+00
nan	 nan	 5.2937e-01	 9.9969e-01	 5.2906e-01	 1.0002e+00
nan	 nan	 5.2894e-01	 9.9967e-01	 5.2865e-01	 1.0010e+00
nan	 nan	 5.2852e-01	 9.9967e-01	 5.2822e-01	 9.9963e-01
nan	 nan	 5.2811e-01	 9.9964e-01	 5.2781e-01	 1.0013e+00
nan	 nan	 5.2769e-01	 9.9962e-01	 5.2739e-01	 1.0002e+00
nan	 nan	 5.2727e-01	 9.9959e-01	 5.2697e-01	 1.0005e+00
nan	 nan	 5.2685e-01	 9.9959e-01	 5.2655e-01	 1.0008e+00
nan	 nan	 5.2643e-01	 9.9964e-01	 5.2613e-01	 1.0006e+00
nan	 nan	 5.2602e-01	 9.9972e-01	 5.2572e-01	 1.0010e+00
nan	 nan	 5.2560e-01	 9.9976e-01	 5.2530e-01	 1.0006e+00
nan	 nan	 5.2519e-01	 9.9976e-01	 5.2489e-01	 1.0019e+00
nan	 nan	 5.2477e-01	 9.9974e-01	 5.2448e-01	 1.0002e+00
nan	 nan	 5.2436e-01	 9.9972e-01	 5.2406e-01	 1.0012e+00
nan	 nan	 5.2394e-01	 9.9976e-01	 5.2365e-01	 1.0005e+00
nan	 nan	 5.2353e-01	 9.9979e-01	 5.2323e-01	 1.0012e+00
nan	 nan	 5.2311e-01	 9.9982e-01	 5.2281e-01	 1.0006e+00
nan	 nan	 5.2269e-01	 9.9984e-01	 5.2240e-01	 1.0008e+00
nan	 nan	 5.2228e-01	 9.9984e-01	 5.2198e-01	 1.0016e+00
nan	 nan	 5.2186e-01	 9.9982e-01	 5.2156e-01	 1.0003e+00
nan	 nan	 5.2145e-01	 9.9977e-01	 5.2115e-01	 1.0013e+00
nan	 nan	 5.2103e-01	 9.9971e-01	 5.2074e-01	 9.9992e-01
nan	 nan	 5.2062e-01	 9.9960e-01	 5.2032e-01	 1.0018e+00
nan	 nan	 5.2020e-01	 9.9957e-01	 5.1990e-01	 1.0010e+00
nan	 nan	 5.1978e-01	 9.9957e-01	 5.1949e-01	 1.0007e+00
nan	 nan	 5.1937e-01	 9.9959e-01	 5.1908e-01	 1.0009e+00
nan	 nan	 5.1896e-01	 9.9962e-01	 5.1867e-01	 1.0005e+00
nan	 nan	 5.1855e-01	 9.9966e-01	 5.1825e-01	 1.0014e+00
nan	 nan	 5.1813e-01	 9.9972e-01	 5.1784e-01	 1.0005e+00
nan	 nan	 5.1772e-01	 9.9977e-01	 5.1743e-01	 1.0022e+00
nan	 nan	 5.1731e-01	 9.9981e-01	 5.1701e-01	 1.0010e+00
nan	 nan	 5.1689e-01	 9.9981e-01	 5.1660e-01	 1.0010e+00
nan	 nan	 5.1648e-01	 9.9974e-01	 5.1618e-01	 1.0009e+00
nan	 nan	 5.1607e-01	 9.9962e-01	 5.1577e-01	 1.0012e+00
nan	 nan	 5.1566e-01	 9.9952e-01	 5.1536e-01	 1.0011e+00
nan	 nan	 5.1525e-01	 9.9949e-01	 5.1496e-01	 9.9978e-01
nan	 nan	 5.1484e-01	 9.9954e-01	 5.1455e-01	 1.0014e+00
nan	 nan	 5.1443e-01	 9.9962e-01	 5.1414e-01	 1.0003e+00
nan	 nan	 5.1402e-01	 9.9974e-01	 5.1373e-01	 1.0012e+00
nan	 nan	 5.1361e-01	 9.9984e-01	 5.1333e-01	 1.0004e+00
nan	 nan	 5.1321e-01	 9.9986e-01	 5.1292e-01	 1.0016e+00
nan	 nan	 5.1280e-01	 9.9982e-01	 5.1251e-01	 1.0014e+00
nan	 nan	 5.1240e-01	 9.9974e-01	 5.1210e-01	 1.0008e+00
nan	 nan	 5.1199e-01	 9.9964e-01	 5.1169e-01	 1.0015e+00
nan	 nan	 5.1158e-01	 9.9960e-01	 5.1129e-01	 1.0006e+00
nan	 nan	 5.1117e-01	 9.9964e-01	 5.1088e-01	 1.0020e+00
nan	 nan	 5.1077e-01	 9.9974e-01	 5.1048e-01	 1.0007e+00
nan	 nan	 5.1036e-01	 9.9982e-01	 5.1007e-01	 1.0016e+00
nan	 nan	 5.0996e-01	 9.9991e-01	 5.0967e-01	 1.0012e+00
nan	 nan	 5.0955e-01	 9.9993e-01	 5.0926e-01	 1.0016e+00
nan	 nan	 5.0915e-01	 9.9991e-01	 5.0886e-01	 1.0008e+00
nan	 nan	 5.0875e-01	 9.9986e-01	 5.0846e-01	 1.0001e+00
nan	 nan	 5.0834e-01	 9.9979e-01	 5.0806e-01	 1.0017e+00
nan	 nan	 5.0794e-01	 9.9976e-01	 5.0765e-01	 1.0010e+00
nan	 nan	 5.0754e-01	 9.9974e-01	 5.0725e-01	 1.0019e+00
nan	 nan	 5.0714e-01	 9.9974e-01	 5.0686e-01	 1.0008e+00
nan	 nan	 5.0674e-01	 9.9974e-01	 5.0646e-01	 1.0016e+00
nan	 nan	 5.0634e-01	 9.9977e-01	 5.0606e-01	 1.0008e+00
nan	 nan	 5.0594e-01	 9.9982e-01	 5.0566e-01	 1.0010e+00
nan	 nan	 5.0555e-01	 9.9988e-01	 5.0526e-01	 1.0014e+00
nan	 nan	 5.0515e-01	 9.9994e-01	 5.0487e-01	 1.0011e+00
nan	 nan	 5.0476e-01	 9.9994e-01	 5.0447e-01	 1.0017e+00
nan	 nan	 5.0436e-01	 9.9991e-01	 5.0407e-01	 9.9992e-01
nan	 nan	 5.0396e-01	 9.9984e-01	 5.0368e-01	 1.0016e+00
nan	 nan	 5.0357e-01	 9.9977e-01	 5.0328e-01	 1.0010e+00
nan	 nan	 5.0317e-01	 9.9974e-01	 5.0289e-01	 1.0017e+00
nan	 nan	 5.0277e-01	 9.9976e-01	 5.0249e-01	 1.0009e+00
nan	 nan	 5.0238e-01	 9.9981e-01	 5.0210e-01	 1.0010e+00
nan	 nan	 5.0199e-01	 9.9984e-01	 5.0171e-01	 1.0017e+00
nan	 nan	 5.0159e-01	 9.9984e-01	 5.0131e-01	 1.0010e+00
nan	 nan	 5.0120e-01	 9.9979e-01	 5.0092e-01	 1.0017e+00
nan	 nan	 5.0080e-01	 9.9976e-01	 5.0052e-01	 1.0005e+00
nan	 nan	 5.0040e-01	 9.9972e-01	 5.0012e-01	 1.0018e+00
nan	 nan	 5.0001e-01	 9.9971e-01	 4.9972e-01	 1.0007e+00
nan	 nan	 4.9961e-01	 9.9971e-01	 4.9933e-01	 1.0011e+00
nan	 nan	 4.9922e-01	 9.9971e-01	 4.9893e-01	 1.0006e+00
nan	 nan	 4.9882e-01	 9.9971e-01	 4.9854e-01	 1.0005e+00
nan	 nan	 4.9843e-01	 9.9971e-01	 4.9815e-01	 1.0016e+00
nan	 nan	 4.9804e-01	 9.9972e-01	 4.9776e-01	 1.0009e+00
nan	 nan	 4.9764e-01	 9.9971e-01	 4.9736e-01	 1.0019e+00
nan	 nan	 4.9725e-01	 9.9967e-01	 4.9697e-01	 1.0007e+00
nan	 nan	 4.9686e-01	 9.9962e-01	 4.9658e-01	 1.0019e+00
nan	 nan	 4.9647e-01	 9.9959e-01	 4.9619e-01	 1.0010e+00
nan	 nan	 4.9608e-01	 9.9959e-01	 4.9579e-01	 1.0013e+00
nan	 nan	 4.9568e-01	 9.9962e-01	 4.9540e-01	 1.0012e+00
nan	 nan	 4.9529e-01	 9.9971e-01	 4.9501e-01	 1.0009e+00
nan	 nan	 4.9490e-01	 9.9976e-01	 4.9462e-01	 1.0018e+00
nan	 nan	 4.9451e-01	 9.9977e-01	 4.9423e-01	 1.0003e+00
nan	 nan	 4.9411e-01	 9.9979e-01	 4.9383e-01	 1.0017e+00
nan	 nan	 4.9372e-01	 9.9981e-01	 4.9344e-01	 1.0005e+00
nan	 nan	 4.9333e-01	 9.9979e-01	 4.9305e-01	 1.0011e+00
nan	 nan	 4.9294e-01	 9.9972e-01	 4.9266e-01	 1.0005e+00
nan	 nan	 4.9255e-01	 9.9966e-01	 4.9228e-01	 1.0013e+00
nan	 nan	 4.9217e-01	 9.9962e-01	 4.9189e-01	 1.0016e+00
nan	 nan	 4.9178e-01	 9.9962e-01	 4.9150e-01	 1.0007e+00
nan	 nan	 4.9139e-01	 9.9966e-01	 4.9112e-01	 1.0014e+00
nan	 nan	 4.9100e-01	 9.9966e-01	 4.9072e-01	 1.0007e+00
nan	 nan	 4.9061e-01	 9.9966e-01	 4.9033e-01	 1.0020e+00
nan	 nan	 4.9022e-01	 9.9964e-01	 4.8995e-01	 1.0008e+00
nan	 nan	 4.8984e-01	 9.9960e-01	 4.8956e-01	 1.0013e+00
nan	 nan	 4.8945e-01	 9.9957e-01	 4.8917e-01	 1.0007e+00
nan	 nan	 4.8906e-01	 9.9959e-01	 4.8878e-01	 1.0006e+00
nan	 nan	 4.8867e-01	 9.9964e-01	 4.8839e-01	 1.0014e+00
nan	 nan	 4.8828e-01	 9.9971e-01	 4.8800e-01	 1.0009e+00
nan	 nan	 4.8789e-01	 9.9979e-01	 4.8761e-01	 1.0017e+00
nan	 nan	 4.8750e-01	 9.9988e-01	 4.8722e-01	 1.0004e+00
nan	 nan	 4.8711e-01	 9.9988e-01	 4.8683e-01	 1.0017e+00
nan	 nan	 4.8672e-01	 9.9984e-01	 4.8644e-01	 1.0003e+00
nan	 nan	 4.8633e-01	 9.9977e-01	 4.8605e-01	 1.0009e+00
nan	 nan	 4.8594e-01	 9.9974e-01	 4.8566e-01	 1.0015e+00
nan	 nan	 4.8555e-01	 9.9974e-01	 4.8527e-01	 1.0016e+00
nan	 nan	 4.8516e-01	 9.9979e-01	 4.8489e-01	 1.0014e+00
nan	 nan	 4.8478e-01	 9.9981e-01	 4.8450e-01	 1.0001e+00
nan	 nan	 4.8439e-01	 9.9979e-01	 4.8411e-01	 1.0019e+00
nan	 nan	 4.8400e-01	 9.9977e-01	 4.8373e-01	 1.0004e+00
nan	 nan	 4.8361e-01	 9.9974e-01	 4.8334e-01	 1.0016e+00
nan	 nan	 4.8323e-01	 9.9971e-01	 4.8295e-01	 1.0011e+00
nan	 nan	 4.8284e-01	 9.9969e-01	 4.8256e-01	 1.0011e+00
nan	 nan	 4.8245e-01	 9.9971e-01	 4.8217e-01	 1.0014e+00
nan	 nan	 4.8206e-01	 9.9974e-01	 4.8178e-01	 1.0011e+00
nan	 nan	 4.8167e-01	 9.9977e-01	 4.8139e-01	 1.0019e+00
nan	 nan	 4.8128e-01	 9.9981e-01	 4.8101e-01	 1.0003e+00
nan	 nan	 4.8090e-01	 9.9979e-01	 4.8063e-01	 1.0019e+00
nan	 nan	 4.8052e-01	 9.9972e-01	 4.8024e-01	 1.0008e+00
nan	 nan	 4.8013e-01	 9.9967e-01	 4.7986e-01	 1.0016e+00
nan	 nan	 4.7975e-01	 9.9966e-01	 4.7947e-01	 1.0011e+00
nan	 nan	 4.7936e-01	 9.9969e-01	 4.7909e-01	 1.0013e+00
nan	 nan	 4.7898e-01	 9.9972e-01	 4.7871e-01	 1.0013e+00
nan	 nan	 4.7860e-01	 9.9977e-01	 4.7833e-01	 1.0002e+00
nan	 nan	 4.7822e-01	 9.9982e-01	 4.7795e-01	 1.0015e+00
nan	 nan	 4.7784e-01	 9.9984e-01	 4.7757e-01	 1.0004e+00
nan	 nan	 4.7746e-01	 9.9982e-01	 4.7719e-01	 1.0015e+00
nan	 nan	 4.7708e-01	 9.9979e-01	 4.7681e-01	 1.0003e+00
nan	 nan	 4.7670e-01	 9.9977e-01	 4.7643e-01	 1.0012e+00
nan	 nan	 4.7632e-01	 9.9979e-01	 4.7605e-01	 1.0016e+00
nan	 nan	 4.7594e-01	 9.9979e-01	 4.7567e-01	 1.0014e+00
nan	 nan	 4.7556e-01	 9.9981e-01	 4.7529e-01	 1.0014e+00
nan	 nan	 4.7519e-01	 9.9981e-01	 4.7491e-01	 1.0004e+00
nan	 nan	 4.7481e-01	 9.9981e-01	 4.7454e-01	 1.0012e+00
nan	 nan	 4.7443e-01	 9.9979e-01	 4.7416e-01	 1.0001e+00
nan	 nan	 4.7405e-01	 9.9981e-01	 4.7379e-01	 1.0014e+00
nan	 nan	 4.7368e-01	 9.9982e-01	 4.7342e-01	 1.0008e+00
nan	 nan	 4.7331e-01	 9.9984e-01	 4.7304e-01	 1.0012e+00
nan	 nan	 4.7293e-01	 9.9982e-01	 4.7267e-01	 1.0011e+00
nan	 nan	 4.7256e-01	 9.9981e-01	 4.7230e-01	 1.0009e+00
nan	 nan	 4.7219e-01	 9.9982e-01	 4.7192e-01	 1.0015e+00
nan	 nan	 4.7182e-01	 9.9989e-01	 4.7155e-01	 1.0002e+00
nan	 nan	 4.7144e-01	 9.9996e-01	 4.7118e-01	 1.0016e+00
nan	 nan	 4.7107e-01	 1.0000e+00	 4.7080e-01	 1.0004e+00
nan	 nan	 4.7069e-01	 9.9999e-01	 4.7043e-01	 1.0013e+00
nan	 nan	 4.7032e-01	 9.9994e-01	 4.7005e-01	 1.0008e+00
nan	 nan	 4.6995e-01	 9.9986e-01	 4.6968e-01	 1.0016e+00
nan	 nan	 4.6957e-01	 9.9982e-01	 4.6930e-01	 1.0017e+00
nan	 nan	 4.6919e-01	 9.9981e-01	 4.6893e-01	 1.0004e+00
nan	 nan	 4.6882e-01	 9.9982e-01	 4.6855e-01	 1.0011e+00
nan	 nan	 4.6845e-01	 9.9982e-01	 4.6818e-01	 1.0003e+00
nan	 nan	 4.6807e-01	 9.9981e-01	 4.6781e-01	 1.0018e+00
nan	 nan	 4.6770e-01	 9.9982e-01	 4.6744e-01	 1.0010e+00
nan	 nan	 4.6733e-01	 9.9984e-01	 4.6707e-01	 1.0018e+00
nan	 nan	 4.6696e-01	 9.9988e-01	 4.6669e-01	 1.0008e+00
nan	 nan	 4.6659e-01	 9.9989e-01	 4.6632e-01	 1.0008e+00
nan	 nan	 4.6622e-01	 9.9989e-01	 4.6595e-01	 1.0010e+00
nan	 nan	 4.6585e-01	 9.9986e-01	 4.6558e-01	 1.0007e+00
nan	 nan	 4.6548e-01	 9.9981e-01	 4.6521e-01	 1.0019e+00
nan	 nan	 4.6511e-01	 9.9977e-01	 4.6484e-01	 1.0007e+00
nan	 nan	 4.6474e-01	 9.9974e-01	 4.6447e-01	 1.0014e+00
nan	 nan	 4.6437e-01	 9.9972e-01	 4.6411e-01	 1.0001e+00
nan	 nan	 4.6401e-01	 9.9972e-01	 4.6374e-01	 1.0010e+00
nan	 nan	 4.6364e-01	 9.9977e-01	 4.6337e-01	 1.0013e+00
nan	 nan	 4.6327e-01	 9.9982e-01	 4.6301e-01	 1.0015e+00
nan	 nan	 4.6290e-01	 9.9989e-01	 4.6264e-01	 1.0017e+00
nan	 nan	 4.6253e-01	 9.9994e-01	 4.6227e-01	 1.0002e+00
nan	 nan	 4.6217e-01	 9.9994e-01	 4.6191e-01	 1.0011e+00
nan	 nan	 4.6180e-01	 9.9994e-01	 4.6154e-01	 1.0003e+00
nan	 nan	 4.6143e-01	 9.9989e-01	 4.6117e-01	 1.0018e+00
nan	 nan	 4.6106e-01	 9.9986e-01	 4.6080e-01	 1.0010e+00
nan	 nan	 4.6070e-01	 9.9982e-01	 4.6043e-01	 1.0013e+00
nan	 nan	 4.6033e-01	 9.9981e-01	 4.6007e-01	 1.0017e+00
nan	 nan	 4.5997e-01	 9.9984e-01	 4.5970e-01	 1.0012e+00
nan	 nan	 4.5960e-01	 9.9988e-01	 4.5934e-01	 1.0017e+00
nan	 nan	 4.5924e-01	 9.9988e-01	 4.5897e-01	 1.0008e+00
nan	 nan	 4.5887e-01	 9.9986e-01	 4.5861e-01	 1.0016e+00
nan	 nan	 4.5850e-01	 9.9986e-01	 4.5824e-01	 1.0003e+00
nan	 nan	 4.5814e-01	 9.9988e-01	 4.5788e-01	 1.0013e+00
nan	 nan	 4.5777e-01	 9.9991e-01	 4.5752e-01	 1.0008e+00
nan	 nan	 4.5741e-01	 9.9993e-01	 4.5715e-01	 1.0011e+00
nan	 nan	 4.5705e-01	 9.9994e-01	 4.5679e-01	 1.0011e+00
nan	 nan	 4.5669e-01	 9.9994e-01	 4.5643e-01	 1.0003e+00
nan	 nan	 4.5632e-01	 9.9996e-01	 4.5606e-01	 1.0015e+00
nan	 nan	 4.5596e-01	 9.9996e-01	 4.5570e-01	 1.0006e+00
nan	 nan	 4.5560e-01	 9.9994e-01	 4.5534e-01	 1.0017e+00
nan	 nan	 4.5524e-01	 9.9993e-01	 4.5498e-01	 1.0008e+00
nan	 nan	 4.5488e-01	 9.9989e-01	 4.5462e-01	 1.0017e+00
nan	 nan	 4.5452e-01	 9.9989e-01	 4.5426e-01	 1.0010e+00
nan	 nan	 4.5415e-01	 9.9991e-01	 4.5389e-01	 1.0010e+00
nan	 nan	 4.5379e-01	 9.9993e-01	 4.5353e-01	 1.0014e+00
nan	 nan	 4.5343e-01	 9.9993e-01	 4.5318e-01	 1.0004e+00
nan	 nan	 4.5308e-01	 9.9991e-01	 4.5283e-01	 1.0017e+00
nan	 nan	 4.5272e-01	 9.9988e-01	 4.5247e-01	 1.0006e+00
nan	 nan	 4.5237e-01	 9.9977e-01	 4.5211e-01	 1.0017e+00
nan	 nan	 4.5201e-01	 9.9971e-01	 4.5175e-01	 1.0010e+00
nan	 nan	 4.5165e-01	 9.9969e-01	 4.5140e-01	 1.0019e+00
nan	 nan	 4.5129e-01	 9.9972e-01	 4.5104e-01	 1.0012e+00
nan	 nan	 4.5094e-01	 9.9977e-01	 4.5069e-01	 1.0008e+00
nan	 nan	 4.5059e-01	 9.9982e-01	 4.5033e-01	 1.0018e+00
nan	 nan	 4.5023e-01	 9.9986e-01	 4.4997e-01	 1.0011e+00
nan	 nan	 4.4987e-01	 9.9984e-01	 4.4962e-01	 1.0020e+00
nan	 nan	 4.4951e-01	 9.9984e-01	 4.4926e-01	 1.0004e+00
nan	 nan	 4.4916e-01	 9.9986e-01	 4.4890e-01	 1.0012e+00
nan	 nan	 4.4880e-01	 9.9991e-01	 4.4854e-01	 1.0004e+00
nan	 nan	 4.4844e-01	 9.9994e-01	 4.4818e-01	 1.0012e+00
nan	 nan	 4.4808e-01	 9.9998e-01	 4.4782e-01	 1.0012e+00
nan	 nan	 4.4772e-01	 9.9998e-01	 4.4747e-01	 1.0012e+00
nan	 nan	 4.4737e-01	 9.9993e-01	 4.4711e-01	 1.0022e+00
nan	 nan	 4.4701e-01	 9.9984e-01	 4.4676e-01	 1.0004e+00
nan	 nan	 4.4666e-01	 9.9976e-01	 4.4640e-01	 1.0018e+00
nan	 nan	 4.4630e-01	 9.9972e-01	 4.4605e-01	 1.0009e+00
nan	 nan	 4.4595e-01	 9.9976e-01	 4.4569e-01	 1.0019e+00
nan	 nan	 4.4559e-01	 9.9986e-01	 4.4534e-01	 1.0015e+00
nan	 nan	 4.4524e-01	 9.9996e-01	 4.4499e-01	 1.0016e+00
nan	 nan	 4.4488e-01	 9.9999e-01	 4.4463e-01	 1.0014e+00
nan	 nan	 4.4453e-01	 9.9998e-01	 4.4428e-01	 1.0007e+00
nan	 nan	 4.4418e-01	 9.9991e-01	 4.4393e-01	 1.0015e+00
nan	 nan	 4.4383e-01	 9.9986e-01	 4.4357e-01	 1.0008e+00
nan	 nan	 4.4347e-01	 9.9981e-01	 4.4322e-01	 1.0021e+00
nan	 nan	 4.4312e-01	 9.9979e-01	 4.4287e-01	 1.0005e+00
nan	 nan	 4.4277e-01	 9.9979e-01	 4.4252e-01	 1.0010e+00
nan	 nan	 4.4242e-01	 9.9984e-01	 4.4217e-01	 1.0004e+00
nan	 nan	 4.4207e-01	 9.9991e-01	 4.4182e-01	 1.0009e+00
nan	 nan	 4.4172e-01	 9.9994e-01	 4.4147e-01	 1.0013e+00
nan	 nan	 4.4137e-01	 9.9994e-01	 4.4112e-01	 1.0007e+00
nan	 nan	 4.4102e-01	 9.9991e-01	 4.4077e-01	 1.0023e+00
nan	 nan	 4.4067e-01	 9.9982e-01	 4.4041e-01	 1.0005e+00
nan	 nan	 4.4032e-01	 9.9974e-01	 4.4007e-01	 1.0014e+00
nan	 nan	 4.3997e-01	 9.9974e-01	 4.3972e-01	 1.0008e+00
nan	 nan	 4.3962e-01	 9.9979e-01	 4.3937e-01	 1.0016e+00
nan	 nan	 4.3927e-01	 9.9989e-01	 4.3902e-01	 1.0014e+00
nan	 nan	 4.3892e-01	 9.9994e-01	 4.3867e-01	 1.0012e+00
nan	 nan	 4.3857e-01	 9.9998e-01	 4.3832e-01	 1.0022e+00
nan	 nan	 4.3822e-01	 9.9994e-01	 4.3796e-01	 1.0013e+00
nan	 nan	 4.3787e-01	 9.9989e-01	 4.3762e-01	 1.0023e+00
nan	 nan	 4.3752e-01	 9.9982e-01	 4.3727e-01	 1.0005e+00
nan	 nan	 4.3717e-01	 9.9979e-01	 4.3692e-01	 1.0019e+00
nan	 nan	 4.3682e-01	 9.9979e-01	 4.3657e-01	 1.0013e+00
nan	 nan	 4.3647e-01	 9.9982e-01	 4.3622e-01	 1.0012e+00
nan	 nan	 4.3612e-01	 9.9986e-01	 4.3588e-01	 1.0012e+00
nan	 nan	 4.3578e-01	 9.9991e-01	 4.3553e-01	 1.0008e+00
nan	 nan	 4.3543e-01	 9.9993e-01	 4.3518e-01	 1.0021e+00
nan	 nan	 4.3509e-01	 9.9991e-01	 4.3484e-01	 1.0004e+00
nan	 nan	 4.3474e-01	 9.9988e-01	 4.3450e-01	 1.0016e+00
nan	 nan	 4.3440e-01	 9.9986e-01	 4.3415e-01	 1.0006e+00
nan	 nan	 4.3405e-01	 9.9986e-01	 4.3380e-01	 1.0016e+00
nan	 nan	 4.3370e-01	 9.9988e-01	 4.3346e-01	 1.0016e+00
nan	 nan	 4.3336e-01	 9.9988e-01	 4.3311e-01	 1.0019e+00
nan	 nan	 4.3301e-01	 9.9989e-01	 4.3276e-01	 1.0020e+00
nan	 nan	 4.3266e-01	 9.9988e-01	 4.3242e-01	 1.0013e+00
nan	 nan	 4.3232e-01	 9.9988e-01	 4.3208e-01	 1.0027e+00
nan	 nan	 4.3198e-01	 9.9989e-01	 4.3173e-01	 1.0012e+00
nan	 nan	 4.3163e-01	 9.9989e-01	 4.3139e-01	 1.0019e+00
nan	 nan	 4.3129e-01	 9.9991e-01	 4.3104e-01	 1.0008e+00
nan	 nan	 4.3095e-01	 9.9991e-01	 4.3070e-01	 1.0012e+00
nan	 nan	 4.3060e-01	 9.9989e-01	 4.3036e-01	 1.0009e+00
nan	 nan	 4.3026e-01	 9.9986e-01	 4.3001e-01	 1.0012e+00
nan	 nan	 4.2992e-01	 9.9982e-01	 4.2967e-01	 1.0018e+00
nan	 nan	 4.2958e-01	 9.9982e-01	 4.2933e-01	 1.0008e+00
nan	 nan	 4.2923e-01	 9.9984e-01	 4.2899e-01	 1.0021e+00
nan	 nan	 4.2889e-01	 9.9988e-01	 4.2864e-01	 1.0009e+00
nan	 nan	 4.2855e-01	 9.9989e-01	 4.2830e-01	 1.0023e+00
nan	 nan	 4.2821e-01	 9.9991e-01	 4.2796e-01	 1.0014e+00
nan	 nan	 4.2787e-01	 9.9989e-01	 4.2762e-01	 1.0017e+00
nan	 nan	 4.2752e-01	 9.9989e-01	 4.2728e-01	 1.0014e+00
nan	 nan	 4.2718e-01	 9.9989e-01	 4.2694e-01	 1.0010e+00
nan	 nan	 4.2684e-01	 9.9989e-01	 4.2660e-01	 1.0013e+00
nan	 nan	 4.2650e-01	 9.9989e-01	 4.2625e-01	 1.0004e+00
nan	 nan	 4.2616e-01	 9.9988e-01	 4.2591e-01	 1.0024e+00
nan	 nan	 4.2582e-01	 9.9989e-01	 4.2557e-01	 1.0007e+00
nan	 nan	 4.2547e-01	 9.9993e-01	 4.2523e-01	 1.0016e+00
nan	 nan	 4.2513e-01	 9.9991e-01	 4.2489e-01	 1.0011e+00
nan	 nan	 4.2479e-01	 9.9989e-01	 4.2455e-01	 1.0011e+00
nan	 nan	 4.2445e-01	 9.9986e-01	 4.2420e-01	 1.0012e+00
nan	 nan	 4.2411e-01	 9.9986e-01	 4.2386e-01	 1.0008e+00
nan	 nan	 4.2377e-01	 9.9988e-01	 4.2352e-01	 1.0018e+00
nan	 nan	 4.2342e-01	 9.9991e-01	 4.2318e-01	 1.0010e+00
nan	 nan	 4.2309e-01	 9.9994e-01	 4.2284e-01	 1.0019e+00
nan	 nan	 4.2275e-01	 9.9994e-01	 4.2250e-01	 1.0007e+00
nan	 nan	 4.2241e-01	 9.9991e-01	 4.2217e-01	 1.0012e+00
nan	 nan	 4.2207e-01	 9.9988e-01	 4.2183e-01	 1.0005e+00
nan	 nan	 4.2173e-01	 9.9984e-01	 4.2149e-01	 1.0011e+00
nan	 nan	 4.2139e-01	 9.9981e-01	 4.2114e-01	 1.0016e+00
nan	 nan	 4.2105e-01	 9.9979e-01	 4.2081e-01	 1.0011e+00
nan	 nan	 4.2071e-01	 9.9977e-01	 4.2047e-01	 1.0015e+00
nan	 nan	 4.2037e-01	 9.9981e-01	 4.2013e-01	 1.0005e+00
nan	 nan	 4.2003e-01	 9.9986e-01	 4.1980e-01	 1.0020e+00
nan	 nan	 4.1970e-01	 9.9993e-01	 4.1946e-01	 1.0011e+00
nan	 nan	 4.1937e-01	 9.9996e-01	 4.1913e-01	 1.0018e+00
nan	 nan	 4.1903e-01	 9.9996e-01	 4.1879e-01	 1.0008e+00
nan	 nan	 4.1870e-01	 9.9994e-01	 4.1846e-01	 1.0007e+00
nan	 nan	 4.1836e-01	 9.9991e-01	 4.1812e-01	 1.0016e+00
nan	 nan	 4.1803e-01	 9.9988e-01	 4.1779e-01	 1.0010e+00
nan	 nan	 4.1770e-01	 9.9984e-01	 4.1746e-01	 1.0022e+00
nan	 nan	 4.1736e-01	 9.9982e-01	 4.1712e-01	 1.0006e+00
nan	 nan	 4.1702e-01	 9.9982e-01	 4.1679e-01	 1.0019e+00
nan	 nan	 4.1669e-01	 9.9982e-01	 4.1646e-01	 1.0011e+00
nan	 nan	 4.1636e-01	 9.9981e-01	 4.1612e-01	 1.0011e+00
nan	 nan	 4.1602e-01	 9.9982e-01	 4.1579e-01	 1.0012e+00
nan	 nan	 4.1569e-01	 9.9986e-01	 4.1545e-01	 1.0012e+00
nan	 nan	 4.1536e-01	 9.9989e-01	 4.1512e-01	 1.0019e+00
nan	 nan	 4.1502e-01	 9.9993e-01	 4.1478e-01	 1.0006e+00
nan	 nan	 4.1469e-01	 9.9993e-01	 4.1445e-01	 1.0018e+00
nan	 nan	 4.1435e-01	 9.9993e-01	 4.1412e-01	 1.0007e+00
nan	 nan	 4.1402e-01	 9.9991e-01	 4.1378e-01	 1.0019e+00
nan	 nan	 4.1369e-01	 9.9989e-01	 4.1345e-01	 1.0012e+00
nan	 nan	 4.1335e-01	 9.9989e-01	 4.1311e-01	 1.0016e+00
nan	 nan	 4.1302e-01	 9.9991e-01	 4.1278e-01	 1.0017e+00
nan	 nan	 4.1269e-01	 9.9994e-01	 4.1245e-01	 1.0011e+00
nan	 nan	 4.1236e-01	 9.9998e-01	 4.1212e-01	 1.0019e+00
nan	 nan	 4.1203e-01	 1.0000e+00	 4.1179e-01	 1.0007e+00
nan	 nan	 4.1170e-01	 1.0001e+00	 4.1147e-01	 1.0019e+00
nan	 nan	 4.1137e-01	 1.0001e+00	 4.1113e-01	 1.0005e+00
nan	 nan	 4.1104e-01	 1.0000e+00	 4.1080e-01	 1.0016e+00
nan	 nan	 4.1071e-01	 9.9998e-01	 4.1047e-01	 1.0013e+00
nan	 nan	 4.1038e-01	 9.9991e-01	 4.1015e-01	 1.0011e+00
nan	 nan	 4.1005e-01	 9.9988e-01	 4.0982e-01	 1.0013e+00
nan	 nan	 4.0973e-01	 9.9989e-01	 4.0949e-01	 1.0009e+00
nan	 nan	 4.0940e-01	 9.9986e-01	 4.0916e-01	 1.0021e+00
nan	 nan	 4.0906e-01	 9.9981e-01	 4.0883e-01	 1.0009e+00
nan	 nan	 4.0874e-01	 9.9977e-01	 4.0850e-01	 1.0020e+00
nan	 nan	 4.0841e-01	 9.9977e-01	 4.0817e-01	 1.0011e+00
nan	 nan	 4.0808e-01	 9.9979e-01	 4.0784e-01	 1.0018e+00
nan	 nan	 4.0775e-01	 9.9981e-01	 4.0751e-01	 1.0008e+00
nan	 nan	 4.0742e-01	 9.9982e-01	 4.0718e-01	 1.0009e+00
nan	 nan	 4.0708e-01	 9.9982e-01	 4.0685e-01	 1.0020e+00
nan	 nan	 4.0676e-01	 9.9984e-01	 4.0652e-01	 1.0008e+00
nan	 nan	 4.0643e-01	 9.9986e-01	 4.0620e-01	 1.0018e+00
nan	 nan	 4.0610e-01	 9.9991e-01	 4.0587e-01	 1.0006e+00
nan	 nan	 4.0577e-01	 9.9994e-01	 4.0554e-01	 1.0024e+00
nan	 nan	 4.0545e-01	 9.9996e-01	 4.0521e-01	 1.0015e+00
nan	 nan	 4.0512e-01	 9.9996e-01	 4.0488e-01	 1.0015e+00
nan	 nan	 4.0479e-01	 9.9996e-01	 4.0456e-01	 1.0015e+00
nan	 nan	 4.0446e-01	 9.9996e-01	 4.0423e-01	 1.0014e+00
nan	 nan	 4.0414e-01	 9.9994e-01	 4.0390e-01	 1.0019e+00
nan	 nan	 4.0381e-01	 9.9991e-01	 4.0358e-01	 1.0004e+00
nan	 nan	 4.0348e-01	 9.9988e-01	 4.0325e-01	 1.0016e+00
nan	 nan	 4.0315e-01	 9.9986e-01	 4.0292e-01	 1.0005e+00
nan	 nan	 4.0282e-01	 9.9984e-01	 4.0259e-01	 1.0014e+00
nan	 nan	 4.0250e-01	 9.9982e-01	 4.0226e-01	 1.0012e+00
nan	 nan	 4.0217e-01	 9.9981e-01	 4.0194e-01	 1.0017e+00
nan	 nan	 4.0184e-01	 9.9981e-01	 4.0161e-01	 1.0013e+00
nan	 nan	 4.0152e-01	 9.9984e-01	 4.0129e-01	 1.0008e+00
nan	 nan	 4.0120e-01	 9.9989e-01	 4.0096e-01	 1.0018e+00
nan	 nan	 4.0087e-01	 9.9996e-01	 4.0064e-01	 1.0008e+00
nan	 nan	 4.0055e-01	 9.9999e-01	 4.0032e-01	 1.0024e+00
nan	 nan	 4.0022e-01	 9.9998e-01	 3.9999e-01	 1.0011e+00
nan	 nan	 3.9990e-01	 9.9993e-01	 3.9967e-01	 1.0019e+00
nan	 nan	 3.9958e-01	 9.9988e-01	 3.9935e-01	 1.0018e+00
nan	 nan	 3.9926e-01	 9.9984e-01	 3.9902e-01	 1.0018e+00
nan	 nan	 3.9893e-01	 9.9982e-01	 3.9870e-01	 1.0020e+00
nan	 nan	 3.9861e-01	 9.9982e-01	 3.9838e-01	 1.0011e+00
nan	 nan	 3.9829e-01	 9.9982e-01	 3.9806e-01	 1.0020e+00
nan	 nan	 3.9797e-01	 9.9984e-01	 3.9774e-01	 1.0004e+00
nan	 nan	 3.9765e-01	 9.9986e-01	 3.9742e-01	 1.0015e+00
nan	 nan	 3.9733e-01	 9.9988e-01	 3.9710e-01	 1.0006e+00
nan	 nan	 3.9701e-01	 9.9988e-01	 3.9678e-01	 1.0017e+00
nan	 nan	 3.9669e-01	 9.9988e-01	 3.9646e-01	 1.0016e+00
nan	 nan	 3.9637e-01	 9.9988e-01	 3.9614e-01	 1.0014e+00
nan	 nan	 3.9605e-01	 9.9986e-01	 3.9582e-01	 1.0020e+00
nan	 nan	 3.9573e-01	 9.9988e-01	 3.9550e-01	 1.0007e+00
nan	 nan	 3.9542e-01	 9.9993e-01	 3.9519e-01	 1.0024e+00
nan	 nan	 3.9509e-01	 9.9996e-01	 3.9487e-01	 1.0012e+00
nan	 nan	 3.9477e-01	 9.9996e-01	 3.9455e-01	 1.0020e+00
nan	 nan	 3.9446e-01	 9.9996e-01	 3.9423e-01	 1.0010e+00
nan	 nan	 3.9414e-01	 9.9993e-01	 3.9391e-01	 1.0015e+00
nan	 nan	 3.9382e-01	 9.9989e-01	 3.9360e-01	 1.0017e+00
nan	 nan	 3.9350e-01	 9.9982e-01	 3.9328e-01	 1.0011e+00
nan	 nan	 3.9319e-01	 9.9977e-01	 3.9296e-01	 1.0019e+00
nan	 nan	 3.9287e-01	 9.9974e-01	 3.9264e-01	 1.0010e+00
nan	 nan	 3.9255e-01	 9.9974e-01	 3.9233e-01	 1.0026e+00
nan	 nan	 3.9224e-01	 9.9981e-01	 3.9201e-01	 1.0011e+00
nan	 nan	 3.9192e-01	 9.9988e-01	 3.9170e-01	 1.0015e+00
nan	 nan	 3.9161e-01	 9.9994e-01	 3.9138e-01	 1.0014e+00
nan	 nan	 3.9129e-01	 9.9999e-01	 3.9106e-01	 1.0015e+00
nan	 nan	 3.9097e-01	 1.0000e+00	 3.9075e-01	 1.0017e+00
nan	 nan	 3.9066e-01	 9.9996e-01	 3.9043e-01	 1.0007e+00
nan	 nan	 3.9034e-01	 9.9986e-01	 3.9012e-01	 1.0020e+00
nan	 nan	 3.9003e-01	 9.9977e-01	 3.8980e-01	 1.0011e+00
nan	 nan	 3.8971e-01	 9.9976e-01	 3.8949e-01	 1.0023e+00
nan	 nan	 3.8939e-01	 9.9982e-01	 3.8917e-01	 1.0011e+00
nan	 nan	 3.8908e-01	 9.9989e-01	 3.8886e-01	 1.0014e+00
nan	 nan	 3.8877e-01	 9.9996e-01	 3.8854e-01	 1.0007e+00
nan	 nan	 3.8845e-01	 1.0000e+00	 3.8823e-01	 1.0015e+00
nan	 nan	 3.8814e-01	 1.0000e+00	 3.8792e-01	 1.0020e+00
nan	 nan	 3.8783e-01	 1.0000e+00	 3.8760e-01	 1.0006e+00
nan	 nan	 3.8752e-01	 9.9998e-01	 3.8729e-01	 1.0016e+00
nan	 nan	 3.8721e-01	 9.9994e-01	 3.8698e-01	 1.0006e+00
nan	 nan	 3.8689e-01	 9.9993e-01	 3.8667e-01	 1.0022e+00
nan	 nan	 3.8659e-01	 9.9993e-01	 3.8636e-01	 1.0016e+00
nan	 nan	 3.8627e-01	 9.9994e-01	 3.8605e-01	 1.0021e+00
nan	 nan	 3.8596e-01	 9.9998e-01	 3.8574e-01	 1.0016e+00
nan	 nan	 3.8565e-01	 1.0000e+00	 3.8542e-01	 1.0012e+00
nan	 nan	 3.8533e-01	 1.0001e+00	 3.8511e-01	 1.0020e+00
nan	 nan	 3.8503e-01	 1.0001e+00	 3.8480e-01	 1.0013e+00
nan	 nan	 3.8472e-01	 1.0001e+00	 3.8449e-01	 1.0023e+00
nan	 nan	 3.8440e-01	 1.0001e+00	 3.8418e-01	 1.0014e+00
nan	 nan	 3.8409e-01	 1.0000e+00	 3.8387e-01	 1.0022e+00
nan	 nan	 3.8378e-01	 9.9998e-01	 3.8355e-01	 1.0014e+00
nan	 nan	 3.8347e-01	 9.9993e-01	 3.8324e-01	 1.0018e+00
nan	 nan	 3.8315e-01	 9.9988e-01	 3.8293e-01	 1.0013e+00
nan	 nan	 3.8284e-01	 9.9982e-01	 3.8262e-01	 1.0006e+00
nan	 nan	 3.8253e-01	 9.9979e-01	 3.8231e-01	 1.0014e+00
nan	 nan	 3.8222e-01	 9.9979e-01	 3.8200e-01	 1.0004e+00
nan	 nan	 3.8191e-01	 9.9981e-01	 3.8169e-01	 1.0017e+00
nan	 nan	 3.8160e-01	 9.9986e-01	 3.8138e-01	 1.0011e+00
nan	 nan	 3.8129e-01	 9.9991e-01	 3.8107e-01	 1.0019e+00
nan	 nan	 3.8098e-01	 9.9998e-01	 3.8076e-01	 1.0013e+00
nan	 nan	 3.8067e-01	 9.9999e-01	 3.8045e-01	 1.0017e+00
nan	 nan	 3.8036e-01	 1.0000e+00	 3.8014e-01	 1.0018e+00
nan	 nan	 3.8005e-01	 1.0000e+00	 3.7983e-01	 1.0010e+00
nan	 nan	 3.7974e-01	 1.0000e+00	 3.7952e-01	 1.0025e+00
nan	 nan	 3.7943e-01	 1.0000e+00	 3.7921e-01	 1.0011e+00
nan	 nan	 3.7912e-01	 9.9996e-01	 3.7890e-01	 1.0022e+00
nan	 nan	 3.7881e-01	 9.9994e-01	 3.7859e-01	 1.0011e+00
nan	 nan	 3.7850e-01	 9.9996e-01	 3.7828e-01	 1.0021e+00
nan	 nan	 3.7819e-01	 1.0000e+00	 3.7797e-01	 1.0018e+00
nan	 nan	 3.7788e-01	 1.0000e+00	 3.7766e-01	 1.0015e+00
nan	 nan	 3.7758e-01	 1.0001e+00	 3.7735e-01	 1.0019e+00
nan	 nan	 3.7727e-01	 1.0000e+00	 3.7705e-01	 1.0007e+00
nan	 nan	 3.7696e-01	 9.9999e-01	 3.7674e-01	 1.0018e+00
nan	 nan	 3.7665e-01	 9.9993e-01	 3.7644e-01	 1.0008e+00
nan	 nan	 3.7635e-01	 9.9989e-01	 3.7613e-01	 1.0023e+00
nan	 nan	 3.7605e-01	 9.9989e-01	 3.7583e-01	 1.0014e+00
nan	 nan	 3.7574e-01	 9.9991e-01	 3.7552e-01	 1.0021e+00
nan	 nan	 3.7544e-01	 9.9993e-01	 3.7522e-01	 1.0022e+00
nan	 nan	 3.7513e-01	 9.9996e-01	 3.7491e-01	 1.0010e+00
nan	 nan	 3.7483e-01	 9.9998e-01	 3.7461e-01	 1.0016e+00
nan	 nan	 3.7452e-01	 9.9996e-01	 3.7430e-01	 1.0015e+00
nan	 nan	 3.7422e-01	 9.9994e-01	 3.7400e-01	 1.0029e+00
nan	 nan	 3.7391e-01	 9.9996e-01	 3.7369e-01	 1.0012e+00
nan	 nan	 3.7361e-01	 9.9999e-01	 3.7339e-01	 1.0016e+00
nan	 nan	 3.7330e-01	 1.0000e+00	 3.7308e-01	 1.0006e+00
nan	 nan	 3.7300e-01	 1.0001e+00	 3.7278e-01	 1.0012e+00
nan	 nan	 3.7270e-01	 1.0000e+00	 3.7248e-01	 1.0012e+00
nan	 nan	 3.7239e-01	 1.0000e+00	 3.7218e-01	 1.0009e+00
nan	 nan	 3.7209e-01	 9.9999e-01	 3.7187e-01	 1.0018e+00
nan	 nan	 3.7178e-01	 9.9999e-01	 3.7156e-01	 1.0008e+00
nan	 nan	 3.7148e-01	 1.0000e+00	 3.7126e-01	 1.0022e+00
nan	 nan	 3.7117e-01	 1.0000e+00	 3.7095e-01	 1.0011e+00
nan	 nan	 3.7086e-01	 1.0001e+00	 3.7064e-01	 1.0018e+00
nan	 nan	 3.7055e-01	 1.0001e+00	 3.7033e-01	 1.0013e+00
nan	 nan	 3.7024e-01	 1.0000e+00	 3.7002e-01	 1.0018e+00
nan	 nan	 3.6993e-01	 9.9993e-01	 3.6972e-01	 1.0022e+00
nan	 nan	 3.6963e-01	 9.9982e-01	 3.6941e-01	 1.0012e+00
nan	 nan	 3.6932e-01	 9.9976e-01	 3.6910e-01	 1.0022e+00
nan	 nan	 3.6901e-01	 9.9972e-01	 3.6879e-01	 1.0012e+00
nan	 nan	 3.6871e-01	 9.9976e-01	 3.6849e-01	 1.0025e+00
nan	 nan	 3.6840e-01	 9.9984e-01	 3.6817e-01	 1.0012e+00
nan	 nan	 3.6809e-01	 9.9996e-01	 3.6787e-01	 1.0018e+00
nan	 nan	 3.6779e-01	 1.0001e+00	 3.6757e-01	 1.0015e+00
nan	 nan	 3.6748e-01	 1.0001e+00	 3.6726e-01	 1.0019e+00
nan	 nan	 3.6717e-01	 1.0001e+00	 3.6696e-01	 1.0022e+00
nan	 nan	 3.6687e-01	 1.0001e+00	 3.6665e-01	 1.0007e+00
nan	 nan	 3.6656e-01	 1.0001e+00	 3.6635e-01	 1.0021e+00
nan	 nan	 3.6626e-01	 1.0000e+00	 3.6604e-01	 1.0013e+00
nan	 nan	 3.6596e-01	 9.9999e-01	 3.6574e-01	 1.0022e+00
nan	 nan	 3.6565e-01	 1.0000e+00	 3.6543e-01	 1.0011e+00
nan	 nan	 3.6534e-01	 1.0000e+00	 3.6512e-01	 1.0014e+00
nan	 nan	 3.6504e-01	 1.0000e+00	 3.6482e-01	 1.0014e+00
nan	 nan	 3.6473e-01	 1.0000e+00	 3.6452e-01	 1.0011e+00
nan	 nan	 3.6443e-01	 1.0000e+00	 3.6421e-01	 1.0019e+00
nan	 nan	 3.6412e-01	 9.9999e-01	 3.6391e-01	 1.0007e+00
nan	 nan	 3.6382e-01	 9.9996e-01	 3.6360e-01	 1.0018e+00
nan	 nan	 3.6352e-01	 9.9994e-01	 3.6330e-01	 1.0005e+00
nan	 nan	 3.6321e-01	 9.9994e-01	 3.6300e-01	 1.0015e+00
nan	 nan	 3.6291e-01	 9.9994e-01	 3.6269e-01	 1.0013e+00
nan	 nan	 3.6261e-01	 9.9996e-01	 3.6239e-01	 1.0016e+00
nan	 nan	 3.6230e-01	 1.0000e+00	 3.6209e-01	 1.0019e+00
nan	 nan	 3.6200e-01	 1.0000e+00	 3.6179e-01	 1.0012e+00
nan	 nan	 3.6170e-01	 1.0000e+00	 3.6149e-01	 1.0022e+00
nan	 nan	 3.6140e-01	 9.9999e-01	 3.6119e-01	 1.0012e+00
nan	 nan	 3.6110e-01	 9.9998e-01	 3.6089e-01	 1.0023e+00
nan	 nan	 3.6080e-01	 1.0000e+00	 3.6059e-01	 1.0012e+00
nan	 nan	 3.6050e-01	 1.0000e+00	 3.6029e-01	 1.0022e+00
nan	 nan	 3.6021e-01	 1.0001e+00	 3.5999e-01	 1.0014e+00
nan	 nan	 3.5990e-01	 1.0001e+00	 3.5969e-01	 1.0015e+00
nan	 nan	 3.5960e-01	 1.0001e+00	 3.5939e-01	 1.0020e+00
nan	 nan	 3.5930e-01	 1.0001e+00	 3.5909e-01	 1.0011e+00
nan	 nan	 3.5900e-01	 9.9998e-01	 3.5879e-01	 1.0026e+00
nan	 nan	 3.5871e-01	 9.9988e-01	 3.5849e-01	 1.0013e+00
nan	 nan	 3.5840e-01	 9.9982e-01	 3.5819e-01	 1.0021e+00
nan	 nan	 3.5810e-01	 9.9982e-01	 3.5789e-01	 1.0012e+00
nan	 nan	 3.5780e-01	 9.9991e-01	 3.5759e-01	 1.0020e+00
nan	 nan	 3.5750e-01	 1.0000e+00	 3.5729e-01	 1.0019e+00
nan	 nan	 3.5720e-01	 1.0001e+00	 3.5699e-01	 1.0015e+00
nan	 nan	 3.5690e-01	 1.0002e+00	 3.5669e-01	 1.0019e+00
nan	 nan	 3.5661e-01	 1.0002e+00	 3.5639e-01	 1.0012e+00
nan	 nan	 3.5631e-01	 1.0001e+00	 3.5609e-01	 1.0024e+00
nan	 nan	 3.5601e-01	 1.0001e+00	 3.5580e-01	 1.0008e+00
nan	 nan	 3.5572e-01	 1.0000e+00	 3.5550e-01	 1.0021e+00
nan	 nan	 3.5542e-01	 9.9998e-01	 3.5520e-01	 1.0014e+00
nan	 nan	 3.5512e-01	 9.9994e-01	 3.5491e-01	 1.0022e+00
nan	 nan	 3.5483e-01	 9.9991e-01	 3.5461e-01	 1.0018e+00
nan	 nan	 3.5453e-01	 9.9989e-01	 3.5432e-01	 1.0011e+00
nan	 nan	 3.5423e-01	 9.9989e-01	 3.5402e-01	 1.0020e+00
nan	 nan	 3.5394e-01	 9.9991e-01	 3.5373e-01	 1.0012e+00
nan	 nan	 3.5364e-01	 9.9994e-01	 3.5343e-01	 1.0022e+00
nan	 nan	 3.5335e-01	 9.9998e-01	 3.5314e-01	 1.0008e+00
nan	 nan	 3.5305e-01	 1.0000e+00	 3.5284e-01	 1.0022e+00
nan	 nan	 3.5276e-01	 1.0001e+00	 3.5255e-01	 1.0015e+00
nan	 nan	 3.5247e-01	 1.0001e+00	 3.5226e-01	 1.0019e+00
nan	 nan	 3.5218e-01	 1.0001e+00	 3.5197e-01	 1.0020e+00
nan	 nan	 3.5188e-01	 1.0001e+00	 3.5167e-01	 1.0012e+00
nan	 nan	 3.5159e-01	 1.0001e+00	 3.5138e-01	 1.0019e+00
nan	 nan	 3.5130e-01	 1.0001e+00	 3.5109e-01	 1.0010e+00
nan	 nan	 3.5101e-01	 1.0000e+00	 3.5080e-01	 1.0021e+00
nan	 nan	 3.5071e-01	 9.9999e-01	 3.5051e-01	 1.0007e+00
nan	 nan	 3.5042e-01	 9.9996e-01	 3.5022e-01	 1.0020e+00
nan	 nan	 3.5013e-01	 9.9993e-01	 3.4992e-01	 1.0014e+00
nan	 nan	 3.4984e-01	 9.9991e-01	 3.4964e-01	 1.0007e+00
nan	 nan	 3.4956e-01	 9.9989e-01	 3.4935e-01	 1.0017e+00
nan	 nan	 3.4926e-01	 9.9988e-01	 3.4906e-01	 1.0014e+00
nan	 nan	 3.4897e-01	 9.9988e-01	 3.4876e-01	 1.0024e+00
nan	 nan	 3.4868e-01	 9.9989e-01	 3.4848e-01	 1.0005e+00
nan	 nan	 3.4840e-01	 9.9993e-01	 3.4819e-01	 1.0019e+00
nan	 nan	 3.4810e-01	 9.9998e-01	 3.4790e-01	 1.0016e+00
nan	 nan	 3.4781e-01	 1.0000e+00	 3.4760e-01	 1.0021e+00
nan	 nan	 3.4752e-01	 1.0001e+00	 3.4731e-01	 1.0017e+00
nan	 nan	 3.4723e-01	 1.0001e+00	 3.4702e-01	 1.0014e+00
nan	 nan	 3.4693e-01	 1.0001e+00	 3.4672e-01	 1.0017e+00
nan	 nan	 3.4664e-01	 1.0000e+00	 3.4643e-01	 1.0007e+00
nan	 nan	 3.4635e-01	 1.0000e+00	 3.4613e-01	 1.0021e+00
nan	 nan	 3.4605e-01	 1.0000e+00	 3.4584e-01	 1.0010e+00
nan	 nan	 3.4576e-01	 1.0000e+00	 3.4555e-01	 1.0019e+00
nan	 nan	 3.4546e-01	 1.0000e+00	 3.4526e-01	 1.0010e+00
nan	 nan	 3.4517e-01	 9.9999e-01	 3.4497e-01	 1.0014e+00
nan	 nan	 3.4489e-01	 9.9998e-01	 3.4468e-01	 1.0017e+00
nan	 nan	 3.4460e-01	 9.9996e-01	 3.4440e-01	 1.0015e+00
nan	 nan	 3.4431e-01	 9.9993e-01	 3.4411e-01	 1.0024e+00
nan	 nan	 3.4402e-01	 9.9989e-01	 3.4382e-01	 1.0014e+00
nan	 nan	 3.4373e-01	 9.9988e-01	 3.4353e-01	 1.0024e+00
nan	 nan	 3.4345e-01	 9.9988e-01	 3.4324e-01	 1.0010e+00
nan	 nan	 3.4316e-01	 9.9991e-01	 3.4296e-01	 1.0020e+00
nan	 nan	 3.4287e-01	 9.9996e-01	 3.4267e-01	 1.0016e+00
nan	 nan	 3.4259e-01	 1.0000e+00	 3.4238e-01	 1.0021e+00
nan	 nan	 3.4230e-01	 1.0000e+00	 3.4210e-01	 1.0026e+00
nan	 nan	 3.4201e-01	 1.0001e+00	 3.4181e-01	 1.0016e+00
nan	 nan	 3.4173e-01	 1.0001e+00	 3.4153e-01	 1.0021e+00
nan	 nan	 3.4144e-01	 1.0001e+00	 3.4124e-01	 1.0010e+00
nan	 nan	 3.4116e-01	 1.0001e+00	 3.4096e-01	 1.0024e+00
nan	 nan	 3.4087e-01	 1.0001e+00	 3.4067e-01	 1.0011e+00
nan	 nan	 3.4059e-01	 1.0000e+00	 3.4039e-01	 1.0019e+00
nan	 nan	 3.4031e-01	 1.0001e+00	 3.4010e-01	 1.0013e+00
nan	 nan	 3.4002e-01	 1.0001e+00	 3.3982e-01	 1.0014e+00
nan	 nan	 3.3974e-01	 1.0001e+00	 3.3954e-01	 1.0022e+00
nan	 nan	 3.3946e-01	 1.0001e+00	 3.3925e-01	 1.0010e+00
nan	 nan	 3.3917e-01	 1.0000e+00	 3.3897e-01	 1.0016e+00
nan	 nan	 3.3888e-01	 9.9999e-01	 3.3868e-01	 1.0003e+00
nan	 nan	 3.3860e-01	 9.9998e-01	 3.3839e-01	 1.0019e+00
nan	 nan	 3.3831e-01	 9.9996e-01	 3.3811e-01	 1.0013e+00
nan	 nan	 3.3803e-01	 9.9998e-01	 3.3782e-01	 1.0018e+00
nan	 nan	 3.3774e-01	 9.9999e-01	 3.3754e-01	 1.0014e+00
nan	 nan	 3.3746e-01	 1.0000e+00	 3.3726e-01	 1.0012e+00
nan	 nan	 3.3717e-01	 1.0000e+00	 3.3697e-01	 1.0022e+00
nan	 nan	 3.3689e-01	 1.0000e+00	 3.3669e-01	 1.0016e+00
nan	 nan	 3.3661e-01	 9.9999e-01	 3.3640e-01	 1.0027e+00
nan	 nan	 3.3632e-01	 1.0000e+00	 3.3612e-01	 1.0014e+00
nan	 nan	 3.3604e-01	 1.0000e+00	 3.3584e-01	 1.0020e+00
nan	 nan	 3.3576e-01	 1.0001e+00	 3.3556e-01	 1.0011e+00
nan	 nan	 3.3548e-01	 1.0001e+00	 3.3528e-01	 1.0014e+00
nan	 nan	 3.3520e-01	 1.0001e+00	 3.3499e-01	 1.0014e+00
nan	 nan	 3.3492e-01	 1.0001e+00	 3.3471e-01	 1.0015e+00
nan	 nan	 3.3463e-01	 1.0000e+00	 3.3443e-01	 1.0028e+00
nan	 nan	 3.3435e-01	 9.9998e-01	 3.3415e-01	 1.0012e+00
nan	 nan	 3.3407e-01	 9.9998e-01	 3.3387e-01	 1.0021e+00
nan	 nan	 3.3379e-01	 9.9998e-01	 3.3359e-01	 1.0011e+00
nan	 nan	 3.3351e-01	 9.9999e-01	 3.3331e-01	 1.0022e+00
nan	 nan	 3.3323e-01	 1.0000e+00	 3.3303e-01	 1.0016e+00
nan	 nan	 3.3295e-01	 1.0001e+00	 3.3275e-01	 1.0018e+00
nan	 nan	 3.3267e-01	 1.0001e+00	 3.3247e-01	 1.0021e+00
nan	 nan	 3.3239e-01	 1.0002e+00	 3.3219e-01	 1.0012e+00
nan	 nan	 3.3210e-01	 1.0001e+00	 3.3191e-01	 1.0025e+00
nan	 nan	 3.3182e-01	 1.0001e+00	 3.3163e-01	 1.0015e+00
nan	 nan	 3.3155e-01	 1.0000e+00	 3.3135e-01	 1.0024e+00
nan	 nan	 3.3127e-01	 1.0000e+00	 3.3107e-01	 1.0010e+00
nan	 nan	 3.3099e-01	 1.0000e+00	 3.3080e-01	 1.0020e+00
nan	 nan	 3.3072e-01	 1.0001e+00	 3.3052e-01	 1.0017e+00
nan	 nan	 3.3044e-01	 1.0001e+00	 3.3025e-01	 1.0014e+00
nan	 nan	 3.3017e-01	 1.0001e+00	 3.2997e-01	 1.0023e+00
nan	 nan	 3.2989e-01	 1.0001e+00	 3.2970e-01	 1.0011e+00
nan	 nan	 3.2961e-01	 1.0000e+00	 3.2942e-01	 1.0019e+00
nan	 nan	 3.2934e-01	 9.9998e-01	 3.2914e-01	 1.0011e+00
nan	 nan	 3.2906e-01	 9.9996e-01	 3.2887e-01	 1.0026e+00
nan	 nan	 3.2879e-01	 9.9993e-01	 3.2859e-01	 1.0017e+00
nan	 nan	 3.2851e-01	 9.9991e-01	 3.2831e-01	 1.0022e+00
nan	 nan	 3.2823e-01	 9.9993e-01	 3.2803e-01	 1.0015e+00
nan	 nan	 3.2795e-01	 9.9996e-01	 3.2775e-01	 1.0013e+00
nan	 nan	 3.2767e-01	 1.0000e+00	 3.2748e-01	 1.0024e+00
nan	 nan	 3.2740e-01	 1.0001e+00	 3.2720e-01	 1.0012e+00
nan	 nan	 3.2712e-01	 1.0001e+00	 3.2692e-01	 1.0024e+00
nan	 nan	 3.2684e-01	 1.0001e+00	 3.2665e-01	 1.0014e+00
nan	 nan	 3.2657e-01	 1.0001e+00	 3.2637e-01	 1.0023e+00
nan	 nan	 3.2629e-01	 1.0001e+00	 3.2610e-01	 1.0011e+00
nan	 nan	 3.2602e-01	 1.0001e+00	 3.2583e-01	 1.0012e+00
nan	 nan	 3.2575e-01	 1.0001e+00	 3.2555e-01	 1.0016e+00
nan	 nan	 3.2548e-01	 1.0001e+00	 3.2528e-01	 1.0012e+00
nan	 nan	 3.2520e-01	 1.0002e+00	 3.2501e-01	 1.0023e+00
nan	 nan	 3.2493e-01	 1.0002e+00	 3.2474e-01	 1.0007e+00
nan	 nan	 3.2466e-01	 1.0001e+00	 3.2447e-01	 1.0017e+00
nan	 nan	 3.2439e-01	 1.0000e+00	 3.2420e-01	 1.0009e+00
nan	 nan	 3.2412e-01	 9.9994e-01	 3.2393e-01	 1.0023e+00
nan	 nan	 3.2385e-01	 9.9988e-01	 3.2365e-01	 1.0022e+00
nan	 nan	 3.2358e-01	 9.9988e-01	 3.2338e-01	 1.0021e+00
nan	 nan	 3.2331e-01	 9.9993e-01	 3.2312e-01	 1.0021e+00
nan	 nan	 3.2304e-01	 9.9999e-01	 3.2285e-01	 1.0015e+00
nan	 nan	 3.2277e-01	 1.0000e+00	 3.2258e-01	 1.0029e+00
nan	 nan	 3.2250e-01	 1.0000e+00	 3.2231e-01	 1.0015e+00
nan	 nan	 3.2223e-01	 1.0000e+00	 3.2204e-01	 1.0021e+00
nan	 nan	 3.2197e-01	 1.0001e+00	 3.2178e-01	 1.0013e+00
nan	 nan	 3.2170e-01	 1.0001e+00	 3.2151e-01	 1.0023e+00
nan	 nan	 3.2143e-01	 1.0001e+00	 3.2124e-01	 1.0016e+00
nan	 nan	 3.2116e-01	 9.9998e-01	 3.2097e-01	 1.0017e+00
nan	 nan	 3.2090e-01	 9.9993e-01	 3.2071e-01	 1.0024e+00
nan	 nan	 3.2063e-01	 9.9991e-01	 3.2044e-01	 1.0012e+00
nan	 nan	 3.2037e-01	 9.9996e-01	 3.2017e-01	 1.0022e+00
nan	 nan	 3.2010e-01	 1.0000e+00	 3.1991e-01	 1.0008e+00
nan	 nan	 3.1983e-01	 1.0001e+00	 3.1964e-01	 1.0017e+00
nan	 nan	 3.1957e-01	 1.0001e+00	 3.1938e-01	 1.0011e+00
nan	 nan	 3.1930e-01	 1.0001e+00	 3.1911e-01	 1.0021e+00
nan	 nan	 3.1904e-01	 1.0001e+00	 3.1885e-01	 1.0019e+00
nan	 nan	 3.1877e-01	 1.0000e+00	 3.1858e-01	 1.0012e+00
nan	 nan	 3.1851e-01	 1.0001e+00	 3.1832e-01	 1.0020e+00
nan	 nan	 3.1824e-01	 1.0001e+00	 3.1806e-01	 1.0010e+00
nan	 nan	 3.1798e-01	 1.0001e+00	 3.1779e-01	 1.0021e+00
nan	 nan	 3.1772e-01	 1.0001e+00	 3.1753e-01	 1.0009e+00
nan	 nan	 3.1745e-01	 1.0001e+00	 3.1726e-01	 1.0025e+00
nan	 nan	 3.1719e-01	 1.0001e+00	 3.1700e-01	 1.0018e+00
nan	 nan	 3.1692e-01	 1.0001e+00	 3.1674e-01	 1.0019e+00
nan	 nan	 3.1666e-01	 1.0001e+00	 3.1647e-01	 1.0020e+00
nan	 nan	 3.1640e-01	 1.0001e+00	 3.1621e-01	 1.0015e+00
nan	 nan	 3.1613e-01	 1.0000e+00	 3.1594e-01	 1.0023e+00
nan	 nan	 3.1587e-01	 9.9996e-01	 3.1568e-01	 1.0009e+00
nan	 nan	 3.1560e-01	 9.9998e-01	 3.1541e-01	 1.0022e+00
nan	 nan	 3.1534e-01	 1.0000e+00	 3.1515e-01	 1.0011e+00
nan	 nan	 3.1507e-01	 1.0001e+00	 3.1489e-01	 1.0019e+00
nan	 nan	 3.1481e-01	 1.0001e+00	 3.1462e-01	 1.0015e+00
nan	 nan	 3.1455e-01	 1.0001e+00	 3.1436e-01	 1.0017e+00
nan	 nan	 3.1429e-01	 1.0001e+00	 3.1410e-01	 1.0021e+00
nan	 nan	 3.1403e-01	 1.0001e+00	 3.1384e-01	 1.0010e+00
nan	 nan	 3.1377e-01	 1.0001e+00	 3.1358e-01	 1.0021e+00
nan	 nan	 3.1350e-01	 1.0001e+00	 3.1332e-01	 1.0008e+00
nan	 nan	 3.1324e-01	 1.0001e+00	 3.1305e-01	 1.0022e+00
nan	 nan	 3.1298e-01	 1.0002e+00	 3.1279e-01	 1.0012e+00
nan	 nan	 3.1271e-01	 1.0003e+00	 3.1252e-01	 1.0023e+00
nan	 nan	 3.1245e-01	 1.0002e+00	 3.1226e-01	 1.0020e+00
nan	 nan	 3.1219e-01	 1.0002e+00	 3.1200e-01	 1.0020e+00
nan	 nan	 3.1193e-01	 1.0001e+00	 3.1174e-01	 1.0025e+00
nan	 nan	 3.1167e-01	 1.0000e+00	 3.1148e-01	 1.0012e+00
nan	 nan	 3.1140e-01	 1.0000e+00	 3.1122e-01	 1.0021e+00
nan	 nan	 3.1114e-01	 1.0001e+00	 3.1096e-01	 1.0006e+00
nan	 nan	 3.1089e-01	 1.0002e+00	 3.1070e-01	 1.0022e+00
nan	 nan	 3.1063e-01	 1.0002e+00	 3.1045e-01	 1.0014e+00
nan	 nan	 3.1037e-01	 1.0002e+00	 3.1018e-01	 1.0019e+00
nan	 nan	 3.1011e-01	 1.0001e+00	 3.0992e-01	 1.0022e+00
nan	 nan	 3.0985e-01	 1.0001e+00	 3.0967e-01	 1.0015e+00
nan	 nan	 3.0960e-01	 1.0000e+00	 3.0941e-01	 1.0024e+00
nan	 nan	 3.0933e-01	 1.0000e+00	 3.0915e-01	 1.0019e+00
nan	 nan	 3.0908e-01	 1.0001e+00	 3.0889e-01	 1.0028e+00
nan	 nan	 3.0882e-01	 1.0001e+00	 3.0864e-01	 1.0014e+00
nan	 nan	 3.0856e-01	 1.0001e+00	 3.0838e-01	 1.0025e+00
nan	 nan	 3.0831e-01	 1.0001e+00	 3.0812e-01	 1.0022e+00
nan	 nan	 3.0805e-01	 1.0001e+00	 3.0786e-01	 1.0019e+00
nan	 nan	 3.0779e-01	 1.0001e+00	 3.0760e-01	 1.0015e+00
nan	 nan	 3.0753e-01	 1.0002e+00	 3.0735e-01	 1.0010e+00
nan	 nan	 3.0727e-01	 1.0002e+00	 3.0709e-01	 1.0028e+00
nan	 nan	 3.0701e-01	 1.0002e+00	 3.0683e-01	 1.0018e+00
nan	 nan	 3.0676e-01	 1.0000e+00	 3.0658e-01	 1.0021e+00
nan	 nan	 3.0651e-01	 9.9996e-01	 3.0633e-01	 1.0008e+00
nan	 nan	 3.0625e-01	 9.9991e-01	 3.0607e-01	 1.0025e+00
nan	 nan	 3.0600e-01	 9.9991e-01	 3.0582e-01	 1.0022e+00
nan	 nan	 3.0575e-01	 9.9993e-01	 3.0556e-01	 1.0019e+00
nan	 nan	 3.0549e-01	 9.9996e-01	 3.0531e-01	 1.0021e+00
nan	 nan	 3.0524e-01	 1.0000e+00	 3.0505e-01	 1.0013e+00
nan	 nan	 3.0498e-01	 1.0000e+00	 3.0480e-01	 1.0021e+00
nan	 nan	 3.0473e-01	 1.0000e+00	 3.0454e-01	 1.0009e+00
nan	 nan	 3.0447e-01	 1.0000e+00	 3.0429e-01	 1.0022e+00
nan	 nan	 3.0422e-01	 1.0000e+00	 3.0403e-01	 1.0013e+00
nan	 nan	 3.0396e-01	 9.9999e-01	 3.0378e-01	 1.0018e+00
nan	 nan	 3.0371e-01	 9.9998e-01	 3.0352e-01	 1.0017e+00
nan	 nan	 3.0345e-01	 9.9994e-01	 3.0327e-01	 1.0019e+00
nan	 nan	 3.0320e-01	 9.9993e-01	 3.0301e-01	 1.0028e+00
nan	 nan	 3.0294e-01	 9.9991e-01	 3.0276e-01	 1.0015e+00
nan	 nan	 3.0269e-01	 9.9991e-01	 3.0250e-01	 1.0026e+00
nan	 nan	 3.0243e-01	 9.9993e-01	 3.0225e-01	 1.0013e+00
nan	 nan	 3.0218e-01	 9.9998e-01	 3.0199e-01	 1.0018e+00
nan	 nan	 3.0192e-01	 1.0000e+00	 3.0174e-01	 1.0011e+00
nan	 nan	 3.0166e-01	 1.0001e+00	 3.0148e-01	 1.0022e+00
nan	 nan	 3.0141e-01	 1.0001e+00	 3.0123e-01	 1.0026e+00
nan	 nan	 3.0116e-01	 1.0002e+00	 3.0097e-01	 1.0017e+00
nan	 nan	 3.0090e-01	 1.0002e+00	 3.0072e-01	 1.0025e+00
nan	 nan	 3.0065e-01	 1.0002e+00	 3.0047e-01	 1.0011e+00
nan	 nan	 3.0040e-01	 1.0001e+00	 3.0022e-01	 1.0027e+00
nan	 nan	 3.0015e-01	 1.0001e+00	 2.9997e-01	 1.0018e+00
nan	 nan	 2.9989e-01	 1.0000e+00	 2.9972e-01	 1.0022e+00
nan	 nan	 2.9964e-01	 1.0000e+00	 2.9946e-01	 1.0013e+00
nan	 nan	 2.9939e-01	 1.0000e+00	 2.9922e-01	 1.0016e+00
nan	 nan	 2.9914e-01	 1.0000e+00	 2.9896e-01	 1.0022e+00
nan	 nan	 2.9889e-01	 1.0000e+00	 2.9872e-01	 1.0020e+00
nan	 nan	 2.9864e-01	 1.0000e+00	 2.9847e-01	 1.0029e+00
nan	 nan	 2.9840e-01	 1.0000e+00	 2.9822e-01	 1.0015e+00
nan	 nan	 2.9815e-01	 1.0001e+00	 2.9797e-01	 1.0024e+00
nan	 nan	 2.9790e-01	 1.0001e+00	 2.9773e-01	 1.0016e+00
nan	 nan	 2.9766e-01	 1.0001e+00	 2.9748e-01	 1.0025e+00
nan	 nan	 2.9740e-01	 1.0001e+00	 2.9723e-01	 1.0015e+00
nan	 nan	 2.9715e-01	 1.0002e+00	 2.9697e-01	 1.0014e+00
nan	 nan	 2.9690e-01	 1.0002e+00	 2.9673e-01	 1.0020e+00
nan	 nan	 2.9665e-01	 1.0002e+00	 2.9648e-01	 1.0008e+00
nan	 nan	 2.9640e-01	 1.0002e+00	 2.9623e-01	 1.0020e+00
nan	 nan	 2.9615e-01	 1.0001e+00	 2.9597e-01	 1.0015e+00
nan	 nan	 2.9590e-01	 1.0001e+00	 2.9573e-01	 1.0020e+00
nan	 nan	 2.9566e-01	 1.0001e+00	 2.9548e-01	 1.0009e+00
nan	 nan	 2.9541e-01	 1.0001e+00	 2.9523e-01	 1.0022e+00
nan	 nan	 2.9516e-01	 1.0002e+00	 2.9497e-01	 1.0017e+00
nan	 nan	 2.9490e-01	 1.0002e+00	 2.9473e-01	 1.0011e+00
nan	 nan	 2.9466e-01	 1.0002e+00	 2.9448e-01	 1.0025e+00
nan	 nan	 2.9441e-01	 1.0001e+00	 2.9423e-01	 1.0015e+00
nan	 nan	 2.9415e-01	 1.0001e+00	 2.9398e-01	 1.0026e+00
nan	 nan	 2.9391e-01	 1.0001e+00	 2.9373e-01	 1.0008e+00
nan	 nan	 2.9365e-01	 1.0000e+00	 2.9347e-01	 1.0019e+00
nan	 nan	 2.9340e-01	 1.0000e+00	 2.9323e-01	 1.0018e+00
nan	 nan	 2.9315e-01	 1.0001e+00	 2.9298e-01	 1.0025e+00
nan	 nan	 2.9291e-01	 1.0002e+00	 2.9273e-01	 1.0018e+00
nan	 nan	 2.9265e-01	 1.0003e+00	 2.9248e-01	 1.0012e+00
nan	 nan	 2.9241e-01	 1.0003e+00	 2.9223e-01	 1.0022e+00
nan	 nan	 2.9215e-01	 1.0003e+00	 2.9198e-01	 1.0011e+00
nan	 nan	 2.9190e-01	 1.0002e+00	 2.9172e-01	 1.0018e+00
nan	 nan	 2.9165e-01	 1.0001e+00	 2.9148e-01	 1.0010e+00
nan	 nan	 2.9141e-01	 1.0001e+00	 2.9123e-01	 1.0026e+00
nan	 nan	 2.9116e-01	 1.0001e+00	 2.9098e-01	 1.0014e+00
nan	 nan	 2.9091e-01	 1.0001e+00	 2.9074e-01	 1.0015e+00
nan	 nan	 2.9067e-01	 1.0002e+00	 2.9049e-01	 1.0025e+00
nan	 nan	 2.9042e-01	 1.0001e+00	 2.9024e-01	 1.0014e+00
nan	 nan	 2.9017e-01	 1.0001e+00	 2.9000e-01	 1.0023e+00
nan	 nan	 2.8993e-01	 1.0000e+00	 2.8975e-01	 1.0019e+00
nan	 nan	 2.8968e-01	 1.0000e+00	 2.8951e-01	 1.0028e+00
nan	 nan	 2.8944e-01	 1.0000e+00	 2.8926e-01	 1.0014e+00
nan	 nan	 2.8919e-01	 1.0001e+00	 2.8901e-01	 1.0024e+00
nan	 nan	 2.8894e-01	 1.0001e+00	 2.8876e-01	 1.0018e+00
nan	 nan	 2.8869e-01	 1.0001e+00	 2.8851e-01	 1.0013e+00
nan	 nan	 2.8844e-01	 1.0001e+00	 2.8826e-01	 1.0020e+00
nan	 nan	 2.8819e-01	 1.0001e+00	 2.8802e-01	 1.0012e+00
nan	 nan	 2.8795e-01	 1.0001e+00	 2.8778e-01	 1.0022e+00
nan	 nan	 2.8771e-01	 1.0002e+00	 2.8754e-01	 1.0014e+00
nan	 nan	 2.8747e-01	 1.0002e+00	 2.8729e-01	 1.0026e+00
nan	 nan	 2.8722e-01	 1.0003e+00	 2.8705e-01	 1.0013e+00
nan	 nan	 2.8698e-01	 1.0003e+00	 2.8681e-01	 1.0019e+00
nan	 nan	 2.8674e-01	 1.0003e+00	 2.8656e-01	 1.0023e+00
nan	 nan	 2.8649e-01	 1.0003e+00	 2.8632e-01	 1.0018e+00
nan	 nan	 2.8625e-01	 1.0003e+00	 2.8608e-01	 1.0022e+00
nan	 nan	 2.8601e-01	 1.0003e+00	 2.8584e-01	 1.0012e+00
nan	 nan	 2.8577e-01	 1.0003e+00	 2.8559e-01	 1.0027e+00
nan	 nan	 2.8552e-01	 1.0003e+00	 2.8535e-01	 1.0010e+00
nan	 nan	 2.8528e-01	 1.0003e+00	 2.8510e-01	 1.0021e+00
nan	 nan	 2.8503e-01	 1.0002e+00	 2.8486e-01	 1.0018e+00
nan	 nan	 2.8479e-01	 1.0002e+00	 2.8462e-01	 1.0024e+00
nan	 nan	 2.8455e-01	 1.0001e+00	 2.8438e-01	 1.0027e+00
nan	 nan	 2.8431e-01	 1.0001e+00	 2.8413e-01	 1.0018e+00
nan	 nan	 2.8406e-01	 1.0002e+00	 2.8389e-01	 1.0022e+00
nan	 nan	 2.8382e-01	 1.0002e+00	 2.8364e-01	 1.0010e+00
nan	 nan	 2.8357e-01	 1.0002e+00	 2.8340e-01	 1.0026e+00
nan	 nan	 2.8333e-01	 1.0002e+00	 2.8316e-01	 1.0018e+00
nan	 nan	 2.8309e-01	 1.0001e+00	 2.8291e-01	 1.0030e+00
nan	 nan	 2.8284e-01	 1.0001e+00	 2.8267e-01	 1.0021e+00
nan	 nan	 2.8260e-01	 1.0001e+00	 2.8242e-01	 1.0014e+00
nan	 nan	 2.8235e-01	 1.0001e+00	 2.8218e-01	 1.0019e+00
nan	 nan	 2.8211e-01	 1.0001e+00	 2.8194e-01	 1.0016e+00
nan	 nan	 2.8187e-01	 1.0001e+00	 2.8169e-01	 1.0025e+00
nan	 nan	 2.8162e-01	 1.0002e+00	 2.8145e-01	 1.0012e+00
nan	 nan	 2.8138e-01	 1.0002e+00	 2.8120e-01	 1.0024e+00
nan	 nan	 2.8114e-01	 1.0002e+00	 2.8096e-01	 1.0012e+00
nan	 nan	 2.8089e-01	 1.0001e+00	 2.8072e-01	 1.0023e+00
nan	 nan	 2.8065e-01	 1.0001e+00	 2.8047e-01	 1.0020e+00
nan	 nan	 2.8040e-01	 1.0000e+00	 2.8023e-01	 1.0022e+00
nan	 nan	 2.8016e-01	 9.9999e-01	 2.7998e-01	 1.0026e+00
nan	 nan	 2.7992e-01	 1.0000e+00	 2.7974e-01	 1.0015e+00
nan	 nan	 2.7967e-01	 1.0001e+00	 2.7950e-01	 1.0029e+00
nan	 nan	 2.7943e-01	 1.0001e+00	 2.7925e-01	 1.0011e+00
nan	 nan	 2.7918e-01	 1.0002e+00	 2.7901e-01	 1.0026e+00
nan	 nan	 2.7894e-01	 1.0002e+00	 2.7877e-01	 1.0019e+00
nan	 nan	 2.7870e-01	 1.0003e+00	 2.7853e-01	 1.0026e+00
nan	 nan	 2.7846e-01	 1.0003e+00	 2.7829e-01	 1.0030e+00
nan	 nan	 2.7822e-01	 1.0002e+00	 2.7805e-01	 1.0021e+00
nan	 nan	 2.7798e-01	 1.0002e+00	 2.7781e-01	 1.0021e+00
nan	 nan	 2.7775e-01	 1.0002e+00	 2.7757e-01	 1.0012e+00
nan	 nan	 2.7751e-01	 1.0001e+00	 2.7733e-01	 1.0030e+00
nan	 nan	 2.7726e-01	 1.0001e+00	 2.7709e-01	 1.0014e+00
nan	 nan	 2.7702e-01	 1.0001e+00	 2.7685e-01	 1.0022e+00
nan	 nan	 2.7679e-01	 1.0001e+00	 2.7661e-01	 1.0014e+00
nan	 nan	 2.7654e-01	 1.0001e+00	 2.7637e-01	 1.0018e+00
nan	 nan	 2.7630e-01	 1.0001e+00	 2.7613e-01	 1.0021e+00
nan	 nan	 2.7606e-01	 1.0001e+00	 2.7589e-01	 1.0013e+00
nan	 nan	 2.7582e-01	 1.0002e+00	 2.7565e-01	 1.0026e+00
nan	 nan	 2.7558e-01	 1.0001e+00	 2.7541e-01	 1.0015e+00
nan	 nan	 2.7534e-01	 1.0001e+00	 2.7517e-01	 1.0023e+00
nan	 nan	 2.7510e-01	 1.0001e+00	 2.7493e-01	 1.0008e+00
nan	 nan	 2.7486e-01	 1.0001e+00	 2.7469e-01	 1.0022e+00
nan	 nan	 2.7462e-01	 1.0000e+00	 2.7445e-01	 1.0021e+00
nan	 nan	 2.7438e-01	 1.0000e+00	 2.7421e-01	 1.0019e+00
nan	 nan	 2.7414e-01	 1.0000e+00	 2.7397e-01	 1.0018e+00
nan	 nan	 2.7391e-01	 1.0001e+00	 2.7374e-01	 1.0013e+00
nan	 nan	 2.7367e-01	 1.0001e+00	 2.7350e-01	 1.0028e+00
nan	 nan	 2.7343e-01	 1.0002e+00	 2.7326e-01	 1.0017e+00
nan	 nan	 2.7320e-01	 1.0002e+00	 2.7303e-01	 1.0025e+00
nan	 nan	 2.7296e-01	 1.0002e+00	 2.7279e-01	 1.0016e+00
nan	 nan	 2.7272e-01	 1.0002e+00	 2.7255e-01	 1.0025e+00
nan	 nan	 2.7249e-01	 1.0001e+00	 2.7232e-01	 1.0021e+00
nan	 nan	 2.7225e-01	 1.0001e+00	 2.7208e-01	 1.0017e+00
nan	 nan	 2.7201e-01	 1.0001e+00	 2.7184e-01	 1.0023e+00
nan	 nan	 2.7177e-01	 1.0001e+00	 2.7160e-01	 1.0017e+00
nan	 nan	 2.7153e-01	 1.0000e+00	 2.7136e-01	 1.0026e+00
nan	 nan	 2.7129e-01	 1.0000e+00	 2.7112e-01	 1.0012e+00
nan	 nan	 2.7105e-01	 1.0001e+00	 2.7088e-01	 1.0025e+00
nan	 nan	 2.7082e-01	 1.0001e+00	 2.7065e-01	 1.0015e+00
nan	 nan	 2.7058e-01	 1.0001e+00	 2.7041e-01	 1.0021e+00
nan	 nan	 2.7034e-01	 1.0001e+00	 2.7017e-01	 1.0024e+00
nan	 nan	 2.7010e-01	 1.0002e+00	 2.6994e-01	 1.0018e+00
nan	 nan	 2.6987e-01	 1.0002e+00	 2.6970e-01	 1.0025e+00
nan	 nan	 2.6963e-01	 1.0002e+00	 2.6946e-01	 1.0014e+00
nan	 nan	 2.6940e-01	 1.0002e+00	 2.6923e-01	 1.0026e+00
nan	 nan	 2.6916e-01	 1.0002e+00	 2.6899e-01	 1.0015e+00
nan	 nan	 2.6893e-01	 1.0002e+00	 2.6876e-01	 1.0022e+00
nan	 nan	 2.6869e-01	 1.0002e+00	 2.6852e-01	 1.0016e+00
nan	 nan	 2.6846e-01	 1.0002e+00	 2.6829e-01	 1.0024e+00
nan	 nan	 2.6822e-01	 1.0003e+00	 2.6806e-01	 1.0024e+00
nan	 nan	 2.6799e-01	 1.0003e+00	 2.6782e-01	 1.0016e+00
nan	 nan	 2.6775e-01	 1.0003e+00	 2.6758e-01	 1.0029e+00
nan	 nan	 2.6752e-01	 1.0003e+00	 2.6735e-01	 1.0016e+00
nan	 nan	 2.6728e-01	 1.0004e+00	 2.6711e-01	 1.0024e+00
nan	 nan	 2.6705e-01	 1.0003e+00	 2.6688e-01	 1.0011e+00
nan	 nan	 2.6681e-01	 1.0003e+00	 2.6664e-01	 1.0022e+00
nan	 nan	 2.6657e-01	 1.0002e+00	 2.6641e-01	 1.0020e+00
nan	 nan	 2.6634e-01	 1.0001e+00	 2.6617e-01	 1.0017e+00
nan	 nan	 2.6610e-01	 1.0001e+00	 2.6593e-01	 1.0020e+00
nan	 nan	 2.6586e-01	 1.0001e+00	 2.6570e-01	 1.0013e+00
nan	 nan	 2.6563e-01	 1.0000e+00	 2.6546e-01	 1.0024e+00
nan	 nan	 2.6539e-01	 1.0000e+00	 2.6523e-01	 1.0009e+00
nan	 nan	 2.6516e-01	 1.0000e+00	 2.6499e-01	 1.0025e+00
nan	 nan	 2.6493e-01	 9.9999e-01	 2.6476e-01	 1.0015e+00
nan	 nan	 2.6470e-01	 9.9999e-01	 2.6453e-01	 1.0023e+00
nan	 nan	 2.6447e-01	 1.0000e+00	 2.6430e-01	 1.0021e+00
nan	 nan	 2.6423e-01	 1.0001e+00	 2.6406e-01	 1.0019e+00
nan	 nan	 2.6399e-01	 1.0001e+00	 2.6383e-01	 1.0024e+00
nan	 nan	 2.6376e-01	 1.0002e+00	 2.6360e-01	 1.0010e+00
nan	 nan	 2.6353e-01	 1.0002e+00	 2.6337e-01	 1.0025e+00
nan	 nan	 2.6330e-01	 1.0002e+00	 2.6314e-01	 1.0016e+00
nan	 nan	 2.6307e-01	 1.0002e+00	 2.6290e-01	 1.0026e+00
nan	 nan	 2.6284e-01	 1.0001e+00	 2.6268e-01	 1.0017e+00
nan	 nan	 2.6261e-01	 1.0001e+00	 2.6244e-01	 1.0024e+00
nan	 nan	 2.6238e-01	 1.0001e+00	 2.6221e-01	 1.0024e+00
nan	 nan	 2.6215e-01	 1.0002e+00	 2.6198e-01	 1.0017e+00
nan	 nan	 2.6191e-01	 1.0002e+00	 2.6175e-01	 1.0028e+00
nan	 nan	 2.6168e-01	 1.0002e+00	 2.6152e-01	 1.0016e+00
nan	 nan	 2.6145e-01	 1.0002e+00	 2.6129e-01	 1.0024e+00
nan	 nan	 2.6122e-01	 1.0002e+00	 2.6106e-01	 1.0010e+00
nan	 nan	 2.6099e-01	 1.0001e+00	 2.6083e-01	 1.0024e+00
nan	 nan	 2.6076e-01	 1.0001e+00	 2.6060e-01	 1.0024e+00
nan	 nan	 2.6053e-01	 1.0001e+00	 2.6037e-01	 1.0023e+00
nan	 nan	 2.6030e-01	 1.0001e+00	 2.6014e-01	 1.0020e+00
nan	 nan	 2.6007e-01	 1.0001e+00	 2.5990e-01	 1.0013e+00
nan	 nan	 2.5984e-01	 1.0002e+00	 2.5967e-01	 1.0025e+00
nan	 nan	 2.5961e-01	 1.0002e+00	 2.5944e-01	 1.0015e+00
nan	 nan	 2.5938e-01	 1.0002e+00	 2.5921e-01	 1.0027e+00
nan	 nan	 2.5915e-01	 1.0001e+00	 2.5898e-01	 1.0018e+00
nan	 nan	 2.5892e-01	 1.0001e+00	 2.5875e-01	 1.0024e+00
nan	 nan	 2.5868e-01	 1.0002e+00	 2.5852e-01	 1.0020e+00
nan	 nan	 2.5845e-01	 1.0002e+00	 2.5828e-01	 1.0019e+00
nan	 nan	 2.5822e-01	 1.0003e+00	 2.5806e-01	 1.0018e+00
nan	 nan	 2.5799e-01	 1.0003e+00	 2.5783e-01	 1.0009e+00
nan	 nan	 2.5776e-01	 1.0003e+00	 2.5760e-01	 1.0026e+00
nan	 nan	 2.5754e-01	 1.0003e+00	 2.5737e-01	 1.0020e+00
nan	 nan	 2.5731e-01	 1.0002e+00	 2.5715e-01	 1.0032e+00
nan	 nan	 2.5708e-01	 1.0002e+00	 2.5692e-01	 1.0016e+00
nan	 nan	 2.5685e-01	 1.0002e+00	 2.5670e-01	 1.0018e+00
nan	 nan	 2.5663e-01	 1.0003e+00	 2.5647e-01	 1.0017e+00
nan	 nan	 2.5641e-01	 1.0003e+00	 2.5625e-01	 1.0015e+00
nan	 nan	 2.5618e-01	 1.0002e+00	 2.5602e-01	 1.0023e+00
nan	 nan	 2.5596e-01	 1.0002e+00	 2.5580e-01	 1.0012e+00
nan	 nan	 2.5573e-01	 1.0002e+00	 2.5557e-01	 1.0024e+00
nan	 nan	 2.5551e-01	 1.0002e+00	 2.5535e-01	 1.0017e+00
nan	 nan	 2.5529e-01	 1.0002e+00	 2.5513e-01	 1.0028e+00
nan	 nan	 2.5507e-01	 1.0001e+00	 2.5491e-01	 1.0015e+00
nan	 nan	 2.5484e-01	 1.0001e+00	 2.5468e-01	 1.0018e+00
nan	 nan	 2.5462e-01	 1.0002e+00	 2.5447e-01	 1.0021e+00
nan	 nan	 2.5440e-01	 1.0002e+00	 2.5424e-01	 1.0014e+00
nan	 nan	 2.5418e-01	 1.0003e+00	 2.5402e-01	 1.0021e+00
nan	 nan	 2.5396e-01	 1.0002e+00	 2.5380e-01	 1.0009e+00
nan	 nan	 2.5374e-01	 1.0002e+00	 2.5358e-01	 1.0026e+00
nan	 nan	 2.5351e-01	 1.0002e+00	 2.5336e-01	 1.0016e+00
nan	 nan	 2.5329e-01	 1.0002e+00	 2.5314e-01	 1.0024e+00
nan	 nan	 2.5307e-01	 1.0002e+00	 2.5292e-01	 1.0019e+00
nan	 nan	 2.5285e-01	 1.0001e+00	 2.5269e-01	 1.0020e+00
nan	 nan	 2.5263e-01	 1.0001e+00	 2.5247e-01	 1.0021e+00
nan	 nan	 2.5240e-01	 1.0002e+00	 2.5224e-01	 1.0017e+00
nan	 nan	 2.5218e-01	 1.0002e+00	 2.5202e-01	 1.0028e+00
nan	 nan	 2.5196e-01	 1.0003e+00	 2.5180e-01	 1.0014e+00
nan	 nan	 2.5174e-01	 1.0003e+00	 2.5158e-01	 1.0026e+00
nan	 nan	 2.5152e-01	 1.0003e+00	 2.5136e-01	 1.0016e+00
nan	 nan	 2.5130e-01	 1.0002e+00	 2.5114e-01	 1.0023e+00
nan	 nan	 2.5108e-01	 1.0001e+00	 2.5092e-01	 1.0016e+00
nan	 nan	 2.5086e-01	 1.0001e+00	 2.5070e-01	 1.0017e+00
nan	 nan	 2.5063e-01	 1.0001e+00	 2.5048e-01	 1.0025e+00
nan	 nan	 2.5041e-01	 1.0002e+00	 2.5026e-01	 1.0017e+00
nan	 nan	 2.5019e-01	 1.0002e+00	 2.5004e-01	 1.0026e+00
nan	 nan	 2.4997e-01	 1.0002e+00	 2.4982e-01	 1.0011e+00
nan	 nan	 2.4976e-01	 1.0002e+00	 2.4960e-01	 1.0020e+00
nan	 nan	 2.4953e-01	 1.0002e+00	 2.4938e-01	 1.0013e+00
nan	 nan	 2.4932e-01	 1.0002e+00	 2.4916e-01	 1.0023e+00
nan	 nan	 2.4910e-01	 1.0001e+00	 2.4894e-01	 1.0022e+00
nan	 nan	 2.4887e-01	 1.0001e+00	 2.4871e-01	 1.0018e+00
nan	 nan	 2.4865e-01	 1.0002e+00	 2.4849e-01	 1.0028e+00
nan	 nan	 2.4843e-01	 1.0002e+00	 2.4827e-01	 1.0020e+00
nan	 nan	 2.4821e-01	 1.0003e+00	 2.4804e-01	 1.0026e+00
nan	 nan	 2.4798e-01	 1.0003e+00	 2.4782e-01	 1.0010e+00
nan	 nan	 2.4776e-01	 1.0003e+00	 2.4761e-01	 1.0025e+00
nan	 nan	 2.4754e-01	 1.0003e+00	 2.4739e-01	 1.0018e+00
nan	 nan	 2.4732e-01	 1.0002e+00	 2.4717e-01	 1.0021e+00
nan	 nan	 2.4710e-01	 1.0002e+00	 2.4695e-01	 1.0023e+00
nan	 nan	 2.4688e-01	 1.0003e+00	 2.4672e-01	 1.0016e+00
nan	 nan	 2.4666e-01	 1.0003e+00	 2.4651e-01	 1.0022e+00
nan	 nan	 2.4644e-01	 1.0003e+00	 2.4629e-01	 1.0018e+00
nan	 nan	 2.4622e-01	 1.0003e+00	 2.4607e-01	 1.0039e+00
nan	 nan	 2.4600e-01	 1.0003e+00	 2.4585e-01	 1.0019e+00
nan	 nan	 2.4578e-01	 1.0002e+00	 2.4563e-01	 1.0018e+00
nan	 nan	 2.4556e-01	 1.0002e+00	 2.4541e-01	 1.0015e+00
nan	 nan	 2.4534e-01	 1.0002e+00	 2.4519e-01	 1.0024e+00
nan	 nan	 2.4513e-01	 1.0001e+00	 2.4497e-01	 1.0028e+00
nan	 nan	 2.4491e-01	 1.0001e+00	 2.4475e-01	 1.0016e+00
nan	 nan	 2.4469e-01	 1.0001e+00	 2.4453e-01	 1.0028e+00
nan	 nan	 2.4447e-01	 1.0002e+00	 2.4432e-01	 1.0017e+00
nan	 nan	 2.4426e-01	 1.0003e+00	 2.4410e-01	 1.0029e+00
nan	 nan	 2.4404e-01	 1.0003e+00	 2.4388e-01	 1.0021e+00
nan	 nan	 2.4382e-01	 1.0003e+00	 2.4366e-01	 1.0027e+00
nan	 nan	 2.4360e-01	 1.0003e+00	 2.4344e-01	 1.0018e+00
nan	 nan	 2.4338e-01	 1.0003e+00	 2.4323e-01	 1.0017e+00
nan	 nan	 2.4316e-01	 1.0003e+00	 2.4301e-01	 1.0025e+00
nan	 nan	 2.4295e-01	 1.0002e+00	 2.4279e-01	 1.0015e+00
nan	 nan	 2.4273e-01	 1.0002e+00	 2.4257e-01	 1.0028e+00
nan	 nan	 2.4251e-01	 1.0003e+00	 2.4236e-01	 1.0014e+00
nan	 nan	 2.4229e-01	 1.0003e+00	 2.4214e-01	 1.0029e+00
nan	 nan	 2.4207e-01	 1.0003e+00	 2.4191e-01	 1.0019e+00
nan	 nan	 2.4185e-01	 1.0003e+00	 2.4169e-01	 1.0022e+00
nan	 nan	 2.4163e-01	 1.0003e+00	 2.4148e-01	 1.0024e+00
nan	 nan	 2.4141e-01	 1.0002e+00	 2.4126e-01	 1.0022e+00
nan	 nan	 2.4120e-01	 1.0002e+00	 2.4104e-01	 1.0031e+00
nan	 nan	 2.4098e-01	 1.0002e+00	 2.4083e-01	 1.0018e+00
nan	 nan	 2.4077e-01	 1.0001e+00	 2.4061e-01	 1.0026e+00
nan	 nan	 2.4055e-01	 1.0001e+00	 2.4039e-01	 1.0014e+00
nan	 nan	 2.4033e-01	 1.0001e+00	 2.4018e-01	 1.0025e+00
nan	 nan	 2.4012e-01	 1.0001e+00	 2.3997e-01	 1.0019e+00
nan	 nan	 2.3991e-01	 1.0002e+00	 2.3975e-01	 1.0022e+00
nan	 nan	 2.3969e-01	 1.0002e+00	 2.3954e-01	 1.0026e+00
nan	 nan	 2.3947e-01	 1.0002e+00	 2.3932e-01	 1.0021e+00
nan	 nan	 2.3926e-01	 1.0002e+00	 2.3911e-01	 1.0035e+00
nan	 nan	 2.3905e-01	 1.0002e+00	 2.3889e-01	 1.0017e+00
nan	 nan	 2.3883e-01	 1.0002e+00	 2.3867e-01	 1.0022e+00
nan	 nan	 2.3861e-01	 1.0002e+00	 2.3846e-01	 1.0015e+00
nan	 nan	 2.3839e-01	 1.0003e+00	 2.3824e-01	 1.0028e+00
nan	 nan	 2.3818e-01	 1.0003e+00	 2.3803e-01	 1.0024e+00
nan	 nan	 2.3797e-01	 1.0002e+00	 2.3781e-01	 1.0022e+00
nan	 nan	 2.3775e-01	 1.0002e+00	 2.3760e-01	 1.0022e+00
nan	 nan	 2.3753e-01	 1.0001e+00	 2.3738e-01	 1.0017e+00
nan	 nan	 2.3732e-01	 1.0001e+00	 2.3717e-01	 1.0027e+00
nan	 nan	 2.3711e-01	 1.0001e+00	 2.3696e-01	 1.0014e+00
nan	 nan	 2.3690e-01	 1.0001e+00	 2.3674e-01	 1.0028e+00
nan	 nan	 2.3668e-01	 1.0001e+00	 2.3653e-01	 1.0016e+00
nan	 nan	 2.3647e-01	 1.0002e+00	 2.3632e-01	 1.0025e+00
nan	 nan	 2.3626e-01	 1.0002e+00	 2.3611e-01	 1.0024e+00
nan	 nan	 2.3605e-01	 1.0002e+00	 2.3590e-01	 1.0019e+00
nan	 nan	 2.3584e-01	 1.0002e+00	 2.3568e-01	 1.0025e+00
nan	 nan	 2.3562e-01	 1.0002e+00	 2.3547e-01	 1.0019e+00
nan	 nan	 2.3541e-01	 1.0002e+00	 2.3526e-01	 1.0032e+00
nan	 nan	 2.3520e-01	 1.0002e+00	 2.3505e-01	 1.0014e+00
nan	 nan	 2.3499e-01	 1.0002e+00	 2.3484e-01	 1.0021e+00
nan	 nan	 2.3478e-01	 1.0002e+00	 2.3462e-01	 1.0018e+00
nan	 nan	 2.3456e-01	 1.0002e+00	 2.3440e-01	 1.0025e+00
nan	 nan	 2.3434e-01	 1.0002e+00	 2.3419e-01	 1.0022e+00
nan	 nan	 2.3413e-01	 1.0002e+00	 2.3397e-01	 1.0018e+00
nan	 nan	 2.3391e-01	 1.0002e+00	 2.3376e-01	 1.0026e+00
nan	 nan	 2.3370e-01	 1.0002e+00	 2.3355e-01	 1.0014e+00
nan	 nan	 2.3349e-01	 1.0002e+00	 2.3334e-01	 1.0025e+00
nan	 nan	 2.3328e-01	 1.0002e+00	 2.3312e-01	 1.0014e+00
nan	 nan	 2.3306e-01	 1.0001e+00	 2.3290e-01	 1.0022e+00
nan	 nan	 2.3284e-01	 1.0001e+00	 2.3269e-01	 1.0019e+00
nan	 nan	 2.3263e-01	 1.0001e+00	 2.3247e-01	 1.0019e+00
nan	 nan	 2.3241e-01	 1.0001e+00	 2.3226e-01	 1.0018e+00
nan	 nan	 2.3220e-01	 1.0001e+00	 2.3205e-01	 1.0011e+00
nan	 nan	 2.3198e-01	 1.0001e+00	 2.3184e-01	 1.0022e+00
nan	 nan	 2.3177e-01	 1.0002e+00	 2.3162e-01	 1.0014e+00
nan	 nan	 2.3157e-01	 1.0002e+00	 2.3142e-01	 1.0026e+00
nan	 nan	 2.3136e-01	 1.0003e+00	 2.3121e-01	 1.0017e+00
nan	 nan	 2.3115e-01	 1.0003e+00	 2.3100e-01	 1.0027e+00
nan	 nan	 2.3094e-01	 1.0002e+00	 2.3079e-01	 1.0020e+00
nan	 nan	 2.3073e-01	 1.0002e+00	 2.3058e-01	 1.0021e+00
nan	 nan	 2.3052e-01	 1.0001e+00	 2.3037e-01	 1.0021e+00
nan	 nan	 2.3031e-01	 1.0001e+00	 2.3016e-01	 1.0014e+00
nan	 nan	 2.3010e-01	 1.0001e+00	 2.2995e-01	 1.0028e+00
nan	 nan	 2.2990e-01	 1.0002e+00	 2.2975e-01	 1.0015e+00
nan	 nan	 2.2968e-01	 1.0002e+00	 2.2954e-01	 1.0032e+00
nan	 nan	 2.2948e-01	 1.0002e+00	 2.2933e-01	 1.0020e+00
nan	 nan	 2.2927e-01	 1.0002e+00	 2.2912e-01	 1.0022e+00
nan	 nan	 2.2906e-01	 1.0002e+00	 2.2891e-01	 1.0019e+00
nan	 nan	 2.2885e-01	 1.0003e+00	 2.2870e-01	 1.0018e+00
nan	 nan	 2.2864e-01	 1.0004e+00	 2.2850e-01	 1.0023e+00
nan	 nan	 2.2843e-01	 1.0004e+00	 2.2828e-01	 1.0015e+00
nan	 nan	 2.2822e-01	 1.0005e+00	 2.2807e-01	 1.0031e+00
nan	 nan	 2.2801e-01	 1.0004e+00	 2.2786e-01	 1.0016e+00
nan	 nan	 2.2780e-01	 1.0004e+00	 2.2765e-01	 1.0020e+00
nan	 nan	 2.2759e-01	 1.0003e+00	 2.2745e-01	 1.0012e+00
nan	 nan	 2.2739e-01	 1.0002e+00	 2.2724e-01	 1.0026e+00
nan	 nan	 2.2718e-01	 1.0002e+00	 2.2703e-01	 1.0026e+00
nan	 nan	 2.2697e-01	 1.0002e+00	 2.2682e-01	 1.0019e+00
nan	 nan	 2.2676e-01	 1.0002e+00	 2.2661e-01	 1.0030e+00
nan	 nan	 2.2655e-01	 1.0002e+00	 2.2641e-01	 1.0017e+00
nan	 nan	 2.2635e-01	 1.0002e+00	 2.2620e-01	 1.0026e+00
nan	 nan	 2.2614e-01	 1.0002e+00	 2.2600e-01	 1.0017e+00
nan	 nan	 2.2594e-01	 1.0003e+00	 2.2579e-01	 1.0032e+00
nan	 nan	 2.2573e-01	 1.0003e+00	 2.2559e-01	 1.0025e+00
nan	 nan	 2.2553e-01	 1.0003e+00	 2.2538e-01	 1.0028e+00
nan	 nan	 2.2532e-01	 1.0002e+00	 2.2517e-01	 1.0025e+00
nan	 nan	 2.2511e-01	 1.0002e+00	 2.2496e-01	 1.0016e+00
nan	 nan	 2.2490e-01	 1.0001e+00	 2.2475e-01	 1.0032e+00
nan	 nan	 2.2470e-01	 1.0001e+00	 2.2455e-01	 1.0023e+00
nan	 nan	 2.2449e-01	 1.0001e+00	 2.2434e-01	 1.0033e+00
nan	 nan	 2.2429e-01	 1.0002e+00	 2.2414e-01	 1.0019e+00
nan	 nan	 2.2408e-01	 1.0002e+00	 2.2393e-01	 1.0029e+00
nan	 nan	 2.2387e-01	 1.0003e+00	 2.2372e-01	 1.0024e+00
nan	 nan	 2.2366e-01	 1.0003e+00	 2.2352e-01	 1.0020e+00
nan	 nan	 2.2346e-01	 1.0003e+00	 2.2331e-01	 1.0031e+00
nan	 nan	 2.2325e-01	 1.0003e+00	 2.2311e-01	 1.0018e+00
nan	 nan	 2.2305e-01	 1.0003e+00	 2.2291e-01	 1.0025e+00
nan	 nan	 2.2285e-01	 1.0003e+00	 2.2271e-01	 1.0015e+00
nan	 nan	 2.2265e-01	 1.0003e+00	 2.2250e-01	 1.0032e+00
nan	 nan	 2.2244e-01	 1.0004e+00	 2.2230e-01	 1.0018e+00
nan	 nan	 2.2224e-01	 1.0004e+00	 2.2210e-01	 1.0024e+00
nan	 nan	 2.2204e-01	 1.0004e+00	 2.2190e-01	 1.0026e+00
nan	 nan	 2.2184e-01	 1.0003e+00	 2.2170e-01	 1.0018e+00
nan	 nan	 2.2164e-01	 1.0002e+00	 2.2149e-01	 1.0025e+00
nan	 nan	 2.2143e-01	 1.0002e+00	 2.2129e-01	 1.0020e+00
nan	 nan	 2.2123e-01	 1.0002e+00	 2.2109e-01	 1.0033e+00
nan	 nan	 2.2103e-01	 1.0003e+00	 2.2089e-01	 1.0018e+00
nan	 nan	 2.2083e-01	 1.0003e+00	 2.2068e-01	 1.0028e+00
nan	 nan	 2.2063e-01	 1.0003e+00	 2.2048e-01	 1.0022e+00
nan	 nan	 2.2042e-01	 1.0002e+00	 2.2028e-01	 1.0022e+00
nan	 nan	 2.2022e-01	 1.0002e+00	 2.2008e-01	 1.0019e+00
nan	 nan	 2.2002e-01	 1.0002e+00	 2.1987e-01	 1.0012e+00
nan	 nan	 2.1982e-01	 1.0002e+00	 2.1967e-01	 1.0023e+00
nan	 nan	 2.1962e-01	 1.0002e+00	 2.1947e-01	 1.0019e+00
nan	 nan	 2.1942e-01	 1.0002e+00	 2.1927e-01	 1.0033e+00
nan	 nan	 2.1922e-01	 1.0002e+00	 2.1908e-01	 1.0019e+00
nan	 nan	 2.1902e-01	 1.0002e+00	 2.1887e-01	 1.0027e+00
nan	 nan	 2.1882e-01	 1.0002e+00	 2.1868e-01	 1.0022e+00
nan	 nan	 2.1862e-01	 1.0002e+00	 2.1848e-01	 1.0025e+00
nan	 nan	 2.1842e-01	 1.0003e+00	 2.1828e-01	 1.0026e+00
nan	 nan	 2.1822e-01	 1.0003e+00	 2.1808e-01	 1.0018e+00
nan	 nan	 2.1802e-01	 1.0002e+00	 2.1788e-01	 1.0031e+00
nan	 nan	 2.1782e-01	 1.0002e+00	 2.1768e-01	 1.0018e+00
nan	 nan	 2.1763e-01	 1.0002e+00	 2.1749e-01	 1.0028e+00
nan	 nan	 2.1743e-01	 1.0002e+00	 2.1729e-01	 1.0018e+00
nan	 nan	 2.1723e-01	 1.0002e+00	 2.1709e-01	 1.0024e+00
nan	 nan	 2.1704e-01	 1.0002e+00	 2.1690e-01	 1.0019e+00
nan	 nan	 2.1684e-01	 1.0002e+00	 2.1670e-01	 1.0021e+00
nan	 nan	 2.1664e-01	 1.0003e+00	 2.1650e-01	 1.0025e+00
nan	 nan	 2.1644e-01	 1.0003e+00	 2.1630e-01	 1.0017e+00
nan	 nan	 2.1624e-01	 1.0003e+00	 2.1610e-01	 1.0033e+00
nan	 nan	 2.1605e-01	 1.0003e+00	 2.1590e-01	 1.0020e+00
nan	 nan	 2.1585e-01	 1.0003e+00	 2.1571e-01	 1.0028e+00
nan	 nan	 2.1565e-01	 1.0003e+00	 2.1551e-01	 1.0020e+00
nan	 nan	 2.1546e-01	 1.0003e+00	 2.1532e-01	 1.0028e+00
nan	 nan	 2.1526e-01	 1.0003e+00	 2.1512e-01	 1.0026e+00
nan	 nan	 2.1507e-01	 1.0003e+00	 2.1493e-01	 1.0018e+00
nan	 nan	 2.1488e-01	 1.0003e+00	 2.1474e-01	 1.0026e+00
nan	 nan	 2.1468e-01	 1.0004e+00	 2.1455e-01	 1.0021e+00
nan	 nan	 2.1449e-01	 1.0004e+00	 2.1435e-01	 1.0032e+00
nan	 nan	 2.1430e-01	 1.0004e+00	 2.1416e-01	 1.0019e+00
nan	 nan	 2.1410e-01	 1.0004e+00	 2.1396e-01	 1.0028e+00
nan	 nan	 2.1391e-01	 1.0003e+00	 2.1377e-01	 1.0017e+00
nan	 nan	 2.1372e-01	 1.0003e+00	 2.1358e-01	 1.0019e+00
nan	 nan	 2.1352e-01	 1.0003e+00	 2.1338e-01	 1.0021e+00
nan	 nan	 2.1333e-01	 1.0002e+00	 2.1319e-01	 1.0019e+00
nan	 nan	 2.1314e-01	 1.0003e+00	 2.1300e-01	 1.0029e+00
nan	 nan	 2.1294e-01	 1.0003e+00	 2.1280e-01	 1.0019e+00
nan	 nan	 2.1275e-01	 1.0003e+00	 2.1261e-01	 1.0028e+00
nan	 nan	 2.1256e-01	 1.0003e+00	 2.1242e-01	 1.0013e+00
nan	 nan	 2.1237e-01	 1.0003e+00	 2.1223e-01	 1.0024e+00
nan	 nan	 2.1218e-01	 1.0003e+00	 2.1204e-01	 1.0022e+00
nan	 nan	 2.1198e-01	 1.0002e+00	 2.1184e-01	 1.0024e+00
nan	 nan	 2.1179e-01	 1.0002e+00	 2.1165e-01	 1.0024e+00
nan	 nan	 2.1160e-01	 1.0003e+00	 2.1146e-01	 1.0012e+00
nan	 nan	 2.1141e-01	 1.0003e+00	 2.1127e-01	 1.0024e+00
nan	 nan	 2.1121e-01	 1.0003e+00	 2.1108e-01	 1.0020e+00
nan	 nan	 2.1102e-01	 1.0003e+00	 2.1089e-01	 1.0035e+00
nan	 nan	 2.1083e-01	 1.0004e+00	 2.1070e-01	 1.0019e+00
nan	 nan	 2.1064e-01	 1.0004e+00	 2.1051e-01	 1.0022e+00
nan	 nan	 2.1045e-01	 1.0004e+00	 2.1032e-01	 1.0025e+00
nan	 nan	 2.1027e-01	 1.0004e+00	 2.1013e-01	 1.0029e+00
nan	 nan	 2.1008e-01	 1.0004e+00	 2.0994e-01	 1.0030e+00
nan	 nan	 2.0988e-01	 1.0004e+00	 2.0975e-01	 1.0014e+00
nan	 nan	 2.0969e-01	 1.0003e+00	 2.0956e-01	 1.0025e+00
nan	 nan	 2.0950e-01	 1.0003e+00	 2.0937e-01	 1.0014e+00
nan	 nan	 2.0932e-01	 1.0003e+00	 2.0918e-01	 1.0027e+00
nan	 nan	 2.0913e-01	 1.0003e+00	 2.0899e-01	 1.0025e+00
nan	 nan	 2.0894e-01	 1.0003e+00	 2.0881e-01	 1.0031e+00
nan	 nan	 2.0875e-01	 1.0004e+00	 2.0862e-01	 1.0024e+00
nan	 nan	 2.0856e-01	 1.0004e+00	 2.0843e-01	 1.0019e+00
nan	 nan	 2.0837e-01	 1.0003e+00	 2.0824e-01	 1.0035e+00
nan	 nan	 2.0818e-01	 1.0003e+00	 2.0805e-01	 1.0020e+00
nan	 nan	 2.0799e-01	 1.0002e+00	 2.0786e-01	 1.0026e+00
nan	 nan	 2.0781e-01	 1.0001e+00	 2.0767e-01	 1.0017e+00
nan	 nan	 2.0762e-01	 1.0001e+00	 2.0748e-01	 1.0029e+00
nan	 nan	 2.0742e-01	 1.0001e+00	 2.0729e-01	 1.0025e+00
nan	 nan	 2.0724e-01	 1.0002e+00	 2.0710e-01	 1.0028e+00
nan	 nan	 2.0705e-01	 1.0003e+00	 2.0691e-01	 1.0023e+00
nan	 nan	 2.0686e-01	 1.0004e+00	 2.0673e-01	 1.0015e+00
nan	 nan	 2.0667e-01	 1.0004e+00	 2.0654e-01	 1.0032e+00
nan	 nan	 2.0649e-01	 1.0004e+00	 2.0635e-01	 1.0017e+00
nan	 nan	 2.0630e-01	 1.0003e+00	 2.0617e-01	 1.0023e+00
nan	 nan	 2.0611e-01	 1.0003e+00	 2.0598e-01	 1.0016e+00
nan	 nan	 2.0593e-01	 1.0002e+00	 2.0579e-01	 1.0027e+00
nan	 nan	 2.0574e-01	 1.0003e+00	 2.0561e-01	 1.0020e+00
nan	 nan	 2.0555e-01	 1.0003e+00	 2.0542e-01	 1.0021e+00
nan	 nan	 2.0537e-01	 1.0004e+00	 2.0523e-01	 1.0028e+00
nan	 nan	 2.0518e-01	 1.0004e+00	 2.0505e-01	 1.0025e+00
nan	 nan	 2.0499e-01	 1.0004e+00	 2.0486e-01	 1.0036e+00
nan	 nan	 2.0481e-01	 1.0004e+00	 2.0467e-01	 1.0023e+00
nan	 nan	 2.0462e-01	 1.0003e+00	 2.0449e-01	 1.0033e+00
nan	 nan	 2.0444e-01	 1.0003e+00	 2.0430e-01	 1.0018e+00
nan	 nan	 2.0425e-01	 1.0003e+00	 2.0412e-01	 1.0026e+00
nan	 nan	 2.0406e-01	 1.0003e+00	 2.0393e-01	 1.0025e+00
nan	 nan	 2.0388e-01	 1.0003e+00	 2.0375e-01	 1.0024e+00
nan	 nan	 2.0370e-01	 1.0003e+00	 2.0356e-01	 1.0032e+00
nan	 nan	 2.0351e-01	 1.0003e+00	 2.0338e-01	 1.0024e+00
nan	 nan	 2.0333e-01	 1.0003e+00	 2.0320e-01	 1.0034e+00
nan	 nan	 2.0315e-01	 1.0003e+00	 2.0301e-01	 1.0017e+00
nan	 nan	 2.0296e-01	 1.0003e+00	 2.0283e-01	 1.0028e+00
nan	 nan	 2.0277e-01	 1.0004e+00	 2.0264e-01	 1.0021e+00
nan	 nan	 2.0259e-01	 1.0004e+00	 2.0246e-01	 1.0025e+00
nan	 nan	 2.0241e-01	 1.0005e+00	 2.0228e-01	 1.0024e+00
nan	 nan	 2.0222e-01	 1.0005e+00	 2.0209e-01	 1.0017e+00
nan	 nan	 2.0204e-01	 1.0005e+00	 2.0191e-01	 1.0025e+00
nan	 nan	 2.0186e-01	 1.0005e+00	 2.0173e-01	 1.0018e+00
nan	 nan	 2.0168e-01	 1.0005e+00	 2.0155e-01	 1.0029e+00
nan	 nan	 2.0150e-01	 1.0004e+00	 2.0137e-01	 1.0020e+00
nan	 nan	 2.0131e-01	 1.0003e+00	 2.0118e-01	 1.0032e+00
nan	 nan	 2.0113e-01	 1.0003e+00	 2.0100e-01	 1.0024e+00
nan	 nan	 2.0095e-01	 1.0003e+00	 2.0083e-01	 1.0027e+00
nan	 nan	 2.0078e-01	 1.0003e+00	 2.0065e-01	 1.0028e+00
nan	 nan	 2.0059e-01	 1.0003e+00	 2.0047e-01	 1.0019e+00
nan	 nan	 2.0042e-01	 1.0003e+00	 2.0029e-01	 1.0028e+00
nan	 nan	 2.0024e-01	 1.0003e+00	 2.0011e-01	 1.0020e+00
nan	 nan	 2.0006e-01	 1.0003e+00	 nan	 nan
