#LSCO S1 p = 0.24, experimental data:
# T = 4K B[T], rho(B)/rho(0); T = 40 K B[T], rho(B)/rho(0); B[T], rho(B)/rho(0)
2.3051e+01	 9.1183e-01	 2.0020e-02	 1.0005e+00	 2.0047e-02	 1.0002e+00
2.3069e+01	 9.1443e-01	 2.0098e-02	 1.0005e+00	 2.0126e-02	 1.0002e+00
2.3088e+01	 9.1684e-01	 2.0178e-02	 1.0005e+00	 2.0206e-02	 1.0002e+00
2.3106e+01	 9.1926e-01	 2.0256e-02	 1.0005e+00	 2.0287e-02	 1.0002e+00
2.3125e+01	 9.2183e-01	 2.0335e-02	 1.0005e+00	 2.0367e-02	 1.0002e+00
2.3143e+01	 9.2408e-01	 2.0414e-02	 1.0005e+00	 2.0448e-02	 1.0001e+00
2.3162e+01	 9.2675e-01	 2.0493e-02	 1.0005e+00	 2.0528e-02	 1.0001e+00
2.3181e+01	 9.2898e-01	 2.0572e-02	 1.0004e+00	 2.0608e-02	 1.0001e+00
2.3199e+01	 9.3160e-01	 2.0651e-02	 1.0004e+00	 2.0689e-02	 1.0001e+00
2.3218e+01	 9.3397e-01	 2.0730e-02	 1.0004e+00	 2.0769e-02	 1.0001e+00
2.3236e+01	 9.3639e-01	 2.0810e-02	 1.0004e+00	 2.0850e-02	 1.0001e+00
2.3255e+01	 9.3891e-01	 2.0889e-02	 1.0004e+00	 2.0931e-02	 1.0000e+00
2.3274e+01	 9.4111e-01	 2.0969e-02	 1.0004e+00	 2.1012e-02	 1.0000e+00
2.3293e+01	 9.4369e-01	 2.1049e-02	 1.0004e+00	 2.1093e-02	 1.0000e+00
2.3311e+01	 9.4582e-01	 2.1129e-02	 1.0003e+00	 2.1174e-02	 9.9997e-01
2.3330e+01	 9.4832e-01	 2.1208e-02	 1.0003e+00	 2.1255e-02	 9.9996e-01
2.3349e+01	 9.5053e-01	 2.1288e-02	 1.0003e+00	 2.1336e-02	 9.9993e-01
2.3367e+01	 9.5282e-01	 2.1368e-02	 1.0003e+00	 2.1417e-02	 9.9992e-01
2.3386e+01	 9.5513e-01	 2.1448e-02	 1.0003e+00	 2.1499e-02	 9.9990e-01
2.3405e+01	 9.5717e-01	 2.1528e-02	 1.0002e+00	 2.1580e-02	 9.9989e-01
2.3424e+01	 9.5959e-01	 2.1608e-02	 1.0002e+00	 2.1662e-02	 9.9988e-01
2.3442e+01	 9.6155e-01	 2.1687e-02	 1.0002e+00	 2.1744e-02	 9.9987e-01
2.3461e+01	 9.6394e-01	 2.1767e-02	 1.0002e+00	 2.1826e-02	 9.9986e-01
2.3480e+01	 9.6598e-01	 2.1848e-02	 1.0002e+00	 2.1907e-02	 9.9986e-01
2.3499e+01	 9.6814e-01	 2.1928e-02	 1.0002e+00	 2.1989e-02	 9.9986e-01
2.3517e+01	 9.7029e-01	 2.2010e-02	 1.0002e+00	 2.2071e-02	 9.9986e-01
2.3536e+01	 9.7218e-01	 2.2090e-02	 1.0002e+00	 2.2153e-02	 9.9986e-01
2.3555e+01	 9.7442e-01	 2.2171e-02	 1.0002e+00	 2.2234e-02	 9.9986e-01
2.3574e+01	 9.7618e-01	 2.2252e-02	 1.0003e+00	 2.2316e-02	 9.9987e-01
2.3593e+01	 9.7835e-01	 2.2333e-02	 1.0003e+00	 2.2398e-02	 9.9988e-01
2.3612e+01	 9.8015e-01	 2.2414e-02	 1.0003e+00	 2.2480e-02	 9.9989e-01
2.3631e+01	 9.8208e-01	 2.2495e-02	 1.0003e+00	 2.2562e-02	 9.9991e-01
2.3649e+01	 9.8396e-01	 2.2576e-02	 1.0003e+00	 2.2645e-02	 9.9993e-01
2.3668e+01	 9.8560e-01	 2.2657e-02	 1.0003e+00	 2.2727e-02	 9.9995e-01
2.3687e+01	 9.8757e-01	 2.2738e-02	 1.0003e+00	 2.2809e-02	 9.9997e-01
2.3706e+01	 9.8906e-01	 2.2819e-02	 1.0003e+00	 2.2892e-02	 1.0000e+00
2.3725e+01	 9.9098e-01	 2.2900e-02	 1.0003e+00	 2.2974e-02	 1.0000e+00
2.3744e+01	 9.9250e-01	 2.2982e-02	 1.0003e+00	 2.3057e-02	 1.0001e+00
2.3763e+01	 9.9421e-01	 2.3063e-02	 1.0003e+00	 2.3140e-02	 1.0001e+00
2.3782e+01	 9.9586e-01	 2.3144e-02	 1.0003e+00	 2.3223e-02	 1.0001e+00
2.3801e+01	 9.9735e-01	 2.3225e-02	 1.0003e+00	 2.3305e-02	 1.0002e+00
2.3820e+01	 9.9917e-01	 2.3306e-02	 1.0003e+00	 2.3388e-02	 1.0002e+00
2.3839e+01	 1.0006e+00	 2.3388e-02	 1.0003e+00	 2.3471e-02	 1.0002e+00
2.3858e+01	 1.0025e+00	 2.3470e-02	 1.0003e+00	 2.3555e-02	 1.0002e+00
2.3877e+01	 1.0041e+00	 2.3551e-02	 1.0003e+00	 2.3638e-02	 1.0003e+00
2.3896e+01	 1.0059e+00	 2.3633e-02	 1.0003e+00	 2.3722e-02	 1.0003e+00
2.3915e+01	 1.0077e+00	 2.3714e-02	 1.0002e+00	 2.3805e-02	 1.0003e+00
2.3934e+01	 1.0093e+00	 2.3797e-02	 1.0002e+00	 2.3889e-02	 1.0003e+00
2.3954e+01	 1.0113e+00	 2.3879e-02	 1.0002e+00	 2.3972e-02	 1.0003e+00
2.3973e+01	 1.0129e+00	 2.3962e-02	 1.0002e+00	 2.4056e-02	 1.0003e+00
2.3992e+01	 1.0150e+00	 2.4045e-02	 1.0002e+00	 2.4140e-02	 1.0004e+00
2.4011e+01	 1.0167e+00	 2.4127e-02	 1.0002e+00	 2.4223e-02	 1.0004e+00
2.4030e+01	 1.0186e+00	 2.4210e-02	 1.0002e+00	 2.4307e-02	 1.0004e+00
2.4049e+01	 1.0204e+00	 2.4293e-02	 1.0001e+00	 2.4391e-02	 1.0004e+00
2.4068e+01	 1.0221e+00	 2.4375e-02	 1.0001e+00	 2.4475e-02	 1.0004e+00
2.4088e+01	 1.0241e+00	 2.4458e-02	 1.0001e+00	 2.4559e-02	 1.0004e+00
2.4107e+01	 1.0256e+00	 2.4541e-02	 1.0001e+00	 2.4643e-02	 1.0004e+00
2.4126e+01	 1.0277e+00	 2.4624e-02	 1.0001e+00	 2.4727e-02	 1.0003e+00
2.4145e+01	 1.0292e+00	 2.4707e-02	 1.0001e+00	 2.4812e-02	 1.0003e+00
2.4165e+01	 1.0311e+00	 2.4789e-02	 1.0001e+00	 2.4896e-02	 1.0003e+00
2.4184e+01	 1.0328e+00	 2.4872e-02	 1.0000e+00	 2.4980e-02	 1.0003e+00
2.4203e+01	 1.0345e+00	 2.4955e-02	 1.0000e+00	 2.5065e-02	 1.0003e+00
2.4222e+01	 1.0364e+00	 2.5038e-02	 9.9997e-01	 2.5149e-02	 1.0002e+00
2.4241e+01	 1.0379e+00	 2.5121e-02	 9.9995e-01	 2.5233e-02	 1.0002e+00
2.4261e+01	 1.0399e+00	 2.5205e-02	 9.9993e-01	 2.5318e-02	 1.0002e+00
2.4280e+01	 1.0414e+00	 2.5289e-02	 9.9990e-01	 2.5402e-02	 1.0002e+00
2.4299e+01	 1.0433e+00	 2.5372e-02	 9.9989e-01	 2.5487e-02	 1.0002e+00
2.4319e+01	 1.0449e+00	 2.5455e-02	 9.9987e-01	 2.5572e-02	 1.0002e+00
2.4338e+01	 1.0465e+00	 2.5539e-02	 9.9986e-01	 2.5656e-02	 1.0002e+00
2.4358e+01	 1.0483e+00	 2.5623e-02	 9.9985e-01	 2.5741e-02	 1.0002e+00
2.4377e+01	 1.0497e+00	 2.5706e-02	 9.9984e-01	 2.5826e-02	 1.0002e+00
2.4396e+01	 1.0516e+00	 2.5790e-02	 9.9983e-01	 2.5912e-02	 1.0002e+00
2.4416e+01	 1.0531e+00	 2.5874e-02	 9.9982e-01	 2.5997e-02	 1.0002e+00
2.4435e+01	 1.0549e+00	 2.5958e-02	 9.9982e-01	 2.6082e-02	 1.0002e+00
2.4454e+01	 1.0565e+00	 2.6042e-02	 9.9981e-01	 2.6167e-02	 1.0002e+00
2.4474e+01	 1.0582e+00	 2.6127e-02	 9.9980e-01	 2.6252e-02	 1.0002e+00
2.4493e+01	 1.0600e+00	 2.6212e-02	 9.9978e-01	 2.6337e-02	 1.0002e+00
2.4513e+01	 1.0615e+00	 2.6296e-02	 9.9977e-01	 2.6423e-02	 1.0002e+00
2.4532e+01	 1.0635e+00	 2.6381e-02	 9.9976e-01	 2.6508e-02	 1.0002e+00
2.4552e+01	 1.0649e+00	 2.6465e-02	 9.9974e-01	 2.6594e-02	 1.0003e+00
2.4571e+01	 1.0668e+00	 2.6550e-02	 9.9974e-01	 2.6680e-02	 1.0003e+00
2.4591e+01	 1.0683e+00	 2.6634e-02	 9.9973e-01	 2.6766e-02	 1.0003e+00
2.4610e+01	 1.0699e+00	 2.6719e-02	 9.9974e-01	 2.6852e-02	 1.0003e+00
2.4630e+01	 1.0716e+00	 2.6803e-02	 9.9973e-01	 2.6938e-02	 1.0004e+00
2.4649e+01	 1.0730e+00	 2.6888e-02	 9.9974e-01	 2.7024e-02	 1.0004e+00
2.4669e+01	 1.0747e+00	 2.6973e-02	 9.9974e-01	 2.7110e-02	 1.0004e+00
2.4689e+01	 1.0760e+00	 2.7058e-02	 9.9975e-01	 2.7197e-02	 1.0004e+00
2.4708e+01	 1.0777e+00	 2.7142e-02	 9.9976e-01	 2.7284e-02	 1.0004e+00
2.4728e+01	 1.0790e+00	 2.7227e-02	 9.9977e-01	 2.7370e-02	 1.0004e+00
2.4747e+01	 1.0804e+00	 2.7312e-02	 9.9978e-01	 2.7456e-02	 1.0004e+00
2.4767e+01	 1.0819e+00	 2.7397e-02	 9.9979e-01	 2.7543e-02	 1.0004e+00
2.4787e+01	 1.0832e+00	 2.7482e-02	 9.9980e-01	 2.7629e-02	 1.0004e+00
2.4806e+01	 1.0848e+00	 2.7567e-02	 9.9981e-01	 2.7716e-02	 1.0004e+00
2.4826e+01	 1.0860e+00	 2.7653e-02	 9.9981e-01	 2.7803e-02	 1.0003e+00
2.4846e+01	 1.0876e+00	 2.7739e-02	 9.9983e-01	 2.7890e-02	 1.0003e+00
2.4865e+01	 1.0888e+00	 2.7824e-02	 9.9983e-01	 2.7978e-02	 1.0003e+00
2.4885e+01	 1.0903e+00	 2.7911e-02	 9.9986e-01	 2.8065e-02	 1.0003e+00
2.4905e+01	 1.0917e+00	 2.7997e-02	 9.9988e-01	 2.8153e-02	 1.0003e+00
2.4924e+01	 1.0930e+00	 2.8083e-02	 9.9991e-01	 2.8240e-02	 1.0003e+00
2.4944e+01	 1.0947e+00	 2.8169e-02	 9.9993e-01	 2.8328e-02	 1.0002e+00
2.4964e+01	 1.0959e+00	 2.8255e-02	 9.9997e-01	 2.8416e-02	 1.0002e+00
2.4983e+01	 1.0976e+00	 2.8341e-02	 1.0000e+00	 2.8503e-02	 1.0002e+00
2.5003e+01	 1.0989e+00	 2.8427e-02	 1.0000e+00	 2.8591e-02	 1.0002e+00
2.5023e+01	 1.1005e+00	 2.8513e-02	 1.0001e+00	 2.8678e-02	 1.0002e+00
2.5043e+01	 1.1020e+00	 2.8599e-02	 1.0001e+00	 2.8766e-02	 1.0001e+00
2.5063e+01	 1.1034e+00	 2.8686e-02	 1.0001e+00	 2.8855e-02	 1.0001e+00
2.5082e+01	 1.1051e+00	 2.8771e-02	 1.0002e+00	 2.8943e-02	 1.0001e+00
2.5102e+01	 1.1063e+00	 2.8858e-02	 1.0002e+00	 2.9031e-02	 1.0001e+00
2.5122e+01	 1.1080e+00	 2.8945e-02	 1.0002e+00	 2.9119e-02	 1.0001e+00
2.5142e+01	 1.1093e+00	 2.9031e-02	 1.0003e+00	 2.9207e-02	 1.0001e+00
2.5162e+01	 1.1108e+00	 2.9118e-02	 1.0003e+00	 2.9295e-02	 1.0000e+00
2.5182e+01	 1.1122e+00	 2.9205e-02	 1.0003e+00	 2.9384e-02	 1.0000e+00
2.5202e+01	 1.1136e+00	 2.9293e-02	 1.0003e+00	 2.9472e-02	 1.0000e+00
2.5222e+01	 1.1152e+00	 2.9379e-02	 1.0003e+00	 2.9561e-02	 9.9999e-01
2.5241e+01	 1.1163e+00	 2.9466e-02	 1.0004e+00	 2.9649e-02	 9.9997e-01
2.5261e+01	 1.1179e+00	 2.9553e-02	 1.0004e+00	 2.9738e-02	 9.9996e-01
2.5281e+01	 1.1191e+00	 2.9640e-02	 1.0004e+00	 2.9826e-02	 9.9995e-01
2.5301e+01	 1.1206e+00	 2.9727e-02	 1.0004e+00	 2.9915e-02	 9.9994e-01
2.5321e+01	 1.1219e+00	 2.9814e-02	 1.0004e+00	 3.0003e-02	 9.9993e-01
2.5341e+01	 1.1232e+00	 2.9902e-02	 1.0004e+00	 3.0092e-02	 9.9992e-01
2.5361e+01	 1.1248e+00	 2.9989e-02	 1.0004e+00	 3.0181e-02	 9.9991e-01
2.5381e+01	 1.1260e+00	 3.0076e-02	 1.0004e+00	 3.0271e-02	 9.9991e-01
2.5401e+01	 1.1276e+00	 3.0163e-02	 1.0004e+00	 3.0360e-02	 9.9991e-01
2.5421e+01	 1.1287e+00	 3.0251e-02	 1.0004e+00	 3.0448e-02	 9.9991e-01
2.5441e+01	 1.1303e+00	 3.0339e-02	 1.0004e+00	 3.0538e-02	 9.9992e-01
2.5462e+01	 1.1316e+00	 3.0426e-02	 1.0003e+00	 3.0627e-02	 9.9992e-01
2.5482e+01	 1.1329e+00	 3.0515e-02	 1.0003e+00	 3.0716e-02	 9.9994e-01
2.5502e+01	 1.1344e+00	 3.0603e-02	 1.0002e+00	 3.0806e-02	 9.9995e-01
2.5522e+01	 1.1355e+00	 3.0691e-02	 1.0002e+00	 3.0896e-02	 9.9996e-01
2.5542e+01	 1.1371e+00	 3.0779e-02	 1.0002e+00	 3.0985e-02	 9.9997e-01
2.5562e+01	 1.1381e+00	 3.0868e-02	 1.0001e+00	 3.1075e-02	 9.9998e-01
2.5582e+01	 1.1396e+00	 3.0956e-02	 1.0001e+00	 3.1164e-02	 1.0000e+00
2.5602e+01	 1.1407e+00	 3.1044e-02	 1.0000e+00	 3.1254e-02	 1.0000e+00
2.5622e+01	 1.1419e+00	 3.1132e-02	 9.9998e-01	 3.1344e-02	 1.0000e+00
2.5642e+01	 1.1433e+00	 3.1221e-02	 9.9993e-01	 3.1434e-02	 1.0000e+00
2.5663e+01	 1.1443e+00	 3.1309e-02	 9.9988e-01	 3.1524e-02	 1.0000e+00
2.5683e+01	 1.1456e+00	 3.1398e-02	 9.9983e-01	 3.1614e-02	 1.0000e+00
2.5703e+01	 1.1465e+00	 3.1486e-02	 9.9977e-01	 3.1704e-02	 1.0000e+00
2.5723e+01	 1.1478e+00	 3.1576e-02	 9.9974e-01	 3.1795e-02	 1.0000e+00
2.5744e+01	 1.1487e+00	 3.1665e-02	 9.9969e-01	 3.1885e-02	 1.0000e+00
2.5764e+01	 1.1498e+00	 3.1753e-02	 9.9966e-01	 3.1976e-02	 1.0000e+00
2.5784e+01	 1.1510e+00	 3.1842e-02	 9.9962e-01	 3.2067e-02	 1.0000e+00
2.5804e+01	 1.1518e+00	 3.1931e-02	 9.9960e-01	 3.2157e-02	 1.0000e+00
2.5825e+01	 1.1530e+00	 3.2021e-02	 9.9959e-01	 3.2248e-02	 1.0001e+00
2.5845e+01	 1.1538e+00	 3.2110e-02	 9.9957e-01	 3.2339e-02	 1.0001e+00
2.5865e+01	 1.1550e+00	 3.2199e-02	 9.9958e-01	 3.2431e-02	 1.0001e+00
2.5886e+01	 1.1559e+00	 3.2288e-02	 9.9959e-01	 3.2522e-02	 1.0001e+00
2.5906e+01	 1.1570e+00	 3.2378e-02	 9.9961e-01	 3.2613e-02	 1.0001e+00
2.5926e+01	 1.1581e+00	 3.2467e-02	 9.9964e-01	 3.2704e-02	 1.0001e+00
2.5947e+01	 1.1590e+00	 3.2556e-02	 9.9967e-01	 3.2796e-02	 1.0001e+00
2.5967e+01	 1.1602e+00	 3.2646e-02	 9.9972e-01	 3.2887e-02	 1.0001e+00
2.5987e+01	 1.1610e+00	 3.2736e-02	 9.9977e-01	 3.2978e-02	 1.0001e+00
2.6008e+01	 1.1622e+00	 3.2826e-02	 9.9983e-01	 3.3069e-02	 1.0001e+00
2.6028e+01	 1.1631e+00	 3.2916e-02	 9.9989e-01	 3.3161e-02	 1.0001e+00
2.6049e+01	 1.1641e+00	 3.3006e-02	 9.9996e-01	 3.3252e-02	 1.0001e+00
2.6069e+01	 1.1651e+00	 3.3096e-02	 1.0000e+00	 3.3344e-02	 1.0001e+00
2.6090e+01	 1.1659e+00	 3.3186e-02	 1.0001e+00	 3.3436e-02	 1.0001e+00
2.6110e+01	 1.1670e+00	 3.3276e-02	 1.0001e+00	 3.3528e-02	 1.0001e+00
2.6130e+01	 1.1675e+00	 3.3366e-02	 1.0002e+00	 3.3620e-02	 1.0001e+00
2.6151e+01	 1.1685e+00	 3.3456e-02	 1.0002e+00	 3.3712e-02	 1.0001e+00
2.6171e+01	 1.1691e+00	 3.3547e-02	 1.0002e+00	 3.3804e-02	 1.0001e+00
2.6192e+01	 1.1699e+00	 3.3637e-02	 1.0003e+00	 3.3897e-02	 1.0001e+00
2.6212e+01	 1.1706e+00	 3.3728e-02	 1.0003e+00	 3.3989e-02	 1.0001e+00
2.6233e+01	 1.1712e+00	 3.3819e-02	 1.0002e+00	 3.4081e-02	 1.0001e+00
2.6253e+01	 1.1721e+00	 3.3911e-02	 1.0002e+00	 3.4174e-02	 1.0001e+00
2.6274e+01	 1.1725e+00	 3.4002e-02	 1.0002e+00	 3.4266e-02	 1.0001e+00
2.6295e+01	 1.1735e+00	 3.4093e-02	 1.0002e+00	 3.4359e-02	 1.0001e+00
2.6315e+01	 1.1741e+00	 3.4185e-02	 1.0001e+00	 3.4452e-02	 1.0001e+00
2.6336e+01	 1.1751e+00	 3.4277e-02	 1.0001e+00	 3.4544e-02	 1.0001e+00
2.6357e+01	 1.1760e+00	 3.4368e-02	 1.0001e+00	 3.4638e-02	 1.0001e+00
2.6377e+01	 1.1768e+00	 3.4460e-02	 1.0000e+00	 3.4730e-02	 1.0001e+00
2.6398e+01	 1.1779e+00	 3.4551e-02	 1.0000e+00	 3.4824e-02	 1.0001e+00
2.6418e+01	 1.1787e+00	 3.4643e-02	 9.9996e-01	 3.4917e-02	 1.0001e+00
2.6439e+01	 1.1800e+00	 3.4735e-02	 9.9992e-01	 3.5010e-02	 1.0001e+00
2.6460e+01	 1.1809e+00	 3.4827e-02	 9.9988e-01	 3.5103e-02	 1.0000e+00
2.6480e+01	 1.1821e+00	 3.4919e-02	 9.9984e-01	 3.5196e-02	 1.0000e+00
2.6501e+01	 1.1833e+00	 3.5012e-02	 9.9981e-01	 3.5290e-02	 1.0000e+00
2.6522e+01	 1.1844e+00	 3.5105e-02	 9.9978e-01	 3.5383e-02	 9.9999e-01
2.6543e+01	 1.1858e+00	 3.5197e-02	 9.9975e-01	 3.5477e-02	 9.9997e-01
2.6563e+01	 1.1868e+00	 3.5290e-02	 9.9973e-01	 3.5570e-02	 9.9996e-01
2.6584e+01	 1.1883e+00	 3.5383e-02	 9.9972e-01	 3.5664e-02	 9.9995e-01
2.6605e+01	 1.1893e+00	 3.5476e-02	 9.9971e-01	 3.5758e-02	 9.9993e-01
2.6626e+01	 1.1907e+00	 3.5569e-02	 9.9971e-01	 3.5852e-02	 9.9993e-01
2.6646e+01	 1.1919e+00	 3.5663e-02	 9.9971e-01	 3.5946e-02	 9.9992e-01
2.6667e+01	 1.1929e+00	 3.5756e-02	 9.9972e-01	 3.6040e-02	 9.9992e-01
2.6688e+01	 1.1942e+00	 3.5849e-02	 9.9973e-01	 3.6134e-02	 9.9992e-01
2.6709e+01	 1.1950e+00	 3.5943e-02	 9.9974e-01	 3.6228e-02	 9.9992e-01
2.6730e+01	 1.1962e+00	 3.6036e-02	 9.9975e-01	 3.6322e-02	 9.9993e-01
2.6750e+01	 1.1970e+00	 3.6129e-02	 9.9974e-01	 3.6417e-02	 9.9994e-01
2.6771e+01	 1.1980e+00	 3.6222e-02	 9.9974e-01	 3.6512e-02	 9.9996e-01
2.6792e+01	 1.1988e+00	 3.6316e-02	 9.9973e-01	 3.6607e-02	 9.9998e-01
2.6813e+01	 1.1995e+00	 3.6410e-02	 9.9971e-01	 3.6701e-02	 1.0000e+00
2.6834e+01	 1.2004e+00	 3.6503e-02	 9.9969e-01	 3.6796e-02	 1.0000e+00
2.6855e+01	 1.2009e+00	 3.6597e-02	 9.9967e-01	 3.6891e-02	 1.0001e+00
2.6876e+01	 1.2018e+00	 3.6692e-02	 9.9965e-01	 3.6986e-02	 1.0001e+00
2.6897e+01	 1.2023e+00	 3.6787e-02	 9.9963e-01	 3.7081e-02	 1.0001e+00
2.6918e+01	 1.2031e+00	 3.6881e-02	 9.9962e-01	 3.7177e-02	 1.0001e+00
2.6939e+01	 1.2037e+00	 3.6975e-02	 9.9961e-01	 3.7272e-02	 1.0002e+00
2.6960e+01	 1.2043e+00	 3.7069e-02	 9.9961e-01	 3.7367e-02	 1.0002e+00
2.6981e+01	 1.2051e+00	 3.7163e-02	 9.9961e-01	 3.7463e-02	 1.0002e+00
2.7002e+01	 1.2055e+00	 3.7257e-02	 9.9962e-01	 3.7559e-02	 1.0003e+00
2.7023e+01	 1.2064e+00	 3.7352e-02	 9.9964e-01	 3.7655e-02	 1.0003e+00
2.7044e+01	 1.2068e+00	 3.7447e-02	 9.9966e-01	 3.7751e-02	 1.0003e+00
2.7065e+01	 1.2076e+00	 3.7541e-02	 9.9970e-01	 3.7847e-02	 1.0004e+00
2.7086e+01	 1.2081e+00	 3.7637e-02	 9.9973e-01	 3.7944e-02	 1.0004e+00
2.7107e+01	 1.2087e+00	 3.7732e-02	 9.9977e-01	 3.8041e-02	 1.0004e+00
2.7128e+01	 1.2094e+00	 3.7827e-02	 9.9981e-01	 3.8136e-02	 1.0004e+00
2.7149e+01	 1.2098e+00	 3.7922e-02	 9.9985e-01	 3.8233e-02	 1.0004e+00
2.7170e+01	 1.2106e+00	 3.8017e-02	 9.9989e-01	 3.8329e-02	 1.0004e+00
2.7191e+01	 1.2110e+00	 3.8113e-02	 9.9993e-01	 3.8426e-02	 1.0004e+00
2.7212e+01	 1.2118e+00	 3.8208e-02	 9.9998e-01	 3.8523e-02	 1.0004e+00
2.7234e+01	 1.2123e+00	 3.8303e-02	 1.0000e+00	 3.8620e-02	 1.0004e+00
2.7255e+01	 1.2129e+00	 3.8398e-02	 1.0001e+00	 3.8716e-02	 1.0004e+00
2.7276e+01	 1.2135e+00	 3.8494e-02	 1.0001e+00	 3.8813e-02	 1.0004e+00
2.7297e+01	 1.2139e+00	 3.8590e-02	 1.0001e+00	 3.8911e-02	 1.0004e+00
2.7318e+01	 1.2147e+00	 3.8686e-02	 1.0002e+00	 3.9007e-02	 1.0004e+00
2.7340e+01	 1.2150e+00	 3.8782e-02	 1.0002e+00	 3.9105e-02	 1.0004e+00
2.7361e+01	 1.2159e+00	 3.8878e-02	 1.0002e+00	 3.9202e-02	 1.0004e+00
2.7382e+01	 1.2163e+00	 3.8975e-02	 1.0002e+00	 3.9299e-02	 1.0004e+00
2.7403e+01	 1.2169e+00	 3.9071e-02	 1.0003e+00	 3.9397e-02	 1.0004e+00
2.7424e+01	 1.2175e+00	 3.9168e-02	 1.0003e+00	 3.9495e-02	 1.0004e+00
2.7446e+01	 1.2179e+00	 3.9264e-02	 1.0003e+00	 3.9592e-02	 1.0003e+00
2.7467e+01	 1.2187e+00	 3.9360e-02	 1.0003e+00	 3.9690e-02	 1.0003e+00
2.7488e+01	 1.2190e+00	 3.9456e-02	 1.0003e+00	 3.9788e-02	 1.0003e+00
2.7510e+01	 1.2199e+00	 3.9553e-02	 1.0003e+00	 3.9887e-02	 1.0003e+00
2.7531e+01	 1.2203e+00	 3.9649e-02	 1.0003e+00	 3.9985e-02	 1.0003e+00
2.7552e+01	 1.2210e+00	 3.9746e-02	 1.0003e+00	 4.0083e-02	 1.0003e+00
2.7574e+01	 1.2217e+00	 3.9843e-02	 1.0003e+00	 4.0181e-02	 1.0003e+00
2.7595e+01	 1.2223e+00	 3.9939e-02	 1.0003e+00	 4.0280e-02	 1.0003e+00
2.7616e+01	 1.2232e+00	 4.0036e-02	 1.0003e+00	 4.0379e-02	 1.0003e+00
2.7638e+01	 1.2237e+00	 4.0133e-02	 1.0003e+00	 4.0477e-02	 1.0003e+00
2.7659e+01	 1.2248e+00	 4.0230e-02	 1.0004e+00	 4.0576e-02	 1.0003e+00
2.7681e+01	 1.2254e+00	 4.0327e-02	 1.0003e+00	 4.0674e-02	 1.0003e+00
2.7702e+01	 1.2264e+00	 4.0425e-02	 1.0004e+00	 4.0773e-02	 1.0003e+00
2.7724e+01	 1.2272e+00	 4.0522e-02	 1.0003e+00	 4.0872e-02	 1.0003e+00
2.7745e+01	 1.2280e+00	 4.0620e-02	 1.0004e+00	 4.0972e-02	 1.0003e+00
2.7766e+01	 1.2291e+00	 4.0718e-02	 1.0004e+00	 4.1071e-02	 1.0003e+00
2.7788e+01	 1.2297e+00	 4.0815e-02	 1.0003e+00	 4.1170e-02	 1.0002e+00
2.7809e+01	 1.2309e+00	 4.0913e-02	 1.0003e+00	 4.1270e-02	 1.0002e+00
2.7831e+01	 1.2316e+00	 4.1012e-02	 1.0003e+00	 4.1369e-02	 1.0002e+00
2.7852e+01	 1.2326e+00	 4.1110e-02	 1.0003e+00	 4.1469e-02	 1.0002e+00
2.7874e+01	 1.2334e+00	 4.1209e-02	 1.0003e+00	 4.1568e-02	 1.0002e+00
2.7895e+01	 1.2341e+00	 4.1307e-02	 1.0003e+00	 4.1668e-02	 1.0002e+00
2.7917e+01	 1.2351e+00	 4.1405e-02	 1.0003e+00	 4.1767e-02	 1.0001e+00
2.7939e+01	 1.2357e+00	 4.1503e-02	 1.0002e+00	 4.1867e-02	 1.0001e+00
2.7960e+01	 1.2367e+00	 4.1602e-02	 1.0002e+00	 4.1967e-02	 1.0001e+00
2.7982e+01	 1.2372e+00	 4.1701e-02	 1.0002e+00	 4.2067e-02	 1.0001e+00
2.8003e+01	 1.2380e+00	 4.1800e-02	 1.0002e+00	 4.2167e-02	 1.0001e+00
2.8025e+01	 1.2385e+00	 4.1899e-02	 1.0001e+00	 4.2268e-02	 1.0001e+00
2.8047e+01	 1.2390e+00	 4.1998e-02	 1.0001e+00	 4.2369e-02	 1.0000e+00
2.8068e+01	 1.2397e+00	 4.2097e-02	 1.0001e+00	 4.2468e-02	 1.0000e+00
2.8090e+01	 1.2401e+00	 4.2195e-02	 1.0001e+00	 4.2568e-02	 1.0000e+00
2.8111e+01	 1.2408e+00	 4.2295e-02	 1.0001e+00	 4.2668e-02	 1.0000e+00
2.8133e+01	 1.2411e+00	 4.2394e-02	 1.0001e+00	 4.2769e-02	 1.0000e+00
2.8155e+01	 1.2418e+00	 4.2494e-02	 1.0001e+00	 4.2869e-02	 1.0000e+00
2.8177e+01	 1.2422e+00	 4.2594e-02	 1.0001e+00	 4.2970e-02	 1.0000e+00
2.8198e+01	 1.2427e+00	 4.2692e-02	 1.0001e+00	 4.3071e-02	 1.0000e+00
2.8220e+01	 1.2433e+00	 4.2792e-02	 1.0001e+00	 4.3172e-02	 1.0000e+00
2.8242e+01	 1.2435e+00	 4.2892e-02	 1.0002e+00	 4.3272e-02	 1.0000e+00
2.8264e+01	 1.2443e+00	 4.2992e-02	 1.0002e+00	 4.3373e-02	 1.0000e+00
2.8285e+01	 1.2445e+00	 4.3092e-02	 1.0002e+00	 4.3474e-02	 1.0000e+00
2.8307e+01	 1.2451e+00	 4.3193e-02	 1.0003e+00	 4.3576e-02	 1.0000e+00
2.8329e+01	 1.2455e+00	 4.3293e-02	 1.0003e+00	 4.3678e-02	 1.0000e+00
2.8351e+01	 1.2459e+00	 4.3393e-02	 1.0004e+00	 4.3779e-02	 1.0000e+00
2.8372e+01	 1.2465e+00	 4.3493e-02	 1.0004e+00	 4.3881e-02	 1.0000e+00
2.8394e+01	 1.2467e+00	 4.3593e-02	 1.0005e+00	 4.3983e-02	 1.0000e+00
2.8416e+01	 1.2474e+00	 4.3693e-02	 1.0005e+00	 4.4084e-02	 1.0001e+00
2.8438e+01	 1.2477e+00	 4.3794e-02	 1.0005e+00	 4.4186e-02	 1.0001e+00
2.8460e+01	 1.2483e+00	 4.3894e-02	 1.0006e+00	 4.4289e-02	 1.0001e+00
2.8482e+01	 1.2486e+00	 4.3995e-02	 1.0006e+00	 4.4391e-02	 1.0001e+00
2.8504e+01	 1.2490e+00	 4.4096e-02	 1.0006e+00	 4.4494e-02	 1.0002e+00
2.8526e+01	 1.2496e+00	 4.4197e-02	 1.0006e+00	 4.4596e-02	 1.0002e+00
2.8547e+01	 1.2499e+00	 4.4297e-02	 1.0006e+00	 4.4699e-02	 1.0002e+00
2.8569e+01	 1.2506e+00	 4.4399e-02	 1.0006e+00	 4.4802e-02	 1.0002e+00
2.8591e+01	 1.2508e+00	 4.4500e-02	 1.0006e+00	 4.4905e-02	 1.0003e+00
2.8613e+01	 1.2515e+00	 4.4601e-02	 1.0006e+00	 4.5008e-02	 1.0003e+00
2.8635e+01	 1.2519e+00	 4.4702e-02	 1.0005e+00	 4.5110e-02	 1.0003e+00
2.8657e+01	 1.2524e+00	 4.4804e-02	 1.0005e+00	 4.5214e-02	 1.0003e+00
2.8679e+01	 1.2530e+00	 4.4906e-02	 1.0005e+00	 4.5317e-02	 1.0003e+00
2.8701e+01	 1.2534e+00	 4.5007e-02	 1.0004e+00	 4.5421e-02	 1.0003e+00
2.8723e+01	 1.2543e+00	 4.5108e-02	 1.0004e+00	 4.5525e-02	 1.0004e+00
2.8745e+01	 1.2546e+00	 4.5210e-02	 1.0004e+00	 4.5628e-02	 1.0004e+00
2.8767e+01	 1.2555e+00	 4.5312e-02	 1.0004e+00	 4.5732e-02	 1.0004e+00
2.8789e+01	 1.2559e+00	 4.5414e-02	 1.0003e+00	 4.5835e-02	 1.0004e+00
2.8811e+01	 1.2566e+00	 4.5516e-02	 1.0003e+00	 4.5939e-02	 1.0004e+00
2.8834e+01	 1.2572e+00	 4.5618e-02	 1.0003e+00	 4.6043e-02	 1.0003e+00
2.8856e+01	 1.2577e+00	 4.5720e-02	 1.0003e+00	 4.6146e-02	 1.0003e+00
2.8878e+01	 1.2585e+00	 4.5823e-02	 1.0002e+00	 4.6250e-02	 1.0003e+00
2.8900e+01	 1.2589e+00	 4.5925e-02	 1.0002e+00	 4.6354e-02	 1.0003e+00
2.8922e+01	 1.2597e+00	 4.6027e-02	 1.0002e+00	 4.6458e-02	 1.0003e+00
2.8944e+01	 1.2600e+00	 4.6130e-02	 1.0001e+00	 4.6563e-02	 1.0003e+00
2.8966e+01	 1.2606e+00	 4.6232e-02	 1.0001e+00	 4.6667e-02	 1.0003e+00
2.8988e+01	 1.2612e+00	 4.6335e-02	 1.0001e+00	 4.6772e-02	 1.0003e+00
2.9011e+01	 1.2616e+00	 4.6437e-02	 1.0001e+00	 4.6877e-02	 1.0003e+00
2.9033e+01	 1.2623e+00	 4.6540e-02	 1.0000e+00	 4.6981e-02	 1.0003e+00
2.9055e+01	 1.2625e+00	 4.6643e-02	 1.0000e+00	 4.7086e-02	 1.0003e+00
2.9077e+01	 1.2633e+00	 4.6747e-02	 9.9997e-01	 4.7191e-02	 1.0003e+00
2.9099e+01	 1.2636e+00	 4.6850e-02	 9.9994e-01	 4.7296e-02	 1.0002e+00
2.9122e+01	 1.2642e+00	 4.6954e-02	 9.9993e-01	 4.7401e-02	 1.0002e+00
2.9144e+01	 1.2647e+00	 4.7058e-02	 9.9991e-01	 4.7506e-02	 1.0002e+00
2.9166e+01	 1.2652e+00	 4.7161e-02	 9.9990e-01	 4.7611e-02	 1.0002e+00
2.9189e+01	 1.2659e+00	 4.7265e-02	 9.9989e-01	 4.7717e-02	 1.0002e+00
2.9211e+01	 1.2662e+00	 4.7369e-02	 9.9989e-01	 4.7822e-02	 1.0002e+00
2.9233e+01	 1.2670e+00	 4.7472e-02	 9.9989e-01	 4.7928e-02	 1.0002e+00
2.9256e+01	 1.2673e+00	 4.7576e-02	 9.9989e-01	 4.8033e-02	 1.0002e+00
2.9278e+01	 1.2679e+00	 4.7681e-02	 9.9991e-01	 4.8139e-02	 1.0001e+00
2.9300e+01	 1.2685e+00	 4.7785e-02	 9.9992e-01	 4.8245e-02	 1.0001e+00
2.9323e+01	 1.2689e+00	 4.7891e-02	 9.9994e-01	 4.8350e-02	 1.0001e+00
2.9345e+01	 1.2697e+00	 4.7995e-02	 9.9996e-01	 4.8457e-02	 1.0001e+00
2.9367e+01	 1.2700e+00	 4.8100e-02	 9.9998e-01	 4.8564e-02	 1.0000e+00
2.9390e+01	 1.2709e+00	 4.8204e-02	 1.0000e+00	 4.8670e-02	 1.0000e+00
2.9412e+01	 1.2712e+00	 4.8309e-02	 1.0000e+00	 4.8776e-02	 9.9998e-01
2.9434e+01	 1.2719e+00	 4.8413e-02	 1.0001e+00	 4.8883e-02	 9.9996e-01
2.9457e+01	 1.2725e+00	 4.8518e-02	 1.0001e+00	 4.8989e-02	 9.9993e-01
2.9479e+01	 1.2730e+00	 4.8623e-02	 1.0001e+00	 4.9095e-02	 9.9991e-01
2.9502e+01	 1.2738e+00	 4.8728e-02	 1.0001e+00	 4.9203e-02	 9.9988e-01
2.9524e+01	 1.2741e+00	 4.8834e-02	 1.0002e+00	 4.9309e-02	 9.9986e-01
2.9547e+01	 1.2748e+00	 4.8939e-02	 1.0002e+00	 4.9417e-02	 9.9984e-01
2.9569e+01	 1.2750e+00	 4.9044e-02	 1.0002e+00	 4.9524e-02	 9.9982e-01
2.9592e+01	 1.2756e+00	 4.9150e-02	 1.0002e+00	 4.9631e-02	 9.9980e-01
2.9614e+01	 1.2759e+00	 4.9256e-02	 1.0003e+00	 4.9739e-02	 9.9978e-01
2.9637e+01	 1.2763e+00	 4.9361e-02	 1.0003e+00	 4.9846e-02	 9.9977e-01
2.9660e+01	 1.2767e+00	 4.9467e-02	 1.0003e+00	 4.9953e-02	 9.9976e-01
2.9682e+01	 1.2768e+00	 4.9573e-02	 1.0003e+00	 5.0061e-02	 9.9975e-01
2.9705e+01	 1.2773e+00	 4.9679e-02	 1.0004e+00	 5.0168e-02	 9.9975e-01
2.9727e+01	 1.2773e+00	 4.9785e-02	 1.0004e+00	 5.0276e-02	 9.9975e-01
2.9750e+01	 1.2776e+00	 4.9891e-02	 1.0004e+00	 5.0384e-02	 9.9976e-01
2.9773e+01	 1.2778e+00	 4.9997e-02	 1.0005e+00	 5.0492e-02	 9.9977e-01
2.9795e+01	 1.2779e+00	 5.0103e-02	 1.0005e+00	 5.0600e-02	 9.9979e-01
2.9818e+01	 1.2783e+00	 5.0210e-02	 1.0005e+00	 5.0707e-02	 9.9980e-01
2.9840e+01	 1.2782e+00	 5.0317e-02	 1.0005e+00	 5.0814e-02	 9.9982e-01
2.9863e+01	 1.2786e+00	 5.0423e-02	 1.0006e+00	 5.0922e-02	 9.9985e-01
2.9886e+01	 1.2785e+00	 5.0530e-02	 1.0006e+00	 5.1029e-02	 9.9988e-01
2.9908e+01	 1.2788e+00	 5.0636e-02	 1.0006e+00	 5.1138e-02	 9.9991e-01
2.9931e+01	 1.2788e+00	 5.0743e-02	 1.0007e+00	 5.1245e-02	 9.9994e-01
2.9954e+01	 1.2788e+00	 5.0850e-02	 1.0007e+00	 5.1354e-02	 9.9997e-01
2.9977e+01	 1.2790e+00	 5.0957e-02	 1.0007e+00	 5.1463e-02	 1.0000e+00
2.9999e+01	 1.2788e+00	 5.1064e-02	 1.0007e+00	 5.1572e-02	 1.0000e+00
3.0022e+01	 1.2791e+00	 5.1171e-02	 1.0008e+00	 5.1680e-02	 1.0001e+00
3.0045e+01	 1.2788e+00	 5.1278e-02	 1.0008e+00	 5.1790e-02	 1.0001e+00
3.0068e+01	 1.2790e+00	 5.1385e-02	 1.0008e+00	 5.1899e-02	 1.0001e+00
3.0090e+01	 1.2789e+00	 5.1492e-02	 1.0008e+00	 5.2008e-02	 1.0002e+00
3.0113e+01	 1.2790e+00	 5.1599e-02	 1.0008e+00	 5.2117e-02	 1.0002e+00
3.0136e+01	 1.2792e+00	 5.1707e-02	 1.0009e+00	 5.2226e-02	 1.0002e+00
3.0159e+01	 1.2792e+00	 5.1814e-02	 1.0009e+00	 5.2335e-02	 1.0002e+00
3.0182e+01	 1.2796e+00	 5.1922e-02	 1.0009e+00	 5.2445e-02	 1.0002e+00
3.0204e+01	 1.2796e+00	 5.2030e-02	 1.0009e+00	 5.2554e-02	 1.0003e+00
3.0227e+01	 1.2801e+00	 5.2139e-02	 1.0009e+00	 5.2664e-02	 1.0003e+00
3.0250e+01	 1.2802e+00	 5.2248e-02	 1.0009e+00	 5.2773e-02	 1.0003e+00
3.0273e+01	 1.2807e+00	 5.2356e-02	 1.0009e+00	 5.2883e-02	 1.0003e+00
3.0296e+01	 1.2812e+00	 5.2465e-02	 1.0009e+00	 5.2994e-02	 1.0003e+00
3.0319e+01	 1.2815e+00	 5.2574e-02	 1.0008e+00	 5.3104e-02	 1.0003e+00
3.0342e+01	 1.2823e+00	 5.2682e-02	 1.0008e+00	 5.3214e-02	 1.0003e+00
3.0365e+01	 1.2825e+00	 5.2791e-02	 1.0008e+00	 5.3325e-02	 1.0003e+00
3.0388e+01	 1.2834e+00	 5.2900e-02	 1.0007e+00	 5.3436e-02	 1.0003e+00
3.0411e+01	 1.2838e+00	 5.3008e-02	 1.0006e+00	 5.3547e-02	 1.0003e+00
3.0434e+01	 1.2845e+00	 5.3118e-02	 1.0006e+00	 5.3657e-02	 1.0003e+00
3.0457e+01	 1.2852e+00	 5.3227e-02	 1.0005e+00	 5.3768e-02	 1.0003e+00
3.0480e+01	 1.2858e+00	 5.3337e-02	 1.0005e+00	 5.3879e-02	 1.0003e+00
3.0503e+01	 1.2867e+00	 5.3446e-02	 1.0004e+00	 5.3990e-02	 1.0003e+00
3.0526e+01	 1.2870e+00	 5.3555e-02	 1.0003e+00	 5.4101e-02	 1.0003e+00
3.0549e+01	 1.2880e+00	 5.3665e-02	 1.0003e+00	 5.4212e-02	 1.0003e+00
3.0572e+01	 1.2884e+00	 5.3775e-02	 1.0002e+00	 5.4324e-02	 1.0003e+00
3.0595e+01	 1.2892e+00	 5.3884e-02	 1.0001e+00	 5.4436e-02	 1.0003e+00
3.0618e+01	 1.2899e+00	 5.3994e-02	 1.0001e+00	 5.4547e-02	 1.0003e+00
3.0641e+01	 1.2904e+00	 5.4104e-02	 1.0000e+00	 5.4658e-02	 1.0003e+00
3.0664e+01	 1.2912e+00	 5.4214e-02	 9.9996e-01	 5.4770e-02	 1.0003e+00
3.0687e+01	 1.2915e+00	 5.4325e-02	 9.9991e-01	 5.4883e-02	 1.0003e+00
3.0710e+01	 1.2923e+00	 5.4434e-02	 9.9987e-01	 5.4994e-02	 1.0002e+00
3.0734e+01	 1.2926e+00	 5.4545e-02	 9.9983e-01	 5.5107e-02	 1.0002e+00
3.0757e+01	 1.2933e+00	 5.4655e-02	 9.9981e-01	 5.5219e-02	 1.0002e+00
3.0780e+01	 1.2937e+00	 5.4766e-02	 9.9978e-01	 5.5331e-02	 1.0002e+00
3.0803e+01	 1.2941e+00	 5.4877e-02	 9.9977e-01	 5.5444e-02	 1.0002e+00
3.0826e+01	 1.2947e+00	 5.4988e-02	 9.9976e-01	 5.5556e-02	 1.0002e+00
3.0850e+01	 1.2948e+00	 5.5098e-02	 9.9976e-01	 5.5669e-02	 1.0002e+00
3.0873e+01	 1.2955e+00	 5.5209e-02	 9.9978e-01	 5.5783e-02	 1.0002e+00
3.0896e+01	 1.2957e+00	 5.5319e-02	 9.9979e-01	 5.5895e-02	 1.0002e+00
3.0919e+01	 1.2963e+00	 5.5431e-02	 9.9981e-01	 5.6008e-02	 1.0002e+00
3.0942e+01	 1.2967e+00	 5.5542e-02	 9.9982e-01	 5.6121e-02	 1.0002e+00
3.0966e+01	 1.2971e+00	 5.5654e-02	 9.9985e-01	 5.6234e-02	 1.0002e+00
3.0989e+01	 1.2976e+00	 5.5766e-02	 9.9987e-01	 5.6348e-02	 1.0002e+00
3.1012e+01	 1.2978e+00	 5.5877e-02	 9.9989e-01	 5.6462e-02	 1.0002e+00
3.1036e+01	 1.2984e+00	 5.5989e-02	 9.9992e-01	 5.6576e-02	 1.0002e+00
3.1059e+01	 1.2986e+00	 5.6101e-02	 9.9994e-01	 5.6689e-02	 1.0002e+00
3.1082e+01	 1.2992e+00	 5.6213e-02	 9.9998e-01	 5.6803e-02	 1.0002e+00
3.1106e+01	 1.2996e+00	 5.6325e-02	 1.0000e+00	 5.6916e-02	 1.0002e+00
3.1129e+01	 1.2999e+00	 5.6437e-02	 1.0000e+00	 5.7031e-02	 1.0002e+00
3.1152e+01	 1.3005e+00	 5.6549e-02	 1.0001e+00	 5.7145e-02	 1.0002e+00
3.1176e+01	 1.3006e+00	 5.6662e-02	 1.0001e+00	 5.7258e-02	 1.0002e+00
3.1199e+01	 1.3013e+00	 5.6774e-02	 1.0001e+00	 5.7372e-02	 1.0002e+00
3.1223e+01	 1.3015e+00	 5.6887e-02	 1.0002e+00	 5.7486e-02	 1.0001e+00
3.1246e+01	 1.3021e+00	 5.7000e-02	 1.0002e+00	 5.7601e-02	 1.0001e+00
3.1269e+01	 1.3025e+00	 5.7113e-02	 1.0002e+00	 5.7715e-02	 1.0001e+00
3.1293e+01	 1.3029e+00	 5.7226e-02	 1.0003e+00	 5.7829e-02	 1.0001e+00
3.1316e+01	 1.3034e+00	 5.7339e-02	 1.0003e+00	 5.7943e-02	 1.0001e+00
3.1340e+01	 1.3036e+00	 5.7452e-02	 1.0003e+00	 5.8058e-02	 1.0001e+00
3.1363e+01	 1.3043e+00	 5.7565e-02	 1.0004e+00	 5.8173e-02	 1.0001e+00
3.1387e+01	 1.3045e+00	 5.7679e-02	 1.0004e+00	 5.8288e-02	 1.0001e+00
3.1410e+01	 1.3052e+00	 5.7793e-02	 1.0004e+00	 5.8403e-02	 1.0000e+00
3.1434e+01	 1.3056e+00	 5.7907e-02	 1.0004e+00	 5.8519e-02	 1.0000e+00
3.1457e+01	 1.3060e+00	 5.8021e-02	 1.0004e+00	 5.8634e-02	 9.9999e-01
3.1481e+01	 1.3066e+00	 5.8135e-02	 1.0004e+00	 5.8749e-02	 9.9996e-01
3.1504e+01	 1.3068e+00	 5.8249e-02	 1.0004e+00	 5.8865e-02	 9.9993e-01
3.1528e+01	 1.3075e+00	 5.8364e-02	 1.0004e+00	 5.8980e-02	 9.9990e-01
3.1552e+01	 1.3076e+00	 5.8479e-02	 1.0004e+00	 5.9096e-02	 9.9987e-01
3.1575e+01	 1.3082e+00	 5.8593e-02	 1.0004e+00	 5.9212e-02	 9.9984e-01
3.1599e+01	 1.3084e+00	 5.8708e-02	 1.0004e+00	 5.9327e-02	 9.9981e-01
3.1622e+01	 1.3087e+00	 5.8823e-02	 1.0004e+00	 5.9444e-02	 9.9978e-01
3.1646e+01	 1.3091e+00	 5.8938e-02	 1.0004e+00	 5.9560e-02	 9.9975e-01
3.1670e+01	 1.3092e+00	 5.9053e-02	 1.0004e+00	 5.9677e-02	 9.9973e-01
3.1693e+01	 1.3097e+00	 5.9168e-02	 1.0004e+00	 5.9793e-02	 9.9971e-01
3.1717e+01	 1.3097e+00	 5.9283e-02	 1.0004e+00	 5.9909e-02	 9.9969e-01
3.1741e+01	 1.3103e+00	 5.9399e-02	 1.0004e+00	 6.0026e-02	 9.9968e-01
3.1764e+01	 1.3105e+00	 5.9514e-02	 1.0004e+00	 6.0142e-02	 9.9967e-01
3.1788e+01	 1.3108e+00	 5.9629e-02	 1.0004e+00	 6.0260e-02	 9.9967e-01
3.1812e+01	 1.3112e+00	 5.9745e-02	 1.0004e+00	 6.0376e-02	 9.9967e-01
3.1835e+01	 1.3113e+00	 5.9860e-02	 1.0004e+00	 6.0493e-02	 9.9968e-01
3.1859e+01	 1.3119e+00	 5.9976e-02	 1.0004e+00	 6.0610e-02	 9.9969e-01
3.1883e+01	 1.3120e+00	 6.0092e-02	 1.0004e+00	 6.0727e-02	 9.9970e-01
3.1907e+01	 1.3126e+00	 6.0208e-02	 1.0004e+00	 6.0845e-02	 9.9972e-01
3.1930e+01	 1.3128e+00	 6.0324e-02	 1.0004e+00	 6.0962e-02	 9.9973e-01
3.1954e+01	 1.3132e+00	 6.0440e-02	 1.0004e+00	 6.1079e-02	 9.9975e-01
3.1978e+01	 1.3136e+00	 6.0555e-02	 1.0004e+00	 6.1197e-02	 9.9977e-01
3.2002e+01	 1.3138e+00	 6.0672e-02	 1.0004e+00	 6.1315e-02	 9.9979e-01
3.2026e+01	 1.3145e+00	 6.0788e-02	 1.0004e+00	 6.1433e-02	 9.9981e-01
3.2050e+01	 1.3146e+00	 6.0905e-02	 1.0003e+00	 6.1551e-02	 9.9983e-01
3.2073e+01	 1.3153e+00	 6.1021e-02	 1.0003e+00	 6.1669e-02	 9.9986e-01
3.2097e+01	 1.3155e+00	 6.1138e-02	 1.0003e+00	 6.1787e-02	 9.9988e-01
3.2121e+01	 1.3160e+00	 6.1254e-02	 1.0003e+00	 6.1906e-02	 9.9990e-01
3.2145e+01	 1.3163e+00	 6.1370e-02	 1.0002e+00	 6.2025e-02	 9.9992e-01
3.2169e+01	 1.3165e+00	 6.1487e-02	 1.0002e+00	 6.2143e-02	 9.9994e-01
3.2193e+01	 1.3171e+00	 6.1604e-02	 1.0001e+00	 6.2261e-02	 9.9996e-01
3.2217e+01	 1.3171e+00	 6.1721e-02	 1.0000e+00	 6.2380e-02	 9.9997e-01
3.2241e+01	 1.3177e+00	 6.1839e-02	 9.9999e-01	 6.2499e-02	 9.9999e-01
3.2265e+01	 1.3177e+00	 6.1956e-02	 9.9993e-01	 6.2618e-02	 1.0000e+00
3.2289e+01	 1.3180e+00	 6.2074e-02	 9.9988e-01	 6.2737e-02	 1.0000e+00
3.2313e+01	 1.3182e+00	 6.2191e-02	 9.9981e-01	 6.2856e-02	 1.0000e+00
3.2337e+01	 1.3183e+00	 6.2309e-02	 9.9977e-01	 6.2975e-02	 1.0000e+00
3.2361e+01	 1.3187e+00	 6.2427e-02	 9.9972e-01	 6.3094e-02	 1.0001e+00
3.2385e+01	 1.3186e+00	 6.2545e-02	 9.9968e-01	 6.3213e-02	 1.0001e+00
3.2409e+01	 1.3192e+00	 6.2663e-02	 9.9965e-01	 6.3332e-02	 1.0001e+00
3.2433e+01	 1.3192e+00	 6.2781e-02	 9.9962e-01	 6.3452e-02	 1.0001e+00
3.2457e+01	 1.3197e+00	 6.2899e-02	 9.9961e-01	 6.3572e-02	 1.0001e+00
3.2481e+01	 1.3199e+00	 6.3018e-02	 9.9958e-01	 6.3692e-02	 1.0001e+00
3.2505e+01	 1.3203e+00	 6.3136e-02	 9.9958e-01	 6.3812e-02	 1.0001e+00
3.2529e+01	 1.3209e+00	 6.3255e-02	 9.9957e-01	 6.3932e-02	 1.0001e+00
3.2553e+01	 1.3211e+00	 6.3373e-02	 9.9958e-01	 6.4053e-02	 1.0001e+00
3.2577e+01	 1.3219e+00	 6.3492e-02	 9.9959e-01	 6.4173e-02	 1.0001e+00
3.2601e+01	 1.3222e+00	 6.3611e-02	 9.9960e-01	 6.4294e-02	 1.0001e+00
3.2625e+01	 1.3229e+00	 6.3730e-02	 9.9963e-01	 6.4414e-02	 1.0001e+00
3.2649e+01	 1.3234e+00	 6.3850e-02	 9.9966e-01	 6.4534e-02	 1.0001e+00
3.2674e+01	 1.3239e+00	 6.3969e-02	 9.9969e-01	 6.4656e-02	 1.0001e+00
3.2698e+01	 1.3246e+00	 6.4089e-02	 9.9973e-01	 6.4776e-02	 1.0001e+00
3.2722e+01	 1.3250e+00	 6.4209e-02	 9.9977e-01	 6.4898e-02	 1.0001e+00
3.2746e+01	 1.3258e+00	 6.4328e-02	 9.9981e-01	 6.5019e-02	 1.0001e+00
3.2770e+01	 1.3262e+00	 6.4449e-02	 9.9986e-01	 6.5140e-02	 1.0001e+00
3.2794e+01	 1.3270e+00	 6.4569e-02	 9.9991e-01	 6.5262e-02	 1.0001e+00
3.2819e+01	 1.3274e+00	 6.4688e-02	 9.9995e-01	 6.5383e-02	 1.0001e+00
3.2843e+01	 1.3280e+00	 6.4808e-02	 1.0000e+00	 6.5504e-02	 1.0001e+00
3.2867e+01	 1.3287e+00	 6.4928e-02	 1.0000e+00	 6.5626e-02	 1.0001e+00
3.2892e+01	 1.3291e+00	 6.5049e-02	 1.0001e+00	 6.5748e-02	 1.0001e+00
3.2916e+01	 1.3300e+00	 6.5169e-02	 1.0001e+00	 6.5870e-02	 1.0001e+00
3.2940e+01	 1.3304e+00	 6.5290e-02	 1.0001e+00	 6.5992e-02	 1.0001e+00
3.2964e+01	 1.3312e+00	 6.5410e-02	 1.0002e+00	 6.6115e-02	 1.0001e+00
3.2989e+01	 1.3316e+00	 6.5531e-02	 1.0002e+00	 6.6237e-02	 1.0001e+00
3.3013e+01	 1.3321e+00	 6.5652e-02	 1.0002e+00	 6.6360e-02	 1.0001e+00
3.3037e+01	 1.3327e+00	 6.5773e-02	 1.0003e+00	 6.6482e-02	 1.0001e+00
3.3062e+01	 1.3329e+00	 6.5893e-02	 1.0003e+00	 6.6605e-02	 1.0001e+00
3.3086e+01	 1.3336e+00	 6.6015e-02	 1.0003e+00	 6.6727e-02	 1.0001e+00
3.3110e+01	 1.3336e+00	 6.6136e-02	 1.0004e+00	 6.6850e-02	 1.0001e+00
3.3135e+01	 1.3342e+00	 6.6257e-02	 1.0004e+00	 6.6973e-02	 1.0001e+00
3.3159e+01	 1.3343e+00	 6.6378e-02	 1.0004e+00	 6.7096e-02	 1.0001e+00
3.3184e+01	 1.3345e+00	 6.6500e-02	 1.0005e+00	 6.7220e-02	 1.0001e+00
3.3208e+01	 1.3348e+00	 6.6621e-02	 1.0005e+00	 6.7343e-02	 1.0001e+00
3.3233e+01	 1.3349e+00	 6.6744e-02	 1.0006e+00	 6.7466e-02	 1.0001e+00
3.3257e+01	 1.3354e+00	 6.6865e-02	 1.0006e+00	 6.7590e-02	 1.0001e+00
3.3281e+01	 1.3353e+00	 6.6987e-02	 1.0006e+00	 6.7714e-02	 1.0001e+00
3.3306e+01	 1.3358e+00	 6.7109e-02	 1.0007e+00	 6.7837e-02	 1.0001e+00
3.3330e+01	 1.3358e+00	 6.7231e-02	 1.0007e+00	 6.7962e-02	 1.0001e+00
3.3355e+01	 1.3361e+00	 6.7352e-02	 1.0007e+00	 6.8087e-02	 1.0001e+00
3.3379e+01	 1.3364e+00	 6.7475e-02	 1.0007e+00	 6.8211e-02	 1.0001e+00
3.3404e+01	 1.3365e+00	 6.7598e-02	 1.0007e+00	 6.8335e-02	 1.0001e+00
3.3428e+01	 1.3370e+00	 6.7720e-02	 1.0007e+00	 6.8459e-02	 1.0001e+00
3.3453e+01	 1.3370e+00	 6.7843e-02	 1.0007e+00	 6.8583e-02	 1.0001e+00
3.3477e+01	 1.3375e+00	 6.7965e-02	 1.0007e+00	 6.8708e-02	 1.0001e+00
3.3502e+01	 1.3376e+00	 6.8088e-02	 1.0007e+00	 6.8832e-02	 1.0001e+00
3.3527e+01	 1.3381e+00	 6.8211e-02	 1.0006e+00	 6.8957e-02	 1.0001e+00
3.3551e+01	 1.3384e+00	 6.8334e-02	 1.0006e+00	 6.9082e-02	 1.0002e+00
3.3576e+01	 1.3387e+00	 6.8458e-02	 1.0006e+00	 6.9207e-02	 1.0002e+00
3.3600e+01	 1.3393e+00	 6.8581e-02	 1.0005e+00	 6.9332e-02	 1.0002e+00
3.3625e+01	 1.3394e+00	 6.8705e-02	 1.0005e+00	 6.9458e-02	 1.0002e+00
3.3650e+01	 1.3401e+00	 6.8829e-02	 1.0005e+00	 6.9583e-02	 1.0002e+00
3.3674e+01	 1.3403e+00	 6.8953e-02	 1.0004e+00	 6.9709e-02	 1.0002e+00
3.3699e+01	 1.3408e+00	 6.9077e-02	 1.0004e+00	 6.9834e-02	 1.0002e+00
3.3724e+01	 1.3412e+00	 6.9201e-02	 1.0003e+00	 6.9960e-02	 1.0002e+00
3.3748e+01	 1.3415e+00	 6.9325e-02	 1.0003e+00	 7.0086e-02	 1.0002e+00
3.3773e+01	 1.3422e+00	 6.9450e-02	 1.0003e+00	 7.0212e-02	 1.0002e+00
3.3798e+01	 1.3424e+00	 6.9574e-02	 1.0003e+00	 7.0338e-02	 1.0002e+00
3.3822e+01	 1.3431e+00	 6.9699e-02	 1.0002e+00	 7.0465e-02	 1.0002e+00
3.3847e+01	 1.3433e+00	 6.9824e-02	 1.0002e+00	 7.0592e-02	 1.0002e+00
3.3872e+01	 1.3439e+00	 6.9948e-02	 1.0002e+00	 7.0720e-02	 1.0003e+00
3.3897e+01	 1.3444e+00	 7.0073e-02	 1.0002e+00	 7.0846e-02	 1.0003e+00
3.3922e+01	 1.3448e+00	 7.0199e-02	 1.0002e+00	 7.0973e-02	 1.0003e+00
3.3946e+01	 1.3455e+00	 7.0324e-02	 1.0002e+00	 7.1101e-02	 1.0002e+00
3.3971e+01	 1.3457e+00	 7.0450e-02	 1.0002e+00	 7.1229e-02	 1.0002e+00
3.3996e+01	 1.3465e+00	 7.0576e-02	 1.0002e+00	 7.1356e-02	 1.0002e+00
3.4021e+01	 1.3467e+00	 7.0701e-02	 1.0002e+00	 7.1483e-02	 1.0002e+00
3.4046e+01	 1.3473e+00	 7.0826e-02	 1.0002e+00	 7.1611e-02	 1.0002e+00
3.4070e+01	 1.3477e+00	 7.0952e-02	 1.0002e+00	 7.1738e-02	 1.0002e+00
3.4095e+01	 1.3480e+00	 7.1079e-02	 1.0002e+00	 7.1866e-02	 1.0002e+00
3.4120e+01	 1.3486e+00	 7.1204e-02	 1.0003e+00	 7.1993e-02	 1.0001e+00
3.4145e+01	 1.3487e+00	 7.1330e-02	 1.0003e+00	 7.2121e-02	 1.0001e+00
3.4170e+01	 1.3493e+00	 7.1456e-02	 1.0003e+00	 7.2250e-02	 1.0001e+00
3.4195e+01	 1.3493e+00	 7.1582e-02	 1.0003e+00	 7.2378e-02	 1.0001e+00
3.4220e+01	 1.3498e+00	 7.1709e-02	 1.0003e+00	 7.2506e-02	 1.0000e+00
3.4245e+01	 1.3500e+00	 7.1835e-02	 1.0003e+00	 7.2635e-02	 1.0000e+00
3.4270e+01	 1.3502e+00	 7.1962e-02	 1.0003e+00	 7.2763e-02	 9.9999e-01
3.4294e+01	 1.3506e+00	 7.2089e-02	 1.0004e+00	 7.2892e-02	 9.9997e-01
3.4319e+01	 1.3506e+00	 7.2216e-02	 1.0004e+00	 7.3021e-02	 9.9996e-01
3.4344e+01	 1.3510e+00	 7.2342e-02	 1.0004e+00	 7.3150e-02	 9.9994e-01
3.4370e+01	 1.3509e+00	 7.2470e-02	 1.0004e+00	 7.3279e-02	 9.9992e-01
3.4395e+01	 1.3513e+00	 7.2597e-02	 1.0004e+00	 7.3408e-02	 9.9991e-01
3.4419e+01	 1.3514e+00	 7.2724e-02	 1.0004e+00	 7.3538e-02	 9.9990e-01
3.4444e+01	 1.3516e+00	 7.2852e-02	 1.0004e+00	 7.3667e-02	 9.9989e-01
3.4469e+01	 1.3519e+00	 7.2979e-02	 1.0004e+00	 7.3796e-02	 9.9987e-01
3.4495e+01	 1.3519e+00	 7.3107e-02	 1.0004e+00	 7.3926e-02	 9.9987e-01
3.4520e+01	 1.3525e+00	 7.3235e-02	 1.0005e+00	 7.4055e-02	 9.9986e-01
3.4545e+01	 1.3525e+00	 7.3363e-02	 1.0005e+00	 7.4185e-02	 9.9985e-01
3.4570e+01	 1.3531e+00	 7.3491e-02	 1.0005e+00	 7.4315e-02	 9.9984e-01
3.4595e+01	 1.3534e+00	 7.3618e-02	 1.0005e+00	 7.4444e-02	 9.9983e-01
3.4620e+01	 1.3539e+00	 7.3746e-02	 1.0005e+00	 7.4574e-02	 9.9983e-01
3.4645e+01	 1.3544e+00	 7.3875e-02	 1.0005e+00	 7.4704e-02	 9.9982e-01
3.4670e+01	 1.3547e+00	 7.4003e-02	 1.0006e+00	 7.4834e-02	 9.9981e-01
3.4695e+01	 1.3554e+00	 7.4132e-02	 1.0006e+00	 7.4964e-02	 9.9981e-01
3.4721e+01	 1.3556e+00	 7.4261e-02	 1.0006e+00	 7.5095e-02	 9.9981e-01
3.4746e+01	 1.3563e+00	 7.4389e-02	 1.0006e+00	 7.5226e-02	 9.9981e-01
3.4771e+01	 1.3566e+00	 7.4518e-02	 1.0006e+00	 7.5357e-02	 9.9981e-01
3.4796e+01	 1.3571e+00	 7.4648e-02	 1.0006e+00	 7.5487e-02	 9.9981e-01
3.4821e+01	 1.3576e+00	 7.4777e-02	 1.0006e+00	 7.5619e-02	 9.9982e-01
3.4846e+01	 1.3578e+00	 7.4906e-02	 1.0006e+00	 7.5750e-02	 9.9983e-01
3.4872e+01	 1.3584e+00	 7.5036e-02	 1.0006e+00	 7.5881e-02	 9.9984e-01
3.4897e+01	 1.3585e+00	 7.5166e-02	 1.0006e+00	 7.6012e-02	 9.9985e-01
3.4922e+01	 1.3591e+00	 7.5296e-02	 1.0006e+00	 7.6144e-02	 9.9987e-01
3.4947e+01	 1.3593e+00	 7.5426e-02	 1.0006e+00	 7.6275e-02	 9.9989e-01
3.4973e+01	 1.3598e+00	 7.5556e-02	 1.0005e+00	 7.6407e-02	 9.9991e-01
3.4998e+01	 1.3602e+00	 7.5686e-02	 1.0005e+00	 7.6539e-02	 9.9993e-01
3.5023e+01	 1.3603e+00	 7.5816e-02	 1.0005e+00	 7.6671e-02	 9.9995e-01
3.5049e+01	 1.3609e+00	 7.5947e-02	 1.0005e+00	 7.6803e-02	 9.9997e-01
3.5074e+01	 1.3609e+00	 7.6078e-02	 1.0005e+00	 7.6936e-02	 9.9999e-01
3.5099e+01	 1.3615e+00	 7.6208e-02	 1.0005e+00	 7.7068e-02	 1.0000e+00
3.5125e+01	 1.3616e+00	 7.6340e-02	 1.0005e+00	 7.7201e-02	 1.0000e+00
3.5150e+01	 1.3620e+00	 7.6471e-02	 1.0005e+00	 7.7334e-02	 1.0000e+00
3.5175e+01	 1.3624e+00	 7.6602e-02	 1.0004e+00	 7.7466e-02	 1.0001e+00
3.5201e+01	 1.3625e+00	 7.6733e-02	 1.0004e+00	 7.7599e-02	 1.0001e+00
3.5226e+01	 1.3630e+00	 7.6865e-02	 1.0004e+00	 7.7732e-02	 1.0001e+00
3.5252e+01	 1.3629e+00	 7.6996e-02	 1.0003e+00	 7.7866e-02	 1.0001e+00
3.5277e+01	 1.3634e+00	 7.7128e-02	 1.0003e+00	 7.8000e-02	 1.0001e+00
3.5302e+01	 1.3633e+00	 7.7259e-02	 1.0003e+00	 7.8133e-02	 1.0001e+00
3.5328e+01	 1.3637e+00	 7.7391e-02	 1.0003e+00	 7.8267e-02	 1.0001e+00
3.5353e+01	 1.3638e+00	 7.7523e-02	 1.0003e+00	 7.8401e-02	 1.0001e+00
3.5379e+01	 1.3639e+00	 7.7656e-02	 1.0002e+00	 7.8535e-02	 1.0001e+00
3.5404e+01	 1.3643e+00	 7.7787e-02	 1.0002e+00	 7.8669e-02	 1.0001e+00
3.5430e+01	 1.3642e+00	 7.7920e-02	 1.0002e+00	 7.8803e-02	 1.0001e+00
3.5455e+01	 1.3647e+00	 7.8052e-02	 1.0002e+00	 7.8937e-02	 1.0001e+00
3.5481e+01	 1.3647e+00	 7.8185e-02	 1.0002e+00	 7.9071e-02	 1.0001e+00
3.5506e+01	 1.3652e+00	 7.8318e-02	 1.0002e+00	 7.9205e-02	 1.0001e+00
3.5532e+01	 1.3655e+00	 7.8451e-02	 1.0002e+00	 7.9339e-02	 1.0001e+00
3.5557e+01	 1.3657e+00	 7.8584e-02	 1.0003e+00	 7.9474e-02	 1.0001e+00
3.5583e+01	 1.3663e+00	 7.8717e-02	 1.0003e+00	 7.9609e-02	 1.0001e+00
3.5608e+01	 1.3665e+00	 7.8850e-02	 1.0003e+00	 7.9744e-02	 1.0001e+00
3.5634e+01	 1.3672e+00	 7.8984e-02	 1.0003e+00	 7.9878e-02	 1.0001e+00
3.5659e+01	 1.3675e+00	 7.9118e-02	 1.0004e+00	 8.0014e-02	 1.0001e+00
3.5685e+01	 1.3683e+00	 7.9251e-02	 1.0004e+00	 8.0149e-02	 1.0001e+00
3.5711e+01	 1.3688e+00	 7.9385e-02	 1.0004e+00	 8.0284e-02	 1.0000e+00
3.5736e+01	 1.3693e+00	 7.9519e-02	 1.0005e+00	 8.0420e-02	 1.0000e+00
3.5762e+01	 1.3702e+00	 7.9653e-02	 1.0005e+00	 8.0555e-02	 1.0000e+00
3.5788e+01	 1.3706e+00	 7.9788e-02	 1.0005e+00	 8.0690e-02	 1.0000e+00
3.5813e+01	 1.3715e+00	 7.9923e-02	 1.0005e+00	 8.0826e-02	 1.0000e+00
3.5839e+01	 1.3720e+00	 8.0058e-02	 1.0005e+00	 8.0962e-02	 1.0000e+00
3.5864e+01	 1.3729e+00	 8.0193e-02	 1.0005e+00	 8.1098e-02	 1.0000e+00
3.5890e+01	 1.3735e+00	 8.0327e-02	 1.0005e+00	 8.1234e-02	 1.0000e+00
3.5916e+01	 1.3741e+00	 8.0463e-02	 1.0005e+00	 8.1370e-02	 1.0001e+00
3.5942e+01	 1.3749e+00	 8.0597e-02	 1.0005e+00	 8.1506e-02	 1.0001e+00
3.5967e+01	 1.3752e+00	 8.0732e-02	 1.0005e+00	 8.1643e-02	 1.0001e+00
3.5993e+01	 1.3760e+00	 8.0868e-02	 1.0005e+00	 8.1779e-02	 1.0001e+00
3.6019e+01	 1.3763e+00	 8.1003e-02	 1.0004e+00	 8.1916e-02	 1.0001e+00
3.6045e+01	 1.3770e+00	 8.1138e-02	 1.0004e+00	 8.2054e-02	 1.0001e+00
3.6070e+01	 1.3773e+00	 8.1273e-02	 1.0004e+00	 8.2191e-02	 1.0001e+00
3.6096e+01	 1.3778e+00	 8.1409e-02	 1.0003e+00	 8.2327e-02	 1.0002e+00
3.6122e+01	 1.3783e+00	 8.1545e-02	 1.0003e+00	 8.2465e-02	 1.0002e+00
3.6148e+01	 1.3785e+00	 8.1681e-02	 1.0003e+00	 8.2603e-02	 1.0002e+00
3.6173e+01	 1.3791e+00	 8.1817e-02	 1.0003e+00	 8.2740e-02	 1.0003e+00
3.6199e+01	 1.3792e+00	 8.1953e-02	 1.0002e+00	 8.2878e-02	 1.0003e+00
3.6225e+01	 1.3798e+00	 8.2089e-02	 1.0002e+00	 8.3016e-02	 1.0003e+00
3.6251e+01	 1.3800e+00	 8.2226e-02	 1.0002e+00	 8.3153e-02	 1.0004e+00
3.6277e+01	 1.3803e+00	 8.2363e-02	 1.0002e+00	 8.3291e-02	 1.0004e+00
3.6303e+01	 1.3807e+00	 8.2499e-02	 1.0002e+00	 8.3429e-02	 1.0004e+00
3.6329e+01	 1.3807e+00	 8.2636e-02	 1.0002e+00	 8.3568e-02	 1.0005e+00
3.6355e+01	 1.3812e+00	 8.2772e-02	 1.0002e+00	 8.3707e-02	 1.0005e+00
3.6380e+01	 1.3812e+00	 8.2909e-02	 1.0001e+00	 8.3845e-02	 1.0005e+00
3.6406e+01	 1.3816e+00	 8.3046e-02	 1.0001e+00	 8.3984e-02	 1.0005e+00
3.6432e+01	 1.3817e+00	 8.3183e-02	 1.0001e+00	 8.4121e-02	 1.0006e+00
3.6458e+01	 1.3819e+00	 8.3321e-02	 1.0001e+00	 8.4260e-02	 1.0006e+00
3.6484e+01	 1.3822e+00	 8.3458e-02	 1.0001e+00	 8.4400e-02	 1.0006e+00
3.6510e+01	 1.3822e+00	 8.3596e-02	 1.0001e+00	 8.4539e-02	 1.0006e+00
3.6536e+01	 1.3827e+00	 8.3734e-02	 1.0001e+00	 8.4678e-02	 1.0006e+00
3.6562e+01	 1.3826e+00	 8.3872e-02	 1.0000e+00	 8.4818e-02	 1.0006e+00
3.6588e+01	 1.3831e+00	 8.4011e-02	 1.0000e+00	 8.4957e-02	 1.0005e+00
3.6614e+01	 1.3831e+00	 8.4149e-02	 9.9998e-01	 8.5097e-02	 1.0005e+00
3.6640e+01	 1.3834e+00	 8.4288e-02	 9.9996e-01	 8.5238e-02	 1.0005e+00
3.6666e+01	 1.3837e+00	 8.4426e-02	 9.9993e-01	 8.5378e-02	 1.0005e+00
3.6692e+01	 1.3837e+00	 8.4565e-02	 9.9991e-01	 8.5518e-02	 1.0004e+00
3.6718e+01	 1.3842e+00	 8.4703e-02	 9.9989e-01	 8.5658e-02	 1.0004e+00
3.6744e+01	 1.3842e+00	 8.4842e-02	 9.9988e-01	 8.5798e-02	 1.0003e+00
3.6770e+01	 1.3847e+00	 8.4981e-02	 9.9987e-01	 8.5939e-02	 1.0003e+00
3.6796e+01	 1.3848e+00	 8.5120e-02	 9.9986e-01	 8.6079e-02	 1.0002e+00
3.6822e+01	 1.3852e+00	 8.5259e-02	 9.9986e-01	 8.6221e-02	 1.0002e+00
3.6848e+01	 1.3855e+00	 8.5399e-02	 9.9985e-01	 8.6361e-02	 1.0001e+00
3.6874e+01	 1.3857e+00	 8.5538e-02	 9.9986e-01	 8.6502e-02	 1.0001e+00
3.6901e+01	 1.3864e+00	 8.5678e-02	 9.9986e-01	 8.6643e-02	 1.0001e+00
3.6927e+01	 1.3865e+00	 8.5818e-02	 9.9986e-01	 8.6785e-02	 1.0000e+00
3.6953e+01	 1.3873e+00	 8.5957e-02	 9.9988e-01	 8.6927e-02	 9.9998e-01
3.6979e+01	 1.3876e+00	 8.6097e-02	 9.9988e-01	 8.7068e-02	 9.9995e-01
3.7005e+01	 1.3882e+00	 8.6238e-02	 9.9990e-01	 8.7210e-02	 9.9993e-01
3.7031e+01	 1.3887e+00	 8.6378e-02	 9.9991e-01	 8.7353e-02	 9.9990e-01
3.7058e+01	 1.3891e+00	 8.6518e-02	 9.9992e-01	 8.7495e-02	 9.9989e-01
3.7084e+01	 1.3899e+00	 8.6658e-02	 9.9993e-01	 8.7636e-02	 9.9987e-01
3.7110e+01	 1.3901e+00	 8.6798e-02	 9.9994e-01	 8.7778e-02	 9.9986e-01
3.7136e+01	 1.3909e+00	 8.6939e-02	 9.9996e-01	 8.7920e-02	 9.9985e-01
3.7162e+01	 1.3911e+00	 8.7079e-02	 9.9996e-01	 8.8062e-02	 9.9984e-01
3.7189e+01	 1.3917e+00	 8.7220e-02	 9.9998e-01	 8.8204e-02	 9.9984e-01
3.7215e+01	 1.3921e+00	 8.7361e-02	 9.9999e-01	 8.8346e-02	 9.9983e-01
3.7241e+01	 1.3924e+00	 8.7502e-02	 1.0000e+00	 8.8489e-02	 9.9983e-01
3.7267e+01	 1.3930e+00	 8.7643e-02	 1.0000e+00	 8.8631e-02	 9.9983e-01
3.7294e+01	 1.3931e+00	 8.7785e-02	 1.0000e+00	 8.8774e-02	 9.9983e-01
3.7320e+01	 1.3937e+00	 8.7926e-02	 1.0001e+00	 8.8917e-02	 9.9984e-01
3.7346e+01	 1.3938e+00	 8.8067e-02	 1.0001e+00	 8.9060e-02	 9.9984e-01
3.7373e+01	 1.3942e+00	 8.8209e-02	 1.0001e+00	 8.9204e-02	 9.9985e-01
3.7399e+01	 1.3944e+00	 8.8351e-02	 1.0001e+00	 8.9347e-02	 9.9986e-01
3.7425e+01	 1.3945e+00	 8.8493e-02	 1.0002e+00	 8.9490e-02	 9.9987e-01
3.7452e+01	 1.3949e+00	 8.8635e-02	 1.0002e+00	 8.9634e-02	 9.9988e-01
3.7478e+01	 1.3948e+00	 8.8777e-02	 1.0002e+00	 8.9778e-02	 9.9989e-01
3.7504e+01	 1.3953e+00	 8.8920e-02	 1.0002e+00	 8.9922e-02	 9.9991e-01
3.7531e+01	 1.3952e+00	 8.9063e-02	 1.0002e+00	 9.0065e-02	 9.9992e-01
3.7557e+01	 1.3955e+00	 8.9206e-02	 1.0002e+00	 9.0210e-02	 9.9994e-01
3.7584e+01	 1.3955e+00	 8.9349e-02	 1.0002e+00	 9.0354e-02	 9.9994e-01
3.7610e+01	 1.3956e+00	 8.9492e-02	 1.0002e+00	 9.0498e-02	 9.9995e-01
3.7636e+01	 1.3960e+00	 8.9635e-02	 1.0002e+00	 9.0643e-02	 9.9995e-01
3.7663e+01	 1.3960e+00	 8.9778e-02	 1.0003e+00	 9.0787e-02	 9.9995e-01
3.7689e+01	 1.3966e+00	 8.9921e-02	 1.0003e+00	 9.0932e-02	 9.9995e-01
3.7716e+01	 1.3966e+00	 9.0065e-02	 1.0003e+00	 9.1076e-02	 9.9995e-01
3.7742e+01	 1.3971e+00	 9.0209e-02	 1.0003e+00	 9.1221e-02	 9.9995e-01
3.7769e+01	 1.3973e+00	 9.0353e-02	 1.0003e+00	 9.1366e-02	 9.9995e-01
3.7795e+01	 1.3977e+00	 9.0497e-02	 1.0003e+00	 9.1511e-02	 9.9995e-01
3.7822e+01	 1.3982e+00	 9.0641e-02	 1.0004e+00	 9.1658e-02	 9.9994e-01
3.7848e+01	 1.3983e+00	 9.0785e-02	 1.0004e+00	 9.1804e-02	 9.9994e-01
3.7875e+01	 1.3990e+00	 9.0930e-02	 1.0004e+00	 9.1949e-02	 9.9993e-01
3.7901e+01	 1.3990e+00	 9.1074e-02	 1.0004e+00	 9.2095e-02	 9.9992e-01
3.7928e+01	 1.3996e+00	 9.1219e-02	 1.0004e+00	 9.2241e-02	 9.9992e-01
3.7954e+01	 1.3998e+00	 9.1364e-02	 1.0004e+00	 9.2388e-02	 9.9991e-01
3.7981e+01	 1.4002e+00	 9.1509e-02	 1.0004e+00	 9.2534e-02	 9.9991e-01
3.8007e+01	 1.4007e+00	 9.1653e-02	 1.0003e+00	 9.2680e-02	 9.9990e-01
3.8034e+01	 1.4008e+00	 9.1799e-02	 1.0003e+00	 9.2826e-02	 9.9990e-01
3.8060e+01	 1.4015e+00	 9.1944e-02	 1.0003e+00	 9.2973e-02	 9.9990e-01
3.8087e+01	 1.4015e+00	 9.2089e-02	 1.0002e+00	 9.3120e-02	 9.9991e-01
3.8114e+01	 1.4021e+00	 9.2234e-02	 1.0002e+00	 9.3267e-02	 9.9992e-01
3.8140e+01	 1.4022e+00	 9.2381e-02	 1.0002e+00	 9.3414e-02	 9.9992e-01
3.8167e+01	 1.4025e+00	 9.2526e-02	 1.0001e+00	 9.3562e-02	 9.9994e-01
3.8194e+01	 1.4029e+00	 9.2672e-02	 1.0001e+00	 9.3709e-02	 9.9995e-01
3.8220e+01	 1.4031e+00	 9.2818e-02	 1.0001e+00	 9.3856e-02	 9.9996e-01
3.8247e+01	 1.4036e+00	 9.2965e-02	 1.0000e+00	 9.4004e-02	 9.9998e-01
3.8273e+01	 1.4036e+00	 9.3110e-02	 1.0000e+00	 9.4152e-02	 1.0000e+00
3.8300e+01	 1.4042e+00	 9.3257e-02	 1.0000e+00	 9.4300e-02	 1.0000e+00
3.8327e+01	 1.4043e+00	 9.3403e-02	 1.0000e+00	 9.4448e-02	 1.0000e+00
3.8354e+01	 1.4046e+00	 9.3549e-02	 1.0000e+00	 9.4597e-02	 1.0001e+00
3.8380e+01	 1.4050e+00	 9.3695e-02	 1.0000e+00	 9.4745e-02	 1.0001e+00
3.8407e+01	 1.4052e+00	 9.3842e-02	 1.0000e+00	 9.4894e-02	 1.0001e+00
3.8434e+01	 1.4058e+00	 9.3989e-02	 1.0000e+00	 9.5043e-02	 1.0001e+00
3.8461e+01	 1.4058e+00	 9.4136e-02	 1.0000e+00	 9.5192e-02	 1.0001e+00
3.8487e+01	 1.4064e+00	 9.4283e-02	 1.0001e+00	 9.5342e-02	 1.0001e+00
3.8514e+01	 1.4066e+00	 9.4430e-02	 1.0001e+00	 9.5491e-02	 1.0001e+00
3.8541e+01	 1.4071e+00	 9.4579e-02	 1.0001e+00	 9.5641e-02	 1.0002e+00
3.8568e+01	 1.4075e+00	 9.4727e-02	 1.0002e+00	 9.5791e-02	 1.0002e+00
3.8594e+01	 1.4078e+00	 9.4874e-02	 1.0002e+00	 9.5941e-02	 1.0002e+00
3.8621e+01	 1.4085e+00	 9.5022e-02	 1.0002e+00	 9.6090e-02	 1.0002e+00
3.8648e+01	 1.4087e+00	 9.5169e-02	 1.0003e+00	 9.6240e-02	 1.0002e+00
3.8675e+01	 1.4094e+00	 9.5317e-02	 1.0003e+00	 9.6390e-02	 1.0002e+00
3.8702e+01	 1.4095e+00	 9.5466e-02	 1.0003e+00	 9.6540e-02	 1.0003e+00
3.8728e+01	 1.4101e+00	 9.5614e-02	 1.0004e+00	 9.6691e-02	 1.0003e+00
3.8755e+01	 1.4105e+00	 9.5763e-02	 1.0004e+00	 9.6842e-02	 1.0003e+00
3.8782e+01	 1.4107e+00	 9.5912e-02	 1.0004e+00	 9.6993e-02	 1.0003e+00
3.8809e+01	 1.4113e+00	 9.6061e-02	 1.0005e+00	 9.7144e-02	 1.0003e+00
3.8836e+01	 1.4114e+00	 9.6210e-02	 1.0005e+00	 9.7294e-02	 1.0003e+00
3.8863e+01	 1.4121e+00	 9.6359e-02	 1.0006e+00	 9.7445e-02	 1.0003e+00
3.8890e+01	 1.4122e+00	 9.6508e-02	 1.0006e+00	 9.7596e-02	 1.0003e+00
3.8917e+01	 1.4127e+00	 9.6658e-02	 1.0007e+00	 9.7748e-02	 1.0003e+00
3.8944e+01	 1.4130e+00	 9.6807e-02	 1.0007e+00	 9.7899e-02	 1.0003e+00
3.8970e+01	 1.4134e+00	 9.6956e-02	 1.0008e+00	 9.8050e-02	 1.0003e+00
3.8997e+01	 1.4140e+00	 9.7106e-02	 1.0009e+00	 9.8202e-02	 1.0003e+00
3.9024e+01	 1.4141e+00	 9.7256e-02	 1.0009e+00	 9.8353e-02	 1.0003e+00
3.9051e+01	 1.4148e+00	 9.7406e-02	 1.0010e+00	 9.8506e-02	 1.0003e+00
3.9078e+01	 1.4149e+00	 9.7556e-02	 1.0011e+00	 9.8658e-02	 1.0003e+00
3.9105e+01	 1.4155e+00	 9.7706e-02	 1.0011e+00	 9.8811e-02	 1.0003e+00
3.9132e+01	 1.4159e+00	 9.7857e-02	 1.0012e+00	 9.8964e-02	 1.0003e+00
3.9159e+01	 1.4162e+00	 9.8007e-02	 1.0012e+00	 9.9116e-02	 1.0003e+00
3.9186e+01	 1.4167e+00	 9.8159e-02	 1.0013e+00	 9.9270e-02	 1.0003e+00
3.9213e+01	 1.4167e+00	 9.8309e-02	 1.0013e+00	 9.9423e-02	 1.0003e+00
3.9240e+01	 1.4173e+00	 9.8461e-02	 1.0013e+00	 9.9576e-02	 1.0003e+00
3.9267e+01	 1.4172e+00	 9.8612e-02	 1.0013e+00	 9.9730e-02	 1.0003e+00
3.9294e+01	 1.4176e+00	 9.8764e-02	 1.0013e+00	 9.9883e-02	 1.0003e+00
3.9321e+01	 1.4176e+00	 9.8915e-02	 1.0013e+00	 1.0004e-01	 1.0003e+00
3.9348e+01	 1.4178e+00	 9.9067e-02	 1.0013e+00	 1.0019e-01	 1.0003e+00
3.9376e+01	 1.4181e+00	 9.9219e-02	 1.0013e+00	 1.0034e-01	 1.0003e+00
3.9403e+01	 1.4179e+00	 9.9371e-02	 1.0013e+00	 1.0050e-01	 1.0004e+00
3.9430e+01	 1.4183e+00	 9.9523e-02	 1.0013e+00	 1.0065e-01	 1.0004e+00
3.9457e+01	 1.4181e+00	 9.9675e-02	 1.0013e+00	 1.0081e-01	 1.0004e+00
3.9484e+01	 1.4184e+00	 9.9827e-02	 1.0012e+00	 1.0096e-01	 1.0004e+00
3.9511e+01	 1.4184e+00	 9.9980e-02	 1.0012e+00	 1.0112e-01	 1.0004e+00
3.9538e+01	 1.4186e+00	 1.0013e-01	 1.0011e+00	 1.0127e-01	 1.0004e+00
3.9565e+01	 1.4189e+00	 1.0028e-01	 1.0011e+00	 1.0143e-01	 1.0004e+00
3.9593e+01	 1.4189e+00	 1.0044e-01	 1.0010e+00	 1.0158e-01	 1.0005e+00
3.9620e+01	 1.4194e+00	 1.0059e-01	 1.0010e+00	 1.0174e-01	 1.0005e+00
3.9647e+01	 1.4194e+00	 1.0074e-01	 1.0009e+00	 1.0189e-01	 1.0005e+00
3.9674e+01	 1.4200e+00	 1.0090e-01	 1.0009e+00	 1.0205e-01	 1.0005e+00
3.9701e+01	 1.4202e+00	 1.0105e-01	 1.0008e+00	 1.0220e-01	 1.0005e+00
3.9728e+01	 1.4206e+00	 1.0121e-01	 1.0008e+00	 1.0236e-01	 1.0005e+00
3.9756e+01	 1.4210e+00	 1.0136e-01	 1.0007e+00	 1.0252e-01	 1.0005e+00
3.9783e+01	 1.4212e+00	 1.0151e-01	 1.0007e+00	 1.0267e-01	 1.0005e+00
3.9810e+01	 1.4219e+00	 1.0167e-01	 1.0006e+00	 1.0283e-01	 1.0005e+00
3.9837e+01	 1.4219e+00	 1.0182e-01	 1.0006e+00	 1.0298e-01	 1.0005e+00
3.9864e+01	 1.4226e+00	 1.0197e-01	 1.0005e+00	 1.0314e-01	 1.0005e+00
3.9892e+01	 1.4228e+00	 1.0213e-01	 1.0005e+00	 1.0330e-01	 1.0005e+00
3.9919e+01	 1.4233e+00	 1.0229e-01	 1.0005e+00	 1.0345e-01	 1.0005e+00
3.9946e+01	 1.4238e+00	 1.0244e-01	 1.0004e+00	 1.0361e-01	 1.0005e+00
3.9974e+01	 1.4239e+00	 1.0260e-01	 1.0004e+00	 1.0377e-01	 1.0005e+00
4.0001e+01	 1.4245e+00	 1.0275e-01	 1.0004e+00	 1.0393e-01	 1.0005e+00
4.0028e+01	 1.4245e+00	 1.0290e-01	 1.0004e+00	 1.0408e-01	 1.0005e+00
4.0056e+01	 1.4251e+00	 1.0306e-01	 1.0004e+00	 1.0424e-01	 1.0005e+00
4.0083e+01	 1.4253e+00	 1.0322e-01	 1.0004e+00	 1.0440e-01	 1.0004e+00
4.0110e+01	 1.4257e+00	 1.0337e-01	 1.0004e+00	 1.0456e-01	 1.0004e+00
4.0138e+01	 1.4261e+00	 1.0353e-01	 1.0003e+00	 1.0471e-01	 1.0004e+00
4.0165e+01	 1.4262e+00	 1.0368e-01	 1.0003e+00	 1.0487e-01	 1.0004e+00
4.0192e+01	 1.4268e+00	 1.0384e-01	 1.0003e+00	 1.0503e-01	 1.0004e+00
4.0220e+01	 1.4269e+00	 1.0400e-01	 1.0003e+00	 1.0519e-01	 1.0004e+00
4.0247e+01	 1.4276e+00	 1.0415e-01	 1.0003e+00	 1.0535e-01	 1.0004e+00
4.0274e+01	 1.4279e+00	 1.0431e-01	 1.0003e+00	 1.0551e-01	 1.0004e+00
4.0302e+01	 1.4285e+00	 1.0447e-01	 1.0002e+00	 1.0566e-01	 1.0004e+00
4.0329e+01	 1.4290e+00	 1.0463e-01	 1.0002e+00	 1.0582e-01	 1.0004e+00
4.0356e+01	 1.4293e+00	 1.0478e-01	 1.0002e+00	 1.0598e-01	 1.0004e+00
4.0384e+01	 1.4300e+00	 1.0494e-01	 1.0002e+00	 1.0614e-01	 1.0004e+00
4.0411e+01	 1.4302e+00	 1.0510e-01	 1.0002e+00	 1.0630e-01	 1.0004e+00
4.0439e+01	 1.4310e+00	 1.0526e-01	 1.0002e+00	 1.0646e-01	 1.0004e+00
4.0466e+01	 1.4312e+00	 1.0541e-01	 1.0002e+00	 1.0662e-01	 1.0004e+00
4.0494e+01	 1.4318e+00	 1.0557e-01	 1.0002e+00	 1.0678e-01	 1.0004e+00
4.0521e+01	 1.4322e+00	 1.0573e-01	 1.0002e+00	 1.0694e-01	 1.0004e+00
4.0549e+01	 1.4324e+00	 1.0589e-01	 1.0002e+00	 1.0710e-01	 1.0004e+00
4.0576e+01	 1.4330e+00	 1.0605e-01	 1.0003e+00	 1.0726e-01	 1.0004e+00
4.0604e+01	 1.4330e+00	 1.0621e-01	 1.0003e+00	 1.0742e-01	 1.0004e+00
4.0631e+01	 1.4336e+00	 1.0637e-01	 1.0003e+00	 1.0758e-01	 1.0004e+00
4.0659e+01	 1.4337e+00	 1.0652e-01	 1.0003e+00	 1.0775e-01	 1.0004e+00
4.0686e+01	 1.4341e+00	 1.0668e-01	 1.0004e+00	 1.0791e-01	 1.0003e+00
4.0714e+01	 1.4344e+00	 1.0684e-01	 1.0004e+00	 1.0807e-01	 1.0003e+00
4.0741e+01	 1.4345e+00	 1.0700e-01	 1.0004e+00	 1.0823e-01	 1.0003e+00
4.0769e+01	 1.4350e+00	 1.0716e-01	 1.0004e+00	 1.0839e-01	 1.0003e+00
4.0796e+01	 1.4349e+00	 1.0732e-01	 1.0005e+00	 1.0855e-01	 1.0002e+00
4.0824e+01	 1.4355e+00	 1.0748e-01	 1.0005e+00	 1.0871e-01	 1.0002e+00
4.0851e+01	 1.4354e+00	 1.0764e-01	 1.0005e+00	 1.0887e-01	 1.0001e+00
4.0879e+01	 1.4359e+00	 1.0780e-01	 1.0005e+00	 1.0904e-01	 1.0001e+00
4.0907e+01	 1.4360e+00	 1.0796e-01	 1.0004e+00	 1.0920e-01	 1.0001e+00
4.0934e+01	 1.4361e+00	 1.0812e-01	 1.0004e+00	 1.0936e-01	 1.0000e+00
4.0962e+01	 1.4364e+00	 1.0828e-01	 1.0004e+00	 1.0952e-01	 1.0000e+00
4.0989e+01	 1.4363e+00	 1.0844e-01	 1.0004e+00	 1.0969e-01	 9.9999e-01
4.1017e+01	 1.4368e+00	 1.0860e-01	 1.0004e+00	 1.0985e-01	 9.9997e-01
4.1045e+01	 1.4367e+00	 1.0877e-01	 1.0004e+00	 1.1001e-01	 9.9995e-01
4.1072e+01	 1.4371e+00	 1.0893e-01	 1.0003e+00	 1.1018e-01	 9.9994e-01
4.1100e+01	 1.4373e+00	 1.0909e-01	 1.0003e+00	 1.1034e-01	 9.9993e-01
4.1127e+01	 1.4375e+00	 1.0925e-01	 1.0003e+00	 1.1050e-01	 9.9992e-01
4.1155e+01	 1.4379e+00	 1.0941e-01	 1.0002e+00	 1.1067e-01	 9.9991e-01
4.1183e+01	 1.4380e+00	 1.0957e-01	 1.0002e+00	 1.1083e-01	 9.9991e-01
4.1211e+01	 1.4386e+00	 1.0973e-01	 1.0002e+00	 1.1099e-01	 9.9991e-01
4.1238e+01	 1.4387e+00	 1.0990e-01	 1.0002e+00	 1.1116e-01	 9.9992e-01
4.1266e+01	 1.4394e+00	 1.1006e-01	 1.0001e+00	 1.1132e-01	 9.9992e-01
4.1294e+01	 1.4397e+00	 1.1022e-01	 1.0001e+00	 1.1149e-01	 9.9993e-01
4.1321e+01	 1.4401e+00	 1.1038e-01	 1.0001e+00	 1.1165e-01	 9.9993e-01
4.1349e+01	 1.4406e+00	 1.1054e-01	 1.0001e+00	 1.1181e-01	 9.9994e-01
4.1377e+01	 1.4407e+00	 1.1071e-01	 1.0001e+00	 1.1198e-01	 9.9994e-01
4.1404e+01	 1.4414e+00	 1.1087e-01	 1.0001e+00	 1.1214e-01	 9.9995e-01
4.1432e+01	 1.4415e+00	 1.1103e-01	 1.0001e+00	 1.1231e-01	 9.9995e-01
4.1460e+01	 1.4422e+00	 1.1120e-01	 1.0001e+00	 1.1247e-01	 9.9995e-01
4.1488e+01	 1.4424e+00	 1.1136e-01	 1.0002e+00	 1.1264e-01	 9.9995e-01
4.1515e+01	 1.4428e+00	 1.1152e-01	 1.0002e+00	 1.1281e-01	 9.9996e-01
4.1543e+01	 1.4433e+00	 1.1169e-01	 1.0002e+00	 1.1297e-01	 9.9995e-01
4.1571e+01	 1.4434e+00	 1.1185e-01	 1.0002e+00	 1.1314e-01	 9.9995e-01
4.1599e+01	 1.4441e+00	 1.1201e-01	 1.0002e+00	 1.1330e-01	 9.9994e-01
4.1627e+01	 1.4442e+00	 1.1218e-01	 1.0003e+00	 1.1347e-01	 9.9994e-01
4.1654e+01	 1.4449e+00	 1.1234e-01	 1.0003e+00	 1.1363e-01	 9.9994e-01
4.1682e+01	 1.4450e+00	 1.1250e-01	 1.0003e+00	 1.1380e-01	 9.9993e-01
4.1710e+01	 1.4455e+00	 1.1267e-01	 1.0003e+00	 1.1397e-01	 9.9993e-01
4.1738e+01	 1.4459e+00	 1.1283e-01	 1.0003e+00	 1.1414e-01	 9.9993e-01
4.1766e+01	 1.4462e+00	 1.1300e-01	 1.0003e+00	 1.1430e-01	 9.9994e-01
4.1794e+01	 1.4469e+00	 1.1316e-01	 1.0003e+00	 1.1447e-01	 9.9994e-01
4.1821e+01	 1.4471e+00	 1.1333e-01	 1.0003e+00	 1.1464e-01	 9.9995e-01
4.1849e+01	 1.4478e+00	 1.1349e-01	 1.0003e+00	 1.1480e-01	 9.9996e-01
4.1877e+01	 1.4481e+00	 1.1366e-01	 1.0003e+00	 1.1497e-01	 9.9997e-01
4.1905e+01	 1.4487e+00	 1.1382e-01	 1.0003e+00	 1.1514e-01	 9.9998e-01
4.1933e+01	 1.4492e+00	 1.1399e-01	 1.0003e+00	 1.1531e-01	 9.9999e-01
4.1961e+01	 1.4495e+00	 1.1416e-01	 1.0003e+00	 1.1547e-01	 1.0000e+00
4.1989e+01	 1.4503e+00	 1.1432e-01	 1.0003e+00	 1.1564e-01	 1.0000e+00
4.2017e+01	 1.4505e+00	 1.1449e-01	 1.0002e+00	 1.1581e-01	 1.0000e+00
4.2044e+01	 1.4512e+00	 1.1465e-01	 1.0002e+00	 1.1598e-01	 1.0001e+00
4.2072e+01	 1.4514e+00	 1.1482e-01	 1.0002e+00	 1.1615e-01	 1.0001e+00
4.2100e+01	 1.4519e+00	 1.1499e-01	 1.0002e+00	 1.1631e-01	 1.0001e+00
4.2128e+01	 1.4523e+00	 1.1515e-01	 1.0002e+00	 1.1648e-01	 1.0001e+00
4.2156e+01	 1.4524e+00	 1.1532e-01	 1.0002e+00	 1.1665e-01	 1.0001e+00
4.2184e+01	 1.4529e+00	 1.1549e-01	 1.0002e+00	 1.1682e-01	 1.0001e+00
4.2212e+01	 1.4528e+00	 1.1565e-01	 1.0002e+00	 1.1699e-01	 1.0001e+00
4.2240e+01	 1.4533e+00	 1.1582e-01	 1.0002e+00	 1.1716e-01	 1.0001e+00
4.2268e+01	 1.4532e+00	 1.1599e-01	 1.0001e+00	 1.1733e-01	 1.0001e+00
4.2296e+01	 1.4535e+00	 1.1616e-01	 1.0001e+00	 1.1750e-01	 1.0001e+00
4.2324e+01	 1.4536e+00	 1.1632e-01	 1.0001e+00	 1.1767e-01	 1.0001e+00
4.2352e+01	 1.4536e+00	 1.1649e-01	 1.0001e+00	 1.1784e-01	 1.0001e+00
4.2380e+01	 1.4540e+00	 1.1666e-01	 1.0000e+00	 1.1801e-01	 1.0001e+00
4.2408e+01	 1.4539e+00	 1.1683e-01	 1.0000e+00	 1.1818e-01	 1.0001e+00
4.2436e+01	 1.4544e+00	 1.1700e-01	 9.9997e-01	 1.1835e-01	 1.0000e+00
4.2464e+01	 1.4542e+00	 1.1716e-01	 9.9993e-01	 1.1852e-01	 1.0000e+00
4.2492e+01	 1.4546e+00	 1.1733e-01	 9.9991e-01	 1.1869e-01	 1.0000e+00
4.2520e+01	 1.4547e+00	 1.1750e-01	 9.9988e-01	 1.1886e-01	 1.0000e+00
4.2548e+01	 1.4548e+00	 1.1767e-01	 9.9986e-01	 1.1903e-01	 1.0000e+00
4.2576e+01	 1.4552e+00	 1.1784e-01	 9.9983e-01	 1.1920e-01	 9.9998e-01
4.2604e+01	 1.4552e+00	 1.1801e-01	 9.9980e-01	 1.1937e-01	 9.9997e-01
4.2632e+01	 1.4557e+00	 1.1818e-01	 9.9977e-01	 1.1955e-01	 9.9995e-01
4.2660e+01	 1.4557e+00	 1.1835e-01	 9.9974e-01	 1.1972e-01	 9.9993e-01
4.2688e+01	 1.4561e+00	 1.1852e-01	 9.9972e-01	 1.1989e-01	 9.9991e-01
4.2716e+01	 1.4563e+00	 1.1869e-01	 9.9970e-01	 1.2006e-01	 9.9989e-01
4.2744e+01	 1.4564e+00	 1.1886e-01	 9.9969e-01	 1.2023e-01	 9.9988e-01
4.2773e+01	 1.4569e+00	 1.1903e-01	 9.9967e-01	 1.2041e-01	 9.9986e-01
4.2800e+01	 1.4569e+00	 1.1920e-01	 9.9966e-01	 1.2058e-01	 9.9985e-01
4.2829e+01	 1.4574e+00	 1.1937e-01	 9.9965e-01	 1.2075e-01	 9.9984e-01
4.2857e+01	 1.4574e+00	 1.1954e-01	 9.9964e-01	 1.2093e-01	 9.9983e-01
4.2885e+01	 1.4579e+00	 1.1971e-01	 9.9965e-01	 1.2110e-01	 9.9983e-01
4.2913e+01	 1.4581e+00	 1.1988e-01	 9.9965e-01	 1.2127e-01	 9.9982e-01
4.2941e+01	 1.4583e+00	 1.2005e-01	 9.9967e-01	 1.2145e-01	 9.9982e-01
4.2969e+01	 1.4589e+00	 1.2022e-01	 9.9969e-01	 1.2162e-01	 9.9981e-01
4.2997e+01	 1.4590e+00	 1.2039e-01	 9.9971e-01	 1.2179e-01	 9.9981e-01
4.3026e+01	 1.4597e+00	 1.2056e-01	 9.9974e-01	 1.2197e-01	 9.9981e-01
4.3054e+01	 1.4598e+00	 1.2073e-01	 9.9976e-01	 1.2214e-01	 9.9981e-01
4.3082e+01	 1.4605e+00	 1.2091e-01	 9.9981e-01	 1.2231e-01	 9.9982e-01
4.3110e+01	 1.4608e+00	 1.2108e-01	 9.9984e-01	 1.2249e-01	 9.9981e-01
4.3138e+01	 1.4613e+00	 1.2125e-01	 9.9989e-01	 1.2266e-01	 9.9982e-01
4.3166e+01	 1.4619e+00	 1.2142e-01	 9.9993e-01	 1.2284e-01	 9.9982e-01
4.3195e+01	 1.4622e+00	 1.2159e-01	 9.9998e-01	 1.2301e-01	 9.9982e-01
4.3223e+01	 1.4630e+00	 1.2177e-01	 1.0000e+00	 1.2319e-01	 9.9982e-01
4.3251e+01	 1.4631e+00	 1.2194e-01	 1.0001e+00	 1.2336e-01	 9.9982e-01
4.3279e+01	 1.4638e+00	 1.2211e-01	 1.0001e+00	 1.2354e-01	 9.9983e-01
4.3307e+01	 1.4640e+00	 1.2229e-01	 1.0002e+00	 1.2371e-01	 9.9983e-01
4.3336e+01	 1.4644e+00	 1.2246e-01	 1.0002e+00	 1.2389e-01	 9.9983e-01
4.3364e+01	 1.4649e+00	 1.2263e-01	 1.0003e+00	 1.2406e-01	 9.9983e-01
4.3392e+01	 1.4651e+00	 1.2281e-01	 1.0003e+00	 1.2424e-01	 9.9983e-01
4.3420e+01	 1.4657e+00	 1.2298e-01	 1.0004e+00	 1.2442e-01	 9.9983e-01
4.3449e+01	 1.4657e+00	 1.2316e-01	 1.0004e+00	 1.2459e-01	 9.9982e-01
4.3477e+01	 1.4663e+00	 1.2333e-01	 1.0005e+00	 1.2477e-01	 9.9982e-01
4.3505e+01	 1.4664e+00	 1.2351e-01	 1.0005e+00	 1.2495e-01	 9.9981e-01
4.3533e+01	 1.4668e+00	 1.2368e-01	 1.0005e+00	 1.2512e-01	 9.9980e-01
4.3562e+01	 1.4672e+00	 1.2386e-01	 1.0006e+00	 1.2530e-01	 9.9978e-01
4.3590e+01	 1.4674e+00	 1.2403e-01	 1.0006e+00	 1.2548e-01	 9.9977e-01
4.3618e+01	 1.4680e+00	 1.2420e-01	 1.0006e+00	 1.2565e-01	 9.9976e-01
4.3646e+01	 1.4680e+00	 1.2438e-01	 1.0006e+00	 1.2583e-01	 9.9975e-01
4.3675e+01	 1.4687e+00	 1.2455e-01	 1.0006e+00	 1.2601e-01	 9.9974e-01
4.3703e+01	 1.4688e+00	 1.2473e-01	 1.0006e+00	 1.2618e-01	 9.9973e-01
4.3731e+01	 1.4693e+00	 1.2491e-01	 1.0006e+00	 1.2636e-01	 9.9974e-01
4.3760e+01	 1.4697e+00	 1.2508e-01	 1.0006e+00	 1.2654e-01	 9.9973e-01
4.3788e+01	 1.4699e+00	 1.2526e-01	 1.0006e+00	 1.2672e-01	 9.9973e-01
4.3816e+01	 1.4706e+00	 1.2543e-01	 1.0005e+00	 1.2690e-01	 9.9974e-01
4.3845e+01	 1.4706e+00	 1.2561e-01	 1.0005e+00	 1.2708e-01	 9.9974e-01
4.3873e+01	 1.4713e+00	 1.2578e-01	 1.0005e+00	 1.2725e-01	 9.9975e-01
4.3901e+01	 1.4715e+00	 1.2596e-01	 1.0005e+00	 1.2743e-01	 9.9976e-01
4.3930e+01	 1.4721e+00	 1.2614e-01	 1.0005e+00	 1.2761e-01	 9.9978e-01
4.3958e+01	 1.4725e+00	 1.2631e-01	 1.0005e+00	 1.2779e-01	 9.9979e-01
4.3986e+01	 1.4729e+00	 1.2649e-01	 1.0005e+00	 1.2797e-01	 9.9981e-01
4.4015e+01	 1.4737e+00	 1.2667e-01	 1.0004e+00	 1.2815e-01	 9.9983e-01
4.4043e+01	 1.4739e+00	 1.2684e-01	 1.0004e+00	 1.2833e-01	 9.9985e-01
4.4071e+01	 1.4748e+00	 1.2702e-01	 1.0003e+00	 1.2851e-01	 9.9987e-01
4.4100e+01	 1.4751e+00	 1.2720e-01	 1.0003e+00	 1.2869e-01	 9.9989e-01
4.4128e+01	 1.4759e+00	 1.2738e-01	 1.0002e+00	 1.2887e-01	 9.9992e-01
4.4157e+01	 1.4765e+00	 1.2755e-01	 1.0002e+00	 1.2905e-01	 9.9994e-01
4.4185e+01	 1.4771e+00	 1.2773e-01	 1.0001e+00	 1.2923e-01	 9.9996e-01
4.4213e+01	 1.4781e+00	 1.2791e-01	 1.0001e+00	 1.2941e-01	 9.9998e-01
4.4242e+01	 1.4785e+00	 1.2809e-01	 9.9998e-01	 1.2959e-01	 1.0000e+00
4.4270e+01	 1.4795e+00	 1.2827e-01	 9.9992e-01	 1.2977e-01	 1.0000e+00
4.4299e+01	 1.4799e+00	 1.2845e-01	 9.9984e-01	 1.2995e-01	 1.0000e+00
4.4327e+01	 1.4808e+00	 1.2862e-01	 9.9979e-01	 1.3013e-01	 1.0001e+00
4.4355e+01	 1.4814e+00	 1.2881e-01	 9.9971e-01	 1.3031e-01	 1.0001e+00
4.4384e+01	 1.4820e+00	 1.2898e-01	 9.9966e-01	 1.3049e-01	 1.0001e+00
4.4412e+01	 1.4828e+00	 1.2916e-01	 9.9961e-01	 1.3068e-01	 1.0001e+00
4.4441e+01	 1.4831e+00	 1.2934e-01	 9.9956e-01	 1.3086e-01	 1.0001e+00
4.4469e+01	 1.4839e+00	 1.2952e-01	 9.9952e-01	 1.3104e-01	 1.0001e+00
4.4498e+01	 1.4840e+00	 1.2970e-01	 9.9948e-01	 1.3122e-01	 1.0002e+00
4.4526e+01	 1.4847e+00	 1.2988e-01	 9.9946e-01	 1.3140e-01	 1.0002e+00
4.4555e+01	 1.4849e+00	 1.3006e-01	 9.9943e-01	 1.3159e-01	 1.0002e+00
4.4583e+01	 1.4853e+00	 1.3024e-01	 9.9941e-01	 1.3177e-01	 1.0002e+00
4.4611e+01	 1.4857e+00	 1.3042e-01	 9.9940e-01	 1.3195e-01	 1.0002e+00
4.4640e+01	 1.4857e+00	 1.3060e-01	 9.9939e-01	 1.3214e-01	 1.0002e+00
4.4669e+01	 1.4863e+00	 1.3078e-01	 9.9939e-01	 1.3232e-01	 1.0003e+00
4.4697e+01	 1.4862e+00	 1.3096e-01	 9.9937e-01	 1.3250e-01	 1.0003e+00
4.4725e+01	 1.4866e+00	 1.3115e-01	 9.9937e-01	 1.3269e-01	 1.0003e+00
4.4754e+01	 1.4866e+00	 1.3133e-01	 9.9936e-01	 1.3287e-01	 1.0003e+00
4.4782e+01	 1.4868e+00	 1.3151e-01	 9.9936e-01	 1.3305e-01	 1.0003e+00
4.4811e+01	 1.4871e+00	 1.3169e-01	 9.9935e-01	 1.3324e-01	 1.0003e+00
4.4840e+01	 1.4870e+00	 1.3187e-01	 9.9934e-01	 1.3342e-01	 1.0003e+00
4.4868e+01	 1.4874e+00	 1.3205e-01	 9.9934e-01	 1.3361e-01	 1.0003e+00
4.4897e+01	 1.4873e+00	 1.3224e-01	 9.9932e-01	 1.3379e-01	 1.0003e+00
4.4925e+01	 1.4878e+00	 1.3242e-01	 9.9932e-01	 1.3398e-01	 1.0003e+00
4.4953e+01	 1.4879e+00	 1.3260e-01	 9.9931e-01	 1.3416e-01	 1.0002e+00
4.4982e+01	 1.4881e+00	 1.3278e-01	 9.9931e-01	 1.3435e-01	 1.0002e+00
4.5011e+01	 1.4885e+00	 1.3297e-01	 9.9931e-01	 1.3453e-01	 1.0002e+00
4.5039e+01	 1.4886e+00	 1.3315e-01	 9.9931e-01	 1.3472e-01	 1.0002e+00
4.5068e+01	 1.4891e+00	 1.3333e-01	 9.9932e-01	 1.3490e-01	 1.0002e+00
4.5096e+01	 1.4891e+00	 1.3352e-01	 9.9932e-01	 1.3509e-01	 1.0002e+00
4.5125e+01	 1.4896e+00	 1.3370e-01	 9.9934e-01	 1.3527e-01	 1.0002e+00
4.5153e+01	 1.4898e+00	 1.3388e-01	 9.9935e-01	 1.3546e-01	 1.0001e+00
4.5182e+01	 1.4901e+00	 1.3407e-01	 9.9938e-01	 1.3564e-01	 1.0001e+00
4.5211e+01	 1.4904e+00	 1.3425e-01	 9.9939e-01	 1.3583e-01	 1.0001e+00
4.5239e+01	 1.4904e+00	 1.3444e-01	 9.9942e-01	 1.3602e-01	 1.0001e+00
4.5268e+01	 1.4910e+00	 1.3462e-01	 9.9944e-01	 1.3620e-01	 1.0001e+00
4.5296e+01	 1.4908e+00	 1.3481e-01	 9.9946e-01	 1.3639e-01	 1.0001e+00
4.5325e+01	 1.4913e+00	 1.3499e-01	 9.9949e-01	 1.3658e-01	 1.0001e+00
4.5353e+01	 1.4913e+00	 1.3517e-01	 9.9949e-01	 1.3677e-01	 1.0001e+00
4.5382e+01	 1.4915e+00	 1.3536e-01	 9.9951e-01	 1.3695e-01	 1.0002e+00
4.5411e+01	 1.4917e+00	 1.3555e-01	 9.9952e-01	 1.3714e-01	 1.0002e+00
4.5439e+01	 1.4917e+00	 1.3573e-01	 9.9952e-01	 1.3733e-01	 1.0002e+00
4.5468e+01	 1.4921e+00	 1.3592e-01	 9.9953e-01	 1.3752e-01	 1.0002e+00
4.5496e+01	 1.4920e+00	 1.3610e-01	 9.9952e-01	 1.3771e-01	 1.0002e+00
4.5525e+01	 1.4925e+00	 1.3629e-01	 9.9953e-01	 1.3789e-01	 1.0002e+00
4.5554e+01	 1.4925e+00	 1.3647e-01	 9.9952e-01	 1.3808e-01	 1.0003e+00
4.5582e+01	 1.4928e+00	 1.3666e-01	 9.9952e-01	 1.3827e-01	 1.0003e+00
4.5611e+01	 1.4931e+00	 1.3685e-01	 9.9952e-01	 1.3846e-01	 1.0003e+00
4.5639e+01	 1.4932e+00	 1.3703e-01	 9.9953e-01	 1.3865e-01	 1.0003e+00
4.5668e+01	 1.4937e+00	 1.3722e-01	 9.9953e-01	 1.3884e-01	 1.0003e+00
4.5697e+01	 1.4937e+00	 1.3741e-01	 9.9953e-01	 1.3903e-01	 1.0003e+00
4.5725e+01	 1.4944e+00	 1.3759e-01	 9.9954e-01	 1.3922e-01	 1.0003e+00
4.5754e+01	 1.4945e+00	 1.3778e-01	 9.9954e-01	 1.3941e-01	 1.0003e+00
4.5783e+01	 1.4950e+00	 1.3797e-01	 9.9954e-01	 1.3959e-01	 1.0003e+00
4.5811e+01	 1.4954e+00	 1.3816e-01	 9.9953e-01	 1.3978e-01	 1.0003e+00
4.5840e+01	 1.4956e+00	 1.3834e-01	 9.9953e-01	 1.3997e-01	 1.0004e+00
4.5869e+01	 1.4962e+00	 1.3853e-01	 9.9953e-01	 1.4017e-01	 1.0003e+00
4.5897e+01	 1.4963e+00	 1.3872e-01	 9.9953e-01	 1.4036e-01	 1.0003e+00
4.5926e+01	 1.4971e+00	 1.3891e-01	 9.9954e-01	 1.4055e-01	 1.0003e+00
4.5955e+01	 1.4973e+00	 1.3909e-01	 9.9955e-01	 1.4074e-01	 1.0003e+00
4.5983e+01	 1.4979e+00	 1.3928e-01	 9.9957e-01	 1.4093e-01	 1.0003e+00
4.6012e+01	 1.4983e+00	 1.3947e-01	 9.9959e-01	 1.4112e-01	 1.0003e+00
4.6041e+01	 1.4987e+00	 1.3966e-01	 9.9961e-01	 1.4131e-01	 1.0003e+00
4.6069e+01	 1.4994e+00	 1.3985e-01	 9.9964e-01	 1.4150e-01	 1.0003e+00
4.6098e+01	 1.4996e+00	 1.4004e-01	 9.9966e-01	 1.4169e-01	 1.0003e+00
4.6127e+01	 1.5005e+00	 1.4023e-01	 9.9970e-01	 1.4189e-01	 1.0003e+00
4.6156e+01	 1.5008e+00	 1.4042e-01	 9.9972e-01	 1.4208e-01	 1.0003e+00
4.6184e+01	 1.5015e+00	 1.4061e-01	 9.9975e-01	 1.4227e-01	 1.0004e+00
4.6213e+01	 1.5021e+00	 1.4080e-01	 9.9977e-01	 1.4246e-01	 1.0004e+00
4.6242e+01	 1.5026e+00	 1.4099e-01	 9.9979e-01	 1.4266e-01	 1.0004e+00
4.6270e+01	 1.5034e+00	 1.4118e-01	 9.9981e-01	 1.4285e-01	 1.0004e+00
4.6299e+01	 1.5036e+00	 1.4137e-01	 9.9983e-01	 1.4304e-01	 1.0004e+00
4.6328e+01	 1.5045e+00	 1.4156e-01	 9.9986e-01	 1.4323e-01	 1.0004e+00
4.6356e+01	 1.5048e+00	 1.4175e-01	 9.9989e-01	 1.4343e-01	 1.0004e+00
4.6385e+01	 1.5055e+00	 1.4194e-01	 9.9993e-01	 1.4362e-01	 1.0004e+00
4.6414e+01	 1.5058e+00	 1.4214e-01	 9.9996e-01	 1.4381e-01	 1.0004e+00
4.6443e+01	 1.5062e+00	 1.4233e-01	 1.0000e+00	 1.4401e-01	 1.0004e+00
4.6471e+01	 1.5067e+00	 1.4252e-01	 1.0001e+00	 1.4420e-01	 1.0004e+00
4.6500e+01	 1.5067e+00	 1.4271e-01	 1.0001e+00	 1.4440e-01	 1.0004e+00
4.6529e+01	 1.5074e+00	 1.4290e-01	 1.0002e+00	 1.4459e-01	 1.0003e+00
4.6558e+01	 1.5073e+00	 1.4310e-01	 1.0002e+00	 1.4479e-01	 1.0003e+00
4.6586e+01	 1.5078e+00	 1.4329e-01	 1.0003e+00	 1.4498e-01	 1.0003e+00
4.6615e+01	 1.5078e+00	 1.4348e-01	 1.0004e+00	 1.4518e-01	 1.0003e+00
4.6644e+01	 1.5080e+00	 1.4367e-01	 1.0004e+00	 1.4537e-01	 1.0003e+00
4.6673e+01	 1.5083e+00	 1.4386e-01	 1.0005e+00	 1.4557e-01	 1.0003e+00
4.6701e+01	 1.5082e+00	 1.4406e-01	 1.0005e+00	 1.4576e-01	 1.0003e+00
4.6730e+01	 1.5087e+00	 1.4425e-01	 1.0006e+00	 1.4596e-01	 1.0002e+00
4.6759e+01	 1.5086e+00	 1.4444e-01	 1.0007e+00	 1.4615e-01	 1.0002e+00
4.6788e+01	 1.5090e+00	 1.4464e-01	 1.0007e+00	 1.4635e-01	 1.0002e+00
4.6816e+01	 1.5090e+00	 1.4483e-01	 1.0008e+00	 1.4655e-01	 1.0002e+00
4.6845e+01	 1.5092e+00	 1.4503e-01	 1.0008e+00	 1.4674e-01	 1.0002e+00
4.6874e+01	 1.5094e+00	 1.4522e-01	 1.0008e+00	 1.4694e-01	 1.0002e+00
4.6903e+01	 1.5094e+00	 1.4542e-01	 1.0009e+00	 1.4714e-01	 1.0001e+00
4.6931e+01	 1.5098e+00	 1.4561e-01	 1.0009e+00	 1.4733e-01	 1.0001e+00
4.6960e+01	 1.5097e+00	 1.4580e-01	 1.0009e+00	 1.4753e-01	 1.0001e+00
4.6989e+01	 1.5101e+00	 1.4600e-01	 1.0009e+00	 1.4773e-01	 1.0001e+00
4.7018e+01	 1.5101e+00	 1.4619e-01	 1.0009e+00	 1.4793e-01	 1.0001e+00
4.7047e+01	 1.5103e+00	 1.4639e-01	 1.0009e+00	 1.4812e-01	 1.0001e+00
4.7075e+01	 1.5106e+00	 1.4658e-01	 1.0009e+00	 1.4832e-01	 1.0001e+00
4.7104e+01	 1.5106e+00	 1.4678e-01	 1.0008e+00	 1.4852e-01	 1.0001e+00
4.7133e+01	 1.5112e+00	 1.4697e-01	 1.0008e+00	 1.4872e-01	 1.0001e+00
4.7162e+01	 1.5112e+00	 1.4717e-01	 1.0007e+00	 1.4892e-01	 1.0001e+00
4.7191e+01	 1.5118e+00	 1.4737e-01	 1.0007e+00	 1.4911e-01	 1.0001e+00
4.7219e+01	 1.5119e+00	 1.4756e-01	 1.0006e+00	 1.4931e-01	 1.0001e+00
4.7248e+01	 1.5123e+00	 1.4776e-01	 1.0006e+00	 1.4951e-01	 1.0001e+00
4.7277e+01	 1.5127e+00	 1.4796e-01	 1.0005e+00	 1.4971e-01	 1.0001e+00
4.7306e+01	 1.5129e+00	 1.4816e-01	 1.0004e+00	 1.4991e-01	 1.0001e+00
4.7334e+01	 1.5136e+00	 1.4835e-01	 1.0004e+00	 1.5011e-01	 1.0001e+00
4.7363e+01	 1.5137e+00	 1.4855e-01	 1.0003e+00	 1.5031e-01	 1.0002e+00
4.7392e+01	 1.5144e+00	 1.4875e-01	 1.0003e+00	 1.5051e-01	 1.0002e+00
4.7421e+01	 1.5146e+00	 1.4894e-01	 1.0002e+00	 1.5071e-01	 1.0002e+00
4.7450e+01	 1.5152e+00	 1.4914e-01	 1.0002e+00	 1.5091e-01	 1.0002e+00
4.7478e+01	 1.5157e+00	 1.4934e-01	 1.0002e+00	 1.5111e-01	 1.0002e+00
4.7507e+01	 1.5160e+00	 1.4954e-01	 1.0001e+00	 1.5131e-01	 1.0002e+00
4.7536e+01	 1.5168e+00	 1.4974e-01	 1.0001e+00	 1.5151e-01	 1.0002e+00
4.7565e+01	 1.5170e+00	 1.4994e-01	 1.0001e+00	 1.5172e-01	 1.0002e+00
4.7594e+01	 1.5179e+00	 1.5013e-01	 1.0001e+00	 1.5192e-01	 1.0002e+00
4.7623e+01	 1.5182e+00	 1.5033e-01	 1.0000e+00	 1.5212e-01	 1.0002e+00
4.7651e+01	 1.5189e+00	 1.5053e-01	 1.0000e+00	 1.5232e-01	 1.0002e+00
4.7680e+01	 1.5195e+00	 1.5073e-01	 1.0000e+00	 1.5252e-01	 1.0002e+00
4.7709e+01	 1.5200e+00	 1.5093e-01	 1.0001e+00	 1.5272e-01	 1.0002e+00
4.7738e+01	 1.5208e+00	 1.5113e-01	 1.0001e+00	 1.5293e-01	 1.0002e+00
4.7767e+01	 1.5211e+00	 1.5133e-01	 1.0001e+00	 1.5313e-01	 1.0002e+00
4.7795e+01	 1.5219e+00	 1.5153e-01	 1.0002e+00	 1.5333e-01	 1.0002e+00
4.7824e+01	 1.5221e+00	 1.5173e-01	 1.0002e+00	 1.5354e-01	 1.0002e+00
4.7853e+01	 1.5227e+00	 1.5193e-01	 1.0003e+00	 1.5374e-01	 1.0002e+00
4.7882e+01	 1.5230e+00	 1.5213e-01	 1.0003e+00	 1.5394e-01	 1.0002e+00
4.7911e+01	 1.5231e+00	 1.5233e-01	 1.0004e+00	 1.5415e-01	 1.0002e+00
4.7940e+01	 1.5236e+00	 1.5253e-01	 1.0005e+00	 1.5435e-01	 1.0002e+00
4.7968e+01	 1.5236e+00	 1.5273e-01	 1.0005e+00	 1.5455e-01	 1.0002e+00
4.7997e+01	 1.5241e+00	 1.5293e-01	 1.0006e+00	 1.5476e-01	 1.0002e+00
4.8026e+01	 1.5239e+00	 1.5314e-01	 1.0007e+00	 1.5496e-01	 1.0003e+00
4.8055e+01	 1.5242e+00	 1.5334e-01	 1.0007e+00	 1.5516e-01	 1.0003e+00
4.8084e+01	 1.5241e+00	 1.5354e-01	 1.0008e+00	 1.5537e-01	 1.0003e+00
4.8112e+01	 1.5241e+00	 1.5374e-01	 1.0008e+00	 1.5557e-01	 1.0003e+00
4.8141e+01	 1.5243e+00	 1.5394e-01	 1.0009e+00	 1.5578e-01	 1.0003e+00
4.8170e+01	 1.5239e+00	 1.5415e-01	 1.0009e+00	 1.5598e-01	 1.0003e+00
4.8199e+01	 1.5242e+00	 1.5435e-01	 1.0010e+00	 1.5619e-01	 1.0003e+00
4.8228e+01	 1.5238e+00	 1.5455e-01	 1.0010e+00	 1.5639e-01	 1.0003e+00
4.8257e+01	 1.5238e+00	 1.5475e-01	 1.0010e+00	 1.5660e-01	 1.0003e+00
4.8285e+01	 1.5236e+00	 1.5496e-01	 1.0011e+00	 1.5681e-01	 1.0003e+00
4.8314e+01	 1.5234e+00	 1.5516e-01	 1.0011e+00	 1.5701e-01	 1.0003e+00
4.8343e+01	 1.5234e+00	 1.5536e-01	 1.0011e+00	 1.5722e-01	 1.0003e+00
4.8372e+01	 1.5230e+00	 1.5557e-01	 1.0011e+00	 1.5742e-01	 1.0003e+00
4.8401e+01	 1.5232e+00	 1.5577e-01	 1.0011e+00	 1.5763e-01	 1.0003e+00
4.8430e+01	 1.5228e+00	 1.5598e-01	 1.0010e+00	 1.5784e-01	 1.0003e+00
4.8458e+01	 1.5229e+00	 1.5618e-01	 1.0010e+00	 1.5804e-01	 1.0003e+00
4.8487e+01	 1.5227e+00	 1.5638e-01	 1.0010e+00	 1.5825e-01	 1.0003e+00
4.8516e+01	 1.5227e+00	 1.5659e-01	 1.0010e+00	 1.5846e-01	 1.0003e+00
4.8545e+01	 1.5229e+00	 1.5679e-01	 1.0009e+00	 1.5867e-01	 1.0003e+00
4.8574e+01	 1.5228e+00	 1.5700e-01	 1.0009e+00	 1.5887e-01	 1.0002e+00
4.8603e+01	 1.5232e+00	 1.5720e-01	 1.0009e+00	 1.5908e-01	 1.0002e+00
4.8631e+01	 1.5231e+00	 1.5741e-01	 1.0008e+00	 1.5929e-01	 1.0002e+00
4.8660e+01	 1.5236e+00	 1.5761e-01	 1.0008e+00	 1.5950e-01	 1.0002e+00
4.8689e+01	 1.5238e+00	 1.5782e-01	 1.0008e+00	 1.5971e-01	 1.0002e+00
4.8718e+01	 1.5242e+00	 1.5802e-01	 1.0008e+00	 1.5991e-01	 1.0002e+00
4.8747e+01	 1.5247e+00	 1.5823e-01	 1.0007e+00	 1.6012e-01	 1.0001e+00
4.8776e+01	 1.5250e+00	 1.5844e-01	 1.0007e+00	 1.6033e-01	 1.0001e+00
4.8804e+01	 1.5258e+00	 1.5864e-01	 1.0007e+00	 1.6054e-01	 1.0001e+00
4.8833e+01	 1.5260e+00	 1.5885e-01	 1.0006e+00	 1.6075e-01	 1.0001e+00
4.8862e+01	 1.5269e+00	 1.5906e-01	 1.0006e+00	 1.6096e-01	 1.0001e+00
4.8891e+01	 1.5273e+00	 1.5926e-01	 1.0006e+00	 1.6117e-01	 1.0001e+00
4.8920e+01	 1.5280e+00	 1.5947e-01	 1.0006e+00	 1.6138e-01	 1.0002e+00
4.8949e+01	 1.5288e+00	 1.5968e-01	 1.0006e+00	 1.6159e-01	 1.0002e+00
4.8977e+01	 1.5293e+00	 1.5988e-01	 1.0006e+00	 1.6180e-01	 1.0002e+00
4.9006e+01	 1.5303e+00	 1.6009e-01	 1.0006e+00	 1.6201e-01	 1.0002e+00
4.9035e+01	 1.5306e+00	 1.6030e-01	 1.0006e+00	 1.6222e-01	 1.0002e+00
4.9064e+01	 1.5315e+00	 1.6051e-01	 1.0006e+00	 1.6243e-01	 1.0002e+00
4.9093e+01	 1.5319e+00	 1.6071e-01	 1.0006e+00	 1.6265e-01	 1.0002e+00
4.9121e+01	 1.5326e+00	 1.6092e-01	 1.0006e+00	 1.6286e-01	 1.0002e+00
4.9150e+01	 1.5332e+00	 1.6113e-01	 1.0006e+00	 1.6307e-01	 1.0002e+00
4.9179e+01	 1.5336e+00	 1.6134e-01	 1.0006e+00	 1.6328e-01	 1.0002e+00
4.9208e+01	 1.5343e+00	 1.6155e-01	 1.0006e+00	 1.6349e-01	 1.0002e+00
4.9237e+01	 1.5344e+00	 1.6176e-01	 1.0006e+00	 1.6371e-01	 1.0002e+00
4.9266e+01	 1.5352e+00	 1.6197e-01	 1.0006e+00	 1.6392e-01	 1.0002e+00
4.9294e+01	 1.5353e+00	 1.6218e-01	 1.0006e+00	 1.6413e-01	 1.0002e+00
4.9323e+01	 1.5358e+00	 1.6239e-01	 1.0006e+00	 1.6434e-01	 1.0002e+00
4.9352e+01	 1.5362e+00	 1.6260e-01	 1.0006e+00	 1.6456e-01	 1.0002e+00
4.9381e+01	 1.5364e+00	 1.6281e-01	 1.0006e+00	 1.6477e-01	 1.0002e+00
4.9410e+01	 1.5369e+00	 1.6302e-01	 1.0006e+00	 1.6498e-01	 1.0002e+00
4.9438e+01	 1.5369e+00	 1.6323e-01	 1.0006e+00	 1.6520e-01	 1.0002e+00
4.9467e+01	 1.5374e+00	 1.6344e-01	 1.0006e+00	 1.6541e-01	 1.0002e+00
4.9496e+01	 1.5374e+00	 1.6365e-01	 1.0006e+00	 1.6563e-01	 1.0002e+00
4.9525e+01	 1.5378e+00	 1.6387e-01	 1.0006e+00	 1.6584e-01	 1.0002e+00
4.9553e+01	 1.5381e+00	 1.6408e-01	 1.0006e+00	 1.6606e-01	 1.0002e+00
4.9582e+01	 1.5382e+00	 1.6429e-01	 1.0007e+00	 1.6627e-01	 1.0002e+00
4.9611e+01	 1.5387e+00	 1.6450e-01	 1.0007e+00	 1.6648e-01	 1.0002e+00
4.9640e+01	 1.5386e+00	 1.6471e-01	 1.0007e+00	 1.6670e-01	 1.0002e+00
4.9669e+01	 1.5392e+00	 1.6492e-01	 1.0007e+00	 1.6691e-01	 1.0001e+00
4.9697e+01	 1.5391e+00	 1.6514e-01	 1.0007e+00	 1.6713e-01	 1.0001e+00
4.9726e+01	 1.5395e+00	 1.6535e-01	 1.0007e+00	 1.6734e-01	 1.0001e+00
4.9755e+01	 1.5398e+00	 1.6556e-01	 1.0007e+00	 1.6756e-01	 1.0001e+00
4.9784e+01	 1.5399e+00	 1.6577e-01	 1.0007e+00	 1.6778e-01	 1.0000e+00
4.9813e+01	 1.5404e+00	 1.6599e-01	 1.0007e+00	 1.6799e-01	 1.0000e+00
4.9841e+01	 1.5403e+00	 1.6620e-01	 1.0007e+00	 1.6821e-01	 1.0000e+00
4.9870e+01	 1.5409e+00	 1.6641e-01	 1.0007e+00	 1.6842e-01	 9.9997e-01
4.9899e+01	 1.5408e+00	 1.6663e-01	 1.0006e+00	 1.6864e-01	 9.9995e-01
4.9928e+01	 1.5413e+00	 1.6684e-01	 1.0006e+00	 1.6886e-01	 9.9993e-01
4.9956e+01	 1.5415e+00	 1.6706e-01	 1.0006e+00	 1.6907e-01	 9.9990e-01
4.9985e+01	 1.5418e+00	 1.6727e-01	 1.0006e+00	 1.6929e-01	 9.9987e-01
5.0014e+01	 1.5423e+00	 1.6748e-01	 1.0005e+00	 1.6951e-01	 9.9985e-01
5.0043e+01	 1.5423e+00	 1.6770e-01	 1.0005e+00	 1.6972e-01	 9.9983e-01
5.0071e+01	 1.5430e+00	 1.6791e-01	 1.0005e+00	 1.6994e-01	 9.9982e-01
5.0100e+01	 1.5430e+00	 1.6813e-01	 1.0004e+00	 1.7016e-01	 9.9980e-01
5.0129e+01	 1.5435e+00	 1.6834e-01	 1.0004e+00	 1.7038e-01	 9.9980e-01
5.0158e+01	 1.5438e+00	 1.6856e-01	 1.0004e+00	 1.7060e-01	 9.9979e-01
5.0186e+01	 1.5441e+00	 1.6878e-01	 1.0004e+00	 1.7082e-01	 9.9979e-01
5.0215e+01	 1.5446e+00	 1.6899e-01	 1.0005e+00	 1.7104e-01	 9.9980e-01
5.0244e+01	 1.5446e+00	 1.6921e-01	 1.0005e+00	 1.7125e-01	 9.9980e-01
5.0273e+01	 1.5452e+00	 1.6942e-01	 1.0005e+00	 1.7147e-01	 9.9981e-01
5.0301e+01	 1.5452e+00	 1.6964e-01	 1.0005e+00	 1.7169e-01	 9.9982e-01
5.0330e+01	 1.5457e+00	 1.6986e-01	 1.0005e+00	 1.7191e-01	 9.9983e-01
5.0359e+01	 1.5457e+00	 1.7007e-01	 1.0006e+00	 1.7213e-01	 9.9984e-01
5.0387e+01	 1.5459e+00	 1.7029e-01	 1.0006e+00	 1.7235e-01	 9.9986e-01
5.0416e+01	 1.5462e+00	 1.7051e-01	 1.0006e+00	 1.7257e-01	 9.9987e-01
5.0445e+01	 1.5461e+00	 1.7072e-01	 1.0006e+00	 1.7279e-01	 9.9988e-01
5.0474e+01	 1.5464e+00	 1.7094e-01	 1.0006e+00	 1.7302e-01	 9.9989e-01
5.0502e+01	 1.5462e+00	 1.7116e-01	 1.0006e+00	 1.7324e-01	 9.9990e-01
5.0531e+01	 1.5466e+00	 1.7138e-01	 1.0005e+00	 1.7346e-01	 9.9992e-01
5.0560e+01	 1.5465e+00	 1.7160e-01	 1.0005e+00	 1.7368e-01	 9.9993e-01
5.0588e+01	 1.5467e+00	 1.7182e-01	 1.0005e+00	 1.7390e-01	 9.9994e-01
5.0617e+01	 1.5470e+00	 1.7204e-01	 1.0004e+00	 1.7412e-01	 9.9995e-01
5.0646e+01	 1.5469e+00	 1.7226e-01	 1.0004e+00	 1.7434e-01	 9.9996e-01
5.0674e+01	 1.5473e+00	 1.7248e-01	 1.0004e+00	 1.7457e-01	 9.9996e-01
5.0703e+01	 1.5472e+00	 1.7270e-01	 1.0003e+00	 1.7479e-01	 9.9997e-01
5.0732e+01	 1.5476e+00	 1.7292e-01	 1.0003e+00	 1.7501e-01	 9.9997e-01
5.0760e+01	 1.5477e+00	 1.7314e-01	 1.0003e+00	 1.7523e-01	 9.9997e-01
5.0789e+01	 1.5479e+00	 1.7336e-01	 1.0003e+00	 1.7546e-01	 9.9998e-01
5.0818e+01	 1.5482e+00	 1.7358e-01	 1.0002e+00	 1.7568e-01	 9.9998e-01
5.0846e+01	 1.5481e+00	 1.7380e-01	 1.0002e+00	 1.7590e-01	 9.9997e-01
5.0875e+01	 1.5485e+00	 1.7402e-01	 1.0002e+00	 1.7613e-01	 9.9997e-01
5.0904e+01	 1.5483e+00	 1.7424e-01	 1.0002e+00	 1.7635e-01	 9.9997e-01
5.0932e+01	 1.5487e+00	 1.7446e-01	 1.0002e+00	 1.7657e-01	 9.9996e-01
5.0961e+01	 1.5486e+00	 1.7468e-01	 1.0002e+00	 1.7680e-01	 9.9995e-01
5.0989e+01	 1.5488e+00	 1.7490e-01	 1.0002e+00	 1.7702e-01	 9.9995e-01
5.1018e+01	 1.5490e+00	 1.7513e-01	 1.0002e+00	 1.7725e-01	 9.9993e-01
5.1047e+01	 1.5489e+00	 1.7535e-01	 1.0002e+00	 1.7747e-01	 9.9993e-01
5.1075e+01	 1.5494e+00	 1.7557e-01	 1.0002e+00	 1.7770e-01	 9.9991e-01
5.1104e+01	 1.5493e+00	 1.7579e-01	 1.0002e+00	 1.7792e-01	 9.9990e-01
5.1133e+01	 1.5499e+00	 1.7601e-01	 1.0002e+00	 1.7815e-01	 9.9989e-01
5.1161e+01	 1.5501e+00	 1.7624e-01	 1.0002e+00	 1.7837e-01	 9.9988e-01
5.1190e+01	 1.5506e+00	 1.7646e-01	 1.0002e+00	 1.7860e-01	 9.9987e-01
5.1218e+01	 1.5511e+00	 1.7668e-01	 1.0002e+00	 1.7883e-01	 9.9986e-01
5.1247e+01	 1.5515e+00	 1.7691e-01	 1.0002e+00	 1.7905e-01	 9.9985e-01
5.1275e+01	 1.5524e+00	 1.7713e-01	 1.0002e+00	 1.7928e-01	 9.9984e-01
5.1304e+01	 1.5527e+00	 1.7736e-01	 1.0002e+00	 1.7951e-01	 9.9983e-01
5.1332e+01	 1.5538e+00	 1.7758e-01	 1.0002e+00	 1.7973e-01	 9.9983e-01
5.1361e+01	 1.5543e+00	 1.7780e-01	 1.0002e+00	 1.7996e-01	 9.9982e-01
5.1389e+01	 1.5553e+00	 1.7803e-01	 1.0002e+00	 1.8019e-01	 9.9982e-01
5.1418e+01	 1.5561e+00	 1.7825e-01	 1.0002e+00	 1.8041e-01	 9.9982e-01
5.1447e+01	 1.5568e+00	 1.7848e-01	 1.0002e+00	 1.8064e-01	 9.9982e-01
5.1475e+01	 1.5579e+00	 1.7870e-01	 1.0002e+00	 1.8087e-01	 9.9982e-01
5.1504e+01	 1.5584e+00	 1.7893e-01	 1.0002e+00	 1.8110e-01	 9.9983e-01
5.1532e+01	 1.5596e+00	 1.7915e-01	 1.0002e+00	 1.8133e-01	 9.9984e-01
5.1561e+01	 1.5602e+00	 1.7938e-01	 1.0002e+00	 1.8156e-01	 9.9985e-01
5.1589e+01	 1.5611e+00	 1.7961e-01	 1.0002e+00	 1.8178e-01	 9.9987e-01
5.1618e+01	 1.5618e+00	 1.7983e-01	 1.0001e+00	 1.8201e-01	 9.9988e-01
5.1646e+01	 1.5625e+00	 1.8006e-01	 1.0001e+00	 1.8224e-01	 9.9990e-01
5.1675e+01	 1.5634e+00	 1.8028e-01	 1.0001e+00	 1.8247e-01	 9.9991e-01
5.1703e+01	 1.5637e+00	 1.8051e-01	 1.0000e+00	 1.8270e-01	 9.9994e-01
5.1732e+01	 1.5647e+00	 1.8074e-01	 9.9998e-01	 1.8293e-01	 9.9996e-01
5.1760e+01	 1.5651e+00	 1.8096e-01	 9.9994e-01	 1.8316e-01	 9.9998e-01
5.1788e+01	 1.5658e+00	 1.8119e-01	 9.9991e-01	 1.8339e-01	 1.0000e+00
5.1817e+01	 1.5663e+00	 1.8142e-01	 9.9988e-01	 1.8362e-01	 1.0000e+00
5.1845e+01	 1.5667e+00	 1.8165e-01	 9.9987e-01	 1.8385e-01	 1.0000e+00
5.1874e+01	 1.5674e+00	 1.8187e-01	 9.9985e-01	 1.8408e-01	 1.0001e+00
5.1902e+01	 1.5675e+00	 1.8210e-01	 9.9985e-01	 1.8432e-01	 1.0001e+00
5.1931e+01	 1.5682e+00	 1.8233e-01	 9.9986e-01	 1.8455e-01	 1.0001e+00
5.1959e+01	 1.5682e+00	 1.8256e-01	 9.9986e-01	 1.8478e-01	 1.0001e+00
5.1988e+01	 1.5687e+00	 1.8279e-01	 9.9989e-01	 1.8501e-01	 1.0002e+00
5.2016e+01	 1.5688e+00	 1.8302e-01	 9.9991e-01	 1.8524e-01	 1.0002e+00
5.2044e+01	 1.5689e+00	 1.8325e-01	 9.9996e-01	 1.8547e-01	 1.0002e+00
5.2073e+01	 1.5692e+00	 1.8348e-01	 1.0000e+00	 1.8570e-01	 1.0002e+00
5.2101e+01	 1.5690e+00	 1.8371e-01	 1.0001e+00	 1.8594e-01	 1.0002e+00
5.2130e+01	 1.5694e+00	 1.8394e-01	 1.0001e+00	 1.8617e-01	 1.0002e+00
5.2158e+01	 1.5692e+00	 1.8417e-01	 1.0002e+00	 1.8640e-01	 1.0002e+00
5.2186e+01	 1.5695e+00	 1.8440e-01	 1.0002e+00	 1.8664e-01	 1.0002e+00
5.2215e+01	 1.5694e+00	 1.8463e-01	 1.0003e+00	 1.8687e-01	 1.0002e+00
5.2243e+01	 1.5694e+00	 1.8486e-01	 1.0004e+00	 1.8710e-01	 1.0002e+00
5.2271e+01	 1.5695e+00	 1.8509e-01	 1.0005e+00	 1.8734e-01	 1.0002e+00
5.2300e+01	 1.5692e+00	 1.8532e-01	 1.0005e+00	 1.8757e-01	 1.0002e+00
5.2328e+01	 1.5695e+00	 1.8555e-01	 1.0006e+00	 1.8781e-01	 1.0002e+00
5.2356e+01	 1.5692e+00	 1.8578e-01	 1.0006e+00	 1.8804e-01	 1.0001e+00
5.2385e+01	 1.5693e+00	 1.8602e-01	 1.0007e+00	 1.8827e-01	 1.0001e+00
5.2413e+01	 1.5691e+00	 1.8625e-01	 1.0007e+00	 1.8851e-01	 1.0001e+00
5.2441e+01	 1.5690e+00	 1.8648e-01	 1.0008e+00	 1.8874e-01	 1.0001e+00
5.2469e+01	 1.5690e+00	 1.8671e-01	 1.0008e+00	 1.8898e-01	 1.0000e+00
5.2498e+01	 1.5688e+00	 1.8694e-01	 1.0008e+00	 1.8922e-01	 1.0000e+00
5.2526e+01	 1.5691e+00	 1.8718e-01	 1.0008e+00	 1.8945e-01	 1.0000e+00
5.2554e+01	 1.5689e+00	 1.8741e-01	 1.0008e+00	 1.8969e-01	 1.0000e+00
5.2582e+01	 1.5692e+00	 1.8764e-01	 1.0008e+00	 1.8992e-01	 1.0000e+00
5.2611e+01	 1.5692e+00	 1.8788e-01	 1.0008e+00	 1.9016e-01	 9.9998e-01
5.2639e+01	 1.5695e+00	 1.8811e-01	 1.0008e+00	 1.9040e-01	 9.9998e-01
5.2667e+01	 1.5698e+00	 1.8834e-01	 1.0007e+00	 1.9063e-01	 9.9998e-01
5.2695e+01	 1.5699e+00	 1.8858e-01	 1.0007e+00	 1.9087e-01	 9.9998e-01
5.2724e+01	 1.5705e+00	 1.8881e-01	 1.0007e+00	 1.9111e-01	 9.9999e-01
5.2752e+01	 1.5705e+00	 1.8905e-01	 1.0007e+00	 1.9134e-01	 9.9999e-01
5.2780e+01	 1.5711e+00	 1.8928e-01	 1.0007e+00	 1.9158e-01	 1.0000e+00
5.2808e+01	 1.5711e+00	 1.8952e-01	 1.0007e+00	 1.9182e-01	 1.0000e+00
5.2836e+01	 1.5715e+00	 1.8975e-01	 1.0007e+00	 1.9206e-01	 1.0000e+00
5.2864e+01	 1.5717e+00	 1.8999e-01	 1.0007e+00	 1.9230e-01	 1.0000e+00
5.2892e+01	 1.5718e+00	 1.9022e-01	 1.0006e+00	 1.9254e-01	 1.0000e+00
5.2921e+01	 1.5723e+00	 1.9046e-01	 1.0006e+00	 1.9278e-01	 1.0000e+00
5.2949e+01	 1.5722e+00	 1.9070e-01	 1.0006e+00	 1.9301e-01	 1.0000e+00
5.2977e+01	 1.5726e+00	 1.9093e-01	 1.0006e+00	 1.9325e-01	 1.0000e+00
5.3005e+01	 1.5726e+00	 1.9117e-01	 1.0006e+00	 1.9349e-01	 1.0000e+00
5.3033e+01	 1.5728e+00	 1.9141e-01	 1.0006e+00	 1.9373e-01	 1.0000e+00
5.3061e+01	 1.5730e+00	 1.9164e-01	 1.0006e+00	 1.9397e-01	 1.0000e+00
5.3089e+01	 1.5731e+00	 1.9188e-01	 1.0006e+00	 1.9421e-01	 1.0000e+00
5.3117e+01	 1.5735e+00	 1.9212e-01	 1.0006e+00	 1.9445e-01	 1.0000e+00
5.3145e+01	 1.5735e+00	 1.9236e-01	 1.0006e+00	 1.9469e-01	 9.9999e-01
5.3173e+01	 1.5740e+00	 1.9259e-01	 1.0006e+00	 1.9493e-01	 9.9998e-01
5.3201e+01	 1.5740e+00	 1.9283e-01	 1.0006e+00	 1.9517e-01	 9.9998e-01
5.3229e+01	 1.5744e+00	 1.9307e-01	 1.0006e+00	 1.9541e-01	 9.9997e-01
5.3257e+01	 1.5746e+00	 1.9331e-01	 1.0006e+00	 1.9566e-01	 9.9997e-01
5.3285e+01	 1.5748e+00	 1.9355e-01	 1.0006e+00	 1.9590e-01	 9.9997e-01
5.3313e+01	 1.5753e+00	 1.9379e-01	 1.0006e+00	 1.9614e-01	 9.9996e-01
5.3341e+01	 1.5753e+00	 1.9403e-01	 1.0006e+00	 1.9638e-01	 9.9996e-01
5.3369e+01	 1.5759e+00	 1.9427e-01	 1.0006e+00	 1.9662e-01	 9.9997e-01
5.3397e+01	 1.5760e+00	 1.9451e-01	 1.0006e+00	 1.9687e-01	 9.9997e-01
5.3425e+01	 1.5765e+00	 1.9475e-01	 1.0006e+00	 1.9711e-01	 9.9999e-01
5.3453e+01	 1.5767e+00	 1.9499e-01	 1.0006e+00	 1.9735e-01	 1.0000e+00
5.3481e+01	 1.5770e+00	 1.9523e-01	 1.0006e+00	 1.9760e-01	 1.0000e+00
5.3509e+01	 1.5776e+00	 1.9547e-01	 1.0006e+00	 1.9784e-01	 1.0000e+00
5.3537e+01	 1.5777e+00	 1.9571e-01	 1.0006e+00	 1.9808e-01	 1.0000e+00
5.3565e+01	 1.5783e+00	 1.9595e-01	 1.0006e+00	 1.9833e-01	 1.0001e+00
5.3593e+01	 1.5783e+00	 1.9619e-01	 1.0005e+00	 1.9857e-01	 1.0001e+00
5.3620e+01	 1.5788e+00	 1.9643e-01	 1.0005e+00	 1.9882e-01	 1.0001e+00
5.3648e+01	 1.5789e+00	 1.9667e-01	 1.0005e+00	 1.9906e-01	 1.0001e+00
5.3676e+01	 1.5791e+00	 1.9692e-01	 1.0005e+00	 1.9931e-01	 1.0002e+00
5.3704e+01	 1.5795e+00	 1.9716e-01	 1.0005e+00	 1.9955e-01	 1.0002e+00
5.3732e+01	 1.5794e+00	 1.9740e-01	 1.0005e+00	 1.9980e-01	 1.0002e+00
5.3760e+01	 1.5798e+00	 1.9764e-01	 1.0005e+00	 2.0004e-01	 1.0003e+00
5.3787e+01	 1.5796e+00	 1.9788e-01	 1.0004e+00	 2.0029e-01	 1.0003e+00
5.3815e+01	 1.5800e+00	 1.9813e-01	 1.0004e+00	 2.0053e-01	 1.0003e+00
5.3843e+01	 1.5800e+00	 1.9837e-01	 1.0004e+00	 2.0078e-01	 1.0004e+00
5.3871e+01	 1.5801e+00	 1.9861e-01	 1.0004e+00	 2.0103e-01	 1.0004e+00
5.3898e+01	 1.5804e+00	 1.9886e-01	 1.0004e+00	 2.0127e-01	 1.0004e+00
5.3926e+01	 1.5803e+00	 1.9910e-01	 1.0004e+00	 2.0152e-01	 1.0004e+00
5.3954e+01	 1.5809e+00	 1.9934e-01	 1.0004e+00	 2.0177e-01	 1.0004e+00
5.3981e+01	 1.5808e+00	 1.9959e-01	 1.0004e+00	 2.0201e-01	 1.0005e+00
5.4009e+01	 1.5813e+00	 1.9983e-01	 1.0004e+00	 2.0226e-01	 1.0005e+00
5.4037e+01	 1.5815e+00	 2.0008e-01	 1.0004e+00	 2.0251e-01	 1.0005e+00
5.4065e+01	 1.5818e+00	 2.0032e-01	 1.0004e+00	 2.0275e-01	 1.0005e+00
5.4092e+01	 1.5824e+00	 2.0057e-01	 1.0004e+00	 2.0300e-01	 1.0004e+00
5.4120e+01	 1.5826e+00	 2.0081e-01	 1.0004e+00	 2.0325e-01	 1.0004e+00
5.4147e+01	 1.5834e+00	 2.0106e-01	 1.0004e+00	 2.0350e-01	 1.0004e+00
5.4175e+01	 1.5836e+00	 2.0131e-01	 1.0004e+00	 2.0375e-01	 1.0004e+00
5.4203e+01	 1.5844e+00	 2.0155e-01	 1.0005e+00	 2.0400e-01	 1.0004e+00
5.4230e+01	 1.5848e+00	 2.0180e-01	 1.0004e+00	 2.0425e-01	 1.0003e+00
5.4258e+01	 1.5855e+00	 2.0205e-01	 1.0005e+00	 2.0450e-01	 1.0003e+00
5.4285e+01	 1.5863e+00	 2.0229e-01	 1.0005e+00	 2.0475e-01	 1.0003e+00
5.4313e+01	 1.5868e+00	 2.0254e-01	 1.0005e+00	 2.0500e-01	 1.0003e+00
5.4340e+01	 1.5878e+00	 2.0279e-01	 1.0005e+00	 2.0525e-01	 1.0003e+00
5.4368e+01	 1.5881e+00	 2.0303e-01	 1.0005e+00	 2.0550e-01	 1.0002e+00
5.4395e+01	 1.5891e+00	 2.0328e-01	 1.0005e+00	 2.0575e-01	 1.0002e+00
5.4423e+01	 1.5896e+00	 2.0353e-01	 1.0004e+00	 2.0600e-01	 1.0002e+00
5.4450e+01	 1.5903e+00	 2.0378e-01	 1.0005e+00	 2.0626e-01	 1.0002e+00
5.4478e+01	 1.5911e+00	 2.0403e-01	 1.0004e+00	 2.0651e-01	 1.0002e+00
5.4505e+01	 1.5916e+00	 2.0428e-01	 1.0004e+00	 2.0676e-01	 1.0002e+00
5.4533e+01	 1.5926e+00	 2.0453e-01	 1.0004e+00	 2.0701e-01	 1.0002e+00
5.4560e+01	 1.5930e+00	 2.0477e-01	 1.0004e+00	 2.0727e-01	 1.0002e+00
5.4587e+01	 1.5940e+00	 2.0502e-01	 1.0004e+00	 2.0752e-01	 1.0002e+00
5.4615e+01	 1.5945e+00	 2.0527e-01	 1.0004e+00	 2.0777e-01	 1.0001e+00
5.4642e+01	 1.5954e+00	 2.0552e-01	 1.0004e+00	 2.0802e-01	 1.0001e+00
5.4669e+01	 1.5962e+00	 2.0577e-01	 1.0004e+00	 2.0828e-01	 1.0001e+00
5.4697e+01	 1.5968e+00	 2.0603e-01	 1.0004e+00	 2.0853e-01	 1.0001e+00
5.4724e+01	 1.5978e+00	 2.0627e-01	 1.0004e+00	 2.0879e-01	 1.0001e+00
5.4752e+01	 1.5982e+00	 2.0653e-01	 1.0004e+00	 2.0904e-01	 1.0001e+00
5.4779e+01	 1.5991e+00	 2.0678e-01	 1.0003e+00	 2.0930e-01	 1.0001e+00
5.4806e+01	 1.5994e+00	 2.0703e-01	 1.0003e+00	 2.0955e-01	 1.0001e+00
5.4833e+01	 1.6000e+00	 2.0728e-01	 1.0003e+00	 2.0980e-01	 1.0001e+00
5.4861e+01	 1.6005e+00	 2.0753e-01	 1.0003e+00	 2.1006e-01	 1.0001e+00
5.4888e+01	 1.6008e+00	 2.0778e-01	 1.0002e+00	 2.1031e-01	 1.0001e+00
5.4915e+01	 1.6013e+00	 2.0804e-01	 1.0002e+00	 2.1057e-01	 1.0001e+00
5.4942e+01	 1.6012e+00	 2.0829e-01	 1.0001e+00	 2.1082e-01	 1.0001e+00
5.4969e+01	 1.6016e+00	 2.0854e-01	 1.0000e+00	 2.1108e-01	 1.0001e+00
5.4996e+01	 1.6014e+00	 2.0880e-01	 9.9998e-01	 2.1134e-01	 1.0001e+00
5.5024e+01	 1.6015e+00	 2.0905e-01	 9.9992e-01	 2.1159e-01	 1.0001e+00
5.5051e+01	 1.6014e+00	 2.0930e-01	 9.9985e-01	 2.1185e-01	 1.0001e+00
5.5078e+01	 1.6011e+00	 2.0956e-01	 9.9979e-01	 2.1210e-01	 1.0001e+00
5.5105e+01	 1.6012e+00	 2.0981e-01	 9.9973e-01	 2.1236e-01	 1.0001e+00
5.5132e+01	 1.6007e+00	 2.1007e-01	 9.9967e-01	 2.1262e-01	 1.0001e+00
5.5159e+01	 1.6008e+00	 2.1032e-01	 9.9962e-01	 2.1288e-01	 1.0001e+00
5.5186e+01	 1.6004e+00	 2.1057e-01	 9.9957e-01	 2.1314e-01	 1.0001e+00
5.5213e+01	 1.6004e+00	 2.1083e-01	 9.9954e-01	 2.1339e-01	 1.0001e+00
5.5240e+01	 1.6002e+00	 2.1108e-01	 9.9950e-01	 2.1365e-01	 1.0001e+00
5.5267e+01	 1.6000e+00	 2.1134e-01	 9.9948e-01	 2.1391e-01	 1.0001e+00
5.5294e+01	 1.6001e+00	 2.1160e-01	 9.9946e-01	 2.1417e-01	 1.0001e+00
5.5321e+01	 1.5998e+00	 2.1185e-01	 9.9946e-01	 2.1443e-01	 1.0001e+00
5.5348e+01	 1.6001e+00	 2.1211e-01	 9.9946e-01	 2.1469e-01	 1.0001e+00
5.5375e+01	 1.5998e+00	 2.1236e-01	 9.9946e-01	 2.1495e-01	 1.0001e+00
5.5402e+01	 1.6001e+00	 2.1262e-01	 9.9948e-01	 2.1521e-01	 1.0001e+00
5.5429e+01	 1.6002e+00	 2.1288e-01	 9.9949e-01	 2.1547e-01	 1.0000e+00
5.5456e+01	 1.6004e+00	 2.1313e-01	 9.9951e-01	 2.1573e-01	 1.0001e+00
5.5482e+01	 1.6009e+00	 2.1339e-01	 9.9954e-01	 2.1599e-01	 1.0000e+00
5.5509e+01	 1.6009e+00	 2.1365e-01	 9.9956e-01	 2.1625e-01	 1.0001e+00
5.5536e+01	 1.6015e+00	 2.1391e-01	 9.9960e-01	 2.1651e-01	 1.0001e+00
5.5563e+01	 1.6016e+00	 2.1416e-01	 9.9962e-01	 2.1677e-01	 1.0001e+00
5.5590e+01	 1.6022e+00	 2.1442e-01	 9.9966e-01	 2.1703e-01	 1.0001e+00
5.5616e+01	 1.6025e+00	 2.1468e-01	 9.9969e-01	 2.1729e-01	 1.0001e+00
5.5643e+01	 1.6028e+00	 2.1494e-01	 9.9972e-01	 2.1755e-01	 1.0001e+00
5.5670e+01	 1.6032e+00	 2.1520e-01	 9.9975e-01	 2.1782e-01	 1.0001e+00
5.5697e+01	 1.6032e+00	 2.1546e-01	 9.9978e-01	 2.1808e-01	 1.0001e+00
5.5723e+01	 1.6037e+00	 2.1572e-01	 9.9981e-01	 2.1834e-01	 1.0002e+00
5.5750e+01	 1.6035e+00	 2.1598e-01	 9.9984e-01	 2.1860e-01	 1.0002e+00
5.5777e+01	 1.6039e+00	 2.1624e-01	 9.9988e-01	 2.1887e-01	 1.0002e+00
5.5803e+01	 1.6039e+00	 2.1650e-01	 9.9991e-01	 2.1913e-01	 1.0002e+00
5.5830e+01	 1.6040e+00	 2.1676e-01	 9.9996e-01	 2.1939e-01	 1.0002e+00
5.5856e+01	 1.6043e+00	 2.1702e-01	 1.0000e+00	 2.1966e-01	 1.0002e+00
5.5883e+01	 1.6041e+00	 2.1728e-01	 1.0000e+00	 2.1992e-01	 1.0003e+00
5.5910e+01	 1.6045e+00	 2.1754e-01	 1.0001e+00	 2.2018e-01	 1.0003e+00
5.5936e+01	 1.6043e+00	 2.1780e-01	 1.0001e+00	 2.2045e-01	 1.0003e+00
5.5963e+01	 1.6047e+00	 2.1806e-01	 1.0002e+00	 2.2071e-01	 1.0003e+00
5.5989e+01	 1.6047e+00	 2.1832e-01	 1.0002e+00	 2.2098e-01	 1.0003e+00
5.6016e+01	 1.6050e+00	 2.1859e-01	 1.0003e+00	 2.2124e-01	 1.0003e+00
5.6042e+01	 1.6053e+00	 2.1885e-01	 1.0003e+00	 2.2151e-01	 1.0003e+00
5.6068e+01	 1.6054e+00	 2.1911e-01	 1.0003e+00	 2.2177e-01	 1.0002e+00
5.6095e+01	 1.6060e+00	 2.1937e-01	 1.0003e+00	 2.2204e-01	 1.0002e+00
5.6121e+01	 1.6062e+00	 2.1964e-01	 1.0004e+00	 2.2231e-01	 1.0002e+00
5.6148e+01	 1.6069e+00	 2.1990e-01	 1.0004e+00	 2.2257e-01	 1.0002e+00
5.6174e+01	 1.6073e+00	 2.2016e-01	 1.0004e+00	 2.2284e-01	 1.0002e+00
5.6200e+01	 1.6080e+00	 2.2043e-01	 1.0004e+00	 2.2311e-01	 1.0001e+00
5.6227e+01	 1.6087e+00	 2.2069e-01	 1.0005e+00	 2.2337e-01	 1.0001e+00
5.6253e+01	 1.6091e+00	 2.2096e-01	 1.0005e+00	 2.2364e-01	 1.0001e+00
5.6279e+01	 1.6101e+00	 2.2122e-01	 1.0005e+00	 2.2391e-01	 1.0000e+00
5.6305e+01	 1.6105e+00	 2.2148e-01	 1.0006e+00	 2.2418e-01	 1.0000e+00
5.6332e+01	 1.6115e+00	 2.2175e-01	 1.0006e+00	 2.2444e-01	 1.0000e+00
5.6358e+01	 1.6120e+00	 2.2201e-01	 1.0006e+00	 2.2471e-01	 9.9997e-01
5.6384e+01	 1.6127e+00	 2.2228e-01	 1.0007e+00	 2.2498e-01	 9.9995e-01
5.6410e+01	 1.6134e+00	 2.2254e-01	 1.0007e+00	 2.2525e-01	 9.9992e-01
5.6436e+01	 1.6138e+00	 2.2281e-01	 1.0007e+00	 2.2552e-01	 9.9990e-01
5.6462e+01	 1.6146e+00	 2.2307e-01	 1.0007e+00	 2.2579e-01	 9.9987e-01
5.6489e+01	 1.6148e+00	 2.2334e-01	 1.0007e+00	 2.2606e-01	 9.9985e-01
5.6515e+01	 1.6156e+00	 2.2360e-01	 1.0008e+00	 2.2633e-01	 9.9982e-01
5.6541e+01	 1.6158e+00	 2.2387e-01	 1.0007e+00	 2.2660e-01	 9.9980e-01
5.6567e+01	 1.6164e+00	 2.2414e-01	 1.0007e+00	 2.2687e-01	 9.9979e-01
5.6593e+01	 1.6167e+00	 2.2440e-01	 1.0007e+00	 2.2714e-01	 9.9976e-01
5.6619e+01	 1.6169e+00	 2.2467e-01	 1.0007e+00	 2.2741e-01	 9.9976e-01
5.6645e+01	 1.6174e+00	 2.2494e-01	 1.0006e+00	 2.2768e-01	 9.9975e-01
5.6670e+01	 1.6174e+00	 2.2521e-01	 1.0006e+00	 2.2795e-01	 9.9975e-01
5.6696e+01	 1.6179e+00	 2.2547e-01	 1.0005e+00	 2.2822e-01	 9.9976e-01
5.6722e+01	 1.6179e+00	 2.2574e-01	 1.0005e+00	 2.2849e-01	 9.9977e-01
5.6748e+01	 1.6182e+00	 2.2601e-01	 1.0004e+00	 2.2877e-01	 9.9979e-01
5.6774e+01	 1.6184e+00	 2.2628e-01	 1.0004e+00	 2.2904e-01	 9.9980e-01
5.6800e+01	 1.6184e+00	 2.2655e-01	 1.0003e+00	 2.2931e-01	 9.9983e-01
5.6826e+01	 1.6186e+00	 2.2682e-01	 1.0003e+00	 2.2959e-01	 9.9985e-01
5.6851e+01	 1.6185e+00	 2.2709e-01	 1.0002e+00	 2.2986e-01	 9.9987e-01
5.6877e+01	 1.6188e+00	 2.2736e-01	 1.0002e+00	 2.3013e-01	 9.9990e-01
5.6903e+01	 1.6186e+00	 2.2763e-01	 1.0002e+00	 2.3041e-01	 9.9992e-01
5.6929e+01	 1.6188e+00	 2.2790e-01	 1.0001e+00	 2.3068e-01	 9.9995e-01
5.6954e+01	 1.6187e+00	 2.2817e-01	 1.0001e+00	 2.3095e-01	 9.9996e-01
5.6980e+01	 1.6186e+00	 2.2844e-01	 1.0001e+00	 2.3123e-01	 9.9998e-01
5.7005e+01	 1.6188e+00	 2.2871e-01	 1.0000e+00	 2.3150e-01	 1.0000e+00
5.7031e+01	 1.6185e+00	 2.2898e-01	 1.0000e+00	 2.3178e-01	 1.0000e+00
5.7057e+01	 1.6188e+00	 2.2925e-01	 1.0000e+00	 2.3206e-01	 1.0000e+00
5.7082e+01	 1.6185e+00	 2.2953e-01	 9.9999e-01	 2.3233e-01	 1.0000e+00
5.7108e+01	 1.6187e+00	 2.2980e-01	 9.9999e-01	 2.3261e-01	 1.0000e+00
5.7133e+01	 1.6186e+00	 2.3007e-01	 9.9998e-01	 2.3288e-01	 1.0001e+00
5.7159e+01	 1.6185e+00	 2.3034e-01	 9.9999e-01	 2.3316e-01	 1.0001e+00
5.7184e+01	 1.6186e+00	 2.3062e-01	 9.9999e-01	 2.3343e-01	 1.0001e+00
5.7210e+01	 1.6183e+00	 2.3089e-01	 1.0000e+00	 2.3371e-01	 1.0001e+00
5.7235e+01	 1.6185e+00	 2.3116e-01	 1.0000e+00	 2.3399e-01	 1.0001e+00
5.7261e+01	 1.6182e+00	 2.3144e-01	 1.0000e+00	 2.3426e-01	 1.0001e+00
5.7286e+01	 1.6183e+00	 2.3171e-01	 1.0001e+00	 2.3454e-01	 1.0001e+00
5.7311e+01	 1.6181e+00	 2.3198e-01	 1.0001e+00	 2.3482e-01	 1.0001e+00
5.7337e+01	 1.6180e+00	 2.3226e-01	 1.0001e+00	 2.3510e-01	 1.0002e+00
5.7362e+01	 1.6181e+00	 2.3253e-01	 1.0002e+00	 2.3538e-01	 1.0002e+00
5.7387e+01	 1.6178e+00	 2.3281e-01	 1.0002e+00	 2.3565e-01	 1.0002e+00
5.7412e+01	 1.6180e+00	 2.3308e-01	 1.0002e+00	 2.3593e-01	 1.0002e+00
5.7438e+01	 1.6178e+00	 2.3336e-01	 1.0003e+00	 2.3621e-01	 1.0002e+00
5.7463e+01	 1.6180e+00	 2.3363e-01	 1.0003e+00	 2.3649e-01	 1.0002e+00
5.7488e+01	 1.6179e+00	 2.3391e-01	 1.0004e+00	 2.3677e-01	 1.0002e+00
5.7513e+01	 1.6179e+00	 2.3418e-01	 1.0004e+00	 2.3705e-01	 1.0002e+00
5.7538e+01	 1.6181e+00	 2.3446e-01	 1.0004e+00	 2.3733e-01	 1.0002e+00
5.7563e+01	 1.6181e+00	 2.3474e-01	 1.0005e+00	 2.3761e-01	 1.0002e+00
5.7588e+01	 1.6186e+00	 2.3501e-01	 1.0005e+00	 2.3789e-01	 1.0002e+00
5.7613e+01	 1.6185e+00	 2.3529e-01	 1.0005e+00	 2.3817e-01	 1.0002e+00
5.7638e+01	 1.6191e+00	 2.3557e-01	 1.0005e+00	 2.3845e-01	 1.0002e+00
5.7663e+01	 1.6193e+00	 2.3585e-01	 1.0005e+00	 2.3873e-01	 1.0002e+00
5.7688e+01	 1.6197e+00	 2.3612e-01	 1.0005e+00	 2.3901e-01	 1.0002e+00
5.7713e+01	 1.6203e+00	 2.3640e-01	 1.0005e+00	 2.3929e-01	 1.0001e+00
5.7738e+01	 1.6207e+00	 2.3668e-01	 1.0005e+00	 2.3958e-01	 1.0001e+00
5.7763e+01	 1.6215e+00	 2.3696e-01	 1.0005e+00	 2.3986e-01	 1.0001e+00
5.7788e+01	 1.6219e+00	 2.3724e-01	 1.0005e+00	 2.4014e-01	 1.0001e+00
5.7812e+01	 1.6229e+00	 2.3752e-01	 1.0005e+00	 2.4042e-01	 1.0001e+00
5.7837e+01	 1.6234e+00	 2.3780e-01	 1.0005e+00	 2.4070e-01	 1.0001e+00
5.7862e+01	 1.6243e+00	 2.3808e-01	 1.0005e+00	 2.4099e-01	 1.0001e+00
5.7887e+01	 1.6252e+00	 2.3836e-01	 1.0005e+00	 2.4127e-01	 1.0001e+00
5.7911e+01	 1.6259e+00	 2.3864e-01	 1.0004e+00	 2.4155e-01	 1.0001e+00
5.7936e+01	 1.6271e+00	 2.3892e-01	 1.0004e+00	 2.4184e-01	 1.0002e+00
5.7961e+01	 1.6278e+00	 2.3920e-01	 1.0004e+00	 2.4212e-01	 1.0002e+00
5.7985e+01	 1.6290e+00	 2.3948e-01	 1.0004e+00	 2.4241e-01	 1.0002e+00
5.8010e+01	 1.6299e+00	 2.3976e-01	 1.0004e+00	 2.4269e-01	 1.0002e+00
5.8035e+01	 1.6309e+00	 2.4004e-01	 1.0004e+00	 2.4297e-01	 1.0002e+00
5.8059e+01	 1.6319e+00	 2.4033e-01	 1.0004e+00	 2.4326e-01	 1.0002e+00
5.8084e+01	 1.6328e+00	 2.4061e-01	 1.0004e+00	 2.4355e-01	 1.0002e+00
5.8108e+01	 1.6339e+00	 2.4089e-01	 1.0004e+00	 2.4383e-01	 1.0002e+00
5.8132e+01	 1.6346e+00	 2.4117e-01	 1.0004e+00	 2.4412e-01	 1.0003e+00
5.8157e+01	 1.6357e+00	 2.4146e-01	 1.0004e+00	 2.4440e-01	 1.0003e+00
5.8181e+01	 1.6362e+00	 2.4174e-01	 1.0004e+00	 2.4469e-01	 1.0003e+00
5.8206e+01	 1.6370e+00	 2.4202e-01	 1.0004e+00	 2.4497e-01	 1.0003e+00
5.8230e+01	 1.6376e+00	 2.4231e-01	 1.0003e+00	 2.4526e-01	 1.0003e+00
5.8254e+01	 1.6380e+00	 2.4259e-01	 1.0003e+00	 2.4555e-01	 1.0003e+00
5.8278e+01	 1.6387e+00	 2.4288e-01	 1.0003e+00	 2.4584e-01	 1.0003e+00
5.8303e+01	 1.6388e+00	 2.4316e-01	 1.0003e+00	 2.4612e-01	 1.0003e+00
5.8327e+01	 1.6393e+00	 2.4344e-01	 1.0003e+00	 2.4641e-01	 1.0003e+00
5.8351e+01	 1.6392e+00	 2.4373e-01	 1.0003e+00	 2.4670e-01	 1.0003e+00
5.8375e+01	 1.6394e+00	 2.4402e-01	 1.0002e+00	 2.4699e-01	 1.0003e+00
5.8399e+01	 1.6393e+00	 2.4430e-01	 1.0002e+00	 2.4728e-01	 1.0003e+00
5.8423e+01	 1.6392e+00	 2.4459e-01	 1.0002e+00	 2.4757e-01	 1.0003e+00
5.8447e+01	 1.6393e+00	 2.4487e-01	 1.0002e+00	 2.4786e-01	 1.0003e+00
5.8471e+01	 1.6389e+00	 2.4516e-01	 1.0001e+00	 2.4815e-01	 1.0003e+00
5.8495e+01	 1.6390e+00	 2.4544e-01	 1.0001e+00	 2.4844e-01	 1.0003e+00
5.8519e+01	 1.6386e+00	 2.4573e-01	 1.0001e+00	 2.4873e-01	 1.0002e+00
5.8543e+01	 1.6385e+00	 2.4602e-01	 1.0001e+00	 2.4902e-01	 1.0002e+00
5.8567e+01	 1.6382e+00	 2.4631e-01	 1.0001e+00	 2.4931e-01	 1.0002e+00
5.8591e+01	 1.6380e+00	 2.4660e-01	 1.0001e+00	 2.4960e-01	 1.0002e+00
5.8615e+01	 1.6380e+00	 2.4688e-01	 1.0001e+00	 2.4989e-01	 1.0002e+00
5.8639e+01	 1.6376e+00	 2.4717e-01	 1.0001e+00	 2.5018e-01	 1.0002e+00
5.8662e+01	 1.6377e+00	 2.4746e-01	 1.0001e+00	 2.5048e-01	 1.0002e+00
5.8686e+01	 1.6373e+00	 2.4775e-01	 1.0001e+00	 2.5077e-01	 1.0001e+00
5.8710e+01	 1.6374e+00	 2.4804e-01	 1.0002e+00	 2.5106e-01	 1.0001e+00
5.8734e+01	 1.6373e+00	 2.4833e-01	 1.0002e+00	 2.5135e-01	 1.0001e+00
5.8757e+01	 1.6372e+00	 2.4862e-01	 1.0002e+00	 2.5165e-01	 1.0001e+00
5.8781e+01	 1.6374e+00	 2.4891e-01	 1.0002e+00	 2.5194e-01	 1.0001e+00
5.8804e+01	 1.6372e+00	 2.4920e-01	 1.0003e+00	 2.5223e-01	 1.0001e+00
5.8828e+01	 1.6376e+00	 2.4949e-01	 1.0003e+00	 2.5253e-01	 1.0001e+00
5.8851e+01	 1.6374e+00	 2.4978e-01	 1.0003e+00	 2.5282e-01	 1.0001e+00
5.8875e+01	 1.6377e+00	 2.5007e-01	 1.0004e+00	 2.5311e-01	 1.0001e+00
5.8898e+01	 1.6377e+00	 2.5036e-01	 1.0004e+00	 2.5341e-01	 1.0001e+00
5.8922e+01	 1.6379e+00	 2.5065e-01	 1.0005e+00	 2.5370e-01	 1.0001e+00
5.8945e+01	 1.6383e+00	 2.5094e-01	 1.0005e+00	 2.5400e-01	 1.0001e+00
5.8968e+01	 1.6383e+00	 2.5124e-01	 1.0005e+00	 2.5429e-01	 1.0001e+00
5.8992e+01	 1.6389e+00	 2.5153e-01	 1.0005e+00	 2.5459e-01	 1.0001e+00
5.9015e+01	 1.6389e+00	 2.5182e-01	 1.0005e+00	 2.5488e-01	 1.0001e+00
5.9038e+01	 1.6394e+00	 2.5211e-01	 1.0006e+00	 2.5518e-01	 1.0001e+00
5.9061e+01	 1.6396e+00	 2.5241e-01	 1.0005e+00	 2.5548e-01	 1.0001e+00
5.9084e+01	 1.6400e+00	 2.5270e-01	 1.0005e+00	 2.5578e-01	 1.0002e+00
5.9108e+01	 1.6405e+00	 2.5300e-01	 1.0005e+00	 2.5607e-01	 1.0002e+00
5.9131e+01	 1.6407e+00	 2.5329e-01	 1.0005e+00	 2.5637e-01	 1.0002e+00
5.9154e+01	 1.6413e+00	 2.5359e-01	 1.0005e+00	 2.5667e-01	 1.0002e+00
5.9177e+01	 1.6413e+00	 2.5388e-01	 1.0004e+00	 2.5697e-01	 1.0002e+00
5.9200e+01	 1.6419e+00	 2.5417e-01	 1.0004e+00	 2.5726e-01	 1.0003e+00
5.9223e+01	 1.6420e+00	 2.5447e-01	 1.0003e+00	 2.5756e-01	 1.0003e+00
5.9246e+01	 1.6424e+00	 2.5477e-01	 1.0003e+00	 2.5786e-01	 1.0003e+00
5.9268e+01	 1.6428e+00	 2.5506e-01	 1.0002e+00	 2.5816e-01	 1.0003e+00
5.9291e+01	 1.6429e+00	 2.5536e-01	 1.0002e+00	 2.5846e-01	 1.0003e+00
5.9314e+01	 1.6434e+00	 2.5566e-01	 1.0001e+00	 2.5876e-01	 1.0003e+00
5.9337e+01	 1.6434e+00	 2.5595e-01	 1.0000e+00	 2.5906e-01	 1.0003e+00
5.9360e+01	 1.6438e+00	 2.5625e-01	 9.9999e-01	 2.5936e-01	 1.0004e+00
5.9382e+01	 1.6439e+00	 2.5655e-01	 9.9993e-01	 2.5966e-01	 1.0004e+00
5.9405e+01	 1.6442e+00	 2.5684e-01	 9.9988e-01	 2.5996e-01	 1.0004e+00
5.9428e+01	 1.6445e+00	 2.5714e-01	 9.9982e-01	 2.6026e-01	 1.0004e+00
5.9450e+01	 1.6446e+00	 2.5744e-01	 9.9978e-01	 2.6056e-01	 1.0004e+00
5.9473e+01	 1.6450e+00	 2.5774e-01	 9.9973e-01	 2.6086e-01	 1.0004e+00
5.9495e+01	 1.6450e+00	 2.5804e-01	 9.9968e-01	 2.6117e-01	 1.0004e+00
5.9518e+01	 1.6454e+00	 2.5834e-01	 9.9964e-01	 2.6147e-01	 1.0004e+00
5.9540e+01	 1.6454e+00	 2.5864e-01	 9.9960e-01	 2.6177e-01	 1.0004e+00
5.9562e+01	 1.6458e+00	 2.5894e-01	 9.9956e-01	 2.6207e-01	 1.0004e+00
5.9585e+01	 1.6460e+00	 2.5923e-01	 9.9952e-01	 2.6238e-01	 1.0004e+00
5.9607e+01	 1.6462e+00	 2.5954e-01	 9.9949e-01	 2.6268e-01	 1.0004e+00
5.9630e+01	 1.6466e+00	 2.5983e-01	 9.9946e-01	 2.6298e-01	 1.0004e+00
5.9652e+01	 1.6466e+00	 2.6014e-01	 9.9944e-01	 2.6329e-01	 1.0004e+00
5.9674e+01	 1.6470e+00	 2.6044e-01	 9.9942e-01	 2.6359e-01	 1.0004e+00
5.9696e+01	 1.6471e+00	 2.6074e-01	 9.9941e-01	 2.6389e-01	 1.0003e+00
5.9718e+01	 1.6475e+00	 2.6104e-01	 9.9941e-01	 2.6420e-01	 1.0003e+00
5.9740e+01	 1.6477e+00	 2.6134e-01	 9.9940e-01	 2.6450e-01	 1.0003e+00
5.9762e+01	 1.6479e+00	 2.6164e-01	 9.9941e-01	 2.6481e-01	 1.0003e+00
5.9784e+01	 1.6483e+00	 2.6194e-01	 9.9942e-01	 2.6512e-01	 1.0003e+00
5.9806e+01	 1.6482e+00	 2.6225e-01	 9.9944e-01	 2.6542e-01	 1.0003e+00
5.9828e+01	 1.6486e+00	 2.6255e-01	 9.9946e-01	 2.6573e-01	 1.0003e+00
5.9850e+01	 1.6486e+00	 2.6285e-01	 9.9948e-01	 2.6603e-01	 1.0003e+00
5.9872e+01	 1.6489e+00	 2.6315e-01	 9.9951e-01	 2.6634e-01	 1.0003e+00
5.9894e+01	 1.6491e+00	 2.6346e-01	 9.9954e-01	 2.6665e-01	 1.0002e+00
5.9916e+01	 1.6491e+00	 2.6376e-01	 9.9958e-01	 2.6696e-01	 1.0002e+00
5.9937e+01	 1.6494e+00	 2.6406e-01	 9.9962e-01	 2.6726e-01	 1.0002e+00
5.9959e+01	 1.6493e+00	 2.6437e-01	 9.9967e-01	 2.6757e-01	 1.0002e+00
5.9981e+01	 1.6496e+00	 2.6467e-01	 9.9972e-01	 2.6788e-01	 1.0002e+00
6.0002e+01	 1.6495e+00	 2.6498e-01	 9.9977e-01	 2.6819e-01	 1.0002e+00
6.0024e+01	 1.6497e+00	 2.6528e-01	 9.9984e-01	 2.6850e-01	 1.0002e+00
6.0045e+01	 1.6498e+00	 2.6559e-01	 9.9990e-01	 2.6880e-01	 1.0002e+00
6.0067e+01	 1.6498e+00	 2.6589e-01	 9.9997e-01	 2.6911e-01	 1.0002e+00
6.0089e+01	 1.6501e+00	 2.6620e-01	 1.0000e+00	 2.6942e-01	 1.0002e+00
6.0110e+01	 1.6500e+00	 2.6651e-01	 1.0001e+00	 2.6973e-01	 1.0002e+00
6.0131e+01	 1.6504e+00	 2.6681e-01	 1.0002e+00	 2.7004e-01	 1.0002e+00
6.0153e+01	 1.6504e+00	 2.6712e-01	 1.0003e+00	 2.7035e-01	 1.0002e+00
6.0174e+01	 1.6508e+00	 2.6743e-01	 1.0003e+00	 2.7066e-01	 1.0002e+00
6.0195e+01	 1.6510e+00	 2.6774e-01	 1.0004e+00	 2.7097e-01	 1.0002e+00
6.0216e+01	 1.6513e+00	 2.6804e-01	 1.0005e+00	 2.7128e-01	 1.0002e+00
6.0237e+01	 1.6518e+00	 2.6835e-01	 1.0005e+00	 2.7160e-01	 1.0002e+00
6.0259e+01	 1.6519e+00	 2.6866e-01	 1.0006e+00	 2.7191e-01	 1.0002e+00
6.0280e+01	 1.6525e+00	 2.6897e-01	 1.0007e+00	 2.7222e-01	 1.0002e+00
6.0301e+01	 1.6527e+00	 2.6928e-01	 1.0007e+00	 2.7253e-01	 1.0002e+00
6.0322e+01	 1.6534e+00	 2.6959e-01	 1.0008e+00	 2.7284e-01	 1.0002e+00
6.0343e+01	 1.6537e+00	 2.6989e-01	 1.0008e+00	 2.7316e-01	 1.0002e+00
6.0364e+01	 1.6542e+00	 2.7020e-01	 1.0009e+00	 2.7347e-01	 1.0002e+00
6.0385e+01	 1.6548e+00	 2.7051e-01	 1.0009e+00	 2.7378e-01	 1.0001e+00
6.0405e+01	 1.6551e+00	 2.7082e-01	 1.0009e+00	 2.7410e-01	 1.0001e+00
6.0426e+01	 1.6558e+00	 2.7113e-01	 1.0010e+00	 2.7441e-01	 1.0001e+00
6.0447e+01	 1.6561e+00	 2.7144e-01	 1.0010e+00	 2.7473e-01	 1.0001e+00
6.0468e+01	 1.6568e+00	 2.7176e-01	 1.0010e+00	 2.7504e-01	 1.0001e+00
6.0488e+01	 1.6572e+00	 2.7207e-01	 1.0009e+00	 2.7536e-01	 1.0001e+00
6.0509e+01	 1.6578e+00	 2.7238e-01	 1.0009e+00	 2.7567e-01	 1.0001e+00
6.0529e+01	 1.6583e+00	 2.7269e-01	 1.0009e+00	 2.7599e-01	 1.0001e+00
6.0550e+01	 1.6586e+00	 2.7300e-01	 1.0009e+00	 2.7630e-01	 1.0001e+00
6.0570e+01	 1.6592e+00	 2.7331e-01	 1.0008e+00	 2.7662e-01	 1.0000e+00
6.0591e+01	 1.6594e+00	 2.7363e-01	 1.0008e+00	 2.7693e-01	 1.0000e+00
6.0611e+01	 1.6600e+00	 2.7394e-01	 1.0008e+00	 2.7725e-01	 1.0000e+00
6.0631e+01	 1.6602e+00	 2.7425e-01	 1.0007e+00	 2.7757e-01	 1.0000e+00
6.0651e+01	 1.6606e+00	 2.7457e-01	 1.0007e+00	 2.7789e-01	 1.0000e+00
6.0672e+01	 1.6610e+00	 2.7488e-01	 1.0006e+00	 2.7820e-01	 1.0000e+00
6.0692e+01	 1.6611e+00	 2.7520e-01	 1.0006e+00	 2.7852e-01	 1.0000e+00
6.0712e+01	 1.6615e+00	 2.7551e-01	 1.0005e+00	 2.7884e-01	 1.0000e+00
6.0732e+01	 1.6615e+00	 2.7583e-01	 1.0004e+00	 2.7916e-01	 1.0000e+00
6.0752e+01	 1.6619e+00	 2.7614e-01	 1.0004e+00	 2.7948e-01	 1.0000e+00
6.0772e+01	 1.6619e+00	 2.7646e-01	 1.0003e+00	 2.7980e-01	 1.0000e+00
6.0792e+01	 1.6621e+00	 2.7677e-01	 1.0003e+00	 2.8012e-01	 1.0000e+00
6.0812e+01	 1.6622e+00	 2.7709e-01	 1.0002e+00	 2.8043e-01	 1.0000e+00
6.0832e+01	 1.6622e+00	 2.7740e-01	 1.0001e+00	 2.8075e-01	 1.0000e+00
6.0852e+01	 1.6624e+00	 2.7772e-01	 1.0001e+00	 2.8108e-01	 1.0000e+00
6.0871e+01	 1.6622e+00	 2.7804e-01	 1.0000e+00	 2.8140e-01	 1.0000e+00
6.0891e+01	 1.6624e+00	 2.7835e-01	 1.0000e+00	 2.8171e-01	 1.0000e+00
6.0911e+01	 1.6622e+00	 2.7867e-01	 9.9996e-01	 2.8204e-01	 1.0000e+00
6.0930e+01	 1.6622e+00	 2.7899e-01	 9.9993e-01	 2.8236e-01	 1.0000e+00
6.0950e+01	 1.6622e+00	 2.7931e-01	 9.9989e-01	 2.8268e-01	 1.0000e+00
6.0969e+01	 1.6620e+00	 2.7963e-01	 9.9987e-01	 2.8300e-01	 1.0000e+00
6.0989e+01	 1.6621e+00	 2.7994e-01	 9.9984e-01	 2.8332e-01	 1.0000e+00
6.1008e+01	 1.6619e+00	 2.8026e-01	 9.9982e-01	 2.8365e-01	 1.0000e+00
6.1028e+01	 1.6621e+00	 2.8058e-01	 9.9981e-01	 2.8397e-01	 1.0000e+00
6.1047e+01	 1.6619e+00	 2.8090e-01	 9.9978e-01	 2.8429e-01	 1.0000e+00
6.1066e+01	 1.6621e+00	 2.8122e-01	 9.9977e-01	 2.8462e-01	 1.0000e+00
6.1085e+01	 1.6621e+00	 2.8154e-01	 9.9974e-01	 2.8494e-01	 1.0000e+00
6.1105e+01	 1.6621e+00	 2.8186e-01	 9.9974e-01	 2.8527e-01	 1.0000e+00
6.1124e+01	 1.6623e+00	 2.8218e-01	 9.9972e-01	 2.8559e-01	 1.0000e+00
6.1143e+01	 1.6622e+00	 2.8250e-01	 9.9971e-01	 2.8591e-01	 1.0000e+00
6.1162e+01	 1.6626e+00	 2.8282e-01	 9.9970e-01	 2.8624e-01	 1.0000e+00
6.1181e+01	 1.6627e+00	 2.8315e-01	 9.9969e-01	 2.8657e-01	 1.0000e+00
6.1200e+01	 1.6630e+00	 2.8347e-01	 9.9970e-01	 2.8689e-01	 1.0000e+00
6.1219e+01	 1.6632e+00	 2.8379e-01	 9.9969e-01	 2.8722e-01	 1.0000e+00
6.1238e+01	 1.6634e+00	 2.8411e-01	 9.9971e-01	 2.8754e-01	 1.0000e+00
6.1256e+01	 1.6638e+00	 2.8443e-01	 9.9972e-01	 2.8787e-01	 1.0000e+00
6.1275e+01	 1.6640e+00	 2.8476e-01	 9.9974e-01	 2.8820e-01	 1.0000e+00
6.1294e+01	 1.6645e+00	 2.8508e-01	 9.9977e-01	 2.8852e-01	 1.0000e+00
6.1312e+01	 1.6646e+00	 2.8541e-01	 9.9979e-01	 2.8885e-01	 1.0000e+00
6.1331e+01	 1.6651e+00	 2.8573e-01	 9.9983e-01	 2.8918e-01	 1.0000e+00
6.1349e+01	 1.6653e+00	 2.8605e-01	 9.9986e-01	 2.8951e-01	 1.0000e+00
6.1368e+01	 1.6656e+00	 2.8638e-01	 9.9991e-01	 2.8984e-01	 1.0000e+00
6.1386e+01	 1.6659e+00	 2.8670e-01	 9.9994e-01	 2.9016e-01	 1.0000e+00
6.1405e+01	 1.6660e+00	 2.8703e-01	 9.9999e-01	 2.9049e-01	 1.0000e+00
6.1423e+01	 1.6664e+00	 2.8735e-01	 1.0001e+00	 2.9082e-01	 1.0001e+00
6.1441e+01	 1.6664e+00	 2.8768e-01	 1.0001e+00	 2.9115e-01	 1.0001e+00
6.1460e+01	 1.6667e+00	 2.8800e-01	 1.0002e+00	 2.9148e-01	 1.0001e+00
6.1478e+01	 1.6667e+00	 2.8833e-01	 1.0002e+00	 2.9181e-01	 1.0001e+00
6.1496e+01	 1.6667e+00	 2.8866e-01	 1.0003e+00	 2.9214e-01	 1.0002e+00
6.1514e+01	 1.6668e+00	 2.8898e-01	 1.0004e+00	 2.9247e-01	 1.0002e+00
6.1532e+01	 1.6666e+00	 2.8931e-01	 1.0004e+00	 2.9280e-01	 1.0002e+00
6.1550e+01	 1.6668e+00	 2.8964e-01	 1.0005e+00	 2.9313e-01	 1.0003e+00
6.1568e+01	 1.6666e+00	 2.8996e-01	 1.0006e+00	 2.9346e-01	 1.0003e+00
6.1586e+01	 1.6667e+00	 2.9029e-01	 1.0006e+00	 2.9380e-01	 1.0004e+00
6.1604e+01	 1.6666e+00	 2.9062e-01	 1.0007e+00	 2.9413e-01	 1.0004e+00
6.1621e+01	 1.6665e+00	 2.9095e-01	 1.0007e+00	 2.9446e-01	 1.0004e+00
6.1639e+01	 1.6665e+00	 2.9128e-01	 1.0007e+00	 2.9479e-01	 1.0005e+00
6.1657e+01	 1.6664e+00	 2.9161e-01	 1.0007e+00	 2.9513e-01	 1.0005e+00
6.1674e+01	 1.6666e+00	 2.9194e-01	 1.0008e+00	 2.9546e-01	 1.0005e+00
6.1692e+01	 1.6664e+00	 2.9227e-01	 1.0007e+00	 2.9579e-01	 1.0005e+00
6.1709e+01	 1.6667e+00	 2.9260e-01	 1.0007e+00	 2.9613e-01	 1.0005e+00
6.1727e+01	 1.6667e+00	 2.9293e-01	 1.0007e+00	 2.9646e-01	 1.0005e+00
6.1744e+01	 1.6669e+00	 2.9326e-01	 1.0007e+00	 2.9680e-01	 1.0005e+00
6.1762e+01	 1.6672e+00	 2.9359e-01	 1.0007e+00	 2.9713e-01	 1.0005e+00
6.1779e+01	 1.6674e+00	 2.9392e-01	 1.0006e+00	 2.9747e-01	 1.0005e+00
6.1796e+01	 1.6679e+00	 2.9425e-01	 1.0006e+00	 2.9780e-01	 1.0005e+00
6.1813e+01	 1.6681e+00	 2.9458e-01	 1.0005e+00	 2.9814e-01	 1.0005e+00
6.1831e+01	 1.6686e+00	 2.9492e-01	 1.0005e+00	 2.9848e-01	 1.0005e+00
6.1848e+01	 1.6689e+00	 2.9525e-01	 1.0004e+00	 2.9881e-01	 1.0005e+00
6.1865e+01	 1.6693e+00	 2.9558e-01	 1.0003e+00	 2.9915e-01	 1.0005e+00
6.1882e+01	 1.6698e+00	 2.9591e-01	 1.0002e+00	 2.9949e-01	 1.0004e+00
6.1899e+01	 1.6701e+00	 2.9625e-01	 1.0002e+00	 2.9983e-01	 1.0004e+00
6.1916e+01	 1.6707e+00	 2.9658e-01	 1.0001e+00	 3.0016e-01	 1.0004e+00
6.1932e+01	 1.6709e+00	 2.9691e-01	 9.9998e-01	 3.0050e-01	 1.0004e+00
6.1949e+01	 1.6715e+00	 2.9725e-01	 9.9990e-01	 3.0084e-01	 1.0004e+00
6.1966e+01	 1.6718e+00	 2.9758e-01	 9.9981e-01	 3.0118e-01	 1.0003e+00
6.1983e+01	 1.6722e+00	 2.9792e-01	 9.9976e-01	 3.0152e-01	 1.0003e+00
6.1999e+01	 1.6726e+00	 2.9825e-01	 9.9969e-01	 3.0186e-01	 1.0003e+00
6.2016e+01	 1.6729e+00	 2.9859e-01	 9.9965e-01	 3.0220e-01	 1.0003e+00
6.2032e+01	 1.6734e+00	 2.9892e-01	 9.9961e-01	 3.0254e-01	 1.0003e+00
6.2049e+01	 1.6735e+00	 2.9926e-01	 9.9959e-01	 3.0288e-01	 1.0003e+00
6.2065e+01	 1.6740e+00	 2.9960e-01	 9.9958e-01	 3.0322e-01	 1.0003e+00
6.2081e+01	 1.6741e+00	 2.9993e-01	 9.9956e-01	 3.0356e-01	 1.0003e+00
6.2098e+01	 1.6744e+00	 3.0027e-01	 9.9956e-01	 3.0390e-01	 1.0003e+00
6.2114e+01	 1.6747e+00	 3.0061e-01	 9.9956e-01	 3.0424e-01	 1.0003e+00
6.2130e+01	 1.6748e+00	 3.0094e-01	 9.9957e-01	 3.0458e-01	 1.0003e+00
6.2146e+01	 1.6753e+00	 3.0128e-01	 9.9957e-01	 3.0493e-01	 1.0003e+00
6.2162e+01	 1.6754e+00	 3.0162e-01	 9.9957e-01	 3.0527e-01	 1.0003e+00
6.2178e+01	 1.6758e+00	 3.0196e-01	 9.9959e-01	 3.0561e-01	 1.0003e+00
6.2194e+01	 1.6760e+00	 3.0230e-01	 9.9958e-01	 3.0595e-01	 1.0003e+00
6.2210e+01	 1.6763e+00	 3.0264e-01	 9.9960e-01	 3.0630e-01	 1.0003e+00
6.2226e+01	 1.6766e+00	 3.0298e-01	 9.9959e-01	 3.0664e-01	 1.0003e+00
6.2242e+01	 1.6769e+00	 3.0332e-01	 9.9960e-01	 3.0698e-01	 1.0003e+00
6.2258e+01	 1.6773e+00	 3.0366e-01	 9.9960e-01	 3.0733e-01	 1.0003e+00
6.2274e+01	 1.6775e+00	 3.0400e-01	 9.9961e-01	 3.0767e-01	 1.0003e+00
6.2289e+01	 1.6779e+00	 3.0434e-01	 9.9962e-01	 3.0802e-01	 1.0002e+00
6.2305e+01	 1.6781e+00	 3.0468e-01	 9.9962e-01	 3.0836e-01	 1.0002e+00
6.2320e+01	 1.6784e+00	 3.0502e-01	 9.9963e-01	 3.0871e-01	 1.0002e+00
6.2336e+01	 1.6787e+00	 3.0536e-01	 9.9962e-01	 3.0905e-01	 1.0002e+00
6.2351e+01	 1.6789e+00	 3.0571e-01	 9.9963e-01	 3.0940e-01	 1.0002e+00
6.2367e+01	 1.6792e+00	 3.0605e-01	 9.9962e-01	 3.0975e-01	 1.0002e+00
6.2382e+01	 1.6793e+00	 3.0639e-01	 9.9961e-01	 3.1009e-01	 1.0001e+00
6.2398e+01	 1.6797e+00	 3.0673e-01	 9.9960e-01	 3.1044e-01	 1.0001e+00
6.2413e+01	 1.6798e+00	 3.0708e-01	 9.9958e-01	 3.1079e-01	 1.0001e+00
6.2428e+01	 1.6801e+00	 3.0742e-01	 9.9957e-01	 3.1114e-01	 1.0001e+00
6.2443e+01	 1.6803e+00	 3.0776e-01	 9.9954e-01	 3.1148e-01	 1.0000e+00
6.2458e+01	 1.6805e+00	 3.0811e-01	 9.9954e-01	 3.1183e-01	 1.0000e+00
6.2473e+01	 1.6808e+00	 3.0845e-01	 9.9953e-01	 3.1218e-01	 9.9998e-01
6.2488e+01	 1.6809e+00	 3.0880e-01	 9.9952e-01	 3.1253e-01	 9.9996e-01
6.2503e+01	 1.6812e+00	 3.0914e-01	 9.9953e-01	 3.1288e-01	 9.9994e-01
6.2518e+01	 1.6812e+00	 3.0949e-01	 9.9953e-01	 3.1323e-01	 9.9993e-01
6.2533e+01	 1.6814e+00	 3.0983e-01	 9.9954e-01	 3.1358e-01	 9.9992e-01
6.2548e+01	 1.6814e+00	 3.1018e-01	 9.9955e-01	 3.1393e-01	 9.9990e-01
6.2562e+01	 1.6815e+00	 3.1053e-01	 9.9957e-01	 3.1428e-01	 9.9990e-01
6.2577e+01	 1.6816e+00	 3.1087e-01	 9.9959e-01	 3.1463e-01	 9.9989e-01
6.2592e+01	 1.6815e+00	 3.1122e-01	 9.9961e-01	 3.1498e-01	 9.9990e-01
6.2606e+01	 1.6817e+00	 3.1157e-01	 9.9964e-01	 3.1533e-01	 9.9990e-01
6.2621e+01	 1.6815e+00	 3.1191e-01	 9.9966e-01	 3.1569e-01	 9.9990e-01
6.2635e+01	 1.6815e+00	 3.1226e-01	 9.9970e-01	 3.1604e-01	 9.9991e-01
6.2649e+01	 1.6814e+00	 3.1261e-01	 9.9973e-01	 3.1639e-01	 9.9991e-01
6.2664e+01	 1.6813e+00	 3.1296e-01	 9.9978e-01	 3.1675e-01	 9.9992e-01
6.2678e+01	 1.6813e+00	 3.1331e-01	 9.9981e-01	 3.1710e-01	 9.9992e-01
6.2692e+01	 1.6811e+00	 3.1366e-01	 9.9986e-01	 3.1745e-01	 9.9993e-01
6.2706e+01	 1.6811e+00	 3.1401e-01	 9.9990e-01	 3.1781e-01	 9.9994e-01
6.2721e+01	 1.6809e+00	 3.1436e-01	 9.9994e-01	 3.1816e-01	 9.9995e-01
6.2735e+01	 1.6808e+00	 3.1471e-01	 9.9998e-01	 3.1852e-01	 9.9997e-01
6.2749e+01	 1.6806e+00	 3.1506e-01	 1.0000e+00	 3.1887e-01	 9.9998e-01
6.2763e+01	 1.6806e+00	 3.1541e-01	 1.0000e+00	 3.1923e-01	 9.9999e-01
6.2776e+01	 1.6805e+00	 3.1576e-01	 1.0001e+00	 3.1958e-01	 1.0000e+00
6.2790e+01	 1.6804e+00	 3.1612e-01	 1.0001e+00	 3.1994e-01	 1.0000e+00
6.2804e+01	 1.6804e+00	 3.1647e-01	 1.0001e+00	 3.2030e-01	 1.0000e+00
6.2818e+01	 1.6802e+00	 3.1682e-01	 1.0001e+00	 3.2065e-01	 1.0000e+00
6.2832e+01	 1.6803e+00	 3.1717e-01	 1.0001e+00	 3.2101e-01	 1.0001e+00
6.2845e+01	 1.6801e+00	 3.1753e-01	 1.0001e+00	 3.2137e-01	 1.0001e+00
6.2859e+01	 1.6801e+00	 3.1788e-01	 1.0001e+00	 3.2173e-01	 1.0001e+00
6.2872e+01	 1.6802e+00	 3.1823e-01	 1.0001e+00	 3.2209e-01	 1.0001e+00
6.2886e+01	 1.6800e+00	 3.1859e-01	 1.0001e+00	 3.2244e-01	 1.0001e+00
6.2899e+01	 1.6801e+00	 3.1894e-01	 1.0001e+00	 3.2280e-01	 1.0001e+00
6.2913e+01	 1.6799e+00	 3.1929e-01	 1.0001e+00	 3.2316e-01	 1.0001e+00
6.2926e+01	 1.6799e+00	 3.1965e-01	 1.0001e+00	 3.2352e-01	 1.0001e+00
6.2939e+01	 1.6797e+00	 3.2000e-01	 1.0001e+00	 3.2388e-01	 1.0001e+00
6.2952e+01	 1.6796e+00	 3.2036e-01	 1.0001e+00	 3.2424e-01	 1.0002e+00
6.2965e+01	 1.6795e+00	 3.2072e-01	 1.0001e+00	 3.2460e-01	 1.0002e+00
6.2979e+01	 1.6793e+00	 3.2107e-01	 1.0001e+00	 3.2496e-01	 1.0002e+00
6.2992e+01	 1.6792e+00	 3.2143e-01	 1.0001e+00	 3.2532e-01	 1.0002e+00
6.3005e+01	 1.6789e+00	 3.2178e-01	 1.0001e+00	 3.2568e-01	 1.0002e+00
6.3018e+01	 1.6789e+00	 3.2214e-01	 1.0001e+00	 3.2605e-01	 1.0002e+00
6.3030e+01	 1.6786e+00	 3.2250e-01	 1.0000e+00	 3.2641e-01	 1.0002e+00
6.3043e+01	 1.6786e+00	 3.2286e-01	 1.0001e+00	 3.2677e-01	 1.0003e+00
6.3056e+01	 1.6785e+00	 3.2321e-01	 1.0001e+00	 3.2713e-01	 1.0003e+00
6.3069e+01	 1.6784e+00	 3.2357e-01	 1.0001e+00	 3.2749e-01	 1.0003e+00
6.3081e+01	 1.6784e+00	 3.2393e-01	 1.0001e+00	 3.2786e-01	 1.0003e+00
6.3094e+01	 1.6783e+00	 3.2429e-01	 1.0001e+00	 3.2822e-01	 1.0003e+00
6.3106e+01	 1.6784e+00	 3.2465e-01	 1.0001e+00	 3.2859e-01	 1.0003e+00
6.3119e+01	 1.6784e+00	 3.2501e-01	 1.0001e+00	 3.2895e-01	 1.0002e+00
6.3131e+01	 1.6785e+00	 3.2537e-01	 1.0001e+00	 3.2932e-01	 1.0002e+00
6.3144e+01	 1.6786e+00	 3.2573e-01	 1.0001e+00	 3.2968e-01	 1.0002e+00
6.3156e+01	 1.6786e+00	 3.2609e-01	 1.0001e+00	 3.3005e-01	 1.0002e+00
6.3168e+01	 1.6788e+00	 3.2645e-01	 1.0001e+00	 3.3041e-01	 1.0002e+00
6.3181e+01	 1.6788e+00	 3.2681e-01	 1.0001e+00	 3.3078e-01	 1.0002e+00
6.3193e+01	 1.6790e+00	 3.2717e-01	 1.0002e+00	 3.3115e-01	 1.0002e+00
6.3205e+01	 1.6791e+00	 3.2754e-01	 1.0002e+00	 3.3151e-01	 1.0002e+00
6.3217e+01	 1.6794e+00	 3.2790e-01	 1.0002e+00	 3.3188e-01	 1.0002e+00
6.3229e+01	 1.6797e+00	 3.2826e-01	 1.0002e+00	 3.3225e-01	 1.0002e+00
6.3241e+01	 1.6800e+00	 3.2863e-01	 1.0003e+00	 3.3261e-01	 1.0002e+00
6.3253e+01	 1.6804e+00	 3.2899e-01	 1.0003e+00	 3.3298e-01	 1.0002e+00
6.3264e+01	 1.6807e+00	 3.2935e-01	 1.0003e+00	 3.3335e-01	 1.0002e+00
6.3276e+01	 1.6814e+00	 3.2972e-01	 1.0004e+00	 3.3372e-01	 1.0002e+00
6.3288e+01	 1.6818e+00	 3.3008e-01	 1.0004e+00	 3.3409e-01	 1.0002e+00
6.3300e+01	 1.6826e+00	 3.3044e-01	 1.0005e+00	 3.3446e-01	 1.0002e+00
6.3311e+01	 1.6832e+00	 3.3081e-01	 1.0005e+00	 3.3482e-01	 1.0002e+00
6.3323e+01	 1.6839e+00	 3.3118e-01	 1.0006e+00	 3.3520e-01	 1.0002e+00
6.3334e+01	 1.6847e+00	 3.3154e-01	 1.0007e+00	 3.3557e-01	 1.0002e+00
6.3346e+01	 1.6853e+00	 3.3191e-01	 1.0007e+00	 3.3593e-01	 1.0002e+00
6.3357e+01	 1.6861e+00	 3.3227e-01	 1.0008e+00	 3.3631e-01	 1.0002e+00
6.3368e+01	 1.6867e+00	 3.3264e-01	 1.0008e+00	 3.3668e-01	 1.0002e+00
6.3379e+01	 1.6875e+00	 3.3301e-01	 1.0009e+00	 3.3705e-01	 1.0002e+00
6.3391e+01	 1.6881e+00	 3.3337e-01	 1.0010e+00	 3.3742e-01	 1.0002e+00
6.3402e+01	 1.6887e+00	 3.3374e-01	 1.0010e+00	 3.3779e-01	 1.0002e+00
6.3413e+01	 1.6893e+00	 3.3411e-01	 1.0011e+00	 3.3817e-01	 1.0001e+00
6.3424e+01	 1.6897e+00	 3.3448e-01	 1.0011e+00	 3.3854e-01	 1.0001e+00
6.3435e+01	 1.6902e+00	 3.3485e-01	 1.0011e+00	 3.3891e-01	 1.0001e+00
6.3446e+01	 1.6905e+00	 3.3522e-01	 1.0011e+00	 3.3929e-01	 1.0001e+00
6.3457e+01	 1.6909e+00	 3.3559e-01	 1.0011e+00	 3.3966e-01	 1.0001e+00
6.3467e+01	 1.6911e+00	 3.3596e-01	 1.0011e+00	 3.4003e-01	 1.0001e+00
6.3478e+01	 1.6913e+00	 3.3633e-01	 1.0011e+00	 3.4041e-01	 1.0001e+00
6.3489e+01	 1.6915e+00	 3.3670e-01	 1.0011e+00	 3.4079e-01	 1.0001e+00
6.3499e+01	 1.6916e+00	 3.3707e-01	 1.0011e+00	 3.4116e-01	 1.0001e+00
6.3510e+01	 1.6920e+00	 3.3744e-01	 1.0011e+00	 3.4154e-01	 1.0001e+00
6.3521e+01	 1.6921e+00	 3.3781e-01	 1.0011e+00	 3.4191e-01	 1.0001e+00
6.3531e+01	 1.6924e+00	 3.3818e-01	 1.0011e+00	 3.4229e-01	 1.0001e+00
6.3541e+01	 1.6926e+00	 3.3855e-01	 1.0011e+00	 3.4267e-01	 1.0001e+00
6.3552e+01	 1.6928e+00	 3.3893e-01	 1.0011e+00	 3.4304e-01	 1.0001e+00
6.3562e+01	 1.6931e+00	 3.3930e-01	 1.0010e+00	 3.4342e-01	 1.0001e+00
6.3572e+01	 1.6931e+00	 3.3968e-01	 1.0010e+00	 3.4380e-01	 1.0001e+00
6.3583e+01	 1.6933e+00	 3.4005e-01	 1.0010e+00	 3.4418e-01	 1.0001e+00
6.3593e+01	 1.6933e+00	 3.4042e-01	 1.0009e+00	 3.4456e-01	 1.0001e+00
6.3603e+01	 1.6934e+00	 3.4080e-01	 1.0009e+00	 3.4494e-01	 1.0001e+00
6.3613e+01	 1.6934e+00	 3.4117e-01	 1.0009e+00	 3.4531e-01	 1.0001e+00
6.3623e+01	 1.6933e+00	 3.4155e-01	 1.0008e+00	 3.4569e-01	 1.0001e+00
6.3633e+01	 1.6933e+00	 3.4192e-01	 1.0008e+00	 3.4607e-01	 1.0001e+00
6.3643e+01	 1.6930e+00	 3.4230e-01	 1.0008e+00	 3.4645e-01	 1.0001e+00
6.3653e+01	 1.6929e+00	 3.4267e-01	 1.0007e+00	 3.4684e-01	 1.0001e+00
6.3662e+01	 1.6926e+00	 3.4305e-01	 1.0007e+00	 3.4722e-01	 1.0001e+00
6.3672e+01	 1.6925e+00	 3.4343e-01	 1.0007e+00	 3.4760e-01	 1.0001e+00
6.3681e+01	 1.6922e+00	 3.4380e-01	 1.0006e+00	 3.4798e-01	 1.0001e+00
6.3691e+01	 1.6919e+00	 3.4418e-01	 1.0006e+00	 3.4836e-01	 1.0001e+00
6.3701e+01	 1.6916e+00	 3.4456e-01	 1.0005e+00	 3.4874e-01	 1.0001e+00
6.3710e+01	 1.6913e+00	 3.4494e-01	 1.0005e+00	 3.4913e-01	 1.0001e+00
6.3719e+01	 1.6910e+00	 3.4532e-01	 1.0004e+00	 3.4951e-01	 1.0001e+00
6.3729e+01	 1.6905e+00	 3.4570e-01	 1.0004e+00	 3.4989e-01	 1.0001e+00
6.3738e+01	 1.6902e+00	 3.4608e-01	 1.0004e+00	 3.5028e-01	 1.0001e+00
6.3747e+01	 1.6897e+00	 3.4646e-01	 1.0003e+00	 3.5066e-01	 1.0001e+00
6.3757e+01	 1.6893e+00	 3.4684e-01	 1.0003e+00	 3.5104e-01	 1.0001e+00
6.3766e+01	 1.6888e+00	 3.4722e-01	 1.0003e+00	 3.5143e-01	 1.0001e+00
6.3775e+01	 1.6883e+00	 3.4760e-01	 1.0003e+00	 3.5181e-01	 1.0001e+00
6.3784e+01	 1.6878e+00	 3.4798e-01	 1.0002e+00	 3.5220e-01	 1.0001e+00
6.3793e+01	 1.6872e+00	 3.4836e-01	 1.0002e+00	 3.5258e-01	 1.0001e+00
6.3801e+01	 1.6869e+00	 3.4874e-01	 1.0002e+00	 3.5297e-01	 1.0001e+00
6.3810e+01	 1.6864e+00	 3.4912e-01	 1.0002e+00	 3.5336e-01	 1.0001e+00
6.3819e+01	 1.6861e+00	 3.4950e-01	 1.0003e+00	 3.5374e-01	 1.0002e+00
6.3828e+01	 1.6859e+00	 3.4989e-01	 1.0003e+00	 3.5413e-01	 1.0002e+00
6.3837e+01	 1.6857e+00	 3.5027e-01	 1.0003e+00	 3.5452e-01	 1.0002e+00
6.3845e+01	 1.6858e+00	 3.5065e-01	 1.0003e+00	 3.5491e-01	 1.0002e+00
6.3854e+01	 1.6859e+00	 3.5104e-01	 1.0003e+00	 3.5530e-01	 1.0002e+00
6.3862e+01	 1.6862e+00	 3.5142e-01	 1.0004e+00	 3.5568e-01	 1.0002e+00
6.3871e+01	 1.6864e+00	 3.5180e-01	 1.0004e+00	 3.5607e-01	 1.0002e+00
6.3879e+01	 1.6869e+00	 3.5219e-01	 1.0004e+00	 3.5646e-01	 1.0002e+00
6.3887e+01	 1.6873e+00	 3.5257e-01	 1.0004e+00	 3.5685e-01	 1.0002e+00
6.3896e+01	 1.6877e+00	 3.5296e-01	 1.0004e+00	 3.5724e-01	 1.0002e+00
6.3904e+01	 1.6882e+00	 3.5334e-01	 1.0005e+00	 3.5763e-01	 1.0002e+00
6.3912e+01	 1.6886e+00	 3.5373e-01	 1.0005e+00	 3.5802e-01	 1.0001e+00
6.3920e+01	 1.6891e+00	 3.5412e-01	 1.0005e+00	 3.5841e-01	 1.0001e+00
6.3928e+01	 1.6895e+00	 3.5450e-01	 1.0005e+00	 3.5881e-01	 1.0001e+00
6.3936e+01	 1.6899e+00	 3.5489e-01	 1.0005e+00	 3.5920e-01	 1.0001e+00
6.3944e+01	 1.6902e+00	 3.5528e-01	 1.0005e+00	 3.5959e-01	 1.0001e+00
6.3952e+01	 1.6905e+00	 3.5566e-01	 1.0005e+00	 3.5998e-01	 1.0001e+00
6.3960e+01	 1.6908e+00	 3.5605e-01	 1.0005e+00	 3.6038e-01	 1.0001e+00
6.3967e+01	 1.6910e+00	 3.5644e-01	 1.0005e+00	 3.6077e-01	 1.0001e+00
6.3975e+01	 1.6912e+00	 3.5683e-01	 1.0005e+00	 3.6116e-01	 1.0000e+00
6.3983e+01	 1.6913e+00	 3.5722e-01	 1.0005e+00	 3.6156e-01	 1.0000e+00
6.3990e+01	 1.6914e+00	 3.5761e-01	 1.0005e+00	 3.6195e-01	 1.0000e+00
6.3998e+01	 1.6914e+00	 3.5800e-01	 1.0004e+00	 3.6234e-01	 9.9997e-01
6.4005e+01	 1.6913e+00	 3.5839e-01	 1.0005e+00	 3.6274e-01	 9.9996e-01
6.4013e+01	 1.6913e+00	 3.5878e-01	 1.0004e+00	 3.6314e-01	 9.9994e-01
6.4020e+01	 1.6911e+00	 3.5917e-01	 1.0004e+00	 3.6353e-01	 9.9992e-01
6.4027e+01	 1.6911e+00	 3.5956e-01	 1.0004e+00	 3.6393e-01	 9.9990e-01
6.4034e+01	 1.6909e+00	 3.5995e-01	 1.0004e+00	 3.6433e-01	 9.9989e-01
6.4042e+01	 1.6908e+00	 3.6034e-01	 1.0004e+00	 3.6472e-01	 9.9988e-01
6.4049e+01	 1.6905e+00	 3.6074e-01	 1.0004e+00	 3.6512e-01	 9.9986e-01
6.4056e+01	 1.6904e+00	 3.6113e-01	 1.0004e+00	 3.6552e-01	 9.9986e-01
6.4063e+01	 1.6902e+00	 3.6152e-01	 1.0004e+00	 3.6592e-01	 9.9985e-01
6.4070e+01	 1.6900e+00	 3.6192e-01	 1.0004e+00	 3.6631e-01	 9.9985e-01
6.4076e+01	 1.6899e+00	 3.6231e-01	 1.0005e+00	 3.6671e-01	 9.9985e-01
6.4083e+01	 1.6897e+00	 3.6270e-01	 1.0005e+00	 3.6711e-01	 9.9985e-01
6.4090e+01	 1.6897e+00	 3.6310e-01	 1.0005e+00	 3.6751e-01	 9.9986e-01
6.4097e+01	 1.6896e+00	 3.6349e-01	 1.0005e+00	 3.6791e-01	 9.9987e-01
6.4103e+01	 1.6896e+00	 3.6389e-01	 1.0005e+00	 3.6831e-01	 9.9989e-01
6.4110e+01	 1.6898e+00	 3.6428e-01	 1.0006e+00	 3.6872e-01	 9.9990e-01
6.4117e+01	 1.6899e+00	 3.6468e-01	 1.0006e+00	 3.6912e-01	 9.9993e-01
6.4123e+01	 1.6902e+00	 3.6508e-01	 1.0006e+00	 3.6952e-01	 9.9995e-01
6.4129e+01	 1.6904e+00	 3.6547e-01	 1.0007e+00	 3.6992e-01	 9.9997e-01
6.4136e+01	 1.6909e+00	 3.6587e-01	 1.0007e+00	 3.7032e-01	 1.0000e+00
6.4142e+01	 1.6912e+00	 3.6627e-01	 1.0007e+00	 3.7072e-01	 1.0000e+00
6.4148e+01	 1.6917e+00	 3.6667e-01	 1.0008e+00	 3.7113e-01	 1.0001e+00
6.4154e+01	 1.6923e+00	 3.6706e-01	 1.0008e+00	 3.7153e-01	 1.0001e+00
6.4161e+01	 1.6929e+00	 3.6746e-01	 1.0008e+00	 3.7193e-01	 1.0001e+00
6.4167e+01	 1.6937e+00	 3.6786e-01	 1.0009e+00	 3.7234e-01	 1.0001e+00
6.4173e+01	 1.6944e+00	 3.6826e-01	 1.0009e+00	 3.7274e-01	 1.0001e+00
6.4179e+01	 1.6952e+00	 3.6866e-01	 1.0009e+00	 3.7315e-01	 1.0002e+00
6.4185e+01	 1.6959e+00	 3.6906e-01	 1.0009e+00	 3.7355e-01	 1.0002e+00
6.4190e+01	 1.6966e+00	 3.6946e-01	 1.0009e+00	 3.7396e-01	 1.0002e+00
6.4196e+01	 1.6974e+00	 3.6986e-01	 1.0009e+00	 3.7437e-01	 1.0002e+00
6.4202e+01	 1.6980e+00	 3.7026e-01	 1.0009e+00	 3.7477e-01	 1.0002e+00
6.4208e+01	 1.6987e+00	 3.7066e-01	 1.0009e+00	 3.7518e-01	 1.0003e+00
6.4213e+01	 1.6992e+00	 3.7107e-01	 1.0008e+00	 3.7559e-01	 1.0003e+00
6.4219e+01	 1.6996e+00	 3.7147e-01	 1.0008e+00	 3.7599e-01	 1.0003e+00
6.4224e+01	 1.6999e+00	 3.7187e-01	 1.0007e+00	 3.7640e-01	 1.0003e+00
6.4230e+01	 1.7001e+00	 3.7227e-01	 1.0007e+00	 3.7681e-01	 1.0003e+00
6.4235e+01	 1.7001e+00	 3.7268e-01	 1.0006e+00	 3.7722e-01	 1.0003e+00
6.4240e+01	 1.7001e+00	 3.7308e-01	 1.0005e+00	 3.7762e-01	 1.0003e+00
6.4246e+01	 1.7000e+00	 3.7349e-01	 1.0004e+00	 3.7803e-01	 1.0003e+00
6.4251e+01	 1.6998e+00	 3.7389e-01	 1.0004e+00	 3.7844e-01	 1.0003e+00
6.4256e+01	 1.6995e+00	 3.7430e-01	 1.0003e+00	 3.7885e-01	 1.0003e+00
6.4261e+01	 1.6990e+00	 3.7470e-01	 1.0002e+00	 3.7926e-01	 1.0002e+00
6.4266e+01	 1.6986e+00	 3.7511e-01	 1.0002e+00	 3.7967e-01	 1.0002e+00
6.4271e+01	 1.6981e+00	 3.7551e-01	 1.0001e+00	 3.8009e-01	 1.0002e+00
6.4276e+01	 1.6977e+00	 3.7592e-01	 1.0000e+00	 3.8050e-01	 1.0002e+00
6.4281e+01	 1.6973e+00	 3.7633e-01	 9.9998e-01	 3.8091e-01	 1.0002e+00
6.4286e+01	 1.6969e+00	 3.7673e-01	 9.9994e-01	 3.8132e-01	 1.0002e+00
6.4290e+01	 1.6968e+00	 3.7714e-01	 9.9991e-01	 3.8174e-01	 1.0002e+00
6.4295e+01	 1.6966e+00	 3.7755e-01	 9.9987e-01	 3.8215e-01	 1.0002e+00
6.4300e+01	 1.6966e+00	 3.7796e-01	 9.9985e-01	 3.8256e-01	 1.0002e+00
6.4304e+01	 1.6967e+00	 3.7837e-01	 9.9982e-01	 3.8298e-01	 1.0001e+00
6.4309e+01	 1.6970e+00	 3.7878e-01	 9.9981e-01	 3.8339e-01	 1.0001e+00
6.4313e+01	 1.6974e+00	 3.7919e-01	 9.9979e-01	 3.8381e-01	 1.0001e+00
6.4318e+01	 1.6980e+00	 3.7960e-01	 9.9979e-01	 3.8422e-01	 1.0001e+00
6.4322e+01	 1.6987e+00	 3.8001e-01	 9.9979e-01	 3.8464e-01	 1.0001e+00
6.4326e+01	 1.6994e+00	 3.8042e-01	 9.9979e-01	 3.8505e-01	 1.0001e+00
6.4331e+01	 1.7002e+00	 3.8083e-01	 9.9982e-01	 3.8547e-01	 1.0001e+00
6.4335e+01	 1.7012e+00	 3.8124e-01	 9.9983e-01	 3.8588e-01	 1.0001e+00
6.4339e+01	 1.7021e+00	 3.8166e-01	 9.9986e-01	 3.8630e-01	 1.0001e+00
6.4343e+01	 1.7032e+00	 3.8207e-01	 9.9989e-01	 3.8672e-01	 1.0001e+00
6.4347e+01	 1.7042e+00	 3.8248e-01	 9.9994e-01	 3.8714e-01	 1.0001e+00
6.4351e+01	 1.7053e+00	 3.8289e-01	 9.9999e-01	 3.8755e-01	 1.0001e+00
6.4355e+01	 1.7064e+00	 3.8331e-01	 1.0000e+00	 3.8797e-01	 1.0001e+00
6.4358e+01	 1.7075e+00	 3.8372e-01	 1.0001e+00	 3.8839e-01	 1.0001e+00
6.4362e+01	 1.7086e+00	 3.8414e-01	 1.0002e+00	 3.8881e-01	 1.0001e+00
6.4366e+01	 1.7097e+00	 3.8455e-01	 1.0002e+00	 3.8923e-01	 1.0001e+00
6.4369e+01	 1.7108e+00	 3.8497e-01	 1.0003e+00	 3.8965e-01	 1.0001e+00
6.4373e+01	 1.7118e+00	 3.8538e-01	 1.0004e+00	 3.9007e-01	 1.0001e+00
6.4376e+01	 1.7128e+00	 3.8580e-01	 1.0005e+00	 3.9049e-01	 1.0001e+00
6.4380e+01	 1.7137e+00	 3.8621e-01	 1.0005e+00	 3.9091e-01	 1.0001e+00
6.4383e+01	 1.7146e+00	 3.8663e-01	 1.0006e+00	 3.9134e-01	 1.0001e+00
6.4386e+01	 1.7154e+00	 3.8704e-01	 1.0006e+00	 3.9176e-01	 1.0000e+00
6.4390e+01	 1.7162e+00	 3.8746e-01	 1.0007e+00	 3.9218e-01	 1.0000e+00
6.4393e+01	 1.7169e+00	 3.8788e-01	 1.0007e+00	 3.9260e-01	 1.0000e+00
6.4396e+01	 1.7175e+00	 3.8830e-01	 1.0008e+00	 3.9303e-01	 1.0000e+00
6.4399e+01	 1.7179e+00	 3.8872e-01	 1.0008e+00	 3.9345e-01	 1.0000e+00
6.4402e+01	 1.7181e+00	 3.8914e-01	 1.0008e+00	 3.9387e-01	 1.0000e+00
6.4405e+01	 1.7182e+00	 3.8955e-01	 1.0009e+00	 3.9430e-01	 1.0000e+00
6.4408e+01	 1.7180e+00	 3.8997e-01	 1.0009e+00	 3.9472e-01	 1.0000e+00
6.4411e+01	 1.7178e+00	 3.9039e-01	 1.0009e+00	 3.9515e-01	 1.0000e+00
6.4414e+01	 1.7173e+00	 3.9081e-01	 1.0009e+00	 3.9557e-01	 1.0000e+00
6.4416e+01	 1.7167e+00	 3.9123e-01	 1.0009e+00	 3.9600e-01	 1.0000e+00
6.4419e+01	 1.7160e+00	 3.9165e-01	 1.0008e+00	 3.9642e-01	 1.0000e+00
6.4422e+01	 1.7151e+00	 3.9208e-01	 1.0008e+00	 3.9685e-01	 1.0000e+00
6.4424e+01	 1.7142e+00	 3.9250e-01	 1.0008e+00	 3.9728e-01	 1.0000e+00
6.4427e+01	 1.7131e+00	 3.9292e-01	 1.0007e+00	 3.9770e-01	 1.0000e+00
6.4429e+01	 1.7121e+00	 3.9334e-01	 1.0007e+00	 3.9813e-01	 1.0000e+00
6.4431e+01	 1.7110e+00	 3.9377e-01	 1.0006e+00	 3.9856e-01	 1.0000e+00
6.4434e+01	 1.7099e+00	 3.9419e-01	 1.0005e+00	 3.9899e-01	 1.0001e+00
6.4436e+01	 1.7088e+00	 3.9461e-01	 1.0005e+00	 3.9942e-01	 1.0001e+00
6.4438e+01	 1.7077e+00	 3.9504e-01	 1.0004e+00	 3.9985e-01	 1.0001e+00
6.4440e+01	 1.7066e+00	 3.9546e-01	 1.0004e+00	 4.0028e-01	 1.0001e+00
6.4442e+01	 1.7056e+00	 3.9588e-01	 1.0003e+00	 4.0071e-01	 1.0001e+00
6.4444e+01	 1.7046e+00	 3.9631e-01	 1.0003e+00	 4.0114e-01	 1.0001e+00
6.4446e+01	 1.7037e+00	 3.9674e-01	 1.0002e+00	 4.0157e-01	 1.0000e+00
6.4448e+01	 1.7028e+00	 3.9716e-01	 1.0002e+00	 4.0200e-01	 1.0000e+00
6.4450e+01	 1.7019e+00	 3.9759e-01	 1.0001e+00	 4.0243e-01	 1.0000e+00
6.4452e+01	 1.7010e+00	 3.9801e-01	 1.0001e+00	 4.0286e-01	 1.0000e+00
6.4454e+01	 1.7002e+00	 3.9844e-01	 1.0000e+00	 4.0330e-01	 9.9998e-01
6.4455e+01	 1.6995e+00	 3.9887e-01	 9.9999e-01	 4.0373e-01	 9.9995e-01
6.4457e+01	 1.6988e+00	 3.9930e-01	 9.9996e-01	 4.0416e-01	 9.9993e-01
6.4458e+01	 1.6983e+00	 3.9972e-01	 9.9993e-01	 4.0459e-01	 9.9990e-01
6.4460e+01	 1.6978e+00	 4.0015e-01	 9.9991e-01	 4.0503e-01	 9.9988e-01
6.4461e+01	 1.6975e+00	 4.0058e-01	 9.9988e-01	 4.0546e-01	 9.9986e-01
6.4463e+01	 1.6973e+00	 4.0101e-01	 9.9987e-01	 4.0590e-01	 9.9983e-01
6.4464e+01	 1.6971e+00	 4.0144e-01	 9.9987e-01	 4.0633e-01	 9.9981e-01
6.4465e+01	 1.6971e+00	 4.0187e-01	 9.9986e-01	 4.0677e-01	 9.9979e-01
6.4466e+01	 1.6972e+00	 4.0230e-01	 9.9987e-01	 4.0720e-01	 9.9977e-01
6.4467e+01	 1.6974e+00	 4.0273e-01	 9.9988e-01	 4.0764e-01	 9.9975e-01
6.4468e+01	 1.6975e+00	 4.0316e-01	 9.9990e-01	 4.0808e-01	 9.9974e-01
6.4469e+01	 1.6977e+00	 4.0360e-01	 9.9992e-01	 4.0852e-01	 9.9973e-01
6.4470e+01	 1.6978e+00	 4.0403e-01	 9.9994e-01	 4.0895e-01	 9.9972e-01
6.4471e+01	 1.6979e+00	 4.0446e-01	 9.9998e-01	 4.0939e-01	 9.9972e-01
6.4472e+01	 1.6980e+00	 4.0490e-01	 1.0000e+00	 4.0983e-01	 9.9971e-01
nan	 nan	 4.0533e-01	 1.0000e+00	 4.1027e-01	 9.9971e-01
nan	 nan	 4.0576e-01	 1.0001e+00	 4.1071e-01	 9.9971e-01
nan	 nan	 4.0620e-01	 1.0001e+00	 4.1115e-01	 9.9972e-01
nan	 nan	 4.0663e-01	 1.0001e+00	 4.1159e-01	 9.9972e-01
nan	 nan	 4.0707e-01	 1.0001e+00	 4.1203e-01	 9.9974e-01
nan	 nan	 4.0750e-01	 1.0001e+00	 4.1247e-01	 9.9975e-01
nan	 nan	 4.0794e-01	 1.0001e+00	 4.1291e-01	 9.9977e-01
nan	 nan	 4.0837e-01	 1.0001e+00	 4.1335e-01	 9.9979e-01
nan	 nan	 4.0881e-01	 1.0001e+00	 4.1379e-01	 9.9981e-01
nan	 nan	 4.0925e-01	 1.0001e+00	 4.1424e-01	 9.9984e-01
nan	 nan	 4.0968e-01	 1.0002e+00	 4.1468e-01	 9.9986e-01
nan	 nan	 4.1012e-01	 1.0002e+00	 4.1512e-01	 9.9989e-01
nan	 nan	 4.1056e-01	 1.0002e+00	 4.1557e-01	 9.9992e-01
nan	 nan	 4.1100e-01	 1.0002e+00	 4.1601e-01	 9.9995e-01
nan	 nan	 4.1144e-01	 1.0002e+00	 4.1645e-01	 9.9999e-01
nan	 nan	 4.1187e-01	 1.0002e+00	 4.1690e-01	 1.0000e+00
nan	 nan	 4.1231e-01	 1.0003e+00	 4.1734e-01	 1.0001e+00
nan	 nan	 4.1275e-01	 1.0003e+00	 4.1779e-01	 1.0001e+00
nan	 nan	 4.1319e-01	 1.0003e+00	 4.1824e-01	 1.0001e+00
nan	 nan	 4.1364e-01	 1.0004e+00	 4.1868e-01	 1.0001e+00
nan	 nan	 4.1408e-01	 1.0004e+00	 4.1913e-01	 1.0002e+00
nan	 nan	 4.1452e-01	 1.0004e+00	 4.1958e-01	 1.0002e+00
nan	 nan	 4.1496e-01	 1.0004e+00	 4.2002e-01	 1.0002e+00
nan	 nan	 4.1540e-01	 1.0005e+00	 4.2047e-01	 1.0002e+00
nan	 nan	 4.1585e-01	 1.0005e+00	 4.2092e-01	 1.0003e+00
nan	 nan	 4.1629e-01	 1.0005e+00	 4.2137e-01	 1.0003e+00
nan	 nan	 4.1673e-01	 1.0005e+00	 4.2182e-01	 1.0003e+00
nan	 nan	 4.1718e-01	 1.0006e+00	 4.2227e-01	 1.0003e+00
nan	 nan	 4.1762e-01	 1.0006e+00	 4.2272e-01	 1.0003e+00
nan	 nan	 4.1807e-01	 1.0006e+00	 4.2317e-01	 1.0003e+00
nan	 nan	 4.1851e-01	 1.0006e+00	 4.2363e-01	 1.0004e+00
nan	 nan	 4.1896e-01	 1.0006e+00	 4.2408e-01	 1.0004e+00
nan	 nan	 4.1940e-01	 1.0006e+00	 4.2453e-01	 1.0004e+00
nan	 nan	 4.1985e-01	 1.0006e+00	 4.2498e-01	 1.0004e+00
nan	 nan	 4.2030e-01	 1.0007e+00	 4.2544e-01	 1.0004e+00
nan	 nan	 4.2074e-01	 1.0007e+00	 4.2589e-01	 1.0005e+00
nan	 nan	 4.2119e-01	 1.0007e+00	 4.2634e-01	 1.0005e+00
nan	 nan	 4.2164e-01	 1.0007e+00	 4.2680e-01	 1.0005e+00
nan	 nan	 4.2209e-01	 1.0007e+00	 4.2725e-01	 1.0005e+00
nan	 nan	 4.2254e-01	 1.0007e+00	 4.2771e-01	 1.0005e+00
nan	 nan	 4.2298e-01	 1.0007e+00	 4.2816e-01	 1.0005e+00
nan	 nan	 4.2344e-01	 1.0007e+00	 4.2862e-01	 1.0005e+00
nan	 nan	 4.2389e-01	 1.0007e+00	 4.2908e-01	 1.0005e+00
nan	 nan	 4.2434e-01	 1.0006e+00	 4.2953e-01	 1.0005e+00
nan	 nan	 4.2479e-01	 1.0006e+00	 4.2999e-01	 1.0005e+00
nan	 nan	 4.2524e-01	 1.0006e+00	 4.3045e-01	 1.0005e+00
nan	 nan	 4.2569e-01	 1.0006e+00	 4.3091e-01	 1.0005e+00
nan	 nan	 4.2614e-01	 1.0006e+00	 4.3137e-01	 1.0005e+00
nan	 nan	 4.2660e-01	 1.0006e+00	 4.3182e-01	 1.0005e+00
nan	 nan	 4.2705e-01	 1.0006e+00	 4.3228e-01	 1.0005e+00
nan	 nan	 4.2750e-01	 1.0005e+00	 4.3274e-01	 1.0005e+00
nan	 nan	 4.2796e-01	 1.0005e+00	 4.3320e-01	 1.0005e+00
nan	 nan	 4.2841e-01	 1.0005e+00	 4.3367e-01	 1.0004e+00
nan	 nan	 4.2887e-01	 1.0005e+00	 4.3413e-01	 1.0004e+00
nan	 nan	 4.2932e-01	 1.0005e+00	 4.3459e-01	 1.0004e+00
nan	 nan	 4.2978e-01	 1.0005e+00	 4.3505e-01	 1.0004e+00
nan	 nan	 4.3023e-01	 1.0005e+00	 4.3551e-01	 1.0004e+00
nan	 nan	 4.3069e-01	 1.0005e+00	 4.3597e-01	 1.0004e+00
nan	 nan	 4.3115e-01	 1.0005e+00	 4.3644e-01	 1.0004e+00
nan	 nan	 4.3161e-01	 1.0005e+00	 4.3690e-01	 1.0004e+00
nan	 nan	 4.3206e-01	 1.0005e+00	 4.3736e-01	 1.0004e+00
nan	 nan	 4.3252e-01	 1.0005e+00	 4.3783e-01	 1.0004e+00
nan	 nan	 4.3298e-01	 1.0005e+00	 4.3829e-01	 1.0004e+00
nan	 nan	 4.3344e-01	 1.0005e+00	 4.3876e-01	 1.0004e+00
nan	 nan	 4.3390e-01	 1.0005e+00	 4.3922e-01	 1.0003e+00
nan	 nan	 4.3436e-01	 1.0004e+00	 4.3969e-01	 1.0003e+00
nan	 nan	 4.3482e-01	 1.0004e+00	 4.4016e-01	 1.0003e+00
nan	 nan	 4.3528e-01	 1.0004e+00	 4.4062e-01	 1.0003e+00
nan	 nan	 4.3574e-01	 1.0004e+00	 4.4109e-01	 1.0003e+00
nan	 nan	 4.3620e-01	 1.0004e+00	 4.4156e-01	 1.0003e+00
nan	 nan	 4.3667e-01	 1.0004e+00	 4.4203e-01	 1.0003e+00
nan	 nan	 4.3713e-01	 1.0004e+00	 4.4249e-01	 1.0002e+00
nan	 nan	 4.3759e-01	 1.0004e+00	 4.4296e-01	 1.0002e+00
nan	 nan	 4.3806e-01	 1.0004e+00	 4.4343e-01	 1.0002e+00
nan	 nan	 4.3852e-01	 1.0004e+00	 4.4390e-01	 1.0002e+00
nan	 nan	 4.3898e-01	 1.0004e+00	 4.4437e-01	 1.0002e+00
nan	 nan	 4.3945e-01	 1.0004e+00	 4.4484e-01	 1.0002e+00
nan	 nan	 4.3991e-01	 1.0005e+00	 4.4531e-01	 1.0002e+00
nan	 nan	 4.4038e-01	 1.0005e+00	 4.4579e-01	 1.0002e+00
nan	 nan	 4.4084e-01	 1.0005e+00	 4.4626e-01	 1.0002e+00
nan	 nan	 4.4131e-01	 1.0005e+00	 4.4673e-01	 1.0002e+00
nan	 nan	 4.4178e-01	 1.0005e+00	 4.4720e-01	 1.0002e+00
nan	 nan	 4.4224e-01	 1.0005e+00	 4.4768e-01	 1.0002e+00
nan	 nan	 4.4271e-01	 1.0005e+00	 4.4815e-01	 1.0002e+00
nan	 nan	 4.4318e-01	 1.0006e+00	 4.4863e-01	 1.0002e+00
nan	 nan	 4.4365e-01	 1.0006e+00	 4.4910e-01	 1.0002e+00
nan	 nan	 4.4412e-01	 1.0006e+00	 4.4958e-01	 1.0002e+00
nan	 nan	 4.4459e-01	 1.0006e+00	 4.5005e-01	 1.0002e+00
nan	 nan	 4.4506e-01	 1.0006e+00	 4.5053e-01	 1.0002e+00
nan	 nan	 4.4553e-01	 1.0006e+00	 4.5100e-01	 1.0003e+00
nan	 nan	 4.4600e-01	 1.0006e+00	 4.5148e-01	 1.0003e+00
nan	 nan	 4.4647e-01	 1.0006e+00	 4.5196e-01	 1.0003e+00
nan	 nan	 4.4694e-01	 1.0006e+00	 4.5244e-01	 1.0003e+00
nan	 nan	 4.4741e-01	 1.0006e+00	 4.5291e-01	 1.0003e+00
nan	 nan	 4.4788e-01	 1.0006e+00	 4.5339e-01	 1.0003e+00
nan	 nan	 4.4836e-01	 1.0007e+00	 4.5387e-01	 1.0003e+00
nan	 nan	 4.4883e-01	 1.0007e+00	 4.5435e-01	 1.0003e+00
nan	 nan	 4.4931e-01	 1.0007e+00	 4.5483e-01	 1.0003e+00
nan	 nan	 4.4978e-01	 1.0007e+00	 4.5531e-01	 1.0003e+00
nan	 nan	 4.5025e-01	 1.0007e+00	 4.5579e-01	 1.0002e+00
nan	 nan	 4.5073e-01	 1.0007e+00	 4.5627e-01	 1.0002e+00
nan	 nan	 4.5120e-01	 1.0007e+00	 4.5675e-01	 1.0002e+00
nan	 nan	 4.5168e-01	 1.0007e+00	 4.5724e-01	 1.0002e+00
nan	 nan	 4.5215e-01	 1.0007e+00	 4.5772e-01	 1.0002e+00
nan	 nan	 4.5263e-01	 1.0007e+00	 4.5820e-01	 1.0001e+00
nan	 nan	 4.5311e-01	 1.0007e+00	 4.5868e-01	 1.0001e+00
nan	 nan	 4.5359e-01	 1.0007e+00	 4.5917e-01	 1.0001e+00
nan	 nan	 4.5406e-01	 1.0008e+00	 4.5965e-01	 1.0001e+00
nan	 nan	 4.5454e-01	 1.0008e+00	 4.6014e-01	 1.0001e+00
nan	 nan	 4.5502e-01	 1.0008e+00	 4.6062e-01	 1.0000e+00
nan	 nan	 4.5550e-01	 1.0008e+00	 4.6111e-01	 1.0000e+00
nan	 nan	 4.5598e-01	 1.0008e+00	 4.6159e-01	 1.0000e+00
nan	 nan	 4.5646e-01	 1.0008e+00	 4.6208e-01	 1.0000e+00
nan	 nan	 4.5694e-01	 1.0008e+00	 4.6257e-01	 1.0000e+00
nan	 nan	 4.5742e-01	 1.0008e+00	 4.6305e-01	 1.0000e+00
nan	 nan	 4.5791e-01	 1.0008e+00	 4.6354e-01	 9.9999e-01
nan	 nan	 4.5839e-01	 1.0008e+00	 4.6403e-01	 9.9999e-01
nan	 nan	 4.5887e-01	 1.0008e+00	 4.6452e-01	 9.9998e-01
nan	 nan	 4.5935e-01	 1.0008e+00	 4.6501e-01	 9.9998e-01
nan	 nan	 4.5984e-01	 1.0008e+00	 4.6550e-01	 9.9998e-01
nan	 nan	 4.6032e-01	 1.0008e+00	 4.6599e-01	 9.9998e-01
nan	 nan	 4.6080e-01	 1.0007e+00	 4.6648e-01	 9.9999e-01
nan	 nan	 4.6129e-01	 1.0007e+00	 4.6697e-01	 9.9999e-01
nan	 nan	 4.6177e-01	 1.0007e+00	 4.6746e-01	 1.0000e+00
nan	 nan	 4.6226e-01	 1.0006e+00	 4.6795e-01	 1.0000e+00
nan	 nan	 4.6275e-01	 1.0006e+00	 4.6844e-01	 1.0000e+00
nan	 nan	 4.6323e-01	 1.0005e+00	 4.6893e-01	 1.0000e+00
nan	 nan	 4.6372e-01	 1.0005e+00	 4.6943e-01	 1.0000e+00
nan	 nan	 4.6421e-01	 1.0005e+00	 4.6992e-01	 1.0000e+00
nan	 nan	 4.6469e-01	 1.0004e+00	 4.7042e-01	 1.0000e+00
nan	 nan	 4.6518e-01	 1.0004e+00	 4.7091e-01	 1.0000e+00
nan	 nan	 4.6567e-01	 1.0004e+00	 4.7140e-01	 1.0000e+00
nan	 nan	 4.6616e-01	 1.0003e+00	 4.7190e-01	 1.0000e+00
nan	 nan	 4.6665e-01	 1.0003e+00	 4.7240e-01	 1.0000e+00
nan	 nan	 4.6714e-01	 1.0002e+00	 4.7289e-01	 1.0000e+00
nan	 nan	 4.6763e-01	 1.0002e+00	 4.7339e-01	 1.0000e+00
nan	 nan	 4.6812e-01	 1.0002e+00	 4.7388e-01	 1.0000e+00
nan	 nan	 4.6861e-01	 1.0001e+00	 4.7438e-01	 1.0000e+00
nan	 nan	 4.6910e-01	 1.0001e+00	 4.7488e-01	 1.0000e+00
nan	 nan	 4.6960e-01	 1.0001e+00	 4.7538e-01	 1.0001e+00
nan	 nan	 4.7009e-01	 1.0001e+00	 4.7587e-01	 1.0001e+00
nan	 nan	 4.7058e-01	 1.0000e+00	 4.7637e-01	 1.0001e+00
nan	 nan	 4.7108e-01	 1.0000e+00	 4.7687e-01	 1.0001e+00
nan	 nan	 4.7157e-01	 1.0000e+00	 4.7737e-01	 1.0001e+00
nan	 nan	 4.7206e-01	 1.0000e+00	 4.7787e-01	 1.0001e+00
nan	 nan	 4.7256e-01	 1.0000e+00	 4.7838e-01	 1.0001e+00
nan	 nan	 4.7305e-01	 1.0000e+00	 4.7888e-01	 1.0001e+00
nan	 nan	 4.7355e-01	 1.0000e+00	 4.7938e-01	 1.0001e+00
nan	 nan	 4.7405e-01	 1.0000e+00	 4.7988e-01	 1.0001e+00
nan	 nan	 4.7454e-01	 1.0000e+00	 4.8039e-01	 1.0001e+00
nan	 nan	 4.7504e-01	 1.0000e+00	 4.8089e-01	 1.0001e+00
nan	 nan	 4.7554e-01	 1.0000e+00	 4.8139e-01	 1.0001e+00
nan	 nan	 4.7604e-01	 1.0000e+00	 4.8190e-01	 1.0002e+00
nan	 nan	 4.7654e-01	 1.0000e+00	 4.8240e-01	 1.0002e+00
nan	 nan	 4.7703e-01	 1.0000e+00	 4.8291e-01	 1.0002e+00
nan	 nan	 4.7753e-01	 1.0000e+00	 4.8341e-01	 1.0002e+00
nan	 nan	 4.7803e-01	 1.0000e+00	 4.8392e-01	 1.0002e+00
nan	 nan	 4.7853e-01	 1.0000e+00	 4.8442e-01	 1.0002e+00
nan	 nan	 4.7903e-01	 1.0000e+00	 4.8493e-01	 1.0002e+00
nan	 nan	 4.7954e-01	 9.9999e-01	 4.8544e-01	 1.0002e+00
nan	 nan	 4.8004e-01	 9.9999e-01	 4.8595e-01	 1.0002e+00
nan	 nan	 4.8054e-01	 9.9998e-01	 4.8646e-01	 1.0003e+00
nan	 nan	 4.8104e-01	 9.9998e-01	 4.8697e-01	 1.0003e+00
nan	 nan	 4.8155e-01	 9.9998e-01	 4.8747e-01	 1.0003e+00
nan	 nan	 4.8205e-01	 9.9998e-01	 4.8799e-01	 1.0003e+00
nan	 nan	 4.8255e-01	 9.9998e-01	 4.8850e-01	 1.0003e+00
nan	 nan	 4.8306e-01	 9.9996e-01	 4.8901e-01	 1.0003e+00
nan	 nan	 4.8356e-01	 9.9997e-01	 4.8952e-01	 1.0003e+00
nan	 nan	 4.8407e-01	 9.9996e-01	 4.9003e-01	 1.0003e+00
nan	 nan	 4.8457e-01	 9.9996e-01	 4.9054e-01	 1.0003e+00
nan	 nan	 4.8508e-01	 9.9996e-01	 4.9105e-01	 1.0003e+00
nan	 nan	 4.8559e-01	 9.9996e-01	 4.9157e-01	 1.0003e+00
nan	 nan	 4.8609e-01	 9.9998e-01	 4.9208e-01	 1.0003e+00
nan	 nan	 4.8660e-01	 9.9999e-01	 4.9259e-01	 1.0003e+00
nan	 nan	 4.8711e-01	 1.0000e+00	 4.9311e-01	 1.0003e+00
nan	 nan	 4.8762e-01	 1.0000e+00	 4.9362e-01	 1.0002e+00
nan	 nan	 4.8813e-01	 1.0001e+00	 4.9414e-01	 1.0002e+00
nan	 nan	 4.8864e-01	 1.0001e+00	 4.9466e-01	 1.0002e+00
nan	 nan	 4.8915e-01	 1.0001e+00	 4.9517e-01	 1.0002e+00
nan	 nan	 4.8966e-01	 1.0002e+00	 4.9569e-01	 1.0002e+00
nan	 nan	 4.9017e-01	 1.0002e+00	 4.9621e-01	 1.0002e+00
nan	 nan	 4.9068e-01	 1.0003e+00	 4.9673e-01	 1.0002e+00
nan	 nan	 4.9120e-01	 1.0003e+00	 4.9724e-01	 1.0002e+00
nan	 nan	 4.9171e-01	 1.0004e+00	 4.9776e-01	 1.0002e+00
nan	 nan	 4.9222e-01	 1.0004e+00	 4.9828e-01	 1.0002e+00
nan	 nan	 4.9273e-01	 1.0004e+00	 4.9880e-01	 1.0002e+00
nan	 nan	 4.9325e-01	 1.0005e+00	 4.9932e-01	 1.0002e+00
nan	 nan	 4.9376e-01	 1.0005e+00	 4.9984e-01	 1.0001e+00
nan	 nan	 4.9428e-01	 1.0005e+00	 5.0036e-01	 1.0001e+00
nan	 nan	 4.9479e-01	 1.0005e+00	 5.0089e-01	 1.0001e+00
nan	 nan	 4.9531e-01	 1.0005e+00	 5.0141e-01	 1.0001e+00
nan	 nan	 4.9583e-01	 1.0005e+00	 5.0193e-01	 1.0001e+00
nan	 nan	 4.9634e-01	 1.0005e+00	 5.0245e-01	 1.0001e+00
nan	 nan	 4.9686e-01	 1.0005e+00	 5.0298e-01	 1.0001e+00
nan	 nan	 4.9738e-01	 1.0004e+00	 5.0350e-01	 1.0001e+00
nan	 nan	 4.9789e-01	 1.0004e+00	 5.0403e-01	 1.0001e+00
nan	 nan	 4.9841e-01	 1.0003e+00	 5.0455e-01	 1.0001e+00
nan	 nan	 4.9893e-01	 1.0003e+00	 5.0508e-01	 1.0001e+00
nan	 nan	 4.9945e-01	 1.0002e+00	 5.0560e-01	 1.0001e+00
nan	 nan	 4.9997e-01	 1.0002e+00	 5.0613e-01	 1.0001e+00
nan	 nan	 5.0049e-01	 1.0002e+00	 5.0666e-01	 1.0000e+00
nan	 nan	 5.0101e-01	 1.0001e+00	 5.0719e-01	 1.0000e+00
nan	 nan	 5.0153e-01	 1.0001e+00	 5.0772e-01	 1.0000e+00
nan	 nan	 5.0206e-01	 1.0001e+00	 5.0824e-01	 1.0000e+00
nan	 nan	 5.0258e-01	 1.0001e+00	 5.0877e-01	 1.0000e+00
nan	 nan	 5.0310e-01	 1.0001e+00	 5.0930e-01	 1.0000e+00
nan	 nan	 5.0362e-01	 1.0000e+00	 5.0983e-01	 1.0000e+00
nan	 nan	 5.0415e-01	 1.0000e+00	 5.1036e-01	 1.0000e+00
nan	 nan	 5.0467e-01	 1.0000e+00	 5.1089e-01	 1.0000e+00
nan	 nan	 5.0520e-01	 1.0000e+00	 5.1143e-01	 1.0000e+00
nan	 nan	 5.0572e-01	 1.0000e+00	 5.1196e-01	 1.0000e+00
nan	 nan	 5.0625e-01	 1.0000e+00	 5.1249e-01	 1.0000e+00
nan	 nan	 5.0678e-01	 1.0000e+00	 5.1303e-01	 1.0000e+00
nan	 nan	 5.0730e-01	 1.0000e+00	 5.1356e-01	 1.0000e+00
nan	 nan	 5.0783e-01	 1.0000e+00	 5.1409e-01	 1.0001e+00
nan	 nan	 5.0836e-01	 1.0000e+00	 5.1463e-01	 1.0001e+00
nan	 nan	 5.0889e-01	 1.0000e+00	 5.1517e-01	 1.0001e+00
nan	 nan	 5.0942e-01	 1.0000e+00	 5.1570e-01	 1.0001e+00
nan	 nan	 5.0994e-01	 1.0001e+00	 5.1624e-01	 1.0001e+00
nan	 nan	 5.1047e-01	 1.0001e+00	 5.1678e-01	 1.0001e+00
nan	 nan	 5.1101e-01	 1.0001e+00	 5.1731e-01	 1.0002e+00
nan	 nan	 5.1154e-01	 1.0001e+00	 5.1785e-01	 1.0002e+00
nan	 nan	 5.1207e-01	 1.0001e+00	 5.1839e-01	 1.0002e+00
nan	 nan	 5.1260e-01	 1.0001e+00	 5.1893e-01	 1.0002e+00
nan	 nan	 5.1313e-01	 1.0001e+00	 5.1947e-01	 1.0002e+00
nan	 nan	 5.1366e-01	 1.0002e+00	 5.2001e-01	 1.0002e+00
nan	 nan	 5.1420e-01	 1.0002e+00	 5.2055e-01	 1.0002e+00
nan	 nan	 5.1473e-01	 1.0002e+00	 5.2109e-01	 1.0002e+00
nan	 nan	 5.1526e-01	 1.0002e+00	 5.2163e-01	 1.0002e+00
nan	 nan	 5.1580e-01	 1.0002e+00	 5.2217e-01	 1.0002e+00
nan	 nan	 5.1633e-01	 1.0002e+00	 5.2271e-01	 1.0002e+00
nan	 nan	 5.1687e-01	 1.0002e+00	 5.2325e-01	 1.0002e+00
nan	 nan	 5.1740e-01	 1.0002e+00	 5.2380e-01	 1.0002e+00
nan	 nan	 5.1794e-01	 1.0001e+00	 5.2434e-01	 1.0002e+00
nan	 nan	 5.1848e-01	 1.0001e+00	 5.2489e-01	 1.0002e+00
nan	 nan	 5.1901e-01	 1.0001e+00	 5.2543e-01	 1.0002e+00
nan	 nan	 5.1955e-01	 1.0000e+00	 5.2597e-01	 1.0001e+00
nan	 nan	 5.2009e-01	 9.9996e-01	 5.2652e-01	 1.0001e+00
nan	 nan	 5.2063e-01	 9.9991e-01	 5.2707e-01	 1.0001e+00
nan	 nan	 5.2117e-01	 9.9986e-01	 5.2761e-01	 1.0001e+00
nan	 nan	 5.2171e-01	 9.9981e-01	 5.2816e-01	 1.0001e+00
nan	 nan	 5.2225e-01	 9.9977e-01	 5.2871e-01	 1.0001e+00
nan	 nan	 5.2279e-01	 9.9973e-01	 5.2926e-01	 1.0001e+00
nan	 nan	 5.2333e-01	 9.9969e-01	 5.2981e-01	 1.0001e+00
nan	 nan	 5.2387e-01	 9.9967e-01	 5.3036e-01	 1.0001e+00
nan	 nan	 5.2441e-01	 9.9964e-01	 5.3090e-01	 1.0000e+00
nan	 nan	 5.2496e-01	 9.9964e-01	 5.3146e-01	 1.0000e+00
nan	 nan	 5.2550e-01	 9.9962e-01	 5.3200e-01	 1.0000e+00
nan	 nan	 5.2604e-01	 9.9962e-01	 5.3256e-01	 9.9999e-01
nan	 nan	 5.2659e-01	 9.9962e-01	 5.3311e-01	 9.9996e-01
nan	 nan	 5.2713e-01	 9.9962e-01	 5.3366e-01	 9.9994e-01
nan	 nan	 5.2768e-01	 9.9964e-01	 5.3421e-01	 9.9992e-01
nan	 nan	 5.2822e-01	 9.9964e-01	 5.3477e-01	 9.9990e-01
nan	 nan	 5.2877e-01	 9.9967e-01	 5.3532e-01	 9.9988e-01
nan	 nan	 5.2931e-01	 9.9969e-01	 5.3587e-01	 9.9986e-01
nan	 nan	 5.2986e-01	 9.9972e-01	 5.3643e-01	 9.9985e-01
nan	 nan	 5.3041e-01	 9.9975e-01	 5.3698e-01	 9.9983e-01
nan	 nan	 5.3096e-01	 9.9979e-01	 5.3754e-01	 9.9982e-01
nan	 nan	 5.3151e-01	 9.9984e-01	 5.3809e-01	 9.9981e-01
nan	 nan	 5.3206e-01	 9.9988e-01	 5.3865e-01	 9.9980e-01
nan	 nan	 5.3261e-01	 9.9994e-01	 5.3921e-01	 9.9980e-01
nan	 nan	 5.3316e-01	 9.9998e-01	 5.3976e-01	 9.9980e-01
nan	 nan	 5.3371e-01	 1.0000e+00	 5.4032e-01	 9.9980e-01
nan	 nan	 5.3426e-01	 1.0001e+00	 5.4088e-01	 9.9980e-01
nan	 nan	 5.3481e-01	 1.0001e+00	 5.4144e-01	 9.9981e-01
nan	 nan	 5.3536e-01	 1.0002e+00	 5.4200e-01	 9.9983e-01
nan	 nan	 5.3592e-01	 1.0002e+00	 5.4256e-01	 9.9984e-01
nan	 nan	 5.3647e-01	 1.0003e+00	 5.4312e-01	 9.9987e-01
nan	 nan	 5.3702e-01	 1.0003e+00	 5.4368e-01	 9.9988e-01
nan	 nan	 5.3758e-01	 1.0003e+00	 5.4424e-01	 9.9991e-01
nan	 nan	 5.3813e-01	 1.0004e+00	 5.4480e-01	 9.9993e-01
nan	 nan	 5.3869e-01	 1.0004e+00	 5.4536e-01	 9.9996e-01
nan	 nan	 5.3924e-01	 1.0005e+00	 5.4593e-01	 9.9998e-01
nan	 nan	 5.3980e-01	 1.0005e+00	 5.4649e-01	 1.0000e+00
nan	 nan	 5.4036e-01	 1.0006e+00	 5.4706e-01	 1.0000e+00
nan	 nan	 5.4091e-01	 1.0006e+00	 5.4762e-01	 1.0000e+00
nan	 nan	 5.4147e-01	 1.0006e+00	 5.4819e-01	 1.0000e+00
nan	 nan	 5.4203e-01	 1.0007e+00	 5.4875e-01	 1.0000e+00
nan	 nan	 5.4259e-01	 1.0007e+00	 5.4932e-01	 1.0001e+00
nan	 nan	 5.4315e-01	 1.0007e+00	 5.4988e-01	 1.0001e+00
nan	 nan	 5.4371e-01	 1.0007e+00	 5.5045e-01	 1.0000e+00
nan	 nan	 5.4427e-01	 1.0008e+00	 5.5102e-01	 1.0000e+00
nan	 nan	 5.4483e-01	 1.0008e+00	 5.5159e-01	 1.0000e+00
nan	 nan	 5.4539e-01	 1.0008e+00	 5.5216e-01	 1.0000e+00
nan	 nan	 5.4595e-01	 1.0008e+00	 5.5272e-01	 1.0000e+00
nan	 nan	 5.4651e-01	 1.0008e+00	 5.5329e-01	 9.9999e-01
nan	 nan	 5.4708e-01	 1.0008e+00	 5.5387e-01	 9.9997e-01
nan	 nan	 5.4764e-01	 1.0008e+00	 5.5444e-01	 9.9996e-01
nan	 nan	 5.4821e-01	 1.0008e+00	 5.5501e-01	 9.9994e-01
nan	 nan	 5.4877e-01	 1.0007e+00	 5.5558e-01	 9.9992e-01
nan	 nan	 5.4934e-01	 1.0007e+00	 5.5615e-01	 9.9991e-01
nan	 nan	 5.4990e-01	 1.0007e+00	 5.5672e-01	 9.9989e-01
nan	 nan	 5.5047e-01	 1.0006e+00	 5.5729e-01	 9.9988e-01
nan	 nan	 5.5103e-01	 1.0006e+00	 5.5787e-01	 9.9987e-01
nan	 nan	 5.5160e-01	 1.0005e+00	 5.5844e-01	 9.9987e-01
nan	 nan	 5.5217e-01	 1.0004e+00	 5.5902e-01	 9.9987e-01
nan	 nan	 5.5274e-01	 1.0004e+00	 5.5959e-01	 9.9986e-01
nan	 nan	 5.5330e-01	 1.0003e+00	 5.6017e-01	 9.9987e-01
nan	 nan	 5.5387e-01	 1.0002e+00	 5.6075e-01	 9.9988e-01
nan	 nan	 5.5444e-01	 1.0002e+00	 5.6132e-01	 9.9989e-01
nan	 nan	 5.5501e-01	 1.0001e+00	 5.6190e-01	 9.9990e-01
nan	 nan	 5.5558e-01	 1.0001e+00	 5.6248e-01	 9.9991e-01
nan	 nan	 5.5615e-01	 1.0000e+00	 5.6306e-01	 9.9993e-01
nan	 nan	 5.5673e-01	 1.0000e+00	 5.6364e-01	 9.9995e-01
nan	 nan	 5.5730e-01	 1.0000e+00	 5.6422e-01	 9.9997e-01
nan	 nan	 5.5787e-01	 9.9998e-01	 5.6480e-01	 9.9999e-01
nan	 nan	 5.5844e-01	 9.9999e-01	 5.6538e-01	 1.0000e+00
nan	 nan	 5.5902e-01	 9.9999e-01	 5.6596e-01	 1.0000e+00
nan	 nan	 5.5959e-01	 9.9999e-01	 5.6654e-01	 1.0001e+00
nan	 nan	 5.6017e-01	 1.0000e+00	 5.6712e-01	 1.0001e+00
nan	 nan	 5.6074e-01	 1.0000e+00	 5.6771e-01	 1.0001e+00
nan	 nan	 5.6132e-01	 1.0000e+00	 5.6829e-01	 1.0001e+00
nan	 nan	 5.6189e-01	 1.0000e+00	 5.6887e-01	 1.0001e+00
nan	 nan	 5.6247e-01	 1.0000e+00	 5.6946e-01	 1.0001e+00
nan	 nan	 5.6305e-01	 1.0001e+00	 5.7004e-01	 1.0002e+00
nan	 nan	 5.6363e-01	 1.0001e+00	 5.7063e-01	 1.0002e+00
nan	 nan	 5.6420e-01	 1.0001e+00	 5.7121e-01	 1.0002e+00
nan	 nan	 5.6478e-01	 1.0001e+00	 5.7180e-01	 1.0002e+00
nan	 nan	 5.6536e-01	 1.0001e+00	 5.7239e-01	 1.0002e+00
nan	 nan	 5.6594e-01	 1.0001e+00	 5.7298e-01	 1.0002e+00
nan	 nan	 5.6652e-01	 1.0002e+00	 5.7356e-01	 1.0003e+00
nan	 nan	 5.6710e-01	 1.0002e+00	 5.7415e-01	 1.0003e+00
nan	 nan	 5.6769e-01	 1.0002e+00	 5.7474e-01	 1.0003e+00
nan	 nan	 5.6827e-01	 1.0002e+00	 5.7533e-01	 1.0003e+00
nan	 nan	 5.6885e-01	 1.0002e+00	 5.7592e-01	 1.0003e+00
nan	 nan	 5.6944e-01	 1.0003e+00	 5.7651e-01	 1.0003e+00
nan	 nan	 5.7002e-01	 1.0003e+00	 5.7711e-01	 1.0003e+00
nan	 nan	 5.7060e-01	 1.0003e+00	 5.7770e-01	 1.0003e+00
nan	 nan	 5.7119e-01	 1.0003e+00	 5.7829e-01	 1.0003e+00
nan	 nan	 5.7177e-01	 1.0003e+00	 5.7888e-01	 1.0003e+00
nan	 nan	 5.7236e-01	 1.0004e+00	 5.7948e-01	 1.0003e+00
nan	 nan	 5.7295e-01	 1.0003e+00	 5.8007e-01	 1.0003e+00
nan	 nan	 5.7353e-01	 1.0004e+00	 5.8067e-01	 1.0003e+00
nan	 nan	 5.7412e-01	 1.0003e+00	 5.8126e-01	 1.0003e+00
nan	 nan	 5.7471e-01	 1.0003e+00	 5.8186e-01	 1.0003e+00
nan	 nan	 5.7530e-01	 1.0003e+00	 5.8245e-01	 1.0003e+00
nan	 nan	 5.7589e-01	 1.0003e+00	 5.8305e-01	 1.0003e+00
nan	 nan	 5.7647e-01	 1.0002e+00	 5.8365e-01	 1.0003e+00
nan	 nan	 5.7707e-01	 1.0002e+00	 5.8425e-01	 1.0003e+00
nan	 nan	 5.7766e-01	 1.0001e+00	 5.8485e-01	 1.0004e+00
nan	 nan	 5.7825e-01	 1.0001e+00	 5.8545e-01	 1.0004e+00
nan	 nan	 5.7884e-01	 1.0001e+00	 5.8605e-01	 1.0004e+00
nan	 nan	 5.7943e-01	 1.0000e+00	 5.8665e-01	 1.0004e+00
nan	 nan	 5.8003e-01	 9.9998e-01	 5.8725e-01	 1.0004e+00
nan	 nan	 5.8062e-01	 9.9996e-01	 5.8785e-01	 1.0004e+00
nan	 nan	 5.8121e-01	 9.9992e-01	 5.8845e-01	 1.0004e+00
nan	 nan	 5.8181e-01	 9.9991e-01	 5.8905e-01	 1.0004e+00
nan	 nan	 5.8240e-01	 9.9988e-01	 5.8966e-01	 1.0004e+00
nan	 nan	 5.8300e-01	 9.9986e-01	 5.9026e-01	 1.0005e+00
nan	 nan	 5.8360e-01	 9.9984e-01	 5.9087e-01	 1.0005e+00
nan	 nan	 5.8419e-01	 9.9983e-01	 5.9147e-01	 1.0005e+00
nan	 nan	 5.8479e-01	 9.9982e-01	 5.9208e-01	 1.0005e+00
nan	 nan	 5.8539e-01	 9.9981e-01	 5.9268e-01	 1.0005e+00
nan	 nan	 5.8599e-01	 9.9981e-01	 5.9329e-01	 1.0004e+00
nan	 nan	 5.8659e-01	 9.9981e-01	 5.9389e-01	 1.0004e+00
nan	 nan	 5.8719e-01	 9.9982e-01	 5.9450e-01	 1.0004e+00
nan	 nan	 5.8779e-01	 9.9983e-01	 5.9511e-01	 1.0004e+00
nan	 nan	 5.8839e-01	 9.9985e-01	 5.9572e-01	 1.0004e+00
nan	 nan	 5.8899e-01	 9.9987e-01	 5.9633e-01	 1.0004e+00
nan	 nan	 5.8959e-01	 9.9989e-01	 5.9694e-01	 1.0004e+00
nan	 nan	 5.9019e-01	 9.9993e-01	 5.9755e-01	 1.0004e+00
nan	 nan	 5.9079e-01	 9.9996e-01	 5.9816e-01	 1.0003e+00
nan	 nan	 5.9140e-01	 1.0000e+00	 5.9877e-01	 1.0003e+00
nan	 nan	 5.9200e-01	 1.0001e+00	 5.9938e-01	 1.0003e+00
nan	 nan	 5.9261e-01	 1.0001e+00	 6.0000e-01	 1.0003e+00
nan	 nan	 5.9321e-01	 1.0001e+00	 6.0061e-01	 1.0003e+00
nan	 nan	 5.9382e-01	 1.0002e+00	 6.0123e-01	 1.0003e+00
nan	 nan	 5.9442e-01	 1.0002e+00	 6.0184e-01	 1.0003e+00
nan	 nan	 5.9503e-01	 1.0002e+00	 6.0246e-01	 1.0003e+00
nan	 nan	 5.9564e-01	 1.0002e+00	 6.0307e-01	 1.0003e+00
nan	 nan	 5.9624e-01	 1.0002e+00	 6.0369e-01	 1.0002e+00
nan	 nan	 5.9685e-01	 1.0003e+00	 6.0431e-01	 1.0002e+00
nan	 nan	 5.9746e-01	 1.0003e+00	 6.0493e-01	 1.0002e+00
nan	 nan	 5.9807e-01	 1.0002e+00	 6.0554e-01	 1.0002e+00
nan	 nan	 5.9868e-01	 1.0002e+00	 6.0616e-01	 1.0002e+00
nan	 nan	 5.9929e-01	 1.0002e+00	 6.0678e-01	 1.0001e+00
nan	 nan	 5.9990e-01	 1.0002e+00	 6.0740e-01	 1.0001e+00
nan	 nan	 6.0051e-01	 1.0002e+00	 6.0802e-01	 1.0001e+00
nan	 nan	 6.0112e-01	 1.0002e+00	 6.0864e-01	 1.0001e+00
nan	 nan	 6.0174e-01	 1.0002e+00	 6.0927e-01	 1.0001e+00
nan	 nan	 6.0235e-01	 1.0002e+00	 6.0989e-01	 1.0001e+00
nan	 nan	 6.0296e-01	 1.0002e+00	 6.1051e-01	 1.0001e+00
nan	 nan	 6.0358e-01	 1.0001e+00	 6.1113e-01	 1.0001e+00
nan	 nan	 6.0419e-01	 1.0001e+00	 6.1176e-01	 1.0001e+00
nan	 nan	 6.0481e-01	 1.0001e+00	 6.1238e-01	 1.0000e+00
nan	 nan	 6.0543e-01	 1.0001e+00	 6.1301e-01	 1.0000e+00
nan	 nan	 6.0604e-01	 1.0001e+00	 6.1363e-01	 1.0000e+00
nan	 nan	 6.0666e-01	 1.0001e+00	 6.1426e-01	 1.0001e+00
nan	 nan	 6.0728e-01	 1.0001e+00	 6.1489e-01	 1.0001e+00
nan	 nan	 6.0790e-01	 1.0001e+00	 6.1551e-01	 1.0001e+00
nan	 nan	 6.0851e-01	 1.0001e+00	 6.1614e-01	 1.0001e+00
nan	 nan	 6.0913e-01	 1.0000e+00	 6.1677e-01	 1.0001e+00
nan	 nan	 6.0975e-01	 1.0000e+00	 6.1740e-01	 1.0001e+00
nan	 nan	 6.1038e-01	 9.9999e-01	 6.1803e-01	 1.0001e+00
nan	 nan	 6.1100e-01	 9.9996e-01	 6.1866e-01	 1.0002e+00
nan	 nan	 6.1162e-01	 9.9994e-01	 6.1929e-01	 1.0002e+00
nan	 nan	 6.1224e-01	 9.9991e-01	 6.1992e-01	 1.0002e+00
nan	 nan	 6.1286e-01	 9.9988e-01	 6.2055e-01	 1.0002e+00
nan	 nan	 6.1349e-01	 9.9985e-01	 6.2118e-01	 1.0002e+00
nan	 nan	 6.1411e-01	 9.9983e-01	 6.2181e-01	 1.0003e+00
nan	 nan	 6.1474e-01	 9.9981e-01	 6.2245e-01	 1.0003e+00
nan	 nan	 6.1536e-01	 9.9979e-01	 6.2308e-01	 1.0003e+00
nan	 nan	 6.1599e-01	 9.9977e-01	 6.2371e-01	 1.0003e+00
nan	 nan	 6.1662e-01	 9.9976e-01	 6.2435e-01	 1.0003e+00
nan	 nan	 6.1724e-01	 9.9976e-01	 6.2498e-01	 1.0003e+00
nan	 nan	 6.1787e-01	 9.9974e-01	 6.2562e-01	 1.0003e+00
nan	 nan	 6.1850e-01	 9.9974e-01	 6.2626e-01	 1.0003e+00
nan	 nan	 6.1913e-01	 9.9974e-01	 6.2689e-01	 1.0003e+00
nan	 nan	 6.1976e-01	 9.9974e-01	 6.2753e-01	 1.0004e+00
nan	 nan	 6.2039e-01	 9.9975e-01	 6.2817e-01	 1.0004e+00
nan	 nan	 6.2102e-01	 9.9976e-01	 6.2881e-01	 1.0004e+00
nan	 nan	 6.2165e-01	 9.9978e-01	 6.2945e-01	 1.0004e+00
nan	 nan	 6.2228e-01	 9.9979e-01	 6.3009e-01	 1.0004e+00
nan	 nan	 6.2291e-01	 9.9981e-01	 6.3073e-01	 1.0004e+00
nan	 nan	 6.2355e-01	 9.9983e-01	 6.3137e-01	 1.0004e+00
nan	 nan	 6.2418e-01	 9.9986e-01	 6.3201e-01	 1.0004e+00
nan	 nan	 6.2481e-01	 9.9989e-01	 6.3265e-01	 1.0004e+00
nan	 nan	 6.2545e-01	 9.9992e-01	 6.3330e-01	 1.0004e+00
nan	 nan	 6.2608e-01	 9.9996e-01	 6.3394e-01	 1.0004e+00
nan	 nan	 6.2672e-01	 9.9998e-01	 6.3459e-01	 1.0004e+00
nan	 nan	 6.2736e-01	 1.0000e+00	 6.3523e-01	 1.0005e+00
nan	 nan	 6.2799e-01	 1.0000e+00	 6.3588e-01	 1.0005e+00
nan	 nan	 6.2863e-01	 1.0001e+00	 6.3652e-01	 1.0005e+00
nan	 nan	 6.2927e-01	 1.0001e+00	 6.3717e-01	 1.0005e+00
nan	 nan	 6.2991e-01	 1.0001e+00	 6.3782e-01	 1.0005e+00
nan	 nan	 6.3055e-01	 1.0001e+00	 6.3846e-01	 1.0005e+00
nan	 nan	 6.3119e-01	 1.0002e+00	 6.3911e-01	 1.0005e+00
nan	 nan	 6.3183e-01	 1.0002e+00	 6.3976e-01	 1.0005e+00
nan	 nan	 6.3247e-01	 1.0002e+00	 6.4041e-01	 1.0004e+00
nan	 nan	 6.3311e-01	 1.0002e+00	 6.4106e-01	 1.0004e+00
nan	 nan	 6.3376e-01	 1.0002e+00	 6.4171e-01	 1.0004e+00
nan	 nan	 6.3440e-01	 1.0002e+00	 6.4236e-01	 1.0004e+00
nan	 nan	 6.3504e-01	 1.0003e+00	 6.4301e-01	 1.0004e+00
nan	 nan	 6.3569e-01	 1.0003e+00	 6.4367e-01	 1.0003e+00
nan	 nan	 6.3633e-01	 1.0003e+00	 6.4432e-01	 1.0003e+00
nan	 nan	 6.3698e-01	 1.0003e+00	 6.4497e-01	 1.0003e+00
nan	 nan	 6.3762e-01	 1.0003e+00	 6.4563e-01	 1.0002e+00
nan	 nan	 6.3827e-01	 1.0003e+00	 6.4628e-01	 1.0002e+00
nan	 nan	 6.3892e-01	 1.0003e+00	 6.4694e-01	 1.0002e+00
nan	 nan	 6.3957e-01	 1.0003e+00	 6.4759e-01	 1.0002e+00
nan	 nan	 6.4021e-01	 1.0002e+00	 6.4825e-01	 1.0001e+00
nan	 nan	 6.4086e-01	 1.0002e+00	 6.4891e-01	 1.0001e+00
nan	 nan	 6.4151e-01	 1.0002e+00	 6.4956e-01	 1.0001e+00
nan	 nan	 6.4216e-01	 1.0002e+00	 6.5022e-01	 1.0001e+00
nan	 nan	 6.4281e-01	 1.0002e+00	 6.5088e-01	 1.0001e+00
nan	 nan	 6.4346e-01	 1.0001e+00	 6.5154e-01	 1.0001e+00
nan	 nan	 6.4412e-01	 1.0001e+00	 6.5220e-01	 1.0001e+00
nan	 nan	 6.4477e-01	 1.0001e+00	 6.5286e-01	 1.0001e+00
nan	 nan	 6.4542e-01	 1.0000e+00	 6.5352e-01	 1.0000e+00
nan	 nan	 6.4607e-01	 1.0000e+00	 6.5419e-01	 1.0000e+00
nan	 nan	 6.4673e-01	 9.9998e-01	 6.5485e-01	 1.0000e+00
nan	 nan	 6.4738e-01	 9.9995e-01	 6.5551e-01	 1.0000e+00
nan	 nan	 6.4804e-01	 9.9993e-01	 6.5618e-01	 1.0000e+00
nan	 nan	 6.4870e-01	 9.9991e-01	 6.5684e-01	 1.0000e+00
nan	 nan	 6.4935e-01	 9.9989e-01	 6.5751e-01	 1.0000e+00
nan	 nan	 6.5001e-01	 9.9988e-01	 6.5817e-01	 1.0000e+00
nan	 nan	 6.5067e-01	 9.9986e-01	 6.5884e-01	 1.0000e+00
nan	 nan	 6.5133e-01	 9.9985e-01	 6.5951e-01	 1.0000e+00
nan	 nan	 6.5199e-01	 9.9983e-01	 6.6017e-01	 1.0000e+00
nan	 nan	 6.5264e-01	 9.9981e-01	 6.6084e-01	 1.0000e+00
nan	 nan	 6.5330e-01	 9.9980e-01	 6.6151e-01	 1.0000e+00
nan	 nan	 6.5397e-01	 9.9978e-01	 6.6218e-01	 1.0000e+00
nan	 nan	 6.5463e-01	 9.9977e-01	 6.6285e-01	 1.0000e+00
nan	 nan	 6.5529e-01	 9.9974e-01	 6.6352e-01	 1.0000e+00
nan	 nan	 6.5595e-01	 9.9974e-01	 6.6419e-01	 1.0000e+00
nan	 nan	 6.5661e-01	 9.9972e-01	 6.6486e-01	 1.0000e+00
nan	 nan	 6.5728e-01	 9.9972e-01	 6.6554e-01	 1.0001e+00
nan	 nan	 6.5794e-01	 9.9972e-01	 6.6621e-01	 1.0001e+00
nan	 nan	 6.5861e-01	 9.9971e-01	 6.6688e-01	 1.0001e+00
nan	 nan	 6.5927e-01	 9.9973e-01	 6.6756e-01	 1.0001e+00
nan	 nan	 6.5994e-01	 9.9973e-01	 6.6823e-01	 1.0001e+00
nan	 nan	 6.6060e-01	 9.9974e-01	 6.6891e-01	 1.0001e+00
nan	 nan	 6.6127e-01	 9.9975e-01	 6.6958e-01	 1.0001e+00
nan	 nan	 6.6194e-01	 9.9976e-01	 6.7026e-01	 1.0001e+00
nan	 nan	 6.6261e-01	 9.9978e-01	 6.7094e-01	 1.0001e+00
nan	 nan	 6.6328e-01	 9.9979e-01	 6.7162e-01	 1.0001e+00
nan	 nan	 6.6395e-01	 9.9981e-01	 6.7230e-01	 1.0001e+00
nan	 nan	 6.6462e-01	 9.9983e-01	 6.7297e-01	 1.0001e+00
nan	 nan	 6.6529e-01	 9.9986e-01	 6.7366e-01	 1.0001e+00
nan	 nan	 6.6596e-01	 9.9989e-01	 6.7434e-01	 1.0001e+00
nan	 nan	 6.6663e-01	 9.9993e-01	 6.7502e-01	 1.0001e+00
nan	 nan	 6.6731e-01	 9.9998e-01	 6.7570e-01	 1.0001e+00
nan	 nan	 6.6798e-01	 1.0000e+00	 6.7638e-01	 1.0001e+00
nan	 nan	 6.6865e-01	 1.0001e+00	 6.7706e-01	 1.0000e+00
nan	 nan	 6.6933e-01	 1.0001e+00	 6.7775e-01	 1.0000e+00
nan	 nan	 6.7000e-01	 1.0002e+00	 6.7843e-01	 1.0000e+00
nan	 nan	 6.7068e-01	 1.0003e+00	 6.7912e-01	 1.0000e+00
nan	 nan	 6.7136e-01	 1.0003e+00	 6.7980e-01	 1.0000e+00
nan	 nan	 6.7203e-01	 1.0004e+00	 6.8049e-01	 1.0000e+00
nan	 nan	 6.7271e-01	 1.0005e+00	 6.8117e-01	 1.0000e+00
nan	 nan	 6.7339e-01	 1.0006e+00	 6.8186e-01	 1.0000e+00
nan	 nan	 6.7407e-01	 1.0006e+00	 6.8255e-01	 1.0000e+00
nan	 nan	 6.7475e-01	 1.0007e+00	 6.8324e-01	 1.0000e+00
nan	 nan	 6.7543e-01	 1.0008e+00	 6.8393e-01	 1.0000e+00
nan	 nan	 6.7611e-01	 1.0008e+00	 6.8461e-01	 1.0000e+00
nan	 nan	 6.7679e-01	 1.0009e+00	 6.8530e-01	 1.0000e+00
nan	 nan	 6.7747e-01	 1.0009e+00	 6.8600e-01	 1.0000e+00
nan	 nan	 6.7815e-01	 1.0010e+00	 6.8669e-01	 1.0000e+00
nan	 nan	 6.7884e-01	 1.0010e+00	 6.8738e-01	 1.0000e+00
nan	 nan	 6.7952e-01	 1.0010e+00	 6.8807e-01	 1.0000e+00
nan	 nan	 6.8021e-01	 1.0011e+00	 6.8877e-01	 1.0000e+00
nan	 nan	 6.8089e-01	 1.0011e+00	 6.8946e-01	 1.0000e+00
nan	 nan	 6.8158e-01	 1.0011e+00	 6.9016e-01	 1.0000e+00
nan	 nan	 6.8227e-01	 1.0011e+00	 6.9085e-01	 9.9999e-01
nan	 nan	 6.8295e-01	 1.0011e+00	 6.9155e-01	 9.9998e-01
nan	 nan	 6.8364e-01	 1.0010e+00	 6.9225e-01	 9.9996e-01
nan	 nan	 6.8433e-01	 1.0010e+00	 6.9295e-01	 9.9995e-01
nan	 nan	 6.8502e-01	 1.0010e+00	 6.9365e-01	 9.9993e-01
nan	 nan	 6.8571e-01	 1.0009e+00	 6.9434e-01	 9.9992e-01
nan	 nan	 6.8640e-01	 1.0009e+00	 6.9505e-01	 9.9991e-01
nan	 nan	 6.8709e-01	 1.0008e+00	 6.9575e-01	 9.9990e-01
nan	 nan	 6.8778e-01	 1.0008e+00	 6.9645e-01	 9.9990e-01
nan	 nan	 6.8847e-01	 1.0007e+00	 6.9715e-01	 9.9989e-01
nan	 nan	 6.8917e-01	 1.0006e+00	 6.9785e-01	 9.9990e-01
nan	 nan	 6.8986e-01	 1.0006e+00	 6.9855e-01	 9.9991e-01
nan	 nan	 6.9055e-01	 1.0005e+00	 6.9926e-01	 9.9992e-01
nan	 nan	 6.9125e-01	 1.0005e+00	 6.9996e-01	 9.9994e-01
nan	 nan	 6.9194e-01	 1.0004e+00	 7.0066e-01	 9.9996e-01
nan	 nan	 6.9264e-01	 1.0004e+00	 7.0137e-01	 9.9998e-01
nan	 nan	 6.9334e-01	 1.0003e+00	 7.0208e-01	 1.0000e+00
nan	 nan	 6.9403e-01	 1.0003e+00	 7.0278e-01	 1.0000e+00
nan	 nan	 6.9473e-01	 1.0002e+00	 7.0349e-01	 1.0001e+00
nan	 nan	 6.9543e-01	 1.0002e+00	 7.0420e-01	 1.0001e+00
nan	 nan	 6.9613e-01	 1.0002e+00	 7.0491e-01	 1.0001e+00
nan	 nan	 6.9683e-01	 1.0002e+00	 7.0561e-01	 1.0002e+00
nan	 nan	 6.9753e-01	 1.0002e+00	 7.0632e-01	 1.0002e+00
nan	 nan	 6.9823e-01	 1.0002e+00	 7.0703e-01	 1.0002e+00
nan	 nan	 6.9893e-01	 1.0002e+00	 7.0774e-01	 1.0002e+00
nan	 nan	 6.9963e-01	 1.0001e+00	 7.0845e-01	 1.0003e+00
nan	 nan	 7.0033e-01	 1.0001e+00	 7.0917e-01	 1.0003e+00
nan	 nan	 7.0104e-01	 1.0001e+00	 7.0988e-01	 1.0003e+00
nan	 nan	 7.0174e-01	 1.0001e+00	 7.1059e-01	 1.0003e+00
nan	 nan	 7.0244e-01	 1.0001e+00	 7.1131e-01	 1.0003e+00
nan	 nan	 7.0315e-01	 1.0001e+00	 7.1202e-01	 1.0003e+00
nan	 nan	 7.0386e-01	 1.0001e+00	 7.1274e-01	 1.0003e+00
nan	 nan	 7.0456e-01	 1.0001e+00	 7.1345e-01	 1.0003e+00
nan	 nan	 7.0527e-01	 1.0001e+00	 7.1417e-01	 1.0004e+00
nan	 nan	 7.0598e-01	 1.0001e+00	 7.1489e-01	 1.0003e+00
nan	 nan	 7.0669e-01	 1.0002e+00	 7.1561e-01	 1.0004e+00
nan	 nan	 7.0739e-01	 1.0002e+00	 7.1633e-01	 1.0003e+00
nan	 nan	 7.0810e-01	 1.0002e+00	 7.1705e-01	 1.0003e+00
nan	 nan	 7.0881e-01	 1.0002e+00	 7.1777e-01	 1.0003e+00
nan	 nan	 7.0952e-01	 1.0002e+00	 7.1849e-01	 1.0003e+00
nan	 nan	 7.1024e-01	 1.0003e+00	 7.1921e-01	 1.0003e+00
nan	 nan	 7.1095e-01	 1.0003e+00	 7.1993e-01	 1.0003e+00
nan	 nan	 7.1166e-01	 1.0003e+00	 7.2065e-01	 1.0003e+00
nan	 nan	 7.1237e-01	 1.0003e+00	 7.2137e-01	 1.0003e+00
nan	 nan	 7.1309e-01	 1.0003e+00	 7.2210e-01	 1.0002e+00
nan	 nan	 7.1381e-01	 1.0004e+00	 7.2282e-01	 1.0002e+00
nan	 nan	 7.1452e-01	 1.0004e+00	 7.2355e-01	 1.0002e+00
nan	 nan	 7.1524e-01	 1.0004e+00	 7.2427e-01	 1.0002e+00
nan	 nan	 7.1595e-01	 1.0004e+00	 7.2500e-01	 1.0001e+00
nan	 nan	 7.1667e-01	 1.0004e+00	 7.2573e-01	 1.0001e+00
nan	 nan	 7.1739e-01	 1.0004e+00	 7.2646e-01	 1.0001e+00
nan	 nan	 7.1811e-01	 1.0004e+00	 7.2719e-01	 1.0001e+00
nan	 nan	 7.1883e-01	 1.0004e+00	 7.2791e-01	 1.0000e+00
nan	 nan	 7.1955e-01	 1.0004e+00	 7.2865e-01	 1.0000e+00
nan	 nan	 7.2027e-01	 1.0003e+00	 7.2938e-01	 9.9999e-01
nan	 nan	 7.2099e-01	 1.0003e+00	 7.3011e-01	 9.9996e-01
nan	 nan	 7.2171e-01	 1.0003e+00	 7.3084e-01	 9.9995e-01
nan	 nan	 7.2244e-01	 1.0002e+00	 7.3157e-01	 9.9992e-01
nan	 nan	 7.2316e-01	 1.0002e+00	 7.3231e-01	 9.9990e-01
nan	 nan	 7.2389e-01	 1.0001e+00	 7.3304e-01	 9.9989e-01
nan	 nan	 7.2461e-01	 1.0001e+00	 7.3377e-01	 9.9987e-01
nan	 nan	 7.2534e-01	 1.0000e+00	 7.3451e-01	 9.9986e-01
nan	 nan	 7.2606e-01	 9.9999e-01	 7.3525e-01	 9.9983e-01
nan	 nan	 7.2679e-01	 9.9996e-01	 7.3598e-01	 9.9982e-01
nan	 nan	 7.2752e-01	 9.9994e-01	 7.3672e-01	 9.9981e-01
nan	 nan	 7.2825e-01	 9.9993e-01	 7.3746e-01	 9.9980e-01
nan	 nan	 7.2897e-01	 9.9994e-01	 7.3820e-01	 9.9979e-01
nan	 nan	 7.2970e-01	 9.9994e-01	 7.3894e-01	 9.9977e-01
nan	 nan	 7.3043e-01	 9.9998e-01	 7.3968e-01	 9.9977e-01
nan	 nan	 7.3116e-01	 1.0000e+00	 7.4042e-01	 9.9975e-01
nan	 nan	 7.3190e-01	 1.0000e+00	 7.4116e-01	 9.9975e-01
nan	 nan	 7.3263e-01	 1.0001e+00	 7.4190e-01	 9.9975e-01
nan	 nan	 7.3336e-01	 1.0001e+00	 7.4264e-01	 9.9975e-01
nan	 nan	 7.3410e-01	 1.0002e+00	 7.4339e-01	 9.9975e-01
nan	 nan	 7.3483e-01	 1.0002e+00	 7.4413e-01	 9.9975e-01
nan	 nan	 7.3557e-01	 1.0003e+00	 7.4487e-01	 9.9977e-01
nan	 nan	 7.3630e-01	 1.0003e+00	 7.4562e-01	 9.9977e-01
nan	 nan	 7.3704e-01	 1.0004e+00	 7.4637e-01	 9.9979e-01
nan	 nan	 7.3778e-01	 1.0004e+00	 7.4711e-01	 9.9980e-01
nan	 nan	 7.3852e-01	 1.0004e+00	 7.4786e-01	 9.9982e-01
nan	 nan	 7.3925e-01	 1.0004e+00	 7.4861e-01	 9.9983e-01
nan	 nan	 7.3999e-01	 1.0005e+00	 7.4936e-01	 9.9985e-01
nan	 nan	 7.4073e-01	 1.0005e+00	 7.5011e-01	 9.9988e-01
nan	 nan	 7.4147e-01	 1.0005e+00	 7.5086e-01	 9.9990e-01
nan	 nan	 7.4221e-01	 1.0004e+00	 7.5161e-01	 9.9993e-01
nan	 nan	 7.4296e-01	 1.0004e+00	 7.5236e-01	 9.9996e-01
nan	 nan	 7.4370e-01	 1.0004e+00	 7.5311e-01	 9.9999e-01
nan	 nan	 7.4444e-01	 1.0004e+00	 7.5386e-01	 1.0000e+00
nan	 nan	 7.4519e-01	 1.0004e+00	 7.5462e-01	 1.0001e+00
nan	 nan	 7.4593e-01	 1.0004e+00	 7.5537e-01	 1.0001e+00
nan	 nan	 7.4668e-01	 1.0003e+00	 7.5613e-01	 1.0001e+00
nan	 nan	 7.4742e-01	 1.0003e+00	 7.5688e-01	 1.0002e+00
nan	 nan	 7.4817e-01	 1.0003e+00	 7.5764e-01	 1.0002e+00
nan	 nan	 7.4892e-01	 1.0003e+00	 7.5840e-01	 1.0002e+00
nan	 nan	 7.4966e-01	 1.0003e+00	 7.5915e-01	 1.0003e+00
nan	 nan	 7.5041e-01	 1.0003e+00	 7.5991e-01	 1.0003e+00
nan	 nan	 7.5116e-01	 1.0003e+00	 7.6067e-01	 1.0003e+00
nan	 nan	 7.5191e-01	 1.0002e+00	 7.6143e-01	 1.0003e+00
nan	 nan	 7.5266e-01	 1.0002e+00	 7.6219e-01	 1.0003e+00
nan	 nan	 7.5341e-01	 1.0002e+00	 7.6295e-01	 1.0003e+00
nan	 nan	 7.5417e-01	 1.0002e+00	 7.6372e-01	 1.0004e+00
nan	 nan	 7.5492e-01	 1.0002e+00	 7.6448e-01	 1.0004e+00
nan	 nan	 7.5567e-01	 1.0002e+00	 7.6524e-01	 1.0004e+00
nan	 nan	 7.5643e-01	 1.0002e+00	 7.6601e-01	 1.0004e+00
nan	 nan	 7.5718e-01	 1.0002e+00	 7.6677e-01	 1.0004e+00
nan	 nan	 7.5794e-01	 1.0002e+00	 7.6753e-01	 1.0004e+00
nan	 nan	 7.5869e-01	 1.0002e+00	 7.6830e-01	 1.0004e+00
nan	 nan	 7.5945e-01	 1.0002e+00	 7.6907e-01	 1.0004e+00
nan	 nan	 7.6021e-01	 1.0001e+00	 7.6984e-01	 1.0003e+00
nan	 nan	 7.6097e-01	 1.0001e+00	 7.7060e-01	 1.0003e+00
nan	 nan	 7.6173e-01	 1.0001e+00	 7.7137e-01	 1.0003e+00
nan	 nan	 7.6249e-01	 1.0001e+00	 7.7214e-01	 1.0003e+00
nan	 nan	 7.6325e-01	 1.0000e+00	 7.7291e-01	 1.0003e+00
nan	 nan	 7.6401e-01	 1.0000e+00	 7.7368e-01	 1.0003e+00
nan	 nan	 7.6477e-01	 9.9997e-01	 7.7445e-01	 1.0003e+00
nan	 nan	 7.6553e-01	 9.9993e-01	 7.7523e-01	 1.0002e+00
nan	 nan	 7.6630e-01	 9.9989e-01	 7.7600e-01	 1.0002e+00
nan	 nan	 7.6706e-01	 9.9985e-01	 7.7677e-01	 1.0002e+00
nan	 nan	 7.6783e-01	 9.9979e-01	 7.7755e-01	 1.0002e+00
nan	 nan	 7.6859e-01	 9.9975e-01	 7.7833e-01	 1.0002e+00
nan	 nan	 7.6936e-01	 9.9969e-01	 7.7910e-01	 1.0002e+00
nan	 nan	 7.7013e-01	 9.9965e-01	 7.7988e-01	 1.0002e+00
nan	 nan	 7.7089e-01	 9.9961e-01	 7.8066e-01	 1.0002e+00
nan	 nan	 7.7166e-01	 9.9957e-01	 7.8144e-01	 1.0002e+00
nan	 nan	 7.7243e-01	 9.9955e-01	 7.8222e-01	 1.0002e+00
nan	 nan	 7.7320e-01	 9.9953e-01	 7.8300e-01	 1.0002e+00
nan	 nan	 7.7397e-01	 9.9954e-01	 7.8378e-01	 1.0002e+00
nan	 nan	 7.7474e-01	 9.9954e-01	 7.8456e-01	 1.0002e+00
nan	 nan	 7.7551e-01	 9.9956e-01	 7.8534e-01	 1.0002e+00
nan	 nan	 7.7629e-01	 9.9959e-01	 7.8612e-01	 1.0002e+00
nan	 nan	 7.7706e-01	 9.9962e-01	 7.8691e-01	 1.0002e+00
nan	 nan	 7.7784e-01	 9.9967e-01	 7.8769e-01	 1.0002e+00
nan	 nan	 7.7861e-01	 9.9970e-01	 7.8848e-01	 1.0002e+00
nan	 nan	 7.7938e-01	 9.9976e-01	 7.8926e-01	 1.0003e+00
nan	 nan	 7.8016e-01	 9.9980e-01	 7.9005e-01	 1.0003e+00
nan	 nan	 7.8094e-01	 9.9985e-01	 7.9084e-01	 1.0003e+00
nan	 nan	 7.8172e-01	 9.9990e-01	 7.9163e-01	 1.0003e+00
nan	 nan	 7.8250e-01	 9.9995e-01	 7.9241e-01	 1.0003e+00
nan	 nan	 7.8328e-01	 1.0000e+00	 7.9320e-01	 1.0003e+00
nan	 nan	 7.8405e-01	 1.0001e+00	 7.9399e-01	 1.0003e+00
nan	 nan	 7.8483e-01	 1.0001e+00	 7.9478e-01	 1.0003e+00
nan	 nan	 7.8562e-01	 1.0002e+00	 7.9558e-01	 1.0003e+00
nan	 nan	 7.8640e-01	 1.0002e+00	 7.9637e-01	 1.0003e+00
nan	 nan	 7.8718e-01	 1.0002e+00	 7.9716e-01	 1.0003e+00
nan	 nan	 7.8796e-01	 1.0003e+00	 7.9795e-01	 1.0003e+00
nan	 nan	 7.8875e-01	 1.0003e+00	 7.9875e-01	 1.0003e+00
nan	 nan	 7.8953e-01	 1.0003e+00	 7.9954e-01	 1.0003e+00
nan	 nan	 7.9032e-01	 1.0004e+00	 8.0034e-01	 1.0003e+00
nan	 nan	 7.9110e-01	 1.0004e+00	 8.0114e-01	 1.0002e+00
nan	 nan	 7.9189e-01	 1.0004e+00	 8.0193e-01	 1.0002e+00
nan	 nan	 7.9268e-01	 1.0004e+00	 8.0273e-01	 1.0002e+00
nan	 nan	 7.9347e-01	 1.0004e+00	 8.0353e-01	 1.0002e+00
nan	 nan	 7.9426e-01	 1.0003e+00	 8.0433e-01	 1.0001e+00
nan	 nan	 7.9505e-01	 1.0003e+00	 8.0513e-01	 1.0001e+00
nan	 nan	 7.9584e-01	 1.0003e+00	 8.0593e-01	 1.0001e+00
nan	 nan	 7.9663e-01	 1.0003e+00	 8.0673e-01	 1.0000e+00
nan	 nan	 7.9742e-01	 1.0003e+00	 8.0753e-01	 1.0000e+00
nan	 nan	 7.9821e-01	 1.0002e+00	 8.0834e-01	 9.9998e-01
nan	 nan	 7.9901e-01	 1.0002e+00	 8.0914e-01	 9.9996e-01
nan	 nan	 7.9980e-01	 1.0002e+00	 8.0994e-01	 9.9993e-01
nan	 nan	 8.0060e-01	 1.0002e+00	 8.1075e-01	 9.9990e-01
nan	 nan	 8.0139e-01	 1.0002e+00	 8.1155e-01	 9.9988e-01
nan	 nan	 8.0219e-01	 1.0001e+00	 8.1236e-01	 9.9985e-01
nan	 nan	 8.0298e-01	 1.0001e+00	 8.1317e-01	 9.9983e-01
nan	 nan	 8.0378e-01	 1.0001e+00	 8.1398e-01	 9.9981e-01
nan	 nan	 8.0458e-01	 1.0001e+00	 8.1478e-01	 9.9979e-01
nan	 nan	 8.0538e-01	 1.0001e+00	 8.1559e-01	 9.9978e-01
nan	 nan	 8.0618e-01	 1.0001e+00	 8.1640e-01	 9.9976e-01
nan	 nan	 8.0698e-01	 1.0001e+00	 8.1721e-01	 9.9975e-01
nan	 nan	 8.0778e-01	 1.0001e+00	 8.1803e-01	 9.9974e-01
nan	 nan	 8.0858e-01	 1.0001e+00	 8.1884e-01	 9.9975e-01
nan	 nan	 8.0939e-01	 1.0001e+00	 8.1965e-01	 9.9975e-01
nan	 nan	 8.1019e-01	 1.0002e+00	 8.2046e-01	 9.9976e-01
nan	 nan	 8.1099e-01	 1.0002e+00	 8.2128e-01	 9.9977e-01
nan	 nan	 8.1180e-01	 1.0002e+00	 8.2210e-01	 9.9979e-01
nan	 nan	 8.1261e-01	 1.0003e+00	 8.2291e-01	 9.9982e-01
nan	 nan	 8.1341e-01	 1.0003e+00	 8.2373e-01	 9.9984e-01
nan	 nan	 8.1422e-01	 1.0004e+00	 8.2454e-01	 9.9988e-01
nan	 nan	 8.1503e-01	 1.0004e+00	 8.2536e-01	 9.9991e-01
nan	 nan	 8.1584e-01	 1.0005e+00	 8.2618e-01	 9.9995e-01
nan	 nan	 8.1665e-01	 1.0006e+00	 8.2700e-01	 9.9998e-01
nan	 nan	 8.1746e-01	 1.0006e+00	 8.2782e-01	 1.0000e+00
nan	 nan	 8.1827e-01	 1.0007e+00	 8.2865e-01	 1.0000e+00
nan	 nan	 8.1908e-01	 1.0007e+00	 8.2947e-01	 1.0001e+00
nan	 nan	 8.1989e-01	 1.0008e+00	 8.3029e-01	 1.0001e+00
nan	 nan	 8.2071e-01	 1.0008e+00	 8.3112e-01	 1.0001e+00
nan	 nan	 8.2152e-01	 1.0009e+00	 8.3194e-01	 1.0002e+00
nan	 nan	 8.2233e-01	 1.0009e+00	 8.3276e-01	 1.0002e+00
nan	 nan	 8.2315e-01	 1.0010e+00	 8.3359e-01	 1.0002e+00
nan	 nan	 8.2397e-01	 1.0010e+00	 8.3442e-01	 1.0002e+00
nan	 nan	 8.2478e-01	 1.0010e+00	 8.3525e-01	 1.0003e+00
nan	 nan	 8.2560e-01	 1.0010e+00	 8.3607e-01	 1.0003e+00
nan	 nan	 8.2642e-01	 1.0010e+00	 8.3690e-01	 1.0003e+00
nan	 nan	 8.2724e-01	 1.0010e+00	 8.3773e-01	 1.0003e+00
nan	 nan	 8.2806e-01	 1.0010e+00	 8.3856e-01	 1.0003e+00
nan	 nan	 8.2888e-01	 1.0010e+00	 8.3939e-01	 1.0004e+00
nan	 nan	 8.2970e-01	 1.0010e+00	 8.4022e-01	 1.0004e+00
nan	 nan	 8.3052e-01	 1.0010e+00	 8.4106e-01	 1.0004e+00
nan	 nan	 8.3135e-01	 1.0009e+00	 8.4189e-01	 1.0004e+00
nan	 nan	 8.3217e-01	 1.0009e+00	 8.4272e-01	 1.0004e+00
nan	 nan	 8.3299e-01	 1.0009e+00	 8.4356e-01	 1.0004e+00
nan	 nan	 8.3382e-01	 1.0009e+00	 8.4440e-01	 1.0004e+00
nan	 nan	 8.3464e-01	 1.0008e+00	 8.4523e-01	 1.0004e+00
nan	 nan	 8.3547e-01	 1.0008e+00	 8.4607e-01	 1.0004e+00
nan	 nan	 8.3630e-01	 1.0008e+00	 8.4691e-01	 1.0004e+00
nan	 nan	 8.3713e-01	 1.0007e+00	 8.4775e-01	 1.0004e+00
nan	 nan	 8.3795e-01	 1.0007e+00	 8.4859e-01	 1.0004e+00
nan	 nan	 8.3878e-01	 1.0006e+00	 8.4943e-01	 1.0004e+00
nan	 nan	 8.3961e-01	 1.0006e+00	 8.5027e-01	 1.0004e+00
nan	 nan	 8.4044e-01	 1.0006e+00	 8.5111e-01	 1.0004e+00
nan	 nan	 8.4128e-01	 1.0005e+00	 8.5195e-01	 1.0004e+00
nan	 nan	 8.4211e-01	 1.0005e+00	 8.5279e-01	 1.0004e+00
nan	 nan	 8.4294e-01	 1.0004e+00	 8.5364e-01	 1.0004e+00
nan	 nan	 8.4378e-01	 1.0004e+00	 8.5449e-01	 1.0004e+00
nan	 nan	 8.4461e-01	 1.0004e+00	 8.5533e-01	 1.0004e+00
nan	 nan	 8.4545e-01	 1.0003e+00	 8.5618e-01	 1.0004e+00
nan	 nan	 8.4628e-01	 1.0003e+00	 8.5703e-01	 1.0004e+00
nan	 nan	 8.4712e-01	 1.0003e+00	 8.5787e-01	 1.0004e+00
nan	 nan	 8.4796e-01	 1.0003e+00	 8.5872e-01	 1.0004e+00
nan	 nan	 8.4880e-01	 1.0003e+00	 8.5957e-01	 1.0004e+00
nan	 nan	 8.4964e-01	 1.0003e+00	 8.6042e-01	 1.0004e+00
nan	 nan	 8.5048e-01	 1.0003e+00	 8.6127e-01	 1.0004e+00
nan	 nan	 8.5132e-01	 1.0003e+00	 8.6212e-01	 1.0003e+00
nan	 nan	 8.5216e-01	 1.0003e+00	 8.6298e-01	 1.0003e+00
nan	 nan	 8.5301e-01	 1.0003e+00	 8.6383e-01	 1.0003e+00
nan	 nan	 8.5385e-01	 1.0003e+00	 8.6468e-01	 1.0003e+00
nan	 nan	 8.5469e-01	 1.0004e+00	 8.6554e-01	 1.0002e+00
nan	 nan	 8.5554e-01	 1.0004e+00	 8.6639e-01	 1.0002e+00
nan	 nan	 8.5638e-01	 1.0004e+00	 8.6725e-01	 1.0002e+00
nan	 nan	 8.5723e-01	 1.0004e+00	 8.6811e-01	 1.0002e+00
nan	 nan	 8.5808e-01	 1.0005e+00	 8.6897e-01	 1.0001e+00
nan	 nan	 8.5893e-01	 1.0005e+00	 8.6982e-01	 1.0001e+00
nan	 nan	 8.5978e-01	 1.0005e+00	 8.7069e-01	 1.0001e+00
nan	 nan	 8.6063e-01	 1.0006e+00	 8.7155e-01	 1.0001e+00
nan	 nan	 8.6148e-01	 1.0006e+00	 8.7241e-01	 1.0000e+00
nan	 nan	 8.6233e-01	 1.0006e+00	 8.7327e-01	 1.0000e+00
nan	 nan	 8.6318e-01	 1.0007e+00	 8.7413e-01	 1.0000e+00
nan	 nan	 8.6403e-01	 1.0007e+00	 8.7499e-01	 1.0000e+00
nan	 nan	 8.6489e-01	 1.0007e+00	 8.7586e-01	 1.0000e+00
nan	 nan	 8.6574e-01	 1.0007e+00	 8.7672e-01	 1.0000e+00
nan	 nan	 8.6660e-01	 1.0007e+00	 8.7759e-01	 1.0000e+00
nan	 nan	 8.6745e-01	 1.0007e+00	 8.7846e-01	 1.0000e+00
nan	 nan	 8.6831e-01	 1.0007e+00	 8.7932e-01	 1.0001e+00
nan	 nan	 8.6916e-01	 1.0007e+00	 8.8019e-01	 1.0001e+00
nan	 nan	 8.7002e-01	 1.0007e+00	 8.8106e-01	 1.0001e+00
nan	 nan	 8.7088e-01	 1.0007e+00	 8.8193e-01	 1.0001e+00
nan	 nan	 8.7174e-01	 1.0007e+00	 8.8280e-01	 1.0001e+00
nan	 nan	 8.7260e-01	 1.0007e+00	 8.8367e-01	 1.0002e+00
nan	 nan	 8.7346e-01	 1.0007e+00	 8.8454e-01	 1.0002e+00
nan	 nan	 8.7433e-01	 1.0008e+00	 8.8542e-01	 1.0002e+00
nan	 nan	 8.7519e-01	 1.0008e+00	 8.8629e-01	 1.0002e+00
nan	 nan	 8.7605e-01	 1.0008e+00	 8.8717e-01	 1.0002e+00
nan	 nan	 8.7692e-01	 1.0008e+00	 8.8804e-01	 1.0002e+00
nan	 nan	 8.7778e-01	 1.0008e+00	 8.8892e-01	 1.0002e+00
nan	 nan	 8.7865e-01	 1.0009e+00	 8.8980e-01	 1.0003e+00
nan	 nan	 8.7951e-01	 1.0009e+00	 8.9067e-01	 1.0003e+00
nan	 nan	 8.8038e-01	 1.0009e+00	 8.9155e-01	 1.0003e+00
nan	 nan	 8.8125e-01	 1.0009e+00	 8.9243e-01	 1.0003e+00
nan	 nan	 8.8212e-01	 1.0010e+00	 8.9331e-01	 1.0003e+00
nan	 nan	 8.8299e-01	 1.0010e+00	 8.9419e-01	 1.0003e+00
nan	 nan	 8.8386e-01	 1.0010e+00	 8.9508e-01	 1.0003e+00
nan	 nan	 8.8473e-01	 1.0011e+00	 8.9596e-01	 1.0003e+00
nan	 nan	 8.8560e-01	 1.0011e+00	 8.9684e-01	 1.0003e+00
nan	 nan	 8.8648e-01	 1.0012e+00	 8.9773e-01	 1.0003e+00
nan	 nan	 8.8735e-01	 1.0012e+00	 8.9861e-01	 1.0002e+00
nan	 nan	 8.8822e-01	 1.0012e+00	 8.9950e-01	 1.0002e+00
nan	 nan	 8.8910e-01	 1.0013e+00	 9.0039e-01	 1.0002e+00
nan	 nan	 8.8998e-01	 1.0013e+00	 9.0128e-01	 1.0002e+00
nan	 nan	 8.9085e-01	 1.0013e+00	 9.0216e-01	 1.0002e+00
nan	 nan	 8.9173e-01	 1.0013e+00	 9.0305e-01	 1.0002e+00
nan	 nan	 8.9261e-01	 1.0013e+00	 9.0394e-01	 1.0001e+00
nan	 nan	 8.9349e-01	 1.0013e+00	 9.0483e-01	 1.0001e+00
nan	 nan	 8.9437e-01	 1.0012e+00	 9.0573e-01	 1.0001e+00
nan	 nan	 8.9525e-01	 1.0012e+00	 9.0662e-01	 1.0001e+00
nan	 nan	 8.9613e-01	 1.0011e+00	 9.0751e-01	 1.0000e+00
nan	 nan	 8.9701e-01	 1.0011e+00	 9.0841e-01	 1.0000e+00
nan	 nan	 8.9790e-01	 1.0010e+00	 9.0930e-01	 1.0000e+00
nan	 nan	 8.9878e-01	 1.0010e+00	 9.1020e-01	 9.9998e-01
nan	 nan	 8.9967e-01	 1.0009e+00	 9.1109e-01	 9.9996e-01
nan	 nan	 9.0055e-01	 1.0008e+00	 9.1199e-01	 9.9994e-01
nan	 nan	 9.0144e-01	 1.0008e+00	 9.1289e-01	 9.9993e-01
nan	 nan	 9.0233e-01	 1.0007e+00	 9.1379e-01	 9.9992e-01
nan	 nan	 9.0321e-01	 1.0006e+00	 9.1469e-01	 9.9991e-01
nan	 nan	 9.0410e-01	 1.0006e+00	 9.1559e-01	 9.9990e-01
nan	 nan	 9.0499e-01	 1.0005e+00	 9.1649e-01	 9.9989e-01
nan	 nan	 9.0588e-01	 1.0004e+00	 9.1739e-01	 9.9988e-01
nan	 nan	 9.0677e-01	 1.0004e+00	 9.1830e-01	 9.9988e-01
nan	 nan	 9.0767e-01	 1.0003e+00	 9.1920e-01	 9.9988e-01
nan	 nan	 9.0856e-01	 1.0003e+00	 9.2011e-01	 9.9988e-01
nan	 nan	 9.0945e-01	 1.0002e+00	 9.2101e-01	 9.9988e-01
nan	 nan	 9.1035e-01	 1.0002e+00	 9.2192e-01	 9.9988e-01
nan	 nan	 9.1124e-01	 1.0002e+00	 9.2283e-01	 9.9989e-01
nan	 nan	 9.1214e-01	 1.0001e+00	 9.2373e-01	 9.9990e-01
nan	 nan	 9.1304e-01	 1.0001e+00	 9.2464e-01	 9.9992e-01
nan	 nan	 9.1393e-01	 1.0001e+00	 9.2555e-01	 9.9993e-01
nan	 nan	 9.1483e-01	 1.0001e+00	 9.2646e-01	 9.9995e-01
nan	 nan	 9.1573e-01	 1.0002e+00	 9.2737e-01	 9.9996e-01
nan	 nan	 9.1663e-01	 1.0002e+00	 9.2829e-01	 9.9998e-01
nan	 nan	 9.1753e-01	 1.0002e+00	 9.2920e-01	 1.0000e+00
nan	 nan	 9.1844e-01	 1.0003e+00	 9.3011e-01	 1.0000e+00
nan	 nan	 9.1934e-01	 1.0003e+00	 9.3103e-01	 1.0000e+00
nan	 nan	 9.2024e-01	 1.0004e+00	 9.3194e-01	 1.0000e+00
nan	 nan	 9.2115e-01	 1.0004e+00	 9.3286e-01	 1.0000e+00
nan	 nan	 9.2205e-01	 1.0005e+00	 9.3378e-01	 1.0000e+00
nan	 nan	 9.2296e-01	 1.0006e+00	 9.3470e-01	 1.0000e+00
nan	 nan	 9.2387e-01	 1.0007e+00	 9.3561e-01	 1.0000e+00
nan	 nan	 9.2477e-01	 1.0008e+00	 9.3654e-01	 1.0000e+00
nan	 nan	 9.2568e-01	 1.0009e+00	 9.3746e-01	 1.0000e+00
nan	 nan	 9.2659e-01	 1.0010e+00	 9.3838e-01	 1.0000e+00
nan	 nan	 9.2750e-01	 1.0011e+00	 9.3930e-01	 1.0000e+00
nan	 nan	 9.2841e-01	 1.0012e+00	 9.4023e-01	 9.9998e-01
nan	 nan	 9.2932e-01	 1.0013e+00	 9.4115e-01	 9.9997e-01
nan	 nan	 9.3024e-01	 1.0014e+00	 9.4208e-01	 9.9996e-01
nan	 nan	 9.3115e-01	 1.0014e+00	 9.4301e-01	 9.9995e-01
nan	 nan	 9.3207e-01	 1.0015e+00	 9.4393e-01	 9.9994e-01
nan	 nan	 9.3298e-01	 1.0016e+00	 9.4486e-01	 9.9993e-01
nan	 nan	 9.3390e-01	 1.0017e+00	 9.4580e-01	 9.9992e-01
nan	 nan	 9.3482e-01	 1.0017e+00	 9.4673e-01	 9.9991e-01
nan	 nan	 9.3574e-01	 1.0017e+00	 9.4766e-01	 9.9991e-01
nan	 nan	 9.3666e-01	 1.0017e+00	 9.4859e-01	 9.9991e-01
nan	 nan	 9.3758e-01	 1.0017e+00	 9.4952e-01	 9.9991e-01
nan	 nan	 9.3850e-01	 1.0017e+00	 9.5046e-01	 9.9992e-01
nan	 nan	 9.3942e-01	 1.0017e+00	 9.5139e-01	 9.9993e-01
nan	 nan	 9.4034e-01	 1.0016e+00	 9.5233e-01	 9.9994e-01
nan	 nan	 9.4127e-01	 1.0016e+00	 9.5326e-01	 9.9995e-01
nan	 nan	 9.4219e-01	 1.0015e+00	 9.5420e-01	 9.9997e-01
nan	 nan	 9.4312e-01	 1.0015e+00	 9.5514e-01	 9.9999e-01
nan	 nan	 9.4404e-01	 1.0014e+00	 9.5607e-01	 1.0000e+00
nan	 nan	 9.4497e-01	 1.0013e+00	 9.5701e-01	 1.0000e+00
nan	 nan	 9.4590e-01	 1.0012e+00	 9.5795e-01	 1.0001e+00
nan	 nan	 9.4683e-01	 1.0012e+00	 9.5889e-01	 1.0001e+00
nan	 nan	 9.4775e-01	 1.0011e+00	 9.5983e-01	 1.0001e+00
nan	 nan	 9.4869e-01	 1.0010e+00	 9.6078e-01	 1.0001e+00
nan	 nan	 9.4962e-01	 1.0009e+00	 9.6172e-01	 1.0002e+00
nan	 nan	 9.5055e-01	 1.0008e+00	 9.6266e-01	 1.0002e+00
nan	 nan	 9.5148e-01	 1.0007e+00	 9.6361e-01	 1.0002e+00
nan	 nan	 9.5241e-01	 1.0006e+00	 9.6455e-01	 1.0002e+00
nan	 nan	 9.5335e-01	 1.0005e+00	 9.6550e-01	 1.0002e+00
nan	 nan	 9.5428e-01	 1.0004e+00	 9.6645e-01	 1.0003e+00
nan	 nan	 9.5522e-01	 1.0004e+00	 9.6740e-01	 1.0003e+00
nan	 nan	 9.5616e-01	 1.0003e+00	 9.6835e-01	 1.0003e+00
nan	 nan	 9.5709e-01	 1.0002e+00	 9.6930e-01	 1.0003e+00
nan	 nan	 9.5803e-01	 1.0002e+00	 9.7025e-01	 1.0003e+00
nan	 nan	 9.5897e-01	 1.0001e+00	 9.7120e-01	 1.0003e+00
nan	 nan	 9.5991e-01	 1.0000e+00	 9.7215e-01	 1.0003e+00
nan	 nan	 9.6085e-01	 9.9998e-01	 9.7311e-01	 1.0003e+00
nan	 nan	 9.6179e-01	 9.9994e-01	 9.7406e-01	 1.0003e+00
nan	 nan	 9.6274e-01	 9.9991e-01	 9.7502e-01	 1.0003e+00
nan	 nan	 9.6368e-01	 9.9989e-01	 9.7597e-01	 1.0003e+00
nan	 nan	 9.6463e-01	 9.9988e-01	 9.7693e-01	 1.0003e+00
nan	 nan	 9.6557e-01	 9.9988e-01	 9.7789e-01	 1.0003e+00
nan	 nan	 9.6652e-01	 9.9989e-01	 9.7884e-01	 1.0003e+00
nan	 nan	 9.6747e-01	 9.9991e-01	 9.7980e-01	 1.0003e+00
nan	 nan	 9.6841e-01	 9.9993e-01	 9.8076e-01	 1.0003e+00
nan	 nan	 9.6936e-01	 9.9997e-01	 9.8172e-01	 1.0003e+00
nan	 nan	 9.7031e-01	 1.0000e+00	 9.8269e-01	 1.0003e+00
nan	 nan	 9.7126e-01	 1.0000e+00	 9.8365e-01	 1.0003e+00
nan	 nan	 9.7221e-01	 1.0001e+00	 9.8461e-01	 1.0003e+00
nan	 nan	 9.7316e-01	 1.0001e+00	 9.8558e-01	 1.0003e+00
nan	 nan	 9.7412e-01	 1.0002e+00	 9.8654e-01	 1.0003e+00
nan	 nan	 9.7507e-01	 1.0002e+00	 9.8751e-01	 1.0003e+00
nan	 nan	 9.7603e-01	 1.0003e+00	 9.8848e-01	 1.0003e+00
nan	 nan	 9.7698e-01	 1.0003e+00	 9.8945e-01	 1.0003e+00
nan	 nan	 9.7794e-01	 1.0004e+00	 9.9042e-01	 1.0003e+00
nan	 nan	 9.7889e-01	 1.0005e+00	 9.9138e-01	 1.0003e+00
nan	 nan	 9.7985e-01	 1.0005e+00	 9.9236e-01	 1.0003e+00
nan	 nan	 9.8081e-01	 1.0006e+00	 9.9333e-01	 1.0003e+00
nan	 nan	 9.8177e-01	 1.0006e+00	 9.9430e-01	 1.0003e+00
nan	 nan	 9.8273e-01	 1.0007e+00	 9.9528e-01	 1.0002e+00
nan	 nan	 9.8369e-01	 1.0008e+00	 9.9625e-01	 1.0002e+00
nan	 nan	 9.8465e-01	 1.0008e+00	 9.9723e-01	 1.0002e+00
nan	 nan	 9.8562e-01	 1.0009e+00	 9.9820e-01	 1.0002e+00
nan	 nan	 9.8658e-01	 1.0009e+00	 9.9918e-01	 1.0001e+00
nan	 nan	 9.8755e-01	 1.0010e+00	 1.0002e+00	 1.0001e+00
nan	 nan	 9.8852e-01	 1.0010e+00	 1.0011e+00	 1.0001e+00
nan	 nan	 9.8948e-01	 1.0011e+00	 1.0021e+00	 1.0001e+00
nan	 nan	 9.9045e-01	 1.0011e+00	 1.0031e+00	 1.0000e+00
nan	 nan	 9.9142e-01	 1.0011e+00	 1.0041e+00	 1.0000e+00
nan	 nan	 9.9239e-01	 1.0012e+00	 1.0051e+00	 1.0000e+00
nan	 nan	 9.9336e-01	 1.0012e+00	 1.0061e+00	 9.9998e-01
nan	 nan	 9.9433e-01	 1.0012e+00	 1.0070e+00	 9.9995e-01
nan	 nan	 9.9530e-01	 1.0012e+00	 1.0080e+00	 9.9994e-01
nan	 nan	 9.9628e-01	 1.0012e+00	 1.0090e+00	 9.9992e-01
nan	 nan	 9.9725e-01	 1.0011e+00	 1.0100e+00	 9.9991e-01
nan	 nan	 9.9822e-01	 1.0011e+00	 1.0110e+00	 9.9990e-01
nan	 nan	 9.9920e-01	 1.0011e+00	 1.0120e+00	 9.9989e-01
nan	 nan	 1.0002e+00	 1.0010e+00	 1.0130e+00	 9.9988e-01
nan	 nan	 1.0011e+00	 1.0010e+00	 1.0139e+00	 9.9987e-01
nan	 nan	 1.0021e+00	 1.0009e+00	 1.0149e+00	 9.9987e-01
nan	 nan	 1.0031e+00	 1.0008e+00	 1.0159e+00	 9.9986e-01
nan	 nan	 1.0041e+00	 1.0008e+00	 1.0169e+00	 9.9985e-01
nan	 nan	 1.0051e+00	 1.0007e+00	 1.0179e+00	 9.9985e-01
nan	 nan	 1.0061e+00	 1.0006e+00	 1.0189e+00	 9.9984e-01
nan	 nan	 1.0070e+00	 1.0006e+00	 1.0199e+00	 9.9985e-01
nan	 nan	 1.0080e+00	 1.0005e+00	 1.0209e+00	 9.9985e-01
nan	 nan	 1.0090e+00	 1.0005e+00	 1.0219e+00	 9.9986e-01
nan	 nan	 1.0100e+00	 1.0004e+00	 1.0229e+00	 9.9987e-01
nan	 nan	 1.0110e+00	 1.0004e+00	 1.0239e+00	 9.9988e-01
nan	 nan	 1.0120e+00	 1.0003e+00	 1.0249e+00	 9.9990e-01
nan	 nan	 1.0130e+00	 1.0003e+00	 1.0259e+00	 9.9992e-01
nan	 nan	 1.0139e+00	 1.0002e+00	 1.0269e+00	 9.9995e-01
nan	 nan	 1.0149e+00	 1.0002e+00	 1.0279e+00	 9.9997e-01
nan	 nan	 1.0159e+00	 1.0001e+00	 1.0289e+00	 1.0000e+00
nan	 nan	 1.0169e+00	 1.0001e+00	 1.0299e+00	 1.0000e+00
nan	 nan	 1.0179e+00	 1.0001e+00	 1.0309e+00	 1.0001e+00
nan	 nan	 1.0189e+00	 1.0000e+00	 1.0319e+00	 1.0001e+00
nan	 nan	 1.0199e+00	 1.0000e+00	 1.0329e+00	 1.0001e+00
nan	 nan	 1.0209e+00	 9.9999e-01	 1.0339e+00	 1.0001e+00
nan	 nan	 1.0219e+00	 9.9997e-01	 1.0350e+00	 1.0002e+00
nan	 nan	 1.0229e+00	 9.9998e-01	 1.0360e+00	 1.0002e+00
nan	 nan	 1.0239e+00	 9.9997e-01	 1.0370e+00	 1.0002e+00
nan	 nan	 1.0249e+00	 9.9998e-01	 1.0380e+00	 1.0002e+00
nan	 nan	 1.0259e+00	 9.9999e-01	 1.0390e+00	 1.0002e+00
nan	 nan	 1.0269e+00	 9.9999e-01	 1.0400e+00	 1.0002e+00
nan	 nan	 1.0279e+00	 1.0000e+00	 1.0410e+00	 1.0002e+00
nan	 nan	 1.0289e+00	 1.0000e+00	 1.0420e+00	 1.0002e+00
nan	 nan	 1.0299e+00	 1.0000e+00	 1.0431e+00	 1.0002e+00
nan	 nan	 1.0309e+00	 1.0001e+00	 1.0441e+00	 1.0002e+00
nan	 nan	 1.0319e+00	 1.0001e+00	 1.0451e+00	 1.0002e+00
nan	 nan	 1.0329e+00	 1.0001e+00	 1.0461e+00	 1.0002e+00
nan	 nan	 1.0339e+00	 1.0001e+00	 1.0472e+00	 1.0002e+00
nan	 nan	 1.0349e+00	 1.0001e+00	 1.0482e+00	 1.0002e+00
nan	 nan	 1.0359e+00	 1.0001e+00	 1.0492e+00	 1.0002e+00
nan	 nan	 1.0369e+00	 1.0001e+00	 1.0502e+00	 1.0002e+00
nan	 nan	 1.0379e+00	 1.0001e+00	 1.0512e+00	 1.0002e+00
nan	 nan	 1.0390e+00	 1.0001e+00	 1.0523e+00	 1.0002e+00
nan	 nan	 1.0400e+00	 1.0002e+00	 1.0533e+00	 1.0002e+00
nan	 nan	 1.0410e+00	 1.0002e+00	 1.0543e+00	 1.0002e+00
nan	 nan	 1.0420e+00	 1.0002e+00	 1.0554e+00	 1.0002e+00
nan	 nan	 1.0430e+00	 1.0002e+00	 1.0564e+00	 1.0002e+00
nan	 nan	 1.0440e+00	 1.0002e+00	 1.0574e+00	 1.0002e+00
nan	 nan	 1.0451e+00	 1.0002e+00	 1.0584e+00	 1.0002e+00
nan	 nan	 1.0461e+00	 1.0002e+00	 1.0595e+00	 1.0002e+00
nan	 nan	 1.0471e+00	 1.0002e+00	 1.0605e+00	 1.0002e+00
nan	 nan	 1.0481e+00	 1.0002e+00	 1.0615e+00	 1.0002e+00
nan	 nan	 1.0491e+00	 1.0002e+00	 1.0626e+00	 1.0002e+00
nan	 nan	 1.0502e+00	 1.0002e+00	 1.0636e+00	 1.0002e+00
nan	 nan	 1.0512e+00	 1.0002e+00	 1.0647e+00	 1.0002e+00
nan	 nan	 1.0522e+00	 1.0002e+00	 1.0657e+00	 1.0002e+00
nan	 nan	 1.0532e+00	 1.0002e+00	 1.0667e+00	 1.0003e+00
nan	 nan	 1.0542e+00	 1.0002e+00	 1.0678e+00	 1.0003e+00
nan	 nan	 1.0553e+00	 1.0002e+00	 1.0688e+00	 1.0003e+00
nan	 nan	 1.0563e+00	 1.0002e+00	 1.0698e+00	 1.0003e+00
nan	 nan	 1.0573e+00	 1.0002e+00	 1.0709e+00	 1.0003e+00
nan	 nan	 1.0584e+00	 1.0002e+00	 1.0719e+00	 1.0004e+00
nan	 nan	 1.0594e+00	 1.0002e+00	 1.0730e+00	 1.0004e+00
nan	 nan	 1.0604e+00	 1.0002e+00	 1.0740e+00	 1.0004e+00
nan	 nan	 1.0615e+00	 1.0002e+00	 1.0751e+00	 1.0004e+00
nan	 nan	 1.0625e+00	 1.0002e+00	 1.0761e+00	 1.0004e+00
nan	 nan	 1.0635e+00	 1.0002e+00	 1.0772e+00	 1.0004e+00
nan	 nan	 1.0646e+00	 1.0002e+00	 1.0782e+00	 1.0004e+00
nan	 nan	 1.0656e+00	 1.0002e+00	 1.0793e+00	 1.0005e+00
nan	 nan	 1.0666e+00	 1.0002e+00	 1.0803e+00	 1.0005e+00
nan	 nan	 1.0677e+00	 1.0003e+00	 1.0814e+00	 1.0005e+00
nan	 nan	 1.0687e+00	 1.0003e+00	 1.0824e+00	 1.0005e+00
nan	 nan	 1.0698e+00	 1.0003e+00	 1.0835e+00	 1.0005e+00
nan	 nan	 1.0708e+00	 1.0003e+00	 1.0845e+00	 1.0005e+00
nan	 nan	 1.0718e+00	 1.0003e+00	 1.0856e+00	 1.0005e+00
nan	 nan	 1.0729e+00	 1.0003e+00	 1.0866e+00	 1.0005e+00
nan	 nan	 1.0739e+00	 1.0002e+00	 1.0877e+00	 1.0006e+00
nan	 nan	 1.0750e+00	 1.0002e+00	 1.0888e+00	 1.0006e+00
nan	 nan	 1.0760e+00	 1.0002e+00	 1.0898e+00	 1.0006e+00
nan	 nan	 1.0771e+00	 1.0002e+00	 1.0909e+00	 1.0006e+00
nan	 nan	 1.0781e+00	 1.0001e+00	 1.0919e+00	 1.0006e+00
nan	 nan	 1.0792e+00	 1.0001e+00	 1.0930e+00	 1.0006e+00
nan	 nan	 1.0802e+00	 1.0001e+00	 1.0941e+00	 1.0006e+00
nan	 nan	 1.0813e+00	 1.0000e+00	 1.0951e+00	 1.0006e+00
nan	 nan	 1.0823e+00	 1.0000e+00	 1.0962e+00	 1.0006e+00
nan	 nan	 1.0834e+00	 9.9996e-01	 1.0973e+00	 1.0006e+00
nan	 nan	 1.0844e+00	 9.9992e-01	 1.0983e+00	 1.0006e+00
nan	 nan	 1.0855e+00	 9.9989e-01	 1.0994e+00	 1.0006e+00
nan	 nan	 1.0865e+00	 9.9986e-01	 1.1005e+00	 1.0006e+00
nan	 nan	 1.0876e+00	 9.9985e-01	 1.1015e+00	 1.0006e+00
nan	 nan	 1.0886e+00	 9.9982e-01	 1.1026e+00	 1.0006e+00
nan	 nan	 1.0897e+00	 9.9982e-01	 1.1037e+00	 1.0006e+00
nan	 nan	 1.0908e+00	 9.9981e-01	 1.1048e+00	 1.0006e+00
nan	 nan	 1.0918e+00	 9.9982e-01	 1.1058e+00	 1.0006e+00
nan	 nan	 1.0929e+00	 9.9983e-01	 1.1069e+00	 1.0005e+00
nan	 nan	 1.0939e+00	 9.9985e-01	 1.1080e+00	 1.0005e+00
nan	 nan	 1.0950e+00	 9.9989e-01	 1.1091e+00	 1.0005e+00
nan	 nan	 1.0961e+00	 9.9992e-01	 1.1101e+00	 1.0004e+00
nan	 nan	 1.0971e+00	 9.9997e-01	 1.1112e+00	 1.0004e+00
nan	 nan	 1.0982e+00	 1.0000e+00	 1.1123e+00	 1.0003e+00
nan	 nan	 1.0993e+00	 1.0001e+00	 1.1134e+00	 1.0003e+00
nan	 nan	 1.1003e+00	 1.0001e+00	 1.1145e+00	 1.0003e+00
nan	 nan	 1.1014e+00	 1.0001e+00	 1.1156e+00	 1.0002e+00
nan	 nan	 1.1025e+00	 1.0002e+00	 1.1166e+00	 1.0002e+00
nan	 nan	 1.1035e+00	 1.0002e+00	 1.1177e+00	 1.0001e+00
nan	 nan	 1.1046e+00	 1.0002e+00	 1.1188e+00	 1.0001e+00
nan	 nan	 1.1057e+00	 1.0002e+00	 1.1199e+00	 1.0001e+00
nan	 nan	 1.1068e+00	 1.0003e+00	 1.1210e+00	 1.0001e+00
nan	 nan	 1.1078e+00	 1.0003e+00	 1.1221e+00	 1.0000e+00
nan	 nan	 1.1089e+00	 1.0003e+00	 1.1232e+00	 1.0000e+00
nan	 nan	 1.1100e+00	 1.0003e+00	 1.1242e+00	 1.0000e+00
nan	 nan	 1.1111e+00	 1.0003e+00	 1.1253e+00	 9.9999e-01
nan	 nan	 1.1121e+00	 1.0003e+00	 1.1264e+00	 9.9999e-01
nan	 nan	 1.1132e+00	 1.0003e+00	 1.1275e+00	 9.9998e-01
nan	 nan	 1.1143e+00	 1.0004e+00	 1.1286e+00	 9.9998e-01
nan	 nan	 1.1154e+00	 1.0004e+00	 1.1297e+00	 9.9997e-01
nan	 nan	 1.1165e+00	 1.0004e+00	 1.1308e+00	 9.9997e-01
nan	 nan	 1.1176e+00	 1.0005e+00	 1.1319e+00	 9.9997e-01
nan	 nan	 1.1186e+00	 1.0005e+00	 1.1330e+00	 9.9996e-01
nan	 nan	 1.1197e+00	 1.0005e+00	 1.1341e+00	 9.9996e-01
nan	 nan	 1.1208e+00	 1.0006e+00	 1.1352e+00	 9.9995e-01
nan	 nan	 1.1219e+00	 1.0006e+00	 1.1363e+00	 9.9994e-01
nan	 nan	 1.1230e+00	 1.0006e+00	 1.1374e+00	 9.9993e-01
nan	 nan	 1.1241e+00	 1.0007e+00	 1.1385e+00	 9.9993e-01
nan	 nan	 1.1252e+00	 1.0007e+00	 1.1396e+00	 9.9993e-01
nan	 nan	 1.1262e+00	 1.0007e+00	 1.1407e+00	 9.9992e-01
nan	 nan	 1.1273e+00	 1.0008e+00	 1.1418e+00	 9.9993e-01
nan	 nan	 1.1284e+00	 1.0008e+00	 1.1429e+00	 9.9993e-01
nan	 nan	 1.1295e+00	 1.0008e+00	 1.1441e+00	 9.9994e-01
nan	 nan	 1.1306e+00	 1.0008e+00	 1.1452e+00	 9.9995e-01
nan	 nan	 1.1317e+00	 1.0008e+00	 1.1463e+00	 9.9997e-01
nan	 nan	 1.1328e+00	 1.0008e+00	 1.1474e+00	 9.9998e-01
nan	 nan	 1.1339e+00	 1.0008e+00	 1.1485e+00	 1.0000e+00
nan	 nan	 1.1350e+00	 1.0008e+00	 1.1496e+00	 1.0000e+00
nan	 nan	 1.1361e+00	 1.0008e+00	 1.1507e+00	 1.0000e+00
nan	 nan	 1.1372e+00	 1.0008e+00	 1.1519e+00	 1.0001e+00
nan	 nan	 1.1383e+00	 1.0007e+00	 1.1530e+00	 1.0001e+00
nan	 nan	 1.1394e+00	 1.0007e+00	 1.1541e+00	 1.0001e+00
nan	 nan	 1.1405e+00	 1.0007e+00	 1.1552e+00	 1.0001e+00
nan	 nan	 1.1416e+00	 1.0007e+00	 1.1563e+00	 1.0001e+00
nan	 nan	 1.1427e+00	 1.0007e+00	 1.1575e+00	 1.0001e+00
nan	 nan	 1.1438e+00	 1.0006e+00	 1.1586e+00	 1.0001e+00
nan	 nan	 1.1449e+00	 1.0006e+00	 1.1597e+00	 1.0002e+00
nan	 nan	 1.1461e+00	 1.0006e+00	 1.1608e+00	 1.0002e+00
nan	 nan	 1.1472e+00	 1.0006e+00	 1.1619e+00	 1.0002e+00
nan	 nan	 1.1483e+00	 1.0006e+00	 1.1631e+00	 1.0002e+00
nan	 nan	 1.1494e+00	 1.0006e+00	 1.1642e+00	 1.0002e+00
nan	 nan	 1.1505e+00	 1.0006e+00	 1.1653e+00	 1.0002e+00
nan	 nan	 1.1516e+00	 1.0006e+00	 1.1664e+00	 1.0002e+00
nan	 nan	 1.1527e+00	 1.0006e+00	 1.1676e+00	 1.0002e+00
nan	 nan	 1.1539e+00	 1.0006e+00	 1.1687e+00	 1.0002e+00
nan	 nan	 1.1550e+00	 1.0006e+00	 1.1699e+00	 1.0002e+00
nan	 nan	 1.1561e+00	 1.0006e+00	 1.1710e+00	 1.0002e+00
nan	 nan	 1.1572e+00	 1.0006e+00	 1.1721e+00	 1.0002e+00
nan	 nan	 1.1583e+00	 1.0006e+00	 1.1732e+00	 1.0002e+00
nan	 nan	 1.1595e+00	 1.0005e+00	 1.1744e+00	 1.0002e+00
nan	 nan	 1.1606e+00	 1.0005e+00	 1.1755e+00	 1.0002e+00
nan	 nan	 1.1617e+00	 1.0005e+00	 1.1767e+00	 1.0002e+00
nan	 nan	 1.1628e+00	 1.0005e+00	 1.1778e+00	 1.0002e+00
nan	 nan	 1.1640e+00	 1.0004e+00	 1.1789e+00	 1.0002e+00
nan	 nan	 1.1651e+00	 1.0004e+00	 1.1801e+00	 1.0002e+00
nan	 nan	 1.1662e+00	 1.0004e+00	 1.1812e+00	 1.0002e+00
nan	 nan	 1.1673e+00	 1.0004e+00	 1.1824e+00	 1.0002e+00
nan	 nan	 1.1685e+00	 1.0003e+00	 1.1835e+00	 1.0002e+00
nan	 nan	 1.1696e+00	 1.0003e+00	 1.1847e+00	 1.0002e+00
nan	 nan	 1.1707e+00	 1.0003e+00	 1.1858e+00	 1.0002e+00
nan	 nan	 1.1719e+00	 1.0002e+00	 1.1870e+00	 1.0002e+00
nan	 nan	 1.1730e+00	 1.0002e+00	 1.1881e+00	 1.0002e+00
nan	 nan	 1.1741e+00	 1.0002e+00	 1.1893e+00	 1.0002e+00
nan	 nan	 1.1753e+00	 1.0001e+00	 1.1904e+00	 1.0002e+00
nan	 nan	 1.1764e+00	 1.0001e+00	 1.1916e+00	 1.0002e+00
nan	 nan	 1.1775e+00	 1.0001e+00	 1.1927e+00	 1.0003e+00
nan	 nan	 1.1787e+00	 1.0001e+00	 1.1939e+00	 1.0003e+00
nan	 nan	 1.1798e+00	 1.0001e+00	 1.1950e+00	 1.0003e+00
nan	 nan	 1.1809e+00	 1.0000e+00	 1.1962e+00	 1.0003e+00
nan	 nan	 1.1821e+00	 1.0000e+00	 1.1973e+00	 1.0004e+00
nan	 nan	 1.1832e+00	 1.0000e+00	 1.1985e+00	 1.0004e+00
nan	 nan	 1.1844e+00	 1.0000e+00	 1.1997e+00	 1.0004e+00
nan	 nan	 1.1855e+00	 1.0000e+00	 1.2008e+00	 1.0005e+00
nan	 nan	 1.1867e+00	 1.0000e+00	 1.2020e+00	 1.0005e+00
nan	 nan	 1.1878e+00	 1.0000e+00	 1.2031e+00	 1.0005e+00
nan	 nan	 1.1890e+00	 1.0000e+00	 1.2043e+00	 1.0005e+00
nan	 nan	 1.1901e+00	 1.0000e+00	 1.2055e+00	 1.0005e+00
nan	 nan	 1.1913e+00	 1.0000e+00	 1.2066e+00	 1.0005e+00
nan	 nan	 1.1924e+00	 1.0000e+00	 1.2078e+00	 1.0006e+00
nan	 nan	 1.1936e+00	 1.0000e+00	 1.2090e+00	 1.0006e+00
nan	 nan	 1.1947e+00	 1.0000e+00	 1.2101e+00	 1.0006e+00
nan	 nan	 1.1959e+00	 1.0000e+00	 1.2113e+00	 1.0006e+00
nan	 nan	 1.1970e+00	 1.0000e+00	 1.2125e+00	 1.0006e+00
nan	 nan	 1.1982e+00	 1.0001e+00	 1.2137e+00	 1.0006e+00
nan	 nan	 1.1993e+00	 1.0001e+00	 1.2148e+00	 1.0005e+00
nan	 nan	 1.2005e+00	 1.0001e+00	 1.2160e+00	 1.0005e+00
nan	 nan	 1.2017e+00	 1.0001e+00	 1.2172e+00	 1.0005e+00
nan	 nan	 1.2028e+00	 1.0001e+00	 1.2184e+00	 1.0005e+00
nan	 nan	 1.2040e+00	 1.0001e+00	 1.2195e+00	 1.0005e+00
nan	 nan	 1.2051e+00	 1.0001e+00	 1.2207e+00	 1.0004e+00
nan	 nan	 1.2063e+00	 1.0001e+00	 1.2219e+00	 1.0004e+00
nan	 nan	 1.2075e+00	 1.0001e+00	 1.2231e+00	 1.0004e+00
nan	 nan	 1.2086e+00	 1.0001e+00	 1.2243e+00	 1.0003e+00
nan	 nan	 1.2098e+00	 1.0001e+00	 1.2254e+00	 1.0003e+00
nan	 nan	 1.2110e+00	 1.0001e+00	 1.2266e+00	 1.0002e+00
nan	 nan	 1.2122e+00	 1.0001e+00	 1.2278e+00	 1.0002e+00
nan	 nan	 1.2133e+00	 1.0001e+00	 1.2290e+00	 1.0002e+00
nan	 nan	 1.2145e+00	 1.0001e+00	 1.2302e+00	 1.0001e+00
nan	 nan	 1.2157e+00	 1.0001e+00	 1.2314e+00	 1.0001e+00
nan	 nan	 1.2168e+00	 1.0001e+00	 1.2326e+00	 1.0001e+00
nan	 nan	 1.2180e+00	 1.0001e+00	 1.2338e+00	 1.0000e+00
nan	 nan	 1.2192e+00	 1.0002e+00	 1.2350e+00	 1.0000e+00
nan	 nan	 1.2204e+00	 1.0002e+00	 1.2362e+00	 9.9997e-01
nan	 nan	 1.2215e+00	 1.0003e+00	 1.2374e+00	 9.9996e-01
nan	 nan	 1.2227e+00	 1.0003e+00	 1.2386e+00	 9.9995e-01
nan	 nan	 1.2239e+00	 1.0004e+00	 1.2397e+00	 9.9994e-01
nan	 nan	 1.2251e+00	 1.0005e+00	 1.2409e+00	 9.9995e-01
nan	 nan	 1.2263e+00	 1.0005e+00	 1.2422e+00	 9.9995e-01
nan	 nan	 1.2274e+00	 1.0006e+00	 1.2433e+00	 9.9996e-01
nan	 nan	 1.2286e+00	 1.0007e+00	 1.2446e+00	 9.9997e-01
nan	 nan	 1.2298e+00	 1.0008e+00	 1.2457e+00	 9.9999e-01
nan	 nan	 1.2310e+00	 1.0008e+00	 1.2470e+00	 1.0000e+00
nan	 nan	 1.2322e+00	 1.0009e+00	 1.2482e+00	 1.0000e+00
nan	 nan	 1.2334e+00	 1.0010e+00	 1.2494e+00	 1.0000e+00
nan	 nan	 1.2346e+00	 1.0010e+00	 1.2506e+00	 1.0001e+00
nan	 nan	 1.2357e+00	 1.0011e+00	 1.2518e+00	 1.0001e+00
nan	 nan	 1.2369e+00	 1.0011e+00	 1.2530e+00	 1.0001e+00
nan	 nan	 1.2381e+00	 1.0011e+00	 1.2542e+00	 1.0001e+00
nan	 nan	 1.2393e+00	 1.0011e+00	 1.2554e+00	 1.0001e+00
nan	 nan	 1.2405e+00	 1.0011e+00	 1.2566e+00	 1.0001e+00
nan	 nan	 1.2417e+00	 1.0011e+00	 1.2578e+00	 1.0001e+00
nan	 nan	 1.2429e+00	 1.0011e+00	 1.2590e+00	 1.0001e+00
nan	 nan	 1.2441e+00	 1.0011e+00	 1.2603e+00	 1.0001e+00
nan	 nan	 1.2453e+00	 1.0011e+00	 1.2615e+00	 1.0000e+00
nan	 nan	 1.2465e+00	 1.0010e+00	 1.2627e+00	 1.0000e+00
nan	 nan	 1.2477e+00	 1.0010e+00	 1.2639e+00	 1.0000e+00
nan	 nan	 1.2489e+00	 1.0009e+00	 1.2651e+00	 9.9997e-01
nan	 nan	 1.2501e+00	 1.0009e+00	 1.2663e+00	 9.9996e-01
nan	 nan	 1.2513e+00	 1.0008e+00	 1.2676e+00	 9.9994e-01
nan	 nan	 1.2525e+00	 1.0008e+00	 1.2688e+00	 9.9992e-01
nan	 nan	 1.2537e+00	 1.0008e+00	 1.2700e+00	 9.9990e-01
nan	 nan	 1.2549e+00	 1.0007e+00	 1.2712e+00	 9.9988e-01
nan	 nan	 1.2561e+00	 1.0007e+00	 1.2725e+00	 9.9986e-01
nan	 nan	 1.2573e+00	 1.0007e+00	 1.2737e+00	 9.9984e-01
nan	 nan	 1.2586e+00	 1.0007e+00	 1.2749e+00	 9.9983e-01
nan	 nan	 1.2598e+00	 1.0006e+00	 1.2761e+00	 9.9982e-01
nan	 nan	 1.2610e+00	 1.0006e+00	 1.2774e+00	 9.9981e-01
nan	 nan	 1.2622e+00	 1.0006e+00	 1.2786e+00	 9.9980e-01
nan	 nan	 1.2634e+00	 1.0006e+00	 1.2798e+00	 9.9980e-01
nan	 nan	 1.2646e+00	 1.0006e+00	 1.2811e+00	 9.9979e-01
nan	 nan	 1.2658e+00	 1.0005e+00	 1.2823e+00	 9.9979e-01
nan	 nan	 1.2671e+00	 1.0005e+00	 1.2835e+00	 9.9980e-01
nan	 nan	 1.2683e+00	 1.0005e+00	 1.2848e+00	 9.9979e-01
nan	 nan	 1.2695e+00	 1.0005e+00	 1.2860e+00	 9.9980e-01
nan	 nan	 1.2707e+00	 1.0005e+00	 1.2873e+00	 9.9980e-01
nan	 nan	 1.2720e+00	 1.0005e+00	 1.2885e+00	 9.9982e-01
nan	 nan	 1.2732e+00	 1.0005e+00	 1.2897e+00	 9.9982e-01
nan	 nan	 1.2744e+00	 1.0005e+00	 1.2910e+00	 9.9984e-01
nan	 nan	 1.2756e+00	 1.0006e+00	 1.2922e+00	 9.9985e-01
nan	 nan	 1.2769e+00	 1.0006e+00	 1.2935e+00	 9.9987e-01
nan	 nan	 1.2781e+00	 1.0006e+00	 1.2947e+00	 9.9989e-01
nan	 nan	 1.2793e+00	 1.0006e+00	 1.2960e+00	 9.9990e-01
nan	 nan	 1.2806e+00	 1.0007e+00	 1.2972e+00	 9.9992e-01
nan	 nan	 1.2818e+00	 1.0007e+00	 1.2985e+00	 9.9993e-01
nan	 nan	 1.2830e+00	 1.0007e+00	 1.2997e+00	 9.9995e-01
nan	 nan	 1.2843e+00	 1.0008e+00	 1.3010e+00	 9.9996e-01
nan	 nan	 1.2855e+00	 1.0008e+00	 1.3022e+00	 9.9997e-01
nan	 nan	 1.2867e+00	 1.0008e+00	 1.3035e+00	 9.9998e-01
nan	 nan	 1.2880e+00	 1.0009e+00	 1.3047e+00	 9.9998e-01
nan	 nan	 1.2892e+00	 1.0009e+00	 1.3060e+00	 1.0000e+00
nan	 nan	 1.2905e+00	 1.0010e+00	 1.3073e+00	 1.0000e+00
nan	 nan	 1.2917e+00	 1.0010e+00	 1.3085e+00	 1.0000e+00
nan	 nan	 1.2929e+00	 1.0010e+00	 1.3098e+00	 1.0000e+00
nan	 nan	 1.2942e+00	 1.0011e+00	 1.3110e+00	 1.0000e+00
nan	 nan	 1.2954e+00	 1.0011e+00	 1.3123e+00	 1.0000e+00
nan	 nan	 1.2967e+00	 1.0011e+00	 1.3136e+00	 1.0000e+00
nan	 nan	 1.2979e+00	 1.0012e+00	 1.3148e+00	 1.0000e+00
nan	 nan	 1.2992e+00	 1.0012e+00	 1.3161e+00	 1.0000e+00
nan	 nan	 1.3004e+00	 1.0012e+00	 1.3174e+00	 1.0001e+00
nan	 nan	 1.3017e+00	 1.0012e+00	 1.3186e+00	 1.0001e+00
nan	 nan	 1.3029e+00	 1.0012e+00	 1.3199e+00	 1.0001e+00
nan	 nan	 1.3042e+00	 1.0012e+00	 1.3212e+00	 1.0001e+00
nan	 nan	 1.3054e+00	 1.0012e+00	 1.3224e+00	 1.0001e+00
nan	 nan	 1.3067e+00	 1.0012e+00	 1.3237e+00	 1.0001e+00
nan	 nan	 1.3079e+00	 1.0012e+00	 1.3250e+00	 1.0001e+00
nan	 nan	 1.3092e+00	 1.0012e+00	 1.3262e+00	 1.0001e+00
nan	 nan	 1.3104e+00	 1.0011e+00	 1.3275e+00	 1.0001e+00
nan	 nan	 1.3117e+00	 1.0011e+00	 1.3288e+00	 1.0001e+00
nan	 nan	 1.3130e+00	 1.0011e+00	 1.3301e+00	 1.0001e+00
nan	 nan	 1.3142e+00	 1.0011e+00	 1.3314e+00	 1.0001e+00
nan	 nan	 1.3155e+00	 1.0011e+00	 1.3326e+00	 1.0001e+00
nan	 nan	 1.3168e+00	 1.0010e+00	 1.3339e+00	 1.0001e+00
nan	 nan	 1.3180e+00	 1.0010e+00	 1.3352e+00	 1.0001e+00
nan	 nan	 1.3193e+00	 1.0010e+00	 1.3365e+00	 1.0001e+00
nan	 nan	 1.3205e+00	 1.0009e+00	 1.3378e+00	 1.0001e+00
nan	 nan	 1.3218e+00	 1.0009e+00	 1.3391e+00	 1.0001e+00
nan	 nan	 1.3231e+00	 1.0009e+00	 1.3403e+00	 1.0001e+00
nan	 nan	 1.3244e+00	 1.0008e+00	 1.3416e+00	 1.0001e+00
nan	 nan	 1.3256e+00	 1.0008e+00	 1.3429e+00	 1.0001e+00
nan	 nan	 1.3269e+00	 1.0008e+00	 1.3442e+00	 1.0001e+00
nan	 nan	 1.3282e+00	 1.0008e+00	 1.3455e+00	 1.0001e+00
nan	 nan	 1.3295e+00	 1.0007e+00	 1.3468e+00	 1.0001e+00
nan	 nan	 1.3307e+00	 1.0007e+00	 1.3481e+00	 1.0002e+00
nan	 nan	 1.3320e+00	 1.0007e+00	 1.3494e+00	 1.0001e+00
nan	 nan	 1.3333e+00	 1.0007e+00	 1.3507e+00	 1.0002e+00
nan	 nan	 1.3346e+00	 1.0006e+00	 1.3520e+00	 1.0002e+00
nan	 nan	 1.3358e+00	 1.0006e+00	 1.3533e+00	 1.0002e+00
nan	 nan	 1.3371e+00	 1.0006e+00	 1.3546e+00	 1.0002e+00
nan	 nan	 1.3384e+00	 1.0005e+00	 1.3559e+00	 1.0002e+00
nan	 nan	 1.3397e+00	 1.0005e+00	 1.3572e+00	 1.0002e+00
nan	 nan	 1.3410e+00	 1.0005e+00	 1.3585e+00	 1.0002e+00
nan	 nan	 1.3423e+00	 1.0005e+00	 1.3598e+00	 1.0002e+00
nan	 nan	 1.3436e+00	 1.0004e+00	 1.3611e+00	 1.0002e+00
nan	 nan	 1.3448e+00	 1.0004e+00	 1.3624e+00	 1.0002e+00
nan	 nan	 1.3461e+00	 1.0004e+00	 1.3637e+00	 1.0002e+00
nan	 nan	 1.3474e+00	 1.0004e+00	 1.3651e+00	 1.0002e+00
nan	 nan	 1.3487e+00	 1.0004e+00	 1.3664e+00	 1.0002e+00
nan	 nan	 1.3500e+00	 1.0004e+00	 1.3677e+00	 1.0002e+00
nan	 nan	 1.3513e+00	 1.0004e+00	 1.3690e+00	 1.0002e+00
nan	 nan	 1.3526e+00	 1.0003e+00	 1.3703e+00	 1.0002e+00
nan	 nan	 1.3539e+00	 1.0003e+00	 1.3716e+00	 1.0002e+00
nan	 nan	 1.3552e+00	 1.0003e+00	 1.3729e+00	 1.0002e+00
nan	 nan	 1.3565e+00	 1.0003e+00	 1.3742e+00	 1.0002e+00
nan	 nan	 1.3578e+00	 1.0003e+00	 1.3756e+00	 1.0002e+00
nan	 nan	 1.3591e+00	 1.0003e+00	 1.3769e+00	 1.0001e+00
nan	 nan	 1.3604e+00	 1.0003e+00	 1.3782e+00	 1.0001e+00
nan	 nan	 1.3617e+00	 1.0003e+00	 1.3795e+00	 1.0001e+00
nan	 nan	 1.3630e+00	 1.0003e+00	 1.3809e+00	 1.0001e+00
nan	 nan	 1.3643e+00	 1.0003e+00	 1.3822e+00	 1.0001e+00
nan	 nan	 1.3656e+00	 1.0002e+00	 1.3835e+00	 1.0001e+00
nan	 nan	 1.3669e+00	 1.0002e+00	 1.3848e+00	 1.0000e+00
nan	 nan	 1.3682e+00	 1.0002e+00	 1.3862e+00	 1.0000e+00
nan	 nan	 1.3696e+00	 1.0002e+00	 1.3875e+00	 1.0000e+00
nan	 nan	 1.3709e+00	 1.0002e+00	 1.3888e+00	 9.9997e-01
nan	 nan	 1.3722e+00	 1.0002e+00	 1.3902e+00	 9.9996e-01
nan	 nan	 1.3735e+00	 1.0002e+00	 1.3915e+00	 9.9995e-01
nan	 nan	 1.3748e+00	 1.0002e+00	 1.3928e+00	 9.9994e-01
nan	 nan	 1.3761e+00	 1.0002e+00	 1.3942e+00	 9.9994e-01
nan	 nan	 1.3775e+00	 1.0002e+00	 1.3955e+00	 9.9994e-01
nan	 nan	 1.3788e+00	 1.0002e+00	 1.3969e+00	 9.9994e-01
nan	 nan	 1.3801e+00	 1.0002e+00	 1.3982e+00	 9.9994e-01
nan	 nan	 1.3814e+00	 1.0002e+00	 1.3995e+00	 9.9995e-01
nan	 nan	 1.3827e+00	 1.0002e+00	 1.4009e+00	 9.9995e-01
nan	 nan	 1.3841e+00	 1.0002e+00	 1.4022e+00	 9.9996e-01
nan	 nan	 1.3854e+00	 1.0002e+00	 1.4036e+00	 9.9997e-01
nan	 nan	 1.3867e+00	 1.0002e+00	 1.4049e+00	 9.9997e-01
nan	 nan	 1.3881e+00	 1.0003e+00	 1.4063e+00	 9.9998e-01
nan	 nan	 1.3894e+00	 1.0003e+00	 1.4076e+00	 9.9999e-01
nan	 nan	 1.3907e+00	 1.0003e+00	 1.4090e+00	 1.0000e+00
nan	 nan	 1.3921e+00	 1.0003e+00	 1.4103e+00	 1.0000e+00
nan	 nan	 1.3934e+00	 1.0004e+00	 1.4117e+00	 1.0000e+00
nan	 nan	 1.3947e+00	 1.0004e+00	 1.4130e+00	 1.0000e+00
nan	 nan	 1.3961e+00	 1.0005e+00	 1.4144e+00	 1.0001e+00
nan	 nan	 1.3974e+00	 1.0005e+00	 1.4158e+00	 1.0001e+00
nan	 nan	 1.3987e+00	 1.0006e+00	 1.4171e+00	 1.0001e+00
nan	 nan	 1.4001e+00	 1.0006e+00	 1.4185e+00	 1.0001e+00
nan	 nan	 1.4014e+00	 1.0006e+00	 1.4198e+00	 1.0001e+00
nan	 nan	 1.4027e+00	 1.0007e+00	 1.4212e+00	 1.0001e+00
nan	 nan	 1.4041e+00	 1.0007e+00	 1.4226e+00	 1.0002e+00
nan	 nan	 1.4054e+00	 1.0007e+00	 1.4239e+00	 1.0002e+00
nan	 nan	 1.4068e+00	 1.0008e+00	 1.4253e+00	 1.0002e+00
nan	 nan	 1.4081e+00	 1.0008e+00	 1.4267e+00	 1.0002e+00
nan	 nan	 1.4095e+00	 1.0008e+00	 1.4280e+00	 1.0002e+00
nan	 nan	 1.4108e+00	 1.0008e+00	 1.4294e+00	 1.0002e+00
nan	 nan	 1.4122e+00	 1.0007e+00	 1.4308e+00	 1.0002e+00
nan	 nan	 1.4135e+00	 1.0007e+00	 1.4321e+00	 1.0002e+00
nan	 nan	 1.4149e+00	 1.0007e+00	 1.4335e+00	 1.0002e+00
nan	 nan	 1.4162e+00	 1.0007e+00	 1.4349e+00	 1.0002e+00
nan	 nan	 1.4176e+00	 1.0007e+00	 1.4363e+00	 1.0002e+00
nan	 nan	 1.4189e+00	 1.0006e+00	 1.4376e+00	 1.0002e+00
nan	 nan	 1.4203e+00	 1.0006e+00	 1.4390e+00	 1.0002e+00
nan	 nan	 1.4217e+00	 1.0006e+00	 1.4404e+00	 1.0002e+00
nan	 nan	 1.4230e+00	 1.0006e+00	 1.4418e+00	 1.0002e+00
nan	 nan	 1.4244e+00	 1.0006e+00	 1.4432e+00	 1.0001e+00
nan	 nan	 1.4258e+00	 1.0006e+00	 1.4445e+00	 1.0001e+00
nan	 nan	 1.4271e+00	 1.0006e+00	 1.4459e+00	 1.0001e+00
nan	 nan	 1.4285e+00	 1.0006e+00	 1.4473e+00	 1.0001e+00
nan	 nan	 1.4298e+00	 1.0006e+00	 1.4487e+00	 1.0000e+00
nan	 nan	 1.4312e+00	 1.0006e+00	 1.4501e+00	 1.0000e+00
nan	 nan	 1.4326e+00	 1.0006e+00	 1.4515e+00	 1.0000e+00
nan	 nan	 1.4340e+00	 1.0006e+00	 1.4529e+00	 9.9997e-01
nan	 nan	 1.4353e+00	 1.0007e+00	 1.4543e+00	 9.9996e-01
nan	 nan	 1.4367e+00	 1.0007e+00	 1.4557e+00	 9.9993e-01
nan	 nan	 1.4381e+00	 1.0007e+00	 1.4570e+00	 9.9992e-01
nan	 nan	 1.4394e+00	 1.0007e+00	 1.4584e+00	 9.9990e-01
nan	 nan	 1.4408e+00	 1.0007e+00	 1.4598e+00	 9.9990e-01
nan	 nan	 1.4422e+00	 1.0007e+00	 1.4612e+00	 9.9989e-01
nan	 nan	 1.4436e+00	 1.0008e+00	 1.4626e+00	 9.9989e-01
nan	 nan	 1.4449e+00	 1.0008e+00	 1.4640e+00	 9.9990e-01
nan	 nan	 1.4463e+00	 1.0008e+00	 1.4654e+00	 9.9990e-01
nan	 nan	 1.4477e+00	 1.0008e+00	 1.4668e+00	 9.9991e-01
nan	 nan	 1.4491e+00	 1.0008e+00	 1.4682e+00	 9.9991e-01
nan	 nan	 1.4505e+00	 1.0008e+00	 1.4696e+00	 9.9992e-01
nan	 nan	 1.4519e+00	 1.0008e+00	 1.4710e+00	 9.9993e-01
nan	 nan	 1.4532e+00	 1.0008e+00	 1.4725e+00	 9.9994e-01
nan	 nan	 1.4546e+00	 1.0008e+00	 1.4739e+00	 9.9995e-01
nan	 nan	 1.4560e+00	 1.0007e+00	 1.4753e+00	 9.9995e-01
nan	 nan	 1.4574e+00	 1.0007e+00	 1.4767e+00	 9.9997e-01
nan	 nan	 1.4588e+00	 1.0007e+00	 1.4781e+00	 9.9997e-01
nan	 nan	 1.4602e+00	 1.0007e+00	 1.4795e+00	 9.9999e-01
nan	 nan	 1.4616e+00	 1.0007e+00	 1.4809e+00	 1.0000e+00
nan	 nan	 1.4630e+00	 1.0007e+00	 1.4824e+00	 1.0000e+00
nan	 nan	 1.4644e+00	 1.0006e+00	 1.4838e+00	 1.0000e+00
nan	 nan	 1.4658e+00	 1.0006e+00	 1.4852e+00	 1.0001e+00
nan	 nan	 1.4672e+00	 1.0006e+00	 1.4866e+00	 1.0001e+00
nan	 nan	 1.4686e+00	 1.0006e+00	 1.4880e+00	 1.0001e+00
nan	 nan	 1.4700e+00	 1.0006e+00	 1.4894e+00	 1.0001e+00
nan	 nan	 1.4714e+00	 1.0006e+00	 1.4909e+00	 1.0002e+00
nan	 nan	 1.4728e+00	 1.0006e+00	 1.4923e+00	 1.0002e+00
nan	 nan	 1.4742e+00	 1.0006e+00	 1.4937e+00	 1.0002e+00
nan	 nan	 1.4756e+00	 1.0006e+00	 1.4951e+00	 1.0003e+00
nan	 nan	 1.4770e+00	 1.0007e+00	 1.4966e+00	 1.0003e+00
nan	 nan	 1.4785e+00	 1.0007e+00	 1.4980e+00	 1.0003e+00
nan	 nan	 1.4799e+00	 1.0007e+00	 1.4994e+00	 1.0004e+00
nan	 nan	 1.4813e+00	 1.0007e+00	 1.5009e+00	 1.0004e+00
nan	 nan	 1.4827e+00	 1.0008e+00	 1.5023e+00	 1.0004e+00
nan	 nan	 1.4841e+00	 1.0008e+00	 1.5037e+00	 1.0005e+00
nan	 nan	 1.4855e+00	 1.0009e+00	 1.5052e+00	 1.0005e+00
nan	 nan	 1.4870e+00	 1.0009e+00	 1.5066e+00	 1.0005e+00
nan	 nan	 1.4884e+00	 1.0010e+00	 1.5081e+00	 1.0005e+00
nan	 nan	 1.4898e+00	 1.0011e+00	 1.5095e+00	 1.0005e+00
nan	 nan	 1.4912e+00	 1.0011e+00	 1.5109e+00	 1.0005e+00
nan	 nan	 1.4927e+00	 1.0012e+00	 1.5124e+00	 1.0006e+00
nan	 nan	 1.4941e+00	 1.0013e+00	 1.5138e+00	 1.0006e+00
nan	 nan	 1.4955e+00	 1.0013e+00	 1.5153e+00	 1.0006e+00
nan	 nan	 1.4969e+00	 1.0014e+00	 1.5167e+00	 1.0006e+00
nan	 nan	 1.4984e+00	 1.0014e+00	 1.5182e+00	 1.0006e+00
nan	 nan	 1.4998e+00	 1.0014e+00	 1.5196e+00	 1.0006e+00
nan	 nan	 1.5012e+00	 1.0015e+00	 1.5211e+00	 1.0005e+00
nan	 nan	 1.5026e+00	 1.0015e+00	 1.5225e+00	 1.0005e+00
nan	 nan	 1.5041e+00	 1.0015e+00	 1.5240e+00	 1.0005e+00
nan	 nan	 1.5055e+00	 1.0015e+00	 1.5254e+00	 1.0005e+00
nan	 nan	 1.5070e+00	 1.0015e+00	 1.5269e+00	 1.0005e+00
nan	 nan	 1.5084e+00	 1.0015e+00	 1.5284e+00	 1.0005e+00
nan	 nan	 1.5098e+00	 1.0015e+00	 1.5298e+00	 1.0005e+00
nan	 nan	 1.5113e+00	 1.0015e+00	 1.5313e+00	 1.0005e+00
nan	 nan	 1.5127e+00	 1.0015e+00	 1.5327e+00	 1.0005e+00
nan	 nan	 1.5142e+00	 1.0014e+00	 1.5342e+00	 1.0005e+00
nan	 nan	 1.5156e+00	 1.0014e+00	 1.5357e+00	 1.0005e+00
nan	 nan	 1.5170e+00	 1.0014e+00	 1.5371e+00	 1.0005e+00
nan	 nan	 1.5185e+00	 1.0013e+00	 1.5386e+00	 1.0005e+00
nan	 nan	 1.5199e+00	 1.0013e+00	 1.5401e+00	 1.0005e+00
nan	 nan	 1.5214e+00	 1.0012e+00	 1.5415e+00	 1.0005e+00
nan	 nan	 1.5228e+00	 1.0012e+00	 1.5430e+00	 1.0004e+00
nan	 nan	 1.5243e+00	 1.0011e+00	 1.5445e+00	 1.0004e+00
nan	 nan	 1.5257e+00	 1.0011e+00	 1.5459e+00	 1.0004e+00
nan	 nan	 1.5272e+00	 1.0010e+00	 1.5474e+00	 1.0004e+00
nan	 nan	 1.5287e+00	 1.0010e+00	 1.5489e+00	 1.0004e+00
nan	 nan	 1.5301e+00	 1.0009e+00	 1.5504e+00	 1.0004e+00
nan	 nan	 1.5316e+00	 1.0008e+00	 1.5519e+00	 1.0003e+00
nan	 nan	 1.5330e+00	 1.0008e+00	 1.5533e+00	 1.0003e+00
nan	 nan	 1.5345e+00	 1.0007e+00	 1.5548e+00	 1.0003e+00
nan	 nan	 1.5360e+00	 1.0007e+00	 1.5563e+00	 1.0003e+00
nan	 nan	 1.5374e+00	 1.0006e+00	 1.5578e+00	 1.0003e+00
nan	 nan	 1.5389e+00	 1.0005e+00	 1.5593e+00	 1.0003e+00
nan	 nan	 1.5404e+00	 1.0005e+00	 1.5608e+00	 1.0002e+00
nan	 nan	 1.5418e+00	 1.0004e+00	 1.5623e+00	 1.0002e+00
nan	 nan	 1.5433e+00	 1.0004e+00	 1.5638e+00	 1.0002e+00
nan	 nan	 1.5448e+00	 1.0003e+00	 1.5653e+00	 1.0002e+00
nan	 nan	 1.5462e+00	 1.0003e+00	 1.5668e+00	 1.0001e+00
nan	 nan	 1.5477e+00	 1.0002e+00	 1.5682e+00	 1.0001e+00
nan	 nan	 1.5492e+00	 1.0002e+00	 1.5697e+00	 1.0001e+00
nan	 nan	 1.5507e+00	 1.0002e+00	 1.5712e+00	 1.0001e+00
nan	 nan	 1.5521e+00	 1.0002e+00	 1.5727e+00	 1.0001e+00
nan	 nan	 1.5536e+00	 1.0002e+00	 1.5742e+00	 1.0001e+00
nan	 nan	 1.5551e+00	 1.0001e+00	 1.5757e+00	 1.0001e+00
nan	 nan	 1.5566e+00	 1.0001e+00	 1.5773e+00	 1.0001e+00
nan	 nan	 1.5581e+00	 1.0001e+00	 1.5788e+00	 1.0001e+00
nan	 nan	 1.5595e+00	 1.0001e+00	 1.5803e+00	 1.0001e+00
nan	 nan	 1.5610e+00	 1.0002e+00	 1.5818e+00	 1.0001e+00
nan	 nan	 1.5625e+00	 1.0001e+00	 1.5833e+00	 1.0001e+00
nan	 nan	 1.5640e+00	 1.0002e+00	 1.5848e+00	 1.0001e+00
nan	 nan	 1.5655e+00	 1.0002e+00	 1.5863e+00	 1.0001e+00
nan	 nan	 1.5670e+00	 1.0002e+00	 1.5878e+00	 1.0002e+00
nan	 nan	 1.5685e+00	 1.0002e+00	 1.5893e+00	 1.0002e+00
nan	 nan	 1.5700e+00	 1.0002e+00	 1.5908e+00	 1.0002e+00
nan	 nan	 1.5715e+00	 1.0003e+00	 1.5923e+00	 1.0002e+00
nan	 nan	 1.5730e+00	 1.0003e+00	 1.5939e+00	 1.0003e+00
nan	 nan	 1.5745e+00	 1.0003e+00	 1.5954e+00	 1.0003e+00
nan	 nan	 1.5759e+00	 1.0003e+00	 1.5969e+00	 1.0003e+00
nan	 nan	 1.5775e+00	 1.0004e+00	 1.5984e+00	 1.0004e+00
nan	 nan	 1.5790e+00	 1.0004e+00	 1.5999e+00	 1.0004e+00
nan	 nan	 1.5805e+00	 1.0004e+00	 1.6015e+00	 1.0004e+00
nan	 nan	 1.5820e+00	 1.0004e+00	 1.6030e+00	 1.0004e+00
nan	 nan	 1.5835e+00	 1.0004e+00	 1.6045e+00	 1.0005e+00
nan	 nan	 1.5850e+00	 1.0004e+00	 1.6061e+00	 1.0005e+00
nan	 nan	 1.5865e+00	 1.0004e+00	 1.6076e+00	 1.0005e+00
nan	 nan	 1.5880e+00	 1.0004e+00	 1.6091e+00	 1.0005e+00
nan	 nan	 1.5895e+00	 1.0004e+00	 1.6106e+00	 1.0005e+00
nan	 nan	 1.5910e+00	 1.0004e+00	 1.6122e+00	 1.0005e+00
nan	 nan	 1.5925e+00	 1.0004e+00	 1.6137e+00	 1.0005e+00
nan	 nan	 1.5940e+00	 1.0004e+00	 1.6153e+00	 1.0005e+00
nan	 nan	 1.5956e+00	 1.0004e+00	 1.6168e+00	 1.0005e+00
nan	 nan	 1.5971e+00	 1.0004e+00	 1.6183e+00	 1.0005e+00
nan	 nan	 1.5986e+00	 1.0003e+00	 1.6199e+00	 1.0005e+00
nan	 nan	 1.6001e+00	 1.0003e+00	 1.6214e+00	 1.0005e+00
nan	 nan	 1.6016e+00	 1.0003e+00	 1.6230e+00	 1.0005e+00
nan	 nan	 1.6032e+00	 1.0003e+00	 1.6245e+00	 1.0005e+00
nan	 nan	 1.6047e+00	 1.0002e+00	 1.6260e+00	 1.0004e+00
nan	 nan	 1.6062e+00	 1.0002e+00	 1.6276e+00	 1.0004e+00
nan	 nan	 1.6078e+00	 1.0002e+00	 1.6291e+00	 1.0004e+00
nan	 nan	 1.6093e+00	 1.0002e+00	 1.6307e+00	 1.0004e+00
nan	 nan	 1.6108e+00	 1.0002e+00	 1.6322e+00	 1.0003e+00
nan	 nan	 1.6123e+00	 1.0001e+00	 1.6338e+00	 1.0003e+00
nan	 nan	 1.6139e+00	 1.0001e+00	 1.6354e+00	 1.0003e+00
nan	 nan	 1.6154e+00	 1.0001e+00	 1.6369e+00	 1.0003e+00
nan	 nan	 1.6169e+00	 1.0001e+00	 1.6385e+00	 1.0002e+00
nan	 nan	 1.6185e+00	 1.0001e+00	 1.6400e+00	 1.0002e+00
nan	 nan	 1.6200e+00	 1.0001e+00	 1.6416e+00	 1.0002e+00
nan	 nan	 1.6216e+00	 1.0001e+00	 1.6432e+00	 1.0002e+00
nan	 nan	 1.6231e+00	 1.0001e+00	 1.6447e+00	 1.0002e+00
nan	 nan	 1.6246e+00	 1.0001e+00	 1.6463e+00	 1.0002e+00
nan	 nan	 1.6262e+00	 1.0002e+00	 1.6478e+00	 1.0002e+00
nan	 nan	 1.6277e+00	 1.0002e+00	 1.6494e+00	 1.0002e+00
nan	 nan	 1.6293e+00	 1.0002e+00	 1.6510e+00	 1.0002e+00
nan	 nan	 1.6308e+00	 1.0003e+00	 1.6525e+00	 1.0002e+00
nan	 nan	 1.6324e+00	 1.0003e+00	 1.6541e+00	 1.0002e+00
nan	 nan	 1.6339e+00	 1.0003e+00	 1.6557e+00	 1.0002e+00
nan	 nan	 1.6355e+00	 1.0004e+00	 1.6573e+00	 1.0002e+00
nan	 nan	 1.6370e+00	 1.0004e+00	 1.6588e+00	 1.0002e+00
nan	 nan	 1.6386e+00	 1.0005e+00	 1.6604e+00	 1.0002e+00
nan	 nan	 1.6402e+00	 1.0005e+00	 1.6620e+00	 1.0002e+00
nan	 nan	 1.6417e+00	 1.0005e+00	 1.6636e+00	 1.0002e+00
nan	 nan	 1.6433e+00	 1.0005e+00	 1.6652e+00	 1.0002e+00
nan	 nan	 1.6448e+00	 1.0006e+00	 1.6668e+00	 1.0002e+00
nan	 nan	 1.6464e+00	 1.0006e+00	 1.6683e+00	 1.0002e+00
nan	 nan	 1.6480e+00	 1.0006e+00	 1.6699e+00	 1.0002e+00
nan	 nan	 1.6495e+00	 1.0006e+00	 1.6715e+00	 1.0002e+00
nan	 nan	 1.6511e+00	 1.0006e+00	 1.6731e+00	 1.0002e+00
nan	 nan	 1.6527e+00	 1.0007e+00	 1.6747e+00	 1.0002e+00
nan	 nan	 1.6542e+00	 1.0007e+00	 1.6763e+00	 1.0002e+00
nan	 nan	 1.6558e+00	 1.0007e+00	 1.6779e+00	 1.0002e+00
nan	 nan	 1.6574e+00	 1.0007e+00	 1.6795e+00	 1.0002e+00
nan	 nan	 1.6590e+00	 1.0007e+00	 1.6811e+00	 1.0002e+00
nan	 nan	 1.6605e+00	 1.0007e+00	 1.6827e+00	 1.0002e+00
nan	 nan	 1.6621e+00	 1.0006e+00	 1.6843e+00	 1.0003e+00
nan	 nan	 1.6637e+00	 1.0006e+00	 1.6859e+00	 1.0003e+00
nan	 nan	 1.6653e+00	 1.0006e+00	 1.6875e+00	 1.0003e+00
nan	 nan	 1.6668e+00	 1.0006e+00	 1.6891e+00	 1.0003e+00
nan	 nan	 1.6684e+00	 1.0005e+00	 1.6907e+00	 1.0003e+00
nan	 nan	 1.6700e+00	 1.0005e+00	 1.6923e+00	 1.0004e+00
nan	 nan	 1.6716e+00	 1.0005e+00	 1.6939e+00	 1.0004e+00
nan	 nan	 1.6732e+00	 1.0004e+00	 1.6955e+00	 1.0004e+00
nan	 nan	 1.6748e+00	 1.0004e+00	 1.6971e+00	 1.0004e+00
nan	 nan	 1.6764e+00	 1.0003e+00	 1.6987e+00	 1.0004e+00
nan	 nan	 1.6780e+00	 1.0003e+00	 1.7004e+00	 1.0004e+00
nan	 nan	 1.6796e+00	 1.0002e+00	 1.7020e+00	 1.0004e+00
nan	 nan	 1.6811e+00	 1.0002e+00	 1.7036e+00	 1.0004e+00
nan	 nan	 1.6827e+00	 1.0002e+00	 1.7052e+00	 1.0004e+00
nan	 nan	 1.6843e+00	 1.0001e+00	 1.7068e+00	 1.0004e+00
nan	 nan	 1.6859e+00	 1.0001e+00	 1.7084e+00	 1.0004e+00
nan	 nan	 1.6875e+00	 1.0001e+00	 1.7101e+00	 1.0004e+00
nan	 nan	 1.6891e+00	 1.0001e+00	 1.7117e+00	 1.0004e+00
nan	 nan	 1.6907e+00	 1.0001e+00	 1.7133e+00	 1.0004e+00
nan	 nan	 1.6924e+00	 1.0001e+00	 1.7149e+00	 1.0004e+00
nan	 nan	 1.6940e+00	 1.0001e+00	 1.7166e+00	 1.0004e+00
nan	 nan	 1.6956e+00	 1.0001e+00	 1.7182e+00	 1.0004e+00
nan	 nan	 1.6972e+00	 1.0001e+00	 1.7198e+00	 1.0004e+00
nan	 nan	 1.6988e+00	 1.0001e+00	 1.7215e+00	 1.0004e+00
nan	 nan	 1.7004e+00	 1.0001e+00	 1.7231e+00	 1.0004e+00
nan	 nan	 1.7020e+00	 1.0002e+00	 1.7247e+00	 1.0004e+00
nan	 nan	 1.7036e+00	 1.0002e+00	 1.7264e+00	 1.0004e+00
nan	 nan	 1.7052e+00	 1.0003e+00	 1.7280e+00	 1.0004e+00
nan	 nan	 1.7068e+00	 1.0003e+00	 1.7296e+00	 1.0004e+00
nan	 nan	 1.7085e+00	 1.0004e+00	 1.7313e+00	 1.0004e+00
nan	 nan	 1.7101e+00	 1.0004e+00	 1.7329e+00	 1.0004e+00
nan	 nan	 1.7117e+00	 1.0005e+00	 1.7346e+00	 1.0004e+00
nan	 nan	 1.7133e+00	 1.0005e+00	 1.7362e+00	 1.0003e+00
nan	 nan	 1.7150e+00	 1.0006e+00	 1.7379e+00	 1.0003e+00
nan	 nan	 1.7166e+00	 1.0007e+00	 1.7395e+00	 1.0003e+00
nan	 nan	 1.7182e+00	 1.0008e+00	 1.7412e+00	 1.0003e+00
nan	 nan	 1.7199e+00	 1.0008e+00	 1.7428e+00	 1.0003e+00
nan	 nan	 1.7215e+00	 1.0009e+00	 1.7445e+00	 1.0002e+00
nan	 nan	 1.7231e+00	 1.0010e+00	 1.7461e+00	 1.0002e+00
nan	 nan	 1.7247e+00	 1.0010e+00	 1.7478e+00	 1.0002e+00
nan	 nan	 1.7264e+00	 1.0011e+00	 1.7494e+00	 1.0001e+00
nan	 nan	 1.7280e+00	 1.0012e+00	 1.7511e+00	 1.0001e+00
nan	 nan	 1.7297e+00	 1.0012e+00	 1.7528e+00	 1.0001e+00
nan	 nan	 1.7313e+00	 1.0013e+00	 1.7544e+00	 1.0001e+00
nan	 nan	 1.7329e+00	 1.0013e+00	 1.7561e+00	 1.0000e+00
nan	 nan	 1.7346e+00	 1.0014e+00	 1.7577e+00	 1.0000e+00
nan	 nan	 1.7362e+00	 1.0014e+00	 1.7594e+00	 9.9997e-01
nan	 nan	 1.7379e+00	 1.0014e+00	 1.7611e+00	 9.9995e-01
nan	 nan	 1.7395e+00	 1.0014e+00	 1.7628e+00	 9.9994e-01
nan	 nan	 1.7412e+00	 1.0014e+00	 1.7644e+00	 9.9991e-01
nan	 nan	 1.7428e+00	 1.0014e+00	 1.7661e+00	 9.9990e-01
nan	 nan	 1.7445e+00	 1.0014e+00	 1.7678e+00	 9.9988e-01
nan	 nan	 1.7461e+00	 1.0014e+00	 1.7694e+00	 9.9987e-01
nan	 nan	 1.7478e+00	 1.0014e+00	 1.7711e+00	 9.9985e-01
nan	 nan	 1.7494e+00	 1.0014e+00	 1.7728e+00	 9.9984e-01
nan	 nan	 1.7511e+00	 1.0014e+00	 1.7745e+00	 9.9984e-01
nan	 nan	 1.7528e+00	 1.0014e+00	 1.7762e+00	 9.9983e-01
nan	 nan	 1.7544e+00	 1.0013e+00	 1.7779e+00	 9.9984e-01
nan	 nan	 1.7561e+00	 1.0013e+00	 1.7795e+00	 9.9983e-01
nan	 nan	 1.7577e+00	 1.0013e+00	 1.7812e+00	 9.9985e-01
nan	 nan	 1.7594e+00	 1.0012e+00	 1.7829e+00	 9.9986e-01
nan	 nan	 1.7611e+00	 1.0012e+00	 1.7846e+00	 9.9987e-01
nan	 nan	 1.7628e+00	 1.0011e+00	 1.7863e+00	 9.9989e-01
nan	 nan	 1.7644e+00	 1.0011e+00	 1.7880e+00	 9.9990e-01
nan	 nan	 1.7661e+00	 1.0010e+00	 1.7897e+00	 9.9993e-01
nan	 nan	 1.7678e+00	 1.0010e+00	 1.7914e+00	 9.9994e-01
nan	 nan	 1.7694e+00	 1.0010e+00	 1.7931e+00	 9.9996e-01
nan	 nan	 1.7711e+00	 1.0009e+00	 1.7948e+00	 9.9998e-01
nan	 nan	 1.7728e+00	 1.0009e+00	 1.7965e+00	 1.0000e+00
nan	 nan	 1.7745e+00	 1.0008e+00	 1.7982e+00	 1.0000e+00
nan	 nan	 1.7761e+00	 1.0008e+00	 1.7999e+00	 1.0000e+00
nan	 nan	 1.7778e+00	 1.0008e+00	 1.8016e+00	 1.0001e+00
nan	 nan	 1.7795e+00	 1.0007e+00	 1.8033e+00	 1.0001e+00
nan	 nan	 1.7812e+00	 1.0006e+00	 1.8050e+00	 1.0001e+00
nan	 nan	 1.7829e+00	 1.0006e+00	 1.8067e+00	 1.0001e+00
nan	 nan	 1.7846e+00	 1.0005e+00	 1.8084e+00	 1.0001e+00
nan	 nan	 1.7863e+00	 1.0005e+00	 1.8102e+00	 1.0001e+00
nan	 nan	 1.7880e+00	 1.0004e+00	 1.8119e+00	 1.0001e+00
nan	 nan	 1.7896e+00	 1.0003e+00	 1.8136e+00	 1.0002e+00
nan	 nan	 1.7913e+00	 1.0002e+00	 1.8153e+00	 1.0002e+00
nan	 nan	 1.7930e+00	 1.0002e+00	 1.8170e+00	 1.0002e+00
nan	 nan	 1.7947e+00	 1.0001e+00	 1.8188e+00	 1.0002e+00
nan	 nan	 1.7964e+00	 1.0001e+00	 1.8205e+00	 1.0002e+00
nan	 nan	 1.7981e+00	 1.0000e+00	 1.8222e+00	 1.0002e+00
nan	 nan	 1.7998e+00	 9.9994e-01	 1.8239e+00	 1.0002e+00
nan	 nan	 1.8015e+00	 9.9991e-01	 1.8257e+00	 1.0002e+00
nan	 nan	 1.8032e+00	 9.9986e-01	 1.8274e+00	 1.0002e+00
nan	 nan	 1.8050e+00	 9.9985e-01	 1.8291e+00	 1.0002e+00
nan	 nan	 1.8067e+00	 9.9982e-01	 1.8309e+00	 1.0002e+00
nan	 nan	 1.8084e+00	 9.9981e-01	 1.8326e+00	 1.0002e+00
nan	 nan	 1.8101e+00	 9.9979e-01	 1.8343e+00	 1.0002e+00
nan	 nan	 1.8118e+00	 9.9978e-01	 1.8360e+00	 1.0002e+00
nan	 nan	 1.8135e+00	 9.9979e-01	 1.8378e+00	 1.0002e+00
nan	 nan	 1.8152e+00	 9.9978e-01	 1.8395e+00	 1.0002e+00
nan	 nan	 1.8169e+00	 9.9979e-01	 1.8413e+00	 1.0002e+00
nan	 nan	 1.8187e+00	 9.9980e-01	 1.8430e+00	 1.0002e+00
nan	 nan	 1.8204e+00	 9.9982e-01	 1.8448e+00	 1.0002e+00
nan	 nan	 1.8221e+00	 9.9984e-01	 1.8465e+00	 1.0002e+00
nan	 nan	 1.8238e+00	 9.9986e-01	 1.8482e+00	 1.0002e+00
nan	 nan	 1.8256e+00	 9.9990e-01	 1.8500e+00	 1.0002e+00
nan	 nan	 1.8273e+00	 9.9992e-01	 1.8518e+00	 1.0002e+00
nan	 nan	 1.8290e+00	 9.9997e-01	 1.8535e+00	 1.0002e+00
nan	 nan	 1.8307e+00	 1.0000e+00	 1.8553e+00	 1.0002e+00
nan	 nan	 1.8325e+00	 1.0001e+00	 1.8570e+00	 1.0002e+00
nan	 nan	 1.8342e+00	 1.0001e+00	 1.8588e+00	 1.0002e+00
nan	 nan	 1.8359e+00	 1.0001e+00	 1.8605e+00	 1.0002e+00
nan	 nan	 1.8377e+00	 1.0002e+00	 1.8623e+00	 1.0002e+00
nan	 nan	 1.8394e+00	 1.0002e+00	 1.8640e+00	 1.0002e+00
nan	 nan	 1.8411e+00	 1.0003e+00	 1.8658e+00	 1.0002e+00
nan	 nan	 1.8429e+00	 1.0003e+00	 1.8676e+00	 1.0001e+00
nan	 nan	 1.8446e+00	 1.0003e+00	 1.8693e+00	 1.0001e+00
nan	 nan	 1.8464e+00	 1.0004e+00	 1.8711e+00	 1.0001e+00
nan	 nan	 1.8481e+00	 1.0004e+00	 1.8729e+00	 1.0001e+00
nan	 nan	 1.8499e+00	 1.0004e+00	 1.8746e+00	 1.0001e+00
nan	 nan	 1.8516e+00	 1.0004e+00	 1.8764e+00	 1.0001e+00
nan	 nan	 1.8534e+00	 1.0005e+00	 1.8782e+00	 1.0001e+00
nan	 nan	 1.8551e+00	 1.0005e+00	 1.8800e+00	 1.0001e+00
nan	 nan	 1.8569e+00	 1.0005e+00	 1.8817e+00	 1.0001e+00
nan	 nan	 1.8586e+00	 1.0005e+00	 1.8835e+00	 1.0001e+00
nan	 nan	 1.8604e+00	 1.0006e+00	 1.8853e+00	 1.0000e+00
nan	 nan	 1.8621e+00	 1.0006e+00	 1.8871e+00	 1.0000e+00
nan	 nan	 1.8639e+00	 1.0006e+00	 1.8889e+00	 1.0000e+00
nan	 nan	 1.8657e+00	 1.0006e+00	 1.8906e+00	 1.0000e+00
nan	 nan	 1.8674e+00	 1.0006e+00	 1.8924e+00	 1.0000e+00
nan	 nan	 1.8692e+00	 1.0006e+00	 1.8942e+00	 1.0000e+00
nan	 nan	 1.8709e+00	 1.0007e+00	 1.8960e+00	 1.0000e+00
nan	 nan	 1.8727e+00	 1.0007e+00	 1.8978e+00	 1.0000e+00
nan	 nan	 1.8745e+00	 1.0007e+00	 1.8996e+00	 1.0000e+00
nan	 nan	 1.8762e+00	 1.0007e+00	 1.9014e+00	 1.0000e+00
nan	 nan	 1.8780e+00	 1.0007e+00	 1.9032e+00	 1.0000e+00
nan	 nan	 1.8798e+00	 1.0007e+00	 1.9050e+00	 1.0000e+00
nan	 nan	 1.8816e+00	 1.0007e+00	 1.9068e+00	 1.0000e+00
nan	 nan	 1.8834e+00	 1.0007e+00	 1.9086e+00	 1.0000e+00
nan	 nan	 1.8851e+00	 1.0006e+00	 1.9104e+00	 1.0001e+00
nan	 nan	 1.8869e+00	 1.0006e+00	 1.9122e+00	 1.0001e+00
nan	 nan	 1.8887e+00	 1.0006e+00	 1.9140e+00	 1.0001e+00
nan	 nan	 1.8905e+00	 1.0006e+00	 1.9158e+00	 1.0001e+00
nan	 nan	 1.8923e+00	 1.0006e+00	 1.9176e+00	 1.0001e+00
nan	 nan	 1.8941e+00	 1.0005e+00	 1.9195e+00	 1.0001e+00
nan	 nan	 1.8958e+00	 1.0005e+00	 1.9213e+00	 1.0001e+00
nan	 nan	 1.8976e+00	 1.0005e+00	 1.9231e+00	 1.0001e+00
nan	 nan	 1.8994e+00	 1.0005e+00	 1.9249e+00	 1.0002e+00
nan	 nan	 1.9012e+00	 1.0004e+00	 1.9267e+00	 1.0002e+00
nan	 nan	 1.9030e+00	 1.0004e+00	 1.9285e+00	 1.0002e+00
nan	 nan	 1.9048e+00	 1.0003e+00	 1.9304e+00	 1.0002e+00
nan	 nan	 1.9066e+00	 1.0003e+00	 1.9322e+00	 1.0002e+00
nan	 nan	 1.9084e+00	 1.0003e+00	 1.9340e+00	 1.0002e+00
nan	 nan	 1.9102e+00	 1.0002e+00	 1.9358e+00	 1.0002e+00
nan	 nan	 1.9120e+00	 1.0002e+00	 1.9377e+00	 1.0002e+00
nan	 nan	 1.9138e+00	 1.0002e+00	 1.9395e+00	 1.0002e+00
nan	 nan	 1.9156e+00	 1.0002e+00	 1.9413e+00	 1.0002e+00
nan	 nan	 1.9174e+00	 1.0001e+00	 1.9432e+00	 1.0002e+00
nan	 nan	 1.9192e+00	 1.0001e+00	 1.9450e+00	 1.0003e+00
nan	 nan	 1.9210e+00	 1.0001e+00	 1.9468e+00	 1.0003e+00
nan	 nan	 1.9229e+00	 1.0000e+00	 1.9487e+00	 1.0003e+00
nan	 nan	 1.9247e+00	 1.0000e+00	 1.9505e+00	 1.0003e+00
nan	 nan	 1.9265e+00	 9.9998e-01	 1.9524e+00	 1.0003e+00
nan	 nan	 1.9283e+00	 9.9997e-01	 1.9542e+00	 1.0003e+00
nan	 nan	 1.9301e+00	 9.9994e-01	 1.9560e+00	 1.0002e+00
nan	 nan	 1.9320e+00	 9.9993e-01	 1.9579e+00	 1.0002e+00
nan	 nan	 1.9338e+00	 9.9991e-01	 1.9597e+00	 1.0002e+00
nan	 nan	 1.9356e+00	 9.9991e-01	 1.9616e+00	 1.0002e+00
nan	 nan	 1.9374e+00	 9.9990e-01	 1.9634e+00	 1.0002e+00
nan	 nan	 1.9392e+00	 9.9989e-01	 1.9653e+00	 1.0002e+00
nan	 nan	 1.9411e+00	 9.9991e-01	 1.9671e+00	 1.0002e+00
nan	 nan	 1.9429e+00	 9.9991e-01	 1.9690e+00	 1.0002e+00
nan	 nan	 1.9447e+00	 9.9993e-01	 1.9709e+00	 1.0002e+00
nan	 nan	 1.9466e+00	 9.9993e-01	 1.9727e+00	 1.0001e+00
nan	 nan	 1.9484e+00	 9.9996e-01	 1.9746e+00	 1.0001e+00
nan	 nan	 1.9503e+00	 9.9997e-01	 1.9765e+00	 1.0001e+00
nan	 nan	 1.9521e+00	 9.9998e-01	 1.9783e+00	 1.0001e+00
nan	 nan	 1.9539e+00	 1.0000e+00	 1.9802e+00	 1.0001e+00
nan	 nan	 1.9558e+00	 1.0000e+00	 1.9821e+00	 1.0001e+00
nan	 nan	 1.9576e+00	 1.0001e+00	 1.9839e+00	 1.0001e+00
nan	 nan	 1.9595e+00	 1.0001e+00	 1.9858e+00	 1.0001e+00
nan	 nan	 1.9613e+00	 1.0001e+00	 1.9877e+00	 1.0001e+00
nan	 nan	 1.9631e+00	 1.0001e+00	 1.9895e+00	 1.0000e+00
nan	 nan	 1.9650e+00	 1.0002e+00	 1.9914e+00	 1.0000e+00
nan	 nan	 1.9669e+00	 1.0002e+00	 1.9933e+00	 1.0000e+00
nan	 nan	 1.9687e+00	 1.0003e+00	 1.9952e+00	 1.0000e+00
nan	 nan	 1.9706e+00	 1.0003e+00	 1.9971e+00	 1.0000e+00
nan	 nan	 1.9724e+00	 1.0003e+00	 1.9989e+00	 9.9999e-01
nan	 nan	 1.9743e+00	 1.0004e+00	 2.0008e+00	 1.0000e+00
nan	 nan	 1.9761e+00	 1.0004e+00	 2.0027e+00	 9.9999e-01
nan	 nan	 1.9780e+00	 1.0005e+00	 2.0046e+00	 1.0000e+00
nan	 nan	 1.9799e+00	 1.0005e+00	 2.0065e+00	 1.0000e+00
nan	 nan	 1.9817e+00	 1.0005e+00	 2.0084e+00	 1.0000e+00
nan	 nan	 1.9836e+00	 1.0005e+00	 2.0103e+00	 1.0000e+00
nan	 nan	 1.9855e+00	 1.0005e+00	 2.0122e+00	 1.0000e+00
nan	 nan	 1.9873e+00	 1.0005e+00	 2.0141e+00	 1.0000e+00
nan	 nan	 1.9892e+00	 1.0005e+00	 2.0160e+00	 1.0000e+00
nan	 nan	 1.9911e+00	 1.0005e+00	 2.0179e+00	 1.0000e+00
nan	 nan	 1.9930e+00	 1.0005e+00	 2.0198e+00	 1.0000e+00
nan	 nan	 1.9949e+00	 1.0005e+00	 2.0217e+00	 1.0000e+00
nan	 nan	 1.9967e+00	 1.0006e+00	 2.0236e+00	 1.0000e+00
nan	 nan	 1.9986e+00	 1.0005e+00	 2.0255e+00	 9.9999e-01
nan	 nan	 2.0005e+00	 1.0006e+00	 2.0274e+00	 9.9999e-01
nan	 nan	 2.0024e+00	 1.0006e+00	 2.0293e+00	 9.9997e-01
nan	 nan	 2.0043e+00	 1.0006e+00	 2.0312e+00	 9.9996e-01
nan	 nan	 2.0061e+00	 1.0006e+00	 2.0331e+00	 9.9995e-01
nan	 nan	 2.0080e+00	 1.0006e+00	 2.0350e+00	 9.9993e-01
nan	 nan	 2.0099e+00	 1.0006e+00	 2.0370e+00	 9.9992e-01
nan	 nan	 2.0118e+00	 1.0006e+00	 2.0389e+00	 9.9990e-01
nan	 nan	 2.0137e+00	 1.0006e+00	 2.0408e+00	 9.9990e-01
nan	 nan	 2.0156e+00	 1.0006e+00	 2.0427e+00	 9.9988e-01
nan	 nan	 2.0175e+00	 1.0006e+00	 2.0446e+00	 9.9988e-01
nan	 nan	 2.0194e+00	 1.0006e+00	 2.0466e+00	 9.9987e-01
nan	 nan	 2.0213e+00	 1.0006e+00	 2.0485e+00	 9.9986e-01
nan	 nan	 2.0232e+00	 1.0006e+00	 2.0504e+00	 9.9987e-01
nan	 nan	 2.0251e+00	 1.0006e+00	 2.0524e+00	 9.9986e-01
nan	 nan	 2.0270e+00	 1.0006e+00	 2.0543e+00	 9.9987e-01
nan	 nan	 2.0289e+00	 1.0006e+00	 2.0562e+00	 9.9987e-01
nan	 nan	 2.0308e+00	 1.0006e+00	 2.0582e+00	 9.9988e-01
nan	 nan	 2.0328e+00	 1.0005e+00	 2.0601e+00	 9.9989e-01
nan	 nan	 2.0347e+00	 1.0005e+00	 2.0620e+00	 9.9991e-01
nan	 nan	 2.0366e+00	 1.0005e+00	 2.0640e+00	 9.9993e-01
nan	 nan	 2.0385e+00	 1.0004e+00	 2.0659e+00	 9.9993e-01
nan	 nan	 2.0404e+00	 1.0004e+00	 2.0679e+00	 9.9995e-01
nan	 nan	 2.0423e+00	 1.0003e+00	 2.0698e+00	 9.9996e-01
nan	 nan	 2.0443e+00	 1.0003e+00	 2.0718e+00	 9.9998e-01
nan	 nan	 2.0462e+00	 1.0003e+00	 2.0737e+00	 9.9998e-01
nan	 nan	 2.0481e+00	 1.0002e+00	 2.0757e+00	 9.9999e-01
nan	 nan	 2.0500e+00	 1.0002e+00	 2.0776e+00	 1.0000e+00
nan	 nan	 2.0520e+00	 1.0002e+00	 2.0796e+00	 1.0000e+00
nan	 nan	 2.0539e+00	 1.0002e+00	 2.0815e+00	 1.0000e+00
nan	 nan	 2.0558e+00	 1.0002e+00	 2.0835e+00	 1.0000e+00
nan	 nan	 2.0577e+00	 1.0002e+00	 2.0855e+00	 1.0000e+00
nan	 nan	 2.0597e+00	 1.0001e+00	 2.0874e+00	 1.0000e+00
nan	 nan	 2.0616e+00	 1.0001e+00	 2.0894e+00	 1.0000e+00
nan	 nan	 2.0636e+00	 1.0001e+00	 2.0914e+00	 1.0000e+00
nan	 nan	 2.0655e+00	 1.0001e+00	 2.0933e+00	 1.0000e+00
nan	 nan	 2.0675e+00	 1.0001e+00	 2.0953e+00	 1.0000e+00
nan	 nan	 2.0694e+00	 1.0000e+00	 2.0973e+00	 1.0000e+00
nan	 nan	 2.0713e+00	 1.0000e+00	 2.0993e+00	 1.0000e+00
nan	 nan	 2.0733e+00	 9.9999e-01	 2.1012e+00	 1.0000e+00
nan	 nan	 2.0752e+00	 9.9997e-01	 2.1032e+00	 1.0000e+00
nan	 nan	 2.0772e+00	 9.9996e-01	 2.1052e+00	 1.0000e+00
nan	 nan	 2.0791e+00	 9.9994e-01	 2.1072e+00	 1.0000e+00
nan	 nan	 2.0811e+00	 9.9996e-01	 2.1092e+00	 1.0000e+00
nan	 nan	 2.0831e+00	 9.9995e-01	 2.1111e+00	 1.0000e+00
nan	 nan	 2.0850e+00	 9.9996e-01	 2.1131e+00	 1.0000e+00
nan	 nan	 2.0870e+00	 9.9998e-01	 2.1151e+00	 1.0000e+00
nan	 nan	 2.0889e+00	 1.0000e+00	 2.1171e+00	 1.0000e+00
nan	 nan	 2.0909e+00	 1.0000e+00	 2.1191e+00	 1.0000e+00
nan	 nan	 2.0929e+00	 1.0001e+00	 2.1211e+00	 1.0001e+00
nan	 nan	 2.0948e+00	 1.0001e+00	 2.1231e+00	 1.0001e+00
nan	 nan	 2.0968e+00	 1.0001e+00	 2.1251e+00	 1.0001e+00
nan	 nan	 2.0988e+00	 1.0002e+00	 2.1271e+00	 1.0001e+00
nan	 nan	 2.1008e+00	 1.0002e+00	 2.1291e+00	 1.0001e+00
nan	 nan	 2.1027e+00	 1.0002e+00	 2.1311e+00	 1.0002e+00
nan	 nan	 2.1047e+00	 1.0003e+00	 2.1331e+00	 1.0002e+00
nan	 nan	 2.1067e+00	 1.0003e+00	 2.1351e+00	 1.0002e+00
nan	 nan	 2.1087e+00	 1.0003e+00	 2.1371e+00	 1.0002e+00
nan	 nan	 2.1107e+00	 1.0003e+00	 2.1391e+00	 1.0003e+00
nan	 nan	 2.1126e+00	 1.0004e+00	 2.1411e+00	 1.0003e+00
nan	 nan	 2.1146e+00	 1.0004e+00	 2.1432e+00	 1.0003e+00
nan	 nan	 2.1166e+00	 1.0004e+00	 2.1452e+00	 1.0003e+00
nan	 nan	 2.1186e+00	 1.0004e+00	 2.1472e+00	 1.0003e+00
nan	 nan	 2.1206e+00	 1.0004e+00	 2.1492e+00	 1.0003e+00
nan	 nan	 2.1226e+00	 1.0004e+00	 2.1512e+00	 1.0004e+00
nan	 nan	 2.1246e+00	 1.0004e+00	 2.1532e+00	 1.0004e+00
nan	 nan	 2.1266e+00	 1.0004e+00	 2.1553e+00	 1.0004e+00
nan	 nan	 2.1286e+00	 1.0003e+00	 2.1573e+00	 1.0004e+00
nan	 nan	 2.1306e+00	 1.0003e+00	 2.1593e+00	 1.0004e+00
nan	 nan	 2.1326e+00	 1.0003e+00	 2.1614e+00	 1.0004e+00
nan	 nan	 2.1346e+00	 1.0003e+00	 2.1634e+00	 1.0004e+00
nan	 nan	 2.1366e+00	 1.0003e+00	 2.1654e+00	 1.0004e+00
nan	 nan	 2.1386e+00	 1.0002e+00	 2.1675e+00	 1.0004e+00
nan	 nan	 2.1406e+00	 1.0002e+00	 2.1695e+00	 1.0004e+00
nan	 nan	 2.1426e+00	 1.0002e+00	 2.1715e+00	 1.0004e+00
nan	 nan	 2.1446e+00	 1.0002e+00	 2.1736e+00	 1.0004e+00
nan	 nan	 2.1466e+00	 1.0002e+00	 2.1756e+00	 1.0004e+00
nan	 nan	 2.1486e+00	 1.0002e+00	 2.1777e+00	 1.0004e+00
nan	 nan	 2.1507e+00	 1.0002e+00	 2.1797e+00	 1.0005e+00
nan	 nan	 2.1527e+00	 1.0002e+00	 2.1818e+00	 1.0005e+00
nan	 nan	 2.1547e+00	 1.0002e+00	 2.1838e+00	 1.0005e+00
nan	 nan	 2.1567e+00	 1.0002e+00	 2.1859e+00	 1.0005e+00
nan	 nan	 2.1588e+00	 1.0002e+00	 2.1879e+00	 1.0005e+00
nan	 nan	 2.1608e+00	 1.0003e+00	 2.1900e+00	 1.0005e+00
nan	 nan	 2.1628e+00	 1.0003e+00	 2.1920e+00	 1.0005e+00
nan	 nan	 2.1648e+00	 1.0003e+00	 2.1941e+00	 1.0005e+00
nan	 nan	 2.1669e+00	 1.0003e+00	 2.1962e+00	 1.0005e+00
nan	 nan	 2.1689e+00	 1.0004e+00	 2.1982e+00	 1.0005e+00
nan	 nan	 2.1709e+00	 1.0004e+00	 2.2003e+00	 1.0005e+00
nan	 nan	 2.1730e+00	 1.0004e+00	 2.2024e+00	 1.0005e+00
nan	 nan	 2.1750e+00	 1.0005e+00	 2.2044e+00	 1.0005e+00
nan	 nan	 2.1771e+00	 1.0005e+00	 2.2065e+00	 1.0005e+00
nan	 nan	 2.1791e+00	 1.0005e+00	 2.2086e+00	 1.0005e+00
nan	 nan	 2.1811e+00	 1.0006e+00	 2.2106e+00	 1.0005e+00
nan	 nan	 2.1832e+00	 1.0006e+00	 2.2127e+00	 1.0004e+00
nan	 nan	 2.1852e+00	 1.0006e+00	 2.2148e+00	 1.0004e+00
nan	 nan	 2.1873e+00	 1.0007e+00	 2.2169e+00	 1.0004e+00
nan	 nan	 2.1893e+00	 1.0007e+00	 2.2190e+00	 1.0004e+00
nan	 nan	 2.1914e+00	 1.0007e+00	 2.2210e+00	 1.0003e+00
nan	 nan	 2.1934e+00	 1.0008e+00	 2.2231e+00	 1.0003e+00
nan	 nan	 2.1955e+00	 1.0008e+00	 2.2252e+00	 1.0003e+00
nan	 nan	 2.1976e+00	 1.0008e+00	 2.2273e+00	 1.0003e+00
nan	 nan	 2.1996e+00	 1.0008e+00	 2.2294e+00	 1.0002e+00
nan	 nan	 2.2017e+00	 1.0008e+00	 2.2315e+00	 1.0002e+00
nan	 nan	 2.2038e+00	 1.0008e+00	 2.2336e+00	 1.0002e+00
nan	 nan	 2.2058e+00	 1.0008e+00	 2.2357e+00	 1.0002e+00
nan	 nan	 2.2079e+00	 1.0008e+00	 2.2378e+00	 1.0002e+00
nan	 nan	 2.2100e+00	 1.0008e+00	 2.2399e+00	 1.0002e+00
nan	 nan	 2.2121e+00	 1.0008e+00	 2.2420e+00	 1.0002e+00
nan	 nan	 2.2141e+00	 1.0008e+00	 2.2441e+00	 1.0001e+00
nan	 nan	 2.2162e+00	 1.0007e+00	 2.2462e+00	 1.0001e+00
nan	 nan	 2.2183e+00	 1.0007e+00	 2.2483e+00	 1.0001e+00
nan	 nan	 2.2204e+00	 1.0007e+00	 2.2504e+00	 1.0001e+00
nan	 nan	 2.2224e+00	 1.0007e+00	 2.2525e+00	 1.0001e+00
nan	 nan	 2.2245e+00	 1.0006e+00	 2.2546e+00	 1.0001e+00
nan	 nan	 2.2266e+00	 1.0006e+00	 2.2568e+00	 1.0001e+00
nan	 nan	 2.2287e+00	 1.0005e+00	 2.2589e+00	 1.0001e+00
nan	 nan	 2.2308e+00	 1.0005e+00	 2.2610e+00	 1.0001e+00
nan	 nan	 2.2329e+00	 1.0004e+00	 2.2631e+00	 1.0001e+00
nan	 nan	 2.2350e+00	 1.0004e+00	 2.2652e+00	 1.0001e+00
nan	 nan	 2.2371e+00	 1.0003e+00	 2.2674e+00	 1.0001e+00
nan	 nan	 2.2392e+00	 1.0003e+00	 2.2695e+00	 1.0001e+00
nan	 nan	 2.2413e+00	 1.0002e+00	 2.2716e+00	 1.0001e+00
nan	 nan	 2.2434e+00	 1.0002e+00	 2.2738e+00	 1.0001e+00
nan	 nan	 2.2455e+00	 1.0001e+00	 2.2759e+00	 1.0002e+00
nan	 nan	 2.2476e+00	 1.0001e+00	 2.2780e+00	 1.0002e+00
nan	 nan	 2.2497e+00	 1.0000e+00	 2.2802e+00	 1.0002e+00
nan	 nan	 2.2518e+00	 1.0000e+00	 2.2823e+00	 1.0002e+00
nan	 nan	 2.2539e+00	 9.9996e-01	 2.2845e+00	 1.0002e+00
nan	 nan	 2.2560e+00	 9.9995e-01	 2.2866e+00	 1.0003e+00
nan	 nan	 2.2581e+00	 9.9991e-01	 2.2887e+00	 1.0003e+00
nan	 nan	 2.2603e+00	 9.9991e-01	 2.2909e+00	 1.0003e+00
nan	 nan	 2.2624e+00	 9.9989e-01	 2.2930e+00	 1.0003e+00
nan	 nan	 2.2645e+00	 9.9989e-01	 2.2952e+00	 1.0003e+00
nan	 nan	 2.2666e+00	 9.9989e-01	 2.2973e+00	 1.0004e+00
nan	 nan	 2.2687e+00	 9.9989e-01	 2.2995e+00	 1.0004e+00
nan	 nan	 2.2709e+00	 9.9992e-01	 2.3016e+00	 1.0004e+00
nan	 nan	 2.2730e+00	 9.9992e-01	 2.3038e+00	 1.0004e+00
nan	 nan	 2.2751e+00	 9.9995e-01	 2.3060e+00	 1.0004e+00
nan	 nan	 2.2772e+00	 9.9997e-01	 2.3081e+00	 1.0004e+00
nan	 nan	 2.2794e+00	 1.0000e+00	 2.3103e+00	 1.0005e+00
nan	 nan	 2.2815e+00	 1.0000e+00	 2.3125e+00	 1.0005e+00
nan	 nan	 2.2837e+00	 1.0000e+00	 2.3146e+00	 1.0005e+00
nan	 nan	 2.2858e+00	 1.0001e+00	 2.3168e+00	 1.0005e+00
nan	 nan	 2.2879e+00	 1.0001e+00	 2.3190e+00	 1.0005e+00
nan	 nan	 2.2901e+00	 1.0002e+00	 2.3211e+00	 1.0005e+00
nan	 nan	 2.2922e+00	 1.0002e+00	 2.3233e+00	 1.0005e+00
nan	 nan	 2.2944e+00	 1.0002e+00	 2.3255e+00	 1.0005e+00
nan	 nan	 2.2965e+00	 1.0003e+00	 2.3277e+00	 1.0005e+00
nan	 nan	 2.2987e+00	 1.0003e+00	 2.3299e+00	 1.0004e+00
nan	 nan	 2.3008e+00	 1.0003e+00	 2.3320e+00	 1.0004e+00
nan	 nan	 2.3030e+00	 1.0004e+00	 2.3342e+00	 1.0004e+00
nan	 nan	 2.3051e+00	 1.0004e+00	 2.3364e+00	 1.0004e+00
nan	 nan	 2.3073e+00	 1.0004e+00	 2.3386e+00	 1.0004e+00
nan	 nan	 2.3095e+00	 1.0004e+00	 2.3408e+00	 1.0004e+00
nan	 nan	 2.3116e+00	 1.0005e+00	 2.3430e+00	 1.0005e+00
nan	 nan	 2.3138e+00	 1.0005e+00	 2.3452e+00	 1.0005e+00
nan	 nan	 2.3159e+00	 1.0005e+00	 2.3474e+00	 1.0005e+00
nan	 nan	 2.3181e+00	 1.0005e+00	 2.3496e+00	 1.0005e+00
nan	 nan	 2.3203e+00	 1.0005e+00	 2.3518e+00	 1.0005e+00
nan	 nan	 2.3224e+00	 1.0005e+00	 2.3540e+00	 1.0005e+00
nan	 nan	 2.3246e+00	 1.0005e+00	 2.3562e+00	 1.0005e+00
nan	 nan	 2.3268e+00	 1.0005e+00	 2.3584e+00	 1.0005e+00
nan	 nan	 2.3290e+00	 1.0004e+00	 2.3606e+00	 1.0005e+00
nan	 nan	 2.3312e+00	 1.0004e+00	 2.3628e+00	 1.0005e+00
nan	 nan	 2.3333e+00	 1.0004e+00	 2.3650e+00	 1.0005e+00
nan	 nan	 2.3355e+00	 1.0004e+00	 2.3672e+00	 1.0005e+00
nan	 nan	 2.3377e+00	 1.0004e+00	 2.3695e+00	 1.0005e+00
nan	 nan	 2.3399e+00	 1.0004e+00	 2.3717e+00	 1.0005e+00
nan	 nan	 2.3421e+00	 1.0004e+00	 2.3739e+00	 1.0005e+00
nan	 nan	 2.3443e+00	 1.0004e+00	 2.3761e+00	 1.0005e+00
nan	 nan	 2.3465e+00	 1.0004e+00	 2.3783e+00	 1.0004e+00
nan	 nan	 2.3487e+00	 1.0004e+00	 2.3806e+00	 1.0004e+00
nan	 nan	 2.3509e+00	 1.0004e+00	 2.3828e+00	 1.0004e+00
nan	 nan	 2.3531e+00	 1.0003e+00	 2.3850e+00	 1.0004e+00
nan	 nan	 2.3553e+00	 1.0003e+00	 2.3873e+00	 1.0004e+00
nan	 nan	 2.3575e+00	 1.0003e+00	 2.3895e+00	 1.0003e+00
nan	 nan	 2.3597e+00	 1.0002e+00	 2.3918e+00	 1.0003e+00
nan	 nan	 2.3619e+00	 1.0002e+00	 2.3940e+00	 1.0003e+00
nan	 nan	 2.3641e+00	 1.0002e+00	 2.3962e+00	 1.0003e+00
nan	 nan	 2.3663e+00	 1.0002e+00	 2.3985e+00	 1.0002e+00
nan	 nan	 2.3685e+00	 1.0002e+00	 2.4007e+00	 1.0002e+00
nan	 nan	 2.3708e+00	 1.0002e+00	 2.4030e+00	 1.0002e+00
nan	 nan	 2.3730e+00	 1.0002e+00	 2.4052e+00	 1.0002e+00
nan	 nan	 2.3752e+00	 1.0002e+00	 2.4075e+00	 1.0001e+00
nan	 nan	 2.3774e+00	 1.0003e+00	 2.4097e+00	 1.0001e+00
nan	 nan	 2.3796e+00	 1.0003e+00	 2.4120e+00	 1.0001e+00
nan	 nan	 2.3819e+00	 1.0003e+00	 2.4143e+00	 1.0001e+00
nan	 nan	 2.3841e+00	 1.0004e+00	 2.4165e+00	 1.0000e+00
nan	 nan	 2.3863e+00	 1.0004e+00	 2.4188e+00	 1.0000e+00
nan	 nan	 2.3886e+00	 1.0005e+00	 2.4211e+00	 9.9999e-01
nan	 nan	 2.3908e+00	 1.0005e+00	 2.4233e+00	 9.9998e-01
nan	 nan	 2.3930e+00	 1.0006e+00	 2.4256e+00	 9.9996e-01
nan	 nan	 2.3953e+00	 1.0006e+00	 2.4279e+00	 9.9995e-01
nan	 nan	 2.3975e+00	 1.0007e+00	 2.4301e+00	 9.9995e-01
nan	 nan	 2.3998e+00	 1.0007e+00	 2.4324e+00	 9.9994e-01
nan	 nan	 2.4020e+00	 1.0008e+00	 2.4347e+00	 9.9995e-01
nan	 nan	 2.4042e+00	 1.0008e+00	 2.4370e+00	 9.9995e-01
nan	 nan	 2.4065e+00	 1.0009e+00	 2.4393e+00	 9.9996e-01
nan	 nan	 2.4087e+00	 1.0010e+00	 2.4416e+00	 9.9998e-01
nan	 nan	 2.4110e+00	 1.0010e+00	 2.4438e+00	 9.9999e-01
nan	 nan	 2.4133e+00	 1.0011e+00	 2.4461e+00	 1.0000e+00
nan	 nan	 2.4155e+00	 1.0011e+00	 2.4484e+00	 1.0000e+00
nan	 nan	 2.4178e+00	 1.0012e+00	 2.4507e+00	 1.0001e+00
nan	 nan	 2.4200e+00	 1.0012e+00	 2.4530e+00	 1.0001e+00
nan	 nan	 2.4223e+00	 1.0012e+00	 2.4553e+00	 1.0001e+00
nan	 nan	 2.4245e+00	 1.0013e+00	 2.4576e+00	 1.0001e+00
nan	 nan	 2.4268e+00	 1.0013e+00	 2.4599e+00	 1.0001e+00
nan	 nan	 2.4291e+00	 1.0013e+00	 2.4622e+00	 1.0001e+00
nan	 nan	 2.4314e+00	 1.0012e+00	 2.4645e+00	 1.0001e+00
nan	 nan	 2.4336e+00	 1.0012e+00	 2.4668e+00	 1.0002e+00
nan	 nan	 2.4359e+00	 1.0011e+00	 2.4691e+00	 1.0002e+00
nan	 nan	 2.4382e+00	 1.0011e+00	 2.4714e+00	 1.0002e+00
nan	 nan	 2.4404e+00	 1.0011e+00	 2.4737e+00	 1.0002e+00
nan	 nan	 2.4427e+00	 1.0010e+00	 2.4760e+00	 1.0002e+00
nan	 nan	 2.4450e+00	 1.0009e+00	 2.4784e+00	 1.0002e+00
nan	 nan	 2.4473e+00	 1.0009e+00	 2.4807e+00	 1.0002e+00
nan	 nan	 2.4496e+00	 1.0008e+00	 2.4830e+00	 1.0002e+00
nan	 nan	 2.4519e+00	 1.0008e+00	 2.4853e+00	 1.0002e+00
nan	 nan	 2.4542e+00	 1.0007e+00	 2.4876e+00	 1.0002e+00
nan	 nan	 2.4564e+00	 1.0007e+00	 2.4900e+00	 1.0002e+00
nan	 nan	 2.4587e+00	 1.0006e+00	 2.4923e+00	 1.0002e+00
nan	 nan	 2.4610e+00	 1.0006e+00	 2.4946e+00	 1.0002e+00
nan	 nan	 2.4633e+00	 1.0005e+00	 2.4970e+00	 1.0001e+00
nan	 nan	 2.4656e+00	 1.0005e+00	 2.4993e+00	 1.0001e+00
nan	 nan	 2.4679e+00	 1.0004e+00	 2.5016e+00	 1.0001e+00
nan	 nan	 2.4703e+00	 1.0004e+00	 2.5040e+00	 1.0001e+00
nan	 nan	 2.4726e+00	 1.0004e+00	 2.5063e+00	 1.0001e+00
nan	 nan	 2.4749e+00	 1.0004e+00	 2.5087e+00	 1.0000e+00
nan	 nan	 2.4772e+00	 1.0004e+00	 2.5110e+00	 1.0000e+00
nan	 nan	 2.4795e+00	 1.0004e+00	 2.5134e+00	 9.9999e-01
nan	 nan	 2.4818e+00	 1.0004e+00	 2.5157e+00	 9.9997e-01
nan	 nan	 2.4841e+00	 1.0004e+00	 2.5181e+00	 9.9993e-01
nan	 nan	 2.4864e+00	 1.0004e+00	 2.5204e+00	 9.9991e-01
nan	 nan	 2.4888e+00	 1.0004e+00	 2.5228e+00	 9.9988e-01
nan	 nan	 2.4911e+00	 1.0004e+00	 2.5251e+00	 9.9986e-01
nan	 nan	 2.4934e+00	 1.0004e+00	 2.5275e+00	 9.9984e-01
nan	 nan	 2.4957e+00	 1.0004e+00	 2.5299e+00	 9.9981e-01
nan	 nan	 2.4981e+00	 1.0004e+00	 2.5322e+00	 9.9981e-01
nan	 nan	 2.5004e+00	 1.0004e+00	 2.5346e+00	 9.9979e-01
nan	 nan	 2.5027e+00	 1.0004e+00	 2.5370e+00	 9.9979e-01
nan	 nan	 2.5051e+00	 1.0004e+00	 2.5393e+00	 9.9979e-01
nan	 nan	 2.5074e+00	 1.0005e+00	 2.5417e+00	 9.9979e-01
nan	 nan	 2.5097e+00	 1.0005e+00	 2.5441e+00	 9.9980e-01
nan	 nan	 2.5121e+00	 1.0005e+00	 2.5464e+00	 9.9981e-01
nan	 nan	 2.5144e+00	 1.0005e+00	 2.5488e+00	 9.9983e-01
nan	 nan	 2.5168e+00	 1.0006e+00	 2.5512e+00	 9.9984e-01
nan	 nan	 2.5191e+00	 1.0006e+00	 2.5536e+00	 9.9988e-01
nan	 nan	 2.5215e+00	 1.0006e+00	 2.5560e+00	 9.9990e-01
nan	 nan	 2.5238e+00	 1.0006e+00	 2.5584e+00	 9.9994e-01
nan	 nan	 2.5262e+00	 1.0007e+00	 2.5608e+00	 9.9998e-01
nan	 nan	 2.5286e+00	 1.0007e+00	 2.5631e+00	 1.0000e+00
nan	 nan	 2.5309e+00	 1.0007e+00	 2.5655e+00	 1.0001e+00
nan	 nan	 2.5333e+00	 1.0007e+00	 2.5679e+00	 1.0001e+00
nan	 nan	 2.5356e+00	 1.0008e+00	 2.5703e+00	 1.0002e+00
nan	 nan	 2.5380e+00	 1.0008e+00	 2.5727e+00	 1.0002e+00
nan	 nan	 2.5404e+00	 1.0008e+00	 2.5751e+00	 1.0002e+00
nan	 nan	 2.5427e+00	 1.0008e+00	 2.5775e+00	 1.0003e+00
nan	 nan	 2.5451e+00	 1.0008e+00	 2.5800e+00	 1.0003e+00
nan	 nan	 2.5475e+00	 1.0009e+00	 2.5824e+00	 1.0003e+00
nan	 nan	 2.5499e+00	 1.0008e+00	 2.5848e+00	 1.0003e+00
nan	 nan	 2.5522e+00	 1.0009e+00	 2.5872e+00	 1.0003e+00
nan	 nan	 2.5546e+00	 1.0009e+00	 2.5896e+00	 1.0003e+00
nan	 nan	 2.5570e+00	 1.0009e+00	 2.5920e+00	 1.0004e+00
nan	 nan	 2.5594e+00	 1.0009e+00	 2.5944e+00	 1.0004e+00
nan	 nan	 2.5618e+00	 1.0008e+00	 2.5969e+00	 1.0004e+00
nan	 nan	 2.5642e+00	 1.0009e+00	 2.5993e+00	 1.0004e+00
nan	 nan	 2.5666e+00	 1.0009e+00	 2.6017e+00	 1.0004e+00
nan	 nan	 2.5690e+00	 1.0009e+00	 2.6042e+00	 1.0004e+00
nan	 nan	 2.5714e+00	 1.0009e+00	 2.6066e+00	 1.0004e+00
nan	 nan	 2.5738e+00	 1.0009e+00	 2.6090e+00	 1.0004e+00
nan	 nan	 2.5762e+00	 1.0009e+00	 2.6115e+00	 1.0004e+00
nan	 nan	 2.5786e+00	 1.0009e+00	 2.6139e+00	 1.0004e+00
nan	 nan	 2.5810e+00	 1.0010e+00	 2.6163e+00	 1.0004e+00
nan	 nan	 2.5834e+00	 1.0010e+00	 2.6188e+00	 1.0004e+00
nan	 nan	 2.5858e+00	 1.0010e+00	 2.6212e+00	 1.0004e+00
nan	 nan	 2.5882e+00	 1.0011e+00	 2.6237e+00	 1.0004e+00
nan	 nan	 2.5906e+00	 1.0011e+00	 2.6261e+00	 1.0004e+00
nan	 nan	 2.5930e+00	 1.0011e+00	 2.6286e+00	 1.0004e+00
nan	 nan	 2.5954e+00	 1.0011e+00	 2.6310e+00	 1.0004e+00
nan	 nan	 2.5979e+00	 1.0012e+00	 2.6335e+00	 1.0004e+00
nan	 nan	 2.6003e+00	 1.0012e+00	 2.6359e+00	 1.0004e+00
nan	 nan	 2.6027e+00	 1.0012e+00	 2.6384e+00	 1.0004e+00
nan	 nan	 2.6051e+00	 1.0012e+00	 2.6408e+00	 1.0004e+00
nan	 nan	 2.6076e+00	 1.0012e+00	 2.6433e+00	 1.0004e+00
nan	 nan	 2.6100e+00	 1.0013e+00	 2.6458e+00	 1.0004e+00
nan	 nan	 2.6124e+00	 1.0013e+00	 2.6482e+00	 1.0004e+00
nan	 nan	 2.6149e+00	 1.0013e+00	 2.6507e+00	 1.0004e+00
nan	 nan	 2.6173e+00	 1.0013e+00	 2.6532e+00	 1.0004e+00
nan	 nan	 2.6197e+00	 1.0013e+00	 2.6557e+00	 1.0004e+00
nan	 nan	 2.6222e+00	 1.0013e+00	 2.6582e+00	 1.0004e+00
nan	 nan	 2.6246e+00	 1.0014e+00	 2.6606e+00	 1.0004e+00
nan	 nan	 2.6271e+00	 1.0014e+00	 2.6631e+00	 1.0004e+00
nan	 nan	 2.6295e+00	 1.0014e+00	 2.6656e+00	 1.0003e+00
nan	 nan	 2.6320e+00	 1.0014e+00	 2.6681e+00	 1.0003e+00
nan	 nan	 2.6344e+00	 1.0014e+00	 2.6706e+00	 1.0003e+00
nan	 nan	 2.6369e+00	 1.0014e+00	 2.6731e+00	 1.0003e+00
nan	 nan	 2.6393e+00	 1.0014e+00	 2.6755e+00	 1.0003e+00
nan	 nan	 2.6418e+00	 1.0014e+00	 2.6780e+00	 1.0003e+00
nan	 nan	 2.6442e+00	 1.0014e+00	 2.6805e+00	 1.0003e+00
nan	 nan	 2.6467e+00	 1.0014e+00	 2.6830e+00	 1.0003e+00
nan	 nan	 2.6492e+00	 1.0015e+00	 2.6856e+00	 1.0003e+00
nan	 nan	 2.6517e+00	 1.0014e+00	 2.6881e+00	 1.0003e+00
nan	 nan	 2.6541e+00	 1.0015e+00	 2.6906e+00	 1.0003e+00
nan	 nan	 2.6566e+00	 1.0015e+00	 2.6931e+00	 1.0003e+00
nan	 nan	 2.6591e+00	 1.0015e+00	 2.6956e+00	 1.0003e+00
nan	 nan	 2.6616e+00	 1.0015e+00	 2.6981e+00	 1.0003e+00
nan	 nan	 2.6640e+00	 1.0015e+00	 2.7006e+00	 1.0003e+00
nan	 nan	 2.6665e+00	 1.0015e+00	 2.7031e+00	 1.0003e+00
nan	 nan	 2.6690e+00	 1.0015e+00	 2.7056e+00	 1.0003e+00
nan	 nan	 2.6715e+00	 1.0015e+00	 2.7082e+00	 1.0003e+00
nan	 nan	 2.6740e+00	 1.0015e+00	 2.7107e+00	 1.0003e+00
nan	 nan	 2.6764e+00	 1.0015e+00	 2.7132e+00	 1.0003e+00
nan	 nan	 2.6789e+00	 1.0015e+00	 2.7157e+00	 1.0002e+00
nan	 nan	 2.6814e+00	 1.0015e+00	 2.7183e+00	 1.0002e+00
nan	 nan	 2.6839e+00	 1.0015e+00	 2.7208e+00	 1.0002e+00
nan	 nan	 2.6864e+00	 1.0015e+00	 2.7233e+00	 1.0002e+00
nan	 nan	 2.6889e+00	 1.0015e+00	 2.7259e+00	 1.0002e+00
nan	 nan	 2.6914e+00	 1.0015e+00	 2.7284e+00	 1.0002e+00
nan	 nan	 2.6939e+00	 1.0015e+00	 2.7310e+00	 1.0002e+00
nan	 nan	 2.6965e+00	 1.0014e+00	 2.7335e+00	 1.0001e+00
nan	 nan	 2.6990e+00	 1.0014e+00	 2.7361e+00	 1.0001e+00
nan	 nan	 2.7015e+00	 1.0014e+00	 2.7386e+00	 1.0001e+00
nan	 nan	 2.7040e+00	 1.0013e+00	 2.7412e+00	 1.0001e+00
nan	 nan	 2.7065e+00	 1.0013e+00	 2.7437e+00	 1.0001e+00
nan	 nan	 2.7090e+00	 1.0013e+00	 2.7463e+00	 1.0000e+00
nan	 nan	 2.7115e+00	 1.0013e+00	 2.7489e+00	 1.0000e+00
nan	 nan	 2.7141e+00	 1.0013e+00	 2.7514e+00	 1.0000e+00
nan	 nan	 2.7166e+00	 1.0012e+00	 2.7540e+00	 1.0000e+00
nan	 nan	 2.7191e+00	 1.0012e+00	 2.7565e+00	 1.0000e+00
nan	 nan	 2.7216e+00	 1.0012e+00	 2.7591e+00	 1.0000e+00
nan	 nan	 2.7242e+00	 1.0012e+00	 2.7617e+00	 1.0000e+00
nan	 nan	 2.7267e+00	 1.0012e+00	 2.7643e+00	 1.0000e+00
nan	 nan	 2.7292e+00	 1.0012e+00	 2.7668e+00	 1.0000e+00
nan	 nan	 2.7318e+00	 1.0011e+00	 2.7694e+00	 1.0001e+00
nan	 nan	 2.7343e+00	 1.0011e+00	 2.7720e+00	 1.0001e+00
nan	 nan	 2.7369e+00	 1.0011e+00	 2.7746e+00	 1.0001e+00
nan	 nan	 2.7394e+00	 1.0011e+00	 2.7772e+00	 1.0001e+00
nan	 nan	 2.7420e+00	 1.0011e+00	 2.7797e+00	 1.0001e+00
nan	 nan	 2.7445e+00	 1.0011e+00	 2.7823e+00	 1.0002e+00
nan	 nan	 2.7471e+00	 1.0011e+00	 2.7849e+00	 1.0002e+00
nan	 nan	 2.7496e+00	 1.0011e+00	 2.7875e+00	 1.0002e+00
nan	 nan	 2.7522e+00	 1.0011e+00	 2.7901e+00	 1.0002e+00
nan	 nan	 2.7548e+00	 1.0011e+00	 2.7927e+00	 1.0002e+00
nan	 nan	 2.7573e+00	 1.0011e+00	 2.7953e+00	 1.0003e+00
nan	 nan	 2.7599e+00	 1.0011e+00	 2.7979e+00	 1.0003e+00
nan	 nan	 2.7624e+00	 1.0011e+00	 2.8005e+00	 1.0003e+00
nan	 nan	 2.7650e+00	 1.0011e+00	 2.8031e+00	 1.0003e+00
nan	 nan	 2.7676e+00	 1.0011e+00	 2.8057e+00	 1.0003e+00
nan	 nan	 2.7702e+00	 1.0011e+00	 2.8083e+00	 1.0003e+00
nan	 nan	 2.7727e+00	 1.0011e+00	 2.8110e+00	 1.0003e+00
nan	 nan	 2.7753e+00	 1.0011e+00	 2.8136e+00	 1.0003e+00
nan	 nan	 2.7779e+00	 1.0011e+00	 2.8162e+00	 1.0003e+00
nan	 nan	 2.7805e+00	 1.0011e+00	 2.8188e+00	 1.0003e+00
nan	 nan	 2.7831e+00	 1.0012e+00	 2.8214e+00	 1.0003e+00
nan	 nan	 2.7857e+00	 1.0012e+00	 2.8241e+00	 1.0003e+00
nan	 nan	 2.7883e+00	 1.0012e+00	 2.8267e+00	 1.0003e+00
nan	 nan	 2.7908e+00	 1.0012e+00	 2.8293e+00	 1.0003e+00
nan	 nan	 2.7934e+00	 1.0012e+00	 2.8319e+00	 1.0003e+00
nan	 nan	 2.7960e+00	 1.0012e+00	 2.8346e+00	 1.0003e+00
nan	 nan	 2.7986e+00	 1.0012e+00	 2.8372e+00	 1.0003e+00
nan	 nan	 2.8012e+00	 1.0012e+00	 2.8399e+00	 1.0003e+00
nan	 nan	 2.8038e+00	 1.0012e+00	 2.8425e+00	 1.0003e+00
nan	 nan	 2.8064e+00	 1.0012e+00	 2.8452e+00	 1.0003e+00
nan	 nan	 2.8091e+00	 1.0012e+00	 2.8478e+00	 1.0003e+00
nan	 nan	 2.8117e+00	 1.0012e+00	 2.8504e+00	 1.0003e+00
nan	 nan	 2.8143e+00	 1.0012e+00	 2.8531e+00	 1.0003e+00
nan	 nan	 2.8169e+00	 1.0011e+00	 2.8558e+00	 1.0003e+00
nan	 nan	 2.8195e+00	 1.0011e+00	 2.8584e+00	 1.0003e+00
nan	 nan	 2.8221e+00	 1.0011e+00	 2.8611e+00	 1.0003e+00
nan	 nan	 2.8247e+00	 1.0011e+00	 2.8637e+00	 1.0002e+00
nan	 nan	 2.8274e+00	 1.0011e+00	 2.8664e+00	 1.0002e+00
nan	 nan	 2.8300e+00	 1.0010e+00	 2.8691e+00	 1.0002e+00
nan	 nan	 2.8326e+00	 1.0010e+00	 2.8717e+00	 1.0002e+00
nan	 nan	 2.8353e+00	 1.0010e+00	 2.8744e+00	 1.0002e+00
nan	 nan	 2.8379e+00	 1.0010e+00	 2.8771e+00	 1.0001e+00
nan	 nan	 2.8405e+00	 1.0009e+00	 2.8798e+00	 1.0001e+00
nan	 nan	 2.8432e+00	 1.0009e+00	 2.8824e+00	 1.0001e+00
nan	 nan	 2.8458e+00	 1.0009e+00	 2.8851e+00	 1.0001e+00
nan	 nan	 2.8485e+00	 1.0009e+00	 2.8878e+00	 1.0000e+00
nan	 nan	 2.8511e+00	 1.0009e+00	 2.8905e+00	 1.0000e+00
nan	 nan	 2.8538e+00	 1.0009e+00	 2.8932e+00	 9.9997e-01
nan	 nan	 2.8564e+00	 1.0009e+00	 2.8959e+00	 9.9996e-01
nan	 nan	 2.8591e+00	 1.0009e+00	 2.8986e+00	 9.9993e-01
nan	 nan	 2.8617e+00	 1.0009e+00	 2.9013e+00	 9.9993e-01
nan	 nan	 2.8644e+00	 1.0009e+00	 2.9040e+00	 9.9992e-01
nan	 nan	 2.8670e+00	 1.0010e+00	 2.9067e+00	 9.9992e-01
nan	 nan	 2.8697e+00	 1.0010e+00	 2.9094e+00	 9.9992e-01
nan	 nan	 2.8724e+00	 1.0010e+00	 2.9121e+00	 9.9993e-01
nan	 nan	 2.8750e+00	 1.0011e+00	 2.9148e+00	 9.9995e-01
nan	 nan	 2.8777e+00	 1.0011e+00	 2.9175e+00	 9.9995e-01
nan	 nan	 2.8804e+00	 1.0012e+00	 2.9202e+00	 9.9998e-01
nan	 nan	 2.8831e+00	 1.0012e+00	 2.9229e+00	 1.0000e+00
nan	 nan	 2.8857e+00	 1.0013e+00	 2.9257e+00	 1.0000e+00
nan	 nan	 2.8884e+00	 1.0013e+00	 2.9284e+00	 1.0001e+00
nan	 nan	 2.8911e+00	 1.0013e+00	 2.9311e+00	 1.0001e+00
nan	 nan	 2.8938e+00	 1.0014e+00	 2.9338e+00	 1.0001e+00
nan	 nan	 2.8965e+00	 1.0014e+00	 2.9365e+00	 1.0001e+00
nan	 nan	 2.8992e+00	 1.0014e+00	 2.9393e+00	 1.0002e+00
nan	 nan	 2.9019e+00	 1.0014e+00	 2.9420e+00	 1.0002e+00
nan	 nan	 2.9045e+00	 1.0015e+00	 2.9447e+00	 1.0003e+00
nan	 nan	 2.9072e+00	 1.0015e+00	 2.9475e+00	 1.0003e+00
nan	 nan	 2.9099e+00	 1.0015e+00	 2.9502e+00	 1.0003e+00
nan	 nan	 2.9127e+00	 1.0015e+00	 2.9530e+00	 1.0004e+00
nan	 nan	 2.9154e+00	 1.0014e+00	 2.9557e+00	 1.0004e+00
nan	 nan	 2.9181e+00	 1.0014e+00	 2.9585e+00	 1.0005e+00
nan	 nan	 2.9208e+00	 1.0014e+00	 2.9612e+00	 1.0005e+00
nan	 nan	 2.9235e+00	 1.0014e+00	 2.9640e+00	 1.0005e+00
nan	 nan	 2.9262e+00	 1.0014e+00	 2.9667e+00	 1.0006e+00
nan	 nan	 2.9289e+00	 1.0013e+00	 2.9695e+00	 1.0006e+00
nan	 nan	 2.9316e+00	 1.0013e+00	 2.9722e+00	 1.0006e+00
nan	 nan	 2.9343e+00	 1.0013e+00	 2.9750e+00	 1.0006e+00
nan	 nan	 2.9371e+00	 1.0013e+00	 2.9777e+00	 1.0007e+00
nan	 nan	 2.9398e+00	 1.0012e+00	 2.9805e+00	 1.0007e+00
nan	 nan	 2.9425e+00	 1.0012e+00	 2.9833e+00	 1.0007e+00
nan	 nan	 2.9453e+00	 1.0012e+00	 2.9860e+00	 1.0007e+00
nan	 nan	 2.9480e+00	 1.0012e+00	 2.9888e+00	 1.0007e+00
nan	 nan	 2.9507e+00	 1.0012e+00	 2.9916e+00	 1.0007e+00
nan	 nan	 2.9535e+00	 1.0012e+00	 2.9944e+00	 1.0007e+00
nan	 nan	 2.9562e+00	 1.0012e+00	 2.9971e+00	 1.0007e+00
nan	 nan	 2.9589e+00	 1.0012e+00	 2.9999e+00	 1.0007e+00
nan	 nan	 2.9617e+00	 1.0012e+00	 3.0027e+00	 1.0007e+00
nan	 nan	 2.9644e+00	 1.0012e+00	 3.0055e+00	 1.0007e+00
nan	 nan	 2.9672e+00	 1.0012e+00	 3.0083e+00	 1.0007e+00
nan	 nan	 2.9699e+00	 1.0012e+00	 3.0111e+00	 1.0007e+00
nan	 nan	 2.9727e+00	 1.0012e+00	 3.0139e+00	 1.0007e+00
nan	 nan	 2.9754e+00	 1.0013e+00	 3.0167e+00	 1.0007e+00
nan	 nan	 2.9782e+00	 1.0013e+00	 3.0195e+00	 1.0007e+00
nan	 nan	 2.9810e+00	 1.0013e+00	 3.0223e+00	 1.0007e+00
nan	 nan	 2.9837e+00	 1.0013e+00	 3.0251e+00	 1.0007e+00
nan	 nan	 2.9865e+00	 1.0013e+00	 3.0279e+00	 1.0006e+00
nan	 nan	 2.9893e+00	 1.0014e+00	 3.0307e+00	 1.0006e+00
nan	 nan	 2.9920e+00	 1.0014e+00	 3.0335e+00	 1.0006e+00
nan	 nan	 2.9948e+00	 1.0014e+00	 3.0364e+00	 1.0006e+00
nan	 nan	 2.9976e+00	 1.0014e+00	 3.0392e+00	 1.0006e+00
nan	 nan	 3.0004e+00	 1.0015e+00	 3.0420e+00	 1.0006e+00
nan	 nan	 3.0032e+00	 1.0015e+00	 3.0448e+00	 1.0005e+00
nan	 nan	 3.0059e+00	 1.0015e+00	 3.0477e+00	 1.0005e+00
nan	 nan	 3.0087e+00	 1.0015e+00	 3.0505e+00	 1.0005e+00
nan	 nan	 3.0115e+00	 1.0015e+00	 3.0533e+00	 1.0004e+00
nan	 nan	 3.0143e+00	 1.0015e+00	 3.0562e+00	 1.0004e+00
nan	 nan	 3.0171e+00	 1.0015e+00	 3.0590e+00	 1.0004e+00
nan	 nan	 3.0199e+00	 1.0015e+00	 3.0619e+00	 1.0004e+00
nan	 nan	 3.0227e+00	 1.0015e+00	 3.0647e+00	 1.0004e+00
nan	 nan	 3.0255e+00	 1.0015e+00	 3.0676e+00	 1.0003e+00
nan	 nan	 3.0283e+00	 1.0015e+00	 3.0704e+00	 1.0003e+00
nan	 nan	 3.0311e+00	 1.0014e+00	 3.0732e+00	 1.0003e+00
nan	 nan	 3.0339e+00	 1.0014e+00	 3.0761e+00	 1.0003e+00
nan	 nan	 3.0368e+00	 1.0014e+00	 3.0790e+00	 1.0003e+00
nan	 nan	 3.0396e+00	 1.0014e+00	 3.0818e+00	 1.0003e+00
nan	 nan	 3.0424e+00	 1.0014e+00	 3.0847e+00	 1.0003e+00
nan	 nan	 3.0452e+00	 1.0014e+00	 3.0875e+00	 1.0003e+00
nan	 nan	 3.0480e+00	 1.0014e+00	 3.0904e+00	 1.0003e+00
nan	 nan	 3.0509e+00	 1.0014e+00	 3.0933e+00	 1.0003e+00
nan	 nan	 3.0537e+00	 1.0014e+00	 3.0962e+00	 1.0003e+00
nan	 nan	 3.0565e+00	 1.0014e+00	 3.0990e+00	 1.0003e+00
nan	 nan	 3.0593e+00	 1.0014e+00	 3.1019e+00	 1.0003e+00
nan	 nan	 3.0622e+00	 1.0014e+00	 3.1048e+00	 1.0003e+00
nan	 nan	 3.0650e+00	 1.0014e+00	 3.1077e+00	 1.0003e+00
nan	 nan	 3.0678e+00	 1.0013e+00	 3.1105e+00	 1.0003e+00
nan	 nan	 3.0707e+00	 1.0013e+00	 3.1134e+00	 1.0003e+00
nan	 nan	 3.0735e+00	 1.0013e+00	 3.1163e+00	 1.0003e+00
nan	 nan	 3.0764e+00	 1.0013e+00	 3.1192e+00	 1.0003e+00
nan	 nan	 3.0792e+00	 1.0013e+00	 3.1221e+00	 1.0003e+00
nan	 nan	 3.0821e+00	 1.0013e+00	 3.1250e+00	 1.0003e+00
nan	 nan	 3.0850e+00	 1.0012e+00	 3.1279e+00	 1.0003e+00
nan	 nan	 3.0878e+00	 1.0012e+00	 3.1308e+00	 1.0004e+00
nan	 nan	 3.0907e+00	 1.0012e+00	 3.1337e+00	 1.0004e+00
nan	 nan	 3.0935e+00	 1.0013e+00	 3.1366e+00	 1.0004e+00
nan	 nan	 3.0964e+00	 1.0012e+00	 3.1395e+00	 1.0004e+00
nan	 nan	 3.0993e+00	 1.0013e+00	 3.1424e+00	 1.0004e+00
nan	 nan	 3.1021e+00	 1.0013e+00	 3.1453e+00	 1.0004e+00
nan	 nan	 3.1050e+00	 1.0013e+00	 3.1483e+00	 1.0004e+00
nan	 nan	 3.1079e+00	 1.0013e+00	 3.1512e+00	 1.0004e+00
nan	 nan	 3.1108e+00	 1.0013e+00	 3.1541e+00	 1.0004e+00
nan	 nan	 3.1136e+00	 1.0013e+00	 3.1570e+00	 1.0005e+00
nan	 nan	 3.1165e+00	 1.0013e+00	 3.1599e+00	 1.0005e+00
nan	 nan	 3.1194e+00	 1.0013e+00	 3.1629e+00	 1.0005e+00
nan	 nan	 3.1223e+00	 1.0013e+00	 3.1658e+00	 1.0005e+00
nan	 nan	 3.1252e+00	 1.0013e+00	 3.1687e+00	 1.0005e+00
nan	 nan	 3.1281e+00	 1.0013e+00	 3.1717e+00	 1.0005e+00
nan	 nan	 3.1310e+00	 1.0013e+00	 3.1746e+00	 1.0005e+00
nan	 nan	 3.1339e+00	 1.0013e+00	 3.1776e+00	 1.0005e+00
nan	 nan	 3.1368e+00	 1.0013e+00	 3.1805e+00	 1.0005e+00
nan	 nan	 3.1397e+00	 1.0013e+00	 3.1835e+00	 1.0005e+00
nan	 nan	 3.1426e+00	 1.0012e+00	 3.1864e+00	 1.0004e+00
nan	 nan	 3.1455e+00	 1.0012e+00	 3.1894e+00	 1.0004e+00
nan	 nan	 3.1484e+00	 1.0012e+00	 3.1923e+00	 1.0004e+00
nan	 nan	 3.1513e+00	 1.0011e+00	 3.1953e+00	 1.0004e+00
nan	 nan	 3.1543e+00	 1.0011e+00	 3.1982e+00	 1.0004e+00
nan	 nan	 3.1572e+00	 1.0011e+00	 3.2012e+00	 1.0004e+00
nan	 nan	 3.1601e+00	 1.0010e+00	 3.2042e+00	 1.0004e+00
nan	 nan	 3.1630e+00	 1.0010e+00	 3.2071e+00	 1.0004e+00
nan	 nan	 3.1659e+00	 1.0010e+00	 3.2101e+00	 1.0004e+00
nan	 nan	 3.1689e+00	 1.0009e+00	 3.2131e+00	 1.0003e+00
nan	 nan	 3.1718e+00	 1.0009e+00	 3.2161e+00	 1.0003e+00
nan	 nan	 3.1747e+00	 1.0009e+00	 3.2190e+00	 1.0003e+00
nan	 nan	 3.1777e+00	 1.0009e+00	 3.2220e+00	 1.0003e+00
nan	 nan	 3.1806e+00	 1.0009e+00	 3.2250e+00	 1.0003e+00
nan	 nan	 3.1836e+00	 1.0009e+00	 3.2280e+00	 1.0003e+00
nan	 nan	 3.1865e+00	 1.0009e+00	 3.2310e+00	 1.0003e+00
nan	 nan	 3.1894e+00	 1.0009e+00	 3.2340e+00	 1.0003e+00
nan	 nan	 3.1924e+00	 1.0009e+00	 3.2370e+00	 1.0003e+00
nan	 nan	 3.1954e+00	 1.0009e+00	 3.2400e+00	 1.0003e+00
nan	 nan	 3.1983e+00	 1.0009e+00	 3.2430e+00	 1.0003e+00
nan	 nan	 3.2013e+00	 1.0009e+00	 3.2460e+00	 1.0003e+00
nan	 nan	 3.2042e+00	 1.0009e+00	 3.2490e+00	 1.0002e+00
nan	 nan	 3.2072e+00	 1.0010e+00	 3.2520e+00	 1.0003e+00
nan	 nan	 3.2102e+00	 1.0010e+00	 3.2550e+00	 1.0002e+00
nan	 nan	 3.2131e+00	 1.0010e+00	 3.2580e+00	 1.0003e+00
nan	 nan	 3.2161e+00	 1.0010e+00	 3.2611e+00	 1.0003e+00
nan	 nan	 3.2191e+00	 1.0010e+00	 3.2641e+00	 1.0002e+00
nan	 nan	 3.2220e+00	 1.0010e+00	 3.2671e+00	 1.0003e+00
nan	 nan	 3.2250e+00	 1.0010e+00	 3.2701e+00	 1.0002e+00
nan	 nan	 3.2280e+00	 1.0010e+00	 3.2731e+00	 1.0003e+00
nan	 nan	 3.2310e+00	 1.0010e+00	 3.2762e+00	 1.0002e+00
nan	 nan	 3.2340e+00	 1.0010e+00	 3.2792e+00	 1.0002e+00
nan	 nan	 3.2370e+00	 1.0010e+00	 3.2822e+00	 1.0002e+00
nan	 nan	 3.2400e+00	 1.0010e+00	 3.2853e+00	 1.0002e+00
nan	 nan	 3.2430e+00	 1.0010e+00	 3.2883e+00	 1.0002e+00
nan	 nan	 3.2460e+00	 1.0010e+00	 3.2914e+00	 1.0002e+00
nan	 nan	 3.2489e+00	 1.0010e+00	 3.2944e+00	 1.0002e+00
nan	 nan	 3.2520e+00	 1.0009e+00	 3.2975e+00	 1.0002e+00
nan	 nan	 3.2550e+00	 1.0009e+00	 3.3005e+00	 1.0002e+00
nan	 nan	 3.2580e+00	 1.0009e+00	 3.3036e+00	 1.0002e+00
nan	 nan	 3.2610e+00	 1.0009e+00	 3.3066e+00	 1.0002e+00
nan	 nan	 3.2640e+00	 1.0009e+00	 3.3097e+00	 1.0002e+00
nan	 nan	 3.2670e+00	 1.0008e+00	 3.3127e+00	 1.0002e+00
nan	 nan	 3.2700e+00	 1.0008e+00	 3.3158e+00	 1.0002e+00
nan	 nan	 3.2731e+00	 1.0008e+00	 3.3189e+00	 1.0002e+00
nan	 nan	 3.2761e+00	 1.0008e+00	 3.3220e+00	 1.0002e+00
nan	 nan	 3.2791e+00	 1.0008e+00	 3.3250e+00	 1.0002e+00
nan	 nan	 3.2822e+00	 1.0007e+00	 3.3281e+00	 1.0002e+00
nan	 nan	 3.2852e+00	 1.0007e+00	 3.3312e+00	 1.0002e+00
nan	 nan	 3.2882e+00	 1.0007e+00	 3.3343e+00	 1.0002e+00
nan	 nan	 3.2913e+00	 1.0006e+00	 3.3373e+00	 1.0002e+00
nan	 nan	 3.2943e+00	 1.0006e+00	 3.3404e+00	 1.0002e+00
nan	 nan	 3.2974e+00	 1.0006e+00	 3.3435e+00	 1.0002e+00
nan	 nan	 3.3004e+00	 1.0006e+00	 3.3466e+00	 1.0002e+00
nan	 nan	 3.3035e+00	 1.0006e+00	 3.3497e+00	 1.0002e+00
nan	 nan	 3.3065e+00	 1.0006e+00	 3.3528e+00	 1.0002e+00
nan	 nan	 3.3096e+00	 1.0006e+00	 3.3559e+00	 1.0001e+00
nan	 nan	 3.3126e+00	 1.0006e+00	 3.3590e+00	 1.0001e+00
nan	 nan	 3.3157e+00	 1.0006e+00	 3.3621e+00	 1.0001e+00
nan	 nan	 3.3188e+00	 1.0006e+00	 3.3652e+00	 1.0001e+00
nan	 nan	 3.3218e+00	 1.0006e+00	 3.3683e+00	 1.0001e+00
nan	 nan	 3.3249e+00	 1.0006e+00	 3.3715e+00	 1.0001e+00
nan	 nan	 3.3280e+00	 1.0006e+00	 3.3746e+00	 1.0001e+00
nan	 nan	 3.3310e+00	 1.0006e+00	 3.3777e+00	 1.0000e+00
nan	 nan	 3.3341e+00	 1.0006e+00	 3.3808e+00	 1.0000e+00
nan	 nan	 3.3372e+00	 1.0006e+00	 3.3840e+00	 1.0000e+00
nan	 nan	 3.3403e+00	 1.0007e+00	 3.3871e+00	 1.0000e+00
nan	 nan	 3.3434e+00	 1.0007e+00	 3.3902e+00	 1.0000e+00
nan	 nan	 3.3464e+00	 1.0007e+00	 3.3934e+00	 1.0000e+00
nan	 nan	 3.3495e+00	 1.0007e+00	 3.3965e+00	 1.0000e+00
nan	 nan	 3.3526e+00	 1.0008e+00	 3.3996e+00	 1.0000e+00
nan	 nan	 3.3557e+00	 1.0008e+00	 3.4028e+00	 1.0000e+00
nan	 nan	 3.3588e+00	 1.0008e+00	 3.4059e+00	 1.0000e+00
nan	 nan	 3.3619e+00	 1.0009e+00	 3.4091e+00	 1.0000e+00
nan	 nan	 3.3650e+00	 1.0009e+00	 3.4122e+00	 1.0001e+00
nan	 nan	 3.3681e+00	 1.0009e+00	 3.4154e+00	 1.0001e+00
nan	 nan	 3.3713e+00	 1.0009e+00	 3.4186e+00	 1.0001e+00
nan	 nan	 3.3744e+00	 1.0009e+00	 3.4217e+00	 1.0001e+00
nan	 nan	 3.3775e+00	 1.0010e+00	 3.4249e+00	 1.0001e+00
nan	 nan	 3.3806e+00	 1.0010e+00	 3.4280e+00	 1.0001e+00
nan	 nan	 3.3837e+00	 1.0010e+00	 3.4312e+00	 1.0001e+00
nan	 nan	 3.3868e+00	 1.0010e+00	 3.4344e+00	 1.0001e+00
nan	 nan	 3.3900e+00	 1.0010e+00	 3.4376e+00	 1.0002e+00
nan	 nan	 3.3931e+00	 1.0011e+00	 3.4407e+00	 1.0002e+00
nan	 nan	 3.3962e+00	 1.0011e+00	 3.4439e+00	 1.0002e+00
nan	 nan	 3.3994e+00	 1.0011e+00	 3.4471e+00	 1.0002e+00
nan	 nan	 3.4025e+00	 1.0011e+00	 3.4503e+00	 1.0002e+00
nan	 nan	 3.4057e+00	 1.0012e+00	 3.4535e+00	 1.0002e+00
nan	 nan	 3.4088e+00	 1.0012e+00	 3.4567e+00	 1.0002e+00
nan	 nan	 3.4120e+00	 1.0012e+00	 3.4599e+00	 1.0002e+00
nan	 nan	 3.4151e+00	 1.0013e+00	 3.4631e+00	 1.0002e+00
nan	 nan	 3.4183e+00	 1.0013e+00	 3.4663e+00	 1.0002e+00
nan	 nan	 3.4214e+00	 1.0013e+00	 3.4695e+00	 1.0002e+00
nan	 nan	 3.4246e+00	 1.0013e+00	 3.4727e+00	 1.0002e+00
nan	 nan	 3.4277e+00	 1.0014e+00	 3.4759e+00	 1.0002e+00
nan	 nan	 3.4309e+00	 1.0014e+00	 3.4792e+00	 1.0002e+00
nan	 nan	 3.4341e+00	 1.0015e+00	 3.4824e+00	 1.0002e+00
nan	 nan	 3.4372e+00	 1.0015e+00	 3.4856e+00	 1.0002e+00
nan	 nan	 3.4404e+00	 1.0015e+00	 3.4888e+00	 1.0002e+00
nan	 nan	 3.4436e+00	 1.0016e+00	 3.4920e+00	 1.0003e+00
nan	 nan	 3.4468e+00	 1.0016e+00	 3.4952e+00	 1.0003e+00
nan	 nan	 3.4499e+00	 1.0017e+00	 3.4985e+00	 1.0003e+00
nan	 nan	 3.4531e+00	 1.0017e+00	 3.5017e+00	 1.0003e+00
nan	 nan	 3.4563e+00	 1.0018e+00	 3.5049e+00	 1.0003e+00
nan	 nan	 3.4595e+00	 1.0018e+00	 3.5082e+00	 1.0003e+00
nan	 nan	 3.4627e+00	 1.0018e+00	 3.5114e+00	 1.0004e+00
nan	 nan	 3.4659e+00	 1.0019e+00	 3.5147e+00	 1.0004e+00
nan	 nan	 3.4691e+00	 1.0019e+00	 3.5179e+00	 1.0004e+00
nan	 nan	 3.4723e+00	 1.0020e+00	 3.5212e+00	 1.0004e+00
nan	 nan	 3.4755e+00	 1.0020e+00	 3.5244e+00	 1.0005e+00
nan	 nan	 3.4787e+00	 1.0020e+00	 3.5277e+00	 1.0005e+00
nan	 nan	 3.4819e+00	 1.0020e+00	 3.5309e+00	 1.0005e+00
nan	 nan	 3.4851e+00	 1.0020e+00	 3.5342e+00	 1.0005e+00
nan	 nan	 3.4883e+00	 1.0020e+00	 3.5374e+00	 1.0006e+00
nan	 nan	 3.4915e+00	 1.0020e+00	 3.5407e+00	 1.0006e+00
nan	 nan	 3.4947e+00	 1.0020e+00	 3.5440e+00	 1.0006e+00
nan	 nan	 3.4980e+00	 1.0019e+00	 3.5472e+00	 1.0006e+00
nan	 nan	 3.5012e+00	 1.0019e+00	 3.5505e+00	 1.0006e+00
nan	 nan	 3.5044e+00	 1.0018e+00	 3.5538e+00	 1.0006e+00
nan	 nan	 3.5076e+00	 1.0018e+00	 3.5571e+00	 1.0006e+00
nan	 nan	 3.5109e+00	 1.0017e+00	 3.5604e+00	 1.0006e+00
nan	 nan	 3.5141e+00	 1.0016e+00	 3.5636e+00	 1.0006e+00
nan	 nan	 3.5174e+00	 1.0016e+00	 3.5669e+00	 1.0006e+00
nan	 nan	 3.5206e+00	 1.0015e+00	 3.5702e+00	 1.0006e+00
nan	 nan	 3.5238e+00	 1.0014e+00	 3.5735e+00	 1.0007e+00
nan	 nan	 3.5271e+00	 1.0013e+00	 3.5768e+00	 1.0007e+00
nan	 nan	 3.5303e+00	 1.0012e+00	 3.5801e+00	 1.0007e+00
nan	 nan	 3.5336e+00	 1.0012e+00	 3.5834e+00	 1.0007e+00
nan	 nan	 3.5368e+00	 1.0011e+00	 3.5867e+00	 1.0007e+00
nan	 nan	 3.5401e+00	 1.0010e+00	 3.5900e+00	 1.0007e+00
nan	 nan	 3.5434e+00	 1.0010e+00	 3.5933e+00	 1.0007e+00
nan	 nan	 3.5466e+00	 1.0009e+00	 3.5967e+00	 1.0007e+00
nan	 nan	 3.5499e+00	 1.0009e+00	 3.6000e+00	 1.0006e+00
nan	 nan	 3.5532e+00	 1.0009e+00	 3.6033e+00	 1.0006e+00
nan	 nan	 3.5565e+00	 1.0009e+00	 3.6066e+00	 1.0006e+00
nan	 nan	 3.5597e+00	 1.0008e+00	 3.6099e+00	 1.0006e+00
nan	 nan	 3.5630e+00	 1.0008e+00	 3.6133e+00	 1.0006e+00
nan	 nan	 3.5663e+00	 1.0008e+00	 3.6166e+00	 1.0006e+00
nan	 nan	 3.5696e+00	 1.0008e+00	 3.6200e+00	 1.0005e+00
nan	 nan	 3.5729e+00	 1.0009e+00	 3.6233e+00	 1.0005e+00
nan	 nan	 3.5762e+00	 1.0009e+00	 3.6267e+00	 1.0005e+00
nan	 nan	 3.5795e+00	 1.0009e+00	 3.6300e+00	 1.0004e+00
nan	 nan	 3.5828e+00	 1.0010e+00	 3.6334e+00	 1.0004e+00
nan	 nan	 3.5861e+00	 1.0010e+00	 3.6367e+00	 1.0004e+00
nan	 nan	 3.5894e+00	 1.0011e+00	 3.6401e+00	 1.0004e+00
nan	 nan	 3.5927e+00	 1.0012e+00	 3.6434e+00	 1.0003e+00
nan	 nan	 3.5960e+00	 1.0012e+00	 3.6468e+00	 1.0003e+00
nan	 nan	 3.5993e+00	 1.0013e+00	 3.6502e+00	 1.0003e+00
nan	 nan	 3.6026e+00	 1.0014e+00	 3.6535e+00	 1.0003e+00
nan	 nan	 3.6059e+00	 1.0014e+00	 3.6569e+00	 1.0003e+00
nan	 nan	 3.6093e+00	 1.0015e+00	 3.6603e+00	 1.0003e+00
nan	 nan	 3.6126e+00	 1.0015e+00	 3.6636e+00	 1.0002e+00
nan	 nan	 3.6159e+00	 1.0016e+00	 3.6670e+00	 1.0002e+00
nan	 nan	 3.6193e+00	 1.0017e+00	 3.6704e+00	 1.0002e+00
nan	 nan	 3.6226e+00	 1.0017e+00	 3.6738e+00	 1.0002e+00
nan	 nan	 3.6259e+00	 1.0017e+00	 3.6772e+00	 1.0002e+00
nan	 nan	 3.6293e+00	 1.0017e+00	 3.6806e+00	 1.0002e+00
nan	 nan	 3.6326e+00	 1.0018e+00	 3.6839e+00	 1.0002e+00
nan	 nan	 3.6359e+00	 1.0018e+00	 3.6873e+00	 1.0002e+00
nan	 nan	 3.6393e+00	 1.0018e+00	 3.6907e+00	 1.0002e+00
nan	 nan	 3.6427e+00	 1.0017e+00	 3.6942e+00	 1.0002e+00
nan	 nan	 3.6460e+00	 1.0017e+00	 3.6976e+00	 1.0002e+00
nan	 nan	 3.6494e+00	 1.0017e+00	 3.7010e+00	 1.0002e+00
nan	 nan	 3.6527e+00	 1.0016e+00	 3.7044e+00	 1.0002e+00
nan	 nan	 3.6561e+00	 1.0016e+00	 3.7078e+00	 1.0002e+00
nan	 nan	 3.6595e+00	 1.0016e+00	 3.7112e+00	 1.0002e+00
nan	 nan	 3.6628e+00	 1.0015e+00	 3.7146e+00	 1.0002e+00
nan	 nan	 3.6662e+00	 1.0015e+00	 3.7180e+00	 1.0002e+00
nan	 nan	 3.6696e+00	 1.0015e+00	 3.7215e+00	 1.0002e+00
nan	 nan	 3.6729e+00	 1.0014e+00	 3.7249e+00	 1.0002e+00
nan	 nan	 3.6763e+00	 1.0014e+00	 3.7283e+00	 1.0002e+00
nan	 nan	 3.6797e+00	 1.0014e+00	 3.7318e+00	 1.0002e+00
nan	 nan	 3.6831e+00	 1.0014e+00	 3.7352e+00	 1.0001e+00
nan	 nan	 3.6865e+00	 1.0014e+00	 3.7386e+00	 1.0001e+00
nan	 nan	 3.6899e+00	 1.0014e+00	 3.7421e+00	 1.0001e+00
nan	 nan	 3.6933e+00	 1.0015e+00	 3.7455e+00	 1.0001e+00
nan	 nan	 3.6967e+00	 1.0015e+00	 3.7490e+00	 1.0001e+00
nan	 nan	 3.7001e+00	 1.0015e+00	 3.7524e+00	 1.0001e+00
nan	 nan	 3.7035e+00	 1.0016e+00	 3.7559e+00	 1.0001e+00
nan	 nan	 3.7069e+00	 1.0016e+00	 3.7593e+00	 1.0001e+00
nan	 nan	 3.7103e+00	 1.0016e+00	 3.7628e+00	 1.0001e+00
nan	 nan	 3.7137e+00	 1.0016e+00	 3.7663e+00	 1.0001e+00
nan	 nan	 3.7171e+00	 1.0017e+00	 3.7698e+00	 1.0001e+00
nan	 nan	 3.7205e+00	 1.0017e+00	 3.7732e+00	 1.0002e+00
nan	 nan	 3.7240e+00	 1.0018e+00	 3.7767e+00	 1.0002e+00
nan	 nan	 3.7274e+00	 1.0018e+00	 3.7802e+00	 1.0002e+00
nan	 nan	 3.7308e+00	 1.0018e+00	 3.7837e+00	 1.0002e+00
nan	 nan	 3.7342e+00	 1.0019e+00	 3.7872e+00	 1.0002e+00
nan	 nan	 3.7377e+00	 1.0019e+00	 3.7906e+00	 1.0002e+00
nan	 nan	 3.7411e+00	 1.0019e+00	 3.7941e+00	 1.0002e+00
nan	 nan	 3.7446e+00	 1.0019e+00	 3.7976e+00	 1.0003e+00
nan	 nan	 3.7480e+00	 1.0019e+00	 3.8011e+00	 1.0003e+00
nan	 nan	 3.7515e+00	 1.0019e+00	 3.8046e+00	 1.0003e+00
nan	 nan	 3.7549e+00	 1.0019e+00	 3.8081e+00	 1.0003e+00
nan	 nan	 3.7584e+00	 1.0019e+00	 3.8117e+00	 1.0003e+00
nan	 nan	 3.7618e+00	 1.0018e+00	 3.8152e+00	 1.0003e+00
nan	 nan	 3.7653e+00	 1.0018e+00	 3.8187e+00	 1.0003e+00
nan	 nan	 3.7687e+00	 1.0018e+00	 3.8222e+00	 1.0003e+00
nan	 nan	 3.7722e+00	 1.0017e+00	 3.8258e+00	 1.0003e+00
nan	 nan	 3.7757e+00	 1.0017e+00	 3.8293e+00	 1.0003e+00
nan	 nan	 3.7792e+00	 1.0016e+00	 3.8328e+00	 1.0003e+00
nan	 nan	 3.7826e+00	 1.0016e+00	 3.8363e+00	 1.0004e+00
nan	 nan	 3.7861e+00	 1.0015e+00	 3.8399e+00	 1.0004e+00
nan	 nan	 3.7896e+00	 1.0015e+00	 3.8434e+00	 1.0004e+00
nan	 nan	 3.7931e+00	 1.0014e+00	 3.8469e+00	 1.0004e+00
nan	 nan	 3.7966e+00	 1.0014e+00	 3.8505e+00	 1.0004e+00
nan	 nan	 3.8001e+00	 1.0014e+00	 3.8540e+00	 1.0004e+00
nan	 nan	 3.8035e+00	 1.0013e+00	 3.8576e+00	 1.0004e+00
nan	 nan	 3.8070e+00	 1.0013e+00	 3.8611e+00	 1.0004e+00
nan	 nan	 3.8105e+00	 1.0013e+00	 3.8647e+00	 1.0004e+00
nan	 nan	 3.8140e+00	 1.0013e+00	 3.8682e+00	 1.0005e+00
nan	 nan	 3.8175e+00	 1.0012e+00	 3.8718e+00	 1.0005e+00
nan	 nan	 3.8211e+00	 1.0012e+00	 3.8754e+00	 1.0005e+00
nan	 nan	 3.8246e+00	 1.0012e+00	 3.8789e+00	 1.0005e+00
nan	 nan	 3.8281e+00	 1.0012e+00	 3.8825e+00	 1.0005e+00
nan	 nan	 3.8316e+00	 1.0013e+00	 3.8861e+00	 1.0005e+00
nan	 nan	 3.8351e+00	 1.0012e+00	 3.8896e+00	 1.0005e+00
nan	 nan	 3.8386e+00	 1.0013e+00	 3.8932e+00	 1.0005e+00
nan	 nan	 3.8422e+00	 1.0013e+00	 3.8968e+00	 1.0005e+00
nan	 nan	 3.8457e+00	 1.0013e+00	 3.9004e+00	 1.0005e+00
nan	 nan	 3.8492e+00	 1.0013e+00	 3.9040e+00	 1.0005e+00
nan	 nan	 3.8527e+00	 1.0013e+00	 3.9076e+00	 1.0005e+00
nan	 nan	 3.8563e+00	 1.0013e+00	 3.9112e+00	 1.0005e+00
nan	 nan	 3.8598e+00	 1.0013e+00	 3.9147e+00	 1.0005e+00
nan	 nan	 3.8634e+00	 1.0013e+00	 3.9183e+00	 1.0005e+00
nan	 nan	 3.8669e+00	 1.0014e+00	 3.9219e+00	 1.0004e+00
nan	 nan	 3.8705e+00	 1.0014e+00	 3.9255e+00	 1.0004e+00
nan	 nan	 3.8740e+00	 1.0014e+00	 3.9292e+00	 1.0004e+00
nan	 nan	 3.8776e+00	 1.0014e+00	 3.9328e+00	 1.0004e+00
nan	 nan	 3.8811e+00	 1.0015e+00	 3.9364e+00	 1.0004e+00
nan	 nan	 3.8847e+00	 1.0015e+00	 3.9400e+00	 1.0003e+00
nan	 nan	 3.8883e+00	 1.0015e+00	 3.9436e+00	 1.0003e+00
nan	 nan	 3.8918e+00	 1.0015e+00	 3.9472e+00	 1.0003e+00
nan	 nan	 3.8954e+00	 1.0015e+00	 3.9509e+00	 1.0003e+00
nan	 nan	 3.8990e+00	 1.0015e+00	 3.9545e+00	 1.0003e+00
nan	 nan	 3.9026e+00	 1.0014e+00	 3.9582e+00	 1.0002e+00
nan	 nan	 3.9062e+00	 1.0014e+00	 3.9618e+00	 1.0002e+00
nan	 nan	 3.9098e+00	 1.0014e+00	 3.9654e+00	 1.0002e+00
nan	 nan	 3.9134e+00	 1.0013e+00	 3.9691e+00	 1.0002e+00
nan	 nan	 3.9170e+00	 1.0013e+00	 3.9727e+00	 1.0001e+00
nan	 nan	 3.9206e+00	 1.0013e+00	 3.9764e+00	 1.0001e+00
nan	 nan	 3.9242e+00	 1.0012e+00	 3.9801e+00	 1.0001e+00
nan	 nan	 3.9278e+00	 1.0012e+00	 3.9837e+00	 1.0001e+00
nan	 nan	 3.9314e+00	 1.0012e+00	 3.9874e+00	 1.0001e+00
nan	 nan	 3.9350e+00	 1.0011e+00	 3.9911e+00	 1.0001e+00
nan	 nan	 3.9386e+00	 1.0011e+00	 3.9947e+00	 1.0001e+00
nan	 nan	 3.9423e+00	 1.0010e+00	 3.9984e+00	 1.0000e+00
nan	 nan	 3.9459e+00	 1.0010e+00	 4.0021e+00	 1.0000e+00
nan	 nan	 3.9495e+00	 1.0010e+00	 4.0058e+00	 1.0000e+00
nan	 nan	 3.9531e+00	 1.0010e+00	 4.0095e+00	 1.0001e+00
nan	 nan	 3.9568e+00	 1.0010e+00	 4.0131e+00	 1.0001e+00
nan	 nan	 3.9604e+00	 1.0010e+00	 4.0168e+00	 1.0001e+00
nan	 nan	 3.9640e+00	 1.0010e+00	 4.0205e+00	 1.0001e+00
nan	 nan	 3.9677e+00	 1.0010e+00	 4.0242e+00	 1.0001e+00
nan	 nan	 3.9713e+00	 1.0011e+00	 4.0279e+00	 1.0001e+00
nan	 nan	 3.9750e+00	 1.0011e+00	 4.0316e+00	 1.0001e+00
nan	 nan	 3.9786e+00	 1.0011e+00	 4.0353e+00	 1.0001e+00
nan	 nan	 3.9823e+00	 1.0012e+00	 4.0390e+00	 1.0002e+00
nan	 nan	 3.9859e+00	 1.0012e+00	 4.0427e+00	 1.0002e+00
nan	 nan	 3.9896e+00	 1.0012e+00	 4.0465e+00	 1.0002e+00
nan	 nan	 3.9933e+00	 1.0013e+00	 4.0502e+00	 1.0002e+00
nan	 nan	 3.9969e+00	 1.0013e+00	 4.0539e+00	 1.0002e+00
nan	 nan	 4.0006e+00	 1.0014e+00	 4.0576e+00	 1.0002e+00
nan	 nan	 4.0043e+00	 1.0014e+00	 4.0614e+00	 1.0002e+00
nan	 nan	 4.0079e+00	 1.0014e+00	 4.0651e+00	 1.0002e+00
nan	 nan	 4.0116e+00	 1.0014e+00	 4.0688e+00	 1.0002e+00
nan	 nan	 4.0153e+00	 1.0015e+00	 4.0725e+00	 1.0002e+00
nan	 nan	 4.0190e+00	 1.0015e+00	 4.0763e+00	 1.0002e+00
nan	 nan	 4.0227e+00	 1.0015e+00	 4.0800e+00	 1.0002e+00
nan	 nan	 4.0263e+00	 1.0015e+00	 4.0838e+00	 1.0002e+00
nan	 nan	 4.0300e+00	 1.0015e+00	 4.0875e+00	 1.0002e+00
nan	 nan	 4.0337e+00	 1.0015e+00	 4.0913e+00	 1.0002e+00
nan	 nan	 4.0374e+00	 1.0015e+00	 4.0950e+00	 1.0002e+00
nan	 nan	 4.0411e+00	 1.0015e+00	 4.0988e+00	 1.0002e+00
nan	 nan	 4.0448e+00	 1.0015e+00	 4.1026e+00	 1.0002e+00
nan	 nan	 4.0485e+00	 1.0015e+00	 4.1063e+00	 1.0002e+00
nan	 nan	 4.0523e+00	 1.0015e+00	 4.1101e+00	 1.0002e+00
nan	 nan	 4.0560e+00	 1.0015e+00	 4.1139e+00	 1.0002e+00
nan	 nan	 4.0597e+00	 1.0015e+00	 4.1177e+00	 1.0003e+00
nan	 nan	 4.0634e+00	 1.0015e+00	 4.1215e+00	 1.0003e+00
nan	 nan	 4.0671e+00	 1.0015e+00	 4.1252e+00	 1.0003e+00
nan	 nan	 4.0709e+00	 1.0015e+00	 4.1290e+00	 1.0003e+00
nan	 nan	 4.0746e+00	 1.0015e+00	 4.1328e+00	 1.0003e+00
nan	 nan	 4.0783e+00	 1.0015e+00	 4.1366e+00	 1.0003e+00
nan	 nan	 4.0821e+00	 1.0016e+00	 4.1404e+00	 1.0003e+00
nan	 nan	 4.0858e+00	 1.0016e+00	 4.1442e+00	 1.0003e+00
nan	 nan	 4.0896e+00	 1.0016e+00	 4.1480e+00	 1.0003e+00
nan	 nan	 4.0933e+00	 1.0016e+00	 4.1518e+00	 1.0003e+00
nan	 nan	 4.0971e+00	 1.0016e+00	 4.1557e+00	 1.0003e+00
nan	 nan	 4.1009e+00	 1.0016e+00	 4.1595e+00	 1.0003e+00
nan	 nan	 4.1046e+00	 1.0016e+00	 4.1633e+00	 1.0003e+00
nan	 nan	 4.1084e+00	 1.0016e+00	 4.1671e+00	 1.0003e+00
nan	 nan	 4.1121e+00	 1.0016e+00	 4.1710e+00	 1.0003e+00
nan	 nan	 4.1159e+00	 1.0016e+00	 4.1748e+00	 1.0003e+00
nan	 nan	 4.1197e+00	 1.0016e+00	 4.1786e+00	 1.0004e+00
nan	 nan	 4.1235e+00	 1.0016e+00	 4.1825e+00	 1.0003e+00
nan	 nan	 4.1273e+00	 1.0016e+00	 4.1863e+00	 1.0004e+00
nan	 nan	 4.1311e+00	 1.0016e+00	 4.1902e+00	 1.0004e+00
nan	 nan	 4.1348e+00	 1.0016e+00	 4.1940e+00	 1.0004e+00
nan	 nan	 4.1386e+00	 1.0016e+00	 4.1978e+00	 1.0004e+00
nan	 nan	 4.1424e+00	 1.0016e+00	 4.2017e+00	 1.0004e+00
nan	 nan	 4.1462e+00	 1.0016e+00	 4.2055e+00	 1.0004e+00
nan	 nan	 4.1500e+00	 1.0016e+00	 4.2094e+00	 1.0004e+00
nan	 nan	 4.1538e+00	 1.0016e+00	 4.2133e+00	 1.0004e+00
nan	 nan	 4.1576e+00	 1.0016e+00	 4.2171e+00	 1.0004e+00
nan	 nan	 4.1614e+00	 1.0017e+00	 4.2210e+00	 1.0005e+00
nan	 nan	 4.1652e+00	 1.0017e+00	 4.2249e+00	 1.0005e+00
nan	 nan	 4.1691e+00	 1.0017e+00	 4.2287e+00	 1.0005e+00
nan	 nan	 4.1729e+00	 1.0017e+00	 4.2326e+00	 1.0005e+00
nan	 nan	 4.1767e+00	 1.0017e+00	 4.2365e+00	 1.0005e+00
nan	 nan	 4.1805e+00	 1.0017e+00	 4.2404e+00	 1.0006e+00
nan	 nan	 4.1844e+00	 1.0017e+00	 4.2443e+00	 1.0006e+00
nan	 nan	 4.1882e+00	 1.0017e+00	 4.2482e+00	 1.0006e+00
nan	 nan	 4.1920e+00	 1.0017e+00	 4.2521e+00	 1.0006e+00
nan	 nan	 4.1959e+00	 1.0017e+00	 4.2560e+00	 1.0006e+00
nan	 nan	 4.1997e+00	 1.0018e+00	 4.2599e+00	 1.0007e+00
nan	 nan	 4.2035e+00	 1.0017e+00	 4.2638e+00	 1.0007e+00
nan	 nan	 4.2074e+00	 1.0018e+00	 4.2677e+00	 1.0007e+00
nan	 nan	 4.2112e+00	 1.0017e+00	 4.2716e+00	 1.0007e+00
nan	 nan	 4.2151e+00	 1.0017e+00	 4.2755e+00	 1.0007e+00
nan	 nan	 4.2190e+00	 1.0017e+00	 4.2794e+00	 1.0007e+00
nan	 nan	 4.2228e+00	 1.0017e+00	 4.2834e+00	 1.0007e+00
nan	 nan	 4.2267e+00	 1.0017e+00	 4.2873e+00	 1.0007e+00
nan	 nan	 4.2306e+00	 1.0017e+00	 4.2912e+00	 1.0007e+00
nan	 nan	 4.2344e+00	 1.0017e+00	 4.2951e+00	 1.0007e+00
nan	 nan	 4.2383e+00	 1.0017e+00	 4.2991e+00	 1.0006e+00
nan	 nan	 4.2422e+00	 1.0017e+00	 4.3030e+00	 1.0006e+00
nan	 nan	 4.2461e+00	 1.0017e+00	 4.3069e+00	 1.0006e+00
nan	 nan	 4.2500e+00	 1.0017e+00	 4.3109e+00	 1.0006e+00
nan	 nan	 4.2538e+00	 1.0017e+00	 4.3148e+00	 1.0005e+00
nan	 nan	 4.2577e+00	 1.0017e+00	 4.3188e+00	 1.0005e+00
nan	 nan	 4.2617e+00	 1.0017e+00	 4.3228e+00	 1.0005e+00
nan	 nan	 4.2656e+00	 1.0017e+00	 4.3267e+00	 1.0004e+00
nan	 nan	 4.2695e+00	 1.0018e+00	 4.3307e+00	 1.0004e+00
nan	 nan	 4.2734e+00	 1.0018e+00	 4.3347e+00	 1.0004e+00
nan	 nan	 4.2773e+00	 1.0019e+00	 4.3387e+00	 1.0004e+00
nan	 nan	 4.2812e+00	 1.0020e+00	 4.3426e+00	 1.0004e+00
nan	 nan	 4.2851e+00	 1.0020e+00	 4.3466e+00	 1.0004e+00
nan	 nan	 4.2890e+00	 1.0021e+00	 4.3506e+00	 1.0004e+00
nan	 nan	 4.2930e+00	 1.0021e+00	 4.3546e+00	 1.0003e+00
nan	 nan	 4.2969e+00	 1.0022e+00	 4.3586e+00	 1.0004e+00
nan	 nan	 4.3008e+00	 1.0022e+00	 4.3626e+00	 1.0004e+00
nan	 nan	 4.3048e+00	 1.0022e+00	 4.3666e+00	 1.0004e+00
nan	 nan	 4.3087e+00	 1.0023e+00	 4.3706e+00	 1.0004e+00
nan	 nan	 4.3127e+00	 1.0023e+00	 4.3746e+00	 1.0004e+00
nan	 nan	 4.3166e+00	 1.0023e+00	 4.3786e+00	 1.0004e+00
nan	 nan	 4.3206e+00	 1.0023e+00	 4.3826e+00	 1.0004e+00
nan	 nan	 4.3245e+00	 1.0024e+00	 4.3867e+00	 1.0005e+00
nan	 nan	 4.3285e+00	 1.0024e+00	 4.3907e+00	 1.0005e+00
nan	 nan	 4.3324e+00	 1.0023e+00	 4.3947e+00	 1.0005e+00
nan	 nan	 4.3364e+00	 1.0023e+00	 4.3987e+00	 1.0005e+00
nan	 nan	 4.3404e+00	 1.0023e+00	 4.4028e+00	 1.0005e+00
nan	 nan	 4.3443e+00	 1.0023e+00	 4.4068e+00	 1.0005e+00
nan	 nan	 4.3483e+00	 1.0023e+00	 4.4108e+00	 1.0005e+00
nan	 nan	 4.3523e+00	 1.0023e+00	 4.4149e+00	 1.0005e+00
nan	 nan	 4.3563e+00	 1.0022e+00	 4.4189e+00	 1.0005e+00
nan	 nan	 4.3602e+00	 1.0022e+00	 4.4230e+00	 1.0006e+00
nan	 nan	 4.3642e+00	 1.0022e+00	 4.4270e+00	 1.0006e+00
nan	 nan	 4.3682e+00	 1.0021e+00	 4.4311e+00	 1.0006e+00
nan	 nan	 4.3722e+00	 1.0021e+00	 4.4351e+00	 1.0006e+00
nan	 nan	 4.3762e+00	 1.0020e+00	 4.4392e+00	 1.0006e+00
nan	 nan	 4.3802e+00	 1.0020e+00	 4.4432e+00	 1.0006e+00
nan	 nan	 4.3842e+00	 1.0020e+00	 4.4473e+00	 1.0006e+00
nan	 nan	 4.3882e+00	 1.0020e+00	 4.4514e+00	 1.0006e+00
nan	 nan	 4.3922e+00	 1.0020e+00	 4.4555e+00	 1.0006e+00
nan	 nan	 4.3963e+00	 1.0019e+00	 4.4596e+00	 1.0006e+00
nan	 nan	 4.4003e+00	 1.0019e+00	 4.4636e+00	 1.0007e+00
nan	 nan	 4.4043e+00	 1.0019e+00	 4.4677e+00	 1.0007e+00
nan	 nan	 4.4083e+00	 1.0019e+00	 4.4718e+00	 1.0007e+00
nan	 nan	 4.4124e+00	 1.0018e+00	 4.4759e+00	 1.0007e+00
nan	 nan	 4.4164e+00	 1.0018e+00	 4.4800e+00	 1.0007e+00
nan	 nan	 4.4204e+00	 1.0018e+00	 4.4841e+00	 1.0007e+00
nan	 nan	 4.4245e+00	 1.0018e+00	 4.4882e+00	 1.0007e+00
nan	 nan	 4.4285e+00	 1.0018e+00	 4.4923e+00	 1.0007e+00
nan	 nan	 4.4326e+00	 1.0018e+00	 4.4964e+00	 1.0007e+00
nan	 nan	 4.4366e+00	 1.0018e+00	 4.5006e+00	 1.0007e+00
nan	 nan	 4.4407e+00	 1.0018e+00	 4.5047e+00	 1.0007e+00
nan	 nan	 4.4447e+00	 1.0018e+00	 4.5088e+00	 1.0007e+00
nan	 nan	 4.4488e+00	 1.0018e+00	 4.5129e+00	 1.0007e+00
nan	 nan	 4.4529e+00	 1.0018e+00	 4.5171e+00	 1.0007e+00
nan	 nan	 4.4569e+00	 1.0018e+00	 4.5212e+00	 1.0006e+00
nan	 nan	 4.4610e+00	 1.0018e+00	 4.5254e+00	 1.0006e+00
nan	 nan	 4.4651e+00	 1.0019e+00	 4.5295e+00	 1.0006e+00
nan	 nan	 4.4692e+00	 1.0019e+00	 4.5336e+00	 1.0006e+00
nan	 nan	 4.4733e+00	 1.0019e+00	 4.5378e+00	 1.0006e+00
nan	 nan	 4.4773e+00	 1.0019e+00	 4.5419e+00	 1.0005e+00
nan	 nan	 4.4814e+00	 1.0019e+00	 4.5461e+00	 1.0005e+00
nan	 nan	 4.4855e+00	 1.0019e+00	 4.5503e+00	 1.0005e+00
nan	 nan	 4.4896e+00	 1.0019e+00	 4.5544e+00	 1.0004e+00
nan	 nan	 4.4937e+00	 1.0020e+00	 4.5586e+00	 1.0004e+00
nan	 nan	 4.4978e+00	 1.0019e+00	 4.5628e+00	 1.0004e+00
nan	 nan	 4.5020e+00	 1.0020e+00	 4.5669e+00	 1.0003e+00
nan	 nan	 4.5061e+00	 1.0020e+00	 4.5711e+00	 1.0003e+00
nan	 nan	 4.5102e+00	 1.0020e+00	 4.5753e+00	 1.0003e+00
nan	 nan	 4.5143e+00	 1.0020e+00	 4.5795e+00	 1.0002e+00
nan	 nan	 4.5184e+00	 1.0019e+00	 4.5837e+00	 1.0002e+00
nan	 nan	 4.5226e+00	 1.0020e+00	 4.5879e+00	 1.0002e+00
nan	 nan	 4.5267e+00	 1.0019e+00	 4.5921e+00	 1.0002e+00
nan	 nan	 4.5308e+00	 1.0019e+00	 4.5963e+00	 1.0001e+00
nan	 nan	 4.5350e+00	 1.0019e+00	 4.6005e+00	 1.0001e+00
nan	 nan	 4.5391e+00	 1.0019e+00	 4.6047e+00	 1.0001e+00
nan	 nan	 4.5433e+00	 1.0019e+00	 4.6089e+00	 1.0001e+00
nan	 nan	 4.5474e+00	 1.0018e+00	 4.6131e+00	 1.0001e+00
nan	 nan	 4.5516e+00	 1.0018e+00	 4.6173e+00	 1.0001e+00
nan	 nan	 4.5557e+00	 1.0018e+00	 4.6215e+00	 1.0001e+00
nan	 nan	 4.5599e+00	 1.0018e+00	 4.6257e+00	 1.0002e+00
nan	 nan	 4.5641e+00	 1.0017e+00	 4.6300e+00	 1.0002e+00
nan	 nan	 4.5682e+00	 1.0017e+00	 4.6342e+00	 1.0002e+00
nan	 nan	 4.5724e+00	 1.0017e+00	 4.6384e+00	 1.0002e+00
nan	 nan	 4.5766e+00	 1.0017e+00	 4.6427e+00	 1.0002e+00
nan	 nan	 4.5808e+00	 1.0017e+00	 4.6469e+00	 1.0003e+00
nan	 nan	 4.5849e+00	 1.0017e+00	 4.6512e+00	 1.0003e+00
nan	 nan	 4.5891e+00	 1.0017e+00	 4.6554e+00	 1.0003e+00
nan	 nan	 4.5933e+00	 1.0017e+00	 4.6597e+00	 1.0003e+00
nan	 nan	 4.5975e+00	 1.0017e+00	 4.6639e+00	 1.0004e+00
nan	 nan	 4.6017e+00	 1.0017e+00	 4.6682e+00	 1.0004e+00
nan	 nan	 4.6059e+00	 1.0017e+00	 4.6724e+00	 1.0004e+00
nan	 nan	 4.6101e+00	 1.0018e+00	 4.6767e+00	 1.0004e+00
nan	 nan	 4.6143e+00	 1.0018e+00	 4.6810e+00	 1.0004e+00
nan	 nan	 4.6185e+00	 1.0018e+00	 4.6853e+00	 1.0005e+00
nan	 nan	 4.6227e+00	 1.0018e+00	 4.6895e+00	 1.0005e+00
nan	 nan	 4.6269e+00	 1.0019e+00	 4.6938e+00	 1.0005e+00
nan	 nan	 4.6312e+00	 1.0019e+00	 4.6981e+00	 1.0005e+00
nan	 nan	 4.6354e+00	 1.0019e+00	 4.7024e+00	 1.0005e+00
nan	 nan	 4.6396e+00	 1.0020e+00	 4.7067e+00	 1.0005e+00
nan	 nan	 4.6439e+00	 1.0020e+00	 4.7111e+00	 1.0005e+00
nan	 nan	 4.6481e+00	 1.0020e+00	 4.7154e+00	 1.0005e+00
nan	 nan	 4.6523e+00	 1.0020e+00	 4.7197e+00	 1.0005e+00
nan	 nan	 4.6566e+00	 1.0020e+00	 4.7240e+00	 1.0005e+00
nan	 nan	 4.6608e+00	 1.0021e+00	 4.7283e+00	 1.0005e+00
nan	 nan	 4.6651e+00	 1.0021e+00	 4.7326e+00	 1.0005e+00
nan	 nan	 4.6693e+00	 1.0021e+00	 4.7370e+00	 1.0005e+00
nan	 nan	 4.6736e+00	 1.0021e+00	 4.7413e+00	 1.0004e+00
nan	 nan	 4.6779e+00	 1.0022e+00	 4.7457e+00	 1.0004e+00
nan	 nan	 4.6821e+00	 1.0022e+00	 4.7500e+00	 1.0004e+00
nan	 nan	 4.6864e+00	 1.0022e+00	 4.7543e+00	 1.0004e+00
nan	 nan	 4.6907e+00	 1.0022e+00	 4.7587e+00	 1.0004e+00
nan	 nan	 4.6950e+00	 1.0022e+00	 4.7630e+00	 1.0004e+00
nan	 nan	 4.6993e+00	 1.0022e+00	 4.7674e+00	 1.0004e+00
nan	 nan	 4.7035e+00	 1.0022e+00	 4.7718e+00	 1.0003e+00
nan	 nan	 4.7078e+00	 1.0022e+00	 4.7761e+00	 1.0003e+00
nan	 nan	 4.7121e+00	 1.0022e+00	 4.7805e+00	 1.0003e+00
nan	 nan	 4.7164e+00	 1.0022e+00	 4.7848e+00	 1.0003e+00
nan	 nan	 4.7207e+00	 1.0021e+00	 4.7892e+00	 1.0003e+00
nan	 nan	 4.7250e+00	 1.0021e+00	 4.7936e+00	 1.0004e+00
nan	 nan	 4.7293e+00	 1.0021e+00	 4.7980e+00	 1.0004e+00
nan	 nan	 4.7336e+00	 1.0020e+00	 4.8023e+00	 1.0004e+00
nan	 nan	 4.7380e+00	 1.0020e+00	 4.8067e+00	 1.0004e+00
nan	 nan	 4.7423e+00	 1.0019e+00	 4.8111e+00	 1.0004e+00
nan	 nan	 4.7466e+00	 1.0019e+00	 4.8155e+00	 1.0004e+00
nan	 nan	 4.7509e+00	 1.0019e+00	 4.8199e+00	 1.0004e+00
nan	 nan	 4.7553e+00	 1.0019e+00	 4.8243e+00	 1.0004e+00
nan	 nan	 4.7596e+00	 1.0019e+00	 4.8287e+00	 1.0004e+00
nan	 nan	 4.7640e+00	 1.0018e+00	 4.8331e+00	 1.0004e+00
nan	 nan	 4.7683e+00	 1.0019e+00	 4.8375e+00	 1.0004e+00
nan	 nan	 4.7726e+00	 1.0018e+00	 4.8419e+00	 1.0004e+00
nan	 nan	 4.7770e+00	 1.0018e+00	 4.8464e+00	 1.0004e+00
nan	 nan	 4.7814e+00	 1.0018e+00	 4.8508e+00	 1.0004e+00
nan	 nan	 4.7857e+00	 1.0018e+00	 4.8552e+00	 1.0004e+00
nan	 nan	 4.7901e+00	 1.0018e+00	 4.8596e+00	 1.0004e+00
nan	 nan	 4.7945e+00	 1.0017e+00	 4.8641e+00	 1.0004e+00
nan	 nan	 4.7988e+00	 1.0017e+00	 4.8685e+00	 1.0004e+00
nan	 nan	 4.8032e+00	 1.0017e+00	 4.8730e+00	 1.0004e+00
nan	 nan	 4.8076e+00	 1.0017e+00	 4.8774e+00	 1.0003e+00
nan	 nan	 4.8120e+00	 1.0017e+00	 4.8819e+00	 1.0003e+00
nan	 nan	 4.8163e+00	 1.0017e+00	 4.8863e+00	 1.0003e+00
nan	 nan	 4.8207e+00	 1.0017e+00	 4.8908e+00	 1.0003e+00
nan	 nan	 4.8251e+00	 1.0017e+00	 4.8952e+00	 1.0003e+00
nan	 nan	 4.8295e+00	 1.0017e+00	 4.8997e+00	 1.0003e+00
nan	 nan	 4.8339e+00	 1.0017e+00	 4.9042e+00	 1.0003e+00
nan	 nan	 4.8383e+00	 1.0018e+00	 4.9086e+00	 1.0003e+00
nan	 nan	 4.8427e+00	 1.0018e+00	 4.9131e+00	 1.0003e+00
nan	 nan	 4.8471e+00	 1.0018e+00	 4.9176e+00	 1.0003e+00
nan	 nan	 4.8515e+00	 1.0018e+00	 4.9221e+00	 1.0003e+00
nan	 nan	 4.8560e+00	 1.0018e+00	 4.9266e+00	 1.0003e+00
nan	 nan	 4.8604e+00	 1.0018e+00	 4.9311e+00	 1.0003e+00
nan	 nan	 4.8648e+00	 1.0018e+00	 4.9356e+00	 1.0003e+00
nan	 nan	 4.8692e+00	 1.0019e+00	 4.9401e+00	 1.0003e+00
nan	 nan	 4.8737e+00	 1.0019e+00	 4.9446e+00	 1.0003e+00
nan	 nan	 4.8781e+00	 1.0019e+00	 4.9491e+00	 1.0004e+00
nan	 nan	 4.8826e+00	 1.0019e+00	 4.9536e+00	 1.0004e+00
nan	 nan	 4.8870e+00	 1.0019e+00	 4.9581e+00	 1.0004e+00
nan	 nan	 4.8914e+00	 1.0019e+00	 4.9627e+00	 1.0004e+00
nan	 nan	 4.8959e+00	 1.0019e+00	 4.9672e+00	 1.0004e+00
nan	 nan	 4.9004e+00	 1.0020e+00	 4.9718e+00	 1.0005e+00
nan	 nan	 4.9048e+00	 1.0020e+00	 4.9763e+00	 1.0005e+00
nan	 nan	 4.9093e+00	 1.0020e+00	 4.9808e+00	 1.0005e+00
nan	 nan	 4.9138e+00	 1.0020e+00	 4.9854e+00	 1.0006e+00
nan	 nan	 4.9182e+00	 1.0020e+00	 4.9899e+00	 1.0006e+00
nan	 nan	 4.9227e+00	 1.0020e+00	 4.9945e+00	 1.0006e+00
nan	 nan	 4.9272e+00	 1.0020e+00	 4.9991e+00	 1.0006e+00
nan	 nan	 4.9317e+00	 1.0021e+00	 5.0036e+00	 1.0007e+00
nan	 nan	 4.9361e+00	 1.0020e+00	 5.0082e+00	 1.0007e+00
nan	 nan	 4.9406e+00	 1.0021e+00	 5.0128e+00	 1.0007e+00
nan	 nan	 4.9451e+00	 1.0021e+00	 5.0173e+00	 1.0007e+00
nan	 nan	 4.9497e+00	 1.0021e+00	 5.0219e+00	 1.0008e+00
nan	 nan	 4.9542e+00	 1.0021e+00	 5.0265e+00	 1.0008e+00
nan	 nan	 4.9587e+00	 1.0021e+00	 5.0311e+00	 1.0008e+00
nan	 nan	 4.9632e+00	 1.0021e+00	 5.0357e+00	 1.0008e+00
nan	 nan	 4.9677e+00	 1.0021e+00	 5.0403e+00	 1.0008e+00
nan	 nan	 4.9722e+00	 1.0021e+00	 5.0449e+00	 1.0008e+00
nan	 nan	 4.9768e+00	 1.0021e+00	 5.0494e+00	 1.0008e+00
nan	 nan	 4.9813e+00	 1.0021e+00	 5.0540e+00	 1.0008e+00
nan	 nan	 4.9858e+00	 1.0022e+00	 5.0587e+00	 1.0008e+00
nan	 nan	 4.9904e+00	 1.0022e+00	 5.0633e+00	 1.0008e+00
nan	 nan	 4.9949e+00	 1.0022e+00	 5.0679e+00	 1.0008e+00
nan	 nan	 4.9995e+00	 1.0022e+00	 5.0725e+00	 1.0008e+00
nan	 nan	 5.0040e+00	 1.0023e+00	 5.0771e+00	 1.0008e+00
nan	 nan	 5.0085e+00	 1.0023e+00	 5.0817e+00	 1.0008e+00
nan	 nan	 5.0131e+00	 1.0023e+00	 5.0864e+00	 1.0008e+00
nan	 nan	 5.0177e+00	 1.0023e+00	 5.0910e+00	 1.0008e+00
nan	 nan	 5.0222e+00	 1.0023e+00	 5.0956e+00	 1.0007e+00
nan	 nan	 5.0268e+00	 1.0023e+00	 5.1003e+00	 1.0007e+00
nan	 nan	 5.0314e+00	 1.0023e+00	 5.1049e+00	 1.0007e+00
nan	 nan	 5.0360e+00	 1.0024e+00	 5.1096e+00	 1.0007e+00
nan	 nan	 5.0405e+00	 1.0024e+00	 5.1142e+00	 1.0007e+00
nan	 nan	 5.0451e+00	 1.0024e+00	 5.1189e+00	 1.0006e+00
nan	 nan	 5.0497e+00	 1.0024e+00	 5.1235e+00	 1.0006e+00
nan	 nan	 5.0543e+00	 1.0024e+00	 5.1282e+00	 1.0006e+00
nan	 nan	 5.0589e+00	 1.0024e+00	 5.1329e+00	 1.0005e+00
nan	 nan	 5.0635e+00	 1.0024e+00	 5.1376e+00	 1.0005e+00
nan	 nan	 5.0681e+00	 1.0024e+00	 5.1422e+00	 1.0005e+00
nan	 nan	 5.0727e+00	 1.0025e+00	 5.1469e+00	 1.0004e+00
nan	 nan	 5.0774e+00	 1.0025e+00	 5.1516e+00	 1.0004e+00
nan	 nan	 5.0820e+00	 1.0025e+00	 5.1563e+00	 1.0004e+00
nan	 nan	 5.0866e+00	 1.0025e+00	 5.1610e+00	 1.0003e+00
nan	 nan	 5.0912e+00	 1.0025e+00	 5.1657e+00	 1.0003e+00
nan	 nan	 5.0958e+00	 1.0025e+00	 5.1704e+00	 1.0003e+00
nan	 nan	 5.1005e+00	 1.0025e+00	 5.1751e+00	 1.0002e+00
nan	 nan	 5.1051e+00	 1.0025e+00	 5.1799e+00	 1.0002e+00
nan	 nan	 5.1098e+00	 1.0025e+00	 5.1846e+00	 1.0002e+00
nan	 nan	 5.1144e+00	 1.0026e+00	 5.1893e+00	 1.0001e+00
nan	 nan	 5.1190e+00	 1.0025e+00	 5.1940e+00	 1.0001e+00
nan	 nan	 5.1237e+00	 1.0026e+00	 5.1988e+00	 1.0001e+00
nan	 nan	 5.1284e+00	 1.0025e+00	 5.2035e+00	 1.0000e+00
nan	 nan	 5.1330e+00	 1.0026e+00	 5.2082e+00	 1.0000e+00
nan	 nan	 5.1377e+00	 1.0026e+00	 5.2130e+00	 9.9998e-01
nan	 nan	 5.1424e+00	 1.0026e+00	 5.2177e+00	 9.9996e-01
nan	 nan	 5.1470e+00	 1.0026e+00	 5.2225e+00	 9.9994e-01
nan	 nan	 5.1517e+00	 1.0025e+00	 5.2272e+00	 9.9991e-01
nan	 nan	 5.1564e+00	 1.0026e+00	 5.2320e+00	 9.9990e-01
nan	 nan	 5.1611e+00	 1.0025e+00	 5.2367e+00	 9.9988e-01
nan	 nan	 5.1658e+00	 1.0026e+00	 5.2415e+00	 9.9988e-01
nan	 nan	 5.1705e+00	 1.0026e+00	 5.2463e+00	 9.9987e-01
nan	 nan	 5.1752e+00	 1.0026e+00	 5.2511e+00	 9.9987e-01
nan	 nan	 5.1799e+00	 1.0026e+00	 5.2558e+00	 9.9987e-01
nan	 nan	 5.1846e+00	 1.0025e+00	 5.2606e+00	 9.9988e-01
nan	 nan	 5.1893e+00	 1.0026e+00	 5.2654e+00	 9.9990e-01
nan	 nan	 5.1940e+00	 1.0025e+00	 5.2702e+00	 9.9990e-01
nan	 nan	 5.1987e+00	 1.0025e+00	 5.2750e+00	 9.9994e-01
nan	 nan	 5.2035e+00	 1.0025e+00	 5.2798e+00	 9.9994e-01
nan	 nan	 5.2082e+00	 1.0025e+00	 5.2846e+00	 9.9997e-01
nan	 nan	 5.2129e+00	 1.0025e+00	 5.2894e+00	 9.9999e-01
nan	 nan	 5.2177e+00	 1.0024e+00	 5.2942e+00	 1.0000e+00
nan	 nan	 5.2224e+00	 1.0024e+00	 5.2990e+00	 1.0000e+00
nan	 nan	 5.2271e+00	 1.0024e+00	 5.3038e+00	 1.0000e+00
nan	 nan	 5.2319e+00	 1.0024e+00	 5.3087e+00	 1.0001e+00
nan	 nan	 5.2366e+00	 1.0024e+00	 5.3135e+00	 1.0001e+00
nan	 nan	 5.2414e+00	 1.0024e+00	 5.3183e+00	 1.0001e+00
nan	 nan	 5.2462e+00	 1.0024e+00	 5.3232e+00	 1.0001e+00
nan	 nan	 5.2509e+00	 1.0023e+00	 5.3280e+00	 1.0001e+00
nan	 nan	 5.2557e+00	 1.0024e+00	 5.3329e+00	 1.0002e+00
nan	 nan	 5.2604e+00	 1.0023e+00	 5.3377e+00	 1.0002e+00
nan	 nan	 5.2652e+00	 1.0024e+00	 5.3426e+00	 1.0002e+00
nan	 nan	 5.2700e+00	 1.0023e+00	 5.3475e+00	 1.0002e+00
nan	 nan	 5.2748e+00	 1.0023e+00	 5.3523e+00	 1.0002e+00
nan	 nan	 5.2796e+00	 1.0023e+00	 5.3572e+00	 1.0002e+00
nan	 nan	 5.2844e+00	 1.0023e+00	 5.3621e+00	 1.0002e+00
nan	 nan	 5.2892e+00	 1.0023e+00	 5.3669e+00	 1.0002e+00
nan	 nan	 5.2940e+00	 1.0023e+00	 5.3718e+00	 1.0002e+00
nan	 nan	 5.2988e+00	 1.0023e+00	 5.3767e+00	 1.0003e+00
nan	 nan	 5.3036e+00	 1.0023e+00	 5.3816e+00	 1.0003e+00
nan	 nan	 5.3084e+00	 1.0023e+00	 5.3865e+00	 1.0003e+00
nan	 nan	 5.3132e+00	 1.0023e+00	 5.3914e+00	 1.0003e+00
nan	 nan	 5.3180e+00	 1.0023e+00	 5.3963e+00	 1.0003e+00
nan	 nan	 5.3229e+00	 1.0023e+00	 5.4012e+00	 1.0003e+00
nan	 nan	 5.3277e+00	 1.0023e+00	 5.4061e+00	 1.0003e+00
nan	 nan	 5.3325e+00	 1.0024e+00	 5.4110e+00	 1.0003e+00
nan	 nan	 5.3374e+00	 1.0023e+00	 5.4159e+00	 1.0004e+00
nan	 nan	 5.3422e+00	 1.0024e+00	 5.4209e+00	 1.0004e+00
nan	 nan	 5.3471e+00	 1.0024e+00	 5.4258e+00	 1.0004e+00
nan	 nan	 5.3519e+00	 1.0024e+00	 5.4307e+00	 1.0004e+00
nan	 nan	 5.3568e+00	 1.0024e+00	 5.4357e+00	 1.0004e+00
nan	 nan	 5.3617e+00	 1.0024e+00	 5.4406e+00	 1.0004e+00
nan	 nan	 5.3665e+00	 1.0024e+00	 5.4455e+00	 1.0005e+00
nan	 nan	 5.3714e+00	 1.0024e+00	 5.4505e+00	 1.0005e+00
nan	 nan	 5.3763e+00	 1.0024e+00	 5.4554e+00	 1.0005e+00
nan	 nan	 5.3811e+00	 1.0024e+00	 5.4604e+00	 1.0005e+00
nan	 nan	 5.3860e+00	 1.0024e+00	 5.4654e+00	 1.0005e+00
nan	 nan	 5.3909e+00	 1.0024e+00	 5.4703e+00	 1.0005e+00
nan	 nan	 5.3958e+00	 1.0024e+00	 5.4753e+00	 1.0005e+00
nan	 nan	 5.4007e+00	 1.0024e+00	 5.4803e+00	 1.0005e+00
nan	 nan	 5.4056e+00	 1.0024e+00	 5.4852e+00	 1.0005e+00
nan	 nan	 5.4105e+00	 1.0024e+00	 5.4902e+00	 1.0005e+00
nan	 nan	 5.4154e+00	 1.0024e+00	 5.4952e+00	 1.0005e+00
nan	 nan	 5.4203e+00	 1.0024e+00	 5.5002e+00	 1.0005e+00
nan	 nan	 5.4252e+00	 1.0024e+00	 5.5052e+00	 1.0005e+00
nan	 nan	 5.4302e+00	 1.0024e+00	 5.5102e+00	 1.0005e+00
nan	 nan	 5.4351e+00	 1.0024e+00	 5.5152e+00	 1.0005e+00
nan	 nan	 5.4400e+00	 1.0024e+00	 5.5202e+00	 1.0005e+00
nan	 nan	 5.4449e+00	 1.0025e+00	 5.5252e+00	 1.0005e+00
nan	 nan	 5.4499e+00	 1.0025e+00	 5.5302e+00	 1.0005e+00
nan	 nan	 5.4548e+00	 1.0025e+00	 5.5352e+00	 1.0005e+00
nan	 nan	 5.4598e+00	 1.0025e+00	 5.5403e+00	 1.0005e+00
nan	 nan	 5.4647e+00	 1.0025e+00	 5.5453e+00	 1.0005e+00
nan	 nan	 5.4697e+00	 1.0025e+00	 5.5503e+00	 1.0005e+00
nan	 nan	 5.4746e+00	 1.0025e+00	 5.5554e+00	 1.0005e+00
nan	 nan	 5.4796e+00	 1.0025e+00	 5.5604e+00	 1.0005e+00
nan	 nan	 5.4846e+00	 1.0025e+00	 5.5655e+00	 1.0005e+00
nan	 nan	 5.4895e+00	 1.0025e+00	 5.5705e+00	 1.0005e+00
nan	 nan	 5.4945e+00	 1.0025e+00	 5.5756e+00	 1.0006e+00
nan	 nan	 5.4995e+00	 1.0024e+00	 5.5806e+00	 1.0006e+00
nan	 nan	 5.5045e+00	 1.0025e+00	 5.5857e+00	 1.0006e+00
nan	 nan	 5.5095e+00	 1.0024e+00	 5.5908e+00	 1.0006e+00
nan	 nan	 5.5145e+00	 1.0024e+00	 5.5959e+00	 1.0006e+00
nan	 nan	 5.5195e+00	 1.0024e+00	 5.6010e+00	 1.0006e+00
nan	 nan	 5.5245e+00	 1.0024e+00	 5.6060e+00	 1.0007e+00
nan	 nan	 5.5295e+00	 1.0024e+00	 5.6111e+00	 1.0007e+00
nan	 nan	 5.5345e+00	 1.0024e+00	 5.6162e+00	 1.0007e+00
nan	 nan	 5.5395e+00	 1.0025e+00	 5.6213e+00	 1.0007e+00
nan	 nan	 5.5445e+00	 1.0025e+00	 5.6265e+00	 1.0007e+00
nan	 nan	 5.5495e+00	 1.0025e+00	 5.6316e+00	 1.0008e+00
nan	 nan	 5.5546e+00	 1.0026e+00	 5.6367e+00	 1.0008e+00
nan	 nan	 5.5596e+00	 1.0026e+00	 5.6418e+00	 1.0008e+00
nan	 nan	 5.5646e+00	 1.0027e+00	 5.6469e+00	 1.0008e+00
nan	 nan	 5.5697e+00	 1.0027e+00	 5.6520e+00	 1.0009e+00
nan	 nan	 5.5747e+00	 1.0028e+00	 5.6572e+00	 1.0009e+00
nan	 nan	 5.5798e+00	 1.0028e+00	 5.6623e+00	 1.0009e+00
nan	 nan	 5.5848e+00	 1.0029e+00	 5.6674e+00	 1.0009e+00
nan	 nan	 5.5899e+00	 1.0030e+00	 5.6726e+00	 1.0009e+00
nan	 nan	 5.5950e+00	 1.0031e+00	 5.6777e+00	 1.0010e+00
nan	 nan	 5.6000e+00	 1.0031e+00	 5.6829e+00	 1.0010e+00
nan	 nan	 5.6051e+00	 1.0032e+00	 5.6880e+00	 1.0010e+00
nan	 nan	 5.6102e+00	 1.0033e+00	 5.6932e+00	 1.0010e+00
nan	 nan	 5.6153e+00	 1.0033e+00	 5.6984e+00	 1.0010e+00
nan	 nan	 5.6204e+00	 1.0034e+00	 5.7035e+00	 1.0010e+00
nan	 nan	 5.6254e+00	 1.0034e+00	 5.7087e+00	 1.0010e+00
nan	 nan	 5.6305e+00	 1.0034e+00	 5.7139e+00	 1.0010e+00
nan	 nan	 5.6356e+00	 1.0034e+00	 5.7191e+00	 1.0009e+00
nan	 nan	 5.6407e+00	 1.0033e+00	 5.7242e+00	 1.0009e+00
nan	 nan	 5.6459e+00	 1.0033e+00	 5.7294e+00	 1.0009e+00
nan	 nan	 5.6510e+00	 1.0033e+00	 5.7346e+00	 1.0009e+00
nan	 nan	 5.6561e+00	 1.0033e+00	 5.7398e+00	 1.0009e+00
nan	 nan	 5.6612e+00	 1.0032e+00	 5.7450e+00	 1.0008e+00
nan	 nan	 5.6663e+00	 1.0031e+00	 5.7502e+00	 1.0008e+00
nan	 nan	 5.6715e+00	 1.0031e+00	 5.7554e+00	 1.0008e+00
nan	 nan	 5.6766e+00	 1.0030e+00	 5.7607e+00	 1.0008e+00
nan	 nan	 5.6817e+00	 1.0030e+00	 5.7659e+00	 1.0008e+00
nan	 nan	 5.6869e+00	 1.0030e+00	 5.7711e+00	 1.0007e+00
nan	 nan	 5.6920e+00	 1.0030e+00	 5.7763e+00	 1.0007e+00
nan	 nan	 5.6972e+00	 1.0029e+00	 5.7816e+00	 1.0007e+00
nan	 nan	 5.7023e+00	 1.0029e+00	 5.7868e+00	 1.0006e+00
nan	 nan	 5.7075e+00	 1.0029e+00	 5.7921e+00	 1.0006e+00
nan	 nan	 5.7127e+00	 1.0029e+00	 5.7973e+00	 1.0006e+00
nan	 nan	 5.7178e+00	 1.0029e+00	 5.8026e+00	 1.0006e+00
nan	 nan	 5.7230e+00	 1.0029e+00	 5.8079e+00	 1.0006e+00
nan	 nan	 5.7282e+00	 1.0029e+00	 5.8131e+00	 1.0006e+00
nan	 nan	 5.7334e+00	 1.0029e+00	 5.8184e+00	 1.0005e+00
nan	 nan	 5.7386e+00	 1.0030e+00	 5.8237e+00	 1.0005e+00
nan	 nan	 5.7437e+00	 1.0030e+00	 5.8289e+00	 1.0005e+00
nan	 nan	 5.7489e+00	 1.0030e+00	 5.8342e+00	 1.0005e+00
nan	 nan	 5.7541e+00	 1.0030e+00	 5.8395e+00	 1.0005e+00
nan	 nan	 5.7594e+00	 1.0030e+00	 5.8448e+00	 1.0005e+00
nan	 nan	 5.7646e+00	 1.0031e+00	 5.8501e+00	 1.0005e+00
nan	 nan	 5.7698e+00	 1.0031e+00	 5.8554e+00	 1.0005e+00
nan	 nan	 5.7750e+00	 1.0031e+00	 5.8607e+00	 1.0005e+00
nan	 nan	 5.7802e+00	 1.0031e+00	 5.8660e+00	 1.0005e+00
nan	 nan	 5.7854e+00	 1.0032e+00	 5.8713e+00	 1.0005e+00
nan	 nan	 5.7907e+00	 1.0032e+00	 5.8767e+00	 1.0005e+00
nan	 nan	 5.7959e+00	 1.0032e+00	 5.8820e+00	 1.0005e+00
nan	 nan	 5.8012e+00	 1.0032e+00	 5.8873e+00	 1.0005e+00
nan	 nan	 5.8064e+00	 1.0032e+00	 5.8926e+00	 1.0005e+00
nan	 nan	 5.8117e+00	 1.0032e+00	 5.8980e+00	 1.0005e+00
nan	 nan	 5.8169e+00	 1.0032e+00	 5.9033e+00	 1.0005e+00
nan	 nan	 5.8222e+00	 1.0031e+00	 5.9087e+00	 1.0005e+00
nan	 nan	 5.8274e+00	 1.0031e+00	 5.9140e+00	 1.0005e+00
nan	 nan	 5.8327e+00	 1.0031e+00	 5.9194e+00	 1.0005e+00
nan	 nan	 5.8380e+00	 1.0031e+00	 5.9247e+00	 1.0006e+00
nan	 nan	 5.8433e+00	 1.0030e+00	 5.9301e+00	 1.0006e+00
nan	 nan	 5.8486e+00	 1.0030e+00	 5.9355e+00	 1.0006e+00
nan	 nan	 5.8538e+00	 1.0030e+00	 5.9408e+00	 1.0006e+00
nan	 nan	 5.8591e+00	 1.0029e+00	 5.9462e+00	 1.0006e+00
nan	 nan	 5.8644e+00	 1.0029e+00	 5.9516e+00	 1.0006e+00
nan	 nan	 5.8697e+00	 1.0028e+00	 5.9570e+00	 1.0007e+00
nan	 nan	 5.8750e+00	 1.0028e+00	 5.9624e+00	 1.0007e+00
nan	 nan	 5.8804e+00	 1.0028e+00	 5.9678e+00	 1.0007e+00
nan	 nan	 5.8857e+00	 1.0028e+00	 5.9732e+00	 1.0007e+00
nan	 nan	 5.8910e+00	 1.0027e+00	 5.9786e+00	 1.0007e+00
nan	 nan	 5.8963e+00	 1.0027e+00	 5.9840e+00	 1.0007e+00
nan	 nan	 5.9016e+00	 1.0027e+00	 5.9894e+00	 1.0007e+00
nan	 nan	 5.9070e+00	 1.0026e+00	 5.9948e+00	 1.0006e+00
nan	 nan	 5.9123e+00	 1.0026e+00	 6.0003e+00	 1.0006e+00
nan	 nan	 5.9176e+00	 1.0026e+00	 6.0057e+00	 1.0006e+00
nan	 nan	 5.9230e+00	 1.0026e+00	 6.0112e+00	 1.0006e+00
nan	 nan	 5.9283e+00	 1.0025e+00	 6.0166e+00	 1.0005e+00
nan	 nan	 5.9337e+00	 1.0025e+00	 6.0221e+00	 1.0005e+00
nan	 nan	 5.9390e+00	 1.0025e+00	 6.0275e+00	 1.0005e+00
nan	 nan	 5.9444e+00	 1.0025e+00	 6.0330e+00	 1.0005e+00
nan	 nan	 5.9498e+00	 1.0025e+00	 6.0384e+00	 1.0004e+00
nan	 nan	 5.9551e+00	 1.0024e+00	 6.0439e+00	 1.0004e+00
nan	 nan	 5.9605e+00	 1.0024e+00	 6.0494e+00	 1.0004e+00
nan	 nan	 5.9659e+00	 1.0024e+00	 6.0549e+00	 1.0004e+00
nan	 nan	 5.9713e+00	 1.0024e+00	 6.0603e+00	 1.0004e+00
nan	 nan	 5.9767e+00	 1.0024e+00	 6.0658e+00	 1.0004e+00
nan	 nan	 5.9821e+00	 1.0024e+00	 6.0713e+00	 1.0003e+00
nan	 nan	 5.9875e+00	 1.0025e+00	 6.0768e+00	 1.0003e+00
nan	 nan	 5.9929e+00	 1.0025e+00	 6.0823e+00	 1.0003e+00
nan	 nan	 5.9983e+00	 1.0025e+00	 6.0878e+00	 1.0003e+00
nan	 nan	 6.0037e+00	 1.0025e+00	 6.0933e+00	 1.0003e+00
nan	 nan	 6.0092e+00	 1.0025e+00	 6.0988e+00	 1.0003e+00
nan	 nan	 6.0146e+00	 1.0026e+00	 6.1043e+00	 1.0003e+00
nan	 nan	 6.0200e+00	 1.0026e+00	 6.1099e+00	 1.0004e+00
nan	 nan	 6.0255e+00	 1.0026e+00	 6.1154e+00	 1.0004e+00
nan	 nan	 6.0309e+00	 1.0026e+00	 6.1209e+00	 1.0004e+00
nan	 nan	 6.0364e+00	 1.0027e+00	 6.1265e+00	 1.0004e+00
nan	 nan	 6.0418e+00	 1.0027e+00	 6.1320e+00	 1.0004e+00
nan	 nan	 6.0473e+00	 1.0027e+00	 6.1375e+00	 1.0004e+00
nan	 nan	 6.0527e+00	 1.0027e+00	 6.1431e+00	 1.0004e+00
nan	 nan	 6.0582e+00	 1.0027e+00	 6.1486e+00	 1.0004e+00
nan	 nan	 6.0637e+00	 1.0027e+00	 6.1542e+00	 1.0004e+00
nan	 nan	 6.0691e+00	 1.0026e+00	 6.1598e+00	 1.0004e+00
nan	 nan	 6.0746e+00	 1.0027e+00	 6.1653e+00	 1.0004e+00
nan	 nan	 6.0801e+00	 1.0026e+00	 6.1709e+00	 1.0004e+00
nan	 nan	 6.0856e+00	 1.0027e+00	 6.1765e+00	 1.0004e+00
nan	 nan	 6.0911e+00	 1.0026e+00	 6.1821e+00	 1.0004e+00
nan	 nan	 6.0966e+00	 1.0026e+00	 6.1876e+00	 1.0004e+00
nan	 nan	 6.1021e+00	 1.0027e+00	 6.1932e+00	 1.0004e+00
nan	 nan	 6.1076e+00	 1.0027e+00	 6.1988e+00	 1.0004e+00
nan	 nan	 6.1131e+00	 1.0027e+00	 6.2044e+00	 1.0004e+00
nan	 nan	 6.1186e+00	 1.0027e+00	 6.2100e+00	 1.0004e+00
nan	 nan	 6.1241e+00	 1.0027e+00	 6.2157e+00	 1.0005e+00
nan	 nan	 6.1296e+00	 1.0027e+00	 6.2213e+00	 1.0005e+00
nan	 nan	 6.1352e+00	 1.0027e+00	 6.2269e+00	 1.0005e+00
nan	 nan	 6.1407e+00	 1.0028e+00	 6.2325e+00	 1.0005e+00
nan	 nan	 6.1462e+00	 1.0028e+00	 6.2382e+00	 1.0005e+00
nan	 nan	 6.1518e+00	 1.0028e+00	 6.2438e+00	 1.0005e+00
nan	 nan	 6.1573e+00	 1.0028e+00	 6.2494e+00	 1.0005e+00
nan	 nan	 6.1629e+00	 1.0029e+00	 6.2551e+00	 1.0005e+00
nan	 nan	 6.1685e+00	 1.0029e+00	 6.2607e+00	 1.0005e+00
nan	 nan	 6.1740e+00	 1.0029e+00	 6.2664e+00	 1.0005e+00
nan	 nan	 6.1796e+00	 1.0029e+00	 6.2721e+00	 1.0005e+00
nan	 nan	 6.1852e+00	 1.0029e+00	 6.2777e+00	 1.0005e+00
nan	 nan	 6.1908e+00	 1.0030e+00	 6.2834e+00	 1.0005e+00
nan	 nan	 6.1964e+00	 1.0030e+00	 6.2890e+00	 1.0005e+00
nan	 nan	 6.2020e+00	 1.0031e+00	 6.2947e+00	 1.0006e+00
nan	 nan	 6.2076e+00	 1.0031e+00	 6.3004e+00	 1.0006e+00
nan	 nan	 6.2131e+00	 1.0031e+00	 6.3061e+00	 1.0006e+00
nan	 nan	 6.2188e+00	 1.0031e+00	 6.3118e+00	 1.0006e+00
nan	 nan	 6.2244e+00	 1.0031e+00	 6.3175e+00	 1.0007e+00
nan	 nan	 6.2300e+00	 1.0032e+00	 6.3232e+00	 1.0007e+00
nan	 nan	 6.2356e+00	 1.0032e+00	 6.3289e+00	 1.0007e+00
nan	 nan	 6.2412e+00	 1.0033e+00	 6.3347e+00	 1.0007e+00
nan	 nan	 6.2468e+00	 1.0033e+00	 6.3404e+00	 1.0007e+00
nan	 nan	 6.2525e+00	 1.0033e+00	 6.3461e+00	 1.0008e+00
nan	 nan	 6.2581e+00	 1.0034e+00	 6.3519e+00	 1.0008e+00
nan	 nan	 6.2637e+00	 1.0034e+00	 6.3576e+00	 1.0008e+00
nan	 nan	 6.2694e+00	 1.0035e+00	 6.3634e+00	 1.0008e+00
nan	 nan	 6.2750e+00	 1.0035e+00	 6.3691e+00	 1.0008e+00
nan	 nan	 6.2807e+00	 1.0036e+00	 6.3749e+00	 1.0008e+00
nan	 nan	 6.2863e+00	 1.0036e+00	 6.3806e+00	 1.0008e+00
nan	 nan	 6.2920e+00	 1.0036e+00	 6.3864e+00	 1.0008e+00
nan	 nan	 6.2977e+00	 1.0036e+00	 6.3922e+00	 1.0008e+00
nan	 nan	 6.3034e+00	 1.0037e+00	 6.3979e+00	 1.0008e+00
nan	 nan	 6.3090e+00	 1.0037e+00	 6.4037e+00	 1.0008e+00
nan	 nan	 6.3147e+00	 1.0037e+00	 6.4095e+00	 1.0008e+00
nan	 nan	 6.3204e+00	 1.0037e+00	 6.4153e+00	 1.0008e+00
nan	 nan	 6.3261e+00	 1.0037e+00	 6.4211e+00	 1.0008e+00
nan	 nan	 6.3318e+00	 1.0037e+00	 6.4269e+00	 1.0008e+00
nan	 nan	 6.3375e+00	 1.0037e+00	 6.4326e+00	 1.0008e+00
nan	 nan	 6.3432e+00	 1.0037e+00	 6.4385e+00	 1.0008e+00
nan	 nan	 6.3489e+00	 1.0037e+00	 6.4443e+00	 1.0008e+00
nan	 nan	 6.3547e+00	 1.0037e+00	 6.4501e+00	 1.0007e+00
nan	 nan	 6.3604e+00	 1.0037e+00	 6.4559e+00	 1.0007e+00
nan	 nan	 6.3661e+00	 1.0037e+00	 6.4617e+00	 1.0007e+00
nan	 nan	 6.3719e+00	 1.0037e+00	 6.4676e+00	 1.0007e+00
nan	 nan	 6.3776e+00	 1.0037e+00	 6.4734e+00	 1.0007e+00
nan	 nan	 6.3833e+00	 1.0037e+00	 6.4792e+00	 1.0007e+00
nan	 nan	 6.3891e+00	 1.0037e+00	 6.4851e+00	 1.0006e+00
nan	 nan	 6.3948e+00	 1.0036e+00	 6.4909e+00	 1.0006e+00
nan	 nan	 6.4006e+00	 1.0037e+00	 6.4968e+00	 1.0006e+00
nan	 nan	 6.4064e+00	 1.0036e+00	 6.5027e+00	 1.0006e+00
nan	 nan	 6.4121e+00	 1.0036e+00	 6.5085e+00	 1.0006e+00
nan	 nan	 6.4179e+00	 1.0036e+00	 6.5144e+00	 1.0006e+00
nan	 nan	 6.4237e+00	 1.0036e+00	 6.5203e+00	 1.0006e+00
nan	 nan	 6.4295e+00	 1.0036e+00	 6.5262e+00	 1.0006e+00
nan	 nan	 6.4353e+00	 1.0036e+00	 6.5320e+00	 1.0006e+00
nan	 nan	 6.4411e+00	 1.0036e+00	 6.5379e+00	 1.0006e+00
nan	 nan	 6.4469e+00	 1.0036e+00	 6.5438e+00	 1.0006e+00
nan	 nan	 6.4527e+00	 1.0036e+00	 6.5497e+00	 1.0007e+00
nan	 nan	 6.4585e+00	 1.0036e+00	 6.5556e+00	 1.0007e+00
nan	 nan	 6.4643e+00	 1.0036e+00	 6.5616e+00	 1.0007e+00
nan	 nan	 6.4701e+00	 1.0036e+00	 6.5675e+00	 1.0007e+00
nan	 nan	 6.4760e+00	 1.0036e+00	 6.5734e+00	 1.0007e+00
nan	 nan	 6.4818e+00	 1.0037e+00	 6.5793e+00	 1.0007e+00
nan	 nan	 6.4876e+00	 1.0036e+00	 6.5853e+00	 1.0007e+00
nan	 nan	 6.4935e+00	 1.0037e+00	 6.5912e+00	 1.0007e+00
nan	 nan	 6.4993e+00	 1.0037e+00	 6.5971e+00	 1.0007e+00
nan	 nan	 6.5052e+00	 1.0037e+00	 6.6031e+00	 1.0007e+00
nan	 nan	 6.5110e+00	 1.0037e+00	 6.6090e+00	 1.0008e+00
nan	 nan	 6.5169e+00	 1.0037e+00	 6.6150e+00	 1.0008e+00
nan	 nan	 6.5227e+00	 1.0038e+00	 6.6209e+00	 1.0008e+00
nan	 nan	 6.5286e+00	 1.0038e+00	 6.6269e+00	 1.0008e+00
nan	 nan	 6.5345e+00	 1.0038e+00	 6.6329e+00	 1.0008e+00
nan	 nan	 6.5404e+00	 1.0038e+00	 6.6389e+00	 1.0008e+00
nan	 nan	 6.5462e+00	 1.0038e+00	 6.6448e+00	 1.0008e+00
nan	 nan	 6.5521e+00	 1.0039e+00	 6.6508e+00	 1.0008e+00
nan	 nan	 6.5580e+00	 1.0039e+00	 6.6568e+00	 1.0008e+00
nan	 nan	 6.5639e+00	 1.0039e+00	 6.6628e+00	 1.0008e+00
nan	 nan	 6.5698e+00	 1.0039e+00	 6.6688e+00	 1.0008e+00
nan	 nan	 6.5757e+00	 1.0039e+00	 6.6748e+00	 1.0008e+00
nan	 nan	 6.5817e+00	 1.0039e+00	 6.6808e+00	 1.0008e+00
nan	 nan	 6.5876e+00	 1.0039e+00	 6.6868e+00	 1.0008e+00
nan	 nan	 6.5935e+00	 1.0040e+00	 6.6929e+00	 1.0008e+00
nan	 nan	 6.5994e+00	 1.0039e+00	 6.6989e+00	 1.0008e+00
nan	 nan	 6.6054e+00	 1.0040e+00	 6.7049e+00	 1.0009e+00
nan	 nan	 6.6113e+00	 1.0040e+00	 6.7110e+00	 1.0009e+00
nan	 nan	 6.6173e+00	 1.0040e+00	 6.7170e+00	 1.0009e+00
nan	 nan	 6.6232e+00	 1.0040e+00	 6.7231e+00	 1.0009e+00
nan	 nan	 6.6292e+00	 1.0040e+00	 6.7291e+00	 1.0009e+00
nan	 nan	 6.6351e+00	 1.0040e+00	 6.7352e+00	 1.0009e+00
nan	 nan	 6.6411e+00	 1.0040e+00	 6.7412e+00	 1.0010e+00
nan	 nan	 6.6471e+00	 1.0040e+00	 6.7473e+00	 1.0010e+00
nan	 nan	 6.6530e+00	 1.0040e+00	 6.7534e+00	 1.0010e+00
nan	 nan	 6.6590e+00	 1.0040e+00	 6.7595e+00	 1.0010e+00
nan	 nan	 6.6650e+00	 1.0040e+00	 6.7656e+00	 1.0010e+00
nan	 nan	 6.6710e+00	 1.0040e+00	 6.7717e+00	 1.0010e+00
nan	 nan	 6.6770e+00	 1.0041e+00	 6.7778e+00	 1.0010e+00
nan	 nan	 6.6830e+00	 1.0041e+00	 6.7839e+00	 1.0010e+00
nan	 nan	 6.6890e+00	 1.0041e+00	 6.7900e+00	 1.0011e+00
nan	 nan	 6.6950e+00	 1.0041e+00	 6.7961e+00	 1.0011e+00
nan	 nan	 6.7010e+00	 1.0042e+00	 6.8022e+00	 1.0011e+00
nan	 nan	 6.7070e+00	 1.0042e+00	 6.8084e+00	 1.0011e+00
nan	 nan	 6.7131e+00	 1.0042e+00	 6.8145e+00	 1.0011e+00
nan	 nan	 6.7191e+00	 1.0043e+00	 6.8206e+00	 1.0011e+00
nan	 nan	 6.7251e+00	 1.0043e+00	 6.8268e+00	 1.0012e+00
nan	 nan	 6.7312e+00	 1.0044e+00	 6.8329e+00	 1.0012e+00
nan	 nan	 6.7372e+00	 1.0044e+00	 6.8391e+00	 1.0012e+00
nan	 nan	 6.7433e+00	 1.0044e+00	 6.8452e+00	 1.0012e+00
nan	 nan	 6.7493e+00	 1.0044e+00	 6.8514e+00	 1.0012e+00
nan	 nan	 6.7554e+00	 1.0045e+00	 6.8576e+00	 1.0012e+00
nan	 nan	 6.7615e+00	 1.0045e+00	 6.8637e+00	 1.0012e+00
nan	 nan	 6.7675e+00	 1.0045e+00	 6.8699e+00	 1.0012e+00
nan	 nan	 6.7736e+00	 1.0045e+00	 6.8761e+00	 1.0012e+00
nan	 nan	 6.7797e+00	 1.0045e+00	 6.8823e+00	 1.0012e+00
nan	 nan	 6.7858e+00	 1.0045e+00	 6.8884e+00	 1.0012e+00
nan	 nan	 6.7919e+00	 1.0044e+00	 6.8947e+00	 1.0012e+00
nan	 nan	 6.7980e+00	 1.0045e+00	 6.9009e+00	 1.0012e+00
nan	 nan	 6.8041e+00	 1.0044e+00	 6.9071e+00	 1.0012e+00
nan	 nan	 6.8102e+00	 1.0044e+00	 6.9133e+00	 1.0012e+00
nan	 nan	 6.8163e+00	 1.0044e+00	 6.9195e+00	 1.0012e+00
nan	 nan	 6.8224e+00	 1.0044e+00	 6.9257e+00	 1.0011e+00
nan	 nan	 6.8286e+00	 1.0044e+00	 6.9320e+00	 1.0011e+00
nan	 nan	 6.8347e+00	 1.0044e+00	 6.9382e+00	 1.0011e+00
nan	 nan	 6.8408e+00	 1.0044e+00	 6.9445e+00	 1.0011e+00
nan	 nan	 6.8470e+00	 1.0044e+00	 6.9507e+00	 1.0010e+00
nan	 nan	 6.8531e+00	 1.0044e+00	 6.9570e+00	 1.0010e+00
nan	 nan	 6.8593e+00	 1.0044e+00	 6.9632e+00	 1.0010e+00
nan	 nan	 6.8654e+00	 1.0043e+00	 6.9695e+00	 1.0010e+00
nan	 nan	 6.8716e+00	 1.0043e+00	 6.9758e+00	 1.0010e+00
nan	 nan	 6.8777e+00	 1.0043e+00	 6.9820e+00	 1.0010e+00
nan	 nan	 6.8839e+00	 1.0043e+00	 6.9883e+00	 1.0010e+00
nan	 nan	 6.8901e+00	 1.0042e+00	 6.9946e+00	 1.0009e+00
nan	 nan	 6.8963e+00	 1.0042e+00	 7.0009e+00	 1.0009e+00
nan	 nan	 6.9025e+00	 1.0042e+00	 7.0072e+00	 1.0009e+00
nan	 nan	 6.9087e+00	 1.0042e+00	 7.0135e+00	 1.0009e+00
nan	 nan	 6.9149e+00	 1.0042e+00	 7.0198e+00	 1.0009e+00
nan	 nan	 6.9211e+00	 1.0041e+00	 7.0261e+00	 1.0008e+00
nan	 nan	 6.9273e+00	 1.0041e+00	 7.0324e+00	 1.0008e+00
nan	 nan	 6.9335e+00	 1.0041e+00	 7.0387e+00	 1.0008e+00
nan	 nan	 6.9397e+00	 1.0040e+00	 7.0450e+00	 1.0007e+00
nan	 nan	 6.9460e+00	 1.0040e+00	 7.0514e+00	 1.0007e+00
nan	 nan	 6.9522e+00	 1.0040e+00	 7.0577e+00	 1.0007e+00
nan	 nan	 6.9585e+00	 1.0040e+00	 7.0640e+00	 1.0006e+00
nan	 nan	 6.9647e+00	 1.0039e+00	 7.0704e+00	 1.0006e+00
nan	 nan	 6.9710e+00	 1.0039e+00	 7.0767e+00	 1.0006e+00
nan	 nan	 6.9772e+00	 1.0039e+00	 7.0831e+00	 1.0005e+00
nan	 nan	 6.9835e+00	 1.0039e+00	 7.0894e+00	 1.0005e+00
nan	 nan	 6.9897e+00	 1.0039e+00	 7.0958e+00	 1.0004e+00
nan	 nan	 6.9960e+00	 1.0039e+00	 7.1022e+00	 1.0004e+00
nan	 nan	 7.0023e+00	 1.0039e+00	 7.1086e+00	 1.0003e+00
nan	 nan	 7.0086e+00	 1.0038e+00	 7.1149e+00	 1.0003e+00
nan	 nan	 7.0149e+00	 1.0039e+00	 7.1213e+00	 1.0003e+00
nan	 nan	 7.0211e+00	 1.0039e+00	 7.1277e+00	 1.0002e+00
nan	 nan	 7.0274e+00	 1.0039e+00	 7.1341e+00	 1.0002e+00
nan	 nan	 7.0337e+00	 1.0039e+00	 7.1406e+00	 1.0002e+00
nan	 nan	 7.0400e+00	 1.0039e+00	 7.1470e+00	 1.0002e+00
nan	 nan	 7.0464e+00	 1.0039e+00	 7.1534e+00	 1.0002e+00
nan	 nan	 7.0527e+00	 1.0039e+00	 7.1598e+00	 1.0002e+00
nan	 nan	 7.0590e+00	 1.0039e+00	 7.1663e+00	 1.0002e+00
nan	 nan	 7.0653e+00	 1.0039e+00	 7.1727e+00	 1.0002e+00
nan	 nan	 7.0716e+00	 1.0040e+00	 7.1791e+00	 1.0002e+00
nan	 nan	 7.0780e+00	 1.0040e+00	 7.1856e+00	 1.0002e+00
nan	 nan	 7.0843e+00	 1.0040e+00	 7.1921e+00	 1.0002e+00
nan	 nan	 7.0907e+00	 1.0041e+00	 7.1985e+00	 1.0003e+00
nan	 nan	 7.0970e+00	 1.0040e+00	 7.2050e+00	 1.0003e+00
nan	 nan	 7.1033e+00	 1.0041e+00	 7.2114e+00	 1.0003e+00
nan	 nan	 7.1097e+00	 1.0041e+00	 7.2179e+00	 1.0004e+00
nan	 nan	 7.1161e+00	 1.0041e+00	 7.2244e+00	 1.0004e+00
nan	 nan	 7.1225e+00	 1.0041e+00	 7.2309e+00	 1.0004e+00
nan	 nan	 7.1288e+00	 1.0042e+00	 7.2374e+00	 1.0005e+00
nan	 nan	 7.1353e+00	 1.0042e+00	 7.2439e+00	 1.0005e+00
nan	 nan	 7.1417e+00	 1.0042e+00	 7.2504e+00	 1.0006e+00
nan	 nan	 7.1480e+00	 1.0042e+00	 7.2569e+00	 1.0006e+00
nan	 nan	 7.1545e+00	 1.0042e+00	 7.2634e+00	 1.0007e+00
nan	 nan	 7.1609e+00	 1.0042e+00	 7.2699e+00	 1.0007e+00
nan	 nan	 7.1673e+00	 1.0042e+00	 7.2764e+00	 1.0008e+00
nan	 nan	 7.1737e+00	 1.0042e+00	 7.2829e+00	 1.0008e+00
nan	 nan	 7.1802e+00	 1.0043e+00	 7.2895e+00	 1.0009e+00
nan	 nan	 7.1866e+00	 1.0042e+00	 7.2960e+00	 1.0009e+00
nan	 nan	 7.1930e+00	 1.0042e+00	 7.3025e+00	 1.0009e+00
nan	 nan	 7.1995e+00	 1.0042e+00	 7.3091e+00	 1.0010e+00
nan	 nan	 7.2059e+00	 1.0042e+00	 7.3156e+00	 1.0010e+00
nan	 nan	 7.2124e+00	 1.0042e+00	 7.3222e+00	 1.0010e+00
nan	 nan	 7.2188e+00	 1.0042e+00	 7.3288e+00	 1.0011e+00
nan	 nan	 7.2253e+00	 1.0042e+00	 7.3354e+00	 1.0011e+00
nan	 nan	 7.2318e+00	 1.0041e+00	 7.3419e+00	 1.0011e+00
nan	 nan	 7.2382e+00	 1.0042e+00	 7.3485e+00	 1.0012e+00
nan	 nan	 7.2447e+00	 1.0041e+00	 7.3551e+00	 1.0012e+00
nan	 nan	 7.2512e+00	 1.0041e+00	 7.3617e+00	 1.0012e+00
nan	 nan	 7.2577e+00	 1.0041e+00	 7.3683e+00	 1.0012e+00
nan	 nan	 7.2642e+00	 1.0041e+00	 7.3749e+00	 1.0012e+00
nan	 nan	 7.2707e+00	 1.0041e+00	 7.3816e+00	 1.0012e+00
nan	 nan	 7.2772e+00	 1.0040e+00	 7.3882e+00	 1.0012e+00
nan	 nan	 7.2837e+00	 1.0040e+00	 7.3948e+00	 1.0013e+00
nan	 nan	 7.2902e+00	 1.0040e+00	 7.4014e+00	 1.0012e+00
nan	 nan	 7.2968e+00	 1.0040e+00	 7.4081e+00	 1.0013e+00
nan	 nan	 7.3033e+00	 1.0039e+00	 7.4147e+00	 1.0013e+00
nan	 nan	 7.3098e+00	 1.0039e+00	 7.4214e+00	 1.0013e+00
nan	 nan	 7.3164e+00	 1.0039e+00	 7.4280e+00	 1.0013e+00
nan	 nan	 7.3229e+00	 1.0039e+00	 7.4347e+00	 1.0013e+00
nan	 nan	 7.3295e+00	 1.0039e+00	 7.4413e+00	 1.0013e+00
nan	 nan	 7.3360e+00	 1.0039e+00	 7.4480e+00	 1.0013e+00
nan	 nan	 7.3426e+00	 1.0039e+00	 7.4547e+00	 1.0014e+00
nan	 nan	 7.3491e+00	 1.0039e+00	 7.4614e+00	 1.0014e+00
nan	 nan	 7.3557e+00	 1.0039e+00	 7.4680e+00	 1.0014e+00
nan	 nan	 7.3623e+00	 1.0040e+00	 7.4747e+00	 1.0014e+00
nan	 nan	 7.3689e+00	 1.0039e+00	 7.4814e+00	 1.0013e+00
nan	 nan	 7.3755e+00	 1.0040e+00	 7.4881e+00	 1.0014e+00
nan	 nan	 7.3821e+00	 1.0040e+00	 7.4948e+00	 1.0013e+00
nan	 nan	 7.3887e+00	 1.0040e+00	 7.5015e+00	 1.0013e+00
nan	 nan	 7.3953e+00	 1.0040e+00	 7.5083e+00	 1.0013e+00
nan	 nan	 7.4019e+00	 1.0040e+00	 7.5150e+00	 1.0013e+00
nan	 nan	 7.4085e+00	 1.0040e+00	 7.5217e+00	 1.0013e+00
nan	 nan	 7.4152e+00	 1.0040e+00	 7.5285e+00	 1.0012e+00
nan	 nan	 7.4218e+00	 1.0040e+00	 7.5352e+00	 1.0012e+00
nan	 nan	 7.4284e+00	 1.0040e+00	 7.5419e+00	 1.0012e+00
nan	 nan	 7.4351e+00	 1.0041e+00	 7.5487e+00	 1.0012e+00
nan	 nan	 7.4417e+00	 1.0040e+00	 7.5555e+00	 1.0011e+00
nan	 nan	 7.4484e+00	 1.0041e+00	 7.5622e+00	 1.0011e+00
nan	 nan	 7.4550e+00	 1.0041e+00	 7.5690e+00	 1.0011e+00
nan	 nan	 7.4617e+00	 1.0041e+00	 7.5758e+00	 1.0010e+00
nan	 nan	 7.4684e+00	 1.0041e+00	 7.5826e+00	 1.0010e+00
nan	 nan	 7.4751e+00	 1.0041e+00	 7.5894e+00	 1.0010e+00
nan	 nan	 7.4817e+00	 1.0042e+00	 7.5961e+00	 1.0010e+00
nan	 nan	 7.4884e+00	 1.0042e+00	 7.6029e+00	 1.0009e+00
nan	 nan	 7.4951e+00	 1.0042e+00	 7.6098e+00	 1.0009e+00
nan	 nan	 7.5018e+00	 1.0043e+00	 7.6166e+00	 1.0009e+00
nan	 nan	 7.5085e+00	 1.0043e+00	 7.6234e+00	 1.0009e+00
nan	 nan	 7.5152e+00	 1.0044e+00	 7.6302e+00	 1.0009e+00
nan	 nan	 7.5220e+00	 1.0044e+00	 7.6371e+00	 1.0008e+00
nan	 nan	 7.5287e+00	 1.0044e+00	 7.6439e+00	 1.0009e+00
nan	 nan	 7.5354e+00	 1.0044e+00	 7.6507e+00	 1.0009e+00
nan	 nan	 7.5421e+00	 1.0045e+00	 7.6576e+00	 1.0009e+00
nan	 nan	 7.5489e+00	 1.0045e+00	 7.6644e+00	 1.0009e+00
nan	 nan	 7.5556e+00	 1.0045e+00	 7.6713e+00	 1.0009e+00
nan	 nan	 7.5624e+00	 1.0046e+00	 7.6781e+00	 1.0009e+00
nan	 nan	 7.5691e+00	 1.0046e+00	 7.6850e+00	 1.0009e+00
nan	 nan	 7.5759e+00	 1.0046e+00	 7.6919e+00	 1.0010e+00
nan	 nan	 7.5827e+00	 1.0046e+00	 7.6988e+00	 1.0010e+00
nan	 nan	 7.5894e+00	 1.0047e+00	 7.7057e+00	 1.0010e+00
nan	 nan	 7.5962e+00	 1.0047e+00	 7.7125e+00	 1.0010e+00
nan	 nan	 7.6030e+00	 1.0047e+00	 7.7194e+00	 1.0010e+00
nan	 nan	 7.6098e+00	 1.0047e+00	 7.7263e+00	 1.0011e+00
nan	 nan	 7.6166e+00	 1.0047e+00	 7.7332e+00	 1.0011e+00
nan	 nan	 7.6234e+00	 1.0048e+00	 7.7402e+00	 1.0011e+00
nan	 nan	 7.6302e+00	 1.0048e+00	 7.7471e+00	 1.0011e+00
nan	 nan	 7.6370e+00	 1.0048e+00	 7.7540e+00	 1.0011e+00
nan	 nan	 7.6438e+00	 1.0048e+00	 7.7610e+00	 1.0011e+00
nan	 nan	 7.6506e+00	 1.0049e+00	 7.7679e+00	 1.0011e+00
nan	 nan	 7.6575e+00	 1.0049e+00	 7.7748e+00	 1.0012e+00
nan	 nan	 7.6643e+00	 1.0049e+00	 7.7818e+00	 1.0011e+00
nan	 nan	 7.6711e+00	 1.0050e+00	 7.7888e+00	 1.0012e+00
nan	 nan	 7.6780e+00	 1.0050e+00	 7.7957e+00	 1.0011e+00
nan	 nan	 7.6848e+00	 1.0050e+00	 7.8027e+00	 1.0012e+00
nan	 nan	 7.6917e+00	 1.0051e+00	 7.8097e+00	 1.0012e+00
nan	 nan	 7.6986e+00	 1.0051e+00	 7.8167e+00	 1.0012e+00
nan	 nan	 7.7054e+00	 1.0052e+00	 7.8237e+00	 1.0012e+00
nan	 nan	 7.7123e+00	 1.0052e+00	 7.8307e+00	 1.0012e+00
nan	 nan	 7.7192e+00	 1.0053e+00	 7.8377e+00	 1.0012e+00
nan	 nan	 7.7261e+00	 1.0053e+00	 7.8447e+00	 1.0011e+00
nan	 nan	 7.7330e+00	 1.0054e+00	 7.8517e+00	 1.0012e+00
nan	 nan	 7.7399e+00	 1.0054e+00	 7.8587e+00	 1.0011e+00
nan	 nan	 7.7468e+00	 1.0054e+00	 7.8658e+00	 1.0011e+00
nan	 nan	 7.7537e+00	 1.0055e+00	 7.8728e+00	 1.0011e+00
nan	 nan	 7.7606e+00	 1.0055e+00	 7.8798e+00	 1.0011e+00
nan	 nan	 7.7676e+00	 1.0055e+00	 7.8869e+00	 1.0011e+00
nan	 nan	 7.7745e+00	 1.0055e+00	 7.8939e+00	 1.0011e+00
nan	 nan	 7.7814e+00	 1.0055e+00	 7.9010e+00	 1.0011e+00
nan	 nan	 7.7884e+00	 1.0055e+00	 7.9080e+00	 1.0011e+00
nan	 nan	 7.7953e+00	 1.0055e+00	 7.9151e+00	 1.0011e+00
nan	 nan	 7.8023e+00	 1.0055e+00	 7.9222e+00	 1.0011e+00
nan	 nan	 7.8093e+00	 1.0055e+00	 7.9292e+00	 1.0011e+00
nan	 nan	 7.8162e+00	 1.0055e+00	 7.9363e+00	 1.0011e+00
nan	 nan	 7.8232e+00	 1.0055e+00	 7.9434e+00	 1.0011e+00
nan	 nan	 7.8302e+00	 1.0055e+00	 7.9505e+00	 1.0011e+00
nan	 nan	 7.8372e+00	 1.0054e+00	 7.9576e+00	 1.0011e+00
nan	 nan	 7.8442e+00	 1.0054e+00	 7.9647e+00	 1.0012e+00
nan	 nan	 7.8512e+00	 1.0054e+00	 7.9718e+00	 1.0012e+00
nan	 nan	 7.8582e+00	 1.0054e+00	 7.9790e+00	 1.0012e+00
nan	 nan	 7.8652e+00	 1.0054e+00	 7.9861e+00	 1.0012e+00
nan	 nan	 7.8722e+00	 1.0053e+00	 7.9932e+00	 1.0012e+00
nan	 nan	 7.8792e+00	 1.0053e+00	 8.0003e+00	 1.0012e+00
nan	 nan	 7.8862e+00	 1.0053e+00	 8.0075e+00	 1.0012e+00
nan	 nan	 7.8933e+00	 1.0053e+00	 8.0146e+00	 1.0012e+00
nan	 nan	 7.9003e+00	 1.0053e+00	 8.0218e+00	 1.0012e+00
nan	 nan	 7.9073e+00	 1.0053e+00	 8.0289e+00	 1.0012e+00
nan	 nan	 7.9144e+00	 1.0053e+00	 8.0361e+00	 1.0012e+00
nan	 nan	 7.9214e+00	 1.0053e+00	 8.0433e+00	 1.0012e+00
nan	 nan	 7.9285e+00	 1.0053e+00	 8.0504e+00	 1.0012e+00
nan	 nan	 7.9356e+00	 1.0053e+00	 8.0576e+00	 1.0012e+00
nan	 nan	 7.9426e+00	 1.0053e+00	 8.0648e+00	 1.0012e+00
nan	 nan	 7.9497e+00	 1.0053e+00	 8.0720e+00	 1.0012e+00
nan	 nan	 7.9568e+00	 1.0053e+00	 8.0792e+00	 1.0012e+00
nan	 nan	 7.9639e+00	 1.0053e+00	 8.0865e+00	 1.0012e+00
nan	 nan	 7.9710e+00	 1.0053e+00	 8.0937e+00	 1.0012e+00
nan	 nan	 7.9781e+00	 1.0054e+00	 8.1009e+00	 1.0012e+00
nan	 nan	 7.9852e+00	 1.0053e+00	 8.1082e+00	 1.0012e+00
nan	 nan	 7.9923e+00	 1.0054e+00	 8.1154e+00	 1.0012e+00
nan	 nan	 7.9994e+00	 1.0054e+00	 8.1227e+00	 1.0011e+00
nan	 nan	 8.0066e+00	 1.0054e+00	 8.1299e+00	 1.0011e+00
nan	 nan	 8.0137e+00	 1.0054e+00	 8.1372e+00	 1.0011e+00
nan	 nan	 8.0208e+00	 1.0054e+00	 8.1444e+00	 1.0011e+00
nan	 nan	 8.0280e+00	 1.0055e+00	 8.1517e+00	 1.0011e+00
nan	 nan	 8.0351e+00	 1.0054e+00	 8.1590e+00	 1.0010e+00
nan	 nan	 8.0423e+00	 1.0055e+00	 8.1662e+00	 1.0010e+00
nan	 nan	 8.0495e+00	 1.0055e+00	 8.1735e+00	 1.0010e+00
nan	 nan	 8.0566e+00	 1.0054e+00	 8.1808e+00	 1.0010e+00
nan	 nan	 8.0638e+00	 1.0055e+00	 8.1881e+00	 1.0010e+00
nan	 nan	 8.0710e+00	 1.0054e+00	 8.1954e+00	 1.0010e+00
nan	 nan	 8.0782e+00	 1.0054e+00	 8.2027e+00	 1.0010e+00
nan	 nan	 8.0854e+00	 1.0054e+00	 8.2101e+00	 1.0010e+00
nan	 nan	 8.0925e+00	 1.0054e+00	 8.2174e+00	 1.0010e+00
nan	 nan	 8.0998e+00	 1.0054e+00	 8.2247e+00	 1.0010e+00
nan	 nan	 8.1070e+00	 1.0053e+00	 8.2320e+00	 1.0011e+00
nan	 nan	 8.1142e+00	 1.0053e+00	 8.2393e+00	 1.0011e+00
nan	 nan	 8.1214e+00	 1.0053e+00	 8.2467e+00	 1.0011e+00
nan	 nan	 8.1286e+00	 1.0053e+00	 8.2540e+00	 1.0011e+00
nan	 nan	 8.1358e+00	 1.0052e+00	 8.2614e+00	 1.0011e+00
nan	 nan	 8.1431e+00	 1.0052e+00	 8.2687e+00	 1.0012e+00
nan	 nan	 8.1503e+00	 1.0052e+00	 8.2761e+00	 1.0012e+00
nan	 nan	 8.1576e+00	 1.0052e+00	 8.2835e+00	 1.0012e+00
nan	 nan	 8.1648e+00	 1.0052e+00	 8.2909e+00	 1.0012e+00
nan	 nan	 8.1721e+00	 1.0051e+00	 8.2982e+00	 1.0012e+00
nan	 nan	 8.1794e+00	 1.0052e+00	 8.3056e+00	 1.0013e+00
nan	 nan	 8.1867e+00	 1.0051e+00	 8.3131e+00	 1.0012e+00
nan	 nan	 8.1939e+00	 1.0051e+00	 8.3205e+00	 1.0013e+00
nan	 nan	 8.2012e+00	 1.0051e+00	 8.3279e+00	 1.0012e+00
nan	 nan	 8.2085e+00	 1.0051e+00	 8.3353e+00	 1.0012e+00
nan	 nan	 8.2158e+00	 1.0051e+00	 8.3427e+00	 1.0012e+00
nan	 nan	 8.2232e+00	 1.0051e+00	 8.3502e+00	 1.0012e+00
nan	 nan	 8.2305e+00	 1.0051e+00	 8.3576e+00	 1.0012e+00
nan	 nan	 8.2378e+00	 1.0051e+00	 8.3651e+00	 1.0012e+00
nan	 nan	 8.2451e+00	 1.0052e+00	 8.3725e+00	 1.0012e+00
nan	 nan	 8.2525e+00	 1.0052e+00	 8.3800e+00	 1.0011e+00
nan	 nan	 8.2598e+00	 1.0052e+00	 8.3875e+00	 1.0011e+00
nan	 nan	 8.2672e+00	 1.0053e+00	 8.3949e+00	 1.0011e+00
nan	 nan	 8.2745e+00	 1.0053e+00	 8.4024e+00	 1.0011e+00
nan	 nan	 8.2819e+00	 1.0054e+00	 8.4099e+00	 1.0011e+00
nan	 nan	 8.2893e+00	 1.0054e+00	 8.4174e+00	 1.0010e+00
nan	 nan	 8.2966e+00	 1.0055e+00	 8.4249e+00	 1.0010e+00
nan	 nan	 8.3040e+00	 1.0056e+00	 8.4324e+00	 1.0010e+00
nan	 nan	 8.3114e+00	 1.0056e+00	 8.4399e+00	 1.0010e+00
nan	 nan	 8.3188e+00	 1.0057e+00	 8.4474e+00	 1.0010e+00
nan	 nan	 8.3262e+00	 1.0057e+00	 8.4549e+00	 1.0010e+00
nan	 nan	 8.3336e+00	 1.0058e+00	 8.4625e+00	 1.0010e+00
nan	 nan	 8.3410e+00	 1.0057e+00	 8.4700e+00	 1.0010e+00
nan	 nan	 8.3484e+00	 1.0058e+00	 8.4775e+00	 1.0010e+00
nan	 nan	 8.3558e+00	 1.0058e+00	 8.4851e+00	 1.0010e+00
nan	 nan	 8.3632e+00	 1.0059e+00	 8.4926e+00	 1.0010e+00
nan	 nan	 8.3706e+00	 1.0059e+00	 8.5002e+00	 1.0010e+00
nan	 nan	 8.3781e+00	 1.0059e+00	 8.5077e+00	 1.0011e+00
nan	 nan	 8.3855e+00	 1.0060e+00	 8.5153e+00	 1.0011e+00
nan	 nan	 8.3930e+00	 1.0060e+00	 8.5229e+00	 1.0011e+00
nan	 nan	 8.4004e+00	 1.0061e+00	 8.5305e+00	 1.0011e+00
nan	 nan	 8.4079e+00	 1.0061e+00	 8.5381e+00	 1.0011e+00
nan	 nan	 8.4154e+00	 1.0061e+00	 8.5457e+00	 1.0011e+00
nan	 nan	 8.4228e+00	 1.0061e+00	 8.5533e+00	 1.0011e+00
nan	 nan	 8.4303e+00	 1.0061e+00	 8.5609e+00	 1.0011e+00
nan	 nan	 8.4378e+00	 1.0062e+00	 8.5685e+00	 1.0011e+00
nan	 nan	 8.4453e+00	 1.0061e+00	 8.5761e+00	 1.0011e+00
nan	 nan	 8.4528e+00	 1.0061e+00	 8.5837e+00	 1.0011e+00
nan	 nan	 8.4603e+00	 1.0061e+00	 8.5914e+00	 1.0011e+00
nan	 nan	 8.4678e+00	 1.0061e+00	 8.5990e+00	 1.0011e+00
nan	 nan	 8.4754e+00	 1.0061e+00	 8.6067e+00	 1.0011e+00
nan	 nan	 8.4829e+00	 1.0060e+00	 8.6143e+00	 1.0011e+00
nan	 nan	 8.4904e+00	 1.0060e+00	 8.6220e+00	 1.0011e+00
nan	 nan	 8.4980e+00	 1.0059e+00	 8.6296e+00	 1.0011e+00
nan	 nan	 8.5055e+00	 1.0059e+00	 8.6373e+00	 1.0011e+00
nan	 nan	 8.5130e+00	 1.0059e+00	 8.6449e+00	 1.0011e+00
nan	 nan	 8.5206e+00	 1.0058e+00	 8.6526e+00	 1.0011e+00
nan	 nan	 8.5282e+00	 1.0058e+00	 8.6603e+00	 1.0010e+00
nan	 nan	 8.5357e+00	 1.0057e+00	 8.6680e+00	 1.0010e+00
nan	 nan	 8.5433e+00	 1.0057e+00	 8.6757e+00	 1.0011e+00
nan	 nan	 8.5509e+00	 1.0056e+00	 8.6834e+00	 1.0010e+00
nan	 nan	 8.5585e+00	 1.0056e+00	 8.6911e+00	 1.0011e+00
nan	 nan	 8.5661e+00	 1.0056e+00	 8.6989e+00	 1.0011e+00
nan	 nan	 8.5737e+00	 1.0056e+00	 8.7066e+00	 1.0011e+00
nan	 nan	 8.5813e+00	 1.0055e+00	 8.7143e+00	 1.0011e+00
nan	 nan	 8.5889e+00	 1.0055e+00	 8.7221e+00	 1.0011e+00
nan	 nan	 8.5965e+00	 1.0055e+00	 8.7298e+00	 1.0011e+00
nan	 nan	 8.6041e+00	 1.0055e+00	 8.7376e+00	 1.0012e+00
nan	 nan	 8.6117e+00	 1.0056e+00	 8.7453e+00	 1.0012e+00
nan	 nan	 8.6194e+00	 1.0056e+00	 8.7531e+00	 1.0012e+00
nan	 nan	 8.6270e+00	 1.0056e+00	 8.7609e+00	 1.0012e+00
nan	 nan	 8.6347e+00	 1.0056e+00	 8.7687e+00	 1.0012e+00
nan	 nan	 8.6424e+00	 1.0056e+00	 8.7765e+00	 1.0012e+00
nan	 nan	 8.6500e+00	 1.0057e+00	 8.7843e+00	 1.0013e+00
nan	 nan	 8.6577e+00	 1.0057e+00	 8.7921e+00	 1.0013e+00
nan	 nan	 8.6654e+00	 1.0058e+00	 8.7999e+00	 1.0013e+00
nan	 nan	 8.6731e+00	 1.0058e+00	 8.8077e+00	 1.0013e+00
nan	 nan	 8.6808e+00	 1.0058e+00	 8.8155e+00	 1.0013e+00
nan	 nan	 8.6885e+00	 1.0058e+00	 8.8233e+00	 1.0013e+00
nan	 nan	 8.6962e+00	 1.0059e+00	 8.8312e+00	 1.0013e+00
nan	 nan	 8.7039e+00	 1.0059e+00	 8.8390e+00	 1.0013e+00
nan	 nan	 8.7116e+00	 1.0060e+00	 8.8469e+00	 1.0013e+00
nan	 nan	 8.7193e+00	 1.0061e+00	 8.8547e+00	 1.0014e+00
nan	 nan	 8.7271e+00	 1.0061e+00	 8.8626e+00	 1.0013e+00
nan	 nan	 8.7348e+00	 1.0062e+00	 8.8705e+00	 1.0014e+00
nan	 nan	 8.7426e+00	 1.0062e+00	 8.8784e+00	 1.0013e+00
nan	 nan	 8.7503e+00	 1.0063e+00	 8.8862e+00	 1.0014e+00
nan	 nan	 8.7581e+00	 1.0063e+00	 8.8941e+00	 1.0014e+00
nan	 nan	 8.7658e+00	 1.0064e+00	 8.9020e+00	 1.0013e+00
nan	 nan	 8.7736e+00	 1.0065e+00	 8.9099e+00	 1.0014e+00
nan	 nan	 8.7814e+00	 1.0065e+00	 8.9178e+00	 1.0013e+00
nan	 nan	 8.7891e+00	 1.0066e+00	 8.9258e+00	 1.0014e+00
nan	 nan	 8.7969e+00	 1.0066e+00	 8.9337e+00	 1.0013e+00
nan	 nan	 8.8047e+00	 1.0067e+00	 8.9416e+00	 1.0013e+00
nan	 nan	 8.8125e+00	 1.0068e+00	 8.9495e+00	 1.0013e+00
nan	 nan	 8.8203e+00	 1.0068e+00	 8.9574e+00	 1.0013e+00
nan	 nan	 8.8281e+00	 1.0069e+00	 8.9654e+00	 1.0014e+00
nan	 nan	 8.8360e+00	 1.0069e+00	 8.9733e+00	 1.0013e+00
nan	 nan	 8.8438e+00	 1.0070e+00	 8.9813e+00	 1.0014e+00
nan	 nan	 8.8516e+00	 1.0070e+00	 8.9893e+00	 1.0013e+00
nan	 nan	 8.8595e+00	 1.0070e+00	 8.9972e+00	 1.0014e+00
nan	 nan	 8.8673e+00	 1.0071e+00	 9.0052e+00	 1.0014e+00
nan	 nan	 8.8752e+00	 1.0071e+00	 9.0132e+00	 1.0014e+00
nan	 nan	 8.8830e+00	 1.0071e+00	 9.0212e+00	 1.0014e+00
nan	 nan	 8.8909e+00	 1.0071e+00	 9.0292e+00	 1.0014e+00
nan	 nan	 8.8988e+00	 1.0071e+00	 9.0373e+00	 1.0014e+00
nan	 nan	 8.9067e+00	 1.0071e+00	 9.0453e+00	 1.0014e+00
nan	 nan	 8.9145e+00	 1.0071e+00	 9.0533e+00	 1.0014e+00
nan	 nan	 8.9224e+00	 1.0071e+00	 9.0613e+00	 1.0014e+00
nan	 nan	 8.9304e+00	 1.0071e+00	 9.0694e+00	 1.0014e+00
nan	 nan	 8.9383e+00	 1.0071e+00	 9.0774e+00	 1.0015e+00
nan	 nan	 8.9462e+00	 1.0071e+00	 9.0854e+00	 1.0015e+00
nan	 nan	 8.9541e+00	 1.0071e+00	 9.0935e+00	 1.0015e+00
nan	 nan	 8.9620e+00	 1.0071e+00	 9.1015e+00	 1.0015e+00
nan	 nan	 8.9700e+00	 1.0071e+00	 9.1096e+00	 1.0015e+00
nan	 nan	 8.9779e+00	 1.0071e+00	 9.1177e+00	 1.0015e+00
nan	 nan	 8.9858e+00	 1.0071e+00	 9.1258e+00	 1.0015e+00
nan	 nan	 8.9938e+00	 1.0071e+00	 9.1339e+00	 1.0015e+00
nan	 nan	 9.0018e+00	 1.0071e+00	 9.1420e+00	 1.0015e+00
nan	 nan	 9.0097e+00	 1.0072e+00	 9.1501e+00	 1.0015e+00
nan	 nan	 9.0177e+00	 1.0071e+00	 9.1582e+00	 1.0015e+00
nan	 nan	 9.0257e+00	 1.0072e+00	 9.1663e+00	 1.0015e+00
nan	 nan	 9.0337e+00	 1.0072e+00	 9.1744e+00	 1.0015e+00
nan	 nan	 9.0417e+00	 1.0073e+00	 9.1825e+00	 1.0014e+00
nan	 nan	 9.0496e+00	 1.0073e+00	 9.1907e+00	 1.0014e+00
nan	 nan	 9.0577e+00	 1.0073e+00	 9.1988e+00	 1.0014e+00
nan	 nan	 9.0657e+00	 1.0074e+00	 9.2070e+00	 1.0014e+00
nan	 nan	 9.0737e+00	 1.0074e+00	 9.2151e+00	 1.0014e+00
nan	 nan	 9.0817e+00	 1.0075e+00	 9.2233e+00	 1.0014e+00
nan	 nan	 9.0898e+00	 1.0075e+00	 9.2315e+00	 1.0014e+00
nan	 nan	 9.0978e+00	 1.0076e+00	 9.2396e+00	 1.0014e+00
nan	 nan	 9.1058e+00	 1.0076e+00	 9.2478e+00	 1.0013e+00
nan	 nan	 9.1139e+00	 1.0076e+00	 9.2560e+00	 1.0013e+00
nan	 nan	 9.1220e+00	 1.0077e+00	 9.2642e+00	 1.0013e+00
nan	 nan	 9.1300e+00	 1.0077e+00	 9.2724e+00	 1.0013e+00
nan	 nan	 9.1381e+00	 1.0077e+00	 9.2806e+00	 1.0013e+00
nan	 nan	 9.1462e+00	 1.0077e+00	 9.2888e+00	 1.0013e+00
nan	 nan	 9.1543e+00	 1.0077e+00	 9.2970e+00	 1.0013e+00
nan	 nan	 9.1624e+00	 1.0077e+00	 9.3052e+00	 1.0013e+00
nan	 nan	 9.1705e+00	 1.0076e+00	 9.3135e+00	 1.0013e+00
nan	 nan	 9.1786e+00	 1.0076e+00	 9.3217e+00	 1.0013e+00
nan	 nan	 9.1867e+00	 1.0076e+00	 9.3300e+00	 1.0013e+00
nan	 nan	 9.1948e+00	 1.0076e+00	 9.3382e+00	 1.0013e+00
nan	 nan	 9.2029e+00	 1.0075e+00	 9.3465e+00	 1.0013e+00
nan	 nan	 9.2111e+00	 1.0075e+00	 9.3548e+00	 1.0013e+00
nan	 nan	 9.2192e+00	 1.0075e+00	 9.3630e+00	 1.0013e+00
nan	 nan	 9.2274e+00	 1.0075e+00	 9.3713e+00	 1.0013e+00
nan	 nan	 9.2355e+00	 1.0075e+00	 9.3796e+00	 1.0013e+00
nan	 nan	 9.2437e+00	 1.0074e+00	 9.3879e+00	 1.0013e+00
nan	 nan	 9.2519e+00	 1.0075e+00	 9.3962e+00	 1.0014e+00
nan	 nan	 9.2600e+00	 1.0075e+00	 9.4046e+00	 1.0014e+00
nan	 nan	 9.2682e+00	 1.0075e+00	 9.4129e+00	 1.0014e+00
nan	 nan	 9.2764e+00	 1.0075e+00	 9.4212e+00	 1.0014e+00
nan	 nan	 9.2846e+00	 1.0075e+00	 9.4295e+00	 1.0014e+00
nan	 nan	 9.2928e+00	 1.0076e+00	 9.4379e+00	 1.0014e+00
nan	 nan	 9.3010e+00	 1.0076e+00	 9.4462e+00	 1.0014e+00
nan	 nan	 9.3092e+00	 1.0077e+00	 9.4546e+00	 1.0014e+00
nan	 nan	 9.3175e+00	 1.0077e+00	 9.4629e+00	 1.0014e+00
nan	 nan	 9.3257e+00	 1.0078e+00	 9.4713e+00	 1.0014e+00
nan	 nan	 9.3339e+00	 1.0078e+00	 9.4797e+00	 1.0014e+00
nan	 nan	 9.3422e+00	 1.0079e+00	 9.4881e+00	 1.0014e+00
nan	 nan	 9.3504e+00	 1.0079e+00	 9.4965e+00	 1.0014e+00
nan	 nan	 9.3587e+00	 1.0080e+00	 9.5049e+00	 1.0014e+00
nan	 nan	 9.3670e+00	 1.0081e+00	 9.5133e+00	 1.0014e+00
nan	 nan	 9.3752e+00	 1.0081e+00	 9.5217e+00	 1.0013e+00
nan	 nan	 9.3835e+00	 1.0081e+00	 9.5301e+00	 1.0014e+00
nan	 nan	 9.3918e+00	 1.0082e+00	 9.5385e+00	 1.0013e+00
nan	 nan	 9.4001e+00	 1.0082e+00	 9.5470e+00	 1.0013e+00
nan	 nan	 9.4084e+00	 1.0083e+00	 9.5554e+00	 1.0013e+00
nan	 nan	 9.4167e+00	 1.0083e+00	 9.5638e+00	 1.0013e+00
nan	 nan	 9.4250e+00	 1.0084e+00	 9.5723e+00	 1.0014e+00
nan	 nan	 9.4333e+00	 1.0084e+00	 9.5807e+00	 1.0013e+00
nan	 nan	 9.4416e+00	 1.0084e+00	 9.5892e+00	 1.0014e+00
nan	 nan	 9.4499e+00	 1.0084e+00	 9.5977e+00	 1.0014e+00
nan	 nan	 9.4583e+00	 1.0084e+00	 9.6061e+00	 1.0014e+00
nan	 nan	 9.4666e+00	 1.0084e+00	 9.6146e+00	 1.0014e+00
nan	 nan	 9.4750e+00	 1.0084e+00	 9.6231e+00	 1.0014e+00
nan	 nan	 9.4833e+00	 1.0084e+00	 9.6316e+00	 1.0015e+00
nan	 nan	 9.4917e+00	 1.0084e+00	 9.6401e+00	 1.0015e+00
nan	 nan	 9.5001e+00	 1.0084e+00	 9.6486e+00	 1.0015e+00
nan	 nan	 9.5085e+00	 1.0084e+00	 9.6571e+00	 1.0015e+00
nan	 nan	 9.5169e+00	 1.0083e+00	 9.6657e+00	 1.0015e+00
nan	 nan	 9.5253e+00	 1.0083e+00	 9.6742e+00	 1.0015e+00
nan	 nan	 9.5337e+00	 1.0083e+00	 9.6828e+00	 1.0015e+00
nan	 nan	 9.5421e+00	 1.0083e+00	 9.6913e+00	 1.0016e+00
nan	 nan	 9.5505e+00	 1.0082e+00	 9.6999e+00	 1.0016e+00
nan	 nan	 9.5589e+00	 1.0082e+00	 9.7084e+00	 1.0016e+00
nan	 nan	 9.5674e+00	 1.0082e+00	 9.7170e+00	 1.0016e+00
nan	 nan	 9.5758e+00	 1.0081e+00	 9.7256e+00	 1.0016e+00
nan	 nan	 9.5843e+00	 1.0081e+00	 9.7342e+00	 1.0017e+00
nan	 nan	 9.5927e+00	 1.0081e+00	 9.7428e+00	 1.0017e+00
nan	 nan	 9.6012e+00	 1.0081e+00	 9.7514e+00	 1.0017e+00
nan	 nan	 9.6096e+00	 1.0080e+00	 9.7600e+00	 1.0017e+00
nan	 nan	 9.6181e+00	 1.0081e+00	 9.7686e+00	 1.0017e+00
nan	 nan	 9.6266e+00	 1.0080e+00	 9.7772e+00	 1.0017e+00
nan	 nan	 9.6350e+00	 1.0080e+00	 9.7858e+00	 1.0018e+00
nan	 nan	 9.6435e+00	 1.0080e+00	 9.7945e+00	 1.0018e+00
nan	 nan	 9.6520e+00	 1.0080e+00	 9.8031e+00	 1.0018e+00
nan	 nan	 9.6605e+00	 1.0080e+00	 9.8118e+00	 1.0018e+00
nan	 nan	 9.6690e+00	 1.0080e+00	 9.8204e+00	 1.0018e+00
nan	 nan	 9.6776e+00	 1.0080e+00	 9.8291e+00	 1.0018e+00
nan	 nan	 9.6861e+00	 1.0080e+00	 9.8377e+00	 1.0018e+00
nan	 nan	 9.6946e+00	 1.0080e+00	 9.8464e+00	 1.0018e+00
nan	 nan	 9.7032e+00	 1.0080e+00	 9.8551e+00	 1.0018e+00
nan	 nan	 9.7117e+00	 1.0079e+00	 9.8638e+00	 1.0018e+00
nan	 nan	 9.7203e+00	 1.0079e+00	 9.8725e+00	 1.0018e+00
nan	 nan	 9.7288e+00	 1.0078e+00	 9.8812e+00	 1.0018e+00
nan	 nan	 9.7374e+00	 1.0078e+00	 9.8899e+00	 1.0018e+00
nan	 nan	 9.7460e+00	 1.0078e+00	 9.8986e+00	 1.0018e+00
nan	 nan	 9.7546e+00	 1.0078e+00	 9.9074e+00	 1.0018e+00
nan	 nan	 9.7631e+00	 1.0077e+00	 9.9161e+00	 1.0018e+00
nan	 nan	 9.7718e+00	 1.0077e+00	 9.9249e+00	 1.0018e+00
nan	 nan	 9.7804e+00	 1.0077e+00	 9.9336e+00	 1.0018e+00
nan	 nan	 9.7890e+00	 1.0077e+00	 9.9424e+00	 1.0018e+00
nan	 nan	 9.7976e+00	 1.0077e+00	 9.9512e+00	 1.0018e+00
nan	 nan	 9.8062e+00	 1.0076e+00	 9.9599e+00	 1.0018e+00
nan	 nan	 9.8148e+00	 1.0076e+00	 9.9687e+00	 1.0018e+00
nan	 nan	 9.8235e+00	 1.0076e+00	 9.9775e+00	 1.0018e+00
nan	 nan	 9.8321e+00	 1.0076e+00	 9.9863e+00	 1.0017e+00
nan	 nan	 9.8408e+00	 1.0076e+00	 9.9951e+00	 1.0018e+00
nan	 nan	 9.8494e+00	 1.0076e+00	 1.0004e+01	 1.0017e+00
nan	 nan	 9.8581e+00	 1.0076e+00	 1.0013e+01	 1.0018e+00
nan	 nan	 9.8668e+00	 1.0076e+00	 1.0022e+01	 1.0017e+00
nan	 nan	 9.8755e+00	 1.0076e+00	 1.0030e+01	 1.0017e+00
nan	 nan	 9.8842e+00	 1.0076e+00	 1.0039e+01	 1.0017e+00
nan	 nan	 9.8929e+00	 1.0076e+00	 1.0048e+01	 1.0017e+00
nan	 nan	 9.9016e+00	 1.0077e+00	 1.0057e+01	 1.0017e+00
nan	 nan	 9.9103e+00	 1.0076e+00	 1.0066e+01	 1.0017e+00
nan	 nan	 9.9190e+00	 1.0077e+00	 1.0075e+01	 1.0017e+00
nan	 nan	 9.9277e+00	 1.0076e+00	 1.0084e+01	 1.0017e+00
nan	 nan	 9.9365e+00	 1.0077e+00	 1.0092e+01	 1.0017e+00
nan	 nan	 9.9452e+00	 1.0077e+00	 1.0101e+01	 1.0017e+00
nan	 nan	 9.9540e+00	 1.0076e+00	 1.0110e+01	 1.0017e+00
nan	 nan	 9.9627e+00	 1.0077e+00	 1.0119e+01	 1.0018e+00
nan	 nan	 9.9715e+00	 1.0076e+00	 1.0128e+01	 1.0018e+00
nan	 nan	 9.9802e+00	 1.0077e+00	 1.0137e+01	 1.0018e+00
nan	 nan	 9.9890e+00	 1.0076e+00	 1.0146e+01	 1.0018e+00
nan	 nan	 9.9978e+00	 1.0077e+00	 1.0155e+01	 1.0018e+00
nan	 nan	 1.0007e+01	 1.0076e+00	 1.0164e+01	 1.0018e+00
nan	 nan	 1.0015e+01	 1.0076e+00	 1.0173e+01	 1.0018e+00
nan	 nan	 1.0024e+01	 1.0077e+00	 1.0182e+01	 1.0018e+00
nan	 nan	 1.0033e+01	 1.0076e+00	 1.0191e+01	 1.0018e+00
nan	 nan	 1.0042e+01	 1.0077e+00	 1.0200e+01	 1.0018e+00
nan	 nan	 1.0051e+01	 1.0077e+00	 1.0209e+01	 1.0018e+00
nan	 nan	 1.0059e+01	 1.0077e+00	 1.0217e+01	 1.0018e+00
nan	 nan	 1.0068e+01	 1.0077e+00	 1.0226e+01	 1.0018e+00
nan	 nan	 1.0077e+01	 1.0077e+00	 1.0236e+01	 1.0018e+00
nan	 nan	 1.0086e+01	 1.0077e+00	 1.0245e+01	 1.0019e+00
nan	 nan	 1.0095e+01	 1.0077e+00	 1.0254e+01	 1.0018e+00
nan	 nan	 1.0104e+01	 1.0078e+00	 1.0262e+01	 1.0019e+00
nan	 nan	 1.0113e+01	 1.0077e+00	 1.0271e+01	 1.0018e+00
nan	 nan	 1.0121e+01	 1.0078e+00	 1.0281e+01	 1.0019e+00
nan	 nan	 1.0130e+01	 1.0077e+00	 1.0290e+01	 1.0018e+00
nan	 nan	 1.0139e+01	 1.0077e+00	 1.0299e+01	 1.0018e+00
nan	 nan	 1.0148e+01	 1.0077e+00	 1.0308e+01	 1.0018e+00
nan	 nan	 1.0157e+01	 1.0077e+00	 1.0317e+01	 1.0018e+00
nan	 nan	 1.0166e+01	 1.0077e+00	 1.0326e+01	 1.0018e+00
nan	 nan	 1.0175e+01	 1.0076e+00	 1.0335e+01	 1.0018e+00
nan	 nan	 1.0184e+01	 1.0076e+00	 1.0344e+01	 1.0018e+00
nan	 nan	 1.0193e+01	 1.0076e+00	 1.0353e+01	 1.0018e+00
nan	 nan	 1.0202e+01	 1.0076e+00	 1.0362e+01	 1.0018e+00
nan	 nan	 1.0211e+01	 1.0075e+00	 1.0371e+01	 1.0018e+00
nan	 nan	 1.0220e+01	 1.0075e+00	 1.0380e+01	 1.0018e+00
nan	 nan	 1.0229e+01	 1.0075e+00	 1.0390e+01	 1.0018e+00
nan	 nan	 1.0238e+01	 1.0074e+00	 1.0399e+01	 1.0017e+00
nan	 nan	 1.0247e+01	 1.0074e+00	 1.0408e+01	 1.0018e+00
nan	 nan	 1.0256e+01	 1.0073e+00	 1.0417e+01	 1.0017e+00
nan	 nan	 1.0265e+01	 1.0073e+00	 1.0426e+01	 1.0018e+00
nan	 nan	 1.0274e+01	 1.0073e+00	 1.0435e+01	 1.0017e+00
nan	 nan	 1.0283e+01	 1.0073e+00	 1.0444e+01	 1.0017e+00
nan	 nan	 1.0292e+01	 1.0074e+00	 1.0454e+01	 1.0017e+00
nan	 nan	 1.0301e+01	 1.0074e+00	 1.0463e+01	 1.0017e+00
nan	 nan	 1.0310e+01	 1.0075e+00	 1.0472e+01	 1.0017e+00
nan	 nan	 1.0319e+01	 1.0075e+00	 1.0481e+01	 1.0017e+00
nan	 nan	 1.0328e+01	 1.0076e+00	 1.0490e+01	 1.0017e+00
nan	 nan	 1.0337e+01	 1.0077e+00	 1.0500e+01	 1.0017e+00
nan	 nan	 1.0346e+01	 1.0078e+00	 1.0509e+01	 1.0017e+00
nan	 nan	 1.0355e+01	 1.0079e+00	 1.0518e+01	 1.0017e+00
nan	 nan	 1.0364e+01	 1.0080e+00	 1.0527e+01	 1.0017e+00
nan	 nan	 1.0373e+01	 1.0081e+00	 1.0537e+01	 1.0017e+00
nan	 nan	 1.0382e+01	 1.0082e+00	 1.0546e+01	 1.0017e+00
nan	 nan	 1.0392e+01	 1.0083e+00	 1.0555e+01	 1.0017e+00
nan	 nan	 1.0401e+01	 1.0084e+00	 1.0564e+01	 1.0017e+00
nan	 nan	 1.0410e+01	 1.0085e+00	 1.0574e+01	 1.0017e+00
nan	 nan	 1.0419e+01	 1.0087e+00	 1.0583e+01	 1.0017e+00
nan	 nan	 1.0428e+01	 1.0088e+00	 1.0592e+01	 1.0017e+00
nan	 nan	 1.0437e+01	 1.0089e+00	 1.0601e+01	 1.0017e+00
nan	 nan	 1.0446e+01	 1.0090e+00	 1.0611e+01	 1.0017e+00
nan	 nan	 1.0456e+01	 1.0091e+00	 1.0620e+01	 1.0017e+00
nan	 nan	 1.0465e+01	 1.0093e+00	 1.0629e+01	 1.0017e+00
nan	 nan	 1.0474e+01	 1.0093e+00	 1.0639e+01	 1.0017e+00
nan	 nan	 1.0483e+01	 1.0095e+00	 1.0648e+01	 1.0018e+00
nan	 nan	 1.0492e+01	 1.0095e+00	 1.0657e+01	 1.0018e+00
nan	 nan	 1.0501e+01	 1.0097e+00	 1.0667e+01	 1.0018e+00
nan	 nan	 1.0511e+01	 1.0097e+00	 1.0676e+01	 1.0018e+00
nan	 nan	 1.0520e+01	 1.0098e+00	 1.0685e+01	 1.0018e+00
nan	 nan	 1.0529e+01	 1.0098e+00	 1.0695e+01	 1.0018e+00
nan	 nan	 1.0538e+01	 1.0099e+00	 1.0704e+01	 1.0018e+00
nan	 nan	 1.0547e+01	 1.0099e+00	 1.0714e+01	 1.0018e+00
nan	 nan	 1.0557e+01	 1.0099e+00	 1.0723e+01	 1.0018e+00
nan	 nan	 1.0566e+01	 1.0100e+00	 1.0732e+01	 1.0018e+00
nan	 nan	 1.0575e+01	 1.0100e+00	 1.0742e+01	 1.0018e+00
nan	 nan	 1.0585e+01	 1.0100e+00	 1.0751e+01	 1.0019e+00
nan	 nan	 1.0594e+01	 1.0100e+00	 1.0761e+01	 1.0019e+00
nan	 nan	 1.0603e+01	 1.0100e+00	 1.0770e+01	 1.0019e+00
nan	 nan	 1.0612e+01	 1.0100e+00	 1.0780e+01	 1.0019e+00
nan	 nan	 1.0622e+01	 1.0100e+00	 1.0789e+01	 1.0019e+00
nan	 nan	 1.0631e+01	 1.0100e+00	 1.0799e+01	 1.0019e+00
nan	 nan	 1.0640e+01	 1.0100e+00	 1.0808e+01	 1.0019e+00
nan	 nan	 1.0650e+01	 1.0100e+00	 1.0817e+01	 1.0019e+00
nan	 nan	 1.0659e+01	 1.0100e+00	 1.0827e+01	 1.0019e+00
nan	 nan	 1.0668e+01	 1.0099e+00	 1.0836e+01	 1.0020e+00
nan	 nan	 1.0678e+01	 1.0100e+00	 1.0846e+01	 1.0020e+00
nan	 nan	 1.0687e+01	 1.0099e+00	 1.0855e+01	 1.0020e+00
nan	 nan	 1.0696e+01	 1.0100e+00	 1.0865e+01	 1.0020e+00
nan	 nan	 1.0706e+01	 1.0099e+00	 1.0874e+01	 1.0020e+00
nan	 nan	 1.0715e+01	 1.0100e+00	 1.0884e+01	 1.0020e+00
nan	 nan	 1.0724e+01	 1.0099e+00	 1.0893e+01	 1.0020e+00
nan	 nan	 1.0734e+01	 1.0100e+00	 1.0903e+01	 1.0020e+00
nan	 nan	 1.0743e+01	 1.0100e+00	 1.0912e+01	 1.0020e+00
nan	 nan	 1.0753e+01	 1.0100e+00	 1.0922e+01	 1.0020e+00
nan	 nan	 1.0762e+01	 1.0101e+00	 1.0932e+01	 1.0020e+00
nan	 nan	 1.0771e+01	 1.0101e+00	 1.0941e+01	 1.0020e+00
nan	 nan	 1.0781e+01	 1.0101e+00	 1.0951e+01	 1.0020e+00
nan	 nan	 1.0790e+01	 1.0101e+00	 1.0960e+01	 1.0020e+00
nan	 nan	 1.0800e+01	 1.0102e+00	 1.0970e+01	 1.0021e+00
nan	 nan	 1.0809e+01	 1.0102e+00	 1.0980e+01	 1.0021e+00
nan	 nan	 1.0819e+01	 1.0102e+00	 1.0989e+01	 1.0021e+00
nan	 nan	 1.0828e+01	 1.0103e+00	 1.0999e+01	 1.0021e+00
nan	 nan	 1.0838e+01	 1.0102e+00	 1.1008e+01	 1.0021e+00
nan	 nan	 1.0847e+01	 1.0103e+00	 1.1018e+01	 1.0021e+00
nan	 nan	 1.0857e+01	 1.0102e+00	 1.1028e+01	 1.0021e+00
nan	 nan	 1.0866e+01	 1.0102e+00	 1.1037e+01	 1.0022e+00
nan	 nan	 1.0876e+01	 1.0102e+00	 1.1047e+01	 1.0022e+00
nan	 nan	 1.0885e+01	 1.0102e+00	 1.1057e+01	 1.0022e+00
nan	 nan	 1.0895e+01	 1.0102e+00	 1.1066e+01	 1.0022e+00
nan	 nan	 1.0904e+01	 1.0101e+00	 1.1076e+01	 1.0022e+00
nan	 nan	 1.0914e+01	 1.0101e+00	 1.1086e+01	 1.0022e+00
nan	 nan	 1.0923e+01	 1.0100e+00	 1.1095e+01	 1.0021e+00
nan	 nan	 1.0933e+01	 1.0100e+00	 1.1105e+01	 1.0021e+00
nan	 nan	 1.0942e+01	 1.0100e+00	 1.1115e+01	 1.0021e+00
nan	 nan	 1.0952e+01	 1.0099e+00	 1.1125e+01	 1.0021e+00
nan	 nan	 1.0961e+01	 1.0099e+00	 1.1134e+01	 1.0021e+00
nan	 nan	 1.0971e+01	 1.0098e+00	 1.1144e+01	 1.0020e+00
nan	 nan	 1.0980e+01	 1.0098e+00	 1.1154e+01	 1.0020e+00
nan	 nan	 1.0990e+01	 1.0098e+00	 1.1164e+01	 1.0020e+00
nan	 nan	 1.1000e+01	 1.0097e+00	 1.1173e+01	 1.0020e+00
nan	 nan	 1.1009e+01	 1.0097e+00	 1.1183e+01	 1.0019e+00
nan	 nan	 1.1019e+01	 1.0097e+00	 1.1193e+01	 1.0019e+00
nan	 nan	 1.1028e+01	 1.0097e+00	 1.1203e+01	 1.0019e+00
nan	 nan	 1.1038e+01	 1.0097e+00	 1.1212e+01	 1.0018e+00
nan	 nan	 1.1048e+01	 1.0097e+00	 1.1222e+01	 1.0018e+00
nan	 nan	 1.1057e+01	 1.0097e+00	 1.1232e+01	 1.0018e+00
nan	 nan	 1.1067e+01	 1.0097e+00	 1.1242e+01	 1.0018e+00
nan	 nan	 1.1077e+01	 1.0097e+00	 1.1252e+01	 1.0018e+00
nan	 nan	 1.1086e+01	 1.0097e+00	 1.1262e+01	 1.0018e+00
nan	 nan	 1.1096e+01	 1.0097e+00	 1.1271e+01	 1.0018e+00
nan	 nan	 1.1106e+01	 1.0097e+00	 1.1281e+01	 1.0017e+00
nan	 nan	 1.1116e+01	 1.0097e+00	 1.1291e+01	 1.0017e+00
nan	 nan	 1.1125e+01	 1.0097e+00	 1.1301e+01	 1.0017e+00
nan	 nan	 1.1135e+01	 1.0097e+00	 1.1311e+01	 1.0017e+00
nan	 nan	 1.1145e+01	 1.0097e+00	 1.1321e+01	 1.0017e+00
nan	 nan	 1.1154e+01	 1.0097e+00	 1.1331e+01	 1.0017e+00
nan	 nan	 1.1164e+01	 1.0097e+00	 1.1341e+01	 1.0017e+00
nan	 nan	 1.1174e+01	 1.0097e+00	 1.1350e+01	 1.0017e+00
nan	 nan	 1.1184e+01	 1.0098e+00	 1.1360e+01	 1.0018e+00
nan	 nan	 1.1193e+01	 1.0098e+00	 1.1370e+01	 1.0018e+00
nan	 nan	 1.1203e+01	 1.0098e+00	 1.1380e+01	 1.0018e+00
nan	 nan	 1.1213e+01	 1.0098e+00	 1.1390e+01	 1.0018e+00
nan	 nan	 1.1223e+01	 1.0099e+00	 1.1400e+01	 1.0018e+00
nan	 nan	 1.1233e+01	 1.0099e+00	 1.1410e+01	 1.0019e+00
nan	 nan	 1.1242e+01	 1.0099e+00	 1.1420e+01	 1.0019e+00
nan	 nan	 1.1252e+01	 1.0100e+00	 1.1430e+01	 1.0019e+00
nan	 nan	 1.1262e+01	 1.0099e+00	 1.1440e+01	 1.0019e+00
nan	 nan	 1.1272e+01	 1.0100e+00	 1.1450e+01	 1.0020e+00
nan	 nan	 1.1282e+01	 1.0100e+00	 1.1460e+01	 1.0020e+00
nan	 nan	 1.1291e+01	 1.0100e+00	 1.1470e+01	 1.0020e+00
nan	 nan	 1.1301e+01	 1.0101e+00	 1.1480e+01	 1.0020e+00
nan	 nan	 1.1311e+01	 1.0101e+00	 1.1490e+01	 1.0020e+00
nan	 nan	 1.1321e+01	 1.0102e+00	 1.1500e+01	 1.0021e+00
nan	 nan	 1.1331e+01	 1.0102e+00	 1.1510e+01	 1.0020e+00
nan	 nan	 1.1341e+01	 1.0102e+00	 1.1520e+01	 1.0021e+00
nan	 nan	 1.1351e+01	 1.0103e+00	 1.1530e+01	 1.0021e+00
nan	 nan	 1.1361e+01	 1.0103e+00	 1.1540e+01	 1.0021e+00
nan	 nan	 1.1370e+01	 1.0104e+00	 1.1550e+01	 1.0021e+00
nan	 nan	 1.1380e+01	 1.0104e+00	 1.1560e+01	 1.0021e+00
nan	 nan	 1.1390e+01	 1.0105e+00	 1.1570e+01	 1.0021e+00
nan	 nan	 1.1400e+01	 1.0105e+00	 1.1580e+01	 1.0021e+00
nan	 nan	 1.1410e+01	 1.0106e+00	 1.1591e+01	 1.0021e+00
nan	 nan	 1.1420e+01	 1.0107e+00	 1.1601e+01	 1.0021e+00
nan	 nan	 1.1430e+01	 1.0107e+00	 1.1611e+01	 1.0021e+00
nan	 nan	 1.1440e+01	 1.0108e+00	 1.1621e+01	 1.0021e+00
nan	 nan	 1.1450e+01	 1.0108e+00	 1.1631e+01	 1.0021e+00
nan	 nan	 1.1460e+01	 1.0110e+00	 1.1641e+01	 1.0021e+00
nan	 nan	 1.1470e+01	 1.0110e+00	 1.1651e+01	 1.0021e+00
nan	 nan	 1.1480e+01	 1.0111e+00	 1.1661e+01	 1.0021e+00
nan	 nan	 1.1490e+01	 1.0111e+00	 1.1672e+01	 1.0021e+00
nan	 nan	 1.1500e+01	 1.0112e+00	 1.1682e+01	 1.0021e+00
nan	 nan	 1.1510e+01	 1.0113e+00	 1.1692e+01	 1.0021e+00
nan	 nan	 1.1520e+01	 1.0113e+00	 1.1702e+01	 1.0021e+00
nan	 nan	 1.1530e+01	 1.0115e+00	 1.1712e+01	 1.0021e+00
nan	 nan	 1.1540e+01	 1.0115e+00	 1.1723e+01	 1.0020e+00
nan	 nan	 1.1550e+01	 1.0116e+00	 1.1733e+01	 1.0021e+00
nan	 nan	 1.1560e+01	 1.0116e+00	 1.1743e+01	 1.0020e+00
nan	 nan	 1.1570e+01	 1.0117e+00	 1.1753e+01	 1.0020e+00
nan	 nan	 1.1580e+01	 1.0118e+00	 1.1763e+01	 1.0020e+00
nan	 nan	 1.1590e+01	 1.0118e+00	 1.1774e+01	 1.0020e+00
nan	 nan	 1.1601e+01	 1.0119e+00	 1.1784e+01	 1.0020e+00
nan	 nan	 1.1611e+01	 1.0119e+00	 1.1794e+01	 1.0020e+00
nan	 nan	 1.1621e+01	 1.0120e+00	 1.1805e+01	 1.0020e+00
nan	 nan	 1.1631e+01	 1.0120e+00	 1.1815e+01	 1.0020e+00
nan	 nan	 1.1641e+01	 1.0120e+00	 1.1825e+01	 1.0021e+00
nan	 nan	 1.1651e+01	 1.0120e+00	 1.1835e+01	 1.0021e+00
nan	 nan	 1.1661e+01	 1.0120e+00	 1.1846e+01	 1.0021e+00
nan	 nan	 1.1671e+01	 1.0120e+00	 1.1856e+01	 1.0021e+00
nan	 nan	 1.1681e+01	 1.0119e+00	 1.1866e+01	 1.0021e+00
nan	 nan	 1.1692e+01	 1.0120e+00	 1.1877e+01	 1.0022e+00
nan	 nan	 1.1702e+01	 1.0119e+00	 1.1887e+01	 1.0022e+00
nan	 nan	 1.1712e+01	 1.0119e+00	 1.1897e+01	 1.0022e+00
nan	 nan	 1.1722e+01	 1.0118e+00	 1.1908e+01	 1.0022e+00
nan	 nan	 1.1732e+01	 1.0118e+00	 1.1918e+01	 1.0023e+00
nan	 nan	 1.1742e+01	 1.0118e+00	 1.1928e+01	 1.0023e+00
nan	 nan	 1.1753e+01	 1.0117e+00	 1.1939e+01	 1.0023e+00
nan	 nan	 1.1763e+01	 1.0117e+00	 1.1949e+01	 1.0024e+00
nan	 nan	 1.1773e+01	 1.0116e+00	 1.1960e+01	 1.0024e+00
nan	 nan	 1.1783e+01	 1.0116e+00	 1.1970e+01	 1.0024e+00
nan	 nan	 1.1794e+01	 1.0115e+00	 1.1980e+01	 1.0024e+00
nan	 nan	 1.1804e+01	 1.0115e+00	 1.1991e+01	 1.0024e+00
nan	 nan	 1.1814e+01	 1.0115e+00	 1.2001e+01	 1.0025e+00
nan	 nan	 1.1825e+01	 1.0115e+00	 1.2012e+01	 1.0024e+00
nan	 nan	 1.1835e+01	 1.0115e+00	 1.2022e+01	 1.0025e+00
nan	 nan	 1.1845e+01	 1.0115e+00	 1.2033e+01	 1.0025e+00
nan	 nan	 1.1855e+01	 1.0115e+00	 1.2043e+01	 1.0025e+00
nan	 nan	 1.1866e+01	 1.0115e+00	 1.2053e+01	 1.0025e+00
nan	 nan	 1.1876e+01	 1.0116e+00	 1.2064e+01	 1.0025e+00
nan	 nan	 1.1886e+01	 1.0116e+00	 1.2074e+01	 1.0025e+00
nan	 nan	 1.1896e+01	 1.0116e+00	 1.2085e+01	 1.0024e+00
nan	 nan	 1.1907e+01	 1.0116e+00	 1.2095e+01	 1.0025e+00
nan	 nan	 1.1917e+01	 1.0116e+00	 1.2106e+01	 1.0024e+00
nan	 nan	 1.1928e+01	 1.0116e+00	 1.2116e+01	 1.0024e+00
nan	 nan	 1.1938e+01	 1.0116e+00	 1.2127e+01	 1.0024e+00
nan	 nan	 1.1948e+01	 1.0116e+00	 1.2137e+01	 1.0024e+00
nan	 nan	 1.1959e+01	 1.0116e+00	 1.2148e+01	 1.0024e+00
nan	 nan	 1.1969e+01	 1.0115e+00	 1.2159e+01	 1.0023e+00
nan	 nan	 1.1979e+01	 1.0116e+00	 1.2169e+01	 1.0023e+00
nan	 nan	 1.1990e+01	 1.0115e+00	 1.2180e+01	 1.0023e+00
nan	 nan	 1.2000e+01	 1.0115e+00	 1.2190e+01	 1.0023e+00
nan	 nan	 1.2011e+01	 1.0115e+00	 1.2201e+01	 1.0022e+00
nan	 nan	 1.2021e+01	 1.0115e+00	 1.2211e+01	 1.0022e+00
nan	 nan	 1.2031e+01	 1.0115e+00	 1.2222e+01	 1.0022e+00
nan	 nan	 1.2042e+01	 1.0115e+00	 1.2233e+01	 1.0022e+00
nan	 nan	 1.2052e+01	 1.0116e+00	 1.2243e+01	 1.0022e+00
nan	 nan	 1.2063e+01	 1.0115e+00	 1.2254e+01	 1.0021e+00
nan	 nan	 1.2073e+01	 1.0116e+00	 1.2264e+01	 1.0021e+00
nan	 nan	 1.2084e+01	 1.0116e+00	 1.2275e+01	 1.0021e+00
nan	 nan	 1.2094e+01	 1.0117e+00	 1.2286e+01	 1.0021e+00
nan	 nan	 1.2105e+01	 1.0118e+00	 1.2296e+01	 1.0021e+00
nan	 nan	 1.2115e+01	 1.0118e+00	 1.2307e+01	 1.0021e+00
nan	 nan	 1.2126e+01	 1.0119e+00	 1.2318e+01	 1.0022e+00
nan	 nan	 1.2136e+01	 1.0119e+00	 1.2329e+01	 1.0021e+00
nan	 nan	 1.2147e+01	 1.0119e+00	 1.2339e+01	 1.0022e+00
nan	 nan	 1.2157e+01	 1.0120e+00	 1.2350e+01	 1.0022e+00
nan	 nan	 1.2168e+01	 1.0120e+00	 1.2361e+01	 1.0022e+00
nan	 nan	 1.2178e+01	 1.0120e+00	 1.2371e+01	 1.0022e+00
nan	 nan	 1.2189e+01	 1.0120e+00	 1.2382e+01	 1.0023e+00
nan	 nan	 1.2200e+01	 1.0121e+00	 1.2393e+01	 1.0023e+00
nan	 nan	 1.2210e+01	 1.0121e+00	 1.2404e+01	 1.0023e+00
nan	 nan	 1.2221e+01	 1.0121e+00	 1.2414e+01	 1.0024e+00
nan	 nan	 1.2231e+01	 1.0121e+00	 1.2425e+01	 1.0024e+00
nan	 nan	 1.2242e+01	 1.0121e+00	 1.2436e+01	 1.0025e+00
nan	 nan	 1.2253e+01	 1.0121e+00	 1.2447e+01	 1.0025e+00
nan	 nan	 1.2263e+01	 1.0121e+00	 1.2457e+01	 1.0025e+00
nan	 nan	 1.2274e+01	 1.0122e+00	 1.2468e+01	 1.0026e+00
nan	 nan	 1.2284e+01	 1.0121e+00	 1.2479e+01	 1.0026e+00
nan	 nan	 1.2295e+01	 1.0122e+00	 1.2490e+01	 1.0026e+00
nan	 nan	 1.2306e+01	 1.0121e+00	 1.2501e+01	 1.0026e+00
nan	 nan	 1.2316e+01	 1.0121e+00	 1.2511e+01	 1.0027e+00
nan	 nan	 1.2327e+01	 1.0122e+00	 1.2522e+01	 1.0027e+00
nan	 nan	 1.2338e+01	 1.0121e+00	 1.2533e+01	 1.0027e+00
nan	 nan	 1.2348e+01	 1.0122e+00	 1.2544e+01	 1.0027e+00
nan	 nan	 1.2359e+01	 1.0121e+00	 1.2555e+01	 1.0026e+00
nan	 nan	 1.2370e+01	 1.0122e+00	 1.2566e+01	 1.0027e+00
nan	 nan	 1.2381e+01	 1.0122e+00	 1.2577e+01	 1.0026e+00
nan	 nan	 1.2391e+01	 1.0122e+00	 1.2588e+01	 1.0026e+00
nan	 nan	 1.2402e+01	 1.0123e+00	 1.2598e+01	 1.0026e+00
nan	 nan	 1.2413e+01	 1.0123e+00	 1.2609e+01	 1.0025e+00
nan	 nan	 1.2424e+01	 1.0124e+00	 1.2620e+01	 1.0025e+00
nan	 nan	 1.2434e+01	 1.0124e+00	 1.2631e+01	 1.0025e+00
nan	 nan	 1.2445e+01	 1.0124e+00	 1.2642e+01	 1.0025e+00
nan	 nan	 1.2456e+01	 1.0124e+00	 1.2653e+01	 1.0024e+00
nan	 nan	 1.2467e+01	 1.0125e+00	 1.2664e+01	 1.0024e+00
nan	 nan	 1.2477e+01	 1.0125e+00	 1.2675e+01	 1.0024e+00
nan	 nan	 1.2488e+01	 1.0125e+00	 1.2686e+01	 1.0023e+00
nan	 nan	 1.2499e+01	 1.0125e+00	 1.2697e+01	 1.0023e+00
nan	 nan	 1.2510e+01	 1.0125e+00	 1.2708e+01	 1.0023e+00
nan	 nan	 1.2521e+01	 1.0126e+00	 1.2719e+01	 1.0023e+00
nan	 nan	 1.2531e+01	 1.0125e+00	 1.2730e+01	 1.0023e+00
nan	 nan	 1.2542e+01	 1.0125e+00	 1.2741e+01	 1.0023e+00
nan	 nan	 1.2553e+01	 1.0125e+00	 1.2752e+01	 1.0022e+00
nan	 nan	 1.2564e+01	 1.0125e+00	 1.2763e+01	 1.0022e+00
nan	 nan	 1.2575e+01	 1.0125e+00	 1.2774e+01	 1.0022e+00
nan	 nan	 1.2586e+01	 1.0124e+00	 1.2785e+01	 1.0022e+00
nan	 nan	 1.2597e+01	 1.0125e+00	 1.2796e+01	 1.0022e+00
nan	 nan	 1.2607e+01	 1.0124e+00	 1.2807e+01	 1.0021e+00
nan	 nan	 1.2618e+01	 1.0124e+00	 1.2818e+01	 1.0022e+00
nan	 nan	 1.2629e+01	 1.0123e+00	 1.2829e+01	 1.0021e+00
nan	 nan	 1.2640e+01	 1.0122e+00	 1.2841e+01	 1.0021e+00
nan	 nan	 1.2651e+01	 1.0122e+00	 1.2852e+01	 1.0022e+00
nan	 nan	 1.2662e+01	 1.0121e+00	 1.2863e+01	 1.0021e+00
nan	 nan	 1.2673e+01	 1.0121e+00	 1.2874e+01	 1.0022e+00
nan	 nan	 1.2684e+01	 1.0120e+00	 1.2885e+01	 1.0022e+00
nan	 nan	 1.2695e+01	 1.0120e+00	 1.2896e+01	 1.0022e+00
nan	 nan	 1.2706e+01	 1.0120e+00	 1.2907e+01	 1.0022e+00
nan	 nan	 1.2717e+01	 1.0119e+00	 1.2918e+01	 1.0022e+00
nan	 nan	 1.2728e+01	 1.0120e+00	 1.2930e+01	 1.0023e+00
nan	 nan	 1.2739e+01	 1.0119e+00	 1.2941e+01	 1.0023e+00
nan	 nan	 1.2750e+01	 1.0120e+00	 1.2952e+01	 1.0024e+00
nan	 nan	 1.2761e+01	 1.0119e+00	 1.2963e+01	 1.0024e+00
nan	 nan	 1.2772e+01	 1.0120e+00	 1.2974e+01	 1.0024e+00
nan	 nan	 1.2783e+01	 1.0120e+00	 1.2986e+01	 1.0025e+00
nan	 nan	 1.2794e+01	 1.0120e+00	 1.2997e+01	 1.0025e+00
nan	 nan	 1.2805e+01	 1.0120e+00	 1.3008e+01	 1.0026e+00
nan	 nan	 1.2816e+01	 1.0120e+00	 1.3019e+01	 1.0026e+00
nan	 nan	 1.2827e+01	 1.0121e+00	 1.3031e+01	 1.0027e+00
nan	 nan	 1.2838e+01	 1.0121e+00	 1.3042e+01	 1.0027e+00
nan	 nan	 1.2849e+01	 1.0121e+00	 1.3053e+01	 1.0027e+00
nan	 nan	 1.2861e+01	 1.0121e+00	 1.3064e+01	 1.0027e+00
nan	 nan	 1.2872e+01	 1.0122e+00	 1.3076e+01	 1.0028e+00
nan	 nan	 1.2883e+01	 1.0122e+00	 1.3087e+01	 1.0028e+00
nan	 nan	 1.2894e+01	 1.0122e+00	 1.3098e+01	 1.0028e+00
nan	 nan	 1.2905e+01	 1.0122e+00	 1.3110e+01	 1.0029e+00
nan	 nan	 1.2916e+01	 1.0122e+00	 1.3121e+01	 1.0029e+00
nan	 nan	 1.2927e+01	 1.0122e+00	 1.3132e+01	 1.0029e+00
nan	 nan	 1.2938e+01	 1.0122e+00	 1.3143e+01	 1.0029e+00
nan	 nan	 1.2950e+01	 1.0122e+00	 1.3155e+01	 1.0029e+00
nan	 nan	 1.2961e+01	 1.0123e+00	 1.3166e+01	 1.0029e+00
nan	 nan	 1.2972e+01	 1.0122e+00	 1.3178e+01	 1.0029e+00
nan	 nan	 1.2983e+01	 1.0123e+00	 1.3189e+01	 1.0029e+00
nan	 nan	 1.2994e+01	 1.0123e+00	 1.3200e+01	 1.0029e+00
nan	 nan	 1.3005e+01	 1.0124e+00	 1.3212e+01	 1.0029e+00
nan	 nan	 1.3017e+01	 1.0124e+00	 1.3223e+01	 1.0029e+00
nan	 nan	 1.3028e+01	 1.0125e+00	 1.3235e+01	 1.0029e+00
nan	 nan	 1.3039e+01	 1.0125e+00	 1.3246e+01	 1.0028e+00
nan	 nan	 1.3050e+01	 1.0126e+00	 1.3257e+01	 1.0028e+00
nan	 nan	 1.3062e+01	 1.0127e+00	 1.3269e+01	 1.0028e+00
nan	 nan	 1.3073e+01	 1.0127e+00	 1.3280e+01	 1.0028e+00
nan	 nan	 1.3084e+01	 1.0128e+00	 1.3292e+01	 1.0028e+00
nan	 nan	 1.3096e+01	 1.0129e+00	 1.3303e+01	 1.0028e+00
nan	 nan	 1.3107e+01	 1.0130e+00	 1.3315e+01	 1.0028e+00
nan	 nan	 1.3118e+01	 1.0130e+00	 1.3326e+01	 1.0028e+00
nan	 nan	 1.3129e+01	 1.0130e+00	 1.3338e+01	 1.0028e+00
nan	 nan	 1.3141e+01	 1.0131e+00	 1.3349e+01	 1.0028e+00
nan	 nan	 1.3152e+01	 1.0131e+00	 1.3361e+01	 1.0028e+00
nan	 nan	 1.3163e+01	 1.0132e+00	 1.3372e+01	 1.0029e+00
nan	 nan	 1.3175e+01	 1.0132e+00	 1.3384e+01	 1.0028e+00
nan	 nan	 1.3186e+01	 1.0133e+00	 1.3395e+01	 1.0029e+00
nan	 nan	 1.3197e+01	 1.0133e+00	 1.3407e+01	 1.0029e+00
nan	 nan	 1.3209e+01	 1.0133e+00	 1.3418e+01	 1.0029e+00
nan	 nan	 1.3220e+01	 1.0134e+00	 1.3430e+01	 1.0029e+00
nan	 nan	 1.3232e+01	 1.0134e+00	 1.3441e+01	 1.0029e+00
nan	 nan	 1.3243e+01	 1.0134e+00	 1.3453e+01	 1.0029e+00
nan	 nan	 1.3254e+01	 1.0134e+00	 1.3464e+01	 1.0029e+00
nan	 nan	 1.3266e+01	 1.0134e+00	 1.3476e+01	 1.0030e+00
nan	 nan	 1.3277e+01	 1.0134e+00	 1.3488e+01	 1.0030e+00
nan	 nan	 1.3289e+01	 1.0134e+00	 1.3499e+01	 1.0030e+00
nan	 nan	 1.3300e+01	 1.0135e+00	 1.3511e+01	 1.0030e+00
nan	 nan	 1.3312e+01	 1.0135e+00	 1.3523e+01	 1.0030e+00
nan	 nan	 1.3323e+01	 1.0135e+00	 1.3534e+01	 1.0030e+00
nan	 nan	 1.3335e+01	 1.0135e+00	 1.3546e+01	 1.0030e+00
nan	 nan	 1.3346e+01	 1.0136e+00	 1.3558e+01	 1.0030e+00
nan	 nan	 1.3357e+01	 1.0136e+00	 1.3569e+01	 1.0030e+00
nan	 nan	 1.3369e+01	 1.0136e+00	 1.3581e+01	 1.0030e+00
nan	 nan	 1.3380e+01	 1.0136e+00	 1.3593e+01	 1.0030e+00
nan	 nan	 1.3392e+01	 1.0136e+00	 1.3604e+01	 1.0030e+00
nan	 nan	 1.3403e+01	 1.0137e+00	 1.3616e+01	 1.0030e+00
nan	 nan	 1.3415e+01	 1.0137e+00	 1.3628e+01	 1.0030e+00
nan	 nan	 1.3427e+01	 1.0138e+00	 1.3639e+01	 1.0030e+00
nan	 nan	 1.3438e+01	 1.0138e+00	 1.3651e+01	 1.0030e+00
nan	 nan	 1.3450e+01	 1.0139e+00	 1.3663e+01	 1.0030e+00
nan	 nan	 1.3461e+01	 1.0139e+00	 1.3675e+01	 1.0030e+00
nan	 nan	 1.3473e+01	 1.0139e+00	 1.3686e+01	 1.0029e+00
nan	 nan	 1.3484e+01	 1.0140e+00	 1.3698e+01	 1.0029e+00
nan	 nan	 1.3496e+01	 1.0140e+00	 1.3710e+01	 1.0029e+00
nan	 nan	 1.3508e+01	 1.0141e+00	 1.3722e+01	 1.0029e+00
nan	 nan	 1.3519e+01	 1.0141e+00	 1.3734e+01	 1.0028e+00
nan	 nan	 1.3531e+01	 1.0141e+00	 1.3745e+01	 1.0028e+00
nan	 nan	 1.3543e+01	 1.0141e+00	 1.3757e+01	 1.0028e+00
nan	 nan	 1.3554e+01	 1.0141e+00	 1.3769e+01	 1.0027e+00
nan	 nan	 1.3566e+01	 1.0142e+00	 1.3781e+01	 1.0027e+00
nan	 nan	 1.3577e+01	 1.0141e+00	 1.3793e+01	 1.0027e+00
nan	 nan	 1.3589e+01	 1.0142e+00	 1.3805e+01	 1.0026e+00
nan	 nan	 1.3601e+01	 1.0142e+00	 1.3816e+01	 1.0026e+00
nan	 nan	 1.3613e+01	 1.0142e+00	 1.3828e+01	 1.0026e+00
nan	 nan	 1.3624e+01	 1.0142e+00	 1.3840e+01	 1.0025e+00
nan	 nan	 1.3636e+01	 1.0142e+00	 1.3852e+01	 1.0025e+00
nan	 nan	 1.3648e+01	 1.0143e+00	 1.3864e+01	 1.0024e+00
nan	 nan	 1.3659e+01	 1.0143e+00	 1.3876e+01	 1.0024e+00
nan	 nan	 1.3671e+01	 1.0143e+00	 1.3888e+01	 1.0023e+00
nan	 nan	 1.3683e+01	 1.0143e+00	 1.3900e+01	 1.0023e+00
nan	 nan	 1.3694e+01	 1.0144e+00	 1.3912e+01	 1.0022e+00
nan	 nan	 1.3706e+01	 1.0144e+00	 1.3924e+01	 1.0022e+00
nan	 nan	 1.3718e+01	 1.0145e+00	 1.3936e+01	 1.0021e+00
nan	 nan	 1.3730e+01	 1.0146e+00	 1.3947e+01	 1.0021e+00
nan	 nan	 1.3742e+01	 1.0145e+00	 1.3960e+01	 1.0021e+00
nan	 nan	 1.3753e+01	 1.0146e+00	 1.3972e+01	 1.0020e+00
nan	 nan	 1.3765e+01	 1.0147e+00	 1.3983e+01	 1.0020e+00
nan	 nan	 1.3777e+01	 1.0147e+00	 1.3995e+01	 1.0020e+00
nan	 nan	 1.3789e+01	 1.0148e+00	 1.4008e+01	 1.0020e+00
nan	 nan	 1.3801e+01	 1.0148e+00	 1.4020e+01	 1.0019e+00
nan	 nan	 1.3812e+01	 1.0149e+00	 1.4032e+01	 1.0019e+00
nan	 nan	 1.3824e+01	 1.0148e+00	 1.4044e+01	 1.0019e+00
nan	 nan	 1.3836e+01	 1.0149e+00	 1.4056e+01	 1.0020e+00
nan	 nan	 1.3848e+01	 1.0149e+00	 1.4068e+01	 1.0019e+00
nan	 nan	 1.3860e+01	 1.0150e+00	 1.4080e+01	 1.0020e+00
nan	 nan	 1.3872e+01	 1.0150e+00	 1.4092e+01	 1.0020e+00
nan	 nan	 1.3884e+01	 1.0150e+00	 1.4104e+01	 1.0020e+00
nan	 nan	 1.3896e+01	 1.0151e+00	 1.4116e+01	 1.0021e+00
nan	 nan	 1.3908e+01	 1.0151e+00	 1.4128e+01	 1.0021e+00
nan	 nan	 1.3919e+01	 1.0152e+00	 1.4140e+01	 1.0021e+00
nan	 nan	 1.3931e+01	 1.0152e+00	 1.4152e+01	 1.0022e+00
nan	 nan	 1.3943e+01	 1.0152e+00	 1.4165e+01	 1.0022e+00
nan	 nan	 1.3955e+01	 1.0152e+00	 1.4177e+01	 1.0023e+00
nan	 nan	 1.3967e+01	 1.0152e+00	 1.4189e+01	 1.0023e+00
nan	 nan	 1.3979e+01	 1.0152e+00	 1.4201e+01	 1.0024e+00
nan	 nan	 1.3991e+01	 1.0152e+00	 1.4213e+01	 1.0024e+00
nan	 nan	 1.4003e+01	 1.0152e+00	 1.4225e+01	 1.0025e+00
nan	 nan	 1.4015e+01	 1.0152e+00	 1.4238e+01	 1.0025e+00
nan	 nan	 1.4027e+01	 1.0152e+00	 1.4250e+01	 1.0026e+00
nan	 nan	 1.4039e+01	 1.0152e+00	 1.4262e+01	 1.0026e+00
nan	 nan	 1.4051e+01	 1.0152e+00	 1.4274e+01	 1.0026e+00
nan	 nan	 1.4063e+01	 1.0152e+00	 1.4286e+01	 1.0027e+00
nan	 nan	 1.4075e+01	 1.0152e+00	 1.4299e+01	 1.0027e+00
nan	 nan	 1.4088e+01	 1.0153e+00	 1.4311e+01	 1.0027e+00
nan	 nan	 1.4100e+01	 1.0152e+00	 1.4323e+01	 1.0027e+00
nan	 nan	 1.4112e+01	 1.0153e+00	 1.4335e+01	 1.0028e+00
nan	 nan	 1.4124e+01	 1.0153e+00	 1.4348e+01	 1.0028e+00
nan	 nan	 1.4136e+01	 1.0153e+00	 1.4360e+01	 1.0028e+00
nan	 nan	 1.4148e+01	 1.0154e+00	 1.4372e+01	 1.0029e+00
nan	 nan	 1.4160e+01	 1.0154e+00	 1.4384e+01	 1.0029e+00
nan	 nan	 1.4172e+01	 1.0155e+00	 1.4397e+01	 1.0029e+00
nan	 nan	 1.4184e+01	 1.0155e+00	 1.4409e+01	 1.0029e+00
nan	 nan	 1.4196e+01	 1.0156e+00	 1.4421e+01	 1.0030e+00
nan	 nan	 1.4209e+01	 1.0156e+00	 1.4434e+01	 1.0030e+00
nan	 nan	 1.4221e+01	 1.0156e+00	 1.4446e+01	 1.0030e+00
nan	 nan	 1.4233e+01	 1.0157e+00	 1.4459e+01	 1.0030e+00
nan	 nan	 1.4245e+01	 1.0156e+00	 1.4471e+01	 1.0030e+00
nan	 nan	 1.4257e+01	 1.0157e+00	 1.4483e+01	 1.0031e+00
nan	 nan	 1.4270e+01	 1.0157e+00	 1.4496e+01	 1.0031e+00
nan	 nan	 1.4282e+01	 1.0157e+00	 1.4508e+01	 1.0031e+00
nan	 nan	 1.4294e+01	 1.0157e+00	 1.4521e+01	 1.0031e+00
nan	 nan	 1.4306e+01	 1.0157e+00	 1.4533e+01	 1.0032e+00
nan	 nan	 1.4318e+01	 1.0158e+00	 1.4545e+01	 1.0032e+00
nan	 nan	 1.4331e+01	 1.0158e+00	 1.4558e+01	 1.0032e+00
nan	 nan	 1.4343e+01	 1.0158e+00	 1.4570e+01	 1.0032e+00
nan	 nan	 1.4355e+01	 1.0158e+00	 1.4583e+01	 1.0032e+00
nan	 nan	 1.4367e+01	 1.0159e+00	 1.4595e+01	 1.0032e+00
nan	 nan	 1.4380e+01	 1.0159e+00	 1.4608e+01	 1.0032e+00
nan	 nan	 1.4392e+01	 1.0159e+00	 1.4620e+01	 1.0032e+00
nan	 nan	 1.4404e+01	 1.0160e+00	 1.4633e+01	 1.0032e+00
nan	 nan	 1.4417e+01	 1.0160e+00	 1.4645e+01	 1.0032e+00
nan	 nan	 1.4429e+01	 1.0161e+00	 1.4658e+01	 1.0032e+00
nan	 nan	 1.4441e+01	 1.0161e+00	 1.4670e+01	 1.0032e+00
nan	 nan	 1.4454e+01	 1.0163e+00	 1.4683e+01	 1.0032e+00
nan	 nan	 1.4466e+01	 1.0163e+00	 1.4695e+01	 1.0032e+00
nan	 nan	 1.4478e+01	 1.0164e+00	 1.4708e+01	 1.0032e+00
nan	 nan	 1.4491e+01	 1.0165e+00	 1.4720e+01	 1.0032e+00
nan	 nan	 1.4503e+01	 1.0165e+00	 1.4733e+01	 1.0032e+00
nan	 nan	 1.4515e+01	 1.0166e+00	 1.4745e+01	 1.0032e+00
nan	 nan	 1.4528e+01	 1.0166e+00	 1.4758e+01	 1.0032e+00
nan	 nan	 1.4540e+01	 1.0167e+00	 1.4771e+01	 1.0033e+00
nan	 nan	 1.4553e+01	 1.0167e+00	 1.4783e+01	 1.0032e+00
nan	 nan	 1.4565e+01	 1.0167e+00	 1.4796e+01	 1.0033e+00
nan	 nan	 1.4578e+01	 1.0167e+00	 1.4809e+01	 1.0033e+00
nan	 nan	 1.4590e+01	 1.0166e+00	 1.4821e+01	 1.0033e+00
nan	 nan	 1.4602e+01	 1.0166e+00	 1.4834e+01	 1.0033e+00
nan	 nan	 1.4615e+01	 1.0165e+00	 1.4847e+01	 1.0033e+00
nan	 nan	 1.4627e+01	 1.0165e+00	 1.4859e+01	 1.0033e+00
nan	 nan	 1.4640e+01	 1.0164e+00	 1.4872e+01	 1.0033e+00
nan	 nan	 1.4652e+01	 1.0163e+00	 1.4884e+01	 1.0033e+00
nan	 nan	 1.4665e+01	 1.0163e+00	 1.4897e+01	 1.0033e+00
nan	 nan	 1.4677e+01	 1.0162e+00	 1.4910e+01	 1.0033e+00
nan	 nan	 1.4690e+01	 1.0161e+00	 1.4923e+01	 1.0034e+00
nan	 nan	 1.4702e+01	 1.0160e+00	 1.4935e+01	 1.0033e+00
nan	 nan	 1.4715e+01	 1.0160e+00	 1.4948e+01	 1.0034e+00
nan	 nan	 1.4727e+01	 1.0159e+00	 1.4961e+01	 1.0034e+00
nan	 nan	 1.4740e+01	 1.0159e+00	 1.4974e+01	 1.0034e+00
nan	 nan	 1.4753e+01	 1.0159e+00	 1.4986e+01	 1.0034e+00
nan	 nan	 1.4765e+01	 1.0159e+00	 1.4999e+01	 1.0034e+00
nan	 nan	 1.4778e+01	 1.0159e+00	 1.5012e+01	 1.0035e+00
nan	 nan	 1.4790e+01	 1.0159e+00	 1.5025e+01	 1.0034e+00
nan	 nan	 1.4803e+01	 1.0160e+00	 1.5037e+01	 1.0035e+00
nan	 nan	 1.4816e+01	 1.0160e+00	 1.5050e+01	 1.0035e+00
nan	 nan	 1.4828e+01	 1.0160e+00	 1.5063e+01	 1.0035e+00
nan	 nan	 1.4841e+01	 1.0161e+00	 1.5076e+01	 1.0035e+00
nan	 nan	 1.4854e+01	 1.0161e+00	 1.5089e+01	 1.0036e+00
nan	 nan	 1.4866e+01	 1.0162e+00	 1.5102e+01	 1.0036e+00
nan	 nan	 1.4879e+01	 1.0161e+00	 1.5115e+01	 1.0036e+00
nan	 nan	 1.4892e+01	 1.0162e+00	 1.5127e+01	 1.0037e+00
nan	 nan	 1.4904e+01	 1.0162e+00	 1.5140e+01	 1.0036e+00
nan	 nan	 1.4917e+01	 1.0163e+00	 1.5153e+01	 1.0037e+00
nan	 nan	 1.4930e+01	 1.0164e+00	 1.5166e+01	 1.0037e+00
nan	 nan	 1.4942e+01	 1.0164e+00	 1.5179e+01	 1.0037e+00
nan	 nan	 1.4955e+01	 1.0165e+00	 1.5192e+01	 1.0038e+00
nan	 nan	 1.4968e+01	 1.0166e+00	 1.5205e+01	 1.0038e+00
nan	 nan	 1.4981e+01	 1.0167e+00	 1.5218e+01	 1.0038e+00
nan	 nan	 1.4993e+01	 1.0167e+00	 1.5231e+01	 1.0038e+00
nan	 nan	 1.5006e+01	 1.0169e+00	 1.5244e+01	 1.0039e+00
nan	 nan	 1.5019e+01	 1.0170e+00	 1.5257e+01	 1.0039e+00
nan	 nan	 1.5032e+01	 1.0171e+00	 1.5270e+01	 1.0039e+00
nan	 nan	 1.5044e+01	 1.0172e+00	 1.5283e+01	 1.0039e+00
nan	 nan	 1.5057e+01	 1.0173e+00	 1.5296e+01	 1.0039e+00
nan	 nan	 1.5070e+01	 1.0174e+00	 1.5309e+01	 1.0040e+00
nan	 nan	 1.5083e+01	 1.0175e+00	 1.5322e+01	 1.0039e+00
nan	 nan	 1.5096e+01	 1.0176e+00	 1.5335e+01	 1.0040e+00
nan	 nan	 1.5109e+01	 1.0177e+00	 1.5348e+01	 1.0039e+00
nan	 nan	 1.5121e+01	 1.0177e+00	 1.5361e+01	 1.0039e+00
nan	 nan	 1.5134e+01	 1.0178e+00	 1.5374e+01	 1.0039e+00
nan	 nan	 1.5147e+01	 1.0178e+00	 1.5387e+01	 1.0039e+00
nan	 nan	 1.5160e+01	 1.0180e+00	 1.5400e+01	 1.0039e+00
nan	 nan	 1.5173e+01	 1.0179e+00	 1.5413e+01	 1.0038e+00
nan	 nan	 1.5186e+01	 1.0180e+00	 1.5426e+01	 1.0038e+00
nan	 nan	 1.5199e+01	 1.0180e+00	 1.5440e+01	 1.0038e+00
nan	 nan	 1.5212e+01	 1.0180e+00	 1.5453e+01	 1.0038e+00
nan	 nan	 1.5225e+01	 1.0181e+00	 1.5466e+01	 1.0037e+00
nan	 nan	 1.5238e+01	 1.0181e+00	 1.5479e+01	 1.0037e+00
nan	 nan	 1.5251e+01	 1.0181e+00	 1.5492e+01	 1.0037e+00
nan	 nan	 1.5264e+01	 1.0181e+00	 1.5505e+01	 1.0036e+00
nan	 nan	 1.5277e+01	 1.0182e+00	 1.5518e+01	 1.0036e+00
nan	 nan	 1.5289e+01	 1.0181e+00	 1.5531e+01	 1.0036e+00
nan	 nan	 1.5302e+01	 1.0181e+00	 1.5545e+01	 1.0036e+00
nan	 nan	 1.5315e+01	 1.0182e+00	 1.5558e+01	 1.0036e+00
nan	 nan	 1.5329e+01	 1.0181e+00	 1.5571e+01	 1.0035e+00
nan	 nan	 1.5341e+01	 1.0182e+00	 1.5584e+01	 1.0035e+00
nan	 nan	 1.5354e+01	 1.0182e+00	 1.5598e+01	 1.0035e+00
nan	 nan	 1.5368e+01	 1.0183e+00	 1.5611e+01	 1.0035e+00
nan	 nan	 1.5381e+01	 1.0182e+00	 1.5624e+01	 1.0035e+00
nan	 nan	 1.5394e+01	 1.0183e+00	 1.5637e+01	 1.0035e+00
nan	 nan	 1.5407e+01	 1.0183e+00	 1.5651e+01	 1.0034e+00
nan	 nan	 1.5420e+01	 1.0183e+00	 1.5664e+01	 1.0034e+00
nan	 nan	 1.5433e+01	 1.0184e+00	 1.5677e+01	 1.0034e+00
nan	 nan	 1.5446e+01	 1.0184e+00	 1.5691e+01	 1.0034e+00
nan	 nan	 1.5459e+01	 1.0185e+00	 1.5704e+01	 1.0034e+00
nan	 nan	 1.5472e+01	 1.0185e+00	 1.5717e+01	 1.0034e+00
nan	 nan	 1.5485e+01	 1.0186e+00	 1.5730e+01	 1.0034e+00
nan	 nan	 1.5498e+01	 1.0186e+00	 1.5744e+01	 1.0034e+00
nan	 nan	 1.5512e+01	 1.0187e+00	 1.5757e+01	 1.0034e+00
nan	 nan	 1.5525e+01	 1.0188e+00	 1.5771e+01	 1.0034e+00
nan	 nan	 1.5538e+01	 1.0188e+00	 1.5784e+01	 1.0034e+00
nan	 nan	 1.5551e+01	 1.0189e+00	 1.5797e+01	 1.0034e+00
nan	 nan	 1.5564e+01	 1.0189e+00	 1.5811e+01	 1.0034e+00
nan	 nan	 1.5578e+01	 1.0190e+00	 1.5824e+01	 1.0034e+00
nan	 nan	 1.5591e+01	 1.0191e+00	 1.5838e+01	 1.0034e+00
nan	 nan	 1.5604e+01	 1.0192e+00	 1.5851e+01	 1.0034e+00
nan	 nan	 1.5617e+01	 1.0193e+00	 1.5864e+01	 1.0035e+00
nan	 nan	 1.5630e+01	 1.0193e+00	 1.5878e+01	 1.0034e+00
nan	 nan	 1.5644e+01	 1.0194e+00	 1.5891e+01	 1.0035e+00
nan	 nan	 1.5657e+01	 1.0195e+00	 1.5905e+01	 1.0035e+00
nan	 nan	 1.5670e+01	 1.0196e+00	 1.5918e+01	 1.0035e+00
nan	 nan	 1.5684e+01	 1.0196e+00	 1.5932e+01	 1.0035e+00
nan	 nan	 1.5697e+01	 1.0196e+00	 1.5945e+01	 1.0035e+00
nan	 nan	 1.5710e+01	 1.0197e+00	 1.5959e+01	 1.0036e+00
nan	 nan	 1.5723e+01	 1.0196e+00	 1.5972e+01	 1.0036e+00
nan	 nan	 1.5737e+01	 1.0197e+00	 1.5986e+01	 1.0036e+00
nan	 nan	 1.5750e+01	 1.0196e+00	 1.5999e+01	 1.0036e+00
nan	 nan	 1.5764e+01	 1.0196e+00	 1.6013e+01	 1.0036e+00
nan	 nan	 1.5777e+01	 1.0196e+00	 1.6026e+01	 1.0037e+00
nan	 nan	 1.5790e+01	 1.0195e+00	 1.6040e+01	 1.0037e+00
nan	 nan	 1.5804e+01	 1.0195e+00	 1.6053e+01	 1.0037e+00
nan	 nan	 1.5817e+01	 1.0194e+00	 1.6067e+01	 1.0037e+00
nan	 nan	 1.5830e+01	 1.0194e+00	 1.6081e+01	 1.0037e+00
nan	 nan	 1.5844e+01	 1.0193e+00	 1.6094e+01	 1.0037e+00
nan	 nan	 1.5857e+01	 1.0193e+00	 1.6108e+01	 1.0038e+00
nan	 nan	 1.5871e+01	 1.0192e+00	 1.6122e+01	 1.0037e+00
nan	 nan	 1.5884e+01	 1.0192e+00	 1.6135e+01	 1.0038e+00
nan	 nan	 1.5898e+01	 1.0191e+00	 1.6149e+01	 1.0037e+00
nan	 nan	 1.5911e+01	 1.0191e+00	 1.6163e+01	 1.0037e+00
nan	 nan	 1.5924e+01	 1.0191e+00	 1.6176e+01	 1.0037e+00
nan	 nan	 1.5938e+01	 1.0190e+00	 1.6190e+01	 1.0037e+00
nan	 nan	 1.5951e+01	 1.0191e+00	 1.6203e+01	 1.0037e+00
nan	 nan	 1.5965e+01	 1.0191e+00	 1.6217e+01	 1.0036e+00
nan	 nan	 1.5978e+01	 1.0191e+00	 1.6231e+01	 1.0036e+00
nan	 nan	 1.5992e+01	 1.0192e+00	 1.6245e+01	 1.0035e+00
nan	 nan	 1.6005e+01	 1.0192e+00	 1.6258e+01	 1.0035e+00
nan	 nan	 1.6019e+01	 1.0193e+00	 1.6272e+01	 1.0035e+00
nan	 nan	 1.6032e+01	 1.0193e+00	 1.6286e+01	 1.0034e+00
nan	 nan	 1.6046e+01	 1.0194e+00	 1.6300e+01	 1.0034e+00
nan	 nan	 1.6060e+01	 1.0194e+00	 1.6313e+01	 1.0033e+00
nan	 nan	 1.6073e+01	 1.0195e+00	 1.6327e+01	 1.0033e+00
nan	 nan	 1.6087e+01	 1.0195e+00	 1.6341e+01	 1.0033e+00
nan	 nan	 1.6100e+01	 1.0196e+00	 1.6355e+01	 1.0032e+00
nan	 nan	 1.6114e+01	 1.0197e+00	 1.6369e+01	 1.0032e+00
nan	 nan	 1.6128e+01	 1.0197e+00	 1.6382e+01	 1.0032e+00
nan	 nan	 1.6141e+01	 1.0198e+00	 1.6396e+01	 1.0032e+00
nan	 nan	 1.6155e+01	 1.0198e+00	 1.6410e+01	 1.0032e+00
nan	 nan	 1.6169e+01	 1.0199e+00	 1.6424e+01	 1.0032e+00
nan	 nan	 1.6182e+01	 1.0200e+00	 1.6438e+01	 1.0032e+00
nan	 nan	 1.6196e+01	 1.0200e+00	 1.6452e+01	 1.0032e+00
nan	 nan	 1.6209e+01	 1.0201e+00	 1.6466e+01	 1.0032e+00
nan	 nan	 1.6223e+01	 1.0201e+00	 1.6480e+01	 1.0032e+00
nan	 nan	 1.6237e+01	 1.0202e+00	 1.6493e+01	 1.0033e+00
nan	 nan	 1.6251e+01	 1.0202e+00	 1.6507e+01	 1.0033e+00
nan	 nan	 1.6264e+01	 1.0203e+00	 1.6521e+01	 1.0034e+00
nan	 nan	 1.6278e+01	 1.0204e+00	 1.6535e+01	 1.0034e+00
nan	 nan	 1.6292e+01	 1.0204e+00	 1.6549e+01	 1.0035e+00
nan	 nan	 1.6305e+01	 1.0205e+00	 1.6563e+01	 1.0035e+00
nan	 nan	 1.6319e+01	 1.0205e+00	 1.6577e+01	 1.0036e+00
nan	 nan	 1.6333e+01	 1.0206e+00	 1.6591e+01	 1.0037e+00
nan	 nan	 1.6347e+01	 1.0206e+00	 1.6605e+01	 1.0037e+00
nan	 nan	 1.6361e+01	 1.0206e+00	 1.6619e+01	 1.0038e+00
nan	 nan	 1.6374e+01	 1.0206e+00	 1.6633e+01	 1.0038e+00
nan	 nan	 1.6388e+01	 1.0206e+00	 1.6647e+01	 1.0039e+00
nan	 nan	 1.6402e+01	 1.0206e+00	 1.6661e+01	 1.0039e+00
nan	 nan	 1.6416e+01	 1.0205e+00	 1.6675e+01	 1.0039e+00
nan	 nan	 1.6430e+01	 1.0206e+00	 1.6689e+01	 1.0040e+00
nan	 nan	 1.6444e+01	 1.0205e+00	 1.6703e+01	 1.0040e+00
nan	 nan	 1.6457e+01	 1.0205e+00	 1.6717e+01	 1.0041e+00
nan	 nan	 1.6471e+01	 1.0204e+00	 1.6731e+01	 1.0041e+00
nan	 nan	 1.6485e+01	 1.0203e+00	 1.6745e+01	 1.0041e+00
nan	 nan	 1.6499e+01	 1.0203e+00	 1.6760e+01	 1.0041e+00
nan	 nan	 1.6513e+01	 1.0202e+00	 1.6774e+01	 1.0041e+00
nan	 nan	 1.6527e+01	 1.0203e+00	 1.6788e+01	 1.0041e+00
nan	 nan	 1.6541e+01	 1.0202e+00	 1.6802e+01	 1.0041e+00
nan	 nan	 1.6555e+01	 1.0202e+00	 1.6816e+01	 1.0041e+00
nan	 nan	 1.6569e+01	 1.0202e+00	 1.6830e+01	 1.0041e+00
nan	 nan	 1.6583e+01	 1.0202e+00	 1.6845e+01	 1.0041e+00
nan	 nan	 1.6597e+01	 1.0203e+00	 1.6859e+01	 1.0040e+00
nan	 nan	 1.6611e+01	 1.0202e+00	 1.6873e+01	 1.0040e+00
nan	 nan	 1.6625e+01	 1.0203e+00	 1.6887e+01	 1.0040e+00
nan	 nan	 1.6639e+01	 1.0203e+00	 1.6901e+01	 1.0039e+00
nan	 nan	 1.6653e+01	 1.0205e+00	 1.6916e+01	 1.0039e+00
nan	 nan	 1.6667e+01	 1.0205e+00	 1.6930e+01	 1.0039e+00
nan	 nan	 1.6681e+01	 1.0206e+00	 1.6944e+01	 1.0039e+00
nan	 nan	 1.6695e+01	 1.0207e+00	 1.6958e+01	 1.0039e+00
nan	 nan	 1.6709e+01	 1.0207e+00	 1.6973e+01	 1.0038e+00
nan	 nan	 1.6723e+01	 1.0208e+00	 1.6987e+01	 1.0039e+00
nan	 nan	 1.6737e+01	 1.0208e+00	 1.7001e+01	 1.0038e+00
nan	 nan	 1.6751e+01	 1.0210e+00	 1.7015e+01	 1.0038e+00
nan	 nan	 1.6765e+01	 1.0210e+00	 1.7030e+01	 1.0038e+00
nan	 nan	 1.6779e+01	 1.0210e+00	 1.7044e+01	 1.0038e+00
nan	 nan	 1.6793e+01	 1.0211e+00	 1.7058e+01	 1.0038e+00
nan	 nan	 1.6808e+01	 1.0211e+00	 1.7073e+01	 1.0038e+00
nan	 nan	 1.6822e+01	 1.0212e+00	 1.7087e+01	 1.0038e+00
nan	 nan	 1.6836e+01	 1.0212e+00	 1.7101e+01	 1.0038e+00
nan	 nan	 1.6850e+01	 1.0213e+00	 1.7116e+01	 1.0038e+00
nan	 nan	 1.6864e+01	 1.0212e+00	 1.7130e+01	 1.0038e+00
nan	 nan	 1.6878e+01	 1.0213e+00	 1.7145e+01	 1.0038e+00
nan	 nan	 1.6892e+01	 1.0213e+00	 1.7159e+01	 1.0038e+00
nan	 nan	 1.6907e+01	 1.0212e+00	 1.7173e+01	 1.0038e+00
nan	 nan	 1.6921e+01	 1.0213e+00	 1.7188e+01	 1.0038e+00
nan	 nan	 1.6935e+01	 1.0212e+00	 1.7202e+01	 1.0038e+00
nan	 nan	 1.6949e+01	 1.0213e+00	 1.7217e+01	 1.0039e+00
nan	 nan	 1.6964e+01	 1.0212e+00	 1.7231e+01	 1.0039e+00
nan	 nan	 1.6978e+01	 1.0212e+00	 1.7245e+01	 1.0039e+00
nan	 nan	 1.6992e+01	 1.0212e+00	 1.7260e+01	 1.0040e+00
nan	 nan	 1.7006e+01	 1.0212e+00	 1.7274e+01	 1.0040e+00
nan	 nan	 1.7021e+01	 1.0212e+00	 1.7289e+01	 1.0041e+00
nan	 nan	 1.7035e+01	 1.0212e+00	 1.7303e+01	 1.0041e+00
nan	 nan	 1.7049e+01	 1.0212e+00	 1.7318e+01	 1.0041e+00
nan	 nan	 1.7064e+01	 1.0212e+00	 1.7332e+01	 1.0041e+00
nan	 nan	 1.7078e+01	 1.0213e+00	 1.7347e+01	 1.0042e+00
nan	 nan	 1.7092e+01	 1.0213e+00	 1.7362e+01	 1.0042e+00
nan	 nan	 1.7107e+01	 1.0214e+00	 1.7376e+01	 1.0042e+00
nan	 nan	 1.7121e+01	 1.0215e+00	 1.7391e+01	 1.0043e+00
nan	 nan	 1.7135e+01	 1.0215e+00	 1.7405e+01	 1.0043e+00
nan	 nan	 1.7150e+01	 1.0217e+00	 1.7420e+01	 1.0043e+00
nan	 nan	 1.7164e+01	 1.0217e+00	 1.7434e+01	 1.0043e+00
nan	 nan	 1.7178e+01	 1.0219e+00	 1.7449e+01	 1.0044e+00
nan	 nan	 1.7193e+01	 1.0220e+00	 1.7464e+01	 1.0044e+00
nan	 nan	 1.7207e+01	 1.0221e+00	 1.7478e+01	 1.0044e+00
nan	 nan	 1.7222e+01	 1.0223e+00	 1.7493e+01	 1.0044e+00
nan	 nan	 1.7236e+01	 1.0223e+00	 1.7508e+01	 1.0044e+00
nan	 nan	 1.7251e+01	 1.0225e+00	 1.7522e+01	 1.0045e+00
nan	 nan	 1.7265e+01	 1.0226e+00	 1.7537e+01	 1.0045e+00
nan	 nan	 1.7280e+01	 1.0227e+00	 1.7552e+01	 1.0045e+00
nan	 nan	 1.7294e+01	 1.0228e+00	 1.7567e+01	 1.0045e+00
nan	 nan	 1.7309e+01	 1.0229e+00	 1.7581e+01	 1.0045e+00
nan	 nan	 1.7323e+01	 1.0230e+00	 1.7596e+01	 1.0046e+00
nan	 nan	 1.7338e+01	 1.0230e+00	 1.7611e+01	 1.0046e+00
nan	 nan	 1.7352e+01	 1.0232e+00	 1.7625e+01	 1.0046e+00
nan	 nan	 1.7367e+01	 1.0232e+00	 1.7640e+01	 1.0046e+00
nan	 nan	 1.7381e+01	 1.0233e+00	 1.7655e+01	 1.0047e+00
nan	 nan	 1.7396e+01	 1.0233e+00	 1.7670e+01	 1.0047e+00
nan	 nan	 1.7410e+01	 1.0233e+00	 1.7684e+01	 1.0047e+00
nan	 nan	 1.7425e+01	 1.0234e+00	 1.7699e+01	 1.0047e+00
nan	 nan	 1.7440e+01	 1.0234e+00	 1.7714e+01	 1.0047e+00
nan	 nan	 1.7454e+01	 1.0234e+00	 1.7729e+01	 1.0047e+00
nan	 nan	 1.7469e+01	 1.0234e+00	 1.7744e+01	 1.0047e+00
nan	 nan	 1.7483e+01	 1.0234e+00	 1.7759e+01	 1.0047e+00
nan	 nan	 1.7498e+01	 1.0233e+00	 1.7773e+01	 1.0047e+00
nan	 nan	 1.7513e+01	 1.0233e+00	 1.7788e+01	 1.0047e+00
nan	 nan	 1.7527e+01	 1.0233e+00	 1.7803e+01	 1.0047e+00
nan	 nan	 1.7542e+01	 1.0231e+00	 1.7818e+01	 1.0046e+00
nan	 nan	 1.7557e+01	 1.0231e+00	 1.7833e+01	 1.0047e+00
nan	 nan	 1.7571e+01	 1.0230e+00	 1.7848e+01	 1.0046e+00
nan	 nan	 1.7586e+01	 1.0230e+00	 1.7863e+01	 1.0046e+00
nan	 nan	 1.7601e+01	 1.0229e+00	 1.7878e+01	 1.0046e+00
nan	 nan	 1.7616e+01	 1.0228e+00	 1.7893e+01	 1.0046e+00
nan	 nan	 1.7630e+01	 1.0228e+00	 1.7908e+01	 1.0046e+00
nan	 nan	 1.7645e+01	 1.0227e+00	 1.7923e+01	 1.0045e+00
nan	 nan	 1.7660e+01	 1.0227e+00	 1.7938e+01	 1.0046e+00
nan	 nan	 1.7674e+01	 1.0226e+00	 1.7953e+01	 1.0045e+00
nan	 nan	 1.7689e+01	 1.0227e+00	 1.7968e+01	 1.0045e+00
nan	 nan	 1.7704e+01	 1.0227e+00	 1.7983e+01	 1.0045e+00
nan	 nan	 1.7719e+01	 1.0227e+00	 1.7998e+01	 1.0045e+00
nan	 nan	 1.7734e+01	 1.0227e+00	 1.8013e+01	 1.0045e+00
nan	 nan	 1.7749e+01	 1.0227e+00	 1.8028e+01	 1.0044e+00
nan	 nan	 1.7763e+01	 1.0228e+00	 1.8043e+01	 1.0045e+00
nan	 nan	 1.7778e+01	 1.0228e+00	 1.8058e+01	 1.0044e+00
nan	 nan	 1.7793e+01	 1.0229e+00	 1.8073e+01	 1.0044e+00
nan	 nan	 1.7808e+01	 1.0229e+00	 1.8088e+01	 1.0044e+00
nan	 nan	 1.7823e+01	 1.0230e+00	 1.8103e+01	 1.0044e+00
nan	 nan	 1.7838e+01	 1.0230e+00	 1.8118e+01	 1.0044e+00
nan	 nan	 1.7853e+01	 1.0231e+00	 1.8133e+01	 1.0044e+00
nan	 nan	 1.7867e+01	 1.0232e+00	 1.8148e+01	 1.0044e+00
nan	 nan	 1.7883e+01	 1.0232e+00	 1.8164e+01	 1.0044e+00
nan	 nan	 1.7897e+01	 1.0233e+00	 1.8179e+01	 1.0044e+00
nan	 nan	 1.7912e+01	 1.0233e+00	 1.8194e+01	 1.0044e+00
nan	 nan	 1.7927e+01	 1.0234e+00	 1.8209e+01	 1.0044e+00
nan	 nan	 1.7942e+01	 1.0235e+00	 1.8224e+01	 1.0044e+00
nan	 nan	 1.7957e+01	 1.0235e+00	 1.8239e+01	 1.0044e+00
nan	 nan	 1.7972e+01	 1.0236e+00	 1.8255e+01	 1.0045e+00
nan	 nan	 1.7987e+01	 1.0236e+00	 1.8270e+01	 1.0044e+00
nan	 nan	 1.8002e+01	 1.0237e+00	 1.8285e+01	 1.0045e+00
nan	 nan	 1.8017e+01	 1.0237e+00	 1.8300e+01	 1.0045e+00
nan	 nan	 1.8032e+01	 1.0238e+00	 1.8316e+01	 1.0045e+00
nan	 nan	 1.8047e+01	 1.0238e+00	 1.8331e+01	 1.0046e+00
nan	 nan	 1.8062e+01	 1.0238e+00	 1.8346e+01	 1.0046e+00
nan	 nan	 1.8077e+01	 1.0239e+00	 1.8361e+01	 1.0046e+00
nan	 nan	 1.8092e+01	 1.0238e+00	 1.8377e+01	 1.0046e+00
nan	 nan	 1.8108e+01	 1.0239e+00	 1.8392e+01	 1.0047e+00
nan	 nan	 1.8123e+01	 1.0239e+00	 1.8407e+01	 1.0047e+00
nan	 nan	 1.8138e+01	 1.0240e+00	 1.8423e+01	 1.0047e+00
nan	 nan	 1.8153e+01	 1.0240e+00	 1.8438e+01	 1.0047e+00
nan	 nan	 1.8168e+01	 1.0240e+00	 1.8453e+01	 1.0048e+00
nan	 nan	 1.8183e+01	 1.0242e+00	 1.8469e+01	 1.0048e+00
nan	 nan	 1.8198e+01	 1.0242e+00	 1.8484e+01	 1.0048e+00
nan	 nan	 1.8213e+01	 1.0243e+00	 1.8500e+01	 1.0048e+00
nan	 nan	 1.8229e+01	 1.0243e+00	 1.8515e+01	 1.0048e+00
nan	 nan	 1.8244e+01	 1.0245e+00	 1.8530e+01	 1.0048e+00
nan	 nan	 1.8259e+01	 1.0245e+00	 1.8546e+01	 1.0048e+00
nan	 nan	 1.8274e+01	 1.0246e+00	 1.8561e+01	 1.0049e+00
nan	 nan	 1.8289e+01	 1.0247e+00	 1.8576e+01	 1.0049e+00
nan	 nan	 1.8305e+01	 1.0248e+00	 1.8592e+01	 1.0049e+00
nan	 nan	 1.8320e+01	 1.0250e+00	 1.8607e+01	 1.0049e+00
nan	 nan	 1.8335e+01	 1.0250e+00	 1.8623e+01	 1.0049e+00
nan	 nan	 1.8350e+01	 1.0251e+00	 1.8638e+01	 1.0049e+00
nan	 nan	 1.8366e+01	 1.0252e+00	 1.8654e+01	 1.0049e+00
nan	 nan	 1.8381e+01	 1.0253e+00	 1.8669e+01	 1.0049e+00
nan	 nan	 1.8396e+01	 1.0255e+00	 1.8685e+01	 1.0049e+00
nan	 nan	 1.8412e+01	 1.0255e+00	 1.8700e+01	 1.0048e+00
nan	 nan	 1.8427e+01	 1.0257e+00	 1.8716e+01	 1.0049e+00
nan	 nan	 1.8442e+01	 1.0257e+00	 1.8732e+01	 1.0048e+00
nan	 nan	 1.8458e+01	 1.0259e+00	 1.8747e+01	 1.0048e+00
nan	 nan	 1.8473e+01	 1.0259e+00	 1.8763e+01	 1.0048e+00
nan	 nan	 1.8488e+01	 1.0260e+00	 1.8778e+01	 1.0048e+00
nan	 nan	 1.8504e+01	 1.0260e+00	 1.8794e+01	 1.0048e+00
nan	 nan	 1.8519e+01	 1.0260e+00	 1.8809e+01	 1.0047e+00
nan	 nan	 1.8534e+01	 1.0261e+00	 1.8825e+01	 1.0048e+00
nan	 nan	 1.8550e+01	 1.0260e+00	 1.8841e+01	 1.0047e+00
nan	 nan	 1.8565e+01	 1.0261e+00	 1.8856e+01	 1.0048e+00
nan	 nan	 1.8581e+01	 1.0260e+00	 1.8872e+01	 1.0048e+00
nan	 nan	 1.8596e+01	 1.0259e+00	 1.8888e+01	 1.0048e+00
nan	 nan	 1.8612e+01	 1.0259e+00	 1.8903e+01	 1.0048e+00
nan	 nan	 1.8627e+01	 1.0258e+00	 1.8919e+01	 1.0048e+00
nan	 nan	 1.8642e+01	 1.0257e+00	 1.8935e+01	 1.0048e+00
nan	 nan	 1.8658e+01	 1.0256e+00	 1.8951e+01	 1.0048e+00
nan	 nan	 1.8674e+01	 1.0255e+00	 1.8966e+01	 1.0048e+00
nan	 nan	 1.8689e+01	 1.0254e+00	 1.8982e+01	 1.0048e+00
nan	 nan	 1.8704e+01	 1.0253e+00	 1.8998e+01	 1.0048e+00
nan	 nan	 1.8720e+01	 1.0253e+00	 1.9013e+01	 1.0049e+00
nan	 nan	 1.8735e+01	 1.0252e+00	 1.9029e+01	 1.0048e+00
nan	 nan	 1.8751e+01	 1.0252e+00	 1.9045e+01	 1.0049e+00
nan	 nan	 1.8767e+01	 1.0251e+00	 1.9061e+01	 1.0049e+00
nan	 nan	 1.8782e+01	 1.0251e+00	 1.9077e+01	 1.0049e+00
nan	 nan	 1.8798e+01	 1.0251e+00	 1.9092e+01	 1.0049e+00
nan	 nan	 1.8813e+01	 1.0251e+00	 1.9108e+01	 1.0049e+00
nan	 nan	 1.8829e+01	 1.0251e+00	 1.9124e+01	 1.0049e+00
nan	 nan	 1.8845e+01	 1.0250e+00	 1.9140e+01	 1.0049e+00
nan	 nan	 1.8860e+01	 1.0251e+00	 1.9156e+01	 1.0050e+00
nan	 nan	 1.8876e+01	 1.0251e+00	 1.9172e+01	 1.0050e+00
nan	 nan	 1.8892e+01	 1.0252e+00	 1.9188e+01	 1.0050e+00
nan	 nan	 1.8907e+01	 1.0252e+00	 1.9203e+01	 1.0050e+00
nan	 nan	 1.8923e+01	 1.0252e+00	 1.9219e+01	 1.0051e+00
nan	 nan	 1.8939e+01	 1.0253e+00	 1.9235e+01	 1.0051e+00
nan	 nan	 1.8954e+01	 1.0253e+00	 1.9251e+01	 1.0051e+00
nan	 nan	 1.8970e+01	 1.0254e+00	 1.9267e+01	 1.0052e+00
nan	 nan	 1.8986e+01	 1.0254e+00	 1.9283e+01	 1.0052e+00
nan	 nan	 1.9002e+01	 1.0256e+00	 1.9299e+01	 1.0052e+00
nan	 nan	 1.9017e+01	 1.0256e+00	 1.9315e+01	 1.0052e+00
nan	 nan	 1.9033e+01	 1.0257e+00	 1.9331e+01	 1.0053e+00
nan	 nan	 1.9049e+01	 1.0258e+00	 1.9347e+01	 1.0053e+00
nan	 nan	 1.9064e+01	 1.0258e+00	 1.9363e+01	 1.0053e+00
nan	 nan	 1.9080e+01	 1.0260e+00	 1.9379e+01	 1.0053e+00
nan	 nan	 1.9096e+01	 1.0260e+00	 1.9395e+01	 1.0053e+00
nan	 nan	 1.9112e+01	 1.0262e+00	 1.9411e+01	 1.0054e+00
nan	 nan	 1.9128e+01	 1.0262e+00	 1.9427e+01	 1.0054e+00
nan	 nan	 1.9144e+01	 1.0263e+00	 1.9443e+01	 1.0054e+00
nan	 nan	 1.9159e+01	 1.0264e+00	 1.9459e+01	 1.0054e+00
nan	 nan	 1.9175e+01	 1.0265e+00	 1.9475e+01	 1.0054e+00
nan	 nan	 1.9191e+01	 1.0267e+00	 1.9491e+01	 1.0055e+00
nan	 nan	 1.9207e+01	 1.0267e+00	 1.9508e+01	 1.0054e+00
nan	 nan	 1.9223e+01	 1.0269e+00	 1.9524e+01	 1.0055e+00
nan	 nan	 1.9239e+01	 1.0270e+00	 1.9540e+01	 1.0054e+00
nan	 nan	 1.9255e+01	 1.0271e+00	 1.9556e+01	 1.0055e+00
nan	 nan	 1.9271e+01	 1.0272e+00	 1.9572e+01	 1.0054e+00
nan	 nan	 1.9287e+01	 1.0273e+00	 1.9588e+01	 1.0054e+00
nan	 nan	 1.9302e+01	 1.0275e+00	 1.9604e+01	 1.0054e+00
nan	 nan	 1.9319e+01	 1.0276e+00	 1.9621e+01	 1.0054e+00
nan	 nan	 1.9334e+01	 1.0278e+00	 1.9637e+01	 1.0054e+00
nan	 nan	 1.9350e+01	 1.0279e+00	 1.9653e+01	 1.0053e+00
nan	 nan	 1.9366e+01	 1.0280e+00	 1.9669e+01	 1.0053e+00
nan	 nan	 1.9382e+01	 1.0281e+00	 1.9686e+01	 1.0053e+00
nan	 nan	 1.9398e+01	 1.0282e+00	 1.9702e+01	 1.0052e+00
nan	 nan	 1.9415e+01	 1.0283e+00	 1.9718e+01	 1.0052e+00
nan	 nan	 1.9430e+01	 1.0283e+00	 1.9734e+01	 1.0051e+00
nan	 nan	 1.9447e+01	 1.0285e+00	 1.9750e+01	 1.0052e+00
nan	 nan	 1.9463e+01	 1.0285e+00	 1.9767e+01	 1.0051e+00
nan	 nan	 1.9479e+01	 1.0286e+00	 1.9783e+01	 1.0051e+00
nan	 nan	 1.9495e+01	 1.0287e+00	 1.9799e+01	 1.0050e+00
nan	 nan	 1.9511e+01	 1.0287e+00	 1.9816e+01	 1.0050e+00
nan	 nan	 1.9527e+01	 1.0288e+00	 1.9832e+01	 1.0050e+00
nan	 nan	 1.9543e+01	 1.0288e+00	 1.9849e+01	 1.0050e+00
nan	 nan	 1.9559e+01	 1.0289e+00	 1.9865e+01	 1.0050e+00
nan	 nan	 1.9575e+01	 1.0288e+00	 1.9881e+01	 1.0050e+00
nan	 nan	 1.9592e+01	 1.0288e+00	 1.9898e+01	 1.0050e+00
nan	 nan	 1.9608e+01	 1.0287e+00	 1.9914e+01	 1.0050e+00
nan	 nan	 1.9624e+01	 1.0287e+00	 1.9930e+01	 1.0050e+00
nan	 nan	 1.9640e+01	 1.0286e+00	 1.9947e+01	 1.0050e+00
nan	 nan	 1.9656e+01	 1.0285e+00	 1.9963e+01	 1.0049e+00
nan	 nan	 1.9672e+01	 1.0284e+00	 1.9980e+01	 1.0050e+00
nan	 nan	 1.9689e+01	 1.0282e+00	 1.9996e+01	 1.0049e+00
nan	 nan	 1.9705e+01	 1.0282e+00	 2.0013e+01	 1.0049e+00
nan	 nan	 1.9721e+01	 1.0280e+00	 2.0029e+01	 1.0049e+00
nan	 nan	 1.9738e+01	 1.0279e+00	 2.0046e+01	 1.0049e+00
nan	 nan	 1.9754e+01	 1.0279e+00	 2.0062e+01	 1.0050e+00
nan	 nan	 1.9770e+01	 1.0277e+00	 2.0079e+01	 1.0050e+00
nan	 nan	 1.9786e+01	 1.0277e+00	 2.0095e+01	 1.0050e+00
nan	 nan	 1.9803e+01	 1.0276e+00	 2.0112e+01	 1.0050e+00
nan	 nan	 1.9819e+01	 1.0276e+00	 2.0128e+01	 1.0051e+00
nan	 nan	 1.9835e+01	 1.0275e+00	 2.0145e+01	 1.0051e+00
nan	 nan	 1.9852e+01	 1.0275e+00	 2.0161e+01	 1.0051e+00
nan	 nan	 1.9868e+01	 1.0275e+00	 2.0178e+01	 1.0052e+00
nan	 nan	 1.9884e+01	 1.0275e+00	 2.0195e+01	 1.0052e+00
nan	 nan	 1.9901e+01	 1.0276e+00	 2.0211e+01	 1.0053e+00
nan	 nan	 1.9917e+01	 1.0275e+00	 2.0228e+01	 1.0053e+00
nan	 nan	 1.9933e+01	 1.0277e+00	 2.0244e+01	 1.0053e+00
nan	 nan	 1.9950e+01	 1.0277e+00	 2.0261e+01	 1.0054e+00
nan	 nan	 1.9966e+01	 1.0278e+00	 2.0278e+01	 1.0054e+00
nan	 nan	 1.9983e+01	 1.0279e+00	 2.0294e+01	 1.0055e+00
nan	 nan	 1.9999e+01	 1.0280e+00	 2.0311e+01	 1.0055e+00
nan	 nan	 2.0016e+01	 1.0282e+00	 2.0328e+01	 1.0056e+00
nan	 nan	 2.0032e+01	 1.0283e+00	 2.0344e+01	 1.0056e+00
nan	 nan	 2.0049e+01	 1.0286e+00	 2.0361e+01	 1.0057e+00
nan	 nan	 2.0065e+01	 1.0287e+00	 2.0378e+01	 1.0057e+00
nan	 nan	 2.0082e+01	 1.0289e+00	 2.0395e+01	 1.0057e+00
nan	 nan	 2.0098e+01	 1.0291e+00	 2.0411e+01	 1.0058e+00
nan	 nan	 2.0115e+01	 1.0292e+00	 2.0428e+01	 1.0058e+00
nan	 nan	 2.0131e+01	 1.0295e+00	 2.0445e+01	 1.0058e+00
nan	 nan	 2.0148e+01	 1.0296e+00	 2.0462e+01	 1.0058e+00
nan	 nan	 2.0164e+01	 1.0298e+00	 2.0479e+01	 1.0059e+00
nan	 nan	 2.0181e+01	 1.0299e+00	 2.0495e+01	 1.0059e+00
nan	 nan	 2.0197e+01	 1.0301e+00	 2.0512e+01	 1.0059e+00
nan	 nan	 2.0214e+01	 1.0302e+00	 2.0529e+01	 1.0060e+00
nan	 nan	 2.0231e+01	 1.0303e+00	 2.0546e+01	 1.0060e+00
nan	 nan	 2.0247e+01	 1.0305e+00	 2.0563e+01	 1.0060e+00
nan	 nan	 2.0264e+01	 1.0305e+00	 2.0579e+01	 1.0060e+00
nan	 nan	 2.0280e+01	 1.0307e+00	 2.0596e+01	 1.0060e+00
nan	 nan	 2.0297e+01	 1.0308e+00	 2.0613e+01	 1.0060e+00
nan	 nan	 2.0314e+01	 1.0309e+00	 2.0630e+01	 1.0060e+00
nan	 nan	 2.0331e+01	 1.0310e+00	 2.0647e+01	 1.0060e+00
nan	 nan	 2.0347e+01	 1.0311e+00	 2.0664e+01	 1.0060e+00
nan	 nan	 2.0364e+01	 1.0312e+00	 2.0681e+01	 1.0061e+00
nan	 nan	 2.0381e+01	 1.0312e+00	 2.0698e+01	 1.0060e+00
nan	 nan	 2.0397e+01	 1.0314e+00	 2.0715e+01	 1.0061e+00
nan	 nan	 2.0414e+01	 1.0314e+00	 2.0732e+01	 1.0060e+00
nan	 nan	 2.0431e+01	 1.0315e+00	 2.0749e+01	 1.0060e+00
nan	 nan	 2.0448e+01	 1.0315e+00	 2.0766e+01	 1.0060e+00
nan	 nan	 2.0464e+01	 1.0315e+00	 2.0783e+01	 1.0060e+00
nan	 nan	 2.0481e+01	 1.0316e+00	 2.0800e+01	 1.0060e+00
nan	 nan	 2.0498e+01	 1.0315e+00	 2.0817e+01	 1.0059e+00
nan	 nan	 2.0515e+01	 1.0316e+00	 2.0834e+01	 1.0060e+00
nan	 nan	 2.0532e+01	 1.0316e+00	 2.0851e+01	 1.0059e+00
nan	 nan	 2.0548e+01	 1.0316e+00	 2.0868e+01	 1.0059e+00
nan	 nan	 2.0565e+01	 1.0316e+00	 2.0885e+01	 1.0059e+00
nan	 nan	 2.0582e+01	 1.0315e+00	 2.0902e+01	 1.0059e+00
nan	 nan	 2.0599e+01	 1.0316e+00	 2.0919e+01	 1.0059e+00
nan	 nan	 2.0616e+01	 1.0315e+00	 2.0936e+01	 1.0058e+00
nan	 nan	 2.0633e+01	 1.0315e+00	 2.0954e+01	 1.0059e+00
nan	 nan	 2.0649e+01	 1.0314e+00	 2.0971e+01	 1.0059e+00
nan	 nan	 2.0666e+01	 1.0314e+00	 2.0988e+01	 1.0059e+00
nan	 nan	 2.0683e+01	 1.0314e+00	 2.1005e+01	 1.0059e+00
nan	 nan	 2.0700e+01	 1.0314e+00	 2.1022e+01	 1.0060e+00
nan	 nan	 2.0717e+01	 1.0314e+00	 2.1039e+01	 1.0060e+00
nan	 nan	 2.0734e+01	 1.0313e+00	 2.1057e+01	 1.0060e+00
nan	 nan	 2.0751e+01	 1.0314e+00	 2.1074e+01	 1.0061e+00
nan	 nan	 2.0768e+01	 1.0313e+00	 2.1091e+01	 1.0061e+00
nan	 nan	 2.0785e+01	 1.0313e+00	 2.1108e+01	 1.0062e+00
nan	 nan	 2.0802e+01	 1.0313e+00	 2.1125e+01	 1.0062e+00
nan	 nan	 2.0819e+01	 1.0313e+00	 2.1143e+01	 1.0062e+00
nan	 nan	 2.0836e+01	 1.0313e+00	 2.1160e+01	 1.0063e+00
nan	 nan	 2.0853e+01	 1.0313e+00	 2.1177e+01	 1.0063e+00
nan	 nan	 2.0870e+01	 1.0313e+00	 2.1195e+01	 1.0064e+00
nan	 nan	 2.0887e+01	 1.0313e+00	 2.1212e+01	 1.0064e+00
nan	 nan	 2.0904e+01	 1.0313e+00	 2.1229e+01	 1.0064e+00
nan	 nan	 2.0922e+01	 1.0313e+00	 2.1247e+01	 1.0064e+00
nan	 nan	 2.0939e+01	 1.0313e+00	 2.1264e+01	 1.0065e+00
nan	 nan	 2.0956e+01	 1.0312e+00	 2.1281e+01	 1.0065e+00
nan	 nan	 2.0973e+01	 1.0312e+00	 2.1299e+01	 1.0065e+00
nan	 nan	 2.0990e+01	 1.0312e+00	 2.1316e+01	 1.0066e+00
nan	 nan	 2.1007e+01	 1.0311e+00	 2.1333e+01	 1.0065e+00
nan	 nan	 2.1024e+01	 1.0311e+00	 2.1351e+01	 1.0066e+00
nan	 nan	 2.1041e+01	 1.0310e+00	 2.1368e+01	 1.0066e+00
nan	 nan	 2.1059e+01	 1.0310e+00	 2.1386e+01	 1.0066e+00
nan	 nan	 2.1076e+01	 1.0309e+00	 2.1403e+01	 1.0066e+00
nan	 nan	 2.1093e+01	 1.0308e+00	 2.1420e+01	 1.0066e+00
nan	 nan	 2.1110e+01	 1.0309e+00	 2.1438e+01	 1.0067e+00
nan	 nan	 2.1127e+01	 1.0308e+00	 2.1455e+01	 1.0066e+00
nan	 nan	 2.1145e+01	 1.0308e+00	 2.1473e+01	 1.0067e+00
nan	 nan	 2.1162e+01	 1.0307e+00	 2.1490e+01	 1.0066e+00
nan	 nan	 2.1179e+01	 1.0307e+00	 2.1508e+01	 1.0067e+00
nan	 nan	 2.1197e+01	 1.0307e+00	 2.1525e+01	 1.0066e+00
nan	 nan	 2.1214e+01	 1.0307e+00	 2.1543e+01	 1.0066e+00
nan	 nan	 2.1231e+01	 1.0307e+00	 2.1560e+01	 1.0066e+00
nan	 nan	 2.1248e+01	 1.0307e+00	 2.1578e+01	 1.0066e+00
nan	 nan	 2.1266e+01	 1.0307e+00	 2.1596e+01	 1.0066e+00
nan	 nan	 2.1283e+01	 1.0307e+00	 2.1613e+01	 1.0065e+00
nan	 nan	 2.1300e+01	 1.0307e+00	 2.1631e+01	 1.0066e+00
nan	 nan	 2.1318e+01	 1.0308e+00	 2.1648e+01	 1.0065e+00
nan	 nan	 2.1335e+01	 1.0308e+00	 2.1666e+01	 1.0065e+00
nan	 nan	 2.1352e+01	 1.0309e+00	 2.1684e+01	 1.0065e+00
nan	 nan	 2.1370e+01	 1.0308e+00	 2.1701e+01	 1.0064e+00
nan	 nan	 2.1387e+01	 1.0309e+00	 2.1719e+01	 1.0065e+00
nan	 nan	 2.1405e+01	 1.0309e+00	 2.1736e+01	 1.0064e+00
nan	 nan	 2.1422e+01	 1.0310e+00	 2.1754e+01	 1.0064e+00
nan	 nan	 2.1440e+01	 1.0311e+00	 2.1772e+01	 1.0064e+00
nan	 nan	 2.1457e+01	 1.0311e+00	 2.1790e+01	 1.0064e+00
nan	 nan	 2.1474e+01	 1.0313e+00	 2.1807e+01	 1.0064e+00
nan	 nan	 2.1492e+01	 1.0313e+00	 2.1825e+01	 1.0064e+00
nan	 nan	 2.1509e+01	 1.0315e+00	 2.1843e+01	 1.0064e+00
nan	 nan	 2.1527e+01	 1.0315e+00	 2.1860e+01	 1.0064e+00
nan	 nan	 2.1544e+01	 1.0317e+00	 2.1878e+01	 1.0064e+00
nan	 nan	 2.1562e+01	 1.0318e+00	 2.1896e+01	 1.0064e+00
nan	 nan	 2.1579e+01	 1.0319e+00	 2.1914e+01	 1.0064e+00
nan	 nan	 2.1597e+01	 1.0321e+00	 2.1932e+01	 1.0065e+00
nan	 nan	 2.1615e+01	 1.0321e+00	 2.1949e+01	 1.0065e+00
nan	 nan	 2.1632e+01	 1.0323e+00	 2.1967e+01	 1.0065e+00
nan	 nan	 2.1650e+01	 1.0323e+00	 2.1985e+01	 1.0065e+00
nan	 nan	 2.1667e+01	 1.0325e+00	 2.2003e+01	 1.0065e+00
nan	 nan	 2.1685e+01	 1.0326e+00	 2.2021e+01	 1.0065e+00
nan	 nan	 2.1703e+01	 1.0327e+00	 2.2039e+01	 1.0066e+00
nan	 nan	 2.1720e+01	 1.0329e+00	 2.2056e+01	 1.0066e+00
nan	 nan	 2.1738e+01	 1.0330e+00	 2.2074e+01	 1.0066e+00
nan	 nan	 2.1756e+01	 1.0332e+00	 2.2092e+01	 1.0066e+00
nan	 nan	 2.1773e+01	 1.0333e+00	 2.2110e+01	 1.0066e+00
nan	 nan	 2.1791e+01	 1.0335e+00	 2.2128e+01	 1.0067e+00
nan	 nan	 2.1809e+01	 1.0336e+00	 2.2146e+01	 1.0067e+00
nan	 nan	 2.1826e+01	 1.0338e+00	 2.2164e+01	 1.0067e+00
nan	 nan	 2.1844e+01	 1.0340e+00	 2.2182e+01	 1.0067e+00
nan	 nan	 2.1862e+01	 1.0341e+00	 2.2200e+01	 1.0067e+00
nan	 nan	 2.1880e+01	 1.0344e+00	 2.2218e+01	 1.0068e+00
nan	 nan	 2.1897e+01	 1.0345e+00	 2.2236e+01	 1.0067e+00
nan	 nan	 2.1915e+01	 1.0347e+00	 2.2254e+01	 1.0068e+00
nan	 nan	 2.1933e+01	 1.0349e+00	 2.2272e+01	 1.0068e+00
nan	 nan	 2.1951e+01	 1.0351e+00	 2.2290e+01	 1.0068e+00
nan	 nan	 2.1968e+01	 1.0354e+00	 2.2308e+01	 1.0068e+00
nan	 nan	 2.1986e+01	 1.0355e+00	 2.2326e+01	 1.0068e+00
nan	 nan	 2.2004e+01	 1.0358e+00	 2.2344e+01	 1.0069e+00
nan	 nan	 2.2022e+01	 1.0360e+00	 2.2362e+01	 1.0068e+00
nan	 nan	 2.2040e+01	 1.0362e+00	 2.2381e+01	 1.0069e+00
nan	 nan	 2.2058e+01	 1.0364e+00	 2.2399e+01	 1.0069e+00
nan	 nan	 2.2076e+01	 1.0365e+00	 2.2417e+01	 1.0069e+00
nan	 nan	 2.2093e+01	 1.0367e+00	 2.2435e+01	 1.0069e+00
nan	 nan	 2.2111e+01	 1.0367e+00	 2.2453e+01	 1.0069e+00
nan	 nan	 2.2129e+01	 1.0368e+00	 2.2471e+01	 1.0069e+00
nan	 nan	 2.2147e+01	 1.0367e+00	 2.2489e+01	 1.0069e+00
nan	 nan	 2.2165e+01	 1.0368e+00	 2.2508e+01	 1.0070e+00
nan	 nan	 2.2183e+01	 1.0366e+00	 2.2526e+01	 1.0069e+00
nan	 nan	 2.2201e+01	 1.0366e+00	 2.2544e+01	 1.0070e+00
nan	 nan	 2.2219e+01	 1.0365e+00	 2.2562e+01	 1.0070e+00
nan	 nan	 2.2237e+01	 1.0363e+00	 2.2580e+01	 1.0070e+00
nan	 nan	 2.2255e+01	 1.0362e+00	 2.2599e+01	 1.0070e+00
nan	 nan	 2.2273e+01	 1.0360e+00	 2.2617e+01	 1.0069e+00
nan	 nan	 2.2291e+01	 1.0359e+00	 2.2635e+01	 1.0070e+00
nan	 nan	 2.2309e+01	 1.0357e+00	 2.2653e+01	 1.0069e+00
nan	 nan	 2.2327e+01	 1.0356e+00	 2.2672e+01	 1.0069e+00
nan	 nan	 2.2345e+01	 1.0355e+00	 2.2690e+01	 1.0069e+00
nan	 nan	 2.2363e+01	 1.0353e+00	 2.2708e+01	 1.0069e+00
nan	 nan	 2.2381e+01	 1.0352e+00	 2.2727e+01	 1.0069e+00
nan	 nan	 2.2399e+01	 1.0351e+00	 2.2745e+01	 1.0068e+00
nan	 nan	 2.2417e+01	 1.0351e+00	 2.2763e+01	 1.0069e+00
nan	 nan	 2.2436e+01	 1.0350e+00	 2.2782e+01	 1.0068e+00
nan	 nan	 2.2454e+01	 1.0350e+00	 2.2800e+01	 1.0068e+00
nan	 nan	 2.2472e+01	 1.0350e+00	 2.2819e+01	 1.0068e+00
nan	 nan	 2.2490e+01	 1.0350e+00	 2.2837e+01	 1.0067e+00
nan	 nan	 2.2508e+01	 1.0351e+00	 2.2855e+01	 1.0067e+00
nan	 nan	 2.2526e+01	 1.0351e+00	 2.2874e+01	 1.0066e+00
nan	 nan	 2.2544e+01	 1.0353e+00	 2.2892e+01	 1.0067e+00
nan	 nan	 2.2563e+01	 1.0353e+00	 2.2911e+01	 1.0066e+00
nan	 nan	 2.2581e+01	 1.0354e+00	 2.2929e+01	 1.0066e+00
nan	 nan	 2.2599e+01	 1.0355e+00	 2.2948e+01	 1.0066e+00
nan	 nan	 2.2617e+01	 1.0356e+00	 2.2966e+01	 1.0065e+00
nan	 nan	 2.2636e+01	 1.0357e+00	 2.2985e+01	 1.0065e+00
nan	 nan	 2.2654e+01	 1.0357e+00	 2.3003e+01	 1.0065e+00
nan	 nan	 2.2672e+01	 1.0359e+00	 2.3022e+01	 1.0065e+00
nan	 nan	 2.2691e+01	 1.0359e+00	 2.3040e+01	 1.0065e+00
nan	 nan	 2.2709e+01	 1.0360e+00	 2.3059e+01	 1.0065e+00
nan	 nan	 2.2727e+01	 1.0360e+00	 2.3077e+01	 1.0065e+00
nan	 nan	 2.2745e+01	 1.0361e+00	 2.3096e+01	 1.0065e+00
nan	 nan	 2.2764e+01	 1.0362e+00	 2.3114e+01	 1.0065e+00
nan	 nan	 2.2782e+01	 1.0362e+00	 2.3133e+01	 1.0065e+00
nan	 nan	 2.2800e+01	 1.0364e+00	 2.3152e+01	 1.0066e+00
nan	 nan	 2.2819e+01	 1.0364e+00	 2.3170e+01	 1.0066e+00
nan	 nan	 2.2837e+01	 1.0365e+00	 2.3189e+01	 1.0066e+00
nan	 nan	 2.2856e+01	 1.0365e+00	 2.3208e+01	 1.0066e+00
nan	 nan	 2.2874e+01	 1.0365e+00	 2.3226e+01	 1.0067e+00
nan	 nan	 2.2892e+01	 1.0366e+00	 2.3245e+01	 1.0067e+00
nan	 nan	 2.2911e+01	 1.0366e+00	 2.3264e+01	 1.0067e+00
nan	 nan	 2.2929e+01	 1.0366e+00	 2.3282e+01	 1.0067e+00
nan	 nan	 2.2948e+01	 1.0365e+00	 2.3301e+01	 1.0067e+00
nan	 nan	 2.2966e+01	 1.0366e+00	 2.3320e+01	 1.0068e+00
nan	 nan	 2.2985e+01	 1.0365e+00	 2.3339e+01	 1.0068e+00
nan	 nan	 2.3003e+01	 1.0365e+00	 2.3357e+01	 1.0068e+00
nan	 nan	 2.3022e+01	 1.0364e+00	 2.3376e+01	 1.0069e+00
nan	 nan	 2.3040e+01	 1.0363e+00	 2.3395e+01	 1.0069e+00
nan	 nan	 2.3059e+01	 1.0363e+00	 2.3414e+01	 1.0069e+00
nan	 nan	 2.3077e+01	 1.0362e+00	 2.3432e+01	 1.0069e+00
nan	 nan	 2.3096e+01	 1.0362e+00	 2.3451e+01	 1.0070e+00
nan	 nan	 2.3115e+01	 1.0361e+00	 2.3470e+01	 1.0070e+00
nan	 nan	 2.3133e+01	 1.0360e+00	 2.3489e+01	 1.0071e+00
nan	 nan	 2.3152e+01	 1.0359e+00	 2.3508e+01	 1.0071e+00
nan	 nan	 2.3170e+01	 1.0358e+00	 2.3527e+01	 1.0071e+00
nan	 nan	 2.3189e+01	 1.0358e+00	 2.3546e+01	 1.0072e+00
nan	 nan	 2.3208e+01	 1.0356e+00	 2.3564e+01	 1.0072e+00
nan	 nan	 2.3226e+01	 1.0355e+00	 2.3583e+01	 1.0072e+00
nan	 nan	 2.3245e+01	 1.0353e+00	 2.3602e+01	 1.0072e+00
nan	 nan	 2.3264e+01	 1.0352e+00	 2.3621e+01	 1.0073e+00
nan	 nan	 2.3282e+01	 1.0350e+00	 2.3640e+01	 1.0073e+00
nan	 nan	 2.3301e+01	 1.0348e+00	 2.3659e+01	 1.0073e+00
nan	 nan	 2.3320e+01	 1.0347e+00	 2.3678e+01	 1.0073e+00
nan	 nan	 2.3338e+01	 1.0345e+00	 2.3697e+01	 1.0073e+00
nan	 nan	 2.3357e+01	 1.0344e+00	 2.3716e+01	 1.0073e+00
nan	 nan	 2.3376e+01	 1.0341e+00	 2.3735e+01	 1.0073e+00
nan	 nan	 2.3395e+01	 1.0340e+00	 2.3754e+01	 1.0073e+00
nan	 nan	 2.3413e+01	 1.0339e+00	 2.3773e+01	 1.0072e+00
nan	 nan	 2.3432e+01	 1.0338e+00	 2.3792e+01	 1.0072e+00
nan	 nan	 2.3451e+01	 1.0338e+00	 2.3811e+01	 1.0072e+00
nan	 nan	 2.3470e+01	 1.0337e+00	 2.3830e+01	 1.0071e+00
nan	 nan	 2.3489e+01	 1.0338e+00	 2.3849e+01	 1.0072e+00
nan	 nan	 2.3507e+01	 1.0338e+00	 2.3868e+01	 1.0071e+00
nan	 nan	 2.3526e+01	 1.0339e+00	 2.3887e+01	 1.0071e+00
nan	 nan	 2.3545e+01	 1.0341e+00	 2.3906e+01	 1.0071e+00
nan	 nan	 2.3564e+01	 1.0342e+00	 2.3925e+01	 1.0070e+00
nan	 nan	 2.3583e+01	 1.0345e+00	 2.3945e+01	 1.0070e+00
nan	 nan	 2.3602e+01	 1.0347e+00	 2.3964e+01	 1.0070e+00
nan	 nan	 2.3621e+01	 1.0351e+00	 2.3983e+01	 1.0070e+00
nan	 nan	 2.3640e+01	 1.0353e+00	 2.4002e+01	 1.0070e+00
nan	 nan	 2.3659e+01	 1.0357e+00	 2.4021e+01	 1.0071e+00
nan	 nan	 2.3677e+01	 1.0360e+00	 2.4041e+01	 1.0071e+00
nan	 nan	 2.3696e+01	 1.0363e+00	 2.4060e+01	 1.0071e+00
nan	 nan	 2.3715e+01	 1.0366e+00	 2.4079e+01	 1.0072e+00
nan	 nan	 2.3734e+01	 1.0368e+00	 2.4098e+01	 1.0072e+00
nan	 nan	 2.3753e+01	 1.0372e+00	 2.4117e+01	 1.0073e+00
nan	 nan	 2.3772e+01	 1.0373e+00	 2.4137e+01	 1.0073e+00
nan	 nan	 2.3791e+01	 1.0376e+00	 2.4156e+01	 1.0074e+00
nan	 nan	 2.3810e+01	 1.0378e+00	 2.4175e+01	 1.0074e+00
nan	 nan	 2.3829e+01	 1.0380e+00	 2.4195e+01	 1.0075e+00
nan	 nan	 2.3849e+01	 1.0383e+00	 2.4214e+01	 1.0075e+00
nan	 nan	 2.3868e+01	 1.0384e+00	 2.4233e+01	 1.0075e+00
nan	 nan	 2.3887e+01	 1.0387e+00	 2.4253e+01	 1.0076e+00
nan	 nan	 2.3906e+01	 1.0388e+00	 2.4272e+01	 1.0076e+00
nan	 nan	 2.3925e+01	 1.0390e+00	 2.4291e+01	 1.0077e+00
nan	 nan	 2.3944e+01	 1.0391e+00	 2.4311e+01	 1.0077e+00
nan	 nan	 2.3963e+01	 1.0393e+00	 2.4330e+01	 1.0077e+00
nan	 nan	 2.3982e+01	 1.0395e+00	 2.4349e+01	 1.0077e+00
nan	 nan	 2.4001e+01	 1.0395e+00	 2.4369e+01	 1.0077e+00
nan	 nan	 2.4020e+01	 1.0398e+00	 2.4388e+01	 1.0077e+00
nan	 nan	 2.4040e+01	 1.0399e+00	 2.4408e+01	 1.0076e+00
nan	 nan	 2.4059e+01	 1.0400e+00	 2.4427e+01	 1.0076e+00
nan	 nan	 2.4078e+01	 1.0401e+00	 2.4447e+01	 1.0075e+00
nan	 nan	 2.4097e+01	 1.0402e+00	 2.4466e+01	 1.0075e+00
nan	 nan	 2.4116e+01	 1.0404e+00	 2.4485e+01	 1.0075e+00
nan	 nan	 2.4136e+01	 1.0404e+00	 2.4505e+01	 1.0074e+00
nan	 nan	 2.4155e+01	 1.0406e+00	 2.4524e+01	 1.0074e+00
nan	 nan	 2.4174e+01	 1.0406e+00	 2.4544e+01	 1.0073e+00
nan	 nan	 2.4194e+01	 1.0407e+00	 2.4564e+01	 1.0073e+00
nan	 nan	 2.4213e+01	 1.0408e+00	 2.4583e+01	 1.0072e+00
nan	 nan	 2.4232e+01	 1.0408e+00	 2.4603e+01	 1.0072e+00
nan	 nan	 2.4252e+01	 1.0409e+00	 2.4622e+01	 1.0072e+00
nan	 nan	 2.4271e+01	 1.0409e+00	 2.4642e+01	 1.0072e+00
nan	 nan	 2.4290e+01	 1.0410e+00	 2.4661e+01	 1.0073e+00
nan	 nan	 2.4309e+01	 1.0410e+00	 2.4681e+01	 1.0072e+00
nan	 nan	 2.4329e+01	 1.0411e+00	 2.4701e+01	 1.0073e+00
nan	 nan	 2.4348e+01	 1.0411e+00	 2.4720e+01	 1.0073e+00
nan	 nan	 2.4368e+01	 1.0411e+00	 2.4740e+01	 1.0074e+00
nan	 nan	 2.4387e+01	 1.0412e+00	 2.4759e+01	 1.0075e+00
nan	 nan	 2.4406e+01	 1.0410e+00	 2.4779e+01	 1.0075e+00
nan	 nan	 2.4426e+01	 1.0411e+00	 2.4799e+01	 1.0076e+00
nan	 nan	 2.4445e+01	 1.0409e+00	 2.4819e+01	 1.0076e+00
nan	 nan	 2.4465e+01	 1.0409e+00	 2.4838e+01	 1.0077e+00
nan	 nan	 2.4484e+01	 1.0407e+00	 2.4858e+01	 1.0078e+00
nan	 nan	 2.4504e+01	 1.0405e+00	 2.4878e+01	 1.0079e+00
nan	 nan	 2.4523e+01	 1.0404e+00	 2.4898e+01	 1.0080e+00
nan	 nan	 2.4543e+01	 1.0402e+00	 2.4917e+01	 1.0080e+00
nan	 nan	 2.4562e+01	 1.0401e+00	 2.4937e+01	 1.0081e+00
nan	 nan	 2.4582e+01	 1.0398e+00	 2.4957e+01	 1.0082e+00
nan	 nan	 2.4601e+01	 1.0398e+00	 2.4977e+01	 1.0083e+00
nan	 nan	 2.4621e+01	 1.0396e+00	 2.4996e+01	 1.0083e+00
nan	 nan	 2.4640e+01	 1.0396e+00	 2.5016e+01	 1.0084e+00
nan	 nan	 2.4660e+01	 1.0397e+00	 2.5036e+01	 1.0084e+00
nan	 nan	 2.4680e+01	 1.0397e+00	 2.5056e+01	 1.0085e+00
nan	 nan	 2.4699e+01	 1.0399e+00	 2.5076e+01	 1.0086e+00
nan	 nan	 2.4719e+01	 1.0400e+00	 2.5096e+01	 1.0086e+00
nan	 nan	 2.4738e+01	 1.0403e+00	 2.5116e+01	 1.0086e+00
nan	 nan	 2.4758e+01	 1.0405e+00	 2.5135e+01	 1.0086e+00
nan	 nan	 2.4778e+01	 1.0408e+00	 2.5155e+01	 1.0087e+00
nan	 nan	 2.4797e+01	 1.0410e+00	 2.5175e+01	 1.0087e+00
nan	 nan	 2.4817e+01	 1.0412e+00	 2.5195e+01	 1.0087e+00
nan	 nan	 2.4837e+01	 1.0416e+00	 2.5215e+01	 1.0087e+00
nan	 nan	 2.4856e+01	 1.0418e+00	 2.5235e+01	 1.0087e+00
nan	 nan	 2.4876e+01	 1.0421e+00	 2.5255e+01	 1.0087e+00
nan	 nan	 2.4896e+01	 1.0423e+00	 2.5275e+01	 1.0087e+00
nan	 nan	 2.4916e+01	 1.0425e+00	 2.5295e+01	 1.0087e+00
nan	 nan	 2.4935e+01	 1.0428e+00	 2.5315e+01	 1.0087e+00
nan	 nan	 2.4955e+01	 1.0430e+00	 2.5335e+01	 1.0086e+00
nan	 nan	 2.4975e+01	 1.0432e+00	 2.5355e+01	 1.0087e+00
nan	 nan	 2.4995e+01	 1.0433e+00	 2.5375e+01	 1.0086e+00
nan	 nan	 2.5015e+01	 1.0436e+00	 2.5395e+01	 1.0086e+00
nan	 nan	 2.5034e+01	 1.0437e+00	 2.5415e+01	 1.0086e+00
nan	 nan	 2.5054e+01	 1.0438e+00	 2.5435e+01	 1.0086e+00
nan	 nan	 2.5074e+01	 1.0439e+00	 2.5456e+01	 1.0086e+00
nan	 nan	 2.5094e+01	 1.0440e+00	 2.5476e+01	 1.0086e+00
nan	 nan	 2.5114e+01	 1.0442e+00	 2.5496e+01	 1.0086e+00
nan	 nan	 2.5134e+01	 1.0442e+00	 2.5516e+01	 1.0086e+00
nan	 nan	 2.5154e+01	 1.0444e+00	 2.5536e+01	 1.0087e+00
nan	 nan	 2.5173e+01	 1.0444e+00	 2.5556e+01	 1.0086e+00
nan	 nan	 2.5193e+01	 1.0445e+00	 2.5576e+01	 1.0087e+00
nan	 nan	 2.5213e+01	 1.0446e+00	 2.5597e+01	 1.0087e+00
nan	 nan	 2.5233e+01	 1.0446e+00	 2.5617e+01	 1.0087e+00
nan	 nan	 2.5253e+01	 1.0447e+00	 2.5637e+01	 1.0087e+00
nan	 nan	 2.5273e+01	 1.0447e+00	 2.5657e+01	 1.0087e+00
nan	 nan	 2.5293e+01	 1.0449e+00	 2.5677e+01	 1.0088e+00
nan	 nan	 2.5313e+01	 1.0448e+00	 2.5698e+01	 1.0088e+00
nan	 nan	 2.5333e+01	 1.0449e+00	 2.5718e+01	 1.0089e+00
nan	 nan	 2.5353e+01	 1.0450e+00	 2.5738e+01	 1.0089e+00
nan	 nan	 2.5373e+01	 1.0450e+00	 2.5759e+01	 1.0089e+00
nan	 nan	 2.5393e+01	 1.0451e+00	 2.5779e+01	 1.0090e+00
nan	 nan	 2.5413e+01	 1.0450e+00	 2.5799e+01	 1.0090e+00
nan	 nan	 2.5433e+01	 1.0451e+00	 2.5819e+01	 1.0091e+00
nan	 nan	 2.5453e+01	 1.0451e+00	 2.5840e+01	 1.0091e+00
nan	 nan	 2.5474e+01	 1.0452e+00	 2.5860e+01	 1.0091e+00
nan	 nan	 2.5494e+01	 1.0451e+00	 2.5881e+01	 1.0091e+00
nan	 nan	 2.5514e+01	 1.0451e+00	 2.5901e+01	 1.0091e+00
nan	 nan	 2.5534e+01	 1.0452e+00	 2.5921e+01	 1.0092e+00
nan	 nan	 2.5554e+01	 1.0451e+00	 2.5942e+01	 1.0091e+00
nan	 nan	 2.5574e+01	 1.0452e+00	 2.5962e+01	 1.0092e+00
nan	 nan	 2.5594e+01	 1.0451e+00	 2.5983e+01	 1.0091e+00
nan	 nan	 2.5614e+01	 1.0452e+00	 2.6003e+01	 1.0092e+00
nan	 nan	 2.5635e+01	 1.0451e+00	 2.6023e+01	 1.0091e+00
nan	 nan	 2.5655e+01	 1.0451e+00	 2.6044e+01	 1.0091e+00
nan	 nan	 2.5675e+01	 1.0450e+00	 2.6064e+01	 1.0091e+00
nan	 nan	 2.5695e+01	 1.0449e+00	 2.6085e+01	 1.0091e+00
nan	 nan	 2.5716e+01	 1.0449e+00	 2.6105e+01	 1.0091e+00
nan	 nan	 2.5736e+01	 1.0447e+00	 2.6126e+01	 1.0091e+00
nan	 nan	 2.5756e+01	 1.0447e+00	 2.6146e+01	 1.0091e+00
nan	 nan	 2.5776e+01	 1.0446e+00	 2.6167e+01	 1.0091e+00
nan	 nan	 2.5797e+01	 1.0445e+00	 2.6188e+01	 1.0091e+00
nan	 nan	 2.5817e+01	 1.0444e+00	 2.6208e+01	 1.0091e+00
nan	 nan	 2.5837e+01	 1.0443e+00	 2.6229e+01	 1.0091e+00
nan	 nan	 2.5858e+01	 1.0443e+00	 2.6249e+01	 1.0092e+00
nan	 nan	 2.5878e+01	 1.0442e+00	 2.6270e+01	 1.0091e+00
nan	 nan	 2.5898e+01	 1.0442e+00	 2.6291e+01	 1.0092e+00
nan	 nan	 2.5919e+01	 1.0441e+00	 2.6311e+01	 1.0092e+00
nan	 nan	 2.5939e+01	 1.0441e+00	 2.6332e+01	 1.0092e+00
nan	 nan	 2.5960e+01	 1.0440e+00	 2.6352e+01	 1.0092e+00
nan	 nan	 2.5980e+01	 1.0440e+00	 2.6373e+01	 1.0092e+00
nan	 nan	 2.6000e+01	 1.0440e+00	 2.6394e+01	 1.0093e+00
nan	 nan	 2.6021e+01	 1.0439e+00	 2.6414e+01	 1.0092e+00
nan	 nan	 2.6041e+01	 1.0440e+00	 2.6435e+01	 1.0093e+00
nan	 nan	 2.6062e+01	 1.0440e+00	 2.6456e+01	 1.0093e+00
nan	 nan	 2.6082e+01	 1.0440e+00	 2.6477e+01	 1.0093e+00
nan	 nan	 2.6103e+01	 1.0440e+00	 2.6497e+01	 1.0093e+00
nan	 nan	 2.6123e+01	 1.0440e+00	 2.6518e+01	 1.0093e+00
nan	 nan	 2.6144e+01	 1.0441e+00	 2.6539e+01	 1.0093e+00
nan	 nan	 2.6164e+01	 1.0441e+00	 2.6560e+01	 1.0093e+00
nan	 nan	 2.6185e+01	 1.0442e+00	 2.6580e+01	 1.0093e+00
nan	 nan	 2.6205e+01	 1.0442e+00	 2.6601e+01	 1.0092e+00
nan	 nan	 2.6226e+01	 1.0443e+00	 2.6622e+01	 1.0093e+00
nan	 nan	 2.6247e+01	 1.0444e+00	 2.6643e+01	 1.0092e+00
nan	 nan	 2.6267e+01	 1.0444e+00	 2.6664e+01	 1.0092e+00
nan	 nan	 2.6288e+01	 1.0446e+00	 2.6685e+01	 1.0092e+00
nan	 nan	 2.6308e+01	 1.0446e+00	 2.6706e+01	 1.0092e+00
nan	 nan	 2.6329e+01	 1.0448e+00	 2.6726e+01	 1.0092e+00
nan	 nan	 2.6350e+01	 1.0448e+00	 2.6747e+01	 1.0091e+00
nan	 nan	 2.6370e+01	 1.0450e+00	 2.6768e+01	 1.0092e+00
nan	 nan	 2.6391e+01	 1.0451e+00	 2.6789e+01	 1.0091e+00
nan	 nan	 2.6412e+01	 1.0452e+00	 2.6810e+01	 1.0091e+00
nan	 nan	 2.6432e+01	 1.0454e+00	 2.6831e+01	 1.0092e+00
nan	 nan	 2.6453e+01	 1.0454e+00	 2.6852e+01	 1.0091e+00
nan	 nan	 2.6474e+01	 1.0456e+00	 2.6873e+01	 1.0092e+00
nan	 nan	 2.6494e+01	 1.0456e+00	 2.6894e+01	 1.0091e+00
nan	 nan	 2.6515e+01	 1.0458e+00	 2.6915e+01	 1.0092e+00
nan	 nan	 2.6536e+01	 1.0458e+00	 2.6936e+01	 1.0092e+00
nan	 nan	 2.6557e+01	 1.0459e+00	 2.6957e+01	 1.0092e+00
nan	 nan	 2.6578e+01	 1.0461e+00	 2.6978e+01	 1.0092e+00
nan	 nan	 2.6598e+01	 1.0461e+00	 2.6999e+01	 1.0092e+00
nan	 nan	 2.6619e+01	 1.0463e+00	 2.7020e+01	 1.0093e+00
nan	 nan	 2.6640e+01	 1.0463e+00	 2.7041e+01	 1.0092e+00
nan	 nan	 2.6661e+01	 1.0465e+00	 2.7062e+01	 1.0093e+00
nan	 nan	 2.6682e+01	 1.0465e+00	 2.7083e+01	 1.0093e+00
nan	 nan	 2.6702e+01	 1.0466e+00	 2.7105e+01	 1.0093e+00
nan	 nan	 2.6723e+01	 1.0468e+00	 2.7126e+01	 1.0093e+00
nan	 nan	 2.6744e+01	 1.0468e+00	 2.7147e+01	 1.0093e+00
nan	 nan	 2.6765e+01	 1.0470e+00	 2.7168e+01	 1.0093e+00
nan	 nan	 2.6786e+01	 1.0470e+00	 2.7189e+01	 1.0093e+00
nan	 nan	 2.6807e+01	 1.0471e+00	 2.7210e+01	 1.0093e+00
nan	 nan	 2.6828e+01	 1.0472e+00	 2.7232e+01	 1.0092e+00
nan	 nan	 2.6849e+01	 1.0473e+00	 2.7253e+01	 1.0092e+00
nan	 nan	 2.6870e+01	 1.0475e+00	 2.7274e+01	 1.0092e+00
nan	 nan	 2.6891e+01	 1.0475e+00	 2.7295e+01	 1.0092e+00
nan	 nan	 2.6912e+01	 1.0477e+00	 2.7316e+01	 1.0092e+00
nan	 nan	 2.6933e+01	 1.0478e+00	 2.7338e+01	 1.0091e+00
nan	 nan	 2.6954e+01	 1.0480e+00	 2.7359e+01	 1.0092e+00
nan	 nan	 2.6975e+01	 1.0482e+00	 2.7380e+01	 1.0091e+00
nan	 nan	 2.6996e+01	 1.0483e+00	 2.7401e+01	 1.0091e+00
nan	 nan	 2.7017e+01	 1.0485e+00	 2.7423e+01	 1.0091e+00
nan	 nan	 2.7038e+01	 1.0486e+00	 2.7444e+01	 1.0091e+00
nan	 nan	 2.7059e+01	 1.0489e+00	 2.7465e+01	 1.0092e+00
nan	 nan	 2.7080e+01	 1.0489e+00	 2.7487e+01	 1.0092e+00
nan	 nan	 2.7101e+01	 1.0491e+00	 2.7508e+01	 1.0093e+00
nan	 nan	 2.7122e+01	 1.0492e+00	 2.7529e+01	 1.0093e+00
nan	 nan	 2.7143e+01	 1.0494e+00	 2.7551e+01	 1.0094e+00
nan	 nan	 2.7165e+01	 1.0495e+00	 2.7572e+01	 1.0094e+00
nan	 nan	 2.7186e+01	 1.0496e+00	 2.7594e+01	 1.0095e+00
nan	 nan	 2.7207e+01	 1.0498e+00	 2.7615e+01	 1.0096e+00
nan	 nan	 2.7228e+01	 1.0498e+00	 2.7637e+01	 1.0096e+00
nan	 nan	 2.7249e+01	 1.0499e+00	 2.7658e+01	 1.0098e+00
nan	 nan	 2.7270e+01	 1.0499e+00	 2.7680e+01	 1.0098e+00
nan	 nan	 2.7292e+01	 1.0500e+00	 2.7701e+01	 1.0099e+00
nan	 nan	 2.7313e+01	 1.0501e+00	 2.7722e+01	 1.0100e+00
nan	 nan	 2.7334e+01	 1.0501e+00	 2.7744e+01	 1.0101e+00
nan	 nan	 2.7355e+01	 1.0502e+00	 2.7765e+01	 1.0102e+00
nan	 nan	 2.7377e+01	 1.0501e+00	 2.7787e+01	 1.0102e+00
nan	 nan	 2.7398e+01	 1.0502e+00	 2.7808e+01	 1.0103e+00
nan	 nan	 2.7419e+01	 1.0501e+00	 2.7830e+01	 1.0104e+00
nan	 nan	 2.7441e+01	 1.0502e+00	 2.7852e+01	 1.0105e+00
nan	 nan	 2.7462e+01	 1.0501e+00	 2.7873e+01	 1.0105e+00
nan	 nan	 2.7483e+01	 1.0501e+00	 2.7895e+01	 1.0106e+00
nan	 nan	 2.7505e+01	 1.0501e+00	 2.7916e+01	 1.0107e+00
nan	 nan	 2.7526e+01	 1.0500e+00	 2.7938e+01	 1.0107e+00
nan	 nan	 2.7547e+01	 1.0501e+00	 2.7960e+01	 1.0107e+00
nan	 nan	 2.7569e+01	 1.0500e+00	 2.7981e+01	 1.0107e+00
nan	 nan	 2.7590e+01	 1.0500e+00	 2.8003e+01	 1.0108e+00
nan	 nan	 2.7611e+01	 1.0500e+00	 2.8024e+01	 1.0108e+00
nan	 nan	 2.7633e+01	 1.0500e+00	 2.8046e+01	 1.0108e+00
nan	 nan	 2.7654e+01	 1.0501e+00	 2.8068e+01	 1.0108e+00
nan	 nan	 2.7676e+01	 1.0500e+00	 2.8090e+01	 1.0108e+00
nan	 nan	 2.7697e+01	 1.0502e+00	 2.8111e+01	 1.0108e+00
nan	 nan	 2.7719e+01	 1.0502e+00	 2.8133e+01	 1.0108e+00
nan	 nan	 2.7740e+01	 1.0503e+00	 2.8155e+01	 1.0108e+00
nan	 nan	 2.7762e+01	 1.0503e+00	 2.8177e+01	 1.0108e+00
nan	 nan	 2.7783e+01	 1.0504e+00	 2.8198e+01	 1.0107e+00
nan	 nan	 2.7805e+01	 1.0506e+00	 2.8220e+01	 1.0107e+00
nan	 nan	 2.7826e+01	 1.0506e+00	 2.8242e+01	 1.0106e+00
nan	 nan	 2.7848e+01	 1.0508e+00	 2.8264e+01	 1.0107e+00
nan	 nan	 2.7869e+01	 1.0508e+00	 2.8285e+01	 1.0106e+00
nan	 nan	 2.7891e+01	 1.0510e+00	 2.8307e+01	 1.0106e+00
nan	 nan	 2.7912e+01	 1.0510e+00	 2.8329e+01	 1.0105e+00
nan	 nan	 2.7934e+01	 1.0511e+00	 2.8351e+01	 1.0105e+00
nan	 nan	 2.7956e+01	 1.0512e+00	 2.8373e+01	 1.0105e+00
nan	 nan	 2.7977e+01	 1.0512e+00	 2.8395e+01	 1.0104e+00
nan	 nan	 2.7999e+01	 1.0514e+00	 2.8417e+01	 1.0105e+00
nan	 nan	 2.8020e+01	 1.0513e+00	 2.8439e+01	 1.0104e+00
nan	 nan	 2.8042e+01	 1.0514e+00	 2.8460e+01	 1.0104e+00
nan	 nan	 2.8064e+01	 1.0514e+00	 2.8482e+01	 1.0104e+00
nan	 nan	 2.8085e+01	 1.0514e+00	 2.8504e+01	 1.0104e+00
nan	 nan	 2.8107e+01	 1.0515e+00	 2.8526e+01	 1.0104e+00
nan	 nan	 2.8129e+01	 1.0514e+00	 2.8548e+01	 1.0104e+00
nan	 nan	 2.8151e+01	 1.0515e+00	 2.8570e+01	 1.0104e+00
nan	 nan	 2.8172e+01	 1.0514e+00	 2.8592e+01	 1.0104e+00
nan	 nan	 2.8194e+01	 1.0515e+00	 2.8614e+01	 1.0104e+00
nan	 nan	 2.8216e+01	 1.0514e+00	 2.8636e+01	 1.0104e+00
nan	 nan	 2.8238e+01	 1.0514e+00	 2.8658e+01	 1.0104e+00
nan	 nan	 2.8259e+01	 1.0515e+00	 2.8680e+01	 1.0104e+00
nan	 nan	 2.8281e+01	 1.0514e+00	 2.8702e+01	 1.0104e+00
nan	 nan	 2.8303e+01	 1.0515e+00	 2.8724e+01	 1.0104e+00
nan	 nan	 2.8325e+01	 1.0514e+00	 2.8747e+01	 1.0104e+00
nan	 nan	 2.8347e+01	 1.0515e+00	 2.8769e+01	 1.0105e+00
nan	 nan	 2.8369e+01	 1.0515e+00	 2.8791e+01	 1.0104e+00
nan	 nan	 2.8390e+01	 1.0516e+00	 2.8813e+01	 1.0105e+00
nan	 nan	 2.8412e+01	 1.0516e+00	 2.8835e+01	 1.0105e+00
nan	 nan	 2.8434e+01	 1.0516e+00	 2.8857e+01	 1.0105e+00
nan	 nan	 2.8456e+01	 1.0518e+00	 2.8879e+01	 1.0106e+00
nan	 nan	 2.8478e+01	 1.0517e+00	 2.8901e+01	 1.0106e+00
nan	 nan	 2.8500e+01	 1.0519e+00	 2.8924e+01	 1.0107e+00
nan	 nan	 2.8522e+01	 1.0519e+00	 2.8946e+01	 1.0107e+00
nan	 nan	 2.8544e+01	 1.0520e+00	 2.8968e+01	 1.0107e+00
nan	 nan	 2.8566e+01	 1.0522e+00	 2.8990e+01	 1.0108e+00
nan	 nan	 2.8588e+01	 1.0522e+00	 2.9013e+01	 1.0108e+00
nan	 nan	 2.8610e+01	 1.0524e+00	 2.9035e+01	 1.0109e+00
nan	 nan	 2.8632e+01	 1.0524e+00	 2.9057e+01	 1.0109e+00
nan	 nan	 2.8654e+01	 1.0526e+00	 2.9079e+01	 1.0109e+00
nan	 nan	 2.8676e+01	 1.0526e+00	 2.9102e+01	 1.0109e+00
nan	 nan	 2.8698e+01	 1.0527e+00	 2.9124e+01	 1.0110e+00
nan	 nan	 2.8720e+01	 1.0528e+00	 2.9146e+01	 1.0110e+00
nan	 nan	 2.8742e+01	 1.0528e+00	 2.9169e+01	 1.0110e+00
nan	 nan	 2.8764e+01	 1.0530e+00	 2.9191e+01	 1.0111e+00
nan	 nan	 2.8786e+01	 1.0529e+00	 2.9213e+01	 1.0110e+00
nan	 nan	 2.8808e+01	 1.0531e+00	 2.9236e+01	 1.0111e+00
nan	 nan	 2.8831e+01	 1.0531e+00	 2.9258e+01	 1.0110e+00
nan	 nan	 2.8853e+01	 1.0532e+00	 2.9280e+01	 1.0111e+00
nan	 nan	 2.8875e+01	 1.0533e+00	 2.9303e+01	 1.0111e+00
nan	 nan	 2.8897e+01	 1.0533e+00	 2.9325e+01	 1.0111e+00
nan	 nan	 2.8919e+01	 1.0535e+00	 2.9348e+01	 1.0111e+00
nan	 nan	 2.8941e+01	 1.0535e+00	 2.9370e+01	 1.0110e+00
nan	 nan	 2.8964e+01	 1.0536e+00	 2.9393e+01	 1.0111e+00
nan	 nan	 2.8986e+01	 1.0536e+00	 2.9415e+01	 1.0111e+00
nan	 nan	 2.9008e+01	 1.0538e+00	 2.9438e+01	 1.0111e+00
nan	 nan	 2.9030e+01	 1.0538e+00	 2.9460e+01	 1.0111e+00
nan	 nan	 2.9052e+01	 1.0538e+00	 2.9483e+01	 1.0111e+00
nan	 nan	 2.9075e+01	 1.0540e+00	 2.9505e+01	 1.0112e+00
nan	 nan	 2.9097e+01	 1.0539e+00	 2.9527e+01	 1.0111e+00
nan	 nan	 2.9119e+01	 1.0541e+00	 2.9550e+01	 1.0112e+00
nan	 nan	 2.9142e+01	 1.0540e+00	 2.9573e+01	 1.0112e+00
nan	 nan	 2.9164e+01	 1.0541e+00	 2.9595e+01	 1.0112e+00
nan	 nan	 2.9186e+01	 1.0541e+00	 2.9618e+01	 1.0112e+00
nan	 nan	 2.9209e+01	 1.0541e+00	 2.9640e+01	 1.0112e+00
nan	 nan	 2.9231e+01	 1.0542e+00	 2.9663e+01	 1.0113e+00
nan	 nan	 2.9253e+01	 1.0542e+00	 2.9686e+01	 1.0112e+00
nan	 nan	 2.9276e+01	 1.0543e+00	 2.9708e+01	 1.0113e+00
nan	 nan	 2.9298e+01	 1.0542e+00	 2.9731e+01	 1.0112e+00
nan	 nan	 2.9320e+01	 1.0543e+00	 2.9753e+01	 1.0113e+00
nan	 nan	 2.9343e+01	 1.0543e+00	 2.9776e+01	 1.0113e+00
nan	 nan	 2.9365e+01	 1.0543e+00	 2.9799e+01	 1.0113e+00
nan	 nan	 2.9388e+01	 1.0543e+00	 2.9822e+01	 1.0113e+00
nan	 nan	 2.9410e+01	 1.0542e+00	 2.9844e+01	 1.0113e+00
nan	 nan	 2.9433e+01	 1.0543e+00	 2.9867e+01	 1.0114e+00
nan	 nan	 2.9455e+01	 1.0543e+00	 2.9890e+01	 1.0114e+00
nan	 nan	 2.9478e+01	 1.0543e+00	 2.9912e+01	 1.0115e+00
nan	 nan	 2.9500e+01	 1.0543e+00	 2.9935e+01	 1.0115e+00
nan	 nan	 2.9523e+01	 1.0543e+00	 2.9958e+01	 1.0115e+00
nan	 nan	 2.9545e+01	 1.0544e+00	 2.9981e+01	 1.0116e+00
nan	 nan	 2.9568e+01	 1.0543e+00	 3.0003e+01	 1.0116e+00
nan	 nan	 2.9590e+01	 1.0544e+00	 3.0026e+01	 1.0116e+00
nan	 nan	 2.9613e+01	 1.0543e+00	 3.0049e+01	 1.0116e+00
nan	 nan	 2.9635e+01	 1.0544e+00	 3.0072e+01	 1.0117e+00
nan	 nan	 2.9658e+01	 1.0543e+00	 3.0095e+01	 1.0117e+00
nan	 nan	 2.9681e+01	 1.0543e+00	 3.0118e+01	 1.0117e+00
nan	 nan	 2.9703e+01	 1.0544e+00	 3.0140e+01	 1.0117e+00
nan	 nan	 2.9726e+01	 1.0543e+00	 3.0163e+01	 1.0117e+00
nan	 nan	 2.9748e+01	 1.0544e+00	 3.0186e+01	 1.0117e+00
nan	 nan	 2.9771e+01	 1.0543e+00	 3.0209e+01	 1.0117e+00
nan	 nan	 2.9794e+01	 1.0544e+00	 3.0232e+01	 1.0117e+00
nan	 nan	 2.9816e+01	 1.0544e+00	 3.0255e+01	 1.0117e+00
nan	 nan	 2.9839e+01	 1.0545e+00	 3.0278e+01	 1.0117e+00
nan	 nan	 2.9862e+01	 1.0545e+00	 3.0301e+01	 1.0117e+00
nan	 nan	 2.9885e+01	 1.0545e+00	 3.0324e+01	 1.0116e+00
nan	 nan	 2.9907e+01	 1.0547e+00	 3.0347e+01	 1.0117e+00
nan	 nan	 2.9930e+01	 1.0547e+00	 3.0370e+01	 1.0116e+00
nan	 nan	 2.9953e+01	 1.0549e+00	 3.0393e+01	 1.0117e+00
nan	 nan	 2.9976e+01	 1.0550e+00	 3.0416e+01	 1.0116e+00
nan	 nan	 2.9998e+01	 1.0551e+00	 3.0439e+01	 1.0117e+00
nan	 nan	 3.0021e+01	 1.0553e+00	 3.0462e+01	 1.0117e+00
nan	 nan	 3.0044e+01	 1.0554e+00	 3.0485e+01	 1.0116e+00
nan	 nan	 3.0067e+01	 1.0556e+00	 3.0508e+01	 1.0117e+00
nan	 nan	 3.0090e+01	 1.0557e+00	 3.0531e+01	 1.0116e+00
nan	 nan	 3.0112e+01	 1.0560e+00	 3.0554e+01	 1.0117e+00
nan	 nan	 3.0135e+01	 1.0561e+00	 3.0578e+01	 1.0117e+00
nan	 nan	 3.0158e+01	 1.0563e+00	 3.0601e+01	 1.0117e+00
nan	 nan	 3.0181e+01	 1.0564e+00	 3.0624e+01	 1.0117e+00
nan	 nan	 3.0204e+01	 1.0565e+00	 3.0647e+01	 1.0117e+00
nan	 nan	 3.0227e+01	 1.0568e+00	 3.0670e+01	 1.0117e+00
nan	 nan	 3.0250e+01	 1.0568e+00	 3.0693e+01	 1.0117e+00
nan	 nan	 3.0273e+01	 1.0570e+00	 3.0716e+01	 1.0118e+00
nan	 nan	 3.0296e+01	 1.0571e+00	 3.0740e+01	 1.0117e+00
nan	 nan	 3.0319e+01	 1.0572e+00	 3.0763e+01	 1.0118e+00
nan	 nan	 3.0341e+01	 1.0573e+00	 3.0786e+01	 1.0118e+00
nan	 nan	 3.0364e+01	 1.0574e+00	 3.0809e+01	 1.0118e+00
nan	 nan	 3.0387e+01	 1.0575e+00	 3.0833e+01	 1.0118e+00
nan	 nan	 3.0410e+01	 1.0575e+00	 3.0856e+01	 1.0118e+00
nan	 nan	 3.0433e+01	 1.0577e+00	 3.0879e+01	 1.0118e+00
nan	 nan	 3.0456e+01	 1.0577e+00	 3.0902e+01	 1.0118e+00
nan	 nan	 3.0480e+01	 1.0578e+00	 3.0926e+01	 1.0119e+00
nan	 nan	 3.0503e+01	 1.0579e+00	 3.0949e+01	 1.0119e+00
nan	 nan	 3.0526e+01	 1.0579e+00	 3.0972e+01	 1.0119e+00
nan	 nan	 3.0549e+01	 1.0581e+00	 3.0996e+01	 1.0119e+00
nan	 nan	 3.0572e+01	 1.0580e+00	 3.1019e+01	 1.0119e+00
nan	 nan	 3.0595e+01	 1.0582e+00	 3.1042e+01	 1.0120e+00
nan	 nan	 3.0618e+01	 1.0582e+00	 3.1066e+01	 1.0120e+00
nan	 nan	 3.0641e+01	 1.0583e+00	 3.1089e+01	 1.0121e+00
nan	 nan	 3.0664e+01	 1.0584e+00	 3.1113e+01	 1.0121e+00
nan	 nan	 3.0688e+01	 1.0584e+00	 3.1136e+01	 1.0121e+00
nan	 nan	 3.0711e+01	 1.0586e+00	 3.1159e+01	 1.0122e+00
nan	 nan	 3.0734e+01	 1.0586e+00	 3.1183e+01	 1.0122e+00
nan	 nan	 3.0757e+01	 1.0588e+00	 3.1206e+01	 1.0123e+00
nan	 nan	 3.0780e+01	 1.0588e+00	 3.1230e+01	 1.0123e+00
nan	 nan	 3.0803e+01	 1.0590e+00	 3.1253e+01	 1.0124e+00
nan	 nan	 3.0827e+01	 1.0591e+00	 3.1277e+01	 1.0124e+00
nan	 nan	 3.0850e+01	 1.0592e+00	 3.1300e+01	 1.0124e+00
nan	 nan	 3.0873e+01	 1.0593e+00	 3.1324e+01	 1.0125e+00
nan	 nan	 3.0896e+01	 1.0594e+00	 3.1347e+01	 1.0125e+00
nan	 nan	 3.0920e+01	 1.0596e+00	 3.1371e+01	 1.0126e+00
nan	 nan	 3.0943e+01	 1.0597e+00	 3.1394e+01	 1.0126e+00
nan	 nan	 3.0966e+01	 1.0599e+00	 3.1418e+01	 1.0126e+00
nan	 nan	 3.0990e+01	 1.0600e+00	 3.1441e+01	 1.0127e+00
nan	 nan	 3.1013e+01	 1.0602e+00	 3.1465e+01	 1.0127e+00
nan	 nan	 3.1036e+01	 1.0603e+00	 3.1489e+01	 1.0127e+00
nan	 nan	 3.1060e+01	 1.0604e+00	 3.1512e+01	 1.0127e+00
nan	 nan	 3.1083e+01	 1.0607e+00	 3.1536e+01	 1.0128e+00
nan	 nan	 3.1106e+01	 1.0607e+00	 3.1559e+01	 1.0128e+00
nan	 nan	 3.1130e+01	 1.0609e+00	 3.1583e+01	 1.0128e+00
nan	 nan	 3.1153e+01	 1.0610e+00	 3.1607e+01	 1.0128e+00
nan	 nan	 3.1177e+01	 1.0611e+00	 3.1630e+01	 1.0128e+00
nan	 nan	 3.1200e+01	 1.0612e+00	 3.1654e+01	 1.0128e+00
nan	 nan	 3.1224e+01	 1.0612e+00	 3.1678e+01	 1.0128e+00
nan	 nan	 3.1247e+01	 1.0613e+00	 3.1701e+01	 1.0128e+00
nan	 nan	 3.1270e+01	 1.0613e+00	 3.1725e+01	 1.0128e+00
nan	 nan	 3.1294e+01	 1.0614e+00	 3.1749e+01	 1.0128e+00
nan	 nan	 3.1317e+01	 1.0613e+00	 3.1773e+01	 1.0128e+00
nan	 nan	 3.1341e+01	 1.0614e+00	 3.1797e+01	 1.0128e+00
nan	 nan	 3.1364e+01	 1.0614e+00	 3.1820e+01	 1.0128e+00
nan	 nan	 3.1388e+01	 1.0613e+00	 3.1844e+01	 1.0128e+00
nan	 nan	 3.1412e+01	 1.0614e+00	 3.1868e+01	 1.0129e+00
nan	 nan	 3.1435e+01	 1.0613e+00	 3.1892e+01	 1.0129e+00
nan	 nan	 3.1459e+01	 1.0614e+00	 3.1916e+01	 1.0129e+00
nan	 nan	 3.1482e+01	 1.0613e+00	 3.1939e+01	 1.0129e+00
nan	 nan	 3.1506e+01	 1.0614e+00	 3.1963e+01	 1.0130e+00
nan	 nan	 3.1529e+01	 1.0614e+00	 3.1987e+01	 1.0131e+00
nan	 nan	 3.1553e+01	 1.0613e+00	 3.2011e+01	 1.0131e+00
nan	 nan	 3.1577e+01	 1.0614e+00	 3.2035e+01	 1.0132e+00
nan	 nan	 3.1600e+01	 1.0613e+00	 3.2059e+01	 1.0132e+00
nan	 nan	 3.1624e+01	 1.0615e+00	 3.2083e+01	 1.0133e+00
nan	 nan	 3.1648e+01	 1.0614e+00	 3.2106e+01	 1.0133e+00
nan	 nan	 3.1671e+01	 1.0615e+00	 3.2130e+01	 1.0134e+00
nan	 nan	 3.1695e+01	 1.0616e+00	 3.2154e+01	 1.0134e+00
nan	 nan	 3.1719e+01	 1.0616e+00	 3.2178e+01	 1.0134e+00
nan	 nan	 3.1742e+01	 1.0617e+00	 3.2202e+01	 1.0135e+00
nan	 nan	 3.1766e+01	 1.0617e+00	 3.2226e+01	 1.0135e+00
nan	 nan	 3.1790e+01	 1.0619e+00	 3.2250e+01	 1.0136e+00
nan	 nan	 3.1814e+01	 1.0619e+00	 3.2274e+01	 1.0136e+00
nan	 nan	 3.1837e+01	 1.0620e+00	 3.2298e+01	 1.0136e+00
nan	 nan	 3.1861e+01	 1.0621e+00	 3.2322e+01	 1.0136e+00
nan	 nan	 3.1885e+01	 1.0621e+00	 3.2346e+01	 1.0136e+00
nan	 nan	 3.1909e+01	 1.0623e+00	 3.2370e+01	 1.0136e+00
nan	 nan	 3.1933e+01	 1.0623e+00	 3.2395e+01	 1.0136e+00
nan	 nan	 3.1956e+01	 1.0624e+00	 3.2419e+01	 1.0136e+00
nan	 nan	 3.1980e+01	 1.0624e+00	 3.2443e+01	 1.0136e+00
nan	 nan	 3.2004e+01	 1.0625e+00	 3.2467e+01	 1.0136e+00
nan	 nan	 3.2028e+01	 1.0626e+00	 3.2491e+01	 1.0136e+00
nan	 nan	 3.2052e+01	 1.0626e+00	 3.2515e+01	 1.0135e+00
nan	 nan	 3.2076e+01	 1.0627e+00	 3.2539e+01	 1.0135e+00
nan	 nan	 3.2099e+01	 1.0627e+00	 3.2563e+01	 1.0134e+00
nan	 nan	 3.2123e+01	 1.0628e+00	 3.2587e+01	 1.0135e+00
nan	 nan	 3.2147e+01	 1.0628e+00	 3.2612e+01	 1.0134e+00
nan	 nan	 3.2171e+01	 1.0629e+00	 3.2636e+01	 1.0134e+00
nan	 nan	 3.2195e+01	 1.0629e+00	 3.2660e+01	 1.0133e+00
nan	 nan	 3.2219e+01	 1.0630e+00	 3.2684e+01	 1.0133e+00
nan	 nan	 3.2243e+01	 1.0631e+00	 3.2709e+01	 1.0133e+00
nan	 nan	 3.2267e+01	 1.0631e+00	 3.2733e+01	 1.0132e+00
nan	 nan	 3.2291e+01	 1.0633e+00	 3.2757e+01	 1.0133e+00
nan	 nan	 3.2315e+01	 1.0633e+00	 3.2781e+01	 1.0132e+00
nan	 nan	 3.2339e+01	 1.0635e+00	 3.2806e+01	 1.0133e+00
nan	 nan	 3.2363e+01	 1.0636e+00	 3.2830e+01	 1.0132e+00
nan	 nan	 3.2387e+01	 1.0637e+00	 3.2854e+01	 1.0132e+00
nan	 nan	 3.2411e+01	 1.0638e+00	 3.2879e+01	 1.0133e+00
nan	 nan	 3.2435e+01	 1.0638e+00	 3.2903e+01	 1.0133e+00
nan	 nan	 3.2459e+01	 1.0640e+00	 3.2927e+01	 1.0133e+00
nan	 nan	 3.2483e+01	 1.0640e+00	 3.2952e+01	 1.0133e+00
nan	 nan	 3.2508e+01	 1.0642e+00	 3.2976e+01	 1.0134e+00
nan	 nan	 3.2532e+01	 1.0642e+00	 3.3000e+01	 1.0134e+00
nan	 nan	 3.2556e+01	 1.0643e+00	 3.3025e+01	 1.0134e+00
nan	 nan	 3.2580e+01	 1.0644e+00	 3.3049e+01	 1.0135e+00
nan	 nan	 3.2604e+01	 1.0644e+00	 3.3073e+01	 1.0135e+00
nan	 nan	 3.2628e+01	 1.0645e+00	 3.3098e+01	 1.0135e+00
nan	 nan	 3.2653e+01	 1.0645e+00	 3.3122e+01	 1.0135e+00
nan	 nan	 3.2677e+01	 1.0646e+00	 3.3147e+01	 1.0136e+00
nan	 nan	 3.2701e+01	 1.0646e+00	 3.3171e+01	 1.0136e+00
nan	 nan	 3.2725e+01	 1.0646e+00	 3.3196e+01	 1.0136e+00
nan	 nan	 3.2749e+01	 1.0647e+00	 3.3220e+01	 1.0137e+00
nan	 nan	 3.2773e+01	 1.0647e+00	 3.3245e+01	 1.0136e+00
nan	 nan	 3.2798e+01	 1.0648e+00	 3.3269e+01	 1.0137e+00
nan	 nan	 3.2822e+01	 1.0647e+00	 3.3294e+01	 1.0137e+00
nan	 nan	 3.2846e+01	 1.0649e+00	 3.3318e+01	 1.0138e+00
nan	 nan	 3.2871e+01	 1.0649e+00	 3.3343e+01	 1.0137e+00
nan	 nan	 3.2895e+01	 1.0650e+00	 3.3367e+01	 1.0138e+00
nan	 nan	 3.2919e+01	 1.0651e+00	 3.3392e+01	 1.0138e+00
nan	 nan	 3.2944e+01	 1.0651e+00	 3.3416e+01	 1.0138e+00
nan	 nan	 3.2968e+01	 1.0653e+00	 3.3441e+01	 1.0138e+00
nan	 nan	 3.2992e+01	 1.0653e+00	 3.3466e+01	 1.0138e+00
nan	 nan	 3.3017e+01	 1.0655e+00	 3.3490e+01	 1.0138e+00
nan	 nan	 3.3041e+01	 1.0655e+00	 3.3515e+01	 1.0138e+00
nan	 nan	 3.3065e+01	 1.0657e+00	 3.3540e+01	 1.0139e+00
nan	 nan	 3.3090e+01	 1.0659e+00	 3.3564e+01	 1.0139e+00
nan	 nan	 3.3114e+01	 1.0660e+00	 3.3589e+01	 1.0139e+00
nan	 nan	 3.3139e+01	 1.0662e+00	 3.3614e+01	 1.0139e+00
nan	 nan	 3.3163e+01	 1.0663e+00	 3.3638e+01	 1.0139e+00
nan	 nan	 3.3187e+01	 1.0666e+00	 3.3663e+01	 1.0140e+00
nan	 nan	 3.3212e+01	 1.0667e+00	 3.3688e+01	 1.0139e+00
nan	 nan	 3.3236e+01	 1.0669e+00	 3.3712e+01	 1.0140e+00
nan	 nan	 3.3261e+01	 1.0671e+00	 3.3737e+01	 1.0140e+00
nan	 nan	 3.3285e+01	 1.0672e+00	 3.3762e+01	 1.0140e+00
nan	 nan	 3.3310e+01	 1.0675e+00	 3.3787e+01	 1.0140e+00
nan	 nan	 3.3334e+01	 1.0675e+00	 3.3812e+01	 1.0140e+00
nan	 nan	 3.3359e+01	 1.0677e+00	 3.3836e+01	 1.0141e+00
nan	 nan	 3.3383e+01	 1.0678e+00	 3.3861e+01	 1.0141e+00
nan	 nan	 3.3408e+01	 1.0679e+00	 3.3886e+01	 1.0142e+00
nan	 nan	 3.3432e+01	 1.0680e+00	 3.3911e+01	 1.0142e+00
nan	 nan	 3.3457e+01	 1.0681e+00	 3.3936e+01	 1.0142e+00
nan	 nan	 3.3482e+01	 1.0683e+00	 3.3960e+01	 1.0143e+00
nan	 nan	 3.3506e+01	 1.0682e+00	 3.3985e+01	 1.0143e+00
nan	 nan	 3.3531e+01	 1.0684e+00	 3.4010e+01	 1.0144e+00
nan	 nan	 3.3555e+01	 1.0683e+00	 3.4035e+01	 1.0144e+00
nan	 nan	 3.3580e+01	 1.0684e+00	 3.4060e+01	 1.0145e+00
nan	 nan	 3.3605e+01	 1.0684e+00	 3.4085e+01	 1.0145e+00
nan	 nan	 3.3629e+01	 1.0684e+00	 3.4110e+01	 1.0146e+00
nan	 nan	 3.3654e+01	 1.0685e+00	 3.4135e+01	 1.0146e+00
nan	 nan	 3.3679e+01	 1.0684e+00	 3.4160e+01	 1.0146e+00
nan	 nan	 3.3703e+01	 1.0685e+00	 3.4185e+01	 1.0147e+00
nan	 nan	 3.3728e+01	 1.0683e+00	 3.4210e+01	 1.0147e+00
nan	 nan	 3.3753e+01	 1.0684e+00	 3.4234e+01	 1.0147e+00
nan	 nan	 3.3778e+01	 1.0683e+00	 3.4260e+01	 1.0147e+00
nan	 nan	 3.3802e+01	 1.0682e+00	 3.4285e+01	 1.0147e+00
nan	 nan	 3.3827e+01	 1.0683e+00	 3.4309e+01	 1.0148e+00
nan	 nan	 3.3852e+01	 1.0682e+00	 3.4335e+01	 1.0147e+00
nan	 nan	 3.3877e+01	 1.0682e+00	 3.4360e+01	 1.0148e+00
nan	 nan	 3.3901e+01	 1.0681e+00	 3.4385e+01	 1.0147e+00
nan	 nan	 3.3926e+01	 1.0682e+00	 3.4410e+01	 1.0147e+00
nan	 nan	 3.3951e+01	 1.0682e+00	 3.4435e+01	 1.0147e+00
nan	 nan	 3.3976e+01	 1.0682e+00	 3.4460e+01	 1.0147e+00
nan	 nan	 3.4001e+01	 1.0683e+00	 3.4485e+01	 1.0147e+00
nan	 nan	 3.4026e+01	 1.0682e+00	 3.4510e+01	 1.0146e+00
nan	 nan	 3.4050e+01	 1.0684e+00	 3.4535e+01	 1.0146e+00
nan	 nan	 3.4075e+01	 1.0683e+00	 3.4560e+01	 1.0146e+00
nan	 nan	 3.4100e+01	 1.0685e+00	 3.4586e+01	 1.0146e+00
nan	 nan	 3.4125e+01	 1.0685e+00	 3.4611e+01	 1.0145e+00
nan	 nan	 3.4150e+01	 1.0686e+00	 3.4636e+01	 1.0145e+00
nan	 nan	 3.4175e+01	 1.0688e+00	 3.4661e+01	 1.0145e+00
nan	 nan	 3.4200e+01	 1.0688e+00	 3.4686e+01	 1.0145e+00
nan	 nan	 3.4225e+01	 1.0690e+00	 3.4711e+01	 1.0145e+00
nan	 nan	 3.4250e+01	 1.0690e+00	 3.4737e+01	 1.0145e+00
nan	 nan	 3.4275e+01	 1.0692e+00	 3.4762e+01	 1.0146e+00
nan	 nan	 3.4300e+01	 1.0693e+00	 3.4787e+01	 1.0145e+00
nan	 nan	 3.4325e+01	 1.0694e+00	 3.4812e+01	 1.0146e+00
nan	 nan	 3.4350e+01	 1.0695e+00	 3.4838e+01	 1.0146e+00
nan	 nan	 3.4375e+01	 1.0696e+00	 3.4863e+01	 1.0146e+00
nan	 nan	 3.4400e+01	 1.0697e+00	 3.4888e+01	 1.0147e+00
nan	 nan	 3.4425e+01	 1.0697e+00	 3.4913e+01	 1.0147e+00
nan	 nan	 3.4450e+01	 1.0698e+00	 3.4939e+01	 1.0148e+00
nan	 nan	 3.4475e+01	 1.0698e+00	 3.4964e+01	 1.0148e+00
nan	 nan	 3.4500e+01	 1.0699e+00	 3.4989e+01	 1.0148e+00
nan	 nan	 3.4525e+01	 1.0700e+00	 3.5015e+01	 1.0149e+00
nan	 nan	 3.4550e+01	 1.0700e+00	 3.5040e+01	 1.0149e+00
nan	 nan	 3.4575e+01	 1.0701e+00	 3.5066e+01	 1.0150e+00
nan	 nan	 3.4600e+01	 1.0701e+00	 3.5091e+01	 1.0150e+00
nan	 nan	 3.4626e+01	 1.0702e+00	 3.5116e+01	 1.0151e+00
nan	 nan	 3.4651e+01	 1.0702e+00	 3.5142e+01	 1.0151e+00
nan	 nan	 3.4676e+01	 1.0703e+00	 3.5167e+01	 1.0152e+00
nan	 nan	 3.4701e+01	 1.0703e+00	 3.5193e+01	 1.0152e+00
nan	 nan	 3.4726e+01	 1.0703e+00	 3.5218e+01	 1.0152e+00
nan	 nan	 3.4752e+01	 1.0704e+00	 3.5243e+01	 1.0153e+00
nan	 nan	 3.4777e+01	 1.0704e+00	 3.5269e+01	 1.0152e+00
nan	 nan	 3.4802e+01	 1.0705e+00	 3.5294e+01	 1.0153e+00
nan	 nan	 3.4827e+01	 1.0705e+00	 3.5320e+01	 1.0152e+00
nan	 nan	 3.4852e+01	 1.0706e+00	 3.5345e+01	 1.0153e+00
nan	 nan	 3.4878e+01	 1.0707e+00	 3.5371e+01	 1.0152e+00
nan	 nan	 3.4903e+01	 1.0707e+00	 3.5396e+01	 1.0152e+00
nan	 nan	 3.4928e+01	 1.0709e+00	 3.5422e+01	 1.0152e+00
nan	 nan	 3.4953e+01	 1.0708e+00	 3.5447e+01	 1.0151e+00
nan	 nan	 3.4979e+01	 1.0711e+00	 3.5473e+01	 1.0152e+00
nan	 nan	 3.5004e+01	 1.0711e+00	 3.5499e+01	 1.0151e+00
nan	 nan	 3.5029e+01	 1.0713e+00	 3.5524e+01	 1.0151e+00
nan	 nan	 3.5055e+01	 1.0715e+00	 3.5550e+01	 1.0151e+00
nan	 nan	 3.5080e+01	 1.0716e+00	 3.5575e+01	 1.0150e+00
nan	 nan	 3.5105e+01	 1.0719e+00	 3.5601e+01	 1.0151e+00
nan	 nan	 3.5131e+01	 1.0720e+00	 3.5627e+01	 1.0150e+00
nan	 nan	 3.5156e+01	 1.0723e+00	 3.5652e+01	 1.0151e+00
nan	 nan	 3.5182e+01	 1.0725e+00	 3.5678e+01	 1.0150e+00
nan	 nan	 3.5207e+01	 1.0727e+00	 3.5704e+01	 1.0151e+00
nan	 nan	 3.5233e+01	 1.0729e+00	 3.5729e+01	 1.0151e+00
nan	 nan	 3.5258e+01	 1.0730e+00	 3.5755e+01	 1.0151e+00
nan	 nan	 3.5283e+01	 1.0733e+00	 3.5781e+01	 1.0152e+00
nan	 nan	 3.5309e+01	 1.0734e+00	 3.5806e+01	 1.0152e+00
nan	 nan	 3.5334e+01	 1.0736e+00	 3.5832e+01	 1.0153e+00
nan	 nan	 3.5360e+01	 1.0737e+00	 3.5858e+01	 1.0153e+00
nan	 nan	 3.5385e+01	 1.0739e+00	 3.5883e+01	 1.0154e+00
nan	 nan	 3.5411e+01	 1.0740e+00	 3.5909e+01	 1.0154e+00
nan	 nan	 3.5436e+01	 1.0741e+00	 3.5935e+01	 1.0154e+00
nan	 nan	 3.5462e+01	 1.0742e+00	 3.5961e+01	 1.0155e+00
nan	 nan	 3.5487e+01	 1.0742e+00	 3.5987e+01	 1.0155e+00
nan	 nan	 3.5513e+01	 1.0744e+00	 3.6012e+01	 1.0156e+00
nan	 nan	 3.5538e+01	 1.0744e+00	 3.6038e+01	 1.0155e+00
nan	 nan	 3.5564e+01	 1.0745e+00	 3.6064e+01	 1.0156e+00
nan	 nan	 3.5590e+01	 1.0745e+00	 3.6090e+01	 1.0156e+00
nan	 nan	 3.5615e+01	 1.0745e+00	 3.6116e+01	 1.0157e+00
nan	 nan	 3.5641e+01	 1.0746e+00	 3.6142e+01	 1.0157e+00
nan	 nan	 3.5666e+01	 1.0745e+00	 3.6167e+01	 1.0157e+00
nan	 nan	 3.5692e+01	 1.0747e+00	 3.6193e+01	 1.0158e+00
nan	 nan	 3.5718e+01	 1.0746e+00	 3.6219e+01	 1.0158e+00
nan	 nan	 3.5743e+01	 1.0747e+00	 3.6245e+01	 1.0159e+00
nan	 nan	 3.5769e+01	 1.0746e+00	 3.6271e+01	 1.0159e+00
nan	 nan	 3.5795e+01	 1.0746e+00	 3.6297e+01	 1.0159e+00
nan	 nan	 3.5820e+01	 1.0747e+00	 3.6323e+01	 1.0159e+00
nan	 nan	 3.5846e+01	 1.0747e+00	 3.6349e+01	 1.0159e+00
nan	 nan	 3.5872e+01	 1.0748e+00	 3.6375e+01	 1.0160e+00
nan	 nan	 3.5897e+01	 1.0747e+00	 3.6401e+01	 1.0160e+00
nan	 nan	 3.5923e+01	 1.0749e+00	 3.6427e+01	 1.0161e+00
nan	 nan	 3.5949e+01	 1.0749e+00	 3.6453e+01	 1.0161e+00
nan	 nan	 3.5975e+01	 1.0750e+00	 3.6479e+01	 1.0161e+00
nan	 nan	 3.6000e+01	 1.0751e+00	 3.6505e+01	 1.0161e+00
nan	 nan	 3.6026e+01	 1.0751e+00	 3.6531e+01	 1.0161e+00
nan	 nan	 3.6052e+01	 1.0753e+00	 3.6557e+01	 1.0162e+00
nan	 nan	 3.6078e+01	 1.0752e+00	 3.6583e+01	 1.0161e+00
nan	 nan	 3.6104e+01	 1.0754e+00	 3.6609e+01	 1.0162e+00
nan	 nan	 3.6129e+01	 1.0754e+00	 3.6635e+01	 1.0162e+00
nan	 nan	 3.6155e+01	 1.0755e+00	 3.6661e+01	 1.0162e+00
nan	 nan	 3.6181e+01	 1.0756e+00	 3.6687e+01	 1.0162e+00
nan	 nan	 3.6207e+01	 1.0756e+00	 3.6713e+01	 1.0162e+00
nan	 nan	 3.6233e+01	 1.0758e+00	 3.6739e+01	 1.0162e+00
nan	 nan	 3.6259e+01	 1.0757e+00	 3.6765e+01	 1.0161e+00
nan	 nan	 3.6285e+01	 1.0759e+00	 3.6791e+01	 1.0162e+00
nan	 nan	 3.6310e+01	 1.0758e+00	 3.6818e+01	 1.0161e+00
nan	 nan	 3.6336e+01	 1.0759e+00	 3.6844e+01	 1.0162e+00
nan	 nan	 3.6362e+01	 1.0760e+00	 3.6870e+01	 1.0162e+00
nan	 nan	 3.6388e+01	 1.0760e+00	 3.6896e+01	 1.0161e+00
nan	 nan	 3.6414e+01	 1.0762e+00	 3.6922e+01	 1.0162e+00
nan	 nan	 3.6440e+01	 1.0762e+00	 3.6949e+01	 1.0161e+00
nan	 nan	 3.6466e+01	 1.0764e+00	 3.6975e+01	 1.0162e+00
nan	 nan	 3.6492e+01	 1.0764e+00	 3.7001e+01	 1.0162e+00
nan	 nan	 3.6518e+01	 1.0766e+00	 3.7027e+01	 1.0162e+00
nan	 nan	 3.6544e+01	 1.0767e+00	 3.7053e+01	 1.0162e+00
nan	 nan	 3.6570e+01	 1.0768e+00	 3.7080e+01	 1.0162e+00
nan	 nan	 3.6596e+01	 1.0770e+00	 3.7106e+01	 1.0162e+00
nan	 nan	 3.6622e+01	 1.0770e+00	 3.7132e+01	 1.0162e+00
nan	 nan	 3.6648e+01	 1.0773e+00	 3.7158e+01	 1.0163e+00
nan	 nan	 3.6674e+01	 1.0774e+00	 3.7185e+01	 1.0163e+00
nan	 nan	 3.6700e+01	 1.0776e+00	 3.7211e+01	 1.0163e+00
nan	 nan	 3.6726e+01	 1.0778e+00	 3.7237e+01	 1.0163e+00
nan	 nan	 3.6752e+01	 1.0779e+00	 3.7264e+01	 1.0163e+00
nan	 nan	 3.6779e+01	 1.0781e+00	 3.7290e+01	 1.0164e+00
nan	 nan	 3.6805e+01	 1.0782e+00	 3.7316e+01	 1.0164e+00
nan	 nan	 3.6831e+01	 1.0785e+00	 3.7343e+01	 1.0165e+00
nan	 nan	 3.6857e+01	 1.0785e+00	 3.7369e+01	 1.0164e+00
nan	 nan	 3.6883e+01	 1.0788e+00	 3.7396e+01	 1.0165e+00
nan	 nan	 3.6909e+01	 1.0789e+00	 3.7422e+01	 1.0165e+00
nan	 nan	 3.6935e+01	 1.0790e+00	 3.7449e+01	 1.0165e+00
nan	 nan	 3.6962e+01	 1.0792e+00	 3.7475e+01	 1.0166e+00
nan	 nan	 3.6988e+01	 1.0793e+00	 3.7501e+01	 1.0165e+00
nan	 nan	 3.7014e+01	 1.0795e+00	 3.7528e+01	 1.0166e+00
nan	 nan	 3.7040e+01	 1.0795e+00	 3.7554e+01	 1.0166e+00
nan	 nan	 3.7066e+01	 1.0797e+00	 3.7581e+01	 1.0167e+00
nan	 nan	 3.7093e+01	 1.0798e+00	 3.7607e+01	 1.0167e+00
nan	 nan	 3.7119e+01	 1.0799e+00	 3.7634e+01	 1.0167e+00
nan	 nan	 3.7145e+01	 1.0800e+00	 3.7660e+01	 1.0167e+00
nan	 nan	 3.7171e+01	 1.0800e+00	 3.7687e+01	 1.0167e+00
nan	 nan	 3.7197e+01	 1.0802e+00	 3.7713e+01	 1.0168e+00
nan	 nan	 3.7224e+01	 1.0802e+00	 3.7740e+01	 1.0168e+00
nan	 nan	 3.7250e+01	 1.0803e+00	 3.7766e+01	 1.0168e+00
nan	 nan	 3.7276e+01	 1.0803e+00	 3.7793e+01	 1.0168e+00
nan	 nan	 3.7303e+01	 1.0804e+00	 3.7819e+01	 1.0169e+00
nan	 nan	 3.7329e+01	 1.0805e+00	 3.7846e+01	 1.0169e+00
nan	 nan	 3.7355e+01	 1.0804e+00	 3.7873e+01	 1.0169e+00
nan	 nan	 3.7382e+01	 1.0806e+00	 3.7899e+01	 1.0169e+00
nan	 nan	 3.7408e+01	 1.0805e+00	 3.7926e+01	 1.0169e+00
nan	 nan	 3.7434e+01	 1.0805e+00	 3.7952e+01	 1.0170e+00
nan	 nan	 3.7461e+01	 1.0805e+00	 3.7979e+01	 1.0169e+00
nan	 nan	 3.7487e+01	 1.0804e+00	 3.8006e+01	 1.0169e+00
nan	 nan	 3.7514e+01	 1.0804e+00	 3.8032e+01	 1.0169e+00
nan	 nan	 3.7540e+01	 1.0803e+00	 3.8059e+01	 1.0169e+00
nan	 nan	 3.7566e+01	 1.0803e+00	 3.8086e+01	 1.0170e+00
nan	 nan	 3.7593e+01	 1.0802e+00	 3.8112e+01	 1.0169e+00
nan	 nan	 3.7619e+01	 1.0802e+00	 3.8139e+01	 1.0169e+00
nan	 nan	 3.7646e+01	 1.0801e+00	 3.8166e+01	 1.0169e+00
nan	 nan	 3.7672e+01	 1.0800e+00	 3.8192e+01	 1.0169e+00
nan	 nan	 3.7699e+01	 1.0800e+00	 3.8219e+01	 1.0169e+00
nan	 nan	 3.7725e+01	 1.0799e+00	 3.8246e+01	 1.0169e+00
nan	 nan	 3.7752e+01	 1.0800e+00	 3.8273e+01	 1.0169e+00
nan	 nan	 3.7778e+01	 1.0799e+00	 3.8299e+01	 1.0168e+00
nan	 nan	 3.7804e+01	 1.0800e+00	 3.8326e+01	 1.0169e+00
nan	 nan	 3.7831e+01	 1.0799e+00	 3.8353e+01	 1.0169e+00
nan	 nan	 3.7858e+01	 1.0800e+00	 3.8380e+01	 1.0169e+00
nan	 nan	 3.7884e+01	 1.0800e+00	 3.8406e+01	 1.0169e+00
nan	 nan	 3.7911e+01	 1.0800e+00	 3.8433e+01	 1.0169e+00
nan	 nan	 3.7937e+01	 1.0802e+00	 3.8460e+01	 1.0169e+00
nan	 nan	 3.7964e+01	 1.0801e+00	 3.8487e+01	 1.0168e+00
nan	 nan	 3.7990e+01	 1.0803e+00	 3.8514e+01	 1.0169e+00
nan	 nan	 3.8017e+01	 1.0803e+00	 3.8540e+01	 1.0169e+00
nan	 nan	 3.8044e+01	 1.0805e+00	 3.8567e+01	 1.0169e+00
nan	 nan	 3.8070e+01	 1.0806e+00	 3.8594e+01	 1.0169e+00
nan	 nan	 3.8097e+01	 1.0807e+00	 3.8621e+01	 1.0169e+00
nan	 nan	 3.8123e+01	 1.0809e+00	 3.8648e+01	 1.0170e+00
nan	 nan	 3.8150e+01	 1.0809e+00	 3.8675e+01	 1.0169e+00
nan	 nan	 3.8177e+01	 1.0812e+00	 3.8702e+01	 1.0170e+00
nan	 nan	 3.8203e+01	 1.0813e+00	 3.8728e+01	 1.0170e+00
nan	 nan	 3.8230e+01	 1.0815e+00	 3.8755e+01	 1.0171e+00
nan	 nan	 3.8257e+01	 1.0817e+00	 3.8782e+01	 1.0171e+00
nan	 nan	 3.8283e+01	 1.0818e+00	 3.8809e+01	 1.0172e+00
nan	 nan	 3.8310e+01	 1.0820e+00	 3.8836e+01	 1.0173e+00
nan	 nan	 3.8337e+01	 1.0821e+00	 3.8863e+01	 1.0173e+00
nan	 nan	 3.8364e+01	 1.0824e+00	 3.8890e+01	 1.0174e+00
nan	 nan	 3.8390e+01	 1.0824e+00	 3.8917e+01	 1.0174e+00
nan	 nan	 3.8417e+01	 1.0826e+00	 3.8944e+01	 1.0175e+00
nan	 nan	 3.8444e+01	 1.0828e+00	 3.8971e+01	 1.0176e+00
nan	 nan	 3.8471e+01	 1.0829e+00	 3.8998e+01	 1.0177e+00
nan	 nan	 3.8498e+01	 1.0831e+00	 3.9025e+01	 1.0178e+00
nan	 nan	 3.8524e+01	 1.0832e+00	 3.9052e+01	 1.0178e+00
nan	 nan	 3.8551e+01	 1.0835e+00	 3.9079e+01	 1.0180e+00
nan	 nan	 3.8578e+01	 1.0835e+00	 3.9106e+01	 1.0180e+00
nan	 nan	 3.8605e+01	 1.0838e+00	 3.9133e+01	 1.0182e+00
nan	 nan	 3.8632e+01	 1.0839e+00	 3.9160e+01	 1.0183e+00
nan	 nan	 3.8658e+01	 1.0840e+00	 3.9187e+01	 1.0184e+00
nan	 nan	 3.8685e+01	 1.0843e+00	 3.9215e+01	 1.0185e+00
nan	 nan	 3.8712e+01	 1.0843e+00	 3.9242e+01	 1.0185e+00
nan	 nan	 3.8739e+01	 1.0846e+00	 3.9269e+01	 1.0186e+00
nan	 nan	 3.8766e+01	 1.0846e+00	 3.9296e+01	 1.0187e+00
nan	 nan	 3.8793e+01	 1.0848e+00	 3.9323e+01	 1.0188e+00
nan	 nan	 3.8820e+01	 1.0849e+00	 3.9350e+01	 1.0188e+00
nan	 nan	 3.8846e+01	 1.0851e+00	 3.9377e+01	 1.0188e+00
nan	 nan	 3.8873e+01	 1.0853e+00	 3.9404e+01	 1.0189e+00
nan	 nan	 3.8900e+01	 1.0853e+00	 3.9431e+01	 1.0189e+00
nan	 nan	 3.8927e+01	 1.0856e+00	 3.9459e+01	 1.0190e+00
nan	 nan	 3.8954e+01	 1.0856e+00	 3.9486e+01	 1.0190e+00
nan	 nan	 3.8981e+01	 1.0859e+00	 3.9513e+01	 1.0190e+00
nan	 nan	 3.9008e+01	 1.0860e+00	 3.9540e+01	 1.0190e+00
nan	 nan	 3.9035e+01	 1.0861e+00	 3.9568e+01	 1.0190e+00
nan	 nan	 3.9062e+01	 1.0863e+00	 3.9595e+01	 1.0191e+00
nan	 nan	 3.9089e+01	 1.0864e+00	 3.9622e+01	 1.0190e+00
nan	 nan	 3.9116e+01	 1.0866e+00	 3.9649e+01	 1.0191e+00
nan	 nan	 3.9143e+01	 1.0866e+00	 3.9676e+01	 1.0190e+00
nan	 nan	 3.9170e+01	 1.0869e+00	 3.9704e+01	 1.0191e+00
nan	 nan	 3.9197e+01	 1.0870e+00	 3.9731e+01	 1.0191e+00
nan	 nan	 3.9224e+01	 1.0871e+00	 3.9758e+01	 1.0191e+00
nan	 nan	 3.9251e+01	 1.0873e+00	 3.9786e+01	 1.0191e+00
nan	 nan	 3.9278e+01	 1.0873e+00	 3.9813e+01	 1.0191e+00
nan	 nan	 3.9305e+01	 1.0875e+00	 3.9840e+01	 1.0191e+00
nan	 nan	 3.9332e+01	 1.0875e+00	 3.9867e+01	 1.0191e+00
nan	 nan	 3.9359e+01	 1.0877e+00	 3.9895e+01	 1.0191e+00
nan	 nan	 3.9387e+01	 1.0877e+00	 3.9922e+01	 1.0190e+00
nan	 nan	 3.9414e+01	 1.0878e+00	 3.9950e+01	 1.0190e+00
nan	 nan	 3.9441e+01	 1.0879e+00	 3.9977e+01	 1.0190e+00
nan	 nan	 3.9468e+01	 1.0878e+00	 4.0004e+01	 1.0190e+00
nan	 nan	 3.9495e+01	 1.0880e+00	 4.0032e+01	 1.0190e+00
nan	 nan	 3.9522e+01	 1.0879e+00	 4.0059e+01	 1.0189e+00
nan	 nan	 3.9549e+01	 1.0880e+00	 4.0086e+01	 1.0189e+00
nan	 nan	 3.9577e+01	 1.0880e+00	 4.0114e+01	 1.0189e+00
nan	 nan	 3.9604e+01	 1.0880e+00	 4.0141e+01	 1.0189e+00
nan	 nan	 3.9631e+01	 1.0880e+00	 4.0169e+01	 1.0188e+00
nan	 nan	 3.9658e+01	 1.0879e+00	 4.0196e+01	 1.0188e+00
nan	 nan	 3.9685e+01	 1.0880e+00	 4.0224e+01	 1.0188e+00
nan	 nan	 3.9712e+01	 1.0879e+00	 4.0251e+01	 1.0187e+00
nan	 nan	 3.9740e+01	 1.0879e+00	 4.0278e+01	 1.0188e+00
nan	 nan	 3.9767e+01	 1.0878e+00	 4.0306e+01	 1.0187e+00
nan	 nan	 3.9794e+01	 1.0878e+00	 4.0333e+01	 1.0187e+00
nan	 nan	 3.9821e+01	 1.0877e+00	 4.0361e+01	 1.0187e+00
nan	 nan	 3.9849e+01	 1.0876e+00	 4.0388e+01	 1.0186e+00
nan	 nan	 3.9876e+01	 1.0877e+00	 4.0416e+01	 1.0186e+00
nan	 nan	 3.9903e+01	 1.0875e+00	 4.0443e+01	 1.0186e+00
nan	 nan	 3.9931e+01	 1.0876e+00	 4.0471e+01	 1.0186e+00
nan	 nan	 3.9958e+01	 1.0874e+00	 4.0498e+01	 1.0186e+00
nan	 nan	 3.9985e+01	 1.0874e+00	 4.0526e+01	 1.0186e+00
nan	 nan	 4.0012e+01	 1.0874e+00	 4.0553e+01	 1.0186e+00
nan	 nan	 4.0040e+01	 1.0874e+00	 4.0581e+01	 1.0186e+00
nan	 nan	 4.0067e+01	 1.0874e+00	 4.0609e+01	 1.0187e+00
nan	 nan	 4.0094e+01	 1.0873e+00	 4.0636e+01	 1.0187e+00
nan	 nan	 4.0122e+01	 1.0875e+00	 4.0664e+01	 1.0188e+00
nan	 nan	 4.0149e+01	 1.0874e+00	 4.0691e+01	 1.0188e+00
nan	 nan	 4.0176e+01	 1.0875e+00	 4.0719e+01	 1.0189e+00
nan	 nan	 4.0204e+01	 1.0875e+00	 4.0747e+01	 1.0189e+00
nan	 nan	 4.0231e+01	 1.0875e+00	 4.0774e+01	 1.0190e+00
nan	 nan	 4.0259e+01	 1.0876e+00	 4.0802e+01	 1.0190e+00
nan	 nan	 4.0286e+01	 1.0876e+00	 4.0830e+01	 1.0191e+00
nan	 nan	 4.0313e+01	 1.0878e+00	 4.0857e+01	 1.0192e+00
nan	 nan	 4.0341e+01	 1.0877e+00	 4.0885e+01	 1.0192e+00
nan	 nan	 4.0368e+01	 1.0878e+00	 4.0912e+01	 1.0193e+00
nan	 nan	 4.0396e+01	 1.0879e+00	 4.0940e+01	 1.0194e+00
nan	 nan	 4.0423e+01	 1.0880e+00	 4.0968e+01	 1.0194e+00
nan	 nan	 4.0451e+01	 1.0881e+00	 4.0995e+01	 1.0195e+00
nan	 nan	 4.0478e+01	 1.0881e+00	 4.1023e+01	 1.0196e+00
nan	 nan	 4.0506e+01	 1.0883e+00	 4.1051e+01	 1.0197e+00
nan	 nan	 4.0533e+01	 1.0883e+00	 4.1078e+01	 1.0197e+00
nan	 nan	 4.0561e+01	 1.0885e+00	 4.1106e+01	 1.0199e+00
nan	 nan	 4.0588e+01	 1.0886e+00	 4.1134e+01	 1.0199e+00
nan	 nan	 4.0616e+01	 1.0886e+00	 4.1162e+01	 1.0200e+00
nan	 nan	 4.0643e+01	 1.0888e+00	 4.1189e+01	 1.0201e+00
nan	 nan	 4.0671e+01	 1.0888e+00	 4.1217e+01	 1.0201e+00
nan	 nan	 4.0698e+01	 1.0890e+00	 4.1245e+01	 1.0203e+00
nan	 nan	 4.0726e+01	 1.0890e+00	 4.1273e+01	 1.0203e+00
nan	 nan	 4.0753e+01	 1.0892e+00	 4.1300e+01	 1.0204e+00
nan	 nan	 4.0781e+01	 1.0892e+00	 4.1328e+01	 1.0204e+00
nan	 nan	 4.0808e+01	 1.0893e+00	 4.1356e+01	 1.0205e+00
nan	 nan	 4.0836e+01	 1.0896e+00	 4.1384e+01	 1.0206e+00
nan	 nan	 4.0864e+01	 1.0896e+00	 4.1412e+01	 1.0206e+00
nan	 nan	 4.0891e+01	 1.0899e+00	 4.1440e+01	 1.0207e+00
nan	 nan	 4.0919e+01	 1.0900e+00	 4.1467e+01	 1.0207e+00
nan	 nan	 4.0946e+01	 1.0903e+00	 4.1495e+01	 1.0208e+00
nan	 nan	 4.0974e+01	 1.0905e+00	 4.1523e+01	 1.0208e+00
nan	 nan	 4.1002e+01	 1.0907e+00	 4.1551e+01	 1.0209e+00
nan	 nan	 4.1029e+01	 1.0910e+00	 4.1579e+01	 1.0209e+00
nan	 nan	 4.1057e+01	 1.0911e+00	 4.1606e+01	 1.0209e+00
nan	 nan	 4.1085e+01	 1.0915e+00	 4.1634e+01	 1.0210e+00
nan	 nan	 4.1112e+01	 1.0915e+00	 4.1662e+01	 1.0209e+00
nan	 nan	 4.1140e+01	 1.0918e+00	 4.1690e+01	 1.0210e+00
nan	 nan	 4.1168e+01	 1.0919e+00	 4.1718e+01	 1.0210e+00
nan	 nan	 4.1195e+01	 1.0921e+00	 4.1746e+01	 1.0210e+00
nan	 nan	 4.1223e+01	 1.0922e+00	 4.1774e+01	 1.0211e+00
nan	 nan	 4.1251e+01	 1.0923e+00	 4.1802e+01	 1.0210e+00
nan	 nan	 4.1278e+01	 1.0925e+00	 4.1830e+01	 1.0211e+00
nan	 nan	 4.1306e+01	 1.0925e+00	 4.1858e+01	 1.0211e+00
nan	 nan	 4.1334e+01	 1.0926e+00	 4.1886e+01	 1.0211e+00
nan	 nan	 4.1361e+01	 1.0926e+00	 4.1914e+01	 1.0211e+00
nan	 nan	 4.1389e+01	 1.0927e+00	 4.1942e+01	 1.0211e+00
nan	 nan	 4.1417e+01	 1.0928e+00	 4.1969e+01	 1.0211e+00
nan	 nan	 4.1445e+01	 1.0928e+00	 4.1998e+01	 1.0211e+00
nan	 nan	 4.1472e+01	 1.0930e+00	 4.2026e+01	 1.0212e+00
nan	 nan	 4.1500e+01	 1.0929e+00	 4.2053e+01	 1.0211e+00
nan	 nan	 4.1528e+01	 1.0930e+00	 4.2081e+01	 1.0212e+00
nan	 nan	 4.1556e+01	 1.0930e+00	 4.2109e+01	 1.0211e+00
nan	 nan	 4.1584e+01	 1.0931e+00	 4.2138e+01	 1.0212e+00
nan	 nan	 4.1611e+01	 1.0931e+00	 4.2166e+01	 1.0212e+00
nan	 nan	 4.1639e+01	 1.0931e+00	 4.2194e+01	 1.0211e+00
nan	 nan	 4.1667e+01	 1.0932e+00	 4.2222e+01	 1.0212e+00
nan	 nan	 4.1695e+01	 1.0932e+00	 4.2250e+01	 1.0211e+00
nan	 nan	 4.1723e+01	 1.0933e+00	 4.2278e+01	 1.0211e+00
nan	 nan	 4.1751e+01	 1.0933e+00	 4.2306e+01	 1.0211e+00
nan	 nan	 4.1778e+01	 1.0934e+00	 4.2334e+01	 1.0211e+00
nan	 nan	 4.1806e+01	 1.0934e+00	 4.2362e+01	 1.0210e+00
nan	 nan	 4.1834e+01	 1.0935e+00	 4.2390e+01	 1.0210e+00
nan	 nan	 4.1862e+01	 1.0936e+00	 4.2418e+01	 1.0210e+00
nan	 nan	 4.1890e+01	 1.0936e+00	 4.2446e+01	 1.0210e+00
nan	 nan	 4.1918e+01	 1.0938e+00	 4.2474e+01	 1.0210e+00
nan	 nan	 4.1946e+01	 1.0937e+00	 4.2502e+01	 1.0210e+00
nan	 nan	 4.1974e+01	 1.0939e+00	 4.2531e+01	 1.0210e+00
nan	 nan	 4.2002e+01	 1.0940e+00	 4.2559e+01	 1.0210e+00
nan	 nan	 4.2029e+01	 1.0941e+00	 4.2587e+01	 1.0211e+00
nan	 nan	 4.2057e+01	 1.0944e+00	 4.2615e+01	 1.0211e+00
nan	 nan	 4.2085e+01	 1.0944e+00	 4.2643e+01	 1.0211e+00
nan	 nan	 4.2113e+01	 1.0947e+00	 4.2671e+01	 1.0212e+00
nan	 nan	 4.2141e+01	 1.0948e+00	 4.2699e+01	 1.0212e+00
nan	 nan	 4.2169e+01	 1.0951e+00	 4.2728e+01	 1.0213e+00
nan	 nan	 4.2197e+01	 1.0953e+00	 4.2756e+01	 1.0214e+00
nan	 nan	 4.2225e+01	 1.0954e+00	 4.2784e+01	 1.0214e+00
nan	 nan	 4.2253e+01	 1.0957e+00	 4.2812e+01	 1.0215e+00
nan	 nan	 4.2281e+01	 1.0958e+00	 4.2840e+01	 1.0215e+00
nan	 nan	 4.2309e+01	 1.0961e+00	 4.2869e+01	 1.0217e+00
nan	 nan	 4.2337e+01	 1.0962e+00	 4.2897e+01	 1.0217e+00
nan	 nan	 4.2365e+01	 1.0964e+00	 4.2925e+01	 1.0218e+00
nan	 nan	 4.2393e+01	 1.0965e+00	 4.2953e+01	 1.0219e+00
nan	 nan	 4.2421e+01	 1.0967e+00	 4.2981e+01	 1.0220e+00
nan	 nan	 4.2449e+01	 1.0969e+00	 4.3010e+01	 1.0221e+00
nan	 nan	 4.2477e+01	 1.0969e+00	 4.3038e+01	 1.0221e+00
nan	 nan	 4.2505e+01	 1.0971e+00	 4.3066e+01	 1.0222e+00
nan	 nan	 4.2533e+01	 1.0971e+00	 4.3094e+01	 1.0222e+00
nan	 nan	 4.2561e+01	 1.0973e+00	 4.3123e+01	 1.0224e+00
nan	 nan	 4.2589e+01	 1.0973e+00	 4.3151e+01	 1.0224e+00
nan	 nan	 4.2617e+01	 1.0974e+00	 4.3179e+01	 1.0225e+00
nan	 nan	 4.2645e+01	 1.0975e+00	 4.3208e+01	 1.0226e+00
nan	 nan	 4.2674e+01	 1.0975e+00	 4.3236e+01	 1.0226e+00
nan	 nan	 4.2702e+01	 1.0977e+00	 4.3264e+01	 1.0227e+00
nan	 nan	 4.2730e+01	 1.0976e+00	 4.3292e+01	 1.0227e+00
nan	 nan	 4.2758e+01	 1.0978e+00	 4.3321e+01	 1.0228e+00
nan	 nan	 4.2786e+01	 1.0977e+00	 4.3349e+01	 1.0228e+00
nan	 nan	 4.2814e+01	 1.0978e+00	 4.3377e+01	 1.0228e+00
nan	 nan	 4.2842e+01	 1.0978e+00	 4.3406e+01	 1.0228e+00
nan	 nan	 4.2870e+01	 1.0978e+00	 4.3434e+01	 1.0228e+00
nan	 nan	 4.2898e+01	 1.0979e+00	 4.3462e+01	 1.0229e+00
nan	 nan	 4.2927e+01	 1.0978e+00	 4.3491e+01	 1.0229e+00
nan	 nan	 4.2955e+01	 1.0979e+00	 4.3519e+01	 1.0229e+00
nan	 nan	 4.2983e+01	 1.0978e+00	 4.3547e+01	 1.0229e+00
nan	 nan	 4.3011e+01	 1.0979e+00	 4.3576e+01	 1.0229e+00
nan	 nan	 4.3039e+01	 1.0979e+00	 4.3604e+01	 1.0229e+00
nan	 nan	 4.3068e+01	 1.0978e+00	 4.3633e+01	 1.0229e+00
nan	 nan	 4.3096e+01	 1.0980e+00	 4.3661e+01	 1.0229e+00
nan	 nan	 4.3124e+01	 1.0978e+00	 4.3689e+01	 1.0228e+00
nan	 nan	 4.3152e+01	 1.0980e+00	 4.3718e+01	 1.0229e+00
nan	 nan	 4.3180e+01	 1.0979e+00	 4.3746e+01	 1.0228e+00
nan	 nan	 4.3209e+01	 1.0980e+00	 4.3775e+01	 1.0228e+00
nan	 nan	 4.3237e+01	 1.0981e+00	 4.3803e+01	 1.0228e+00
nan	 nan	 4.3265e+01	 1.0981e+00	 4.3831e+01	 1.0227e+00
nan	 nan	 4.3293e+01	 1.0983e+00	 4.3860e+01	 1.0227e+00
nan	 nan	 4.3321e+01	 1.0982e+00	 4.3888e+01	 1.0227e+00
nan	 nan	 4.3350e+01	 1.0984e+00	 4.3917e+01	 1.0227e+00
nan	 nan	 4.3378e+01	 1.0984e+00	 4.3945e+01	 1.0227e+00
nan	 nan	 4.3406e+01	 1.0986e+00	 4.3974e+01	 1.0227e+00
nan	 nan	 4.3434e+01	 1.0987e+00	 4.4002e+01	 1.0227e+00
nan	 nan	 4.3463e+01	 1.0988e+00	 4.4031e+01	 1.0227e+00
nan	 nan	 4.3491e+01	 1.0990e+00	 4.4059e+01	 1.0227e+00
nan	 nan	 4.3519e+01	 1.0990e+00	 4.4088e+01	 1.0226e+00
nan	 nan	 4.3548e+01	 1.0992e+00	 4.4116e+01	 1.0227e+00
nan	 nan	 4.3576e+01	 1.0993e+00	 4.4145e+01	 1.0227e+00
nan	 nan	 4.3604e+01	 1.0994e+00	 4.4173e+01	 1.0227e+00
nan	 nan	 4.3633e+01	 1.0996e+00	 4.4202e+01	 1.0228e+00
nan	 nan	 4.3661e+01	 1.0997e+00	 4.4230e+01	 1.0228e+00
nan	 nan	 4.3689e+01	 1.0999e+00	 4.4259e+01	 1.0228e+00
nan	 nan	 4.3718e+01	 1.0999e+00	 4.4287e+01	 1.0228e+00
nan	 nan	 4.3746e+01	 1.1002e+00	 4.4316e+01	 1.0229e+00
nan	 nan	 4.3774e+01	 1.1003e+00	 4.4344e+01	 1.0229e+00
nan	 nan	 4.3803e+01	 1.1005e+00	 4.4373e+01	 1.0229e+00
nan	 nan	 4.3831e+01	 1.1007e+00	 4.4401e+01	 1.0230e+00
nan	 nan	 4.3859e+01	 1.1008e+00	 4.4430e+01	 1.0230e+00
nan	 nan	 4.3888e+01	 1.1011e+00	 4.4458e+01	 1.0230e+00
nan	 nan	 4.3916e+01	 1.1011e+00	 4.4487e+01	 1.0230e+00
nan	 nan	 4.3944e+01	 1.1014e+00	 4.4516e+01	 1.0231e+00
nan	 nan	 4.3973e+01	 1.1015e+00	 4.4544e+01	 1.0231e+00
nan	 nan	 4.4001e+01	 1.1017e+00	 4.4573e+01	 1.0231e+00
nan	 nan	 4.4029e+01	 1.1018e+00	 4.4601e+01	 1.0231e+00
nan	 nan	 4.4058e+01	 1.1020e+00	 4.4630e+01	 1.0231e+00
nan	 nan	 4.4086e+01	 1.1022e+00	 4.4658e+01	 1.0232e+00
nan	 nan	 4.4115e+01	 1.1022e+00	 4.4687e+01	 1.0231e+00
nan	 nan	 4.4143e+01	 1.1025e+00	 4.4716e+01	 1.0232e+00
nan	 nan	 4.4172e+01	 1.1025e+00	 4.4744e+01	 1.0231e+00
nan	 nan	 4.4200e+01	 1.1027e+00	 4.4773e+01	 1.0232e+00
nan	 nan	 4.4228e+01	 1.1028e+00	 4.4801e+01	 1.0231e+00
nan	 nan	 4.4257e+01	 1.1029e+00	 4.4830e+01	 1.0231e+00
nan	 nan	 4.4285e+01	 1.1031e+00	 4.4859e+01	 1.0231e+00
nan	 nan	 4.4314e+01	 1.1031e+00	 4.4887e+01	 1.0230e+00
nan	 nan	 4.4342e+01	 1.1034e+00	 4.4916e+01	 1.0231e+00
nan	 nan	 4.4371e+01	 1.1034e+00	 4.4945e+01	 1.0230e+00
nan	 nan	 4.4399e+01	 1.1035e+00	 4.4973e+01	 1.0231e+00
nan	 nan	 4.4428e+01	 1.1036e+00	 4.5002e+01	 1.0230e+00
nan	 nan	 4.4456e+01	 1.1036e+00	 4.5031e+01	 1.0231e+00
nan	 nan	 4.4485e+01	 1.1037e+00	 4.5059e+01	 1.0231e+00
nan	 nan	 4.4513e+01	 1.1037e+00	 4.5088e+01	 1.0231e+00
nan	 nan	 4.4541e+01	 1.1038e+00	 4.5117e+01	 1.0232e+00
nan	 nan	 4.4570e+01	 1.1037e+00	 4.5145e+01	 1.0232e+00
nan	 nan	 4.4599e+01	 1.1038e+00	 4.5174e+01	 1.0233e+00
nan	 nan	 4.4627e+01	 1.1037e+00	 4.5203e+01	 1.0233e+00
nan	 nan	 4.4656e+01	 1.1038e+00	 4.5231e+01	 1.0233e+00
nan	 nan	 4.4684e+01	 1.1038e+00	 4.5260e+01	 1.0234e+00
nan	 nan	 4.4713e+01	 1.1037e+00	 4.5289e+01	 1.0234e+00
nan	 nan	 4.4741e+01	 1.1038e+00	 4.5317e+01	 1.0235e+00
nan	 nan	 4.4770e+01	 1.1037e+00	 4.5346e+01	 1.0235e+00
nan	 nan	 4.4798e+01	 1.1038e+00	 4.5375e+01	 1.0236e+00
nan	 nan	 4.4827e+01	 1.1038e+00	 4.5404e+01	 1.0236e+00
nan	 nan	 4.4855e+01	 1.1038e+00	 4.5432e+01	 1.0237e+00
nan	 nan	 4.4884e+01	 1.1039e+00	 4.5461e+01	 1.0237e+00
nan	 nan	 4.4912e+01	 1.1038e+00	 4.5490e+01	 1.0237e+00
nan	 nan	 4.4941e+01	 1.1040e+00	 4.5518e+01	 1.0238e+00
nan	 nan	 4.4969e+01	 1.1039e+00	 4.5547e+01	 1.0238e+00
nan	 nan	 4.4998e+01	 1.1040e+00	 4.5576e+01	 1.0239e+00
nan	 nan	 4.5027e+01	 1.1040e+00	 4.5605e+01	 1.0238e+00
nan	 nan	 4.5055e+01	 1.1040e+00	 4.5633e+01	 1.0239e+00
nan	 nan	 4.5084e+01	 1.1041e+00	 4.5662e+01	 1.0239e+00
nan	 nan	 4.5112e+01	 1.1041e+00	 4.5691e+01	 1.0239e+00
nan	 nan	 4.5141e+01	 1.1042e+00	 4.5720e+01	 1.0239e+00
nan	 nan	 4.5170e+01	 1.1041e+00	 4.5748e+01	 1.0239e+00
nan	 nan	 4.5198e+01	 1.1043e+00	 4.5777e+01	 1.0239e+00
nan	 nan	 4.5227e+01	 1.1042e+00	 4.5806e+01	 1.0239e+00
nan	 nan	 4.5255e+01	 1.1043e+00	 4.5835e+01	 1.0239e+00
nan	 nan	 4.5284e+01	 1.1044e+00	 4.5864e+01	 1.0239e+00
nan	 nan	 4.5313e+01	 1.1044e+00	 4.5892e+01	 1.0239e+00
nan	 nan	 4.5341e+01	 1.1046e+00	 4.5921e+01	 1.0239e+00
nan	 nan	 4.5370e+01	 1.1046e+00	 4.5950e+01	 1.0239e+00
nan	 nan	 4.5398e+01	 1.1048e+00	 4.5979e+01	 1.0239e+00
nan	 nan	 4.5427e+01	 1.1049e+00	 4.6008e+01	 1.0239e+00
nan	 nan	 4.5456e+01	 1.1051e+00	 4.6036e+01	 1.0240e+00
nan	 nan	 4.5484e+01	 1.1052e+00	 4.6065e+01	 1.0240e+00
nan	 nan	 4.5513e+01	 1.1053e+00	 4.6094e+01	 1.0240e+00
nan	 nan	 4.5542e+01	 1.1055e+00	 4.6123e+01	 1.0241e+00
nan	 nan	 4.5570e+01	 1.1055e+00	 4.6152e+01	 1.0241e+00
nan	 nan	 4.5599e+01	 1.1058e+00	 4.6180e+01	 1.0242e+00
nan	 nan	 4.5628e+01	 1.1058e+00	 4.6209e+01	 1.0242e+00
nan	 nan	 4.5656e+01	 1.1060e+00	 4.6238e+01	 1.0243e+00
nan	 nan	 4.5685e+01	 1.1061e+00	 4.6267e+01	 1.0243e+00
nan	 nan	 4.5714e+01	 1.1062e+00	 4.6296e+01	 1.0244e+00
nan	 nan	 4.5742e+01	 1.1064e+00	 4.6325e+01	 1.0245e+00
nan	 nan	 4.5771e+01	 1.1064e+00	 4.6353e+01	 1.0245e+00
nan	 nan	 4.5800e+01	 1.1067e+00	 4.6382e+01	 1.0246e+00
nan	 nan	 4.5829e+01	 1.1068e+00	 4.6411e+01	 1.0246e+00
nan	 nan	 4.5857e+01	 1.1070e+00	 4.6440e+01	 1.0247e+00
nan	 nan	 4.5886e+01	 1.1072e+00	 4.6469e+01	 1.0248e+00
nan	 nan	 4.5915e+01	 1.1074e+00	 4.6498e+01	 1.0249e+00
nan	 nan	 4.5943e+01	 1.1077e+00	 4.6526e+01	 1.0250e+00
nan	 nan	 4.5972e+01	 1.1078e+00	 4.6555e+01	 1.0250e+00
nan	 nan	 4.6001e+01	 1.1082e+00	 4.6584e+01	 1.0251e+00
nan	 nan	 4.6029e+01	 1.1083e+00	 4.6613e+01	 1.0251e+00
nan	 nan	 4.6058e+01	 1.1085e+00	 4.6642e+01	 1.0253e+00
nan	 nan	 4.6087e+01	 1.1087e+00	 4.6671e+01	 1.0253e+00
nan	 nan	 4.6116e+01	 1.1088e+00	 4.6700e+01	 1.0254e+00
nan	 nan	 4.6144e+01	 1.1090e+00	 4.6729e+01	 1.0254e+00
nan	 nan	 4.6173e+01	 1.1090e+00	 4.6758e+01	 1.0254e+00
nan	 nan	 4.6202e+01	 1.1092e+00	 4.6786e+01	 1.0255e+00
nan	 nan	 4.6231e+01	 1.1091e+00	 4.6815e+01	 1.0255e+00
nan	 nan	 4.6259e+01	 1.1092e+00	 4.6844e+01	 1.0256e+00
nan	 nan	 4.6288e+01	 1.1092e+00	 4.6873e+01	 1.0256e+00
nan	 nan	 4.6317e+01	 1.1092e+00	 4.6902e+01	 1.0256e+00
nan	 nan	 4.6346e+01	 1.1093e+00	 4.6931e+01	 1.0256e+00
nan	 nan	 4.6374e+01	 1.1091e+00	 4.6960e+01	 1.0256e+00
nan	 nan	 4.6403e+01	 1.1092e+00	 4.6989e+01	 1.0256e+00
nan	 nan	 4.6432e+01	 1.1091e+00	 4.7018e+01	 1.0255e+00
nan	 nan	 4.6461e+01	 1.1092e+00	 4.7047e+01	 1.0256e+00
nan	 nan	 4.6489e+01	 1.1091e+00	 4.7075e+01	 1.0255e+00
nan	 nan	 4.6518e+01	 1.1091e+00	 4.7104e+01	 1.0256e+00
nan	 nan	 4.6547e+01	 1.1091e+00	 4.7133e+01	 1.0256e+00
nan	 nan	 4.6576e+01	 1.1091e+00	 4.7162e+01	 1.0255e+00
nan	 nan	 4.6605e+01	 1.1092e+00	 4.7191e+01	 1.0256e+00
nan	 nan	 4.6633e+01	 1.1092e+00	 4.7220e+01	 1.0255e+00
nan	 nan	 4.6662e+01	 1.1094e+00	 4.7249e+01	 1.0256e+00
nan	 nan	 4.6691e+01	 1.1094e+00	 4.7278e+01	 1.0255e+00
nan	 nan	 4.6720e+01	 1.1095e+00	 4.7307e+01	 1.0256e+00
nan	 nan	 4.6749e+01	 1.1097e+00	 4.7336e+01	 1.0256e+00
nan	 nan	 4.6778e+01	 1.1097e+00	 4.7365e+01	 1.0256e+00
nan	 nan	 4.6806e+01	 1.1100e+00	 4.7394e+01	 1.0257e+00
nan	 nan	 4.6835e+01	 1.1100e+00	 4.7422e+01	 1.0257e+00
nan	 nan	 4.6864e+01	 1.1103e+00	 4.7451e+01	 1.0258e+00
nan	 nan	 4.6893e+01	 1.1103e+00	 4.7480e+01	 1.0258e+00
nan	 nan	 4.6922e+01	 1.1105e+00	 4.7509e+01	 1.0259e+00
nan	 nan	 4.6950e+01	 1.1107e+00	 4.7538e+01	 1.0259e+00
nan	 nan	 4.6979e+01	 1.1108e+00	 4.7567e+01	 1.0259e+00
nan	 nan	 4.7008e+01	 1.1110e+00	 4.7596e+01	 1.0260e+00
nan	 nan	 4.7037e+01	 1.1110e+00	 4.7625e+01	 1.0260e+00
nan	 nan	 4.7066e+01	 1.1112e+00	 4.7654e+01	 1.0261e+00
nan	 nan	 4.7094e+01	 1.1113e+00	 4.7683e+01	 1.0261e+00
nan	 nan	 4.7123e+01	 1.1114e+00	 4.7712e+01	 1.0262e+00
nan	 nan	 4.7152e+01	 1.1115e+00	 4.7741e+01	 1.0262e+00
nan	 nan	 4.7181e+01	 1.1116e+00	 4.7770e+01	 1.0263e+00
nan	 nan	 4.7210e+01	 1.1118e+00	 4.7799e+01	 1.0264e+00
nan	 nan	 4.7239e+01	 1.1118e+00	 4.7828e+01	 1.0264e+00
nan	 nan	 4.7267e+01	 1.1120e+00	 4.7857e+01	 1.0265e+00
nan	 nan	 4.7296e+01	 1.1120e+00	 4.7886e+01	 1.0265e+00
nan	 nan	 4.7325e+01	 1.1121e+00	 4.7915e+01	 1.0266e+00
nan	 nan	 4.7354e+01	 1.1122e+00	 4.7944e+01	 1.0266e+00
nan	 nan	 4.7383e+01	 1.1122e+00	 4.7972e+01	 1.0266e+00
nan	 nan	 4.7412e+01	 1.1124e+00	 4.8002e+01	 1.0267e+00
nan	 nan	 4.7441e+01	 1.1123e+00	 4.8030e+01	 1.0267e+00
nan	 nan	 4.7469e+01	 1.1125e+00	 4.8059e+01	 1.0268e+00
nan	 nan	 4.7498e+01	 1.1124e+00	 4.8088e+01	 1.0267e+00
nan	 nan	 4.7527e+01	 1.1125e+00	 4.8117e+01	 1.0268e+00
nan	 nan	 4.7556e+01	 1.1126e+00	 4.8146e+01	 1.0268e+00
nan	 nan	 4.7585e+01	 1.1126e+00	 4.8175e+01	 1.0268e+00
nan	 nan	 4.7614e+01	 1.1127e+00	 4.8204e+01	 1.0268e+00
nan	 nan	 4.7643e+01	 1.1127e+00	 4.8233e+01	 1.0268e+00
nan	 nan	 4.7671e+01	 1.1129e+00	 4.8262e+01	 1.0268e+00
nan	 nan	 4.7700e+01	 1.1128e+00	 4.8291e+01	 1.0268e+00
nan	 nan	 4.7729e+01	 1.1130e+00	 4.8320e+01	 1.0268e+00
nan	 nan	 4.7758e+01	 1.1130e+00	 4.8349e+01	 1.0267e+00
nan	 nan	 4.7787e+01	 1.1130e+00	 4.8378e+01	 1.0267e+00
nan	 nan	 4.7816e+01	 1.1132e+00	 4.8407e+01	 1.0267e+00
nan	 nan	 4.7845e+01	 1.1131e+00	 4.8436e+01	 1.0266e+00
nan	 nan	 4.7873e+01	 1.1133e+00	 4.8465e+01	 1.0266e+00
nan	 nan	 4.7902e+01	 1.1133e+00	 4.8494e+01	 1.0265e+00
nan	 nan	 4.7931e+01	 1.1135e+00	 4.8523e+01	 1.0265e+00
nan	 nan	 4.7960e+01	 1.1136e+00	 4.8552e+01	 1.0264e+00
nan	 nan	 4.7989e+01	 1.1137e+00	 4.8581e+01	 1.0264e+00
nan	 nan	 4.8018e+01	 1.1138e+00	 4.8610e+01	 1.0264e+00
nan	 nan	 4.8047e+01	 1.1139e+00	 4.8639e+01	 1.0263e+00
nan	 nan	 4.8076e+01	 1.1141e+00	 4.8668e+01	 1.0264e+00
nan	 nan	 4.8105e+01	 1.1141e+00	 4.8697e+01	 1.0263e+00
nan	 nan	 4.8133e+01	 1.1144e+00	 4.8726e+01	 1.0263e+00
nan	 nan	 4.8162e+01	 1.1145e+00	 4.8755e+01	 1.0263e+00
nan	 nan	 4.8191e+01	 1.1147e+00	 4.8784e+01	 1.0263e+00
nan	 nan	 4.8220e+01	 1.1150e+00	 4.8813e+01	 1.0263e+00
nan	 nan	 4.8249e+01	 1.1151e+00	 4.8842e+01	 1.0263e+00
nan	 nan	 4.8278e+01	 1.1154e+00	 4.8871e+01	 1.0264e+00
nan	 nan	 4.8307e+01	 1.1154e+00	 4.8900e+01	 1.0264e+00
nan	 nan	 4.8336e+01	 1.1157e+00	 4.8929e+01	 1.0265e+00
nan	 nan	 4.8364e+01	 1.1158e+00	 4.8958e+01	 1.0265e+00
nan	 nan	 4.8393e+01	 1.1160e+00	 4.8986e+01	 1.0265e+00
nan	 nan	 4.8422e+01	 1.1161e+00	 4.9016e+01	 1.0266e+00
nan	 nan	 4.8451e+01	 1.1162e+00	 4.9044e+01	 1.0266e+00
nan	 nan	 4.8480e+01	 1.1164e+00	 4.9073e+01	 1.0267e+00
nan	 nan	 4.8509e+01	 1.1164e+00	 4.9102e+01	 1.0267e+00
nan	 nan	 4.8538e+01	 1.1166e+00	 4.9131e+01	 1.0268e+00
nan	 nan	 4.8567e+01	 1.1166e+00	 4.9160e+01	 1.0268e+00
nan	 nan	 4.8596e+01	 1.1167e+00	 4.9189e+01	 1.0269e+00
nan	 nan	 4.8624e+01	 1.1167e+00	 4.9218e+01	 1.0269e+00
nan	 nan	 4.8653e+01	 1.1167e+00	 4.9247e+01	 1.0270e+00
nan	 nan	 4.8682e+01	 1.1169e+00	 4.9276e+01	 1.0270e+00
nan	 nan	 4.8711e+01	 1.1168e+00	 4.9305e+01	 1.0270e+00
nan	 nan	 4.8740e+01	 1.1170e+00	 4.9334e+01	 1.0271e+00
nan	 nan	 4.8769e+01	 1.1169e+00	 4.9363e+01	 1.0270e+00
nan	 nan	 4.8798e+01	 1.1171e+00	 4.9392e+01	 1.0271e+00
nan	 nan	 4.8827e+01	 1.1172e+00	 4.9421e+01	 1.0271e+00
nan	 nan	 4.8856e+01	 1.1172e+00	 4.9450e+01	 1.0271e+00
nan	 nan	 4.8885e+01	 1.1174e+00	 4.9479e+01	 1.0271e+00
nan	 nan	 4.8913e+01	 1.1174e+00	 4.9508e+01	 1.0271e+00
nan	 nan	 4.8942e+01	 1.1177e+00	 4.9537e+01	 1.0271e+00
nan	 nan	 4.8971e+01	 1.1178e+00	 4.9566e+01	 1.0271e+00
nan	 nan	 4.9000e+01	 1.1180e+00	 4.9595e+01	 1.0271e+00
nan	 nan	 4.9029e+01	 1.1182e+00	 4.9623e+01	 1.0271e+00
nan	 nan	 4.9058e+01	 1.1183e+00	 4.9653e+01	 1.0271e+00
nan	 nan	 4.9087e+01	 1.1185e+00	 4.9681e+01	 1.0272e+00
nan	 nan	 4.9115e+01	 1.1186e+00	 4.9710e+01	 1.0272e+00
nan	 nan	 4.9144e+01	 1.1189e+00	 4.9739e+01	 1.0273e+00
nan	 nan	 4.9173e+01	 1.1190e+00	 4.9768e+01	 1.0272e+00
nan	 nan	 4.9202e+01	 1.1193e+00	 4.9797e+01	 1.0273e+00
nan	 nan	 4.9231e+01	 1.1195e+00	 4.9826e+01	 1.0273e+00
nan	 nan	 4.9260e+01	 1.1196e+00	 4.9855e+01	 1.0274e+00
nan	 nan	 4.9289e+01	 1.1199e+00	 4.9884e+01	 1.0274e+00
nan	 nan	 4.9318e+01	 1.1199e+00	 4.9913e+01	 1.0274e+00
nan	 nan	 4.9347e+01	 1.1201e+00	 4.9942e+01	 1.0275e+00
nan	 nan	 4.9376e+01	 1.1201e+00	 4.9971e+01	 1.0275e+00
nan	 nan	 4.9404e+01	 1.1203e+00	 5.0000e+01	 1.0276e+00
nan	 nan	 4.9433e+01	 1.1203e+00	 5.0029e+01	 1.0277e+00
nan	 nan	 4.9462e+01	 1.1204e+00	 5.0057e+01	 1.0277e+00
nan	 nan	 4.9491e+01	 1.1205e+00	 5.0086e+01	 1.0278e+00
nan	 nan	 4.9520e+01	 1.1205e+00	 5.0115e+01	 1.0278e+00
nan	 nan	 4.9549e+01	 1.1207e+00	 5.0144e+01	 1.0280e+00
nan	 nan	 4.9578e+01	 1.1207e+00	 5.0173e+01	 1.0280e+00
nan	 nan	 4.9606e+01	 1.1208e+00	 5.0202e+01	 1.0281e+00
nan	 nan	 4.9635e+01	 1.1209e+00	 5.0231e+01	 1.0281e+00
nan	 nan	 4.9664e+01	 1.1210e+00	 5.0260e+01	 1.0282e+00
nan	 nan	 4.9693e+01	 1.1212e+00	 5.0289e+01	 1.0282e+00
nan	 nan	 4.9722e+01	 1.1212e+00	 5.0318e+01	 1.0283e+00
nan	 nan	 4.9751e+01	 1.1214e+00	 5.0346e+01	 1.0284e+00
nan	 nan	 4.9780e+01	 1.1213e+00	 5.0375e+01	 1.0283e+00
nan	 nan	 4.9808e+01	 1.1215e+00	 5.0404e+01	 1.0284e+00
nan	 nan	 4.9837e+01	 1.1215e+00	 5.0433e+01	 1.0284e+00
nan	 nan	 4.9866e+01	 1.1216e+00	 5.0462e+01	 1.0285e+00
nan	 nan	 4.9895e+01	 1.1217e+00	 5.0491e+01	 1.0285e+00
nan	 nan	 4.9924e+01	 1.1217e+00	 5.0520e+01	 1.0285e+00
nan	 nan	 4.9953e+01	 1.1218e+00	 5.0548e+01	 1.0285e+00
nan	 nan	 4.9981e+01	 1.1218e+00	 5.0577e+01	 1.0285e+00
nan	 nan	 5.0010e+01	 1.1220e+00	 5.0606e+01	 1.0285e+00
nan	 nan	 5.0039e+01	 1.1220e+00	 5.0635e+01	 1.0285e+00
nan	 nan	 5.0068e+01	 1.1221e+00	 5.0664e+01	 1.0285e+00
nan	 nan	 5.0097e+01	 1.1222e+00	 5.0693e+01	 1.0285e+00
nan	 nan	 5.0126e+01	 1.1222e+00	 5.0721e+01	 1.0285e+00
nan	 nan	 5.0154e+01	 1.1224e+00	 5.0750e+01	 1.0285e+00
nan	 nan	 5.0183e+01	 1.1224e+00	 5.0779e+01	 1.0285e+00
nan	 nan	 5.0212e+01	 1.1226e+00	 5.0808e+01	 1.0286e+00
nan	 nan	 5.0241e+01	 1.1227e+00	 5.0837e+01	 1.0285e+00
nan	 nan	 5.0270e+01	 1.1228e+00	 5.0866e+01	 1.0286e+00
nan	 nan	 5.0298e+01	 1.1230e+00	 5.0894e+01	 1.0286e+00
nan	 nan	 5.0327e+01	 1.1230e+00	 5.0923e+01	 1.0286e+00
nan	 nan	 5.0356e+01	 1.1232e+00	 5.0952e+01	 1.0287e+00
nan	 nan	 5.0385e+01	 1.1232e+00	 5.0981e+01	 1.0287e+00
nan	 nan	 5.0413e+01	 1.1234e+00	 5.1010e+01	 1.0288e+00
nan	 nan	 5.0442e+01	 1.1235e+00	 5.1038e+01	 1.0288e+00
nan	 nan	 5.0471e+01	 1.1236e+00	 5.1067e+01	 1.0289e+00
nan	 nan	 5.0500e+01	 1.1238e+00	 5.1096e+01	 1.0290e+00
nan	 nan	 5.0529e+01	 1.1238e+00	 5.1125e+01	 1.0290e+00
nan	 nan	 5.0557e+01	 1.1240e+00	 5.1154e+01	 1.0291e+00
nan	 nan	 5.0586e+01	 1.1239e+00	 5.1182e+01	 1.0291e+00
nan	 nan	 5.0615e+01	 1.1241e+00	 5.1211e+01	 1.0293e+00
nan	 nan	 5.0644e+01	 1.1240e+00	 5.1240e+01	 1.0293e+00
nan	 nan	 5.0672e+01	 1.1241e+00	 5.1269e+01	 1.0294e+00
nan	 nan	 5.0701e+01	 1.1241e+00	 5.1297e+01	 1.0294e+00
nan	 nan	 5.0730e+01	 1.1241e+00	 5.1326e+01	 1.0294e+00
nan	 nan	 5.0759e+01	 1.1242e+00	 5.1355e+01	 1.0295e+00
nan	 nan	 5.0788e+01	 1.1241e+00	 5.1383e+01	 1.0295e+00
nan	 nan	 5.0816e+01	 1.1242e+00	 5.1412e+01	 1.0296e+00
nan	 nan	 5.0845e+01	 1.1241e+00	 5.1441e+01	 1.0296e+00
nan	 nan	 5.0874e+01	 1.1242e+00	 5.1470e+01	 1.0297e+00
nan	 nan	 5.0902e+01	 1.1242e+00	 5.1498e+01	 1.0297e+00
nan	 nan	 5.0931e+01	 1.1241e+00	 5.1527e+01	 1.0297e+00
nan	 nan	 5.0960e+01	 1.1242e+00	 5.1556e+01	 1.0298e+00
nan	 nan	 5.0989e+01	 1.1241e+00	 5.1584e+01	 1.0297e+00
nan	 nan	 5.1017e+01	 1.1243e+00	 5.1613e+01	 1.0298e+00
nan	 nan	 5.1046e+01	 1.1242e+00	 5.1642e+01	 1.0298e+00
nan	 nan	 5.1075e+01	 1.1243e+00	 5.1670e+01	 1.0298e+00
nan	 nan	 5.1103e+01	 1.1244e+00	 5.1699e+01	 1.0298e+00
nan	 nan	 5.1132e+01	 1.1244e+00	 5.1728e+01	 1.0298e+00
nan	 nan	 5.1161e+01	 1.1246e+00	 5.1756e+01	 1.0299e+00
nan	 nan	 5.1189e+01	 1.1245e+00	 5.1785e+01	 1.0298e+00
nan	 nan	 5.1218e+01	 1.1248e+00	 5.1814e+01	 1.0299e+00
nan	 nan	 5.1247e+01	 1.1247e+00	 5.1842e+01	 1.0298e+00
nan	 nan	 5.1275e+01	 1.1249e+00	 5.1871e+01	 1.0299e+00
nan	 nan	 5.1304e+01	 1.1250e+00	 5.1899e+01	 1.0298e+00
nan	 nan	 5.1333e+01	 1.1250e+00	 5.1928e+01	 1.0298e+00
nan	 nan	 5.1361e+01	 1.1252e+00	 5.1957e+01	 1.0299e+00
nan	 nan	 5.1390e+01	 1.1251e+00	 5.1985e+01	 1.0298e+00
nan	 nan	 5.1418e+01	 1.1253e+00	 5.2014e+01	 1.0299e+00
nan	 nan	 5.1447e+01	 1.1253e+00	 5.2042e+01	 1.0299e+00
nan	 nan	 5.1476e+01	 1.1254e+00	 5.2071e+01	 1.0299e+00
nan	 nan	 5.1504e+01	 1.1254e+00	 5.2099e+01	 1.0299e+00
nan	 nan	 5.1533e+01	 1.1254e+00	 5.2128e+01	 1.0300e+00
nan	 nan	 5.1561e+01	 1.1255e+00	 5.2157e+01	 1.0300e+00
nan	 nan	 5.1590e+01	 1.1254e+00	 5.2185e+01	 1.0300e+00
nan	 nan	 5.1619e+01	 1.1256e+00	 5.2214e+01	 1.0301e+00
nan	 nan	 5.1647e+01	 1.1255e+00	 5.2242e+01	 1.0301e+00
nan	 nan	 5.1676e+01	 1.1256e+00	 5.2271e+01	 1.0302e+00
nan	 nan	 5.1704e+01	 1.1256e+00	 5.2299e+01	 1.0302e+00
nan	 nan	 5.1733e+01	 1.1257e+00	 5.2328e+01	 1.0302e+00
nan	 nan	 5.1761e+01	 1.1258e+00	 5.2356e+01	 1.0302e+00
nan	 nan	 5.1790e+01	 1.1257e+00	 5.2385e+01	 1.0302e+00
nan	 nan	 5.1819e+01	 1.1259e+00	 5.2413e+01	 1.0303e+00
nan	 nan	 5.1847e+01	 1.1258e+00	 5.2442e+01	 1.0303e+00
nan	 nan	 5.1876e+01	 1.1259e+00	 5.2470e+01	 1.0303e+00
nan	 nan	 5.1904e+01	 1.1259e+00	 5.2499e+01	 1.0303e+00
nan	 nan	 5.1933e+01	 1.1260e+00	 5.2527e+01	 1.0303e+00
nan	 nan	 5.1961e+01	 1.1261e+00	 5.2556e+01	 1.0303e+00
nan	 nan	 5.1990e+01	 1.1261e+00	 5.2584e+01	 1.0303e+00
nan	 nan	 5.2018e+01	 1.1263e+00	 5.2612e+01	 1.0304e+00
nan	 nan	 5.2047e+01	 1.1263e+00	 5.2641e+01	 1.0303e+00
nan	 nan	 5.2075e+01	 1.1265e+00	 5.2669e+01	 1.0304e+00
nan	 nan	 5.2103e+01	 1.1266e+00	 5.2697e+01	 1.0303e+00
nan	 nan	 5.2132e+01	 1.1268e+00	 5.2726e+01	 1.0304e+00
nan	 nan	 5.2160e+01	 1.1270e+00	 5.2754e+01	 1.0304e+00
nan	 nan	 5.2189e+01	 1.1272e+00	 5.2783e+01	 1.0304e+00
nan	 nan	 5.2217e+01	 1.1275e+00	 5.2811e+01	 1.0305e+00
nan	 nan	 5.2246e+01	 1.1276e+00	 5.2839e+01	 1.0305e+00
nan	 nan	 5.2274e+01	 1.1279e+00	 5.2868e+01	 1.0306e+00
nan	 nan	 5.2302e+01	 1.1281e+00	 5.2896e+01	 1.0306e+00
nan	 nan	 5.2331e+01	 1.1283e+00	 5.2924e+01	 1.0307e+00
nan	 nan	 5.2359e+01	 1.1286e+00	 5.2953e+01	 1.0308e+00
nan	 nan	 5.2388e+01	 1.1287e+00	 5.2981e+01	 1.0308e+00
nan	 nan	 5.2416e+01	 1.1290e+00	 5.3009e+01	 1.0310e+00
nan	 nan	 5.2444e+01	 1.1291e+00	 5.3038e+01	 1.0310e+00
nan	 nan	 5.2473e+01	 1.1294e+00	 5.3066e+01	 1.0311e+00
nan	 nan	 5.2501e+01	 1.1295e+00	 5.3094e+01	 1.0312e+00
nan	 nan	 5.2529e+01	 1.1297e+00	 5.3123e+01	 1.0313e+00
nan	 nan	 5.2558e+01	 1.1299e+00	 5.3151e+01	 1.0313e+00
nan	 nan	 5.2586e+01	 1.1300e+00	 5.3179e+01	 1.0314e+00
nan	 nan	 5.2614e+01	 1.1302e+00	 5.3207e+01	 1.0315e+00
nan	 nan	 5.2643e+01	 1.1302e+00	 5.3236e+01	 1.0315e+00
nan	 nan	 5.2671e+01	 1.1305e+00	 5.3264e+01	 1.0316e+00
nan	 nan	 5.2699e+01	 1.1305e+00	 5.3292e+01	 1.0316e+00
nan	 nan	 5.2728e+01	 1.1307e+00	 5.3320e+01	 1.0317e+00
nan	 nan	 5.2756e+01	 1.1308e+00	 5.3348e+01	 1.0317e+00
nan	 nan	 5.2784e+01	 1.1309e+00	 5.3377e+01	 1.0318e+00
nan	 nan	 5.2812e+01	 1.1312e+00	 5.3405e+01	 1.0318e+00
nan	 nan	 5.2841e+01	 1.1312e+00	 5.3433e+01	 1.0318e+00
nan	 nan	 5.2869e+01	 1.1315e+00	 5.3461e+01	 1.0318e+00
nan	 nan	 5.2897e+01	 1.1315e+00	 5.3489e+01	 1.0318e+00
nan	 nan	 5.2925e+01	 1.1318e+00	 5.3517e+01	 1.0318e+00
nan	 nan	 5.2954e+01	 1.1319e+00	 5.3545e+01	 1.0317e+00
nan	 nan	 5.2982e+01	 1.1321e+00	 5.3574e+01	 1.0317e+00
nan	 nan	 5.3010e+01	 1.1324e+00	 5.3602e+01	 1.0317e+00
nan	 nan	 5.3038e+01	 1.1324e+00	 5.3630e+01	 1.0316e+00
nan	 nan	 5.3066e+01	 1.1327e+00	 5.3658e+01	 1.0316e+00
nan	 nan	 5.3094e+01	 1.1328e+00	 5.3686e+01	 1.0315e+00
nan	 nan	 5.3123e+01	 1.1330e+00	 5.3714e+01	 1.0315e+00
nan	 nan	 5.3151e+01	 1.1332e+00	 5.3742e+01	 1.0314e+00
nan	 nan	 5.3179e+01	 1.1333e+00	 5.3770e+01	 1.0314e+00
nan	 nan	 5.3207e+01	 1.1335e+00	 5.3798e+01	 1.0314e+00
nan	 nan	 5.3235e+01	 1.1335e+00	 5.3826e+01	 1.0313e+00
nan	 nan	 5.3263e+01	 1.1337e+00	 5.3854e+01	 1.0313e+00
nan	 nan	 5.3291e+01	 1.1337e+00	 5.3882e+01	 1.0312e+00
nan	 nan	 5.3319e+01	 1.1338e+00	 5.3910e+01	 1.0313e+00
nan	 nan	 5.3347e+01	 1.1338e+00	 5.3938e+01	 1.0312e+00
nan	 nan	 5.3376e+01	 1.1339e+00	 5.3966e+01	 1.0312e+00
nan	 nan	 5.3404e+01	 1.1339e+00	 5.3994e+01	 1.0312e+00
nan	 nan	 5.3432e+01	 1.1338e+00	 5.4022e+01	 1.0312e+00
nan	 nan	 5.3460e+01	 1.1340e+00	 5.4049e+01	 1.0313e+00
nan	 nan	 5.3488e+01	 1.1338e+00	 5.4077e+01	 1.0312e+00
nan	 nan	 5.3516e+01	 1.1339e+00	 5.4105e+01	 1.0313e+00
nan	 nan	 5.3544e+01	 1.1338e+00	 5.4133e+01	 1.0313e+00
nan	 nan	 5.3572e+01	 1.1338e+00	 5.4161e+01	 1.0314e+00
nan	 nan	 5.3599e+01	 1.1338e+00	 5.4189e+01	 1.0314e+00
nan	 nan	 5.3627e+01	 1.1337e+00	 5.4217e+01	 1.0314e+00
nan	 nan	 5.3655e+01	 1.1337e+00	 5.4244e+01	 1.0315e+00
nan	 nan	 5.3683e+01	 1.1335e+00	 5.4272e+01	 1.0315e+00
nan	 nan	 5.3711e+01	 1.1336e+00	 5.4300e+01	 1.0315e+00
nan	 nan	 5.3739e+01	 1.1334e+00	 5.4328e+01	 1.0315e+00
nan	 nan	 5.3767e+01	 1.1334e+00	 5.4355e+01	 1.0316e+00
nan	 nan	 5.3795e+01	 1.1334e+00	 5.4383e+01	 1.0316e+00
nan	 nan	 5.3823e+01	 1.1332e+00	 5.4411e+01	 1.0316e+00
nan	 nan	 5.3851e+01	 1.1333e+00	 5.4439e+01	 1.0316e+00
nan	 nan	 5.3879e+01	 1.1332e+00	 5.4466e+01	 1.0316e+00
nan	 nan	 5.3907e+01	 1.1332e+00	 5.4494e+01	 1.0316e+00
nan	 nan	 5.3934e+01	 1.1332e+00	 5.4522e+01	 1.0316e+00
nan	 nan	 5.3962e+01	 1.1333e+00	 5.4549e+01	 1.0316e+00
nan	 nan	 5.3990e+01	 1.1333e+00	 5.4577e+01	 1.0316e+00
nan	 nan	 5.4018e+01	 1.1333e+00	 5.4605e+01	 1.0315e+00
nan	 nan	 5.4045e+01	 1.1335e+00	 5.4632e+01	 1.0316e+00
nan	 nan	 5.4073e+01	 1.1335e+00	 5.4660e+01	 1.0315e+00
nan	 nan	 5.4101e+01	 1.1338e+00	 5.4687e+01	 1.0315e+00
nan	 nan	 5.4129e+01	 1.1338e+00	 5.4715e+01	 1.0314e+00
nan	 nan	 5.4157e+01	 1.1340e+00	 5.4742e+01	 1.0314e+00
nan	 nan	 5.4184e+01	 1.1342e+00	 5.4770e+01	 1.0314e+00
nan	 nan	 5.4212e+01	 1.1343e+00	 5.4798e+01	 1.0314e+00
nan	 nan	 5.4240e+01	 1.1345e+00	 5.4825e+01	 1.0314e+00
nan	 nan	 5.4267e+01	 1.1346e+00	 5.4853e+01	 1.0314e+00
nan	 nan	 5.4295e+01	 1.1349e+00	 5.4880e+01	 1.0315e+00
nan	 nan	 5.4323e+01	 1.1349e+00	 5.4908e+01	 1.0314e+00
nan	 nan	 5.4350e+01	 1.1351e+00	 5.4935e+01	 1.0315e+00
nan	 nan	 5.4378e+01	 1.1353e+00	 5.4962e+01	 1.0315e+00
nan	 nan	 5.4406e+01	 1.1353e+00	 5.4990e+01	 1.0315e+00
nan	 nan	 5.4433e+01	 1.1356e+00	 5.5017e+01	 1.0316e+00
nan	 nan	 5.4461e+01	 1.1357e+00	 5.5045e+01	 1.0316e+00
nan	 nan	 5.4488e+01	 1.1359e+00	 5.5072e+01	 1.0317e+00
nan	 nan	 5.4516e+01	 1.1360e+00	 5.5099e+01	 1.0317e+00
nan	 nan	 5.4543e+01	 1.1363e+00	 5.5127e+01	 1.0318e+00
nan	 nan	 5.4571e+01	 1.1365e+00	 5.5154e+01	 1.0319e+00
nan	 nan	 5.4598e+01	 1.1367e+00	 5.5181e+01	 1.0319e+00
nan	 nan	 5.4626e+01	 1.1370e+00	 5.5209e+01	 1.0320e+00
nan	 nan	 5.4653e+01	 1.1371e+00	 5.5236e+01	 1.0320e+00
nan	 nan	 5.4681e+01	 1.1374e+00	 5.5263e+01	 1.0321e+00
nan	 nan	 5.4708e+01	 1.1376e+00	 5.5291e+01	 1.0322e+00
nan	 nan	 5.4736e+01	 1.1378e+00	 5.5318e+01	 1.0323e+00
nan	 nan	 5.4763e+01	 1.1380e+00	 5.5345e+01	 1.0323e+00
nan	 nan	 5.4790e+01	 1.1382e+00	 5.5372e+01	 1.0324e+00
nan	 nan	 5.4818e+01	 1.1384e+00	 5.5399e+01	 1.0325e+00
nan	 nan	 5.4845e+01	 1.1385e+00	 5.5427e+01	 1.0325e+00
nan	 nan	 5.4872e+01	 1.1387e+00	 5.5454e+01	 1.0326e+00
nan	 nan	 5.4900e+01	 1.1388e+00	 5.5481e+01	 1.0326e+00
nan	 nan	 5.4927e+01	 1.1390e+00	 5.5508e+01	 1.0328e+00
nan	 nan	 5.4954e+01	 1.1391e+00	 5.5535e+01	 1.0328e+00
nan	 nan	 5.4982e+01	 1.1392e+00	 5.5562e+01	 1.0329e+00
nan	 nan	 5.5009e+01	 1.1393e+00	 5.5589e+01	 1.0329e+00
nan	 nan	 5.5036e+01	 1.1393e+00	 5.5616e+01	 1.0330e+00
nan	 nan	 5.5063e+01	 1.1395e+00	 5.5643e+01	 1.0331e+00
nan	 nan	 5.5091e+01	 1.1394e+00	 5.5670e+01	 1.0331e+00
nan	 nan	 5.5118e+01	 1.1396e+00	 5.5697e+01	 1.0331e+00
nan	 nan	 5.5145e+01	 1.1396e+00	 5.5724e+01	 1.0331e+00
nan	 nan	 5.5172e+01	 1.1396e+00	 5.5751e+01	 1.0332e+00
nan	 nan	 5.5200e+01	 1.1397e+00	 5.5778e+01	 1.0332e+00
nan	 nan	 5.5227e+01	 1.1396e+00	 5.5805e+01	 1.0332e+00
nan	 nan	 5.5254e+01	 1.1398e+00	 5.5832e+01	 1.0332e+00
nan	 nan	 5.5281e+01	 1.1397e+00	 5.5859e+01	 1.0331e+00
nan	 nan	 5.5308e+01	 1.1398e+00	 5.5886e+01	 1.0332e+00
nan	 nan	 5.5335e+01	 1.1397e+00	 5.5913e+01	 1.0331e+00
nan	 nan	 5.5362e+01	 1.1397e+00	 5.5939e+01	 1.0331e+00
nan	 nan	 5.5389e+01	 1.1398e+00	 5.5966e+01	 1.0332e+00
nan	 nan	 5.5416e+01	 1.1397e+00	 5.5993e+01	 1.0331e+00
nan	 nan	 5.5443e+01	 1.1398e+00	 5.6020e+01	 1.0332e+00
nan	 nan	 5.5470e+01	 1.1397e+00	 5.6047e+01	 1.0331e+00
nan	 nan	 5.5497e+01	 1.1398e+00	 5.6073e+01	 1.0332e+00
nan	 nan	 5.5524e+01	 1.1399e+00	 5.6100e+01	 1.0332e+00
nan	 nan	 5.5551e+01	 1.1400e+00	 5.6127e+01	 1.0332e+00
nan	 nan	 5.5578e+01	 1.1401e+00	 5.6153e+01	 1.0333e+00
nan	 nan	 5.5605e+01	 1.1401e+00	 5.6180e+01	 1.0333e+00
nan	 nan	 5.5632e+01	 1.1404e+00	 5.6207e+01	 1.0334e+00
nan	 nan	 5.5659e+01	 1.1404e+00	 5.6233e+01	 1.0333e+00
nan	 nan	 5.5685e+01	 1.1407e+00	 5.6260e+01	 1.0334e+00
nan	 nan	 5.5712e+01	 1.1408e+00	 5.6286e+01	 1.0334e+00
nan	 nan	 5.5739e+01	 1.1409e+00	 5.6313e+01	 1.0334e+00
nan	 nan	 5.5766e+01	 1.1411e+00	 5.6339e+01	 1.0334e+00
nan	 nan	 5.5793e+01	 1.1412e+00	 5.6366e+01	 1.0334e+00
nan	 nan	 5.5819e+01	 1.1415e+00	 5.6392e+01	 1.0334e+00
nan	 nan	 5.5846e+01	 1.1416e+00	 5.6419e+01	 1.0334e+00
nan	 nan	 5.5873e+01	 1.1419e+00	 5.6445e+01	 1.0335e+00
nan	 nan	 5.5900e+01	 1.1420e+00	 5.6472e+01	 1.0334e+00
nan	 nan	 5.5926e+01	 1.1421e+00	 5.6498e+01	 1.0335e+00
nan	 nan	 5.5953e+01	 1.1423e+00	 5.6525e+01	 1.0335e+00
nan	 nan	 5.5980e+01	 1.1424e+00	 5.6551e+01	 1.0334e+00
nan	 nan	 5.6006e+01	 1.1427e+00	 5.6577e+01	 1.0335e+00
nan	 nan	 5.6033e+01	 1.1427e+00	 5.6604e+01	 1.0334e+00
nan	 nan	 5.6059e+01	 1.1430e+00	 5.6630e+01	 1.0335e+00
nan	 nan	 5.6086e+01	 1.1430e+00	 5.6656e+01	 1.0335e+00
nan	 nan	 5.6113e+01	 1.1432e+00	 5.6682e+01	 1.0335e+00
nan	 nan	 5.6139e+01	 1.1433e+00	 5.6709e+01	 1.0335e+00
nan	 nan	 5.6166e+01	 1.1433e+00	 5.6735e+01	 1.0335e+00
nan	 nan	 5.6192e+01	 1.1435e+00	 5.6761e+01	 1.0336e+00
nan	 nan	 5.6219e+01	 1.1434e+00	 5.6787e+01	 1.0336e+00
nan	 nan	 5.6245e+01	 1.1436e+00	 5.6813e+01	 1.0337e+00
nan	 nan	 5.6272e+01	 1.1436e+00	 5.6840e+01	 1.0336e+00
nan	 nan	 5.6298e+01	 1.1436e+00	 5.6866e+01	 1.0337e+00
nan	 nan	 5.6324e+01	 1.1437e+00	 5.6892e+01	 1.0338e+00
nan	 nan	 5.6351e+01	 1.1436e+00	 5.6918e+01	 1.0338e+00
nan	 nan	 5.6377e+01	 1.1438e+00	 5.6944e+01	 1.0339e+00
nan	 nan	 5.6403e+01	 1.1437e+00	 5.6970e+01	 1.0339e+00
nan	 nan	 5.6430e+01	 1.1439e+00	 5.6996e+01	 1.0340e+00
nan	 nan	 5.6456e+01	 1.1438e+00	 5.7022e+01	 1.0341e+00
nan	 nan	 5.6482e+01	 1.1439e+00	 5.7048e+01	 1.0342e+00
nan	 nan	 5.6508e+01	 1.1440e+00	 5.7074e+01	 1.0343e+00
nan	 nan	 5.6535e+01	 1.1441e+00	 5.7100e+01	 1.0343e+00
nan	 nan	 5.6561e+01	 1.1443e+00	 5.7126e+01	 1.0345e+00
nan	 nan	 5.6587e+01	 1.1443e+00	 5.7151e+01	 1.0345e+00
nan	 nan	 5.6613e+01	 1.1445e+00	 5.7177e+01	 1.0347e+00
nan	 nan	 5.6639e+01	 1.1445e+00	 5.7203e+01	 1.0347e+00
nan	 nan	 5.6665e+01	 1.1447e+00	 5.7229e+01	 1.0348e+00
nan	 nan	 5.6691e+01	 1.1448e+00	 5.7255e+01	 1.0349e+00
nan	 nan	 5.6717e+01	 1.1450e+00	 5.7280e+01	 1.0350e+00
nan	 nan	 5.6743e+01	 1.1452e+00	 5.7306e+01	 1.0351e+00
nan	 nan	 5.6769e+01	 1.1452e+00	 5.7332e+01	 1.0352e+00
nan	 nan	 5.6795e+01	 1.1455e+00	 5.7357e+01	 1.0353e+00
nan	 nan	 5.6821e+01	 1.1455e+00	 5.7383e+01	 1.0354e+00
nan	 nan	 5.6847e+01	 1.1457e+00	 5.7409e+01	 1.0355e+00
nan	 nan	 5.6873e+01	 1.1459e+00	 5.7434e+01	 1.0356e+00
nan	 nan	 5.6899e+01	 1.1460e+00	 5.7460e+01	 1.0357e+00
nan	 nan	 5.6925e+01	 1.1461e+00	 5.7485e+01	 1.0357e+00
nan	 nan	 5.6951e+01	 1.1462e+00	 5.7511e+01	 1.0358e+00
nan	 nan	 5.6977e+01	 1.1464e+00	 5.7536e+01	 1.0359e+00
nan	 nan	 5.7002e+01	 1.1464e+00	 5.7562e+01	 1.0359e+00
nan	 nan	 5.7028e+01	 1.1466e+00	 5.7587e+01	 1.0359e+00
nan	 nan	 5.7054e+01	 1.1466e+00	 5.7613e+01	 1.0359e+00
nan	 nan	 5.7080e+01	 1.1467e+00	 5.7638e+01	 1.0360e+00
nan	 nan	 5.7105e+01	 1.1469e+00	 5.7663e+01	 1.0360e+00
nan	 nan	 5.7131e+01	 1.1468e+00	 5.7689e+01	 1.0360e+00
nan	 nan	 5.7157e+01	 1.1470e+00	 5.7714e+01	 1.0361e+00
nan	 nan	 5.7182e+01	 1.1469e+00	 5.7739e+01	 1.0360e+00
nan	 nan	 5.7208e+01	 1.1471e+00	 5.7764e+01	 1.0360e+00
nan	 nan	 5.7234e+01	 1.1471e+00	 5.7790e+01	 1.0360e+00
nan	 nan	 5.7259e+01	 1.1471e+00	 5.7815e+01	 1.0360e+00
nan	 nan	 5.7285e+01	 1.1472e+00	 5.7840e+01	 1.0360e+00
nan	 nan	 5.7310e+01	 1.1472e+00	 5.7865e+01	 1.0359e+00
nan	 nan	 5.7336e+01	 1.1474e+00	 5.7890e+01	 1.0359e+00
nan	 nan	 5.7361e+01	 1.1474e+00	 5.7916e+01	 1.0358e+00
nan	 nan	 5.7387e+01	 1.1476e+00	 5.7941e+01	 1.0359e+00
nan	 nan	 5.7412e+01	 1.1477e+00	 5.7966e+01	 1.0358e+00
nan	 nan	 5.7438e+01	 1.1478e+00	 5.7991e+01	 1.0358e+00
nan	 nan	 5.7463e+01	 1.1479e+00	 5.8016e+01	 1.0357e+00
nan	 nan	 5.7489e+01	 1.1480e+00	 5.8041e+01	 1.0357e+00
nan	 nan	 5.7514e+01	 1.1482e+00	 5.8066e+01	 1.0357e+00
nan	 nan	 5.7539e+01	 1.1483e+00	 5.8090e+01	 1.0356e+00
nan	 nan	 5.7565e+01	 1.1485e+00	 5.8115e+01	 1.0356e+00
nan	 nan	 5.7590e+01	 1.1486e+00	 5.8140e+01	 1.0355e+00
nan	 nan	 5.7615e+01	 1.1488e+00	 5.8165e+01	 1.0355e+00
nan	 nan	 5.7640e+01	 1.1490e+00	 5.8190e+01	 1.0355e+00
nan	 nan	 5.7665e+01	 1.1491e+00	 5.8214e+01	 1.0355e+00
nan	 nan	 5.7690e+01	 1.1494e+00	 5.8239e+01	 1.0355e+00
nan	 nan	 5.7715e+01	 1.1495e+00	 5.8264e+01	 1.0354e+00
nan	 nan	 5.7741e+01	 1.1498e+00	 5.8288e+01	 1.0355e+00
nan	 nan	 5.7766e+01	 1.1499e+00	 5.8313e+01	 1.0355e+00
nan	 nan	 5.7791e+01	 1.1501e+00	 5.8338e+01	 1.0355e+00
nan	 nan	 5.7816e+01	 1.1502e+00	 5.8362e+01	 1.0355e+00
nan	 nan	 5.7841e+01	 1.1503e+00	 5.8387e+01	 1.0356e+00
nan	 nan	 5.7866e+01	 1.1505e+00	 5.8411e+01	 1.0356e+00
nan	 nan	 5.7891e+01	 1.1505e+00	 5.8436e+01	 1.0357e+00
nan	 nan	 5.7916e+01	 1.1508e+00	 5.8460e+01	 1.0358e+00
nan	 nan	 5.7940e+01	 1.1508e+00	 5.8485e+01	 1.0358e+00
nan	 nan	 5.7965e+01	 1.1509e+00	 5.8509e+01	 1.0359e+00
nan	 nan	 5.7990e+01	 1.1510e+00	 5.8534e+01	 1.0359e+00
nan	 nan	 5.8015e+01	 1.1510e+00	 5.8558e+01	 1.0360e+00
nan	 nan	 5.8040e+01	 1.1512e+00	 5.8582e+01	 1.0361e+00
nan	 nan	 5.8064e+01	 1.1512e+00	 5.8606e+01	 1.0361e+00
nan	 nan	 5.8089e+01	 1.1513e+00	 5.8631e+01	 1.0363e+00
nan	 nan	 5.8114e+01	 1.1512e+00	 5.8655e+01	 1.0363e+00
nan	 nan	 5.8138e+01	 1.1512e+00	 5.8679e+01	 1.0364e+00
nan	 nan	 5.8163e+01	 1.1511e+00	 5.8703e+01	 1.0364e+00
nan	 nan	 5.8188e+01	 1.1510e+00	 5.8727e+01	 1.0365e+00
nan	 nan	 5.8212e+01	 1.1509e+00	 5.8752e+01	 1.0366e+00
nan	 nan	 5.8237e+01	 1.1506e+00	 5.8776e+01	 1.0366e+00
nan	 nan	 5.8261e+01	 1.1506e+00	 5.8800e+01	 1.0368e+00
nan	 nan	 5.8285e+01	 1.1503e+00	 5.8824e+01	 1.0368e+00
nan	 nan	 5.8310e+01	 1.1502e+00	 5.8848e+01	 1.0369e+00
nan	 nan	 5.8334e+01	 1.1501e+00	 5.8872e+01	 1.0369e+00
nan	 nan	 5.8359e+01	 1.1500e+00	 5.8896e+01	 1.0369e+00
nan	 nan	 5.8383e+01	 1.1499e+00	 5.8919e+01	 1.0370e+00
nan	 nan	 5.8407e+01	 1.1497e+00	 5.8943e+01	 1.0370e+00
nan	 nan	 5.8432e+01	 1.1498e+00	 5.8967e+01	 1.0370e+00
nan	 nan	 5.8456e+01	 1.1496e+00	 5.8991e+01	 1.0370e+00
nan	 nan	 5.8480e+01	 1.1496e+00	 5.9015e+01	 1.0370e+00
nan	 nan	 5.8505e+01	 1.1496e+00	 5.9038e+01	 1.0370e+00
nan	 nan	 5.8529e+01	 1.1496e+00	 5.9062e+01	 1.0370e+00
nan	 nan	 5.8553e+01	 1.1497e+00	 5.9086e+01	 1.0370e+00
nan	 nan	 5.8577e+01	 1.1496e+00	 5.9109e+01	 1.0370e+00
nan	 nan	 5.8601e+01	 1.1497e+00	 5.9133e+01	 1.0370e+00
nan	 nan	 5.8625e+01	 1.1497e+00	 5.9157e+01	 1.0369e+00
nan	 nan	 5.8649e+01	 1.1499e+00	 5.9180e+01	 1.0370e+00
nan	 nan	 5.8673e+01	 1.1500e+00	 5.9203e+01	 1.0369e+00
nan	 nan	 5.8697e+01	 1.1501e+00	 5.9227e+01	 1.0369e+00
nan	 nan	 5.8721e+01	 1.1504e+00	 5.9250e+01	 1.0369e+00
nan	 nan	 5.8745e+01	 1.1505e+00	 5.9274e+01	 1.0369e+00
nan	 nan	 5.8769e+01	 1.1508e+00	 5.9297e+01	 1.0369e+00
nan	 nan	 5.8793e+01	 1.1509e+00	 5.9320e+01	 1.0369e+00
nan	 nan	 5.8816e+01	 1.1512e+00	 5.9344e+01	 1.0369e+00
nan	 nan	 5.8840e+01	 1.1514e+00	 5.9367e+01	 1.0369e+00
nan	 nan	 5.8864e+01	 1.1517e+00	 5.9390e+01	 1.0369e+00
nan	 nan	 5.8888e+01	 1.1520e+00	 5.9413e+01	 1.0369e+00
nan	 nan	 5.8911e+01	 1.1521e+00	 5.9436e+01	 1.0369e+00
nan	 nan	 5.8935e+01	 1.1525e+00	 5.9459e+01	 1.0370e+00
nan	 nan	 5.8959e+01	 1.1526e+00	 5.9482e+01	 1.0370e+00
nan	 nan	 5.8982e+01	 1.1529e+00	 5.9505e+01	 1.0371e+00
nan	 nan	 5.9006e+01	 1.1531e+00	 5.9528e+01	 1.0371e+00
nan	 nan	 5.9029e+01	 1.1532e+00	 5.9551e+01	 1.0371e+00
nan	 nan	 5.9053e+01	 1.1534e+00	 5.9574e+01	 1.0371e+00
nan	 nan	 5.9076e+01	 1.1535e+00	 5.9597e+01	 1.0372e+00
nan	 nan	 5.9099e+01	 1.1537e+00	 5.9620e+01	 1.0372e+00
nan	 nan	 5.9123e+01	 1.1537e+00	 5.9643e+01	 1.0372e+00
nan	 nan	 5.9146e+01	 1.1539e+00	 5.9666e+01	 1.0372e+00
nan	 nan	 5.9170e+01	 1.1539e+00	 5.9688e+01	 1.0372e+00
nan	 nan	 5.9193e+01	 1.1540e+00	 5.9711e+01	 1.0372e+00
nan	 nan	 5.9216e+01	 1.1540e+00	 5.9734e+01	 1.0372e+00
nan	 nan	 5.9239e+01	 1.1540e+00	 5.9756e+01	 1.0372e+00
nan	 nan	 5.9262e+01	 1.1541e+00	 5.9779e+01	 1.0372e+00
nan	 nan	 5.9286e+01	 1.1540e+00	 5.9801e+01	 1.0372e+00
nan	 nan	 5.9309e+01	 1.1541e+00	 5.9824e+01	 1.0372e+00
nan	 nan	 5.9332e+01	 1.1541e+00	 5.9847e+01	 1.0371e+00
nan	 nan	 5.9355e+01	 1.1542e+00	 5.9869e+01	 1.0371e+00
nan	 nan	 5.9378e+01	 1.1542e+00	 5.9892e+01	 1.0371e+00
nan	 nan	 5.9401e+01	 1.1542e+00	 5.9914e+01	 1.0371e+00
nan	 nan	 5.9424e+01	 1.1542e+00	 5.9936e+01	 1.0371e+00
nan	 nan	 5.9447e+01	 1.1542e+00	 5.9959e+01	 1.0371e+00
nan	 nan	 5.9469e+01	 1.1543e+00	 5.9981e+01	 1.0371e+00
nan	 nan	 5.9492e+01	 1.1542e+00	 6.0003e+01	 1.0371e+00
nan	 nan	 5.9515e+01	 1.1543e+00	 6.0025e+01	 1.0371e+00
nan	 nan	 5.9538e+01	 1.1544e+00	 6.0047e+01	 1.0371e+00
nan	 nan	 5.9561e+01	 1.1544e+00	 6.0069e+01	 1.0371e+00
nan	 nan	 5.9583e+01	 1.1545e+00	 6.0092e+01	 1.0372e+00
nan	 nan	 5.9606e+01	 1.1544e+00	 6.0114e+01	 1.0372e+00
nan	 nan	 5.9629e+01	 1.1546e+00	 6.0136e+01	 1.0373e+00
nan	 nan	 5.9651e+01	 1.1546e+00	 6.0157e+01	 1.0373e+00
nan	 nan	 5.9674e+01	 1.1547e+00	 6.0179e+01	 1.0373e+00
nan	 nan	 5.9696e+01	 1.1547e+00	 6.0201e+01	 1.0374e+00
nan	 nan	 5.9719e+01	 1.1548e+00	 6.0223e+01	 1.0374e+00
nan	 nan	 5.9741e+01	 1.1549e+00	 6.0245e+01	 1.0375e+00
nan	 nan	 5.9764e+01	 1.1548e+00	 6.0267e+01	 1.0376e+00
nan	 nan	 5.9786e+01	 1.1550e+00	 6.0288e+01	 1.0377e+00
nan	 nan	 5.9808e+01	 1.1550e+00	 6.0310e+01	 1.0377e+00
nan	 nan	 5.9831e+01	 1.1550e+00	 6.0332e+01	 1.0378e+00
nan	 nan	 5.9853e+01	 1.1550e+00	 6.0353e+01	 1.0379e+00
nan	 nan	 5.9875e+01	 1.1550e+00	 6.0375e+01	 1.0380e+00
nan	 nan	 5.9897e+01	 1.1551e+00	 6.0396e+01	 1.0380e+00
nan	 nan	 5.9919e+01	 1.1550e+00	 6.0418e+01	 1.0381e+00
nan	 nan	 5.9941e+01	 1.1551e+00	 6.0439e+01	 1.0382e+00
nan	 nan	 5.9963e+01	 1.1550e+00	 6.0460e+01	 1.0382e+00
nan	 nan	 5.9985e+01	 1.1551e+00	 6.0482e+01	 1.0383e+00
nan	 nan	 6.0007e+01	 1.1551e+00	 6.0503e+01	 1.0383e+00
nan	 nan	 6.0029e+01	 1.1551e+00	 6.0524e+01	 1.0384e+00
nan	 nan	 6.0051e+01	 1.1552e+00	 6.0545e+01	 1.0384e+00
nan	 nan	 6.0073e+01	 1.1551e+00	 6.0567e+01	 1.0384e+00
nan	 nan	 6.0094e+01	 1.1553e+00	 6.0588e+01	 1.0385e+00
nan	 nan	 6.0116e+01	 1.1552e+00	 6.0609e+01	 1.0385e+00
nan	 nan	 6.0138e+01	 1.1554e+00	 6.0630e+01	 1.0386e+00
nan	 nan	 6.0160e+01	 1.1554e+00	 6.0651e+01	 1.0386e+00
nan	 nan	 6.0181e+01	 1.1555e+00	 6.0672e+01	 1.0386e+00
nan	 nan	 6.0203e+01	 1.1556e+00	 6.0693e+01	 1.0387e+00
nan	 nan	 6.0224e+01	 1.1557e+00	 6.0714e+01	 1.0387e+00
nan	 nan	 6.0246e+01	 1.1559e+00	 6.0734e+01	 1.0388e+00
nan	 nan	 6.0267e+01	 1.1559e+00	 6.0755e+01	 1.0388e+00
nan	 nan	 6.0289e+01	 1.1561e+00	 6.0776e+01	 1.0388e+00
nan	 nan	 6.0310e+01	 1.1561e+00	 6.0796e+01	 1.0388e+00
nan	 nan	 6.0331e+01	 1.1563e+00	 6.0817e+01	 1.0389e+00
nan	 nan	 6.0353e+01	 1.1564e+00	 6.0838e+01	 1.0390e+00
nan	 nan	 6.0374e+01	 1.1565e+00	 6.0858e+01	 1.0390e+00
nan	 nan	 6.0395e+01	 1.1567e+00	 6.0879e+01	 1.0391e+00
nan	 nan	 6.0416e+01	 1.1568e+00	 6.0899e+01	 1.0391e+00
nan	 nan	 6.0438e+01	 1.1571e+00	 6.0919e+01	 1.0392e+00
nan	 nan	 6.0459e+01	 1.1572e+00	 6.0940e+01	 1.0392e+00
nan	 nan	 6.0480e+01	 1.1573e+00	 6.0960e+01	 1.0393e+00
nan	 nan	 6.0501e+01	 1.1575e+00	 6.0980e+01	 1.0394e+00
nan	 nan	 6.0522e+01	 1.1576e+00	 6.1001e+01	 1.0394e+00
nan	 nan	 6.0543e+01	 1.1579e+00	 6.1021e+01	 1.0395e+00
nan	 nan	 6.0563e+01	 1.1579e+00	 6.1041e+01	 1.0395e+00
nan	 nan	 6.0584e+01	 1.1582e+00	 6.1061e+01	 1.0396e+00
nan	 nan	 6.0605e+01	 1.1582e+00	 6.1081e+01	 1.0396e+00
nan	 nan	 6.0626e+01	 1.1584e+00	 6.1101e+01	 1.0396e+00
nan	 nan	 6.0647e+01	 1.1585e+00	 6.1121e+01	 1.0397e+00
nan	 nan	 6.0667e+01	 1.1585e+00	 6.1141e+01	 1.0397e+00
nan	 nan	 6.0688e+01	 1.1587e+00	 6.1161e+01	 1.0398e+00
nan	 nan	 6.0708e+01	 1.1587e+00	 6.1180e+01	 1.0397e+00
nan	 nan	 6.0729e+01	 1.1588e+00	 6.1200e+01	 1.0398e+00
nan	 nan	 6.0749e+01	 1.1588e+00	 6.1220e+01	 1.0398e+00
nan	 nan	 6.0770e+01	 1.1588e+00	 6.1239e+01	 1.0398e+00
nan	 nan	 6.0790e+01	 1.1589e+00	 6.1259e+01	 1.0398e+00
nan	 nan	 6.0811e+01	 1.1588e+00	 6.1278e+01	 1.0398e+00
nan	 nan	 6.0831e+01	 1.1589e+00	 6.1298e+01	 1.0398e+00
nan	 nan	 6.0851e+01	 1.1588e+00	 6.1317e+01	 1.0397e+00
nan	 nan	 6.0871e+01	 1.1588e+00	 6.1337e+01	 1.0397e+00
nan	 nan	 6.0891e+01	 1.1588e+00	 6.1356e+01	 1.0396e+00
nan	 nan	 6.0911e+01	 1.1588e+00	 6.1375e+01	 1.0396e+00
nan	 nan	 6.0932e+01	 1.1587e+00	 6.1395e+01	 1.0395e+00
nan	 nan	 6.0952e+01	 1.1587e+00	 6.1414e+01	 1.0395e+00
nan	 nan	 6.0971e+01	 1.1587e+00	 6.1433e+01	 1.0395e+00
nan	 nan	 6.0991e+01	 1.1586e+00	 6.1452e+01	 1.0394e+00
nan	 nan	 6.1011e+01	 1.1587e+00	 6.1471e+01	 1.0394e+00
nan	 nan	 6.1031e+01	 1.1586e+00	 6.1490e+01	 1.0394e+00
nan	 nan	 6.1051e+01	 1.1587e+00	 6.1509e+01	 1.0394e+00
nan	 nan	 6.1071e+01	 1.1586e+00	 6.1528e+01	 1.0393e+00
nan	 nan	 6.1090e+01	 1.1586e+00	 6.1547e+01	 1.0393e+00
nan	 nan	 6.1110e+01	 1.1587e+00	 6.1566e+01	 1.0394e+00
nan	 nan	 6.1130e+01	 1.1587e+00	 6.1584e+01	 1.0393e+00
nan	 nan	 6.1149e+01	 1.1588e+00	 6.1603e+01	 1.0394e+00
nan	 nan	 6.1169e+01	 1.1587e+00	 6.1622e+01	 1.0393e+00
nan	 nan	 6.1188e+01	 1.1588e+00	 6.1640e+01	 1.0394e+00
nan	 nan	 6.1207e+01	 1.1589e+00	 6.1659e+01	 1.0394e+00
nan	 nan	 6.1227e+01	 1.1589e+00	 6.1677e+01	 1.0394e+00
nan	 nan	 6.1246e+01	 1.1590e+00	 6.1696e+01	 1.0395e+00
nan	 nan	 6.1265e+01	 1.1590e+00	 6.1714e+01	 1.0395e+00
nan	 nan	 6.1285e+01	 1.1592e+00	 6.1733e+01	 1.0395e+00
nan	 nan	 6.1304e+01	 1.1592e+00	 6.1751e+01	 1.0395e+00
nan	 nan	 6.1323e+01	 1.1593e+00	 6.1769e+01	 1.0396e+00
nan	 nan	 6.1342e+01	 1.1594e+00	 6.1787e+01	 1.0396e+00
nan	 nan	 6.1361e+01	 1.1595e+00	 6.1805e+01	 1.0397e+00
nan	 nan	 6.1380e+01	 1.1597e+00	 6.1824e+01	 1.0397e+00
nan	 nan	 6.1399e+01	 1.1597e+00	 6.1842e+01	 1.0398e+00
nan	 nan	 6.1418e+01	 1.1600e+00	 6.1859e+01	 1.0398e+00
nan	 nan	 6.1437e+01	 1.1600e+00	 6.1877e+01	 1.0398e+00
nan	 nan	 6.1455e+01	 1.1602e+00	 6.1895e+01	 1.0399e+00
nan	 nan	 6.1474e+01	 1.1604e+00	 6.1913e+01	 1.0399e+00
nan	 nan	 6.1493e+01	 1.1605e+00	 6.1931e+01	 1.0399e+00
nan	 nan	 6.1511e+01	 1.1607e+00	 6.1949e+01	 1.0400e+00
nan	 nan	 6.1530e+01	 1.1608e+00	 6.1966e+01	 1.0400e+00
nan	 nan	 6.1548e+01	 1.1610e+00	 6.1984e+01	 1.0400e+00
nan	 nan	 6.1567e+01	 1.1610e+00	 6.2001e+01	 1.0400e+00
nan	 nan	 6.1585e+01	 1.1612e+00	 6.2019e+01	 1.0401e+00
nan	 nan	 6.1604e+01	 1.1613e+00	 6.2036e+01	 1.0400e+00
nan	 nan	 6.1622e+01	 1.1614e+00	 6.2054e+01	 1.0401e+00
nan	 nan	 6.1640e+01	 1.1616e+00	 6.2071e+01	 1.0401e+00
nan	 nan	 6.1658e+01	 1.1616e+00	 6.2088e+01	 1.0400e+00
nan	 nan	 6.1676e+01	 1.1618e+00	 6.2106e+01	 1.0401e+00
nan	 nan	 6.1694e+01	 1.1618e+00	 6.2123e+01	 1.0400e+00
nan	 nan	 6.1712e+01	 1.1619e+00	 6.2140e+01	 1.0401e+00
nan	 nan	 6.1730e+01	 1.1619e+00	 6.2157e+01	 1.0400e+00
nan	 nan	 6.1748e+01	 1.1620e+00	 6.2174e+01	 1.0400e+00
nan	 nan	 6.1766e+01	 1.1620e+00	 6.2191e+01	 1.0400e+00
nan	 nan	 6.1784e+01	 1.1620e+00	 6.2208e+01	 1.0400e+00
nan	 nan	 6.1802e+01	 1.1621e+00	 6.2225e+01	 1.0401e+00
nan	 nan	 6.1820e+01	 1.1621e+00	 6.2242e+01	 1.0400e+00
nan	 nan	 6.1837e+01	 1.1621e+00	 6.2258e+01	 1.0401e+00
nan	 nan	 6.1855e+01	 1.1621e+00	 6.2275e+01	 1.0400e+00
nan	 nan	 6.1872e+01	 1.1621e+00	 6.2292e+01	 1.0401e+00
nan	 nan	 6.1890e+01	 1.1622e+00	 6.2308e+01	 1.0401e+00
nan	 nan	 6.1907e+01	 1.1622e+00	 6.2325e+01	 1.0401e+00
nan	 nan	 6.1925e+01	 1.1623e+00	 6.2342e+01	 1.0401e+00
nan	 nan	 6.1942e+01	 1.1623e+00	 6.2358e+01	 1.0401e+00
nan	 nan	 6.1959e+01	 1.1624e+00	 6.2374e+01	 1.0401e+00
nan	 nan	 6.1977e+01	 1.1624e+00	 6.2391e+01	 1.0401e+00
nan	 nan	 6.1994e+01	 1.1625e+00	 6.2407e+01	 1.0401e+00
nan	 nan	 6.2011e+01	 1.1626e+00	 6.2423e+01	 1.0401e+00
nan	 nan	 6.2028e+01	 1.1626e+00	 6.2439e+01	 1.0401e+00
nan	 nan	 6.2045e+01	 1.1628e+00	 6.2456e+01	 1.0402e+00
nan	 nan	 6.2062e+01	 1.1628e+00	 6.2472e+01	 1.0402e+00
nan	 nan	 6.2079e+01	 1.1630e+00	 6.2488e+01	 1.0402e+00
nan	 nan	 6.2096e+01	 1.1630e+00	 6.2504e+01	 1.0402e+00
nan	 nan	 6.2113e+01	 1.1632e+00	 6.2520e+01	 1.0403e+00
nan	 nan	 6.2129e+01	 1.1633e+00	 6.2535e+01	 1.0403e+00
nan	 nan	 6.2146e+01	 1.1634e+00	 6.2551e+01	 1.0403e+00
nan	 nan	 6.2163e+01	 1.1635e+00	 6.2567e+01	 1.0403e+00
nan	 nan	 6.2179e+01	 1.1636e+00	 6.2583e+01	 1.0403e+00
nan	 nan	 6.2196e+01	 1.1637e+00	 6.2598e+01	 1.0403e+00
nan	 nan	 6.2212e+01	 1.1638e+00	 6.2614e+01	 1.0402e+00
nan	 nan	 6.2229e+01	 1.1639e+00	 6.2629e+01	 1.0402e+00
nan	 nan	 6.2245e+01	 1.1639e+00	 6.2645e+01	 1.0402e+00
nan	 nan	 6.2262e+01	 1.1640e+00	 6.2660e+01	 1.0402e+00
nan	 nan	 6.2278e+01	 1.1641e+00	 6.2676e+01	 1.0402e+00
nan	 nan	 6.2294e+01	 1.1641e+00	 6.2691e+01	 1.0401e+00
nan	 nan	 6.2310e+01	 1.1642e+00	 6.2706e+01	 1.0401e+00
nan	 nan	 6.2327e+01	 1.1641e+00	 6.2721e+01	 1.0400e+00
nan	 nan	 6.2343e+01	 1.1642e+00	 6.2736e+01	 1.0400e+00
nan	 nan	 6.2359e+01	 1.1642e+00	 6.2752e+01	 1.0400e+00
nan	 nan	 6.2375e+01	 1.1641e+00	 6.2767e+01	 1.0399e+00
nan	 nan	 6.2391e+01	 1.1641e+00	 6.2782e+01	 1.0399e+00
nan	 nan	 6.2406e+01	 1.1640e+00	 6.2797e+01	 1.0399e+00
nan	 nan	 6.2422e+01	 1.1641e+00	 6.2812e+01	 1.0399e+00
nan	 nan	 6.2438e+01	 1.1639e+00	 6.2826e+01	 1.0398e+00
nan	 nan	 6.2454e+01	 1.1639e+00	 6.2841e+01	 1.0399e+00
nan	 nan	 6.2469e+01	 1.1638e+00	 6.2856e+01	 1.0399e+00
nan	 nan	 6.2485e+01	 1.1638e+00	 6.2870e+01	 1.0399e+00
nan	 nan	 6.2501e+01	 1.1637e+00	 6.2885e+01	 1.0399e+00
nan	 nan	 6.2516e+01	 1.1636e+00	 6.2900e+01	 1.0399e+00
nan	 nan	 6.2532e+01	 1.1637e+00	 6.2914e+01	 1.0400e+00
nan	 nan	 6.2547e+01	 1.1636e+00	 6.2928e+01	 1.0400e+00
nan	 nan	 6.2562e+01	 1.1636e+00	 6.2943e+01	 1.0401e+00
nan	 nan	 6.2578e+01	 1.1635e+00	 6.2957e+01	 1.0401e+00
nan	 nan	 6.2593e+01	 1.1635e+00	 6.2971e+01	 1.0402e+00
nan	 nan	 6.2608e+01	 1.1636e+00	 6.2986e+01	 1.0402e+00
nan	 nan	 6.2623e+01	 1.1636e+00	 6.3000e+01	 1.0403e+00
nan	 nan	 6.2638e+01	 1.1637e+00	 6.3014e+01	 1.0404e+00
nan	 nan	 6.2653e+01	 1.1636e+00	 6.3028e+01	 1.0405e+00
nan	 nan	 6.2668e+01	 1.1637e+00	 6.3042e+01	 1.0406e+00
nan	 nan	 6.2683e+01	 1.1638e+00	 6.3056e+01	 1.0406e+00
nan	 nan	 6.2698e+01	 1.1639e+00	 6.3070e+01	 1.0407e+00
nan	 nan	 6.2713e+01	 1.1639e+00	 6.3084e+01	 1.0408e+00
nan	 nan	 6.2728e+01	 1.1640e+00	 6.3098e+01	 1.0409e+00
nan	 nan	 6.2742e+01	 1.1641e+00	 6.3111e+01	 1.0410e+00
nan	 nan	 6.2757e+01	 1.1641e+00	 6.3125e+01	 1.0410e+00
nan	 nan	 6.2772e+01	 1.1643e+00	 6.3139e+01	 1.0411e+00
nan	 nan	 6.2786e+01	 1.1643e+00	 6.3152e+01	 1.0412e+00
nan	 nan	 6.2800e+01	 1.1644e+00	 6.3166e+01	 1.0412e+00
nan	 nan	 6.2815e+01	 1.1645e+00	 6.3179e+01	 1.0413e+00
nan	 nan	 6.2829e+01	 1.1646e+00	 6.3193e+01	 1.0413e+00
nan	 nan	 6.2844e+01	 1.1648e+00	 6.3206e+01	 1.0413e+00
nan	 nan	 6.2858e+01	 1.1649e+00	 6.3219e+01	 1.0413e+00
nan	 nan	 6.2872e+01	 1.1651e+00	 6.3233e+01	 1.0414e+00
nan	 nan	 6.2886e+01	 1.1653e+00	 6.3246e+01	 1.0413e+00
nan	 nan	 6.2900e+01	 1.1654e+00	 6.3259e+01	 1.0414e+00
nan	 nan	 6.2914e+01	 1.1656e+00	 6.3272e+01	 1.0413e+00
nan	 nan	 6.2928e+01	 1.1658e+00	 6.3285e+01	 1.0413e+00
nan	 nan	 6.2942e+01	 1.1660e+00	 6.3298e+01	 1.0413e+00
nan	 nan	 6.2956e+01	 1.1661e+00	 6.3311e+01	 1.0413e+00
nan	 nan	 6.2970e+01	 1.1663e+00	 6.3324e+01	 1.0413e+00
nan	 nan	 6.2984e+01	 1.1664e+00	 6.3337e+01	 1.0413e+00
nan	 nan	 6.2998e+01	 1.1666e+00	 6.3349e+01	 1.0412e+00
nan	 nan	 6.3011e+01	 1.1667e+00	 6.3362e+01	 1.0412e+00
nan	 nan	 6.3025e+01	 1.1668e+00	 6.3375e+01	 1.0412e+00
nan	 nan	 6.3038e+01	 1.1670e+00	 6.3387e+01	 1.0412e+00
nan	 nan	 6.3052e+01	 1.1670e+00	 6.3400e+01	 1.0411e+00
nan	 nan	 6.3065e+01	 1.1671e+00	 6.3412e+01	 1.0411e+00
nan	 nan	 6.3079e+01	 1.1671e+00	 6.3425e+01	 1.0411e+00
nan	 nan	 6.3092e+01	 1.1671e+00	 6.3437e+01	 1.0411e+00
nan	 nan	 6.3105e+01	 1.1671e+00	 6.3449e+01	 1.0411e+00
nan	 nan	 6.3118e+01	 1.1671e+00	 6.3462e+01	 1.0411e+00
nan	 nan	 6.3132e+01	 1.1671e+00	 6.3474e+01	 1.0411e+00
nan	 nan	 6.3145e+01	 1.1670e+00	 6.3486e+01	 1.0411e+00
nan	 nan	 6.3158e+01	 1.1670e+00	 6.3498e+01	 1.0411e+00
nan	 nan	 6.3170e+01	 1.1669e+00	 6.3510e+01	 1.0411e+00
nan	 nan	 6.3184e+01	 1.1669e+00	 6.3522e+01	 1.0411e+00
nan	 nan	 6.3196e+01	 1.1669e+00	 6.3534e+01	 1.0411e+00
nan	 nan	 6.3209e+01	 1.1668e+00	 6.3546e+01	 1.0412e+00
nan	 nan	 6.3222e+01	 1.1668e+00	 6.3558e+01	 1.0412e+00
nan	 nan	 6.3235e+01	 1.1667e+00	 6.3569e+01	 1.0412e+00
nan	 nan	 6.3247e+01	 1.1668e+00	 6.3581e+01	 1.0413e+00
nan	 nan	 6.3260e+01	 1.1667e+00	 6.3593e+01	 1.0413e+00
nan	 nan	 6.3272e+01	 1.1667e+00	 6.3604e+01	 1.0413e+00
nan	 nan	 6.3285e+01	 1.1667e+00	 6.3616e+01	 1.0413e+00
nan	 nan	 6.3297e+01	 1.1667e+00	 6.3627e+01	 1.0414e+00
nan	 nan	 6.3310e+01	 1.1667e+00	 6.3639e+01	 1.0414e+00
nan	 nan	 6.3322e+01	 1.1667e+00	 6.3650e+01	 1.0414e+00
nan	 nan	 6.3334e+01	 1.1667e+00	 6.3661e+01	 1.0415e+00
nan	 nan	 6.3346e+01	 1.1667e+00	 6.3673e+01	 1.0415e+00
nan	 nan	 6.3359e+01	 1.1667e+00	 6.3684e+01	 1.0415e+00
nan	 nan	 6.3371e+01	 1.1667e+00	 6.3695e+01	 1.0415e+00
nan	 nan	 6.3383e+01	 1.1667e+00	 6.3706e+01	 1.0415e+00
nan	 nan	 6.3395e+01	 1.1668e+00	 6.3717e+01	 1.0416e+00
nan	 nan	 6.3407e+01	 1.1668e+00	 6.3728e+01	 1.0416e+00
nan	 nan	 6.3419e+01	 1.1669e+00	 6.3739e+01	 1.0416e+00
nan	 nan	 6.3431e+01	 1.1669e+00	 6.3750e+01	 1.0416e+00
nan	 nan	 6.3442e+01	 1.1670e+00	 6.3761e+01	 1.0417e+00
nan	 nan	 6.3454e+01	 1.1670e+00	 6.3772e+01	 1.0417e+00
nan	 nan	 6.3466e+01	 1.1671e+00	 6.3782e+01	 1.0417e+00
nan	 nan	 6.3477e+01	 1.1673e+00	 6.3793e+01	 1.0417e+00
nan	 nan	 6.3489e+01	 1.1674e+00	 6.3803e+01	 1.0417e+00
nan	 nan	 6.3500e+01	 1.1675e+00	 6.3814e+01	 1.0417e+00
nan	 nan	 6.3512e+01	 1.1676e+00	 6.3824e+01	 1.0417e+00
nan	 nan	 6.3523e+01	 1.1678e+00	 6.3835e+01	 1.0417e+00
nan	 nan	 6.3534e+01	 1.1679e+00	 6.3845e+01	 1.0417e+00
nan	 nan	 6.3546e+01	 1.1681e+00	 6.3855e+01	 1.0417e+00
nan	 nan	 6.3557e+01	 1.1682e+00	 6.3866e+01	 1.0417e+00
nan	 nan	 6.3568e+01	 1.1683e+00	 6.3876e+01	 1.0417e+00
nan	 nan	 6.3579e+01	 1.1685e+00	 6.3886e+01	 1.0418e+00
nan	 nan	 6.3590e+01	 1.1685e+00	 6.3896e+01	 1.0417e+00
nan	 nan	 6.3601e+01	 1.1687e+00	 6.3906e+01	 1.0417e+00
nan	 nan	 6.3612e+01	 1.1687e+00	 6.3916e+01	 1.0417e+00
nan	 nan	 6.3623e+01	 1.1688e+00	 6.3926e+01	 1.0417e+00
nan	 nan	 6.3634e+01	 1.1689e+00	 6.3936e+01	 1.0417e+00
nan	 nan	 6.3645e+01	 1.1689e+00	 6.3946e+01	 1.0417e+00
nan	 nan	 6.3655e+01	 1.1689e+00	 6.3955e+01	 1.0417e+00
nan	 nan	 6.3666e+01	 1.1689e+00	 6.3965e+01	 1.0417e+00
nan	 nan	 6.3676e+01	 1.1690e+00	 6.3975e+01	 1.0417e+00
nan	 nan	 6.3687e+01	 1.1689e+00	 6.3984e+01	 1.0416e+00
nan	 nan	 6.3697e+01	 1.1690e+00	 6.3994e+01	 1.0417e+00
nan	 nan	 6.3708e+01	 1.1689e+00	 6.4003e+01	 1.0416e+00
nan	 nan	 6.3718e+01	 1.1689e+00	 6.4013e+01	 1.0416e+00
nan	 nan	 6.3729e+01	 1.1689e+00	 6.4022e+01	 1.0417e+00
nan	 nan	 6.3739e+01	 1.1689e+00	 6.4031e+01	 1.0417e+00
nan	 nan	 6.3749e+01	 1.1689e+00	 6.4040e+01	 1.0417e+00
nan	 nan	 6.3759e+01	 1.1688e+00	 6.4049e+01	 1.0417e+00
nan	 nan	 6.3769e+01	 1.1688e+00	 6.4058e+01	 1.0417e+00
nan	 nan	 6.3779e+01	 1.1687e+00	 6.4068e+01	 1.0417e+00
nan	 nan	 6.3789e+01	 1.1687e+00	 6.4077e+01	 1.0418e+00
nan	 nan	 6.3799e+01	 1.1687e+00	 6.4085e+01	 1.0418e+00
nan	 nan	 6.3809e+01	 1.1686e+00	 6.4094e+01	 1.0418e+00
nan	 nan	 6.3819e+01	 1.1686e+00	 6.4103e+01	 1.0419e+00
nan	 nan	 6.3829e+01	 1.1686e+00	 6.4112e+01	 1.0419e+00
nan	 nan	 6.3838e+01	 1.1686e+00	 6.4121e+01	 1.0419e+00
nan	 nan	 6.3848e+01	 1.1686e+00	 6.4129e+01	 1.0419e+00
nan	 nan	 6.3857e+01	 1.1687e+00	 6.4138e+01	 1.0419e+00
nan	 nan	 6.3867e+01	 1.1687e+00	 6.4147e+01	 1.0419e+00
nan	 nan	 6.3876e+01	 1.1687e+00	 6.4155e+01	 1.0419e+00
nan	 nan	 6.3886e+01	 1.1688e+00	 6.4163e+01	 1.0419e+00
nan	 nan	 6.3895e+01	 1.1688e+00	 6.4172e+01	 1.0419e+00
nan	 nan	 6.3904e+01	 1.1689e+00	 6.4180e+01	 1.0419e+00
nan	 nan	 6.3914e+01	 1.1690e+00	 6.4188e+01	 1.0419e+00
nan	 nan	 6.3923e+01	 1.1691e+00	 6.4197e+01	 1.0419e+00
nan	 nan	 6.3932e+01	 1.1692e+00	 6.4205e+01	 1.0419e+00
nan	 nan	 6.3941e+01	 1.1693e+00	 6.4213e+01	 1.0419e+00
nan	 nan	 6.3950e+01	 1.1694e+00	 6.4221e+01	 1.0419e+00
nan	 nan	 6.3959e+01	 1.1695e+00	 6.4229e+01	 1.0419e+00
nan	 nan	 6.3968e+01	 1.1696e+00	 6.4237e+01	 1.0419e+00
nan	 nan	 6.3977e+01	 1.1697e+00	 6.4244e+01	 1.0418e+00
nan	 nan	 6.3986e+01	 1.1698e+00	 6.4252e+01	 1.0418e+00
nan	 nan	 6.3994e+01	 1.1700e+00	 6.4260e+01	 1.0418e+00
nan	 nan	 6.4003e+01	 1.1701e+00	 6.4267e+01	 1.0418e+00
nan	 nan	 6.4011e+01	 1.1702e+00	 6.4275e+01	 1.0418e+00
nan	 nan	 6.4020e+01	 1.1703e+00	 6.4283e+01	 1.0418e+00
nan	 nan	 6.4028e+01	 1.1704e+00	 6.4290e+01	 1.0418e+00
nan	 nan	 6.4037e+01	 1.1705e+00	 6.4298e+01	 1.0418e+00
nan	 nan	 6.4045e+01	 1.1706e+00	 6.4305e+01	 1.0418e+00
nan	 nan	 6.4054e+01	 1.1707e+00	 6.4312e+01	 1.0418e+00
nan	 nan	 6.4062e+01	 1.1707e+00	 6.4320e+01	 1.0418e+00
nan	 nan	 6.4070e+01	 1.1708e+00	 6.4327e+01	 1.0418e+00
nan	 nan	 6.4078e+01	 1.1709e+00	 6.4334e+01	 1.0418e+00
nan	 nan	 6.4086e+01	 1.1710e+00	 6.4341e+01	 1.0418e+00
nan	 nan	 6.4094e+01	 1.1710e+00	 6.4348e+01	 1.0419e+00
nan	 nan	 6.4102e+01	 1.1711e+00	 6.4355e+01	 1.0419e+00
nan	 nan	 6.4110e+01	 1.1711e+00	 6.4362e+01	 1.0419e+00
nan	 nan	 6.4118e+01	 1.1711e+00	 6.4369e+01	 1.0419e+00
nan	 nan	 6.4126e+01	 1.1712e+00	 6.4376e+01	 1.0420e+00
nan	 nan	 6.4134e+01	 1.1712e+00	 6.4382e+01	 1.0420e+00
nan	 nan	 6.4141e+01	 1.1712e+00	 6.4389e+01	 1.0420e+00
nan	 nan	 6.4149e+01	 1.1712e+00	 6.4396e+01	 1.0421e+00
nan	 nan	 6.4156e+01	 1.1712e+00	 6.4402e+01	 1.0421e+00
nan	 nan	 6.4164e+01	 1.1712e+00	 6.4409e+01	 1.0422e+00
nan	 nan	 6.4171e+01	 1.1712e+00	 6.4415e+01	 1.0422e+00
nan	 nan	 6.4179e+01	 1.1712e+00	 6.4421e+01	 1.0422e+00
nan	 nan	 6.4186e+01	 1.1711e+00	 6.4428e+01	 1.0423e+00
nan	 nan	 6.4194e+01	 1.1710e+00	 6.4434e+01	 1.0423e+00
nan	 nan	 6.4201e+01	 1.1710e+00	 6.4440e+01	 1.0423e+00
nan	 nan	 6.4208e+01	 1.1709e+00	 6.4447e+01	 1.0424e+00
nan	 nan	 6.4215e+01	 1.1709e+00	 6.4453e+01	 1.0424e+00
nan	 nan	 6.4222e+01	 1.1708e+00	 6.4459e+01	 1.0424e+00
nan	 nan	 6.4229e+01	 1.1708e+00	 6.4465e+01	 1.0424e+00
nan	 nan	 6.4236e+01	 1.1708e+00	 6.4471e+01	 1.0424e+00
nan	 nan	 6.4243e+01	 1.1708e+00	 6.4476e+01	 1.0425e+00
nan	 nan	 6.4250e+01	 1.1708e+00	 6.4482e+01	 1.0425e+00
nan	 nan	 6.4256e+01	 1.1708e+00	 6.4488e+01	 1.0425e+00
nan	 nan	 6.4263e+01	 1.1708e+00	 6.4494e+01	 1.0425e+00
nan	 nan	 6.4270e+01	 1.1708e+00	 6.4499e+01	 1.0425e+00
nan	 nan	 6.4276e+01	 1.1709e+00	 6.4505e+01	 1.0425e+00
nan	 nan	 6.4283e+01	 1.1709e+00	 6.4510e+01	 1.0425e+00
nan	 nan	 6.4289e+01	 1.1710e+00	 6.4516e+01	 1.0425e+00
nan	 nan	 6.4296e+01	 1.1710e+00	 6.4521e+01	 1.0425e+00
nan	 nan	 6.4302e+01	 1.1711e+00	 6.4526e+01	 1.0425e+00
nan	 nan	 6.4308e+01	 1.1712e+00	 6.4532e+01	 1.0426e+00
nan	 nan	 6.4315e+01	 1.1712e+00	 6.4537e+01	 1.0426e+00
nan	 nan	 6.4321e+01	 1.1713e+00	 6.4542e+01	 1.0426e+00
nan	 nan	 6.4327e+01	 1.1713e+00	 6.4547e+01	 1.0426e+00
nan	 nan	 6.4333e+01	 1.1714e+00	 6.4552e+01	 1.0427e+00
nan	 nan	 6.4339e+01	 1.1714e+00	 6.4557e+01	 1.0427e+00
nan	 nan	 6.4345e+01	 1.1715e+00	 6.4562e+01	 1.0427e+00
nan	 nan	 6.4351e+01	 1.1715e+00	 6.4567e+01	 1.0428e+00
nan	 nan	 6.4357e+01	 1.1715e+00	 6.4572e+01	 1.0428e+00
nan	 nan	 6.4363e+01	 1.1715e+00	 6.4577e+01	 1.0428e+00
nan	 nan	 6.4368e+01	 1.1715e+00	 6.4581e+01	 1.0428e+00
nan	 nan	 6.4374e+01	 1.1715e+00	 6.4586e+01	 1.0428e+00
nan	 nan	 6.4380e+01	 1.1714e+00	 6.4591e+01	 1.0428e+00
nan	 nan	 6.4385e+01	 1.1714e+00	 6.4595e+01	 1.0429e+00
nan	 nan	 6.4391e+01	 1.1713e+00	 6.4600e+01	 1.0429e+00
nan	 nan	 6.4396e+01	 1.1713e+00	 6.4604e+01	 1.0429e+00
nan	 nan	 6.4401e+01	 1.1712e+00	 6.4608e+01	 1.0429e+00
nan	 nan	 6.4407e+01	 1.1711e+00	 6.4612e+01	 1.0429e+00
nan	 nan	 6.4412e+01	 1.1711e+00	 6.4617e+01	 1.0429e+00
nan	 nan	 6.4417e+01	 1.1710e+00	 6.4621e+01	 1.0428e+00
nan	 nan	 6.4422e+01	 1.1710e+00	 6.4625e+01	 1.0428e+00
nan	 nan	 6.4427e+01	 1.1710e+00	 6.4629e+01	 1.0428e+00
nan	 nan	 6.4432e+01	 1.1710e+00	 6.4633e+01	 1.0428e+00
nan	 nan	 6.4437e+01	 1.1710e+00	 6.4637e+01	 1.0427e+00
nan	 nan	 6.4442e+01	 1.1709e+00	 6.4641e+01	 1.0427e+00
nan	 nan	 6.4447e+01	 1.1710e+00	 6.4645e+01	 1.0426e+00
nan	 nan	 6.4452e+01	 1.1710e+00	 6.4648e+01	 1.0425e+00
nan	 nan	 6.4457e+01	 1.1711e+00	 6.4652e+01	 1.0425e+00
nan	 nan	 6.4461e+01	 1.1711e+00	 6.4656e+01	 1.0424e+00
nan	 nan	 6.4466e+01	 1.1711e+00	 6.4659e+01	 1.0423e+00
nan	 nan	 6.4470e+01	 1.1711e+00	 6.4663e+01	 1.0423e+00
nan	 nan	 6.4475e+01	 1.1711e+00	 6.4666e+01	 1.0422e+00
nan	 nan	 6.4479e+01	 1.1711e+00	 6.4670e+01	 1.0422e+00
nan	 nan	 6.4484e+01	 1.1711e+00	 6.4673e+01	 1.0421e+00
nan	 nan	 6.4488e+01	 1.1710e+00	 6.4676e+01	 1.0421e+00
nan	 nan	 6.4492e+01	 1.1710e+00	 6.4679e+01	 1.0421e+00
nan	 nan	 6.4496e+01	 1.1709e+00	 6.4683e+01	 1.0420e+00
nan	 nan	 6.4500e+01	 1.1708e+00	 6.4686e+01	 1.0420e+00
nan	 nan	 6.4504e+01	 1.1706e+00	 6.4689e+01	 1.0420e+00
nan	 nan	 6.4508e+01	 1.1705e+00	 6.4692e+01	 1.0420e+00
nan	 nan	 6.4512e+01	 1.1703e+00	 6.4695e+01	 1.0420e+00
nan	 nan	 6.4516e+01	 1.1701e+00	 6.4697e+01	 1.0420e+00
nan	 nan	 6.4520e+01	 1.1700e+00	 6.4700e+01	 1.0420e+00
nan	 nan	 6.4524e+01	 1.1698e+00	 6.4703e+01	 1.0420e+00
nan	 nan	 6.4528e+01	 1.1696e+00	 6.4706e+01	 1.0421e+00
nan	 nan	 6.4531e+01	 1.1694e+00	 6.4708e+01	 1.0421e+00
nan	 nan	 6.4535e+01	 1.1692e+00	 6.4711e+01	 1.0422e+00
nan	 nan	 6.4538e+01	 1.1690e+00	 6.4713e+01	 1.0422e+00
nan	 nan	 6.4542e+01	 1.1689e+00	 6.4716e+01	 1.0422e+00
nan	 nan	 6.4545e+01	 1.1688e+00	 6.4718e+01	 1.0423e+00
nan	 nan	 6.4549e+01	 1.1687e+00	 6.4720e+01	 1.0423e+00
nan	 nan	 6.4552e+01	 1.1686e+00	 6.4722e+01	 1.0424e+00
nan	 nan	 6.4555e+01	 1.1686e+00	 6.4725e+01	 1.0424e+00
nan	 nan	 6.4558e+01	 1.1686e+00	 6.4727e+01	 1.0425e+00
nan	 nan	 6.4561e+01	 1.1686e+00	 6.4729e+01	 1.0425e+00
nan	 nan	 6.4564e+01	 1.1686e+00	 6.4731e+01	 1.0426e+00
nan	 nan	 6.4567e+01	 1.1686e+00	 6.4733e+01	 1.0426e+00
nan	 nan	 6.4570e+01	 1.1686e+00	 6.4735e+01	 1.0427e+00
nan	 nan	 6.4573e+01	 1.1687e+00	 6.4736e+01	 1.0427e+00
nan	 nan	 6.4576e+01	 1.1688e+00	 6.4738e+01	 1.0427e+00
nan	 nan	 6.4579e+01	 1.1689e+00	 6.4740e+01	 1.0428e+00
nan	 nan	 6.4581e+01	 1.1690e+00	 6.4742e+01	 1.0428e+00
nan	 nan	 6.4584e+01	 1.1691e+00	 6.4743e+01	 1.0429e+00
nan	 nan	 6.4587e+01	 1.1693e+00	 6.4745e+01	 1.0429e+00
nan	 nan	 6.4589e+01	 1.1694e+00	 6.4746e+01	 1.0429e+00
nan	 nan	 6.4591e+01	 1.1696e+00	 6.4748e+01	 1.0429e+00
nan	 nan	 6.4594e+01	 1.1697e+00	 6.4749e+01	 1.0429e+00
nan	 nan	 6.4596e+01	 1.1698e+00	 6.4750e+01	 1.0429e+00
nan	 nan	 6.4599e+01	 1.1699e+00	 6.4751e+01	 1.0429e+00
nan	 nan	 6.4601e+01	 1.1700e+00	 6.4752e+01	 1.0429e+00
nan	 nan	 6.4603e+01	 1.1701e+00	 6.4754e+01	 1.0429e+00
nan	 nan	 6.4605e+01	 1.1701e+00	 6.4755e+01	 1.0428e+00
nan	 nan	 6.4607e+01	 1.1702e+00	 6.4756e+01	 1.0428e+00
nan	 nan	 6.4609e+01	 1.1702e+00	 6.4757e+01	 1.0428e+00
nan	 nan	 6.4611e+01	 1.1703e+00	 6.4757e+01	 1.0427e+00
nan	 nan	 6.4613e+01	 1.1703e+00	 6.4758e+01	 1.0427e+00
nan	 nan	 6.4615e+01	 1.1703e+00	 nan	 nan
nan	 nan	 6.4616e+01	 1.1703e+00	 nan	 nan
nan	 nan	 6.4618e+01	 1.1704e+00	 nan	 nan
nan	 nan	 6.4620e+01	 1.1704e+00	 nan	 nan
nan	 nan	 6.4621e+01	 1.1705e+00	 nan	 nan
nan	 nan	 6.4623e+01	 1.1706e+00	 nan	 nan
nan	 nan	 6.4624e+01	 1.1706e+00	 nan	 nan
nan	 nan	 6.4625e+01	 1.1708e+00	 nan	 nan
nan	 nan	 6.4627e+01	 1.1709e+00	 nan	 nan
nan	 nan	 6.4628e+01	 1.1711e+00	 nan	 nan
nan	 nan	 6.4629e+01	 1.1713e+00	 nan	 nan
nan	 nan	 6.4630e+01	 1.1716e+00	 nan	 nan
nan	 nan	 6.4631e+01	 1.1719e+00	 nan	 nan
nan	 nan	 6.4632e+01	 1.1722e+00	 nan	 nan
nan	 nan	 6.4633e+01	 1.1726e+00	 nan	 nan
nan	 nan	 6.4634e+01	 1.1729e+00	 nan	 nan
nan	 nan	 6.4635e+01	 1.1733e+00	 nan	 nan
nan	 nan	 6.4636e+01	 1.1736e+00	 nan	 nan
