#LSCO S1 at T = 4 K, experimental data: 
# for B//c: B[T], rho(B)/rho(0); for B//a: B[T], rho(B)/rho(0)
5.3491e-09	 1.0004e+00	 5.3491e-09	 1.0026e+00
3.5636e-08	 1.0006e+00	 3.5636e-08	 1.0019e+00
1.3513e-07	 1.0003e+00	 1.3513e-07	 1.0022e+00
1.5078e-07	 1.0004e+00	 1.5078e-07	 1.0026e+00
1.7971e-07	 1.0003e+00	 1.7971e-07	 1.0019e+00
2.3444e-07	 1.0006e+00	 2.3444e-07	 1.0019e+00
2.5686e-07	 1.0003e+00	 2.5686e-07	 1.0023e+00
2.5917e-07	 1.0004e+00	 2.5917e-07	 1.0026e+00
4.4488e-07	 1.0004e+00	 4.4488e-07	 1.0024e+00
5.4769e-07	 1.0003e+00	 5.4769e-07	 1.0017e+00
6.1413e-07	 1.0003e+00	 6.1413e-07	 1.0022e+00
6.1862e-07	 1.0003e+00	 6.1862e-07	 1.0022e+00
6.5154e-07	 1.0003e+00	 6.5154e-07	 1.0022e+00
6.5884e-07	 1.0004e+00	 6.5884e-07	 1.0024e+00
7.8374e-07	 1.0004e+00	 7.8374e-07	 1.0023e+00
7.9230e-07	 1.0003e+00	 7.9230e-07	 1.0022e+00
7.9331e-07	 1.0003e+00	 7.9331e-07	 1.0022e+00
8.2523e-07	 1.0004e+00	 8.2523e-07	 1.0023e+00
9.5247e-07	 1.0007e+00	 9.5247e-07	 1.0018e+00
9.6545e-07	 1.0003e+00	 9.6545e-07	 1.0019e+00
9.7306e-07	 1.0004e+00	 9.7306e-07	 1.0024e+00
9.7983e-07	 1.0003e+00	 9.7983e-07	 1.0019e+00
1.0043e-06	 1.0003e+00	 1.0043e-06	 1.0021e+00
1.0421e-06	 1.0003e+00	 1.0421e-06	 1.0019e+00
1.0976e-06	 1.0003e+00	 1.0976e-06	 1.0017e+00
1.1039e-06	 1.0003e+00	 1.1039e-06	 1.0019e+00
1.2973e-06	 1.0003e+00	 1.2973e-06	 1.0019e+00
1.4161e-06	 1.0003e+00	 1.4161e-06	 1.0019e+00
1.4907e-06	 1.0003e+00	 1.4907e-06	 1.0021e+00
1.4918e-06	 1.0003e+00	 1.4918e-06	 1.0019e+00
1.5555e-06	 1.0004e+00	 1.5555e-06	 1.0017e+00
1.5797e-06	 1.0003e+00	 1.5797e-06	 1.0019e+00
1.6422e-06	 1.0007e+00	 1.6422e-06	 1.0018e+00
1.7961e-06	 1.0004e+00	 1.7961e-06	 1.0020e+00
1.8844e-06	 1.0004e+00	 1.8844e-06	 1.0020e+00
1.8941e-06	 1.0004e+00	 1.8941e-06	 1.0020e+00
1.9007e-06	 1.0004e+00	 1.9007e-06	 1.0019e+00
1.9447e-06	 1.0003e+00	 1.9447e-06	 1.0021e+00
2.0274e-06	 1.0004e+00	 2.0274e-06	 1.0019e+00
2.2311e-06	 1.0003e+00	 2.2311e-06	 1.0020e+00
2.3063e-06	 1.0005e+00	 2.3063e-06	 1.0018e+00
2.3338e-06	 1.0005e+00	 2.3338e-06	 1.0018e+00
2.3364e-06	 1.0005e+00	 2.3364e-06	 1.0018e+00
2.4021e-06	 1.0004e+00	 2.4021e-06	 1.0017e+00
2.4198e-06	 1.0004e+00	 2.4198e-06	 1.0018e+00
2.4263e-06	 1.0005e+00	 2.4263e-06	 1.0018e+00
2.4552e-06	 1.0003e+00	 2.4552e-06	 1.0020e+00
2.4614e-06	 1.0002e+00	 2.4614e-06	 1.0020e+00
2.4616e-06	 1.0004e+00	 2.4616e-06	 1.0017e+00
2.4834e-06	 1.0004e+00	 2.4834e-06	 1.0018e+00
2.5988e-06	 1.0003e+00	 2.5988e-06	 1.0020e+00
2.6182e-06	 1.0007e+00	 2.6182e-06	 1.0018e+00
2.8248e-06	 1.0005e+00	 2.8248e-06	 1.0018e+00
2.8401e-06	 1.0007e+00	 2.8401e-06	 1.0018e+00
2.9568e-06	 1.0007e+00	 2.9568e-06	 1.0015e+00
2.9833e-06	 1.0006e+00	 2.9833e-06	 1.0017e+00
3.0137e-06	 1.0007e+00	 3.0137e-06	 1.0015e+00
3.0498e-06	 1.0007e+00	 3.0498e-06	 1.0018e+00
3.0568e-06	 1.0002e+00	 3.0568e-06	 1.0020e+00
3.1111e-06	 1.0007e+00	 3.1111e-06	 1.0017e+00
3.1400e-06	 1.0008e+00	 3.1400e-06	 1.0014e+00
3.1754e-06	 1.0002e+00	 3.1754e-06	 1.0020e+00
3.2074e-06	 1.0002e+00	 3.2074e-06	 1.0020e+00
3.2138e-06	 1.0008e+00	 3.2138e-06	 1.0015e+00
3.2545e-06	 1.0008e+00	 3.2545e-06	 1.0014e+00
3.2815e-06	 1.0008e+00	 3.2815e-06	 1.0014e+00
3.3114e-06	 1.0007e+00	 3.3114e-06	 1.0016e+00
3.3563e-06	 1.0002e+00	 3.3563e-06	 1.0024e+00
3.3664e-06	 1.0007e+00	 3.3664e-06	 1.0017e+00
3.3704e-06	 1.0008e+00	 3.3704e-06	 1.0014e+00
3.3805e-06	 1.0003e+00	 3.3805e-06	 1.0024e+00
3.4451e-06	 1.0005e+00	 3.4451e-06	 1.0020e+00
3.4705e-06	 1.0008e+00	 3.4705e-06	 1.0014e+00
3.4803e-06	 1.0008e+00	 3.4803e-06	 1.0015e+00
3.5372e-06	 1.0003e+00	 3.5372e-06	 1.0024e+00
3.5937e-06	 1.0002e+00	 3.5937e-06	 1.0020e+00
3.6413e-06	 1.0007e+00	 3.6413e-06	 1.0017e+00
3.6429e-06	 1.0005e+00	 3.6429e-06	 1.0018e+00
3.6471e-06	 1.0006e+00	 3.6471e-06	 1.0019e+00
3.6581e-06	 1.0008e+00	 3.6581e-06	 1.0014e+00
3.7428e-06	 1.0008e+00	 3.7428e-06	 1.0015e+00
3.7463e-06	 1.0006e+00	 3.7463e-06	 1.0016e+00
3.7733e-06	 1.0002e+00	 3.7733e-06	 1.0024e+00
3.7915e-06	 1.0001e+00	 3.7915e-06	 1.0023e+00
3.7960e-06	 1.0005e+00	 3.7960e-06	 1.0019e+00
3.8131e-06	 1.0005e+00	 3.8131e-06	 1.0020e+00
3.8202e-06	 1.0006e+00	 3.8202e-06	 1.0017e+00
3.8485e-06	 1.0002e+00	 3.8485e-06	 1.0024e+00
3.8494e-06	 1.0002e+00	 3.8494e-06	 1.0024e+00
3.8544e-06	 1.0003e+00	 3.8544e-06	 1.0024e+00
3.8553e-06	 1.0001e+00	 3.8553e-06	 1.0023e+00
3.8825e-06	 1.0008e+00	 3.8825e-06	 1.0014e+00
3.8925e-06	 1.0008e+00	 3.8925e-06	 1.0015e+00
3.9070e-06	 1.0001e+00	 3.9070e-06	 1.0023e+00
3.9115e-06	 1.0005e+00	 3.9115e-06	 1.0019e+00
3.9169e-06	 1.0002e+00	 3.9169e-06	 1.0023e+00
3.9180e-06	 1.0008e+00	 3.9180e-06	 1.0014e+00
3.9644e-06	 1.0008e+00	 3.9644e-06	 1.0016e+00
3.9875e-06	 1.0005e+00	 3.9875e-06	 1.0019e+00
4.0324e-06	 1.0004e+00	 4.0324e-06	 1.0020e+00
4.0396e-06	 1.0008e+00	 4.0396e-06	 1.0016e+00
4.0996e-06	 1.0002e+00	 4.0996e-06	 1.0024e+00
4.1057e-06	 1.0001e+00	 4.1057e-06	 1.0022e+00
4.1057e-06	 1.0007e+00	 4.1057e-06	 1.0016e+00
4.1093e-06	 1.0008e+00	 4.1093e-06	 1.0015e+00
4.1561e-06	 1.0005e+00	 4.1561e-06	 1.0019e+00
4.1581e-06	 1.0007e+00	 4.1581e-06	 1.0017e+00
4.1755e-06	 1.0005e+00	 4.1755e-06	 1.0019e+00
4.2107e-06	 1.0005e+00	 4.2107e-06	 1.0019e+00
4.2809e-06	 1.0005e+00	 4.2809e-06	 1.0019e+00
4.2828e-06	 1.0006e+00	 4.2828e-06	 1.0019e+00
4.2994e-06	 1.0006e+00	 4.2994e-06	 1.0019e+00
4.3231e-06	 1.0007e+00	 4.3231e-06	 1.0017e+00
4.3398e-06	 1.0001e+00	 4.3398e-06	 1.0022e+00
4.3676e-06	 1.0002e+00	 4.3676e-06	 1.0020e+00
4.3689e-06	 1.0002e+00	 4.3689e-06	 1.0020e+00
4.3699e-06	 1.0001e+00	 4.3699e-06	 1.0022e+00
4.3823e-06	 1.0002e+00	 4.3823e-06	 1.0021e+00
4.4191e-06	 1.0004e+00	 4.4191e-06	 1.0021e+00
4.4649e-06	 1.0008e+00	 4.4649e-06	 1.0016e+00
4.4702e-06	 1.0007e+00	 4.4702e-06	 1.0018e+00
4.4842e-06	 1.0007e+00	 4.4842e-06	 1.0018e+00
4.5070e-06	 1.0003e+00	 4.5070e-06	 1.0024e+00
4.5196e-06	 1.0008e+00	 4.5196e-06	 1.0016e+00
4.5299e-06	 1.0003e+00	 4.5299e-06	 1.0021e+00
4.5804e-06	 1.0001e+00	 4.5804e-06	 1.0022e+00
4.7581e-06	 1.0003e+00	 4.7581e-06	 1.0021e+00
4.7700e-06	 1.0003e+00	 4.7700e-06	 1.0023e+00
4.8740e-06	 1.0003e+00	 4.8740e-06	 1.0021e+00
4.8838e-06	 1.0003e+00	 4.8838e-06	 1.0021e+00
4.8946e-06	 1.0004e+00	 4.8946e-06	 1.0021e+00
4.9006e-06	 1.0001e+00	 4.9006e-06	 1.0021e+00
4.9079e-06	 1.0004e+00	 4.9079e-06	 1.0020e+00
4.9448e-06	 1.0001e+00	 4.9448e-06	 1.0021e+00
4.9453e-06	 1.0004e+00	 4.9453e-06	 1.0022e+00
4.9684e-06	 1.0001e+00	 4.9684e-06	 1.0021e+00
4.9833e-06	 1.0002e+00	 4.9833e-06	 1.0021e+00
4.9930e-06	 1.0001e+00	 4.9930e-06	 1.0021e+00
5.1039e-06	 1.0003e+00	 5.1039e-06	 1.0023e+00
5.1875e-06	 1.0003e+00	 5.1875e-06	 1.0023e+00
5.3227e-06	 1.0003e+00	 5.3227e-06	 1.0021e+00
5.3262e-06	 1.0008e+00	 5.3262e-06	 1.0016e+00
5.3913e-06	 1.0002e+00	 5.3913e-06	 1.0021e+00
5.4525e-06	 1.0003e+00	 5.4525e-06	 1.0022e+00
5.6194e-06	 1.0004e+00	 5.6194e-06	 1.0020e+00
5.6652e-06	 1.0004e+00	 5.6652e-06	 1.0021e+00
5.6773e-06	 1.0003e+00	 5.6773e-06	 1.0021e+00
5.7747e-06	 1.0008e+00	 5.7747e-06	 1.0015e+00
5.8909e-06	 1.0003e+00	 5.8909e-06	 1.0021e+00
6.0170e-06	 1.0003e+00	 6.0170e-06	 1.0021e+00
6.0481e-06	 1.0007e+00	 6.0481e-06	 1.0015e+00
6.1684e-06	 1.0008e+00	 6.1684e-06	 1.0016e+00
6.2486e-06	 1.0003e+00	 6.2486e-06	 1.0020e+00
6.2858e-06	 1.0004e+00	 6.2858e-06	 1.0020e+00
6.3343e-06	 1.0003e+00	 6.3343e-06	 1.0020e+00
6.3421e-06	 1.0007e+00	 6.3421e-06	 1.0015e+00
6.3855e-06	 1.0004e+00	 6.3855e-06	 1.0020e+00
6.3980e-06	 1.0004e+00	 6.3980e-06	 1.0020e+00
6.4503e-06	 1.0003e+00	 6.4503e-06	 1.0020e+00
6.4606e-06	 1.0004e+00	 6.4606e-06	 1.0020e+00
6.5066e-06	 1.0004e+00	 6.5066e-06	 1.0020e+00
6.5213e-06	 1.0007e+00	 6.5213e-06	 1.0015e+00
6.5743e-06	 1.0003e+00	 6.5743e-06	 1.0021e+00
6.6353e-06	 1.0004e+00	 6.6353e-06	 1.0020e+00
6.7037e-06	 1.0007e+00	 6.7037e-06	 1.0015e+00
6.8474e-06	 1.0004e+00	 6.8474e-06	 1.0019e+00
6.9592e-06	 1.0007e+00	 6.9592e-06	 1.0015e+00
7.1996e-06	 1.0007e+00	 7.1996e-06	 1.0015e+00
7.2338e-06	 1.0006e+00	 7.2338e-06	 1.0015e+00
7.3713e-06	 1.0004e+00	 7.3713e-06	 1.0019e+00
7.3793e-06	 1.0005e+00	 7.3793e-06	 1.0016e+00
7.3979e-06	 1.0004e+00	 7.3979e-06	 1.0018e+00
7.4661e-06	 1.0004e+00	 7.4661e-06	 1.0018e+00
7.5128e-06	 1.0004e+00	 7.5128e-06	 1.0016e+00
7.5654e-06	 1.0006e+00	 7.5654e-06	 1.0015e+00
7.5778e-06	 1.0006e+00	 7.5778e-06	 1.0015e+00
7.6872e-06	 1.0004e+00	 7.6872e-06	 1.0017e+00
7.7137e-06	 1.0004e+00	 7.7137e-06	 1.0017e+00
7.7277e-06	 1.0005e+00	 7.7277e-06	 1.0015e+00
7.8370e-06	 1.0005e+00	 7.8370e-06	 1.0015e+00
7.9610e-06	 1.0005e+00	 7.9610e-06	 1.0015e+00
8.0111e-06	 1.0005e+00	 8.0111e-06	 1.0016e+00
4.1789e-05	 9.9968e-01	 4.1789e-05	 9.9958e-01
1.1262e-04	 9.9970e-01	 1.1262e-04	 9.9955e-01
1.8272e-04	 9.9972e-01	 1.8272e-04	 9.9952e-01
2.5326e-04	 9.9975e-01	 2.5326e-04	 9.9949e-01
3.2338e-04	 9.9978e-01	 3.2338e-04	 9.9946e-01
3.9408e-04	 9.9981e-01	 3.9408e-04	 9.9944e-01
4.6470e-04	 9.9986e-01	 4.6470e-04	 9.9942e-01
5.3493e-04	 9.9989e-01	 5.3493e-04	 9.9941e-01
6.0571e-04	 9.9994e-01	 6.0571e-04	 9.9940e-01
6.7632e-04	 9.9996e-01	 6.7632e-04	 9.9940e-01
7.4738e-04	 9.9999e-01	 7.4738e-04	 9.9940e-01
8.1795e-04	 1.0000e+00	 8.1795e-04	 9.9941e-01
8.8900e-04	 1.0001e+00	 8.8900e-04	 9.9942e-01
9.5949e-04	 1.0001e+00	 9.5949e-04	 9.9945e-01
1.0304e-03	 1.0001e+00	 1.0304e-03	 9.9947e-01
1.1008e-03	 1.0001e+00	 1.1008e-03	 9.9950e-01
1.1712e-03	 1.0002e+00	 1.1712e-03	 9.9954e-01
1.2419e-03	 1.0002e+00	 1.2419e-03	 9.9958e-01
1.3126e-03	 1.0002e+00	 1.3126e-03	 9.9962e-01
1.3833e-03	 1.0002e+00	 1.3833e-03	 9.9967e-01
1.4543e-03	 1.0003e+00	 1.4543e-03	 9.9972e-01
1.5252e-03	 1.0003e+00	 1.5252e-03	 9.9977e-01
1.5954e-03	 1.0003e+00	 1.5954e-03	 9.9982e-01
1.6663e-03	 1.0003e+00	 1.6663e-03	 9.9987e-01
1.7365e-03	 1.0003e+00	 1.7365e-03	 9.9991e-01
1.8074e-03	 1.0003e+00	 1.8074e-03	 9.9995e-01
1.8780e-03	 1.0003e+00	 1.8780e-03	 9.9999e-01
1.9489e-03	 1.0003e+00	 1.9489e-03	 1.0000e+00
2.0199e-03	 1.0003e+00	 2.0199e-03	 1.0000e+00
2.0911e-03	 1.0003e+00	 2.0911e-03	 1.0001e+00
2.1621e-03	 1.0003e+00	 2.1621e-03	 1.0001e+00
2.2336e-03	 1.0003e+00	 2.2336e-03	 1.0001e+00
2.3048e-03	 1.0003e+00	 2.3048e-03	 1.0001e+00
2.3757e-03	 1.0003e+00	 2.3757e-03	 1.0001e+00
2.4468e-03	 1.0003e+00	 2.4468e-03	 1.0001e+00
2.5181e-03	 1.0003e+00	 2.5181e-03	 1.0001e+00
2.5893e-03	 1.0003e+00	 2.5893e-03	 1.0001e+00
2.6609e-03	 1.0003e+00	 2.6609e-03	 1.0001e+00
2.7317e-03	 1.0003e+00	 2.7317e-03	 1.0001e+00
2.8039e-03	 1.0003e+00	 2.8039e-03	 1.0001e+00
2.8757e-03	 1.0002e+00	 2.8757e-03	 1.0002e+00
2.9476e-03	 1.0002e+00	 2.9476e-03	 1.0002e+00
3.0192e-03	 1.0002e+00	 3.0192e-03	 1.0002e+00
3.0911e-03	 1.0002e+00	 3.0911e-03	 1.0002e+00
3.1631e-03	 1.0002e+00	 3.1631e-03	 1.0002e+00
3.2351e-03	 1.0002e+00	 3.2351e-03	 1.0003e+00
3.3080e-03	 1.0002e+00	 3.3080e-03	 1.0003e+00
3.3799e-03	 1.0002e+00	 3.3799e-03	 1.0003e+00
3.4521e-03	 1.0002e+00	 3.4521e-03	 1.0003e+00
3.5245e-03	 1.0002e+00	 3.5245e-03	 1.0004e+00
3.5969e-03	 1.0002e+00	 3.5969e-03	 1.0004e+00
3.6695e-03	 1.0002e+00	 3.6695e-03	 1.0004e+00
3.7422e-03	 1.0002e+00	 3.7422e-03	 1.0004e+00
3.8145e-03	 1.0002e+00	 3.8145e-03	 1.0005e+00
3.8873e-03	 1.0002e+00	 3.8873e-03	 1.0005e+00
3.9598e-03	 1.0002e+00	 3.9598e-03	 1.0005e+00
4.0328e-03	 1.0002e+00	 4.0328e-03	 1.0006e+00
4.1054e-03	 1.0002e+00	 4.1054e-03	 1.0006e+00
4.1786e-03	 1.0001e+00	 4.1786e-03	 1.0006e+00
4.2518e-03	 1.0001e+00	 4.2518e-03	 1.0007e+00
4.3249e-03	 1.0001e+00	 4.3249e-03	 1.0007e+00
4.3974e-03	 1.0001e+00	 4.3974e-03	 1.0007e+00
4.4703e-03	 1.0001e+00	 4.4703e-03	 1.0007e+00
4.5436e-03	 1.0000e+00	 4.5436e-03	 1.0008e+00
4.6167e-03	 1.0000e+00	 4.6167e-03	 1.0008e+00
4.6895e-03	 9.9997e-01	 4.6895e-03	 1.0008e+00
4.7627e-03	 9.9995e-01	 4.7627e-03	 1.0008e+00
4.8356e-03	 9.9992e-01	 4.8356e-03	 1.0009e+00
4.9084e-03	 9.9991e-01	 4.9084e-03	 1.0009e+00
4.9819e-03	 9.9990e-01	 4.9819e-03	 1.0009e+00
5.0549e-03	 9.9989e-01	 5.0549e-03	 1.0009e+00
5.1280e-03	 9.9989e-01	 5.1280e-03	 1.0009e+00
5.2005e-03	 9.9987e-01	 5.2005e-03	 1.0008e+00
5.2739e-03	 9.9987e-01	 5.2739e-03	 1.0008e+00
5.3472e-03	 9.9987e-01	 5.3472e-03	 1.0008e+00
5.4207e-03	 9.9988e-01	 5.4207e-03	 1.0007e+00
5.4943e-03	 9.9989e-01	 5.4943e-03	 1.0007e+00
5.5682e-03	 9.9989e-01	 5.5682e-03	 1.0006e+00
5.6420e-03	 9.9989e-01	 5.6420e-03	 1.0005e+00
5.7158e-03	 9.9988e-01	 5.7158e-03	 1.0005e+00
5.7893e-03	 9.9988e-01	 5.7893e-03	 1.0004e+00
5.8637e-03	 9.9987e-01	 5.8637e-03	 1.0003e+00
5.9376e-03	 9.9987e-01	 5.9376e-03	 1.0002e+00
6.0116e-03	 9.9986e-01	 6.0116e-03	 1.0002e+00
6.0856e-03	 9.9986e-01	 6.0856e-03	 1.0001e+00
6.1599e-03	 9.9985e-01	 6.1599e-03	 1.0000e+00
6.2343e-03	 9.9983e-01	 6.2343e-03	 9.9995e-01
6.3082e-03	 9.9982e-01	 6.3082e-03	 9.9988e-01
6.3819e-03	 9.9981e-01	 6.3819e-03	 9.9981e-01
6.4559e-03	 9.9981e-01	 6.4559e-03	 9.9975e-01
6.5300e-03	 9.9981e-01	 6.5300e-03	 9.9970e-01
6.6046e-03	 9.9981e-01	 6.6046e-03	 9.9965e-01
6.6790e-03	 9.9981e-01	 6.6790e-03	 9.9961e-01
6.7537e-03	 9.9981e-01	 6.7537e-03	 9.9957e-01
6.8280e-03	 9.9981e-01	 6.8280e-03	 9.9955e-01
6.9029e-03	 9.9980e-01	 6.9029e-03	 9.9953e-01
6.9770e-03	 9.9981e-01	 6.9770e-03	 9.9952e-01
7.0519e-03	 9.9981e-01	 7.0519e-03	 9.9952e-01
7.1261e-03	 9.9980e-01	 7.1261e-03	 9.9953e-01
7.2012e-03	 9.9979e-01	 7.2012e-03	 9.9955e-01
7.2762e-03	 9.9978e-01	 7.2762e-03	 9.9958e-01
7.3514e-03	 9.9976e-01	 7.3514e-03	 9.9961e-01
7.4265e-03	 9.9975e-01	 7.4265e-03	 9.9965e-01
7.5013e-03	 9.9974e-01	 7.5013e-03	 9.9968e-01
7.5766e-03	 9.9973e-01	 7.5766e-03	 9.9972e-01
7.6519e-03	 9.9972e-01	 7.6519e-03	 9.9977e-01
7.7275e-03	 9.9970e-01	 7.7275e-03	 9.9981e-01
7.8030e-03	 9.9969e-01	 7.8030e-03	 9.9985e-01
7.8785e-03	 9.9968e-01	 7.8785e-03	 9.9989e-01
7.9537e-03	 9.9968e-01	 7.9537e-03	 9.9993e-01
8.0296e-03	 9.9969e-01	 8.0296e-03	 9.9996e-01
8.1051e-03	 9.9970e-01	 8.1051e-03	 9.9999e-01
8.1805e-03	 9.9971e-01	 8.1805e-03	 1.0000e+00
8.2561e-03	 9.9973e-01	 8.2561e-03	 1.0000e+00
8.3316e-03	 9.9974e-01	 8.3316e-03	 1.0001e+00
8.4073e-03	 9.9977e-01	 8.4073e-03	 1.0001e+00
8.4832e-03	 9.9980e-01	 8.4832e-03	 1.0001e+00
8.5600e-03	 9.9984e-01	 8.5600e-03	 1.0001e+00
8.6362e-03	 9.9987e-01	 8.6362e-03	 1.0001e+00
8.7124e-03	 9.9991e-01	 8.7124e-03	 1.0002e+00
8.7887e-03	 9.9994e-01	 8.7887e-03	 1.0002e+00
8.8644e-03	 9.9996e-01	 8.8644e-03	 1.0002e+00
8.9411e-03	 1.0000e+00	 8.9411e-03	 1.0002e+00
9.0171e-03	 1.0000e+00	 9.0171e-03	 1.0002e+00
9.0938e-03	 1.0001e+00	 9.0938e-03	 1.0003e+00
9.1704e-03	 1.0001e+00	 9.1704e-03	 1.0003e+00
9.2467e-03	 1.0001e+00	 9.2467e-03	 1.0003e+00
9.3232e-03	 1.0002e+00	 9.3232e-03	 1.0003e+00
9.3998e-03	 1.0002e+00	 9.3998e-03	 1.0003e+00
9.4767e-03	 1.0002e+00	 9.4767e-03	 1.0003e+00
9.5533e-03	 1.0002e+00	 9.5533e-03	 1.0003e+00
9.6302e-03	 1.0003e+00	 9.6302e-03	 1.0003e+00
9.7073e-03	 1.0003e+00	 9.7073e-03	 1.0003e+00
9.7842e-03	 1.0003e+00	 9.7842e-03	 1.0003e+00
9.8615e-03	 1.0003e+00	 9.8615e-03	 1.0003e+00
9.9385e-03	 1.0003e+00	 9.9385e-03	 1.0003e+00
1.0016e-02	 1.0003e+00	 1.0016e-02	 1.0003e+00
1.0093e-02	 1.0003e+00	 1.0093e-02	 1.0003e+00
1.0171e-02	 1.0003e+00	 1.0171e-02	 1.0003e+00
1.0248e-02	 1.0003e+00	 1.0248e-02	 1.0003e+00
1.0326e-02	 1.0002e+00	 1.0326e-02	 1.0002e+00
1.0403e-02	 1.0002e+00	 1.0403e-02	 1.0002e+00
1.0481e-02	 1.0002e+00	 1.0481e-02	 1.0002e+00
1.0560e-02	 1.0001e+00	 1.0560e-02	 1.0002e+00
1.0638e-02	 1.0001e+00	 1.0638e-02	 1.0002e+00
1.0717e-02	 1.0001e+00	 1.0717e-02	 1.0002e+00
1.0795e-02	 1.0000e+00	 1.0795e-02	 1.0002e+00
1.0873e-02	 1.0000e+00	 1.0873e-02	 1.0002e+00
1.0951e-02	 9.9997e-01	 1.0951e-02	 1.0001e+00
1.1030e-02	 9.9993e-01	 1.1030e-02	 1.0001e+00
1.1108e-02	 9.9991e-01	 1.1108e-02	 1.0001e+00
1.1186e-02	 9.9988e-01	 1.1186e-02	 1.0001e+00
1.1265e-02	 9.9986e-01	 1.1265e-02	 1.0001e+00
1.1344e-02	 9.9984e-01	 1.1344e-02	 1.0001e+00
1.1422e-02	 9.9982e-01	 1.1422e-02	 1.0001e+00
1.1501e-02	 9.9979e-01	 1.1501e-02	 1.0001e+00
1.1580e-02	 9.9977e-01	 1.1580e-02	 1.0001e+00
1.1659e-02	 9.9976e-01	 1.1659e-02	 1.0001e+00
1.1739e-02	 9.9975e-01	 1.1739e-02	 1.0001e+00
1.1817e-02	 9.9975e-01	 1.1817e-02	 1.0002e+00
1.1897e-02	 9.9975e-01	 1.1897e-02	 1.0002e+00
1.1975e-02	 9.9975e-01	 1.1975e-02	 1.0002e+00
1.2055e-02	 9.9974e-01	 1.2055e-02	 1.0002e+00
1.2134e-02	 9.9975e-01	 1.2134e-02	 1.0002e+00
1.2213e-02	 9.9975e-01	 1.2213e-02	 1.0003e+00
1.2292e-02	 9.9976e-01	 1.2292e-02	 1.0003e+00
1.2372e-02	 9.9978e-01	 1.2372e-02	 1.0003e+00
1.2452e-02	 9.9979e-01	 1.2452e-02	 1.0003e+00
1.2531e-02	 9.9980e-01	 1.2531e-02	 1.0003e+00
1.2611e-02	 9.9981e-01	 1.2611e-02	 1.0003e+00
1.2691e-02	 9.9982e-01	 1.2691e-02	 1.0003e+00
1.2770e-02	 9.9983e-01	 1.2770e-02	 1.0003e+00
1.2851e-02	 9.9985e-01	 1.2851e-02	 1.0003e+00
1.2931e-02	 9.9987e-01	 1.2931e-02	 1.0003e+00
1.3011e-02	 9.9989e-01	 1.3011e-02	 1.0003e+00
1.3091e-02	 9.9990e-01	 1.3091e-02	 1.0003e+00
1.3171e-02	 9.9991e-01	 1.3171e-02	 1.0004e+00
1.3252e-02	 9.9992e-01	 1.3252e-02	 1.0004e+00
1.3332e-02	 9.9994e-01	 1.3332e-02	 1.0004e+00
1.3413e-02	 9.9996e-01	 1.3413e-02	 1.0004e+00
1.3493e-02	 9.9999e-01	 1.3493e-02	 1.0004e+00
1.3574e-02	 1.0000e+00	 1.3574e-02	 1.0004e+00
1.3654e-02	 1.0000e+00	 1.3654e-02	 1.0004e+00
1.3735e-02	 1.0000e+00	 1.3735e-02	 1.0004e+00
1.3817e-02	 1.0001e+00	 1.3817e-02	 1.0004e+00
1.3898e-02	 1.0001e+00	 1.3898e-02	 1.0004e+00
1.3979e-02	 1.0001e+00	 1.3979e-02	 1.0004e+00
1.4060e-02	 1.0002e+00	 1.4060e-02	 1.0004e+00
1.4141e-02	 1.0002e+00	 1.4141e-02	 1.0004e+00
1.4222e-02	 1.0002e+00	 1.4222e-02	 1.0003e+00
1.4303e-02	 1.0002e+00	 1.4303e-02	 1.0003e+00
1.4385e-02	 1.0002e+00	 1.4385e-02	 1.0003e+00
1.4466e-02	 1.0002e+00	 1.4466e-02	 1.0003e+00
1.4548e-02	 1.0002e+00	 1.4548e-02	 1.0003e+00
1.4630e-02	 1.0002e+00	 1.4630e-02	 1.0003e+00
1.4712e-02	 1.0002e+00	 1.4712e-02	 1.0002e+00
1.4793e-02	 1.0002e+00	 1.4793e-02	 1.0002e+00
1.4875e-02	 1.0002e+00	 1.4875e-02	 1.0002e+00
1.4957e-02	 1.0002e+00	 1.4957e-02	 1.0002e+00
1.5039e-02	 1.0002e+00	 1.5039e-02	 1.0002e+00
1.5121e-02	 1.0002e+00	 1.5121e-02	 1.0001e+00
1.5203e-02	 1.0002e+00	 1.5203e-02	 1.0001e+00
1.5286e-02	 1.0002e+00	 1.5286e-02	 1.0001e+00
1.5369e-02	 1.0001e+00	 1.5369e-02	 1.0001e+00
1.5451e-02	 1.0001e+00	 1.5451e-02	 1.0001e+00
1.5534e-02	 1.0001e+00	 1.5534e-02	 1.0001e+00
1.5617e-02	 1.0000e+00	 1.5617e-02	 1.0001e+00
1.5700e-02	 1.0000e+00	 1.5700e-02	 1.0002e+00
1.5783e-02	 1.0000e+00	 1.5783e-02	 1.0002e+00
1.5866e-02	 9.9999e-01	 1.5866e-02	 1.0002e+00
1.5950e-02	 9.9996e-01	 1.5950e-02	 1.0002e+00
1.6033e-02	 9.9994e-01	 1.6033e-02	 1.0003e+00
1.6117e-02	 9.9991e-01	 1.6117e-02	 1.0003e+00
1.6200e-02	 9.9989e-01	 1.6200e-02	 1.0003e+00
1.6284e-02	 9.9989e-01	 1.6284e-02	 1.0004e+00
1.6367e-02	 9.9988e-01	 1.6367e-02	 1.0004e+00
1.6451e-02	 9.9987e-01	 1.6451e-02	 1.0004e+00
1.6534e-02	 9.9987e-01	 1.6534e-02	 1.0004e+00
1.6618e-02	 9.9985e-01	 1.6618e-02	 1.0005e+00
1.6701e-02	 9.9986e-01	 1.6701e-02	 1.0005e+00
1.6785e-02	 9.9986e-01	 1.6785e-02	 1.0005e+00
1.6869e-02	 9.9987e-01	 1.6869e-02	 1.0005e+00
1.6952e-02	 9.9989e-01	 1.6952e-02	 1.0005e+00
1.7036e-02	 9.9990e-01	 1.7036e-02	 1.0005e+00
1.7120e-02	 9.9991e-01	 1.7120e-02	 1.0005e+00
1.7205e-02	 9.9990e-01	 1.7205e-02	 1.0005e+00
1.7289e-02	 9.9990e-01	 1.7289e-02	 1.0005e+00
1.7373e-02	 9.9990e-01	 1.7373e-02	 1.0005e+00
1.7458e-02	 9.9990e-01	 1.7458e-02	 1.0005e+00
1.7542e-02	 9.9990e-01	 1.7542e-02	 1.0005e+00
1.7626e-02	 9.9989e-01	 1.7626e-02	 1.0004e+00
1.7711e-02	 9.9988e-01	 1.7711e-02	 1.0004e+00
1.7796e-02	 9.9986e-01	 1.7796e-02	 1.0004e+00
1.7881e-02	 9.9985e-01	 1.7881e-02	 1.0003e+00
1.7965e-02	 9.9985e-01	 1.7965e-02	 1.0003e+00
1.8050e-02	 9.9985e-01	 1.8050e-02	 1.0003e+00
1.8135e-02	 9.9986e-01	 1.8135e-02	 1.0003e+00
1.8219e-02	 9.9986e-01	 1.8219e-02	 1.0002e+00
1.8305e-02	 9.9987e-01	 1.8305e-02	 1.0002e+00
1.8390e-02	 9.9987e-01	 1.8390e-02	 1.0002e+00
1.8475e-02	 9.9989e-01	 1.8475e-02	 1.0002e+00
1.8560e-02	 9.9990e-01	 1.8560e-02	 1.0001e+00
1.8646e-02	 9.9993e-01	 1.8646e-02	 1.0001e+00
1.8732e-02	 9.9996e-01	 1.8732e-02	 1.0001e+00
1.8817e-02	 9.9999e-01	 1.8817e-02	 1.0001e+00
1.8903e-02	 1.0000e+00	 1.8903e-02	 1.0001e+00
1.8988e-02	 1.0001e+00	 1.8988e-02	 1.0001e+00
1.9075e-02	 1.0001e+00	 1.9075e-02	 1.0001e+00
1.9161e-02	 1.0001e+00	 1.9161e-02	 1.0000e+00
1.9247e-02	 1.0002e+00	 1.9247e-02	 1.0000e+00
1.9333e-02	 1.0002e+00	 1.9333e-02	 1.0000e+00
1.9419e-02	 1.0003e+00	 1.9419e-02	 1.0000e+00
1.9505e-02	 1.0003e+00	 1.9505e-02	 1.0000e+00
1.9591e-02	 1.0003e+00	 1.9591e-02	 1.0000e+00
1.9677e-02	 1.0004e+00	 1.9677e-02	 9.9999e-01
1.9763e-02	 1.0004e+00	 1.9763e-02	 9.9998e-01
1.9850e-02	 1.0004e+00	 1.9850e-02	 9.9995e-01
1.9936e-02	 1.0005e+00	 1.9936e-02	 9.9993e-01
2.0023e-02	 1.0005e+00	 2.0023e-02	 9.9991e-01
2.0110e-02	 1.0005e+00	 2.0110e-02	 9.9988e-01
2.0197e-02	 1.0005e+00	 2.0197e-02	 9.9985e-01
2.0284e-02	 1.0005e+00	 2.0284e-02	 9.9982e-01
2.0371e-02	 1.0004e+00	 2.0371e-02	 9.9980e-01
2.0458e-02	 1.0004e+00	 2.0458e-02	 9.9977e-01
2.0546e-02	 1.0004e+00	 2.0546e-02	 9.9975e-01
2.0633e-02	 1.0004e+00	 2.0633e-02	 9.9972e-01
2.0721e-02	 1.0003e+00	 2.0721e-02	 9.9970e-01
2.0808e-02	 1.0003e+00	 2.0808e-02	 9.9969e-01
2.0896e-02	 1.0002e+00	 2.0896e-02	 9.9967e-01
2.0984e-02	 1.0002e+00	 2.0984e-02	 9.9966e-01
2.1071e-02	 1.0002e+00	 2.1071e-02	 9.9965e-01
2.1159e-02	 1.0001e+00	 2.1159e-02	 9.9965e-01
2.1247e-02	 1.0001e+00	 2.1247e-02	 9.9964e-01
2.1335e-02	 1.0001e+00	 2.1335e-02	 9.9963e-01
2.1423e-02	 1.0000e+00	 2.1423e-02	 9.9963e-01
2.1511e-02	 9.9997e-01	 2.1511e-02	 9.9962e-01
2.1599e-02	 9.9993e-01	 2.1599e-02	 9.9963e-01
2.1688e-02	 9.9990e-01	 2.1688e-02	 9.9963e-01
2.1777e-02	 9.9986e-01	 2.1777e-02	 9.9964e-01
2.1866e-02	 9.9983e-01	 2.1866e-02	 9.9965e-01
2.1955e-02	 9.9980e-01	 2.1955e-02	 9.9967e-01
2.2044e-02	 9.9976e-01	 2.2044e-02	 9.9970e-01
2.2133e-02	 9.9975e-01	 2.2133e-02	 9.9973e-01
2.2222e-02	 9.9973e-01	 2.2222e-02	 9.9976e-01
2.2311e-02	 9.9973e-01	 2.2311e-02	 9.9980e-01
2.2401e-02	 9.9972e-01	 2.2401e-02	 9.9984e-01
2.2490e-02	 9.9972e-01	 2.2490e-02	 9.9988e-01
2.2579e-02	 9.9972e-01	 2.2579e-02	 9.9993e-01
2.2669e-02	 9.9971e-01	 2.2669e-02	 9.9998e-01
2.2759e-02	 9.9973e-01	 2.2759e-02	 1.0000e+00
2.2848e-02	 9.9973e-01	 2.2848e-02	 1.0001e+00
2.2938e-02	 9.9975e-01	 2.2938e-02	 1.0001e+00
2.3028e-02	 9.9975e-01	 2.3028e-02	 1.0002e+00
2.3117e-02	 9.9976e-01	 2.3117e-02	 1.0002e+00
2.3207e-02	 9.9976e-01	 2.3207e-02	 1.0002e+00
2.3296e-02	 9.9975e-01	 2.3296e-02	 1.0002e+00
2.3386e-02	 9.9976e-01	 2.3386e-02	 1.0003e+00
2.3476e-02	 9.9976e-01	 2.3476e-02	 1.0003e+00
2.3566e-02	 9.9978e-01	 2.3566e-02	 1.0003e+00
2.3657e-02	 9.9978e-01	 2.3657e-02	 1.0003e+00
2.3747e-02	 9.9978e-01	 2.3747e-02	 1.0003e+00
2.3837e-02	 9.9977e-01	 2.3837e-02	 1.0003e+00
2.3928e-02	 9.9976e-01	 2.3928e-02	 1.0002e+00
2.4018e-02	 9.9976e-01	 2.4018e-02	 1.0002e+00
2.4109e-02	 9.9975e-01	 2.4109e-02	 1.0002e+00
2.4199e-02	 9.9975e-01	 2.4199e-02	 1.0002e+00
2.4290e-02	 9.9974e-01	 2.4290e-02	 1.0002e+00
2.4380e-02	 9.9973e-01	 2.4380e-02	 1.0001e+00
2.4472e-02	 9.9970e-01	 2.4472e-02	 1.0001e+00
2.4562e-02	 9.9967e-01	 2.4562e-02	 1.0001e+00
2.4653e-02	 9.9965e-01	 2.4653e-02	 1.0001e+00
2.4744e-02	 9.9964e-01	 2.4744e-02	 1.0001e+00
2.4835e-02	 9.9963e-01	 2.4835e-02	 1.0000e+00
2.4927e-02	 9.9961e-01	 2.4927e-02	 1.0000e+00
2.5018e-02	 9.9960e-01	 2.5018e-02	 1.0000e+00
2.5110e-02	 9.9959e-01	 2.5110e-02	 1.0000e+00
2.5202e-02	 9.9958e-01	 2.5202e-02	 1.0000e+00
2.5294e-02	 9.9959e-01	 2.5294e-02	 1.0000e+00
2.5385e-02	 9.9960e-01	 2.5385e-02	 1.0000e+00
2.5477e-02	 9.9962e-01	 2.5477e-02	 1.0001e+00
2.5569e-02	 9.9963e-01	 2.5569e-02	 1.0001e+00
2.5662e-02	 9.9965e-01	 2.5662e-02	 1.0001e+00
2.5754e-02	 9.9966e-01	 2.5754e-02	 1.0001e+00
2.5847e-02	 9.9966e-01	 2.5847e-02	 1.0001e+00
2.5938e-02	 9.9968e-01	 2.5938e-02	 1.0001e+00
2.6031e-02	 9.9969e-01	 2.6031e-02	 1.0001e+00
2.6124e-02	 9.9971e-01	 2.6124e-02	 1.0001e+00
2.6217e-02	 9.9972e-01	 2.6217e-02	 1.0002e+00
2.6309e-02	 9.9973e-01	 2.6309e-02	 1.0002e+00
2.6402e-02	 9.9973e-01	 2.6402e-02	 1.0002e+00
2.6496e-02	 9.9974e-01	 2.6496e-02	 1.0002e+00
2.6589e-02	 9.9975e-01	 2.6589e-02	 1.0002e+00
2.6682e-02	 9.9976e-01	 2.6682e-02	 1.0002e+00
2.6776e-02	 9.9978e-01	 2.6776e-02	 1.0002e+00
2.6870e-02	 9.9978e-01	 2.6870e-02	 1.0002e+00
2.6964e-02	 9.9978e-01	 2.6964e-02	 1.0002e+00
2.7057e-02	 9.9977e-01	 2.7057e-02	 1.0002e+00
2.7151e-02	 9.9976e-01	 2.7151e-02	 1.0002e+00
2.7245e-02	 9.9976e-01	 2.7245e-02	 1.0002e+00
2.7339e-02	 9.9976e-01	 2.7339e-02	 1.0002e+00
2.7433e-02	 9.9976e-01	 2.7433e-02	 1.0002e+00
2.7527e-02	 9.9975e-01	 2.7527e-02	 1.0001e+00
2.7622e-02	 9.9975e-01	 2.7622e-02	 1.0001e+00
2.7716e-02	 9.9974e-01	 2.7716e-02	 1.0001e+00
2.7811e-02	 9.9973e-01	 2.7811e-02	 1.0001e+00
2.7906e-02	 9.9972e-01	 2.7906e-02	 1.0000e+00
2.8001e-02	 9.9971e-01	 2.8001e-02	 1.0000e+00
2.8095e-02	 9.9971e-01	 2.8095e-02	 9.9998e-01
2.8190e-02	 9.9969e-01	 2.8190e-02	 9.9996e-01
2.8285e-02	 9.9967e-01	 2.8285e-02	 9.9994e-01
2.8380e-02	 9.9964e-01	 2.8380e-02	 9.9992e-01
2.8475e-02	 9.9962e-01	 2.8475e-02	 9.9990e-01
2.8571e-02	 9.9959e-01	 2.8571e-02	 9.9989e-01
2.8666e-02	 9.9957e-01	 2.8666e-02	 9.9987e-01
2.8761e-02	 9.9955e-01	 2.8761e-02	 9.9987e-01
2.8856e-02	 9.9952e-01	 2.8856e-02	 9.9987e-01
2.8951e-02	 9.9949e-01	 2.8951e-02	 9.9987e-01
2.9047e-02	 9.9946e-01	 2.9047e-02	 9.9987e-01
2.9142e-02	 9.9943e-01	 2.9142e-02	 9.9987e-01
2.9239e-02	 9.9940e-01	 2.9239e-02	 9.9989e-01
2.9335e-02	 9.9938e-01	 2.9335e-02	 9.9990e-01
2.9431e-02	 9.9937e-01	 2.9431e-02	 9.9991e-01
2.9527e-02	 9.9936e-01	 2.9527e-02	 9.9993e-01
2.9623e-02	 9.9935e-01	 2.9623e-02	 9.9995e-01
2.9719e-02	 9.9933e-01	 2.9719e-02	 9.9997e-01
2.9815e-02	 9.9933e-01	 2.9815e-02	 9.9998e-01
2.9911e-02	 9.9933e-01	 2.9911e-02	 1.0000e+00
3.0007e-02	 9.9934e-01	 3.0007e-02	 1.0000e+00
3.0103e-02	 9.9936e-01	 3.0103e-02	 1.0000e+00
3.0200e-02	 9.9937e-01	 3.0200e-02	 1.0000e+00
3.0297e-02	 9.9938e-01	 3.0297e-02	 1.0000e+00
3.0394e-02	 9.9939e-01	 3.0394e-02	 1.0000e+00
3.0491e-02	 9.9941e-01	 3.0491e-02	 9.9999e-01
3.0588e-02	 9.9944e-01	 3.0588e-02	 9.9997e-01
3.0684e-02	 9.9947e-01	 3.0684e-02	 9.9995e-01
3.0782e-02	 9.9950e-01	 3.0782e-02	 9.9993e-01
3.0879e-02	 9.9953e-01	 3.0879e-02	 9.9990e-01
3.0977e-02	 9.9956e-01	 3.0977e-02	 9.9987e-01
3.1074e-02	 9.9958e-01	 3.1074e-02	 9.9985e-01
3.1172e-02	 9.9960e-01	 3.1172e-02	 9.9982e-01
3.1270e-02	 9.9962e-01	 3.1270e-02	 9.9979e-01
3.1368e-02	 9.9964e-01	 3.1368e-02	 9.9976e-01
3.1466e-02	 9.9966e-01	 3.1466e-02	 9.9974e-01
3.1564e-02	 9.9967e-01	 3.1564e-02	 9.9972e-01
3.1662e-02	 9.9968e-01	 3.1662e-02	 9.9970e-01
3.1760e-02	 9.9968e-01	 3.1760e-02	 9.9968e-01
3.1858e-02	 9.9968e-01	 3.1858e-02	 9.9967e-01
3.1956e-02	 9.9969e-01	 3.1956e-02	 9.9967e-01
3.2054e-02	 9.9970e-01	 3.2054e-02	 9.9967e-01
3.2152e-02	 9.9971e-01	 3.2152e-02	 9.9967e-01
3.2250e-02	 9.9971e-01	 3.2250e-02	 9.9969e-01
3.2348e-02	 9.9973e-01	 3.2348e-02	 9.9970e-01
3.2447e-02	 9.9973e-01	 3.2447e-02	 9.9973e-01
3.2546e-02	 9.9975e-01	 3.2546e-02	 9.9976e-01
3.2645e-02	 9.9976e-01	 3.2645e-02	 9.9980e-01
3.2744e-02	 9.9978e-01	 3.2744e-02	 9.9984e-01
3.2844e-02	 9.9981e-01	 3.2844e-02	 9.9989e-01
3.2943e-02	 9.9982e-01	 3.2943e-02	 9.9994e-01
3.3043e-02	 9.9984e-01	 3.3043e-02	 1.0000e+00
3.3142e-02	 9.9985e-01	 3.3142e-02	 1.0001e+00
3.3241e-02	 9.9987e-01	 3.3241e-02	 1.0001e+00
3.3340e-02	 9.9989e-01	 3.3340e-02	 1.0002e+00
3.3440e-02	 9.9991e-01	 3.3440e-02	 1.0002e+00
3.3539e-02	 9.9994e-01	 3.3539e-02	 1.0003e+00
3.3639e-02	 9.9996e-01	 3.3639e-02	 1.0003e+00
3.3738e-02	 9.9998e-01	 3.3738e-02	 1.0004e+00
3.3839e-02	 9.9999e-01	 3.3839e-02	 1.0004e+00
3.3938e-02	 1.0000e+00	 3.3938e-02	 1.0004e+00
3.4037e-02	 1.0000e+00	 3.4037e-02	 1.0004e+00
3.4137e-02	 1.0000e+00	 3.4137e-02	 1.0005e+00
3.4237e-02	 1.0001e+00	 3.4237e-02	 1.0005e+00
3.4337e-02	 1.0001e+00	 3.4337e-02	 1.0005e+00
3.4438e-02	 1.0001e+00	 3.4438e-02	 1.0004e+00
3.4538e-02	 1.0001e+00	 3.4538e-02	 1.0004e+00
3.4638e-02	 1.0001e+00	 3.4638e-02	 1.0004e+00
3.4739e-02	 1.0001e+00	 3.4739e-02	 1.0004e+00
3.4839e-02	 1.0001e+00	 3.4839e-02	 1.0003e+00
3.4940e-02	 1.0000e+00	 3.4940e-02	 1.0003e+00
3.5040e-02	 1.0000e+00	 3.5040e-02	 1.0002e+00
3.5142e-02	 1.0000e+00	 3.5142e-02	 1.0002e+00
3.5243e-02	 1.0000e+00	 3.5243e-02	 1.0001e+00
3.5344e-02	 1.0000e+00	 3.5344e-02	 1.0001e+00
3.5445e-02	 9.9999e-01	 3.5445e-02	 1.0000e+00
3.5547e-02	 9.9999e-01	 3.5547e-02	 9.9996e-01
3.5648e-02	 1.0000e+00	 3.5648e-02	 9.9991e-01
3.5749e-02	 9.9999e-01	 3.5749e-02	 9.9986e-01
3.5850e-02	 9.9999e-01	 3.5850e-02	 9.9982e-01
3.5952e-02	 9.9997e-01	 3.5952e-02	 9.9977e-01
3.6054e-02	 9.9997e-01	 3.6054e-02	 9.9973e-01
3.6155e-02	 9.9996e-01	 3.6155e-02	 9.9970e-01
3.6257e-02	 9.9997e-01	 3.6257e-02	 9.9967e-01
3.6359e-02	 9.9997e-01	 3.6359e-02	 9.9964e-01
3.6461e-02	 9.9997e-01	 3.6461e-02	 9.9962e-01
3.6563e-02	 9.9998e-01	 3.6563e-02	 9.9960e-01
3.6665e-02	 9.9998e-01	 3.6665e-02	 9.9958e-01
3.6768e-02	 1.0000e+00	 3.6768e-02	 9.9957e-01
3.6870e-02	 1.0000e+00	 3.6870e-02	 9.9956e-01
3.6973e-02	 1.0000e+00	 3.6973e-02	 9.9955e-01
3.7075e-02	 1.0001e+00	 3.7075e-02	 9.9955e-01
3.7178e-02	 1.0001e+00	 3.7178e-02	 9.9955e-01
3.7280e-02	 1.0001e+00	 3.7280e-02	 9.9955e-01
3.7383e-02	 1.0001e+00	 3.7383e-02	 9.9955e-01
3.7486e-02	 1.0001e+00	 3.7486e-02	 9.9955e-01
3.7588e-02	 1.0001e+00	 3.7588e-02	 9.9955e-01
3.7691e-02	 1.0002e+00	 3.7691e-02	 9.9956e-01
3.7794e-02	 1.0002e+00	 3.7794e-02	 9.9956e-01
3.7898e-02	 1.0002e+00	 3.7898e-02	 9.9957e-01
3.8001e-02	 1.0002e+00	 3.8001e-02	 9.9958e-01
3.8105e-02	 1.0002e+00	 3.8105e-02	 9.9960e-01
3.8208e-02	 1.0002e+00	 3.8208e-02	 9.9962e-01
3.8312e-02	 1.0002e+00	 3.8312e-02	 9.9963e-01
3.8416e-02	 1.0002e+00	 3.8416e-02	 9.9965e-01
3.8520e-02	 1.0002e+00	 3.8520e-02	 9.9968e-01
3.8624e-02	 1.0002e+00	 3.8624e-02	 9.9971e-01
3.8728e-02	 1.0002e+00	 3.8728e-02	 9.9973e-01
3.8833e-02	 1.0001e+00	 3.8833e-02	 9.9976e-01
3.8937e-02	 1.0001e+00	 3.8937e-02	 9.9979e-01
3.9041e-02	 1.0001e+00	 3.9041e-02	 9.9982e-01
3.9146e-02	 1.0001e+00	 3.9146e-02	 9.9985e-01
3.9251e-02	 1.0001e+00	 3.9251e-02	 9.9987e-01
3.9356e-02	 1.0001e+00	 3.9356e-02	 9.9990e-01
3.9461e-02	 1.0001e+00	 3.9461e-02	 9.9991e-01
3.9566e-02	 1.0001e+00	 3.9566e-02	 9.9992e-01
3.9671e-02	 1.0001e+00	 3.9671e-02	 9.9992e-01
3.9776e-02	 1.0001e+00	 3.9776e-02	 9.9992e-01
3.9881e-02	 1.0002e+00	 3.9881e-02	 9.9990e-01
3.9986e-02	 1.0002e+00	 3.9986e-02	 9.9988e-01
4.0092e-02	 1.0002e+00	 4.0092e-02	 9.9985e-01
4.0197e-02	 1.0001e+00	 4.0197e-02	 9.9983e-01
4.0302e-02	 1.0001e+00	 4.0302e-02	 9.9980e-01
4.0408e-02	 1.0001e+00	 4.0408e-02	 9.9978e-01
4.0514e-02	 1.0001e+00	 4.0514e-02	 9.9975e-01
4.0620e-02	 1.0001e+00	 4.0620e-02	 9.9974e-01
4.0726e-02	 1.0001e+00	 4.0726e-02	 9.9972e-01
4.0833e-02	 1.0000e+00	 4.0833e-02	 9.9971e-01
4.0939e-02	 1.0000e+00	 4.0939e-02	 9.9970e-01
4.1045e-02	 9.9996e-01	 4.1045e-02	 9.9970e-01
4.1152e-02	 9.9993e-01	 4.1152e-02	 9.9970e-01
4.1258e-02	 9.9988e-01	 4.1258e-02	 9.9970e-01
4.1365e-02	 9.9985e-01	 4.1365e-02	 9.9970e-01
4.1471e-02	 9.9980e-01	 4.1471e-02	 9.9970e-01
4.1578e-02	 9.9975e-01	 4.1578e-02	 9.9970e-01
4.1684e-02	 9.9970e-01	 4.1684e-02	 9.9971e-01
4.1791e-02	 9.9963e-01	 4.1791e-02	 9.9972e-01
4.1898e-02	 9.9958e-01	 4.1898e-02	 9.9974e-01
4.2005e-02	 9.9952e-01	 4.2005e-02	 9.9977e-01
4.2111e-02	 9.9946e-01	 4.2111e-02	 9.9979e-01
4.2219e-02	 9.9939e-01	 4.2219e-02	 9.9982e-01
4.2326e-02	 9.9933e-01	 4.2326e-02	 9.9986e-01
4.2433e-02	 9.9926e-01	 4.2433e-02	 9.9990e-01
4.2541e-02	 9.9918e-01	 4.2541e-02	 9.9995e-01
4.2648e-02	 9.9912e-01	 4.2648e-02	 9.9999e-01
4.2756e-02	 9.9905e-01	 4.2756e-02	 1.0000e+00
4.2864e-02	 9.9899e-01	 4.2864e-02	 1.0001e+00
4.2971e-02	 9.9893e-01	 4.2971e-02	 1.0001e+00
4.3079e-02	 9.9887e-01	 4.3079e-02	 1.0002e+00
4.3187e-02	 9.9881e-01	 4.3187e-02	 1.0002e+00
4.3296e-02	 9.9876e-01	 4.3296e-02	 1.0003e+00
4.3404e-02	 9.9873e-01	 4.3404e-02	 1.0003e+00
4.3513e-02	 9.9870e-01	 4.3513e-02	 1.0004e+00
4.3621e-02	 9.9870e-01	 4.3621e-02	 1.0004e+00
4.3730e-02	 9.9870e-01	 4.3730e-02	 1.0005e+00
4.3838e-02	 9.9871e-01	 4.3838e-02	 1.0005e+00
4.3946e-02	 9.9873e-01	 4.3946e-02	 1.0005e+00
4.4055e-02	 9.9876e-01	 4.4055e-02	 1.0006e+00
4.4165e-02	 9.9882e-01	 4.4165e-02	 1.0006e+00
4.4274e-02	 9.9888e-01	 4.4274e-02	 1.0006e+00
4.4383e-02	 9.9896e-01	 4.4383e-02	 1.0006e+00
4.4492e-02	 9.9904e-01	 4.4492e-02	 1.0007e+00
4.4601e-02	 9.9912e-01	 4.4601e-02	 1.0007e+00
4.4711e-02	 9.9921e-01	 4.4711e-02	 1.0007e+00
4.4821e-02	 9.9930e-01	 4.4821e-02	 1.0007e+00
4.4930e-02	 9.9939e-01	 4.4930e-02	 1.0007e+00
4.5040e-02	 9.9948e-01	 4.5040e-02	 1.0007e+00
4.5150e-02	 9.9958e-01	 4.5150e-02	 1.0007e+00
4.5260e-02	 9.9965e-01	 4.5260e-02	 1.0007e+00
4.5370e-02	 9.9972e-01	 4.5370e-02	 1.0007e+00
4.5480e-02	 9.9977e-01	 4.5480e-02	 1.0007e+00
4.5590e-02	 9.9982e-01	 4.5590e-02	 1.0006e+00
4.5700e-02	 9.9987e-01	 4.5700e-02	 1.0006e+00
4.5811e-02	 9.9991e-01	 4.5811e-02	 1.0006e+00
4.5921e-02	 9.9996e-01	 4.5921e-02	 1.0006e+00
4.6032e-02	 9.9999e-01	 4.6032e-02	 1.0006e+00
4.6143e-02	 1.0000e+00	 4.6143e-02	 1.0006e+00
4.6254e-02	 1.0000e+00	 4.6254e-02	 1.0005e+00
4.6365e-02	 1.0001e+00	 4.6365e-02	 1.0005e+00
4.6476e-02	 1.0001e+00	 4.6476e-02	 1.0005e+00
4.6587e-02	 1.0001e+00	 4.6587e-02	 1.0005e+00
4.6699e-02	 1.0001e+00	 4.6699e-02	 1.0005e+00
4.6811e-02	 1.0001e+00	 4.6811e-02	 1.0005e+00
4.6922e-02	 1.0002e+00	 4.6922e-02	 1.0006e+00
4.7034e-02	 1.0002e+00	 4.7034e-02	 1.0006e+00
4.7147e-02	 1.0002e+00	 4.7147e-02	 1.0006e+00
4.7259e-02	 1.0002e+00	 4.7259e-02	 1.0006e+00
4.7371e-02	 1.0002e+00	 4.7371e-02	 1.0007e+00
4.7483e-02	 1.0002e+00	 4.7483e-02	 1.0007e+00
4.7595e-02	 1.0002e+00	 4.7595e-02	 1.0007e+00
4.7707e-02	 1.0002e+00	 4.7707e-02	 1.0007e+00
4.7820e-02	 1.0002e+00	 4.7820e-02	 1.0007e+00
4.7933e-02	 1.0001e+00	 4.7933e-02	 1.0007e+00
4.8046e-02	 1.0001e+00	 4.8046e-02	 1.0008e+00
4.8159e-02	 1.0001e+00	 4.8159e-02	 1.0008e+00
4.8272e-02	 1.0001e+00	 4.8272e-02	 1.0008e+00
4.8385e-02	 1.0000e+00	 4.8385e-02	 1.0008e+00
4.8498e-02	 9.9999e-01	 4.8498e-02	 1.0008e+00
4.8611e-02	 9.9993e-01	 4.8611e-02	 1.0008e+00
4.8725e-02	 9.9988e-01	 4.8725e-02	 1.0007e+00
4.8839e-02	 9.9983e-01	 4.8839e-02	 1.0007e+00
4.8954e-02	 9.9978e-01	 4.8954e-02	 1.0007e+00
4.9067e-02	 9.9974e-01	 4.9067e-02	 1.0007e+00
4.9182e-02	 9.9968e-01	 4.9182e-02	 1.0006e+00
4.9296e-02	 9.9963e-01	 4.9296e-02	 1.0006e+00
4.9410e-02	 9.9957e-01	 4.9410e-02	 1.0006e+00
4.9524e-02	 9.9951e-01	 4.9524e-02	 1.0005e+00
4.9639e-02	 9.9947e-01	 4.9639e-02	 1.0005e+00
4.9753e-02	 9.9942e-01	 4.9753e-02	 1.0004e+00
4.9868e-02	 9.9938e-01	 4.9868e-02	 1.0004e+00
4.9983e-02	 9.9933e-01	 4.9983e-02	 1.0003e+00
5.0099e-02	 9.9929e-01	 5.0099e-02	 1.0003e+00
5.0214e-02	 9.9925e-01	 5.0214e-02	 1.0002e+00
5.0329e-02	 9.9921e-01	 5.0329e-02	 1.0001e+00
5.0445e-02	 9.9918e-01	 5.0445e-02	 1.0001e+00
5.0560e-02	 9.9916e-01	 5.0560e-02	 9.9998e-01
5.0676e-02	 9.9915e-01	 5.0676e-02	 9.9990e-01
5.0792e-02	 9.9913e-01	 5.0792e-02	 9.9982e-01
5.0908e-02	 9.9912e-01	 5.0908e-02	 9.9975e-01
5.1023e-02	 9.9910e-01	 5.1023e-02	 9.9968e-01
5.1140e-02	 9.9910e-01	 5.1140e-02	 9.9962e-01
5.1255e-02	 9.9911e-01	 5.1255e-02	 9.9956e-01
5.1372e-02	 9.9912e-01	 5.1372e-02	 9.9950e-01
5.1487e-02	 9.9915e-01	 5.1487e-02	 9.9945e-01
5.1604e-02	 9.9916e-01	 5.1604e-02	 9.9942e-01
5.1720e-02	 9.9920e-01	 5.1720e-02	 9.9938e-01
5.1836e-02	 9.9922e-01	 5.1836e-02	 9.9936e-01
5.1953e-02	 9.9926e-01	 5.1953e-02	 9.9935e-01
5.2070e-02	 9.9931e-01	 5.2070e-02	 9.9934e-01
5.2186e-02	 9.9937e-01	 5.2186e-02	 9.9935e-01
5.2304e-02	 9.9944e-01	 5.2304e-02	 9.9935e-01
5.2420e-02	 9.9950e-01	 5.2420e-02	 9.9936e-01
5.2537e-02	 9.9958e-01	 5.2537e-02	 9.9937e-01
5.2655e-02	 9.9964e-01	 5.2655e-02	 9.9939e-01
5.2772e-02	 9.9971e-01	 5.2772e-02	 9.9940e-01
5.2890e-02	 9.9979e-01	 5.2890e-02	 9.9941e-01
5.3008e-02	 9.9986e-01	 5.3008e-02	 9.9942e-01
5.3125e-02	 9.9994e-01	 5.3125e-02	 9.9943e-01
5.3243e-02	 9.9999e-01	 5.3243e-02	 9.9944e-01
5.3361e-02	 1.0000e+00	 5.3361e-02	 9.9945e-01
5.3479e-02	 1.0001e+00	 5.3479e-02	 9.9946e-01
5.3598e-02	 1.0001e+00	 5.3598e-02	 9.9947e-01
5.3717e-02	 1.0002e+00	 5.3717e-02	 9.9948e-01
5.3836e-02	 1.0002e+00	 5.3836e-02	 9.9949e-01
5.3955e-02	 1.0002e+00	 5.3955e-02	 9.9951e-01
5.4073e-02	 1.0002e+00	 5.4073e-02	 9.9953e-01
5.4192e-02	 1.0002e+00	 5.4192e-02	 9.9955e-01
5.4311e-02	 1.0002e+00	 5.4311e-02	 9.9958e-01
5.4430e-02	 1.0002e+00	 5.4430e-02	 9.9961e-01
5.4549e-02	 1.0002e+00	 5.4549e-02	 9.9964e-01
5.4669e-02	 1.0002e+00	 5.4669e-02	 9.9967e-01
5.4789e-02	 1.0002e+00	 5.4789e-02	 9.9970e-01
5.4909e-02	 1.0002e+00	 5.4909e-02	 9.9972e-01
5.5029e-02	 1.0002e+00	 5.5029e-02	 9.9975e-01
5.5148e-02	 1.0002e+00	 5.5148e-02	 9.9978e-01
5.5268e-02	 1.0002e+00	 5.5268e-02	 9.9980e-01
5.5388e-02	 1.0002e+00	 5.5388e-02	 9.9982e-01
5.5508e-02	 1.0002e+00	 5.5508e-02	 9.9984e-01
5.5628e-02	 1.0002e+00	 5.5628e-02	 9.9986e-01
5.5748e-02	 1.0001e+00	 5.5748e-02	 9.9987e-01
5.5868e-02	 1.0001e+00	 5.5868e-02	 9.9989e-01
5.5989e-02	 1.0001e+00	 5.5989e-02	 9.9991e-01
5.6110e-02	 1.0001e+00	 5.6110e-02	 9.9994e-01
5.6230e-02	 1.0001e+00	 5.6230e-02	 9.9997e-01
5.6351e-02	 1.0001e+00	 5.6351e-02	 1.0000e+00
5.6472e-02	 1.0000e+00	 5.6472e-02	 1.0000e+00
5.6593e-02	 1.0000e+00	 5.6593e-02	 1.0001e+00
5.6715e-02	 1.0000e+00	 5.6715e-02	 1.0001e+00
5.6837e-02	 9.9997e-01	 5.6837e-02	 1.0002e+00
5.6959e-02	 9.9996e-01	 5.6959e-02	 1.0002e+00
5.7080e-02	 9.9995e-01	 5.7080e-02	 1.0002e+00
5.7202e-02	 9.9995e-01	 5.7202e-02	 1.0003e+00
5.7324e-02	 9.9995e-01	 5.7324e-02	 1.0003e+00
5.7446e-02	 9.9994e-01	 5.7446e-02	 1.0003e+00
5.7569e-02	 9.9994e-01	 5.7569e-02	 1.0004e+00
5.7691e-02	 9.9994e-01	 5.7691e-02	 1.0004e+00
5.7813e-02	 9.9996e-01	 5.7813e-02	 1.0004e+00
5.7935e-02	 9.9997e-01	 5.7935e-02	 1.0004e+00
5.8057e-02	 1.0000e+00	 5.8057e-02	 1.0004e+00
5.8180e-02	 1.0000e+00	 5.8180e-02	 1.0004e+00
5.8303e-02	 1.0000e+00	 5.8303e-02	 1.0004e+00
5.8426e-02	 1.0001e+00	 5.8426e-02	 1.0004e+00
5.8550e-02	 1.0001e+00	 5.8550e-02	 1.0004e+00
5.8673e-02	 1.0001e+00	 5.8673e-02	 1.0003e+00
5.8795e-02	 1.0001e+00	 5.8795e-02	 1.0003e+00
5.8919e-02	 1.0002e+00	 5.8919e-02	 1.0003e+00
5.9042e-02	 1.0002e+00	 5.9042e-02	 1.0003e+00
5.9166e-02	 1.0002e+00	 5.9166e-02	 1.0002e+00
5.9289e-02	 1.0002e+00	 5.9289e-02	 1.0002e+00
5.9413e-02	 1.0002e+00	 5.9413e-02	 1.0001e+00
5.9537e-02	 1.0002e+00	 5.9537e-02	 1.0001e+00
5.9661e-02	 1.0002e+00	 5.9661e-02	 1.0001e+00
5.9785e-02	 1.0002e+00	 5.9785e-02	 1.0000e+00
5.9909e-02	 1.0002e+00	 5.9909e-02	 9.9996e-01
6.0034e-02	 1.0002e+00	 6.0034e-02	 9.9992e-01
6.0159e-02	 1.0002e+00	 6.0159e-02	 9.9988e-01
6.0284e-02	 1.0002e+00	 6.0284e-02	 9.9985e-01
6.0409e-02	 1.0002e+00	 6.0409e-02	 9.9982e-01
6.0534e-02	 1.0002e+00	 6.0534e-02	 9.9980e-01
6.0659e-02	 1.0002e+00	 6.0659e-02	 9.9978e-01
6.0785e-02	 1.0002e+00	 6.0785e-02	 9.9977e-01
6.0910e-02	 1.0002e+00	 6.0910e-02	 9.9976e-01
6.1035e-02	 1.0002e+00	 6.1035e-02	 9.9976e-01
6.1160e-02	 1.0002e+00	 6.1160e-02	 9.9976e-01
6.1286e-02	 1.0002e+00	 6.1286e-02	 9.9976e-01
6.1412e-02	 1.0002e+00	 6.1412e-02	 9.9977e-01
6.1537e-02	 1.0002e+00	 6.1537e-02	 9.9978e-01
6.1663e-02	 1.0002e+00	 6.1663e-02	 9.9979e-01
6.1789e-02	 1.0002e+00	 6.1789e-02	 9.9980e-01
6.1915e-02	 1.0002e+00	 6.1915e-02	 9.9982e-01
6.2041e-02	 1.0001e+00	 6.2041e-02	 9.9983e-01
6.2166e-02	 1.0001e+00	 6.2166e-02	 9.9985e-01
6.2293e-02	 1.0001e+00	 6.2293e-02	 9.9986e-01
6.2419e-02	 1.0001e+00	 6.2419e-02	 9.9987e-01
6.2546e-02	 1.0001e+00	 6.2546e-02	 9.9989e-01
6.2671e-02	 1.0000e+00	 6.2671e-02	 9.9990e-01
6.2798e-02	 1.0000e+00	 6.2798e-02	 9.9990e-01
6.2925e-02	 9.9996e-01	 6.2925e-02	 9.9991e-01
6.3052e-02	 9.9995e-01	 6.3052e-02	 9.9992e-01
6.3179e-02	 9.9992e-01	 6.3179e-02	 9.9992e-01
6.3307e-02	 9.9990e-01	 6.3307e-02	 9.9992e-01
6.3434e-02	 9.9988e-01	 6.3434e-02	 9.9993e-01
6.3562e-02	 9.9985e-01	 6.3562e-02	 9.9993e-01
6.3689e-02	 9.9983e-01	 6.3689e-02	 9.9993e-01
6.3817e-02	 9.9980e-01	 6.3817e-02	 9.9994e-01
6.3944e-02	 9.9979e-01	 6.3944e-02	 9.9995e-01
6.4072e-02	 9.9977e-01	 6.4072e-02	 9.9995e-01
6.4200e-02	 9.9977e-01	 6.4200e-02	 9.9995e-01
6.4327e-02	 9.9976e-01	 6.4327e-02	 9.9994e-01
6.4456e-02	 9.9976e-01	 6.4456e-02	 9.9993e-01
6.4583e-02	 9.9975e-01	 6.4583e-02	 9.9992e-01
6.4712e-02	 9.9975e-01	 6.4712e-02	 9.9990e-01
6.4840e-02	 9.9976e-01	 6.4840e-02	 9.9988e-01
6.4969e-02	 9.9977e-01	 6.4969e-02	 9.9986e-01
6.5098e-02	 9.9979e-01	 6.5098e-02	 9.9984e-01
6.5227e-02	 9.9980e-01	 6.5227e-02	 9.9982e-01
6.5356e-02	 9.9981e-01	 6.5356e-02	 9.9981e-01
6.5486e-02	 9.9981e-01	 6.5486e-02	 9.9980e-01
6.5615e-02	 9.9982e-01	 6.5615e-02	 9.9979e-01
6.5745e-02	 9.9984e-01	 6.5745e-02	 9.9978e-01
6.5874e-02	 9.9986e-01	 6.5874e-02	 9.9978e-01
6.6003e-02	 9.9989e-01	 6.6003e-02	 9.9978e-01
6.6133e-02	 9.9990e-01	 6.6133e-02	 9.9980e-01
6.6264e-02	 9.9992e-01	 6.6264e-02	 9.9981e-01
6.6394e-02	 9.9994e-01	 6.6394e-02	 9.9983e-01
6.6525e-02	 9.9995e-01	 6.6525e-02	 9.9986e-01
6.6655e-02	 9.9998e-01	 6.6655e-02	 9.9988e-01
6.6786e-02	 1.0000e+00	 6.6786e-02	 9.9991e-01
6.6916e-02	 1.0000e+00	 6.6916e-02	 9.9995e-01
6.7047e-02	 1.0000e+00	 6.7047e-02	 9.9998e-01
6.7177e-02	 1.0001e+00	 6.7177e-02	 1.0000e+00
6.7308e-02	 1.0001e+00	 6.7308e-02	 1.0000e+00
6.7439e-02	 1.0001e+00	 6.7439e-02	 1.0001e+00
6.7571e-02	 1.0001e+00	 6.7571e-02	 1.0001e+00
6.7703e-02	 1.0001e+00	 6.7703e-02	 1.0001e+00
6.7835e-02	 1.0001e+00	 6.7835e-02	 1.0001e+00
6.7966e-02	 1.0001e+00	 6.7966e-02	 1.0001e+00
6.8098e-02	 1.0001e+00	 6.8098e-02	 1.0001e+00
6.8230e-02	 1.0000e+00	 6.8230e-02	 1.0001e+00
6.8362e-02	 1.0000e+00	 6.8362e-02	 1.0001e+00
6.8493e-02	 1.0000e+00	 6.8493e-02	 1.0000e+00
6.8626e-02	 9.9999e-01	 6.8626e-02	 1.0000e+00
6.8758e-02	 9.9998e-01	 6.8758e-02	 9.9998e-01
6.8890e-02	 9.9995e-01	 6.8890e-02	 9.9995e-01
6.9023e-02	 9.9993e-01	 6.9023e-02	 9.9992e-01
6.9156e-02	 9.9990e-01	 6.9156e-02	 9.9988e-01
6.9289e-02	 9.9987e-01	 6.9289e-02	 9.9985e-01
6.9422e-02	 9.9985e-01	 6.9422e-02	 9.9982e-01
6.9555e-02	 9.9983e-01	 6.9555e-02	 9.9980e-01
6.9688e-02	 9.9982e-01	 6.9688e-02	 9.9978e-01
6.9821e-02	 9.9980e-01	 6.9821e-02	 9.9977e-01
6.9954e-02	 9.9979e-01	 6.9954e-02	 9.9977e-01
7.0088e-02	 9.9978e-01	 7.0088e-02	 9.9978e-01
7.0221e-02	 9.9978e-01	 7.0221e-02	 9.9980e-01
7.0355e-02	 9.9979e-01	 7.0355e-02	 9.9982e-01
7.0489e-02	 9.9980e-01	 7.0489e-02	 9.9986e-01
7.0623e-02	 9.9982e-01	 7.0623e-02	 9.9990e-01
7.0757e-02	 9.9984e-01	 7.0757e-02	 9.9995e-01
7.0890e-02	 9.9986e-01	 7.0890e-02	 1.0000e+00
7.1025e-02	 9.9988e-01	 7.1025e-02	 1.0001e+00
7.1159e-02	 9.9991e-01	 7.1159e-02	 1.0001e+00
7.1293e-02	 9.9995e-01	 7.1293e-02	 1.0002e+00
7.1428e-02	 9.9999e-01	 7.1428e-02	 1.0003e+00
7.1562e-02	 1.0000e+00	 7.1562e-02	 1.0003e+00
7.1696e-02	 1.0001e+00	 7.1696e-02	 1.0004e+00
7.1831e-02	 1.0001e+00	 7.1831e-02	 1.0004e+00
7.1965e-02	 1.0002e+00	 7.1965e-02	 1.0005e+00
7.2100e-02	 1.0002e+00	 7.2100e-02	 1.0005e+00
7.2236e-02	 1.0002e+00	 7.2236e-02	 1.0005e+00
7.2371e-02	 1.0003e+00	 7.2371e-02	 1.0005e+00
7.2507e-02	 1.0003e+00	 7.2507e-02	 1.0005e+00
7.2643e-02	 1.0003e+00	 7.2643e-02	 1.0005e+00
7.2778e-02	 1.0004e+00	 7.2778e-02	 1.0005e+00
7.2914e-02	 1.0004e+00	 7.2914e-02	 1.0005e+00
7.3051e-02	 1.0004e+00	 7.3051e-02	 1.0004e+00
7.3187e-02	 1.0004e+00	 7.3187e-02	 1.0004e+00
7.3323e-02	 1.0003e+00	 7.3323e-02	 1.0004e+00
7.3459e-02	 1.0003e+00	 7.3459e-02	 1.0003e+00
7.3596e-02	 1.0003e+00	 7.3596e-02	 1.0003e+00
7.3732e-02	 1.0003e+00	 7.3732e-02	 1.0002e+00
7.3869e-02	 1.0002e+00	 7.3869e-02	 1.0002e+00
7.4006e-02	 1.0002e+00	 7.4006e-02	 1.0001e+00
7.4143e-02	 1.0001e+00	 7.4143e-02	 1.0001e+00
7.4280e-02	 1.0001e+00	 7.4280e-02	 1.0000e+00
7.4418e-02	 1.0001e+00	 7.4418e-02	 9.9995e-01
7.4555e-02	 1.0001e+00	 7.4555e-02	 9.9990e-01
7.4693e-02	 1.0000e+00	 7.4693e-02	 9.9984e-01
7.4831e-02	 9.9999e-01	 7.4831e-02	 9.9977e-01
7.4970e-02	 9.9996e-01	 7.4970e-02	 9.9971e-01
7.5108e-02	 9.9993e-01	 7.5108e-02	 9.9965e-01
7.5246e-02	 9.9990e-01	 7.5246e-02	 9.9959e-01
7.5384e-02	 9.9988e-01	 7.5384e-02	 9.9952e-01
7.5523e-02	 9.9984e-01	 7.5523e-02	 9.9946e-01
7.5661e-02	 9.9981e-01	 7.5661e-02	 9.9941e-01
7.5799e-02	 9.9977e-01	 7.5799e-02	 9.9935e-01
7.5938e-02	 9.9975e-01	 7.5938e-02	 9.9931e-01
7.6077e-02	 9.9973e-01	 7.6077e-02	 9.9928e-01
7.6216e-02	 9.9972e-01	 7.6216e-02	 9.9925e-01
7.6356e-02	 9.9971e-01	 7.6356e-02	 9.9925e-01
7.6495e-02	 9.9969e-01	 7.6495e-02	 9.9925e-01
7.6634e-02	 9.9968e-01	 7.6634e-02	 9.9925e-01
7.6774e-02	 9.9966e-01	 7.6774e-02	 9.9927e-01
7.6914e-02	 9.9966e-01	 7.6914e-02	 9.9929e-01
7.7055e-02	 9.9965e-01	 7.7055e-02	 9.9932e-01
7.7195e-02	 9.9965e-01	 7.7195e-02	 9.9935e-01
7.7335e-02	 9.9965e-01	 7.7335e-02	 9.9939e-01
7.7475e-02	 9.9963e-01	 7.7475e-02	 9.9942e-01
7.7616e-02	 9.9962e-01	 7.7616e-02	 9.9946e-01
7.7756e-02	 9.9959e-01	 7.7756e-02	 9.9950e-01
7.7897e-02	 9.9957e-01	 7.7897e-02	 9.9954e-01
7.8038e-02	 9.9956e-01	 7.8038e-02	 9.9958e-01
7.8180e-02	 9.9954e-01	 7.8180e-02	 9.9962e-01
7.8321e-02	 9.9953e-01	 7.8321e-02	 9.9965e-01
7.8463e-02	 9.9950e-01	 7.8463e-02	 9.9969e-01
7.8605e-02	 9.9949e-01	 7.8605e-02	 9.9972e-01
7.8747e-02	 9.9946e-01	 7.8747e-02	 9.9975e-01
7.8889e-02	 9.9945e-01	 7.8889e-02	 9.9978e-01
7.9031e-02	 9.9943e-01	 7.9031e-02	 9.9981e-01
7.9173e-02	 9.9942e-01	 7.9173e-02	 9.9983e-01
7.9315e-02	 9.9940e-01	 7.9315e-02	 9.9985e-01
7.9458e-02	 9.9937e-01	 7.9458e-02	 9.9987e-01
7.9601e-02	 9.9935e-01	 7.9601e-02	 9.9988e-01
7.9743e-02	 9.9932e-01	 7.9743e-02	 9.9989e-01
7.9886e-02	 9.9930e-01	 7.9886e-02	 9.9990e-01
8.0029e-02	 9.9928e-01	 8.0029e-02	 9.9991e-01
8.0172e-02	 9.9927e-01	 8.0172e-02	 9.9991e-01
8.0316e-02	 9.9926e-01	 8.0316e-02	 9.9992e-01
8.0459e-02	 9.9924e-01	 8.0459e-02	 9.9992e-01
8.0603e-02	 9.9923e-01	 8.0603e-02	 9.9992e-01
8.0747e-02	 9.9922e-01	 8.0747e-02	 9.9992e-01
8.0891e-02	 9.9923e-01	 8.0891e-02	 9.9992e-01
8.1035e-02	 9.9925e-01	 8.1035e-02	 9.9991e-01
8.1179e-02	 9.9927e-01	 8.1179e-02	 9.9990e-01
8.1323e-02	 9.9930e-01	 8.1323e-02	 9.9988e-01
8.1467e-02	 9.9932e-01	 8.1467e-02	 9.9986e-01
8.1612e-02	 9.9936e-01	 8.1612e-02	 9.9984e-01
8.1756e-02	 9.9939e-01	 8.1756e-02	 9.9980e-01
8.1901e-02	 9.9944e-01	 8.1901e-02	 9.9976e-01
8.2046e-02	 9.9949e-01	 8.2046e-02	 9.9971e-01
8.2191e-02	 9.9955e-01	 8.2191e-02	 9.9966e-01
8.2336e-02	 9.9960e-01	 8.2336e-02	 9.9960e-01
8.2481e-02	 9.9965e-01	 8.2481e-02	 9.9955e-01
8.2627e-02	 9.9971e-01	 8.2627e-02	 9.9950e-01
8.2772e-02	 9.9976e-01	 8.2772e-02	 9.9944e-01
8.2918e-02	 9.9982e-01	 8.2918e-02	 9.9939e-01
8.3063e-02	 9.9987e-01	 8.3063e-02	 9.9935e-01
8.3209e-02	 9.9993e-01	 8.3209e-02	 9.9931e-01
8.3355e-02	 9.9998e-01	 8.3355e-02	 9.9927e-01
8.3501e-02	 1.0000e+00	 8.3501e-02	 9.9925e-01
8.3647e-02	 1.0001e+00	 8.3647e-02	 9.9924e-01
8.3794e-02	 1.0001e+00	 8.3794e-02	 9.9923e-01
8.3940e-02	 1.0001e+00	 8.3940e-02	 9.9923e-01
8.4087e-02	 1.0001e+00	 8.4087e-02	 9.9924e-01
8.4234e-02	 1.0002e+00	 8.4234e-02	 9.9925e-01
8.4381e-02	 1.0002e+00	 8.4381e-02	 9.9928e-01
8.4528e-02	 1.0002e+00	 8.4528e-02	 9.9931e-01
8.4676e-02	 1.0003e+00	 8.4676e-02	 9.9936e-01
8.4823e-02	 1.0003e+00	 8.4823e-02	 9.9941e-01
8.4971e-02	 1.0003e+00	 8.4971e-02	 9.9947e-01
8.5119e-02	 1.0003e+00	 8.5119e-02	 9.9954e-01
8.5266e-02	 1.0003e+00	 8.5266e-02	 9.9962e-01
8.5414e-02	 1.0003e+00	 8.5414e-02	 9.9969e-01
8.5563e-02	 1.0003e+00	 8.5563e-02	 9.9977e-01
8.5711e-02	 1.0003e+00	 8.5711e-02	 9.9985e-01
8.5859e-02	 1.0003e+00	 8.5859e-02	 9.9992e-01
8.6008e-02	 1.0003e+00	 8.6008e-02	 9.9998e-01
8.6157e-02	 1.0003e+00	 8.6157e-02	 1.0000e+00
8.6307e-02	 1.0003e+00	 8.6307e-02	 1.0001e+00
8.6456e-02	 1.0002e+00	 8.6456e-02	 1.0001e+00
8.6605e-02	 1.0002e+00	 8.6605e-02	 1.0002e+00
8.6754e-02	 1.0002e+00	 8.6754e-02	 1.0002e+00
8.6904e-02	 1.0002e+00	 8.6904e-02	 1.0002e+00
8.7054e-02	 1.0002e+00	 8.7054e-02	 1.0002e+00
8.7204e-02	 1.0002e+00	 8.7204e-02	 1.0002e+00
8.7353e-02	 1.0002e+00	 8.7353e-02	 1.0002e+00
8.7503e-02	 1.0001e+00	 8.7503e-02	 1.0002e+00
8.7653e-02	 1.0001e+00	 8.7653e-02	 1.0002e+00
8.7803e-02	 1.0001e+00	 8.7803e-02	 1.0002e+00
8.7954e-02	 1.0001e+00	 8.7954e-02	 1.0002e+00
8.8105e-02	 1.0001e+00	 8.8105e-02	 1.0001e+00
8.8256e-02	 1.0001e+00	 8.8256e-02	 1.0001e+00
8.8406e-02	 1.0001e+00	 8.8406e-02	 1.0001e+00
8.8557e-02	 1.0001e+00	 8.8557e-02	 1.0001e+00
8.8708e-02	 1.0001e+00	 8.8708e-02	 1.0001e+00
8.8860e-02	 1.0001e+00	 8.8860e-02	 1.0001e+00
8.9011e-02	 1.0001e+00	 8.9011e-02	 1.0001e+00
8.9163e-02	 1.0001e+00	 8.9163e-02	 1.0001e+00
8.9314e-02	 1.0001e+00	 8.9314e-02	 1.0001e+00
8.9466e-02	 1.0001e+00	 8.9466e-02	 1.0000e+00
8.9618e-02	 1.0001e+00	 8.9618e-02	 1.0000e+00
8.9770e-02	 1.0001e+00	 8.9770e-02	 1.0000e+00
8.9922e-02	 1.0001e+00	 8.9922e-02	 1.0000e+00
9.0074e-02	 1.0001e+00	 9.0074e-02	 1.0000e+00
9.0226e-02	 1.0001e+00	 9.0226e-02	 9.9998e-01
9.0378e-02	 1.0001e+00	 9.0378e-02	 9.9996e-01
9.0530e-02	 1.0001e+00	 9.0530e-02	 9.9994e-01
9.0683e-02	 1.0001e+00	 9.0683e-02	 9.9993e-01
9.0836e-02	 1.0001e+00	 9.0836e-02	 9.9991e-01
9.0989e-02	 1.0001e+00	 9.0989e-02	 9.9989e-01
9.1143e-02	 1.0001e+00	 9.1143e-02	 9.9988e-01
9.1297e-02	 1.0001e+00	 9.1297e-02	 9.9987e-01
9.1450e-02	 1.0001e+00	 9.1450e-02	 9.9986e-01
9.1604e-02	 1.0002e+00	 9.1604e-02	 9.9986e-01
9.1757e-02	 1.0001e+00	 9.1757e-02	 9.9986e-01
9.1911e-02	 1.0001e+00	 9.1911e-02	 9.9986e-01
9.2065e-02	 1.0001e+00	 9.2065e-02	 9.9987e-01
9.2219e-02	 1.0001e+00	 9.2219e-02	 9.9989e-01
9.2373e-02	 1.0001e+00	 9.2373e-02	 9.9991e-01
9.2527e-02	 1.0001e+00	 9.2527e-02	 9.9993e-01
9.2682e-02	 1.0001e+00	 9.2682e-02	 9.9996e-01
9.2837e-02	 1.0000e+00	 9.2837e-02	 9.9998e-01
9.2992e-02	 1.0000e+00	 9.2992e-02	 1.0000e+00
9.3146e-02	 1.0000e+00	 9.3146e-02	 1.0000e+00
9.3301e-02	 9.9997e-01	 9.3301e-02	 1.0001e+00
9.3456e-02	 9.9996e-01	 9.3456e-02	 1.0001e+00
9.3611e-02	 9.9995e-01	 9.3611e-02	 1.0001e+00
9.3767e-02	 9.9995e-01	 9.3767e-02	 1.0001e+00
9.3923e-02	 9.9995e-01	 9.3923e-02	 1.0001e+00
9.4079e-02	 9.9994e-01	 9.4079e-02	 1.0001e+00
9.4235e-02	 9.9994e-01	 9.4235e-02	 1.0001e+00
9.4391e-02	 9.9994e-01	 9.4391e-02	 1.0001e+00
9.4548e-02	 9.9995e-01	 9.4548e-02	 1.0001e+00
9.4704e-02	 9.9996e-01	 9.4704e-02	 1.0000e+00
9.4861e-02	 9.9998e-01	 9.4861e-02	 1.0000e+00
9.5017e-02	 9.9998e-01	 9.5017e-02	 9.9998e-01
9.5174e-02	 9.9998e-01	 9.5174e-02	 9.9995e-01
9.5331e-02	 9.9998e-01	 9.5331e-02	 9.9991e-01
9.5488e-02	 9.9998e-01	 9.5488e-02	 9.9987e-01
9.5645e-02	 9.9999e-01	 9.5645e-02	 9.9983e-01
9.5803e-02	 1.0000e+00	 9.5803e-02	 9.9978e-01
9.5960e-02	 1.0000e+00	 9.5960e-02	 9.9974e-01
9.6118e-02	 1.0000e+00	 9.6118e-02	 9.9970e-01
9.6275e-02	 1.0000e+00	 9.6275e-02	 9.9966e-01
9.6433e-02	 1.0000e+00	 9.6433e-02	 9.9962e-01
9.6591e-02	 1.0000e+00	 9.6591e-02	 9.9960e-01
9.6748e-02	 1.0001e+00	 9.6748e-02	 9.9958e-01
9.6906e-02	 1.0001e+00	 9.6906e-02	 9.9957e-01
9.7064e-02	 1.0001e+00	 9.7064e-02	 9.9957e-01
9.7223e-02	 1.0001e+00	 9.7223e-02	 9.9957e-01
9.7382e-02	 1.0001e+00	 9.7382e-02	 9.9957e-01
9.7541e-02	 1.0001e+00	 9.7541e-02	 9.9959e-01
9.7699e-02	 1.0001e+00	 9.7699e-02	 9.9960e-01
9.7859e-02	 1.0001e+00	 9.7859e-02	 9.9962e-01
9.8018e-02	 1.0001e+00	 9.8018e-02	 9.9965e-01
9.8177e-02	 1.0001e+00	 9.8177e-02	 9.9968e-01
9.8336e-02	 1.0001e+00	 9.8336e-02	 9.9971e-01
9.8496e-02	 1.0001e+00	 9.8496e-02	 9.9975e-01
9.8656e-02	 1.0001e+00	 9.8656e-02	 9.9979e-01
9.8816e-02	 1.0001e+00	 9.8816e-02	 9.9983e-01
9.8976e-02	 1.0001e+00	 9.8976e-02	 9.9987e-01
9.9136e-02	 1.0001e+00	 9.9136e-02	 9.9993e-01
9.9297e-02	 1.0001e+00	 9.9297e-02	 9.9998e-01
9.9458e-02	 1.0001e+00	 9.9458e-02	 1.0000e+00
9.9619e-02	 1.0001e+00	 9.9619e-02	 1.0001e+00
9.9779e-02	 1.0001e+00	 9.9779e-02	 1.0001e+00
9.9941e-02	 1.0000e+00	 9.9941e-02	 1.0002e+00
1.0010e-01	 1.0000e+00	 1.0010e-01	 1.0003e+00
1.0026e-01	 1.0000e+00	 1.0026e-01	 1.0003e+00
1.0043e-01	 1.0001e+00	 1.0043e-01	 1.0004e+00
1.0059e-01	 1.0000e+00	 1.0059e-01	 1.0004e+00
1.0075e-01	 1.0001e+00	 1.0075e-01	 1.0004e+00
1.0091e-01	 1.0000e+00	 1.0091e-01	 1.0004e+00
1.0107e-01	 1.0001e+00	 1.0107e-01	 1.0005e+00
1.0124e-01	 1.0001e+00	 1.0124e-01	 1.0005e+00
1.0140e-01	 1.0001e+00	 1.0140e-01	 1.0004e+00
1.0156e-01	 1.0001e+00	 1.0156e-01	 1.0004e+00
1.0172e-01	 1.0001e+00	 1.0172e-01	 1.0004e+00
1.0189e-01	 1.0001e+00	 1.0189e-01	 1.0004e+00
1.0205e-01	 1.0001e+00	 1.0205e-01	 1.0003e+00
1.0221e-01	 1.0000e+00	 1.0221e-01	 1.0003e+00
1.0238e-01	 1.0000e+00	 1.0238e-01	 1.0002e+00
1.0254e-01	 1.0000e+00	 1.0254e-01	 1.0002e+00
1.0270e-01	 1.0000e+00	 1.0270e-01	 1.0002e+00
1.0287e-01	 1.0000e+00	 1.0287e-01	 1.0001e+00
1.0303e-01	 1.0000e+00	 1.0303e-01	 1.0001e+00
1.0319e-01	 9.9998e-01	 1.0319e-01	 1.0001e+00
1.0336e-01	 9.9997e-01	 1.0336e-01	 1.0000e+00
1.0352e-01	 9.9997e-01	 1.0352e-01	 1.0000e+00
1.0369e-01	 9.9996e-01	 1.0369e-01	 1.0000e+00
1.0385e-01	 9.9996e-01	 1.0385e-01	 1.0000e+00
1.0402e-01	 9.9994e-01	 1.0402e-01	 1.0000e+00
1.0418e-01	 9.9993e-01	 1.0418e-01	 1.0000e+00
1.0435e-01	 9.9991e-01	 1.0435e-01	 1.0000e+00
1.0451e-01	 9.9989e-01	 1.0451e-01	 1.0000e+00
1.0468e-01	 9.9988e-01	 1.0468e-01	 1.0001e+00
1.0484e-01	 9.9986e-01	 1.0484e-01	 1.0001e+00
1.0501e-01	 9.9985e-01	 1.0501e-01	 1.0001e+00
1.0518e-01	 9.9982e-01	 1.0518e-01	 1.0001e+00
1.0534e-01	 9.9980e-01	 1.0534e-01	 1.0001e+00
1.0551e-01	 9.9976e-01	 1.0551e-01	 1.0002e+00
1.0568e-01	 9.9974e-01	 1.0568e-01	 1.0002e+00
1.0584e-01	 9.9971e-01	 1.0584e-01	 1.0002e+00
1.0601e-01	 9.9968e-01	 1.0601e-01	 1.0002e+00
1.0618e-01	 9.9965e-01	 1.0618e-01	 1.0002e+00
1.0634e-01	 9.9961e-01	 1.0634e-01	 1.0002e+00
1.0651e-01	 9.9957e-01	 1.0651e-01	 1.0002e+00
1.0668e-01	 9.9953e-01	 1.0668e-01	 1.0001e+00
1.0684e-01	 9.9949e-01	 1.0684e-01	 1.0001e+00
1.0701e-01	 9.9946e-01	 1.0701e-01	 1.0001e+00
1.0718e-01	 9.9942e-01	 1.0718e-01	 1.0001e+00
1.0735e-01	 9.9939e-01	 1.0735e-01	 1.0001e+00
1.0751e-01	 9.9936e-01	 1.0751e-01	 1.0000e+00
1.0768e-01	 9.9933e-01	 1.0768e-01	 1.0000e+00
1.0785e-01	 9.9930e-01	 1.0785e-01	 1.0000e+00
1.0802e-01	 9.9929e-01	 1.0802e-01	 9.9998e-01
1.0819e-01	 9.9928e-01	 1.0819e-01	 9.9995e-01
1.0836e-01	 9.9929e-01	 1.0836e-01	 9.9994e-01
1.0853e-01	 9.9930e-01	 1.0853e-01	 9.9993e-01
1.0870e-01	 9.9931e-01	 1.0870e-01	 9.9993e-01
1.0887e-01	 9.9934e-01	 1.0887e-01	 9.9993e-01
1.0904e-01	 9.9937e-01	 1.0904e-01	 9.9993e-01
1.0921e-01	 9.9943e-01	 1.0921e-01	 9.9993e-01
1.0938e-01	 9.9949e-01	 1.0938e-01	 9.9994e-01
1.0955e-01	 9.9955e-01	 1.0955e-01	 9.9995e-01
1.0972e-01	 9.9963e-01	 1.0972e-01	 9.9996e-01
1.0989e-01	 9.9969e-01	 1.0989e-01	 9.9997e-01
1.1006e-01	 9.9977e-01	 1.1006e-01	 9.9997e-01
1.1023e-01	 9.9985e-01	 1.1023e-01	 9.9998e-01
1.1040e-01	 9.9993e-01	 1.1040e-01	 9.9998e-01
1.1057e-01	 1.0000e+00	 1.1057e-01	 9.9998e-01
1.1074e-01	 1.0001e+00	 1.1074e-01	 9.9999e-01
1.1091e-01	 1.0002e+00	 1.1091e-01	 9.9999e-01
1.1109e-01	 1.0002e+00	 1.1109e-01	 1.0000e+00
1.1126e-01	 1.0003e+00	 1.1126e-01	 1.0000e+00
1.1143e-01	 1.0003e+00	 1.1143e-01	 1.0000e+00
1.1160e-01	 1.0004e+00	 1.1160e-01	 1.0000e+00
1.1177e-01	 1.0004e+00	 1.1177e-01	 1.0000e+00
1.1195e-01	 1.0005e+00	 1.1195e-01	 1.0001e+00
1.1212e-01	 1.0005e+00	 1.1212e-01	 1.0001e+00
1.1229e-01	 1.0005e+00	 1.1229e-01	 1.0001e+00
1.1247e-01	 1.0005e+00	 1.1247e-01	 1.0001e+00
1.1264e-01	 1.0005e+00	 1.1264e-01	 1.0001e+00
1.1281e-01	 1.0005e+00	 1.1281e-01	 1.0002e+00
1.1299e-01	 1.0005e+00	 1.1299e-01	 1.0002e+00
1.1316e-01	 1.0005e+00	 1.1316e-01	 1.0002e+00
1.1333e-01	 1.0005e+00	 1.1333e-01	 1.0002e+00
1.1351e-01	 1.0004e+00	 1.1351e-01	 1.0003e+00
1.1368e-01	 1.0004e+00	 1.1368e-01	 1.0003e+00
1.1386e-01	 1.0003e+00	 1.1386e-01	 1.0003e+00
1.1403e-01	 1.0003e+00	 1.1403e-01	 1.0003e+00
1.1421e-01	 1.0002e+00	 1.1421e-01	 1.0003e+00
1.1438e-01	 1.0002e+00	 1.1438e-01	 1.0003e+00
1.1456e-01	 1.0001e+00	 1.1456e-01	 1.0003e+00
1.1473e-01	 1.0001e+00	 1.1473e-01	 1.0003e+00
1.1491e-01	 1.0001e+00	 1.1491e-01	 1.0003e+00
1.1508e-01	 1.0000e+00	 1.1508e-01	 1.0003e+00
1.1526e-01	 1.0000e+00	 1.1526e-01	 1.0003e+00
1.1543e-01	 1.0000e+00	 1.1543e-01	 1.0004e+00
1.1561e-01	 1.0000e+00	 1.1561e-01	 1.0004e+00
1.1578e-01	 9.9999e-01	 1.1578e-01	 1.0004e+00
1.1596e-01	 9.9998e-01	 1.1596e-01	 1.0004e+00
1.1614e-01	 9.9997e-01	 1.1614e-01	 1.0004e+00
1.1631e-01	 9.9995e-01	 1.1631e-01	 1.0004e+00
1.1649e-01	 9.9995e-01	 1.1649e-01	 1.0004e+00
1.1667e-01	 9.9994e-01	 1.1667e-01	 1.0004e+00
1.1685e-01	 9.9994e-01	 1.1685e-01	 1.0004e+00
1.1702e-01	 9.9992e-01	 1.1702e-01	 1.0004e+00
1.1720e-01	 9.9990e-01	 1.1720e-01	 1.0004e+00
1.1738e-01	 9.9988e-01	 1.1738e-01	 1.0004e+00
1.1756e-01	 9.9985e-01	 1.1756e-01	 1.0005e+00
1.1773e-01	 9.9984e-01	 1.1773e-01	 1.0005e+00
1.1791e-01	 9.9981e-01	 1.1791e-01	 1.0005e+00
1.1809e-01	 9.9980e-01	 1.1809e-01	 1.0005e+00
1.1827e-01	 9.9978e-01	 1.1827e-01	 1.0005e+00
1.1845e-01	 9.9975e-01	 1.1845e-01	 1.0006e+00
1.1863e-01	 9.9973e-01	 1.1863e-01	 1.0006e+00
1.1880e-01	 9.9971e-01	 1.1880e-01	 1.0006e+00
1.1898e-01	 9.9970e-01	 1.1898e-01	 1.0006e+00
1.1916e-01	 9.9969e-01	 1.1916e-01	 1.0006e+00
1.1935e-01	 9.9969e-01	 1.1935e-01	 1.0006e+00
1.1952e-01	 9.9967e-01	 1.1952e-01	 1.0006e+00
1.1970e-01	 9.9965e-01	 1.1970e-01	 1.0006e+00
1.1989e-01	 9.9963e-01	 1.1989e-01	 1.0006e+00
1.2007e-01	 9.9960e-01	 1.2007e-01	 1.0006e+00
1.2025e-01	 9.9959e-01	 1.2025e-01	 1.0006e+00
1.2043e-01	 9.9957e-01	 1.2043e-01	 1.0006e+00
1.2061e-01	 9.9955e-01	 1.2061e-01	 1.0005e+00
1.2079e-01	 9.9952e-01	 1.2079e-01	 1.0005e+00
1.2097e-01	 9.9949e-01	 1.2097e-01	 1.0005e+00
1.2115e-01	 9.9946e-01	 1.2115e-01	 1.0005e+00
1.2133e-01	 9.9942e-01	 1.2133e-01	 1.0004e+00
1.2151e-01	 9.9940e-01	 1.2151e-01	 1.0004e+00
1.2169e-01	 9.9937e-01	 1.2169e-01	 1.0004e+00
1.2188e-01	 9.9935e-01	 1.2188e-01	 1.0004e+00
1.2206e-01	 9.9932e-01	 1.2206e-01	 1.0003e+00
1.2224e-01	 9.9929e-01	 1.2224e-01	 1.0003e+00
1.2242e-01	 9.9928e-01	 1.2242e-01	 1.0003e+00
1.2261e-01	 9.9926e-01	 1.2261e-01	 1.0003e+00
1.2279e-01	 9.9928e-01	 1.2279e-01	 1.0002e+00
1.2297e-01	 9.9929e-01	 1.2297e-01	 1.0002e+00
1.2316e-01	 9.9931e-01	 1.2316e-01	 1.0002e+00
1.2334e-01	 9.9933e-01	 1.2334e-01	 1.0002e+00
1.2352e-01	 9.9937e-01	 1.2352e-01	 1.0001e+00
1.2371e-01	 9.9940e-01	 1.2371e-01	 1.0001e+00
1.2389e-01	 9.9945e-01	 1.2389e-01	 1.0001e+00
1.2407e-01	 9.9951e-01	 1.2407e-01	 1.0001e+00
1.2426e-01	 9.9957e-01	 1.2426e-01	 1.0001e+00
1.2444e-01	 9.9964e-01	 1.2444e-01	 1.0000e+00
1.2463e-01	 9.9971e-01	 1.2463e-01	 1.0000e+00
1.2481e-01	 9.9978e-01	 1.2481e-01	 1.0000e+00
1.2499e-01	 9.9986e-01	 1.2499e-01	 1.0000e+00
1.2518e-01	 9.9994e-01	 1.2518e-01	 1.0000e+00
1.2536e-01	 1.0000e+00	 1.2536e-01	 1.0000e+00
1.2555e-01	 1.0001e+00	 1.2555e-01	 1.0000e+00
1.2573e-01	 1.0002e+00	 1.2573e-01	 1.0000e+00
1.2592e-01	 1.0003e+00	 1.2592e-01	 1.0000e+00
1.2610e-01	 1.0003e+00	 1.2610e-01	 1.0001e+00
1.2629e-01	 1.0004e+00	 1.2629e-01	 1.0001e+00
1.2648e-01	 1.0004e+00	 1.2648e-01	 1.0001e+00
1.2666e-01	 1.0005e+00	 1.2666e-01	 1.0002e+00
1.2685e-01	 1.0005e+00	 1.2685e-01	 1.0002e+00
1.2704e-01	 1.0006e+00	 1.2704e-01	 1.0002e+00
1.2722e-01	 1.0006e+00	 1.2722e-01	 1.0003e+00
1.2741e-01	 1.0006e+00	 1.2741e-01	 1.0003e+00
1.2760e-01	 1.0006e+00	 1.2760e-01	 1.0003e+00
1.2779e-01	 1.0006e+00	 1.2779e-01	 1.0003e+00
1.2797e-01	 1.0006e+00	 1.2797e-01	 1.0004e+00
1.2816e-01	 1.0006e+00	 1.2816e-01	 1.0004e+00
1.2835e-01	 1.0006e+00	 1.2835e-01	 1.0004e+00
1.2854e-01	 1.0006e+00	 1.2854e-01	 1.0004e+00
1.2873e-01	 1.0005e+00	 1.2873e-01	 1.0004e+00
1.2892e-01	 1.0005e+00	 1.2892e-01	 1.0005e+00
1.2910e-01	 1.0004e+00	 1.2910e-01	 1.0005e+00
1.2929e-01	 1.0004e+00	 1.2929e-01	 1.0005e+00
1.2948e-01	 1.0003e+00	 1.2948e-01	 1.0004e+00
1.2967e-01	 1.0003e+00	 1.2967e-01	 1.0004e+00
1.2986e-01	 1.0002e+00	 1.2986e-01	 1.0004e+00
1.3005e-01	 1.0002e+00	 1.3005e-01	 1.0004e+00
1.3024e-01	 1.0001e+00	 1.3024e-01	 1.0004e+00
1.3043e-01	 1.0000e+00	 1.3043e-01	 1.0004e+00
1.3062e-01	 1.0000e+00	 1.3062e-01	 1.0004e+00
1.3081e-01	 9.9994e-01	 1.3081e-01	 1.0003e+00
1.3100e-01	 9.9990e-01	 1.3100e-01	 1.0003e+00
1.3120e-01	 9.9984e-01	 1.3120e-01	 1.0003e+00
1.3139e-01	 9.9980e-01	 1.3139e-01	 1.0003e+00
1.3158e-01	 9.9975e-01	 1.3158e-01	 1.0003e+00
1.3177e-01	 9.9971e-01	 1.3177e-01	 1.0003e+00
1.3196e-01	 9.9968e-01	 1.3196e-01	 1.0003e+00
1.3215e-01	 9.9965e-01	 1.3215e-01	 1.0003e+00
1.3234e-01	 9.9963e-01	 1.3234e-01	 1.0003e+00
1.3253e-01	 9.9959e-01	 1.3253e-01	 1.0003e+00
1.3273e-01	 9.9957e-01	 1.3273e-01	 1.0003e+00
1.3292e-01	 9.9954e-01	 1.3292e-01	 1.0003e+00
1.3311e-01	 9.9953e-01	 1.3311e-01	 1.0002e+00
1.3331e-01	 9.9954e-01	 1.3331e-01	 1.0002e+00
1.3350e-01	 9.9954e-01	 1.3350e-01	 1.0002e+00
1.3369e-01	 9.9955e-01	 1.3369e-01	 1.0001e+00
1.3388e-01	 9.9956e-01	 1.3388e-01	 1.0001e+00
1.3408e-01	 9.9958e-01	 1.3408e-01	 1.0000e+00
1.3427e-01	 9.9960e-01	 1.3427e-01	 9.9995e-01
1.3446e-01	 9.9963e-01	 1.3446e-01	 9.9990e-01
1.3466e-01	 9.9966e-01	 1.3466e-01	 9.9985e-01
1.3485e-01	 9.9969e-01	 1.3485e-01	 9.9980e-01
1.3505e-01	 9.9973e-01	 1.3505e-01	 9.9975e-01
1.3524e-01	 9.9975e-01	 1.3524e-01	 9.9971e-01
1.3544e-01	 9.9979e-01	 1.3544e-01	 9.9967e-01
1.3563e-01	 9.9982e-01	 1.3563e-01	 9.9963e-01
1.3583e-01	 9.9987e-01	 1.3583e-01	 9.9960e-01
1.3602e-01	 9.9992e-01	 1.3602e-01	 9.9956e-01
1.3622e-01	 9.9997e-01	 1.3622e-01	 9.9952e-01
1.3641e-01	 1.0000e+00	 1.3641e-01	 9.9950e-01
1.3661e-01	 1.0001e+00	 1.3661e-01	 9.9947e-01
1.3681e-01	 1.0001e+00	 1.3681e-01	 9.9944e-01
1.3700e-01	 1.0002e+00	 1.3700e-01	 9.9941e-01
1.3720e-01	 1.0002e+00	 1.3720e-01	 9.9939e-01
1.3739e-01	 1.0003e+00	 1.3739e-01	 9.9937e-01
1.3759e-01	 1.0003e+00	 1.3759e-01	 9.9935e-01
1.3779e-01	 1.0003e+00	 1.3779e-01	 9.9933e-01
1.3798e-01	 1.0004e+00	 1.3798e-01	 9.9932e-01
1.3818e-01	 1.0004e+00	 1.3818e-01	 9.9932e-01
1.3838e-01	 1.0004e+00	 1.3838e-01	 9.9932e-01
1.3858e-01	 1.0004e+00	 1.3858e-01	 9.9932e-01
1.3877e-01	 1.0004e+00	 1.3877e-01	 9.9933e-01
1.3897e-01	 1.0004e+00	 1.3897e-01	 9.9933e-01
1.3917e-01	 1.0004e+00	 1.3917e-01	 9.9934e-01
1.3937e-01	 1.0004e+00	 1.3937e-01	 9.9935e-01
1.3957e-01	 1.0003e+00	 1.3957e-01	 9.9935e-01
1.3977e-01	 1.0003e+00	 1.3977e-01	 9.9936e-01
1.3996e-01	 1.0002e+00	 1.3996e-01	 9.9937e-01
1.4016e-01	 1.0002e+00	 1.4016e-01	 9.9939e-01
1.4036e-01	 1.0001e+00	 1.4036e-01	 9.9941e-01
1.4056e-01	 1.0000e+00	 1.4056e-01	 9.9944e-01
1.4076e-01	 9.9997e-01	 1.4076e-01	 9.9948e-01
1.4096e-01	 9.9990e-01	 1.4096e-01	 9.9952e-01
1.4116e-01	 9.9982e-01	 1.4116e-01	 9.9958e-01
1.4136e-01	 9.9976e-01	 1.4136e-01	 9.9965e-01
1.4156e-01	 9.9969e-01	 1.4156e-01	 9.9972e-01
1.4176e-01	 9.9963e-01	 1.4176e-01	 9.9979e-01
1.4196e-01	 9.9958e-01	 1.4196e-01	 9.9987e-01
1.4216e-01	 9.9952e-01	 1.4216e-01	 9.9995e-01
1.4236e-01	 9.9948e-01	 1.4236e-01	 1.0000e+00
1.4257e-01	 9.9943e-01	 1.4257e-01	 1.0001e+00
1.4277e-01	 9.9941e-01	 1.4277e-01	 1.0002e+00
1.4297e-01	 9.9939e-01	 1.4297e-01	 1.0003e+00
1.4317e-01	 9.9939e-01	 1.4317e-01	 1.0004e+00
1.4337e-01	 9.9938e-01	 1.4337e-01	 1.0005e+00
1.4358e-01	 9.9937e-01	 1.4358e-01	 1.0005e+00
1.4378e-01	 9.9937e-01	 1.4378e-01	 1.0006e+00
1.4398e-01	 9.9936e-01	 1.4398e-01	 1.0007e+00
1.4418e-01	 9.9937e-01	 1.4418e-01	 1.0008e+00
1.4439e-01	 9.9938e-01	 1.4439e-01	 1.0008e+00
1.4459e-01	 9.9939e-01	 1.4459e-01	 1.0009e+00
1.4479e-01	 9.9941e-01	 1.4479e-01	 1.0009e+00
1.4500e-01	 9.9941e-01	 1.4500e-01	 1.0010e+00
1.4520e-01	 9.9943e-01	 1.4520e-01	 1.0010e+00
1.4541e-01	 9.9943e-01	 1.4541e-01	 1.0010e+00
1.4561e-01	 9.9946e-01	 1.4561e-01	 1.0010e+00
1.4582e-01	 9.9948e-01	 1.4582e-01	 1.0010e+00
1.4602e-01	 9.9950e-01	 1.4602e-01	 1.0010e+00
1.4622e-01	 9.9952e-01	 1.4622e-01	 1.0010e+00
1.4643e-01	 9.9953e-01	 1.4643e-01	 1.0010e+00
1.4664e-01	 9.9956e-01	 1.4664e-01	 1.0009e+00
1.4684e-01	 9.9957e-01	 1.4684e-01	 1.0009e+00
1.4705e-01	 9.9961e-01	 1.4705e-01	 1.0008e+00
1.4725e-01	 9.9964e-01	 1.4725e-01	 1.0008e+00
1.4746e-01	 9.9967e-01	 1.4746e-01	 1.0007e+00
1.4766e-01	 9.9970e-01	 1.4766e-01	 1.0007e+00
1.4787e-01	 9.9973e-01	 1.4787e-01	 1.0006e+00
1.4808e-01	 9.9976e-01	 1.4808e-01	 1.0006e+00
1.4829e-01	 9.9980e-01	 1.4829e-01	 1.0005e+00
1.4849e-01	 9.9985e-01	 1.4849e-01	 1.0004e+00
1.4870e-01	 9.9990e-01	 1.4870e-01	 1.0004e+00
1.4891e-01	 9.9995e-01	 1.4891e-01	 1.0003e+00
1.4911e-01	 1.0000e+00	 1.4911e-01	 1.0003e+00
1.4932e-01	 1.0000e+00	 1.4932e-01	 1.0002e+00
1.4953e-01	 1.0001e+00	 1.4953e-01	 1.0002e+00
1.4974e-01	 1.0001e+00	 1.4974e-01	 1.0002e+00
1.4994e-01	 1.0002e+00	 1.4994e-01	 1.0001e+00
1.5015e-01	 1.0002e+00	 1.5015e-01	 1.0001e+00
1.5036e-01	 1.0002e+00	 1.5036e-01	 1.0001e+00
1.5057e-01	 1.0003e+00	 1.5057e-01	 1.0000e+00
1.5078e-01	 1.0003e+00	 1.5078e-01	 1.0000e+00
1.5099e-01	 1.0003e+00	 1.5099e-01	 1.0000e+00
1.5119e-01	 1.0003e+00	 1.5119e-01	 1.0000e+00
1.5140e-01	 1.0003e+00	 1.5140e-01	 1.0000e+00
1.5161e-01	 1.0003e+00	 1.5161e-01	 1.0000e+00
1.5182e-01	 1.0003e+00	 1.5182e-01	 1.0000e+00
1.5203e-01	 1.0003e+00	 1.5203e-01	 1.0000e+00
1.5224e-01	 1.0002e+00	 1.5224e-01	 1.0000e+00
1.5245e-01	 1.0002e+00	 1.5245e-01	 1.0001e+00
1.5266e-01	 1.0002e+00	 1.5266e-01	 1.0001e+00
1.5287e-01	 1.0001e+00	 1.5287e-01	 1.0001e+00
1.5308e-01	 1.0001e+00	 1.5308e-01	 1.0001e+00
1.5329e-01	 1.0000e+00	 1.5329e-01	 1.0001e+00
1.5351e-01	 9.9999e-01	 1.5351e-01	 1.0001e+00
1.5371e-01	 9.9994e-01	 1.5371e-01	 1.0001e+00
1.5393e-01	 9.9989e-01	 1.5393e-01	 1.0002e+00
1.5414e-01	 9.9984e-01	 1.5414e-01	 1.0002e+00
1.5435e-01	 9.9981e-01	 1.5435e-01	 1.0002e+00
1.5456e-01	 9.9978e-01	 1.5456e-01	 1.0002e+00
1.5477e-01	 9.9975e-01	 1.5477e-01	 1.0002e+00
1.5499e-01	 9.9973e-01	 1.5499e-01	 1.0002e+00
1.5520e-01	 9.9970e-01	 1.5520e-01	 1.0002e+00
1.5541e-01	 9.9969e-01	 1.5541e-01	 1.0002e+00
1.5563e-01	 9.9968e-01	 1.5563e-01	 1.0002e+00
1.5584e-01	 9.9969e-01	 1.5584e-01	 1.0002e+00
1.5605e-01	 9.9970e-01	 1.5605e-01	 1.0002e+00
1.5627e-01	 9.9971e-01	 1.5627e-01	 1.0002e+00
1.5648e-01	 9.9971e-01	 1.5648e-01	 1.0002e+00
1.5670e-01	 9.9972e-01	 1.5670e-01	 1.0002e+00
1.5691e-01	 9.9973e-01	 1.5691e-01	 1.0002e+00
1.5712e-01	 9.9973e-01	 1.5712e-01	 1.0002e+00
1.5734e-01	 9.9975e-01	 1.5734e-01	 1.0002e+00
1.5755e-01	 9.9976e-01	 1.5755e-01	 1.0001e+00
1.5777e-01	 9.9977e-01	 1.5777e-01	 1.0001e+00
1.5798e-01	 9.9977e-01	 1.5798e-01	 1.0001e+00
1.5820e-01	 9.9977e-01	 1.5820e-01	 1.0001e+00
1.5841e-01	 9.9977e-01	 1.5841e-01	 1.0001e+00
1.5863e-01	 9.9978e-01	 1.5863e-01	 1.0001e+00
1.5885e-01	 9.9979e-01	 1.5885e-01	 1.0001e+00
1.5906e-01	 9.9979e-01	 1.5906e-01	 1.0001e+00
1.5928e-01	 9.9981e-01	 1.5928e-01	 1.0001e+00
1.5949e-01	 9.9981e-01	 1.5949e-01	 1.0001e+00
1.5971e-01	 9.9981e-01	 1.5971e-01	 1.0002e+00
1.5993e-01	 9.9981e-01	 1.5993e-01	 1.0002e+00
1.6015e-01	 9.9981e-01	 1.6015e-01	 1.0002e+00
1.6036e-01	 9.9983e-01	 1.6036e-01	 1.0002e+00
1.6058e-01	 9.9983e-01	 1.6058e-01	 1.0002e+00
1.6080e-01	 9.9985e-01	 1.6080e-01	 1.0003e+00
1.6102e-01	 9.9984e-01	 1.6102e-01	 1.0003e+00
1.6123e-01	 9.9984e-01	 1.6123e-01	 1.0003e+00
1.6145e-01	 9.9984e-01	 1.6145e-01	 1.0002e+00
1.6167e-01	 9.9984e-01	 1.6167e-01	 1.0002e+00
1.6189e-01	 9.9985e-01	 1.6189e-01	 1.0002e+00
1.6211e-01	 9.9985e-01	 1.6211e-01	 1.0002e+00
1.6233e-01	 9.9986e-01	 1.6233e-01	 1.0002e+00
1.6255e-01	 9.9986e-01	 1.6255e-01	 1.0001e+00
1.6277e-01	 9.9985e-01	 1.6277e-01	 1.0001e+00
1.6299e-01	 9.9985e-01	 1.6299e-01	 1.0001e+00
1.6321e-01	 9.9985e-01	 1.6321e-01	 1.0000e+00
1.6343e-01	 9.9985e-01	 1.6343e-01	 9.9998e-01
1.6365e-01	 9.9985e-01	 1.6365e-01	 9.9995e-01
1.6387e-01	 9.9985e-01	 1.6387e-01	 9.9991e-01
1.6409e-01	 9.9984e-01	 1.6409e-01	 9.9986e-01
1.6431e-01	 9.9983e-01	 1.6431e-01	 9.9982e-01
1.6453e-01	 9.9982e-01	 1.6453e-01	 9.9978e-01
1.6475e-01	 9.9981e-01	 1.6475e-01	 9.9974e-01
1.6497e-01	 9.9982e-01	 1.6497e-01	 9.9970e-01
1.6520e-01	 9.9981e-01	 1.6520e-01	 9.9965e-01
1.6542e-01	 9.9982e-01	 1.6542e-01	 9.9961e-01
1.6564e-01	 9.9981e-01	 1.6564e-01	 9.9957e-01
1.6586e-01	 9.9981e-01	 1.6586e-01	 9.9952e-01
1.6609e-01	 9.9981e-01	 1.6609e-01	 9.9947e-01
1.6631e-01	 9.9982e-01	 1.6631e-01	 9.9943e-01
1.6653e-01	 9.9985e-01	 1.6653e-01	 9.9938e-01
1.6675e-01	 9.9987e-01	 1.6675e-01	 9.9934e-01
1.6698e-01	 9.9990e-01	 1.6698e-01	 9.9930e-01
1.6720e-01	 9.9992e-01	 1.6720e-01	 9.9926e-01
1.6742e-01	 9.9995e-01	 1.6742e-01	 9.9922e-01
1.6765e-01	 9.9998e-01	 1.6765e-01	 9.9920e-01
1.6787e-01	 1.0000e+00	 1.6787e-01	 9.9917e-01
1.6810e-01	 1.0001e+00	 1.6810e-01	 9.9915e-01
1.6832e-01	 1.0001e+00	 1.6832e-01	 9.9914e-01
1.6855e-01	 1.0001e+00	 1.6855e-01	 9.9912e-01
1.6877e-01	 1.0002e+00	 1.6877e-01	 9.9911e-01
1.6900e-01	 1.0002e+00	 1.6900e-01	 9.9911e-01
1.6922e-01	 1.0002e+00	 1.6922e-01	 9.9910e-01
1.6945e-01	 1.0003e+00	 1.6945e-01	 9.9910e-01
1.6968e-01	 1.0003e+00	 1.6968e-01	 9.9911e-01
1.6990e-01	 1.0003e+00	 1.6990e-01	 9.9913e-01
1.7013e-01	 1.0003e+00	 1.7013e-01	 9.9914e-01
1.7036e-01	 1.0003e+00	 1.7036e-01	 9.9917e-01
1.7058e-01	 1.0003e+00	 1.7058e-01	 9.9920e-01
1.7081e-01	 1.0003e+00	 1.7081e-01	 9.9924e-01
1.7104e-01	 1.0003e+00	 1.7104e-01	 9.9927e-01
1.7127e-01	 1.0002e+00	 1.7127e-01	 9.9932e-01
1.7149e-01	 1.0002e+00	 1.7149e-01	 9.9936e-01
1.7172e-01	 1.0002e+00	 1.7172e-01	 9.9940e-01
1.7195e-01	 1.0002e+00	 1.7195e-01	 9.9945e-01
1.7218e-01	 1.0001e+00	 1.7218e-01	 9.9950e-01
1.7241e-01	 1.0001e+00	 1.7241e-01	 9.9955e-01
1.7264e-01	 1.0001e+00	 1.7264e-01	 9.9959e-01
1.7287e-01	 1.0000e+00	 1.7287e-01	 9.9963e-01
1.7310e-01	 1.0000e+00	 1.7310e-01	 9.9967e-01
1.7333e-01	 9.9998e-01	 1.7333e-01	 9.9972e-01
1.7356e-01	 9.9994e-01	 1.7356e-01	 9.9975e-01
1.7379e-01	 9.9990e-01	 1.7379e-01	 9.9978e-01
1.7402e-01	 9.9986e-01	 1.7402e-01	 9.9981e-01
1.7425e-01	 9.9982e-01	 1.7425e-01	 9.9982e-01
1.7448e-01	 9.9979e-01	 1.7448e-01	 9.9984e-01
1.7471e-01	 9.9976e-01	 1.7471e-01	 9.9985e-01
1.7494e-01	 9.9973e-01	 1.7494e-01	 9.9985e-01
1.7517e-01	 9.9969e-01	 1.7517e-01	 9.9984e-01
1.7541e-01	 9.9966e-01	 1.7541e-01	 9.9983e-01
1.7564e-01	 9.9963e-01	 1.7564e-01	 9.9982e-01
1.7587e-01	 9.9962e-01	 1.7587e-01	 9.9980e-01
1.7610e-01	 9.9961e-01	 1.7610e-01	 9.9977e-01
1.7633e-01	 9.9960e-01	 1.7633e-01	 9.9975e-01
1.7657e-01	 9.9960e-01	 1.7657e-01	 9.9971e-01
1.7680e-01	 9.9958e-01	 1.7680e-01	 9.9967e-01
1.7703e-01	 9.9958e-01	 1.7703e-01	 9.9964e-01
1.7727e-01	 9.9957e-01	 1.7727e-01	 9.9960e-01
1.7750e-01	 9.9958e-01	 1.7750e-01	 9.9956e-01
1.7774e-01	 9.9958e-01	 1.7774e-01	 9.9952e-01
1.7797e-01	 9.9959e-01	 1.7797e-01	 9.9947e-01
1.7820e-01	 9.9960e-01	 1.7820e-01	 9.9944e-01
1.7844e-01	 9.9959e-01	 1.7844e-01	 9.9940e-01
1.7867e-01	 9.9961e-01	 1.7867e-01	 9.9937e-01
1.7891e-01	 9.9962e-01	 1.7891e-01	 9.9934e-01
1.7914e-01	 9.9964e-01	 1.7914e-01	 9.9931e-01
1.7938e-01	 9.9966e-01	 1.7938e-01	 9.9929e-01
1.7961e-01	 9.9969e-01	 1.7961e-01	 9.9928e-01
1.7985e-01	 9.9972e-01	 1.7985e-01	 9.9926e-01
1.8008e-01	 9.9974e-01	 1.8008e-01	 9.9925e-01
1.8032e-01	 9.9977e-01	 1.8032e-01	 9.9925e-01
1.8055e-01	 9.9980e-01	 1.8055e-01	 9.9925e-01
1.8079e-01	 9.9984e-01	 1.8079e-01	 9.9925e-01
1.8103e-01	 9.9987e-01	 1.8103e-01	 9.9925e-01
1.8126e-01	 9.9991e-01	 1.8126e-01	 9.9926e-01
1.8150e-01	 9.9995e-01	 1.8150e-01	 9.9927e-01
1.8174e-01	 9.9997e-01	 1.8174e-01	 9.9928e-01
1.8198e-01	 1.0000e+00	 1.8198e-01	 9.9929e-01
1.8221e-01	 1.0000e+00	 1.8221e-01	 9.9931e-01
1.8245e-01	 1.0001e+00	 1.8245e-01	 9.9933e-01
1.8269e-01	 1.0001e+00	 1.8269e-01	 9.9936e-01
1.8293e-01	 1.0001e+00	 1.8293e-01	 9.9940e-01
1.8317e-01	 1.0001e+00	 1.8317e-01	 9.9944e-01
1.8341e-01	 1.0001e+00	 1.8341e-01	 9.9948e-01
1.8364e-01	 1.0001e+00	 1.8364e-01	 9.9952e-01
1.8388e-01	 1.0001e+00	 1.8388e-01	 9.9958e-01
1.8412e-01	 1.0001e+00	 1.8412e-01	 9.9963e-01
1.8436e-01	 1.0001e+00	 1.8436e-01	 9.9969e-01
1.8460e-01	 1.0001e+00	 1.8460e-01	 9.9975e-01
1.8484e-01	 1.0001e+00	 1.8484e-01	 9.9982e-01
1.8508e-01	 1.0001e+00	 1.8508e-01	 9.9988e-01
1.8533e-01	 1.0001e+00	 1.8533e-01	 9.9994e-01
1.8557e-01	 1.0001e+00	 1.8557e-01	 1.0000e+00
1.8581e-01	 1.0001e+00	 1.8581e-01	 1.0001e+00
1.8605e-01	 1.0001e+00	 1.8605e-01	 1.0001e+00
1.8629e-01	 1.0001e+00	 1.8629e-01	 1.0002e+00
1.8653e-01	 1.0001e+00	 1.8653e-01	 1.0002e+00
1.8677e-01	 1.0001e+00	 1.8677e-01	 1.0003e+00
1.8702e-01	 1.0001e+00	 1.8702e-01	 1.0003e+00
1.8726e-01	 1.0001e+00	 1.8726e-01	 1.0004e+00
1.8750e-01	 1.0001e+00	 1.8750e-01	 1.0004e+00
1.8774e-01	 1.0001e+00	 1.8774e-01	 1.0005e+00
1.8799e-01	 1.0001e+00	 1.8799e-01	 1.0005e+00
1.8823e-01	 1.0001e+00	 1.8823e-01	 1.0005e+00
1.8848e-01	 1.0001e+00	 1.8848e-01	 1.0005e+00
1.8872e-01	 1.0000e+00	 1.8872e-01	 1.0005e+00
1.8896e-01	 1.0000e+00	 1.8896e-01	 1.0005e+00
1.8921e-01	 1.0000e+00	 1.8921e-01	 1.0005e+00
1.8945e-01	 1.0000e+00	 1.8945e-01	 1.0005e+00
1.8970e-01	 9.9999e-01	 1.8970e-01	 1.0005e+00
1.8994e-01	 9.9998e-01	 1.8994e-01	 1.0005e+00
1.9019e-01	 9.9995e-01	 1.9019e-01	 1.0005e+00
1.9043e-01	 9.9994e-01	 1.9043e-01	 1.0005e+00
1.9068e-01	 9.9992e-01	 1.9068e-01	 1.0005e+00
1.9092e-01	 9.9992e-01	 1.9092e-01	 1.0005e+00
1.9117e-01	 9.9991e-01	 1.9117e-01	 1.0004e+00
1.9142e-01	 9.9991e-01	 1.9142e-01	 1.0004e+00
1.9166e-01	 9.9989e-01	 1.9166e-01	 1.0004e+00
1.9191e-01	 9.9987e-01	 1.9191e-01	 1.0004e+00
1.9215e-01	 9.9986e-01	 1.9215e-01	 1.0004e+00
1.9240e-01	 9.9984e-01	 1.9240e-01	 1.0004e+00
1.9265e-01	 9.9984e-01	 1.9265e-01	 1.0004e+00
1.9290e-01	 9.9984e-01	 1.9290e-01	 1.0004e+00
1.9315e-01	 9.9984e-01	 1.9315e-01	 1.0004e+00
1.9339e-01	 9.9985e-01	 1.9339e-01	 1.0004e+00
1.9364e-01	 9.9985e-01	 1.9364e-01	 1.0004e+00
1.9389e-01	 9.9987e-01	 1.9389e-01	 1.0004e+00
1.9414e-01	 9.9989e-01	 1.9414e-01	 1.0003e+00
1.9439e-01	 9.9993e-01	 1.9439e-01	 1.0003e+00
1.9464e-01	 9.9996e-01	 1.9464e-01	 1.0003e+00
1.9489e-01	 1.0000e+00	 1.9489e-01	 1.0003e+00
1.9514e-01	 1.0000e+00	 1.9514e-01	 1.0003e+00
1.9539e-01	 1.0001e+00	 1.9539e-01	 1.0003e+00
1.9564e-01	 1.0001e+00	 1.9564e-01	 1.0003e+00
1.9589e-01	 1.0002e+00	 1.9589e-01	 1.0003e+00
1.9614e-01	 1.0002e+00	 1.9614e-01	 1.0002e+00
1.9639e-01	 1.0003e+00	 1.9639e-01	 1.0002e+00
1.9664e-01	 1.0003e+00	 1.9664e-01	 1.0002e+00
1.9689e-01	 1.0003e+00	 1.9689e-01	 1.0002e+00
1.9714e-01	 1.0004e+00	 1.9714e-01	 1.0002e+00
1.9739e-01	 1.0004e+00	 1.9739e-01	 1.0001e+00
1.9764e-01	 1.0004e+00	 1.9764e-01	 1.0001e+00
1.9790e-01	 1.0004e+00	 1.9790e-01	 1.0001e+00
1.9815e-01	 1.0004e+00	 1.9815e-01	 1.0001e+00
1.9840e-01	 1.0005e+00	 1.9840e-01	 1.0001e+00
1.9865e-01	 1.0005e+00	 1.9865e-01	 1.0000e+00
1.9891e-01	 1.0004e+00	 1.9891e-01	 1.0000e+00
1.9916e-01	 1.0004e+00	 1.9916e-01	 9.9998e-01
1.9941e-01	 1.0004e+00	 1.9941e-01	 9.9995e-01
1.9967e-01	 1.0004e+00	 1.9967e-01	 9.9993e-01
1.9992e-01	 1.0004e+00	 1.9992e-01	 9.9990e-01
2.0018e-01	 1.0004e+00	 2.0018e-01	 9.9989e-01
2.0043e-01	 1.0004e+00	 2.0043e-01	 9.9987e-01
2.0069e-01	 1.0004e+00	 2.0069e-01	 9.9986e-01
2.0094e-01	 1.0004e+00	 2.0094e-01	 9.9985e-01
2.0120e-01	 1.0004e+00	 2.0120e-01	 9.9985e-01
2.0145e-01	 1.0004e+00	 2.0145e-01	 9.9985e-01
2.0171e-01	 1.0003e+00	 2.0171e-01	 9.9986e-01
2.0196e-01	 1.0003e+00	 2.0196e-01	 9.9986e-01
2.0222e-01	 1.0003e+00	 2.0222e-01	 9.9987e-01
2.0247e-01	 1.0003e+00	 2.0247e-01	 9.9987e-01
2.0273e-01	 1.0002e+00	 2.0273e-01	 9.9988e-01
2.0299e-01	 1.0002e+00	 2.0299e-01	 9.9989e-01
2.0324e-01	 1.0002e+00	 2.0324e-01	 9.9990e-01
2.0350e-01	 1.0001e+00	 2.0350e-01	 9.9992e-01
2.0376e-01	 1.0001e+00	 2.0376e-01	 9.9994e-01
2.0402e-01	 1.0000e+00	 2.0402e-01	 9.9995e-01
2.0427e-01	 9.9998e-01	 2.0427e-01	 9.9998e-01
2.0453e-01	 9.9993e-01	 2.0453e-01	 1.0000e+00
2.0479e-01	 9.9987e-01	 2.0479e-01	 1.0000e+00
2.0505e-01	 9.9984e-01	 2.0505e-01	 1.0000e+00
2.0531e-01	 9.9978e-01	 2.0531e-01	 1.0001e+00
2.0557e-01	 9.9974e-01	 2.0557e-01	 1.0001e+00
2.0583e-01	 9.9969e-01	 2.0583e-01	 1.0001e+00
2.0609e-01	 9.9964e-01	 2.0609e-01	 1.0001e+00
2.0635e-01	 9.9960e-01	 2.0635e-01	 1.0002e+00
2.0661e-01	 9.9956e-01	 2.0661e-01	 1.0002e+00
2.0687e-01	 9.9954e-01	 2.0687e-01	 1.0002e+00
2.0713e-01	 9.9951e-01	 2.0713e-01	 1.0002e+00
2.0739e-01	 9.9948e-01	 2.0739e-01	 1.0003e+00
2.0765e-01	 9.9945e-01	 2.0765e-01	 1.0003e+00
2.0791e-01	 9.9942e-01	 2.0791e-01	 1.0003e+00
2.0817e-01	 9.9939e-01	 2.0817e-01	 1.0003e+00
2.0843e-01	 9.9937e-01	 2.0843e-01	 1.0004e+00
2.0869e-01	 9.9936e-01	 2.0869e-01	 1.0004e+00
2.0896e-01	 9.9935e-01	 2.0896e-01	 1.0005e+00
2.0922e-01	 9.9934e-01	 2.0922e-01	 1.0005e+00
2.0948e-01	 9.9933e-01	 2.0948e-01	 1.0005e+00
2.0974e-01	 9.9933e-01	 2.0974e-01	 1.0006e+00
2.1001e-01	 9.9934e-01	 2.1001e-01	 1.0006e+00
2.1027e-01	 9.9935e-01	 2.1027e-01	 1.0006e+00
2.1053e-01	 9.9938e-01	 2.1053e-01	 1.0007e+00
2.1080e-01	 9.9940e-01	 2.1080e-01	 1.0007e+00
2.1106e-01	 9.9944e-01	 2.1106e-01	 1.0007e+00
2.1133e-01	 9.9946e-01	 2.1133e-01	 1.0007e+00
2.1159e-01	 9.9948e-01	 2.1159e-01	 1.0007e+00
2.1186e-01	 9.9950e-01	 2.1186e-01	 1.0007e+00
2.1212e-01	 9.9953e-01	 2.1212e-01	 1.0007e+00
2.1239e-01	 9.9956e-01	 2.1239e-01	 1.0007e+00
2.1265e-01	 9.9957e-01	 2.1265e-01	 1.0007e+00
2.1292e-01	 9.9958e-01	 2.1292e-01	 1.0007e+00
2.1319e-01	 9.9958e-01	 2.1319e-01	 1.0007e+00
2.1345e-01	 9.9957e-01	 2.1345e-01	 1.0007e+00
2.1372e-01	 9.9956e-01	 2.1372e-01	 1.0006e+00
2.1399e-01	 9.9955e-01	 2.1399e-01	 1.0006e+00
2.1425e-01	 9.9955e-01	 2.1425e-01	 1.0005e+00
2.1452e-01	 9.9953e-01	 2.1452e-01	 1.0005e+00
2.1479e-01	 9.9952e-01	 2.1479e-01	 1.0004e+00
2.1506e-01	 9.9950e-01	 2.1506e-01	 1.0004e+00
2.1533e-01	 9.9948e-01	 2.1533e-01	 1.0004e+00
2.1560e-01	 9.9946e-01	 2.1560e-01	 1.0003e+00
2.1586e-01	 9.9944e-01	 2.1586e-01	 1.0003e+00
2.1613e-01	 9.9944e-01	 2.1613e-01	 1.0002e+00
2.1640e-01	 9.9942e-01	 2.1640e-01	 1.0002e+00
2.1667e-01	 9.9942e-01	 2.1667e-01	 1.0002e+00
2.1694e-01	 9.9939e-01	 2.1694e-01	 1.0002e+00
2.1721e-01	 9.9938e-01	 2.1721e-01	 1.0001e+00
2.1748e-01	 9.9936e-01	 2.1748e-01	 1.0001e+00
2.1775e-01	 9.9934e-01	 2.1775e-01	 1.0001e+00
2.1802e-01	 9.9932e-01	 2.1802e-01	 1.0001e+00
2.1829e-01	 9.9929e-01	 2.1829e-01	 1.0001e+00
2.1857e-01	 9.9927e-01	 2.1857e-01	 1.0001e+00
2.1884e-01	 9.9922e-01	 2.1884e-01	 1.0001e+00
2.1911e-01	 9.9918e-01	 2.1911e-01	 1.0002e+00
2.1938e-01	 9.9913e-01	 2.1938e-01	 1.0002e+00
2.1966e-01	 9.9910e-01	 2.1966e-01	 1.0002e+00
2.1993e-01	 9.9906e-01	 2.1993e-01	 1.0002e+00
2.2020e-01	 9.9902e-01	 2.2020e-01	 1.0002e+00
2.2047e-01	 9.9899e-01	 2.2047e-01	 1.0002e+00
2.2075e-01	 9.9895e-01	 2.2075e-01	 1.0002e+00
2.2102e-01	 9.9892e-01	 2.2102e-01	 1.0002e+00
2.2129e-01	 9.9890e-01	 2.2129e-01	 1.0003e+00
2.2157e-01	 9.9889e-01	 2.2157e-01	 1.0003e+00
2.2184e-01	 9.9889e-01	 2.2184e-01	 1.0003e+00
2.2212e-01	 9.9888e-01	 2.2212e-01	 1.0003e+00
2.2239e-01	 9.9889e-01	 2.2239e-01	 1.0003e+00
2.2267e-01	 9.9889e-01	 2.2267e-01	 1.0003e+00
2.2294e-01	 9.9890e-01	 2.2294e-01	 1.0004e+00
2.2322e-01	 9.9892e-01	 2.2322e-01	 1.0004e+00
2.2349e-01	 9.9896e-01	 2.2349e-01	 1.0004e+00
2.2377e-01	 9.9900e-01	 2.2377e-01	 1.0004e+00
2.2404e-01	 9.9905e-01	 2.2404e-01	 1.0004e+00
2.2432e-01	 9.9911e-01	 2.2432e-01	 1.0004e+00
2.2460e-01	 9.9915e-01	 2.2460e-01	 1.0003e+00
2.2487e-01	 9.9921e-01	 2.2487e-01	 1.0003e+00
2.2515e-01	 9.9926e-01	 2.2515e-01	 1.0003e+00
2.2543e-01	 9.9932e-01	 2.2543e-01	 1.0003e+00
2.2571e-01	 9.9938e-01	 2.2571e-01	 1.0002e+00
2.2599e-01	 9.9944e-01	 2.2599e-01	 1.0002e+00
2.2626e-01	 9.9949e-01	 2.2626e-01	 1.0001e+00
2.2654e-01	 9.9953e-01	 2.2654e-01	 1.0001e+00
2.2682e-01	 9.9957e-01	 2.2682e-01	 1.0000e+00
2.2710e-01	 9.9959e-01	 2.2710e-01	 9.9999e-01
2.2738e-01	 9.9963e-01	 2.2738e-01	 9.9995e-01
2.2766e-01	 9.9965e-01	 2.2766e-01	 9.9991e-01
2.2794e-01	 9.9967e-01	 2.2794e-01	 9.9988e-01
2.2822e-01	 9.9969e-01	 2.2822e-01	 9.9985e-01
2.2850e-01	 9.9969e-01	 2.2850e-01	 9.9983e-01
2.2878e-01	 9.9970e-01	 2.2878e-01	 9.9981e-01
2.2906e-01	 9.9971e-01	 2.2906e-01	 9.9980e-01
2.2934e-01	 9.9974e-01	 2.2934e-01	 9.9979e-01
2.2963e-01	 9.9977e-01	 2.2963e-01	 9.9978e-01
2.2991e-01	 9.9980e-01	 2.2991e-01	 9.9978e-01
2.3019e-01	 9.9983e-01	 2.3019e-01	 9.9979e-01
2.3047e-01	 9.9985e-01	 2.3047e-01	 9.9980e-01
2.3075e-01	 9.9989e-01	 2.3075e-01	 9.9981e-01
2.3104e-01	 9.9991e-01	 2.3104e-01	 9.9983e-01
2.3132e-01	 9.9995e-01	 2.3132e-01	 9.9986e-01
2.3161e-01	 9.9999e-01	 2.3161e-01	 9.9989e-01
2.3189e-01	 1.0000e+00	 2.3189e-01	 9.9993e-01
2.3217e-01	 1.0000e+00	 2.3217e-01	 9.9996e-01
2.3246e-01	 1.0000e+00	 2.3246e-01	 1.0000e+00
2.3274e-01	 1.0001e+00	 2.3274e-01	 1.0000e+00
2.3303e-01	 1.0001e+00	 2.3303e-01	 1.0001e+00
2.3331e-01	 1.0001e+00	 2.3331e-01	 1.0001e+00
2.3360e-01	 1.0001e+00	 2.3360e-01	 1.0002e+00
2.3388e-01	 1.0001e+00	 2.3388e-01	 1.0002e+00
2.3417e-01	 1.0001e+00	 2.3417e-01	 1.0003e+00
2.3445e-01	 1.0001e+00	 2.3445e-01	 1.0003e+00
2.3474e-01	 1.0001e+00	 2.3474e-01	 1.0004e+00
2.3503e-01	 1.0000e+00	 2.3503e-01	 1.0004e+00
2.3531e-01	 1.0000e+00	 2.3531e-01	 1.0005e+00
2.3560e-01	 9.9997e-01	 2.3560e-01	 1.0005e+00
2.3589e-01	 9.9993e-01	 2.3589e-01	 1.0006e+00
2.3617e-01	 9.9989e-01	 2.3617e-01	 1.0006e+00
2.3646e-01	 9.9984e-01	 2.3646e-01	 1.0007e+00
2.3675e-01	 9.9980e-01	 2.3675e-01	 1.0007e+00
2.3704e-01	 9.9975e-01	 2.3704e-01	 1.0007e+00
2.3733e-01	 9.9972e-01	 2.3733e-01	 1.0007e+00
2.3762e-01	 9.9969e-01	 2.3762e-01	 1.0008e+00
2.3791e-01	 9.9966e-01	 2.3791e-01	 1.0008e+00
2.3820e-01	 9.9964e-01	 2.3820e-01	 1.0008e+00
2.3849e-01	 9.9961e-01	 2.3849e-01	 1.0008e+00
2.3878e-01	 9.9960e-01	 2.3878e-01	 1.0007e+00
2.3907e-01	 9.9959e-01	 2.3907e-01	 1.0007e+00
2.3936e-01	 9.9960e-01	 2.3936e-01	 1.0007e+00
2.3965e-01	 9.9960e-01	 2.3965e-01	 1.0007e+00
2.3994e-01	 9.9962e-01	 2.3994e-01	 1.0007e+00
2.4023e-01	 9.9963e-01	 2.4023e-01	 1.0006e+00
2.4052e-01	 9.9964e-01	 2.4052e-01	 1.0006e+00
2.4082e-01	 9.9966e-01	 2.4082e-01	 1.0006e+00
2.4111e-01	 9.9969e-01	 2.4111e-01	 1.0006e+00
2.4140e-01	 9.9973e-01	 2.4140e-01	 1.0005e+00
2.4169e-01	 9.9977e-01	 2.4169e-01	 1.0005e+00
2.4199e-01	 9.9981e-01	 2.4199e-01	 1.0005e+00
2.4228e-01	 9.9985e-01	 2.4228e-01	 1.0004e+00
2.4257e-01	 9.9989e-01	 2.4257e-01	 1.0004e+00
2.4287e-01	 9.9994e-01	 2.4287e-01	 1.0004e+00
2.4316e-01	 9.9999e-01	 2.4316e-01	 1.0003e+00
2.4346e-01	 1.0001e+00	 2.4346e-01	 1.0003e+00
2.4375e-01	 1.0001e+00	 2.4375e-01	 1.0003e+00
2.4405e-01	 1.0002e+00	 2.4405e-01	 1.0002e+00
2.4434e-01	 1.0002e+00	 2.4434e-01	 1.0002e+00
2.4464e-01	 1.0002e+00	 2.4464e-01	 1.0002e+00
2.4494e-01	 1.0003e+00	 2.4494e-01	 1.0002e+00
2.4523e-01	 1.0003e+00	 2.4523e-01	 1.0001e+00
2.4553e-01	 1.0004e+00	 2.4553e-01	 1.0001e+00
2.4582e-01	 1.0004e+00	 2.4582e-01	 1.0001e+00
2.4612e-01	 1.0004e+00	 2.4612e-01	 1.0001e+00
2.4642e-01	 1.0004e+00	 2.4642e-01	 1.0000e+00
2.4672e-01	 1.0004e+00	 2.4672e-01	 1.0000e+00
2.4701e-01	 1.0004e+00	 2.4701e-01	 9.9999e-01
2.4731e-01	 1.0004e+00	 2.4731e-01	 9.9996e-01
2.4761e-01	 1.0004e+00	 2.4761e-01	 9.9992e-01
2.4791e-01	 1.0004e+00	 2.4791e-01	 9.9987e-01
2.4821e-01	 1.0004e+00	 2.4821e-01	 9.9983e-01
2.4851e-01	 1.0004e+00	 2.4851e-01	 9.9978e-01
2.4881e-01	 1.0003e+00	 2.4881e-01	 9.9973e-01
2.4911e-01	 1.0003e+00	 2.4911e-01	 9.9968e-01
2.4941e-01	 1.0003e+00	 2.4941e-01	 9.9963e-01
2.4971e-01	 1.0002e+00	 2.4971e-01	 9.9958e-01
2.5001e-01	 1.0002e+00	 2.5001e-01	 9.9954e-01
2.5032e-01	 1.0001e+00	 2.5032e-01	 9.9950e-01
2.5062e-01	 1.0001e+00	 2.5062e-01	 9.9946e-01
2.5092e-01	 1.0000e+00	 2.5092e-01	 9.9942e-01
2.5122e-01	 9.9997e-01	 2.5122e-01	 9.9939e-01
2.5152e-01	 9.9991e-01	 2.5152e-01	 9.9936e-01
2.5183e-01	 9.9988e-01	 2.5183e-01	 9.9933e-01
2.5213e-01	 9.9983e-01	 2.5213e-01	 9.9930e-01
2.5243e-01	 9.9979e-01	 2.5243e-01	 9.9928e-01
2.5273e-01	 9.9974e-01	 2.5273e-01	 9.9927e-01
2.5304e-01	 9.9969e-01	 2.5304e-01	 9.9926e-01
2.5334e-01	 9.9965e-01	 2.5334e-01	 9.9926e-01
2.5365e-01	 9.9962e-01	 2.5365e-01	 9.9927e-01
2.5395e-01	 9.9960e-01	 2.5395e-01	 9.9929e-01
2.5426e-01	 9.9957e-01	 2.5426e-01	 9.9931e-01
2.5456e-01	 9.9955e-01	 2.5456e-01	 9.9935e-01
2.5487e-01	 9.9952e-01	 2.5487e-01	 9.9939e-01
2.5517e-01	 9.9949e-01	 2.5517e-01	 9.9944e-01
2.5548e-01	 9.9947e-01	 2.5548e-01	 9.9949e-01
2.5578e-01	 9.9944e-01	 2.5578e-01	 9.9955e-01
2.5609e-01	 9.9944e-01	 2.5609e-01	 9.9961e-01
2.5639e-01	 9.9942e-01	 2.5639e-01	 9.9967e-01
2.5670e-01	 9.9941e-01	 2.5670e-01	 9.9974e-01
2.5701e-01	 9.9939e-01	 2.5701e-01	 9.9980e-01
2.5732e-01	 9.9938e-01	 2.5732e-01	 9.9987e-01
2.5762e-01	 9.9937e-01	 2.5762e-01	 9.9993e-01
2.5793e-01	 9.9936e-01	 2.5793e-01	 9.9998e-01
2.5824e-01	 9.9937e-01	 2.5824e-01	 1.0000e+00
2.5855e-01	 9.9936e-01	 2.5855e-01	 1.0001e+00
2.5886e-01	 9.9936e-01	 2.5886e-01	 1.0001e+00
2.5917e-01	 9.9934e-01	 2.5917e-01	 1.0001e+00
2.5948e-01	 9.9934e-01	 2.5948e-01	 1.0002e+00
2.5979e-01	 9.9934e-01	 2.5979e-01	 1.0002e+00
2.6010e-01	 9.9935e-01	 2.6010e-01	 1.0002e+00
2.6041e-01	 9.9938e-01	 2.6041e-01	 1.0002e+00
2.6072e-01	 9.9939e-01	 2.6072e-01	 1.0002e+00
2.6103e-01	 9.9942e-01	 2.6103e-01	 1.0001e+00
2.6134e-01	 9.9944e-01	 2.6134e-01	 1.0001e+00
2.6165e-01	 9.9946e-01	 2.6165e-01	 1.0001e+00
2.6197e-01	 9.9949e-01	 2.6197e-01	 1.0000e+00
2.6228e-01	 9.9952e-01	 2.6228e-01	 9.9999e-01
2.6259e-01	 9.9957e-01	 2.6259e-01	 9.9994e-01
2.6290e-01	 9.9960e-01	 2.6290e-01	 9.9989e-01
2.6322e-01	 9.9964e-01	 2.6322e-01	 9.9983e-01
2.6353e-01	 9.9966e-01	 2.6353e-01	 9.9978e-01
2.6384e-01	 9.9970e-01	 2.6384e-01	 9.9972e-01
2.6416e-01	 9.9973e-01	 2.6416e-01	 9.9967e-01
2.6447e-01	 9.9977e-01	 2.6447e-01	 9.9961e-01
2.6479e-01	 9.9981e-01	 2.6479e-01	 9.9955e-01
2.6510e-01	 9.9984e-01	 2.6510e-01	 9.9950e-01
2.6542e-01	 9.9987e-01	 2.6542e-01	 9.9945e-01
2.6573e-01	 9.9989e-01	 2.6573e-01	 9.9940e-01
2.6605e-01	 9.9991e-01	 2.6605e-01	 9.9936e-01
2.6637e-01	 9.9993e-01	 2.6637e-01	 9.9932e-01
2.6668e-01	 9.9995e-01	 2.6668e-01	 9.9930e-01
2.6700e-01	 9.9998e-01	 2.6700e-01	 9.9928e-01
2.6732e-01	 9.9999e-01	 2.6732e-01	 9.9927e-01
2.6763e-01	 1.0000e+00	 2.6763e-01	 9.9926e-01
2.6795e-01	 1.0000e+00	 2.6795e-01	 9.9926e-01
2.6827e-01	 1.0000e+00	 2.6827e-01	 9.9927e-01
2.6859e-01	 1.0000e+00	 2.6859e-01	 9.9928e-01
2.6890e-01	 1.0000e+00	 2.6890e-01	 9.9930e-01
2.6922e-01	 1.0000e+00	 2.6922e-01	 9.9932e-01
2.6954e-01	 1.0000e+00	 2.6954e-01	 9.9935e-01
2.6986e-01	 1.0000e+00	 2.6986e-01	 9.9937e-01
2.7018e-01	 1.0000e+00	 2.7018e-01	 9.9939e-01
2.7050e-01	 1.0000e+00	 2.7050e-01	 9.9942e-01
2.7082e-01	 1.0000e+00	 2.7082e-01	 9.9944e-01
2.7114e-01	 9.9999e-01	 2.7114e-01	 9.9946e-01
2.7146e-01	 9.9999e-01	 2.7146e-01	 9.9948e-01
2.7178e-01	 9.9998e-01	 2.7178e-01	 9.9950e-01
2.7210e-01	 9.9998e-01	 2.7210e-01	 9.9952e-01
2.7242e-01	 9.9995e-01	 2.7242e-01	 9.9953e-01
2.7275e-01	 9.9994e-01	 2.7275e-01	 9.9955e-01
2.7307e-01	 9.9993e-01	 2.7307e-01	 9.9956e-01
2.7339e-01	 9.9992e-01	 2.7339e-01	 9.9957e-01
2.7371e-01	 9.9991e-01	 2.7371e-01	 9.9957e-01
2.7404e-01	 9.9990e-01	 2.7404e-01	 9.9958e-01
2.7436e-01	 9.9989e-01	 2.7436e-01	 9.9959e-01
2.7469e-01	 9.9987e-01	 2.7469e-01	 9.9959e-01
2.7501e-01	 9.9986e-01	 2.7501e-01	 9.9959e-01
2.7533e-01	 9.9984e-01	 2.7533e-01	 9.9960e-01
2.7566e-01	 9.9984e-01	 2.7566e-01	 9.9960e-01
2.7598e-01	 9.9985e-01	 2.7598e-01	 9.9960e-01
2.7631e-01	 9.9984e-01	 2.7631e-01	 9.9961e-01
2.7664e-01	 9.9985e-01	 2.7664e-01	 9.9962e-01
2.7696e-01	 9.9983e-01	 2.7696e-01	 9.9962e-01
2.7729e-01	 9.9983e-01	 2.7729e-01	 9.9963e-01
2.7761e-01	 9.9983e-01	 2.7761e-01	 9.9964e-01
2.7794e-01	 9.9984e-01	 2.7794e-01	 9.9965e-01
2.7827e-01	 9.9985e-01	 2.7827e-01	 9.9966e-01
2.7859e-01	 9.9986e-01	 2.7859e-01	 9.9967e-01
2.7892e-01	 9.9987e-01	 2.7892e-01	 9.9968e-01
2.7925e-01	 9.9987e-01	 2.7925e-01	 9.9968e-01
2.7958e-01	 9.9989e-01	 2.7958e-01	 9.9969e-01
2.7991e-01	 9.9990e-01	 2.7991e-01	 9.9970e-01
2.8024e-01	 9.9993e-01	 2.8024e-01	 9.9970e-01
2.8057e-01	 9.9995e-01	 2.8057e-01	 9.9970e-01
2.8089e-01	 9.9997e-01	 2.8089e-01	 9.9970e-01
2.8122e-01	 1.0000e+00	 2.8122e-01	 9.9971e-01
2.8155e-01	 1.0000e+00	 2.8155e-01	 9.9971e-01
2.8188e-01	 1.0000e+00	 2.8188e-01	 9.9971e-01
2.8221e-01	 1.0000e+00	 2.8221e-01	 9.9970e-01
2.8255e-01	 1.0001e+00	 2.8255e-01	 9.9970e-01
2.8288e-01	 1.0001e+00	 2.8288e-01	 9.9968e-01
2.8321e-01	 1.0001e+00	 2.8321e-01	 9.9967e-01
2.8354e-01	 1.0001e+00	 2.8354e-01	 9.9965e-01
2.8387e-01	 1.0001e+00	 2.8387e-01	 9.9963e-01
2.8421e-01	 1.0002e+00	 2.8421e-01	 9.9960e-01
2.8454e-01	 1.0002e+00	 2.8454e-01	 9.9958e-01
2.8487e-01	 1.0002e+00	 2.8487e-01	 9.9955e-01
2.8520e-01	 1.0002e+00	 2.8520e-01	 9.9952e-01
2.8554e-01	 1.0002e+00	 2.8554e-01	 9.9950e-01
2.8587e-01	 1.0002e+00	 2.8587e-01	 9.9949e-01
2.8621e-01	 1.0002e+00	 2.8621e-01	 9.9947e-01
2.8654e-01	 1.0002e+00	 2.8654e-01	 9.9947e-01
2.8687e-01	 1.0002e+00	 2.8687e-01	 9.9947e-01
2.8721e-01	 1.0002e+00	 2.8721e-01	 9.9947e-01
2.8754e-01	 1.0002e+00	 2.8754e-01	 9.9948e-01
2.8788e-01	 1.0002e+00	 2.8788e-01	 9.9950e-01
2.8821e-01	 1.0002e+00	 2.8821e-01	 9.9951e-01
2.8855e-01	 1.0002e+00	 2.8855e-01	 9.9953e-01
2.8889e-01	 1.0002e+00	 2.8889e-01	 9.9955e-01
2.8922e-01	 1.0002e+00	 2.8922e-01	 9.9956e-01
2.8956e-01	 1.0002e+00	 2.8956e-01	 9.9957e-01
2.8990e-01	 1.0003e+00	 2.8990e-01	 9.9959e-01
2.9024e-01	 1.0003e+00	 2.9024e-01	 9.9960e-01
2.9057e-01	 1.0003e+00	 2.9057e-01	 9.9960e-01
2.9091e-01	 1.0003e+00	 2.9091e-01	 9.9961e-01
2.9125e-01	 1.0003e+00	 2.9125e-01	 9.9961e-01
2.9159e-01	 1.0003e+00	 2.9159e-01	 9.9961e-01
2.9193e-01	 1.0003e+00	 2.9193e-01	 9.9962e-01
2.9227e-01	 1.0003e+00	 2.9227e-01	 9.9962e-01
2.9261e-01	 1.0004e+00	 2.9261e-01	 9.9962e-01
2.9295e-01	 1.0004e+00	 2.9295e-01	 9.9962e-01
2.9329e-01	 1.0003e+00	 2.9329e-01	 9.9961e-01
2.9363e-01	 1.0003e+00	 2.9363e-01	 9.9961e-01
2.9397e-01	 1.0003e+00	 2.9397e-01	 9.9960e-01
2.9431e-01	 1.0003e+00	 2.9431e-01	 9.9960e-01
2.9466e-01	 1.0003e+00	 2.9466e-01	 9.9959e-01
2.9500e-01	 1.0003e+00	 2.9500e-01	 9.9958e-01
2.9534e-01	 1.0003e+00	 2.9534e-01	 9.9958e-01
2.9568e-01	 1.0003e+00	 2.9568e-01	 9.9958e-01
2.9603e-01	 1.0003e+00	 2.9603e-01	 9.9959e-01
2.9637e-01	 1.0003e+00	 2.9637e-01	 9.9960e-01
2.9672e-01	 1.0003e+00	 2.9672e-01	 9.9962e-01
2.9706e-01	 1.0003e+00	 2.9706e-01	 9.9964e-01
2.9740e-01	 1.0002e+00	 2.9740e-01	 9.9967e-01
2.9775e-01	 1.0002e+00	 2.9775e-01	 9.9970e-01
2.9809e-01	 1.0002e+00	 2.9809e-01	 9.9973e-01
2.9844e-01	 1.0002e+00	 2.9844e-01	 9.9977e-01
2.9879e-01	 1.0002e+00	 2.9879e-01	 9.9980e-01
2.9913e-01	 1.0002e+00	 2.9913e-01	 9.9983e-01
2.9948e-01	 1.0001e+00	 2.9948e-01	 9.9986e-01
2.9982e-01	 1.0001e+00	 2.9982e-01	 9.9989e-01
3.0017e-01	 1.0001e+00	 3.0017e-01	 9.9991e-01
3.0052e-01	 1.0001e+00	 3.0052e-01	 9.9993e-01
3.0086e-01	 1.0001e+00	 3.0086e-01	 9.9995e-01
3.0121e-01	 1.0000e+00	 3.0121e-01	 9.9996e-01
3.0156e-01	 1.0000e+00	 3.0156e-01	 9.9997e-01
3.0191e-01	 1.0000e+00	 3.0191e-01	 9.9998e-01
3.0226e-01	 1.0000e+00	 3.0226e-01	 9.9998e-01
3.0261e-01	 1.0000e+00	 3.0261e-01	 9.9997e-01
3.0296e-01	 9.9999e-01	 3.0296e-01	 9.9995e-01
3.0331e-01	 9.9999e-01	 3.0331e-01	 9.9992e-01
3.0366e-01	 9.9997e-01	 3.0366e-01	 9.9989e-01
3.0401e-01	 9.9999e-01	 3.0401e-01	 9.9985e-01
3.0436e-01	 9.9999e-01	 3.0436e-01	 9.9981e-01
3.0471e-01	 9.9999e-01	 3.0471e-01	 9.9977e-01
3.0506e-01	 9.9999e-01	 3.0506e-01	 9.9972e-01
3.0541e-01	 9.9999e-01	 3.0541e-01	 9.9967e-01
3.0576e-01	 1.0000e+00	 3.0576e-01	 9.9962e-01
3.0612e-01	 1.0000e+00	 3.0612e-01	 9.9957e-01
3.0647e-01	 1.0000e+00	 3.0647e-01	 9.9952e-01
3.0682e-01	 1.0000e+00	 3.0682e-01	 9.9948e-01
3.0717e-01	 1.0000e+00	 3.0717e-01	 9.9944e-01
3.0753e-01	 1.0000e+00	 3.0753e-01	 9.9940e-01
3.0788e-01	 1.0000e+00	 3.0788e-01	 9.9938e-01
3.0824e-01	 1.0001e+00	 3.0824e-01	 9.9935e-01
3.0859e-01	 1.0001e+00	 3.0859e-01	 9.9934e-01
3.0895e-01	 1.0001e+00	 3.0895e-01	 9.9933e-01
3.0930e-01	 1.0001e+00	 3.0930e-01	 9.9933e-01
3.0966e-01	 1.0001e+00	 3.0966e-01	 9.9933e-01
3.1002e-01	 1.0001e+00	 3.1002e-01	 9.9934e-01
3.1037e-01	 1.0002e+00	 3.1037e-01	 9.9935e-01
3.1073e-01	 1.0002e+00	 3.1073e-01	 9.9937e-01
3.1109e-01	 1.0002e+00	 3.1109e-01	 9.9938e-01
3.1144e-01	 1.0002e+00	 3.1144e-01	 9.9940e-01
3.1180e-01	 1.0002e+00	 3.1180e-01	 9.9941e-01
3.1216e-01	 1.0002e+00	 3.1216e-01	 9.9942e-01
3.1252e-01	 1.0002e+00	 3.1252e-01	 9.9944e-01
3.1288e-01	 1.0002e+00	 3.1288e-01	 9.9945e-01
3.1324e-01	 1.0002e+00	 3.1324e-01	 9.9946e-01
3.1360e-01	 1.0002e+00	 3.1360e-01	 9.9947e-01
3.1396e-01	 1.0003e+00	 3.1396e-01	 9.9949e-01
3.1432e-01	 1.0003e+00	 3.1432e-01	 9.9950e-01
3.1468e-01	 1.0003e+00	 3.1468e-01	 9.9952e-01
3.1504e-01	 1.0003e+00	 3.1504e-01	 9.9954e-01
3.1540e-01	 1.0003e+00	 3.1540e-01	 9.9955e-01
3.1576e-01	 1.0003e+00	 3.1576e-01	 9.9957e-01
3.1612e-01	 1.0003e+00	 3.1612e-01	 9.9960e-01
3.1649e-01	 1.0004e+00	 3.1649e-01	 9.9961e-01
3.1685e-01	 1.0004e+00	 3.1685e-01	 9.9963e-01
3.1721e-01	 1.0004e+00	 3.1721e-01	 9.9964e-01
3.1758e-01	 1.0004e+00	 3.1758e-01	 9.9965e-01
3.1794e-01	 1.0004e+00	 3.1794e-01	 9.9966e-01
3.1831e-01	 1.0004e+00	 3.1831e-01	 9.9967e-01
3.1867e-01	 1.0004e+00	 3.1867e-01	 9.9968e-01
3.1904e-01	 1.0004e+00	 3.1904e-01	 9.9969e-01
3.1940e-01	 1.0004e+00	 3.1940e-01	 9.9970e-01
3.1977e-01	 1.0005e+00	 3.1977e-01	 9.9971e-01
3.2013e-01	 1.0005e+00	 3.2013e-01	 9.9972e-01
3.2050e-01	 1.0005e+00	 3.2050e-01	 9.9973e-01
3.2086e-01	 1.0005e+00	 3.2086e-01	 9.9975e-01
3.2123e-01	 1.0005e+00	 3.2123e-01	 9.9976e-01
3.2160e-01	 1.0005e+00	 3.2160e-01	 9.9978e-01
3.2197e-01	 1.0005e+00	 3.2197e-01	 9.9980e-01
3.2233e-01	 1.0005e+00	 3.2233e-01	 9.9982e-01
3.2270e-01	 1.0005e+00	 3.2270e-01	 9.9984e-01
3.2307e-01	 1.0005e+00	 3.2307e-01	 9.9987e-01
3.2344e-01	 1.0005e+00	 3.2344e-01	 9.9989e-01
3.2381e-01	 1.0005e+00	 3.2381e-01	 9.9992e-01
3.2418e-01	 1.0005e+00	 3.2418e-01	 9.9994e-01
3.2455e-01	 1.0005e+00	 3.2455e-01	 9.9997e-01
3.2492e-01	 1.0004e+00	 3.2492e-01	 9.9999e-01
3.2529e-01	 1.0004e+00	 3.2529e-01	 1.0000e+00
3.2566e-01	 1.0004e+00	 3.2566e-01	 1.0000e+00
3.2603e-01	 1.0003e+00	 3.2603e-01	 1.0001e+00
3.2640e-01	 1.0003e+00	 3.2640e-01	 1.0001e+00
3.2678e-01	 1.0003e+00	 3.2678e-01	 1.0001e+00
3.2715e-01	 1.0002e+00	 3.2715e-01	 1.0001e+00
3.2752e-01	 1.0002e+00	 3.2752e-01	 1.0001e+00
3.2789e-01	 1.0001e+00	 3.2789e-01	 1.0001e+00
3.2827e-01	 1.0000e+00	 3.2827e-01	 1.0001e+00
3.2864e-01	 1.0000e+00	 3.2864e-01	 1.0001e+00
3.2902e-01	 9.9995e-01	 3.2902e-01	 1.0001e+00
3.2939e-01	 9.9992e-01	 3.2939e-01	 1.0001e+00
3.2977e-01	 9.9987e-01	 3.2977e-01	 1.0001e+00
3.3014e-01	 9.9984e-01	 3.3014e-01	 1.0001e+00
3.3052e-01	 9.9979e-01	 3.3052e-01	 1.0000e+00
3.3089e-01	 9.9975e-01	 3.3089e-01	 1.0000e+00
3.3127e-01	 9.9973e-01	 3.3127e-01	 1.0000e+00
3.3165e-01	 9.9970e-01	 3.3165e-01	 1.0000e+00
3.3202e-01	 9.9970e-01	 3.3202e-01	 9.9999e-01
3.3240e-01	 9.9969e-01	 3.3240e-01	 9.9998e-01
3.3278e-01	 9.9970e-01	 3.3278e-01	 9.9997e-01
3.3316e-01	 9.9969e-01	 3.3316e-01	 9.9996e-01
3.3354e-01	 9.9970e-01	 3.3354e-01	 9.9995e-01
3.3391e-01	 9.9973e-01	 3.3391e-01	 9.9994e-01
3.3429e-01	 9.9975e-01	 3.3429e-01	 9.9993e-01
3.3467e-01	 9.9979e-01	 3.3467e-01	 9.9991e-01
3.3505e-01	 9.9981e-01	 3.3505e-01	 9.9990e-01
3.3543e-01	 9.9985e-01	 3.3543e-01	 9.9987e-01
3.3581e-01	 9.9987e-01	 3.3581e-01	 9.9985e-01
3.3620e-01	 9.9991e-01	 3.3620e-01	 9.9983e-01
3.3658e-01	 9.9994e-01	 3.3658e-01	 9.9981e-01
3.3696e-01	 9.9998e-01	 3.3696e-01	 9.9979e-01
3.3734e-01	 1.0000e+00	 3.3734e-01	 9.9977e-01
3.3772e-01	 1.0001e+00	 3.3772e-01	 9.9975e-01
3.3810e-01	 1.0001e+00	 3.3810e-01	 9.9973e-01
3.3849e-01	 1.0001e+00	 3.3849e-01	 9.9972e-01
3.3887e-01	 1.0001e+00	 3.3887e-01	 9.9971e-01
3.3925e-01	 1.0002e+00	 3.3925e-01	 9.9970e-01
3.3964e-01	 1.0002e+00	 3.3964e-01	 9.9968e-01
3.4002e-01	 1.0002e+00	 3.4002e-01	 9.9967e-01
3.4041e-01	 1.0002e+00	 3.4041e-01	 9.9965e-01
3.4079e-01	 1.0002e+00	 3.4079e-01	 9.9964e-01
3.4118e-01	 1.0002e+00	 3.4118e-01	 9.9962e-01
3.4157e-01	 1.0002e+00	 3.4157e-01	 9.9961e-01
3.4195e-01	 1.0002e+00	 3.4195e-01	 9.9960e-01
3.4234e-01	 1.0002e+00	 3.4234e-01	 9.9958e-01
3.4273e-01	 1.0002e+00	 3.4273e-01	 9.9956e-01
3.4311e-01	 1.0002e+00	 3.4311e-01	 9.9954e-01
3.4350e-01	 1.0002e+00	 3.4350e-01	 9.9952e-01
3.4389e-01	 1.0002e+00	 3.4389e-01	 9.9950e-01
3.4427e-01	 1.0002e+00	 3.4427e-01	 9.9948e-01
3.4466e-01	 1.0001e+00	 3.4466e-01	 9.9946e-01
3.4505e-01	 1.0001e+00	 3.4505e-01	 9.9944e-01
3.4544e-01	 1.0001e+00	 3.4544e-01	 9.9942e-01
3.4583e-01	 1.0001e+00	 3.4583e-01	 9.9941e-01
3.4622e-01	 1.0001e+00	 3.4622e-01	 9.9940e-01
3.4661e-01	 1.0001e+00	 3.4661e-01	 9.9939e-01
3.4700e-01	 1.0000e+00	 3.4700e-01	 9.9938e-01
3.4739e-01	 1.0000e+00	 3.4739e-01	 9.9938e-01
3.4779e-01	 1.0000e+00	 3.4779e-01	 9.9937e-01
3.4818e-01	 1.0000e+00	 3.4818e-01	 9.9937e-01
3.4857e-01	 9.9999e-01	 3.4857e-01	 9.9937e-01
3.4896e-01	 9.9999e-01	 3.4896e-01	 9.9938e-01
3.4935e-01	 9.9996e-01	 3.4935e-01	 9.9938e-01
3.4975e-01	 9.9995e-01	 3.4975e-01	 9.9939e-01
3.5014e-01	 9.9994e-01	 3.5014e-01	 9.9939e-01
3.5053e-01	 9.9992e-01	 3.5053e-01	 9.9940e-01
3.5093e-01	 9.9991e-01	 3.5093e-01	 9.9942e-01
3.5132e-01	 9.9989e-01	 3.5132e-01	 9.9943e-01
3.5172e-01	 9.9986e-01	 3.5172e-01	 9.9944e-01
3.5212e-01	 9.9982e-01	 3.5212e-01	 9.9946e-01
3.5251e-01	 9.9979e-01	 3.5251e-01	 9.9947e-01
3.5291e-01	 9.9975e-01	 3.5291e-01	 9.9949e-01
3.5330e-01	 9.9972e-01	 3.5330e-01	 9.9951e-01
3.5370e-01	 9.9969e-01	 3.5370e-01	 9.9952e-01
3.5410e-01	 9.9965e-01	 3.5410e-01	 9.9953e-01
3.5450e-01	 9.9963e-01	 3.5450e-01	 9.9955e-01
3.5490e-01	 9.9958e-01	 3.5490e-01	 9.9955e-01
3.5530e-01	 9.9956e-01	 3.5530e-01	 9.9955e-01
3.5569e-01	 9.9953e-01	 3.5569e-01	 9.9956e-01
3.5609e-01	 9.9951e-01	 3.5609e-01	 9.9955e-01
3.5649e-01	 9.9949e-01	 3.5649e-01	 9.9955e-01
3.5689e-01	 9.9947e-01	 3.5689e-01	 9.9954e-01
3.5729e-01	 9.9944e-01	 3.5729e-01	 9.9952e-01
3.5769e-01	 9.9941e-01	 3.5769e-01	 9.9951e-01
3.5810e-01	 9.9939e-01	 3.5810e-01	 9.9950e-01
3.5850e-01	 9.9937e-01	 3.5850e-01	 9.9948e-01
3.5890e-01	 9.9936e-01	 3.5890e-01	 9.9947e-01
3.5930e-01	 9.9935e-01	 3.5930e-01	 9.9946e-01
3.5970e-01	 9.9933e-01	 3.5970e-01	 9.9945e-01
3.6011e-01	 9.9933e-01	 3.6011e-01	 9.9944e-01
3.6051e-01	 9.9931e-01	 3.6051e-01	 9.9943e-01
3.6092e-01	 9.9931e-01	 3.6092e-01	 9.9943e-01
3.6132e-01	 9.9931e-01	 3.6132e-01	 9.9943e-01
3.6173e-01	 9.9932e-01	 3.6173e-01	 9.9943e-01
3.6213e-01	 9.9933e-01	 3.6213e-01	 9.9944e-01
3.6254e-01	 9.9934e-01	 3.6254e-01	 9.9945e-01
3.6294e-01	 9.9935e-01	 3.6294e-01	 9.9947e-01
3.6335e-01	 9.9935e-01	 3.6335e-01	 9.9949e-01
3.6375e-01	 9.9937e-01	 3.6375e-01	 9.9951e-01
3.6416e-01	 9.9938e-01	 3.6416e-01	 9.9954e-01
3.6457e-01	 9.9940e-01	 3.6457e-01	 9.9956e-01
3.6498e-01	 9.9942e-01	 3.6498e-01	 9.9958e-01
3.6539e-01	 9.9943e-01	 3.6539e-01	 9.9961e-01
3.6579e-01	 9.9944e-01	 3.6579e-01	 9.9964e-01
3.6620e-01	 9.9944e-01	 3.6620e-01	 9.9966e-01
3.6661e-01	 9.9947e-01	 3.6661e-01	 9.9969e-01
3.6702e-01	 9.9949e-01	 3.6702e-01	 9.9971e-01
3.6743e-01	 9.9953e-01	 3.6743e-01	 9.9973e-01
3.6784e-01	 9.9956e-01	 3.6784e-01	 9.9975e-01
3.6825e-01	 9.9959e-01	 3.6825e-01	 9.9977e-01
3.6866e-01	 9.9963e-01	 3.6866e-01	 9.9979e-01
3.6907e-01	 9.9966e-01	 3.6907e-01	 9.9980e-01
3.6949e-01	 9.9970e-01	 3.6949e-01	 9.9981e-01
3.6990e-01	 9.9974e-01	 3.6990e-01	 9.9982e-01
3.7031e-01	 9.9979e-01	 3.7031e-01	 9.9984e-01
3.7072e-01	 9.9983e-01	 3.7072e-01	 9.9985e-01
3.7114e-01	 9.9986e-01	 3.7114e-01	 9.9985e-01
3.7155e-01	 9.9988e-01	 3.7155e-01	 9.9986e-01
3.7196e-01	 9.9990e-01	 3.7196e-01	 9.9987e-01
3.7238e-01	 9.9992e-01	 3.7238e-01	 9.9987e-01
3.7279e-01	 9.9994e-01	 3.7279e-01	 9.9987e-01
3.7321e-01	 9.9996e-01	 3.7321e-01	 9.9987e-01
3.7363e-01	 9.9996e-01	 3.7363e-01	 9.9987e-01
3.7404e-01	 9.9996e-01	 3.7404e-01	 9.9987e-01
3.7446e-01	 9.9995e-01	 3.7446e-01	 9.9987e-01
3.7487e-01	 9.9993e-01	 3.7487e-01	 9.9987e-01
3.7529e-01	 9.9992e-01	 3.7529e-01	 9.9986e-01
3.7571e-01	 9.9990e-01	 3.7571e-01	 9.9985e-01
3.7613e-01	 9.9989e-01	 3.7613e-01	 9.9983e-01
3.7655e-01	 9.9987e-01	 3.7655e-01	 9.9982e-01
3.7696e-01	 9.9985e-01	 3.7696e-01	 9.9980e-01
3.7738e-01	 9.9983e-01	 3.7738e-01	 9.9979e-01
3.7780e-01	 9.9980e-01	 3.7780e-01	 9.9977e-01
3.7822e-01	 9.9980e-01	 3.7822e-01	 9.9974e-01
3.7864e-01	 9.9979e-01	 3.7864e-01	 9.9972e-01
3.7906e-01	 9.9980e-01	 3.7906e-01	 9.9970e-01
3.7949e-01	 9.9980e-01	 3.7949e-01	 9.9967e-01
3.7991e-01	 9.9980e-01	 3.7991e-01	 9.9965e-01
3.8033e-01	 9.9980e-01	 3.8033e-01	 9.9963e-01
3.8075e-01	 9.9980e-01	 3.8075e-01	 9.9962e-01
3.8117e-01	 9.9982e-01	 3.8117e-01	 9.9961e-01
3.8160e-01	 9.9983e-01	 3.8160e-01	 9.9961e-01
3.8202e-01	 9.9985e-01	 3.8202e-01	 9.9961e-01
3.8244e-01	 9.9986e-01	 3.8244e-01	 9.9961e-01
3.8287e-01	 9.9987e-01	 3.8287e-01	 9.9962e-01
3.8329e-01	 9.9987e-01	 3.8329e-01	 9.9962e-01
3.8371e-01	 9.9987e-01	 3.8371e-01	 9.9963e-01
3.8414e-01	 9.9989e-01	 3.8414e-01	 9.9963e-01
3.8456e-01	 9.9989e-01	 3.8456e-01	 9.9964e-01
3.8499e-01	 9.9991e-01	 3.8499e-01	 9.9964e-01
3.8542e-01	 9.9991e-01	 3.8542e-01	 9.9964e-01
3.8584e-01	 9.9991e-01	 3.8584e-01	 9.9963e-01
3.8627e-01	 9.9990e-01	 3.8627e-01	 9.9963e-01
3.8670e-01	 9.9989e-01	 3.8670e-01	 9.9962e-01
3.8712e-01	 9.9988e-01	 3.8712e-01	 9.9962e-01
3.8755e-01	 9.9987e-01	 3.8755e-01	 9.9962e-01
3.8798e-01	 9.9987e-01	 3.8798e-01	 9.9962e-01
3.8841e-01	 9.9986e-01	 3.8841e-01	 9.9961e-01
3.8884e-01	 9.9985e-01	 3.8884e-01	 9.9961e-01
3.8927e-01	 9.9984e-01	 3.8927e-01	 9.9961e-01
3.8970e-01	 9.9984e-01	 3.8970e-01	 9.9962e-01
3.9013e-01	 9.9984e-01	 3.9013e-01	 9.9962e-01
3.9056e-01	 9.9985e-01	 3.9056e-01	 9.9962e-01
3.9099e-01	 9.9987e-01	 3.9099e-01	 9.9963e-01
3.9142e-01	 9.9989e-01	 3.9142e-01	 9.9963e-01
3.9186e-01	 9.9991e-01	 3.9186e-01	 9.9964e-01
3.9229e-01	 9.9994e-01	 3.9229e-01	 9.9965e-01
3.9272e-01	 9.9996e-01	 3.9272e-01	 9.9965e-01
3.9316e-01	 1.0000e+00	 3.9316e-01	 9.9966e-01
3.9359e-01	 1.0000e+00	 3.9359e-01	 9.9967e-01
3.9403e-01	 1.0001e+00	 3.9403e-01	 9.9967e-01
3.9446e-01	 1.0001e+00	 3.9446e-01	 9.9968e-01
3.9490e-01	 1.0001e+00	 3.9490e-01	 9.9970e-01
3.9533e-01	 1.0001e+00	 3.9533e-01	 9.9971e-01
3.9577e-01	 1.0001e+00	 3.9577e-01	 9.9972e-01
3.9620e-01	 1.0001e+00	 3.9620e-01	 9.9974e-01
3.9664e-01	 1.0001e+00	 3.9664e-01	 9.9976e-01
3.9708e-01	 1.0002e+00	 3.9708e-01	 9.9978e-01
3.9752e-01	 1.0001e+00	 3.9752e-01	 9.9980e-01
3.9795e-01	 1.0001e+00	 3.9795e-01	 9.9982e-01
3.9839e-01	 1.0001e+00	 3.9839e-01	 9.9985e-01
3.9883e-01	 1.0001e+00	 3.9883e-01	 9.9988e-01
3.9927e-01	 1.0001e+00	 3.9927e-01	 9.9991e-01
3.9971e-01	 1.0000e+00	 3.9971e-01	 9.9995e-01
4.0015e-01	 1.0000e+00	 4.0015e-01	 9.9998e-01
4.0059e-01	 1.0000e+00	 4.0059e-01	 1.0000e+00
4.0103e-01	 1.0000e+00	 4.0103e-01	 1.0000e+00
4.0147e-01	 9.9999e-01	 4.0147e-01	 1.0001e+00
4.0191e-01	 9.9997e-01	 4.0191e-01	 1.0001e+00
4.0235e-01	 9.9996e-01	 4.0235e-01	 1.0001e+00
4.0280e-01	 9.9995e-01	 4.0280e-01	 1.0002e+00
4.0324e-01	 9.9994e-01	 4.0324e-01	 1.0002e+00
4.0368e-01	 9.9992e-01	 4.0368e-01	 1.0002e+00
4.0413e-01	 9.9991e-01	 4.0413e-01	 1.0002e+00
4.0457e-01	 9.9989e-01	 4.0457e-01	 1.0002e+00
4.0501e-01	 9.9987e-01	 4.0501e-01	 1.0003e+00
4.0546e-01	 9.9985e-01	 4.0546e-01	 1.0003e+00
4.0590e-01	 9.9984e-01	 4.0590e-01	 1.0003e+00
4.0635e-01	 9.9984e-01	 4.0635e-01	 1.0003e+00
4.0680e-01	 9.9982e-01	 4.0680e-01	 1.0003e+00
4.0724e-01	 9.9981e-01	 4.0724e-01	 1.0003e+00
4.0769e-01	 9.9980e-01	 4.0769e-01	 1.0004e+00
4.0814e-01	 9.9979e-01	 4.0814e-01	 1.0004e+00
4.0858e-01	 9.9979e-01	 4.0858e-01	 1.0004e+00
4.0903e-01	 9.9980e-01	 4.0903e-01	 1.0004e+00
4.0948e-01	 9.9981e-01	 4.0948e-01	 1.0004e+00
4.0993e-01	 9.9981e-01	 4.0993e-01	 1.0004e+00
4.1038e-01	 9.9982e-01	 4.1038e-01	 1.0004e+00
4.1083e-01	 9.9981e-01	 4.1083e-01	 1.0004e+00
4.1128e-01	 9.9981e-01	 4.1128e-01	 1.0004e+00
4.1173e-01	 9.9982e-01	 4.1173e-01	 1.0004e+00
4.1218e-01	 9.9983e-01	 4.1218e-01	 1.0004e+00
4.1263e-01	 9.9985e-01	 4.1263e-01	 1.0004e+00
4.1308e-01	 9.9985e-01	 4.1308e-01	 1.0003e+00
4.1354e-01	 9.9987e-01	 4.1354e-01	 1.0003e+00
4.1399e-01	 9.9987e-01	 4.1399e-01	 1.0003e+00
4.1444e-01	 9.9989e-01	 4.1444e-01	 1.0002e+00
4.1490e-01	 9.9990e-01	 4.1490e-01	 1.0002e+00
4.1535e-01	 9.9992e-01	 4.1535e-01	 1.0002e+00
4.1581e-01	 9.9995e-01	 4.1581e-01	 1.0001e+00
4.1626e-01	 9.9996e-01	 4.1626e-01	 1.0001e+00
4.1672e-01	 9.9998e-01	 4.1672e-01	 1.0000e+00
4.1717e-01	 9.9998e-01	 4.1717e-01	 9.9997e-01
4.1763e-01	 9.9999e-01	 4.1763e-01	 9.9992e-01
4.1808e-01	 9.9999e-01	 4.1808e-01	 9.9987e-01
4.1854e-01	 9.9998e-01	 4.1854e-01	 9.9981e-01
4.1900e-01	 9.9998e-01	 4.1900e-01	 9.9976e-01
4.1946e-01	 9.9995e-01	 4.1946e-01	 9.9970e-01
4.1992e-01	 9.9992e-01	 4.1992e-01	 9.9965e-01
4.2037e-01	 9.9988e-01	 4.2037e-01	 9.9959e-01
4.2083e-01	 9.9985e-01	 4.2083e-01	 9.9954e-01
4.2129e-01	 9.9981e-01	 4.2129e-01	 9.9950e-01
4.2175e-01	 9.9978e-01	 4.2175e-01	 9.9947e-01
4.2221e-01	 9.9975e-01	 4.2221e-01	 9.9944e-01
4.2267e-01	 9.9971e-01	 4.2267e-01	 9.9942e-01
4.2314e-01	 9.9968e-01	 4.2314e-01	 9.9941e-01
4.2360e-01	 9.9964e-01	 4.2360e-01	 9.9942e-01
4.2406e-01	 9.9961e-01	 4.2406e-01	 9.9942e-01
4.2452e-01	 9.9959e-01	 4.2452e-01	 9.9945e-01
4.2499e-01	 9.9958e-01	 4.2499e-01	 9.9947e-01
4.2545e-01	 9.9957e-01	 4.2545e-01	 9.9950e-01
4.2591e-01	 9.9956e-01	 4.2591e-01	 9.9954e-01
4.2638e-01	 9.9957e-01	 4.2638e-01	 9.9958e-01
4.2684e-01	 9.9957e-01	 4.2684e-01	 9.9963e-01
4.2731e-01	 9.9958e-01	 4.2731e-01	 9.9967e-01
4.2777e-01	 9.9960e-01	 4.2777e-01	 9.9973e-01
4.2824e-01	 9.9963e-01	 4.2824e-01	 9.9978e-01
4.2871e-01	 9.9966e-01	 4.2871e-01	 9.9984e-01
4.2917e-01	 9.9968e-01	 4.2917e-01	 9.9990e-01
4.2964e-01	 9.9970e-01	 4.2964e-01	 9.9996e-01
4.3011e-01	 9.9971e-01	 4.3011e-01	 1.0000e+00
4.3057e-01	 9.9974e-01	 4.3057e-01	 1.0001e+00
4.3104e-01	 9.9976e-01	 4.3104e-01	 1.0001e+00
4.3151e-01	 9.9979e-01	 4.3151e-01	 1.0002e+00
4.3198e-01	 9.9981e-01	 4.3198e-01	 1.0002e+00
4.3245e-01	 9.9982e-01	 4.3245e-01	 1.0003e+00
4.3292e-01	 9.9983e-01	 4.3292e-01	 1.0003e+00
4.3339e-01	 9.9982e-01	 4.3339e-01	 1.0004e+00
4.3386e-01	 9.9983e-01	 4.3386e-01	 1.0004e+00
4.3434e-01	 9.9983e-01	 4.3434e-01	 1.0005e+00
4.3481e-01	 9.9984e-01	 4.3481e-01	 1.0005e+00
4.3528e-01	 9.9984e-01	 4.3528e-01	 1.0005e+00
4.3575e-01	 9.9984e-01	 4.3575e-01	 1.0005e+00
4.3622e-01	 9.9984e-01	 4.3622e-01	 1.0005e+00
4.3670e-01	 9.9982e-01	 4.3670e-01	 1.0005e+00
4.3717e-01	 9.9983e-01	 4.3717e-01	 1.0005e+00
4.3765e-01	 9.9983e-01	 4.3765e-01	 1.0005e+00
4.3812e-01	 9.9984e-01	 4.3812e-01	 1.0005e+00
4.3860e-01	 9.9985e-01	 4.3860e-01	 1.0005e+00
4.3907e-01	 9.9985e-01	 4.3907e-01	 1.0005e+00
4.3955e-01	 9.9987e-01	 4.3955e-01	 1.0005e+00
4.4002e-01	 9.9987e-01	 4.4002e-01	 1.0005e+00
4.4050e-01	 9.9989e-01	 4.4050e-01	 1.0004e+00
4.4098e-01	 9.9990e-01	 4.4098e-01	 1.0004e+00
4.4146e-01	 9.9993e-01	 4.4146e-01	 1.0004e+00
4.4194e-01	 9.9995e-01	 4.4194e-01	 1.0003e+00
4.4242e-01	 9.9996e-01	 4.4242e-01	 1.0003e+00
4.4289e-01	 9.9999e-01	 4.4289e-01	 1.0002e+00
4.4337e-01	 1.0000e+00	 4.4337e-01	 1.0002e+00
4.4385e-01	 1.0000e+00	 4.4385e-01	 1.0001e+00
4.4434e-01	 1.0000e+00	 4.4434e-01	 1.0001e+00
4.4482e-01	 1.0001e+00	 4.4482e-01	 1.0000e+00
4.4530e-01	 1.0001e+00	 4.4530e-01	 9.9997e-01
4.4578e-01	 1.0001e+00	 4.4578e-01	 9.9994e-01
4.4626e-01	 1.0002e+00	 4.4626e-01	 9.9991e-01
4.4675e-01	 1.0002e+00	 4.4675e-01	 9.9988e-01
4.4723e-01	 1.0002e+00	 4.4723e-01	 9.9986e-01
4.4771e-01	 1.0002e+00	 4.4771e-01	 9.9985e-01
4.4820e-01	 1.0003e+00	 4.4820e-01	 9.9983e-01
4.4868e-01	 1.0003e+00	 4.4868e-01	 9.9982e-01
4.4916e-01	 1.0003e+00	 4.4916e-01	 9.9981e-01
4.4965e-01	 1.0003e+00	 4.4965e-01	 9.9980e-01
4.5014e-01	 1.0002e+00	 4.5014e-01	 9.9980e-01
4.5062e-01	 1.0002e+00	 4.5062e-01	 9.9979e-01
4.5111e-01	 1.0002e+00	 4.5111e-01	 9.9978e-01
4.5160e-01	 1.0002e+00	 4.5160e-01	 9.9977e-01
4.5209e-01	 1.0001e+00	 4.5209e-01	 9.9977e-01
4.5257e-01	 1.0001e+00	 4.5257e-01	 9.9976e-01
4.5306e-01	 1.0000e+00	 4.5306e-01	 9.9976e-01
4.5355e-01	 9.9995e-01	 4.5355e-01	 9.9976e-01
4.5404e-01	 9.9989e-01	 4.5404e-01	 9.9975e-01
4.5453e-01	 9.9982e-01	 4.5453e-01	 9.9975e-01
4.5502e-01	 9.9976e-01	 4.5502e-01	 9.9974e-01
4.5551e-01	 9.9968e-01	 4.5551e-01	 9.9973e-01
4.5600e-01	 9.9961e-01	 4.5600e-01	 9.9972e-01
4.5649e-01	 9.9954e-01	 4.5649e-01	 9.9970e-01
4.5699e-01	 9.9947e-01	 4.5699e-01	 9.9968e-01
4.5748e-01	 9.9942e-01	 4.5748e-01	 9.9965e-01
4.5797e-01	 9.9938e-01	 4.5797e-01	 9.9962e-01
4.5847e-01	 9.9935e-01	 4.5847e-01	 9.9959e-01
4.5896e-01	 9.9932e-01	 4.5896e-01	 9.9955e-01
4.5946e-01	 9.9929e-01	 4.5946e-01	 9.9952e-01
4.5995e-01	 9.9928e-01	 4.5995e-01	 9.9949e-01
4.6045e-01	 9.9926e-01	 4.6045e-01	 9.9947e-01
4.6094e-01	 9.9927e-01	 4.6094e-01	 9.9946e-01
4.6144e-01	 9.9927e-01	 4.6144e-01	 9.9945e-01
4.6193e-01	 9.9929e-01	 4.6193e-01	 9.9945e-01
4.6243e-01	 9.9932e-01	 4.6243e-01	 9.9945e-01
4.6293e-01	 9.9934e-01	 4.6293e-01	 9.9946e-01
4.6343e-01	 9.9937e-01	 4.6343e-01	 9.9947e-01
4.6393e-01	 9.9940e-01	 4.6393e-01	 9.9949e-01
4.6443e-01	 9.9945e-01	 4.6443e-01	 9.9950e-01
4.6493e-01	 9.9950e-01	 4.6493e-01	 9.9952e-01
4.6543e-01	 9.9956e-01	 4.6543e-01	 9.9953e-01
4.6593e-01	 9.9962e-01	 4.6593e-01	 9.9955e-01
4.6643e-01	 9.9968e-01	 4.6643e-01	 9.9957e-01
4.6693e-01	 9.9974e-01	 4.6693e-01	 9.9958e-01
4.6743e-01	 9.9979e-01	 4.6743e-01	 9.9959e-01
4.6793e-01	 9.9987e-01	 4.6793e-01	 9.9960e-01
4.6843e-01	 9.9994e-01	 4.6843e-01	 9.9960e-01
4.6894e-01	 1.0000e+00	 4.6894e-01	 9.9960e-01
4.6944e-01	 1.0001e+00	 4.6944e-01	 9.9960e-01
4.6995e-01	 1.0001e+00	 4.6995e-01	 9.9960e-01
4.7045e-01	 1.0002e+00	 4.7045e-01	 9.9959e-01
4.7096e-01	 1.0003e+00	 4.7096e-01	 9.9957e-01
4.7146e-01	 1.0003e+00	 4.7146e-01	 9.9957e-01
4.7197e-01	 1.0004e+00	 4.7197e-01	 9.9956e-01
4.7247e-01	 1.0004e+00	 4.7247e-01	 9.9956e-01
4.7298e-01	 1.0005e+00	 4.7298e-01	 9.9955e-01
4.7349e-01	 1.0005e+00	 4.7349e-01	 9.9955e-01
4.7399e-01	 1.0005e+00	 4.7399e-01	 9.9955e-01
4.7450e-01	 1.0005e+00	 4.7450e-01	 9.9956e-01
4.7501e-01	 1.0005e+00	 4.7501e-01	 9.9957e-01
4.7552e-01	 1.0005e+00	 4.7552e-01	 9.9958e-01
4.7603e-01	 1.0005e+00	 4.7603e-01	 9.9960e-01
4.7654e-01	 1.0005e+00	 4.7654e-01	 9.9962e-01
4.7705e-01	 1.0005e+00	 4.7705e-01	 9.9965e-01
4.7756e-01	 1.0005e+00	 4.7756e-01	 9.9968e-01
4.7808e-01	 1.0004e+00	 4.7808e-01	 9.9970e-01
4.7859e-01	 1.0004e+00	 4.7859e-01	 9.9973e-01
4.7910e-01	 1.0003e+00	 4.7910e-01	 9.9976e-01
4.7961e-01	 1.0003e+00	 4.7961e-01	 9.9978e-01
4.8013e-01	 1.0002e+00	 4.8013e-01	 9.9980e-01
4.8064e-01	 1.0002e+00	 4.8064e-01	 9.9982e-01
4.8115e-01	 1.0001e+00	 4.8115e-01	 9.9983e-01
4.8167e-01	 1.0001e+00	 4.8167e-01	 9.9985e-01
4.8218e-01	 1.0001e+00	 4.8218e-01	 9.9986e-01
4.8270e-01	 1.0000e+00	 4.8270e-01	 9.9987e-01
4.8322e-01	 9.9999e-01	 4.8322e-01	 9.9989e-01
4.8374e-01	 9.9994e-01	 4.8374e-01	 9.9990e-01
4.8425e-01	 9.9990e-01	 4.8425e-01	 9.9992e-01
4.8477e-01	 9.9986e-01	 4.8477e-01	 9.9994e-01
4.8529e-01	 9.9982e-01	 4.8529e-01	 9.9995e-01
4.8581e-01	 9.9979e-01	 4.8581e-01	 9.9997e-01
4.8633e-01	 9.9976e-01	 4.8633e-01	 9.9998e-01
4.8685e-01	 9.9975e-01	 4.8685e-01	 9.9998e-01
4.8737e-01	 9.9972e-01	 4.8737e-01	 9.9998e-01
4.8789e-01	 9.9970e-01	 4.8789e-01	 9.9996e-01
4.8841e-01	 9.9968e-01	 4.8841e-01	 9.9994e-01
4.8893e-01	 9.9966e-01	 4.8893e-01	 9.9992e-01
4.8945e-01	 9.9966e-01	 4.8945e-01	 9.9988e-01
4.8997e-01	 9.9965e-01	 4.8997e-01	 9.9985e-01
4.9050e-01	 9.9966e-01	 4.9050e-01	 9.9980e-01
4.9102e-01	 9.9965e-01	 4.9102e-01	 9.9975e-01
4.9155e-01	 9.9966e-01	 4.9155e-01	 9.9970e-01
4.9207e-01	 9.9965e-01	 4.9207e-01	 9.9965e-01
4.9259e-01	 9.9965e-01	 4.9259e-01	 9.9960e-01
4.9312e-01	 9.9965e-01	 4.9312e-01	 9.9955e-01
4.9364e-01	 9.9965e-01	 4.9364e-01	 9.9951e-01
4.9417e-01	 9.9966e-01	 4.9417e-01	 9.9947e-01
4.9470e-01	 9.9965e-01	 4.9470e-01	 9.9944e-01
4.9522e-01	 9.9965e-01	 4.9522e-01	 9.9942e-01
4.9575e-01	 9.9964e-01	 4.9575e-01	 9.9940e-01
4.9628e-01	 9.9963e-01	 4.9628e-01	 9.9940e-01
4.9681e-01	 9.9963e-01	 4.9681e-01	 9.9940e-01
4.9734e-01	 9.9962e-01	 4.9734e-01	 9.9941e-01
4.9787e-01	 9.9963e-01	 4.9787e-01	 9.9943e-01
4.9840e-01	 9.9962e-01	 4.9840e-01	 9.9945e-01
4.9893e-01	 9.9961e-01	 4.9893e-01	 9.9948e-01
4.9946e-01	 9.9960e-01	 4.9946e-01	 9.9951e-01
4.9999e-01	 9.9960e-01	 4.9999e-01	 9.9955e-01
5.0052e-01	 9.9961e-01	 5.0052e-01	 9.9958e-01
5.0106e-01	 9.9961e-01	 5.0106e-01	 9.9962e-01
5.0159e-01	 9.9963e-01	 5.0159e-01	 9.9965e-01
5.0212e-01	 9.9963e-01	 5.0212e-01	 9.9970e-01
5.0266e-01	 9.9964e-01	 5.0266e-01	 9.9973e-01
5.0319e-01	 9.9964e-01	 5.0319e-01	 9.9977e-01
5.0373e-01	 9.9966e-01	 5.0373e-01	 9.9980e-01
5.0426e-01	 9.9968e-01	 5.0426e-01	 9.9984e-01
5.0480e-01	 9.9970e-01	 5.0480e-01	 9.9987e-01
5.0533e-01	 9.9974e-01	 5.0533e-01	 9.9990e-01
5.0587e-01	 9.9975e-01	 5.0587e-01	 9.9993e-01
5.0641e-01	 9.9979e-01	 5.0641e-01	 9.9996e-01
5.0695e-01	 9.9981e-01	 5.0695e-01	 9.9999e-01
5.0749e-01	 9.9984e-01	 5.0749e-01	 1.0000e+00
5.0803e-01	 9.9988e-01	 5.0803e-01	 1.0000e+00
5.0857e-01	 9.9992e-01	 5.0857e-01	 1.0001e+00
5.0911e-01	 9.9997e-01	 5.0911e-01	 1.0001e+00
5.0965e-01	 1.0000e+00	 5.0965e-01	 1.0001e+00
5.1019e-01	 1.0000e+00	 5.1019e-01	 1.0001e+00
5.1073e-01	 1.0001e+00	 5.1073e-01	 1.0001e+00
5.1127e-01	 1.0001e+00	 5.1127e-01	 1.0001e+00
5.1182e-01	 1.0001e+00	 5.1182e-01	 1.0001e+00
5.1236e-01	 1.0001e+00	 5.1236e-01	 1.0001e+00
5.1290e-01	 1.0002e+00	 5.1290e-01	 1.0001e+00
5.1345e-01	 1.0002e+00	 5.1345e-01	 1.0001e+00
5.1399e-01	 1.0002e+00	 5.1399e-01	 1.0000e+00
5.1454e-01	 1.0002e+00	 5.1454e-01	 1.0000e+00
5.1508e-01	 1.0002e+00	 5.1508e-01	 1.0000e+00
5.1563e-01	 1.0002e+00	 5.1563e-01	 9.9999e-01
5.1618e-01	 1.0002e+00	 5.1618e-01	 9.9998e-01
5.1672e-01	 1.0002e+00	 5.1672e-01	 9.9997e-01
5.1727e-01	 1.0002e+00	 5.1727e-01	 9.9997e-01
5.1782e-01	 1.0002e+00	 5.1782e-01	 9.9998e-01
5.1837e-01	 1.0001e+00	 5.1837e-01	 9.9999e-01
5.1892e-01	 1.0001e+00	 5.1892e-01	 1.0000e+00
5.1946e-01	 1.0001e+00	 5.1946e-01	 1.0000e+00
5.2002e-01	 1.0001e+00	 5.2002e-01	 1.0000e+00
5.2057e-01	 1.0001e+00	 5.2057e-01	 1.0001e+00
5.2112e-01	 1.0001e+00	 5.2112e-01	 1.0001e+00
5.2167e-01	 1.0001e+00	 5.2167e-01	 1.0001e+00
5.2222e-01	 1.0001e+00	 5.2222e-01	 1.0001e+00
5.2277e-01	 1.0001e+00	 5.2277e-01	 1.0002e+00
5.2332e-01	 1.0001e+00	 5.2332e-01	 1.0002e+00
5.2388e-01	 1.0000e+00	 5.2388e-01	 1.0002e+00
5.2443e-01	 1.0001e+00	 5.2443e-01	 1.0002e+00
5.2499e-01	 1.0000e+00	 5.2499e-01	 1.0002e+00
5.2554e-01	 1.0000e+00	 5.2554e-01	 1.0002e+00
5.2610e-01	 1.0000e+00	 5.2610e-01	 1.0002e+00
5.2665e-01	 1.0001e+00	 5.2665e-01	 1.0002e+00
5.2721e-01	 1.0001e+00	 5.2721e-01	 1.0002e+00
5.2777e-01	 1.0001e+00	 5.2777e-01	 1.0002e+00
5.2833e-01	 1.0001e+00	 5.2833e-01	 1.0002e+00
5.2888e-01	 1.0002e+00	 5.2888e-01	 1.0002e+00
5.2944e-01	 1.0002e+00	 5.2944e-01	 1.0002e+00
5.3000e-01	 1.0002e+00	 5.3000e-01	 1.0002e+00
5.3056e-01	 1.0003e+00	 5.3056e-01	 1.0002e+00
5.3112e-01	 1.0003e+00	 5.3112e-01	 1.0002e+00
5.3168e-01	 1.0004e+00	 5.3168e-01	 1.0002e+00
5.3224e-01	 1.0005e+00	 5.3224e-01	 1.0001e+00
5.3281e-01	 1.0005e+00	 5.3281e-01	 1.0001e+00
5.3337e-01	 1.0006e+00	 5.3337e-01	 1.0001e+00
5.3393e-01	 1.0006e+00	 5.3393e-01	 1.0001e+00
5.3450e-01	 1.0006e+00	 5.3450e-01	 1.0001e+00
5.3506e-01	 1.0007e+00	 5.3506e-01	 1.0001e+00
5.3563e-01	 1.0007e+00	 5.3563e-01	 1.0001e+00
5.3619e-01	 1.0007e+00	 5.3619e-01	 1.0001e+00
5.3676e-01	 1.0007e+00	 5.3676e-01	 1.0001e+00
5.3732e-01	 1.0008e+00	 5.3732e-01	 1.0001e+00
5.3789e-01	 1.0008e+00	 5.3789e-01	 1.0001e+00
5.3846e-01	 1.0008e+00	 5.3846e-01	 1.0001e+00
5.3902e-01	 1.0008e+00	 5.3902e-01	 1.0001e+00
5.3959e-01	 1.0008e+00	 5.3959e-01	 1.0001e+00
5.4016e-01	 1.0008e+00	 5.4016e-01	 1.0001e+00
5.4073e-01	 1.0008e+00	 5.4073e-01	 1.0001e+00
5.4130e-01	 1.0008e+00	 5.4130e-01	 1.0001e+00
5.4187e-01	 1.0008e+00	 5.4187e-01	 1.0001e+00
5.4244e-01	 1.0008e+00	 5.4244e-01	 1.0001e+00
5.4301e-01	 1.0008e+00	 5.4301e-01	 1.0001e+00
5.4358e-01	 1.0008e+00	 5.4358e-01	 1.0001e+00
5.4416e-01	 1.0008e+00	 5.4416e-01	 1.0001e+00
5.4473e-01	 1.0007e+00	 5.4473e-01	 1.0001e+00
5.4530e-01	 1.0007e+00	 5.4530e-01	 1.0001e+00
5.4588e-01	 1.0007e+00	 5.4588e-01	 1.0001e+00
5.4645e-01	 1.0007e+00	 5.4645e-01	 1.0000e+00
5.4703e-01	 1.0007e+00	 5.4703e-01	 1.0000e+00
5.4760e-01	 1.0006e+00	 5.4760e-01	 9.9998e-01
5.4818e-01	 1.0006e+00	 5.4818e-01	 9.9995e-01
5.4876e-01	 1.0006e+00	 5.4876e-01	 9.9992e-01
5.4933e-01	 1.0005e+00	 5.4933e-01	 9.9990e-01
5.4991e-01	 1.0005e+00	 5.4991e-01	 9.9987e-01
5.5049e-01	 1.0005e+00	 5.5049e-01	 9.9985e-01
5.5107e-01	 1.0004e+00	 5.5107e-01	 9.9984e-01
5.5165e-01	 1.0004e+00	 5.5165e-01	 9.9983e-01
5.5223e-01	 1.0004e+00	 5.5223e-01	 9.9982e-01
5.5281e-01	 1.0003e+00	 5.5281e-01	 9.9981e-01
5.5339e-01	 1.0003e+00	 5.5339e-01	 9.9981e-01
5.5397e-01	 1.0002e+00	 5.5397e-01	 9.9981e-01
5.5455e-01	 1.0002e+00	 5.5455e-01	 9.9981e-01
5.5513e-01	 1.0002e+00	 5.5513e-01	 9.9982e-01
5.5572e-01	 1.0001e+00	 5.5572e-01	 9.9984e-01
5.5630e-01	 1.0001e+00	 5.5630e-01	 9.9986e-01
5.5689e-01	 1.0001e+00	 5.5689e-01	 9.9989e-01
5.5747e-01	 1.0000e+00	 5.5747e-01	 9.9992e-01
5.5806e-01	 1.0000e+00	 5.5806e-01	 9.9995e-01
5.5864e-01	 1.0000e+00	 5.5864e-01	 9.9998e-01
5.5923e-01	 1.0000e+00	 5.5923e-01	 1.0000e+00
5.5982e-01	 1.0000e+00	 5.5982e-01	 1.0001e+00
5.6040e-01	 1.0000e+00	 5.6040e-01	 1.0001e+00
5.6099e-01	 1.0000e+00	 5.6099e-01	 1.0001e+00
5.6158e-01	 9.9999e-01	 5.6158e-01	 1.0002e+00
5.6217e-01	 9.9998e-01	 5.6217e-01	 1.0002e+00
5.6276e-01	 9.9999e-01	 5.6276e-01	 1.0002e+00
5.6335e-01	 9.9999e-01	 5.6335e-01	 1.0002e+00
5.6394e-01	 1.0000e+00	 5.6394e-01	 1.0002e+00
5.6454e-01	 1.0000e+00	 5.6454e-01	 1.0003e+00
5.6513e-01	 1.0000e+00	 5.6513e-01	 1.0003e+00
5.6572e-01	 1.0000e+00	 5.6572e-01	 1.0003e+00
5.6632e-01	 9.9998e-01	 5.6632e-01	 1.0002e+00
5.6691e-01	 9.9998e-01	 5.6691e-01	 1.0002e+00
5.6750e-01	 9.9996e-01	 5.6750e-01	 1.0002e+00
5.6810e-01	 9.9996e-01	 5.6810e-01	 1.0002e+00
5.6870e-01	 9.9993e-01	 5.6870e-01	 1.0002e+00
5.6929e-01	 9.9990e-01	 5.6929e-01	 1.0001e+00
5.6989e-01	 9.9986e-01	 5.6989e-01	 1.0001e+00
5.7049e-01	 9.9982e-01	 5.7049e-01	 1.0001e+00
5.7108e-01	 9.9979e-01	 5.7108e-01	 1.0000e+00
5.7168e-01	 9.9975e-01	 5.7168e-01	 1.0000e+00
5.7228e-01	 9.9973e-01	 5.7228e-01	 9.9998e-01
5.7288e-01	 9.9969e-01	 5.7288e-01	 9.9995e-01
5.7348e-01	 9.9966e-01	 5.7348e-01	 9.9993e-01
5.7408e-01	 9.9963e-01	 5.7408e-01	 9.9991e-01
5.7468e-01	 9.9960e-01	 5.7468e-01	 9.9990e-01
5.7528e-01	 9.9959e-01	 5.7528e-01	 9.9988e-01
5.7588e-01	 9.9959e-01	 5.7588e-01	 9.9988e-01
5.7648e-01	 9.9959e-01	 5.7648e-01	 9.9987e-01
5.7709e-01	 9.9959e-01	 5.7709e-01	 9.9987e-01
5.7769e-01	 9.9959e-01	 5.7769e-01	 9.9987e-01
5.7830e-01	 9.9960e-01	 5.7830e-01	 9.9987e-01
5.7890e-01	 9.9961e-01	 5.7890e-01	 9.9986e-01
5.7951e-01	 9.9964e-01	 5.7951e-01	 9.9985e-01
5.8011e-01	 9.9966e-01	 5.8011e-01	 9.9985e-01
5.8072e-01	 9.9970e-01	 5.8072e-01	 9.9984e-01
5.8132e-01	 9.9972e-01	 5.8132e-01	 9.9982e-01
5.8193e-01	 9.9975e-01	 5.8193e-01	 9.9981e-01
5.8254e-01	 9.9978e-01	 5.8254e-01	 9.9980e-01
5.8315e-01	 9.9980e-01	 5.8315e-01	 9.9979e-01
5.8375e-01	 9.9984e-01	 5.8375e-01	 9.9977e-01
5.8436e-01	 9.9986e-01	 5.8436e-01	 9.9976e-01
5.8497e-01	 9.9989e-01	 5.8497e-01	 9.9974e-01
5.8558e-01	 9.9990e-01	 5.8558e-01	 9.9972e-01
5.8620e-01	 9.9991e-01	 5.8620e-01	 9.9971e-01
5.8681e-01	 9.9991e-01	 5.8681e-01	 9.9969e-01
5.8742e-01	 9.9990e-01	 5.8742e-01	 9.9968e-01
5.8803e-01	 9.9991e-01	 5.8803e-01	 9.9966e-01
5.8865e-01	 9.9990e-01	 5.8865e-01	 9.9965e-01
5.8926e-01	 9.9990e-01	 5.8926e-01	 9.9963e-01
5.8988e-01	 9.9987e-01	 5.8988e-01	 9.9962e-01
5.9049e-01	 9.9986e-01	 5.9049e-01	 9.9960e-01
5.9111e-01	 9.9984e-01	 5.9111e-01	 9.9959e-01
5.9172e-01	 9.9983e-01	 5.9172e-01	 9.9958e-01
5.9234e-01	 9.9983e-01	 5.9234e-01	 9.9957e-01
5.9296e-01	 9.9982e-01	 5.9296e-01	 9.9956e-01
5.9357e-01	 9.9982e-01	 5.9357e-01	 9.9955e-01
5.9419e-01	 9.9981e-01	 5.9419e-01	 9.9955e-01
5.9481e-01	 9.9980e-01	 5.9481e-01	 9.9956e-01
5.9543e-01	 9.9979e-01	 5.9543e-01	 9.9957e-01
5.9605e-01	 9.9978e-01	 5.9605e-01	 9.9958e-01
5.9667e-01	 9.9978e-01	 5.9667e-01	 9.9960e-01
5.9729e-01	 9.9978e-01	 5.9729e-01	 9.9962e-01
5.9791e-01	 9.9978e-01	 5.9791e-01	 9.9964e-01
5.9854e-01	 9.9976e-01	 5.9854e-01	 9.9967e-01
5.9916e-01	 9.9976e-01	 5.9916e-01	 9.9969e-01
5.9978e-01	 9.9974e-01	 5.9978e-01	 9.9971e-01
6.0041e-01	 9.9974e-01	 6.0041e-01	 9.9974e-01
6.0103e-01	 9.9975e-01	 6.0103e-01	 9.9977e-01
6.0166e-01	 9.9975e-01	 6.0166e-01	 9.9980e-01
6.0228e-01	 9.9977e-01	 6.0228e-01	 9.9982e-01
6.0291e-01	 9.9978e-01	 6.0291e-01	 9.9986e-01
6.0354e-01	 9.9979e-01	 6.0354e-01	 9.9989e-01
6.0417e-01	 9.9981e-01	 6.0417e-01	 9.9993e-01
6.0479e-01	 9.9984e-01	 6.0479e-01	 9.9996e-01
6.0542e-01	 9.9987e-01	 6.0542e-01	 1.0000e+00
6.0605e-01	 9.9991e-01	 6.0605e-01	 1.0000e+00
6.0668e-01	 9.9996e-01	 6.0668e-01	 1.0001e+00
6.0731e-01	 9.9999e-01	 6.0731e-01	 1.0001e+00
6.0794e-01	 1.0000e+00	 6.0794e-01	 1.0001e+00
6.0857e-01	 1.0000e+00	 6.0857e-01	 1.0001e+00
6.0921e-01	 1.0001e+00	 6.0921e-01	 1.0001e+00
6.0984e-01	 1.0001e+00	 6.0984e-01	 1.0001e+00
6.1047e-01	 1.0001e+00	 6.1047e-01	 1.0001e+00
6.1111e-01	 1.0002e+00	 6.1111e-01	 1.0001e+00
6.1174e-01	 1.0002e+00	 6.1174e-01	 1.0001e+00
6.1238e-01	 1.0002e+00	 6.1238e-01	 1.0001e+00
6.1301e-01	 1.0002e+00	 6.1301e-01	 1.0000e+00
6.1365e-01	 1.0002e+00	 6.1365e-01	 1.0000e+00
6.1429e-01	 1.0001e+00	 6.1429e-01	 9.9998e-01
6.1493e-01	 1.0001e+00	 6.1493e-01	 9.9994e-01
6.1556e-01	 1.0001e+00	 6.1556e-01	 9.9990e-01
6.1620e-01	 1.0001e+00	 6.1620e-01	 9.9987e-01
6.1684e-01	 1.0001e+00	 6.1684e-01	 9.9982e-01
6.1748e-01	 1.0001e+00	 6.1748e-01	 9.9979e-01
6.1812e-01	 1.0000e+00	 6.1812e-01	 9.9975e-01
6.1876e-01	 1.0000e+00	 6.1876e-01	 9.9972e-01
6.1941e-01	 1.0000e+00	 6.1941e-01	 9.9970e-01
6.2005e-01	 1.0000e+00	 6.2005e-01	 9.9968e-01
6.2069e-01	 9.9998e-01	 6.2069e-01	 9.9967e-01
6.2134e-01	 9.9996e-01	 6.2134e-01	 9.9967e-01
6.2198e-01	 9.9994e-01	 6.2198e-01	 9.9967e-01
6.2263e-01	 9.9992e-01	 6.2263e-01	 9.9968e-01
6.2327e-01	 9.9991e-01	 6.2327e-01	 9.9969e-01
6.2392e-01	 9.9990e-01	 6.2392e-01	 9.9970e-01
6.2457e-01	 9.9988e-01	 6.2457e-01	 9.9971e-01
6.2521e-01	 9.9985e-01	 6.2521e-01	 9.9973e-01
6.2586e-01	 9.9982e-01	 6.2586e-01	 9.9975e-01
6.2651e-01	 9.9978e-01	 6.2651e-01	 9.9977e-01
6.2716e-01	 9.9976e-01	 6.2716e-01	 9.9978e-01
6.2780e-01	 9.9973e-01	 6.2780e-01	 9.9980e-01
6.2845e-01	 9.9970e-01	 6.2845e-01	 9.9982e-01
6.2911e-01	 9.9968e-01	 6.2911e-01	 9.9983e-01
6.2976e-01	 9.9964e-01	 6.2976e-01	 9.9985e-01
6.3041e-01	 9.9962e-01	 6.3041e-01	 9.9987e-01
6.3106e-01	 9.9959e-01	 6.3106e-01	 9.9988e-01
6.3172e-01	 9.9957e-01	 6.3172e-01	 9.9989e-01
6.3237e-01	 9.9955e-01	 6.3237e-01	 9.9990e-01
6.3302e-01	 9.9954e-01	 6.3302e-01	 9.9990e-01
6.3368e-01	 9.9954e-01	 6.3368e-01	 9.9990e-01
6.3433e-01	 9.9951e-01	 6.3433e-01	 9.9989e-01
6.3499e-01	 9.9950e-01	 6.3499e-01	 9.9987e-01
6.3565e-01	 9.9948e-01	 6.3565e-01	 9.9985e-01
6.3631e-01	 9.9948e-01	 6.3631e-01	 9.9983e-01
6.3696e-01	 9.9947e-01	 6.3696e-01	 9.9980e-01
6.3762e-01	 9.9948e-01	 6.3762e-01	 9.9977e-01
6.3828e-01	 9.9948e-01	 6.3828e-01	 9.9973e-01
6.3894e-01	 9.9948e-01	 6.3894e-01	 9.9970e-01
6.3960e-01	 9.9949e-01	 6.3960e-01	 9.9966e-01
6.4026e-01	 9.9949e-01	 6.4026e-01	 9.9962e-01
6.4092e-01	 9.9952e-01	 6.4092e-01	 9.9958e-01
6.4159e-01	 9.9955e-01	 6.4159e-01	 9.9954e-01
6.4225e-01	 9.9958e-01	 6.4225e-01	 9.9950e-01
6.4291e-01	 9.9962e-01	 6.4291e-01	 9.9947e-01
6.4358e-01	 9.9964e-01	 6.4358e-01	 9.9944e-01
6.4424e-01	 9.9967e-01	 6.4424e-01	 9.9941e-01
6.4491e-01	 9.9970e-01	 6.4491e-01	 9.9938e-01
6.4557e-01	 9.9974e-01	 6.4557e-01	 9.9936e-01
6.4624e-01	 9.9979e-01	 6.4624e-01	 9.9934e-01
6.4691e-01	 9.9983e-01	 6.4691e-01	 9.9933e-01
6.4758e-01	 9.9988e-01	 6.4758e-01	 9.9932e-01
6.4824e-01	 9.9992e-01	 6.4824e-01	 9.9932e-01
6.4891e-01	 9.9997e-01	 6.4891e-01	 9.9932e-01
6.4958e-01	 1.0000e+00	 6.4958e-01	 9.9933e-01
6.5025e-01	 1.0001e+00	 6.5025e-01	 9.9934e-01
6.5092e-01	 1.0001e+00	 6.5092e-01	 9.9935e-01
6.5159e-01	 1.0002e+00	 6.5159e-01	 9.9936e-01
6.5227e-01	 1.0002e+00	 6.5227e-01	 9.9938e-01
6.5294e-01	 1.0002e+00	 6.5294e-01	 9.9940e-01
6.5361e-01	 1.0003e+00	 6.5361e-01	 9.9943e-01
6.5429e-01	 1.0003e+00	 6.5429e-01	 9.9946e-01
6.5496e-01	 1.0003e+00	 6.5496e-01	 9.9949e-01
6.5564e-01	 1.0003e+00	 6.5564e-01	 9.9952e-01
6.5631e-01	 1.0004e+00	 6.5631e-01	 9.9956e-01
6.5699e-01	 1.0004e+00	 6.5699e-01	 9.9960e-01
6.5766e-01	 1.0004e+00	 6.5766e-01	 9.9964e-01
6.5834e-01	 1.0004e+00	 6.5834e-01	 9.9967e-01
6.5902e-01	 1.0003e+00	 6.5902e-01	 9.9971e-01
6.5970e-01	 1.0003e+00	 6.5970e-01	 9.9974e-01
6.6038e-01	 1.0003e+00	 6.6038e-01	 9.9977e-01
6.6106e-01	 1.0003e+00	 6.6106e-01	 9.9980e-01
6.6174e-01	 1.0003e+00	 6.6174e-01	 9.9984e-01
6.6242e-01	 1.0003e+00	 6.6242e-01	 9.9987e-01
6.6310e-01	 1.0003e+00	 6.6310e-01	 9.9989e-01
6.6378e-01	 1.0002e+00	 6.6378e-01	 9.9992e-01
6.6447e-01	 1.0002e+00	 6.6447e-01	 9.9994e-01
6.6515e-01	 1.0002e+00	 6.6515e-01	 9.9996e-01
6.6583e-01	 1.0002e+00	 6.6583e-01	 9.9998e-01
6.6652e-01	 1.0002e+00	 6.6652e-01	 9.9998e-01
6.6721e-01	 1.0001e+00	 6.6721e-01	 9.9998e-01
6.6789e-01	 1.0001e+00	 6.6789e-01	 9.9998e-01
6.6858e-01	 1.0001e+00	 6.6858e-01	 9.9997e-01
6.6927e-01	 1.0001e+00	 6.6927e-01	 9.9996e-01
6.6995e-01	 1.0001e+00	 6.6995e-01	 9.9994e-01
6.7064e-01	 1.0001e+00	 6.7064e-01	 9.9993e-01
6.7133e-01	 1.0001e+00	 6.7133e-01	 9.9991e-01
6.7202e-01	 1.0000e+00	 6.7202e-01	 9.9989e-01
6.7271e-01	 1.0001e+00	 6.7271e-01	 9.9988e-01
6.7341e-01	 1.0001e+00	 6.7341e-01	 9.9987e-01
6.7410e-01	 1.0001e+00	 6.7410e-01	 9.9987e-01
6.7479e-01	 1.0001e+00	 6.7479e-01	 9.9986e-01
6.7549e-01	 1.0001e+00	 6.7549e-01	 9.9987e-01
6.7618e-01	 1.0001e+00	 6.7618e-01	 9.9987e-01
6.7687e-01	 1.0001e+00	 6.7687e-01	 9.9988e-01
6.7757e-01	 1.0001e+00	 6.7757e-01	 9.9989e-01
6.7827e-01	 1.0001e+00	 6.7827e-01	 9.9991e-01
6.7896e-01	 1.0001e+00	 6.7896e-01	 9.9993e-01
6.7966e-01	 1.0001e+00	 6.7966e-01	 9.9994e-01
6.8036e-01	 1.0001e+00	 6.8036e-01	 9.9996e-01
6.8105e-01	 1.0001e+00	 6.8105e-01	 9.9998e-01
6.8175e-01	 1.0001e+00	 6.8175e-01	 1.0000e+00
6.8245e-01	 1.0000e+00	 6.8245e-01	 1.0000e+00
6.8315e-01	 1.0000e+00	 6.8315e-01	 1.0000e+00
6.8385e-01	 1.0000e+00	 6.8385e-01	 1.0001e+00
6.8456e-01	 9.9997e-01	 6.8456e-01	 1.0001e+00
6.8526e-01	 9.9995e-01	 6.8526e-01	 1.0001e+00
6.8596e-01	 9.9993e-01	 6.8596e-01	 1.0001e+00
6.8667e-01	 9.9990e-01	 6.8667e-01	 1.0001e+00
6.8737e-01	 9.9988e-01	 6.8737e-01	 1.0001e+00
6.8808e-01	 9.9985e-01	 6.8808e-01	 1.0001e+00
6.8878e-01	 9.9984e-01	 6.8878e-01	 1.0000e+00
6.8949e-01	 9.9982e-01	 6.8949e-01	 1.0000e+00
6.9020e-01	 9.9982e-01	 6.9020e-01	 1.0000e+00
6.9090e-01	 9.9979e-01	 6.9090e-01	 9.9997e-01
6.9161e-01	 9.9978e-01	 6.9161e-01	 9.9995e-01
6.9232e-01	 9.9976e-01	 6.9232e-01	 9.9992e-01
6.9303e-01	 9.9974e-01	 6.9303e-01	 9.9988e-01
6.9374e-01	 9.9974e-01	 6.9374e-01	 9.9985e-01
6.9445e-01	 9.9972e-01	 6.9445e-01	 9.9982e-01
6.9516e-01	 9.9972e-01	 6.9516e-01	 9.9979e-01
6.9588e-01	 9.9971e-01	 6.9588e-01	 9.9976e-01
6.9659e-01	 9.9969e-01	 6.9659e-01	 9.9974e-01
6.9730e-01	 9.9968e-01	 6.9730e-01	 9.9972e-01
6.9802e-01	 9.9965e-01	 6.9802e-01	 9.9971e-01
6.9873e-01	 9.9964e-01	 6.9873e-01	 9.9970e-01
6.9945e-01	 9.9962e-01	 6.9945e-01	 9.9970e-01
7.0016e-01	 9.9960e-01	 7.0016e-01	 9.9970e-01
7.0088e-01	 9.9957e-01	 7.0088e-01	 9.9970e-01
7.0160e-01	 9.9953e-01	 7.0160e-01	 9.9970e-01
7.0231e-01	 9.9950e-01	 7.0231e-01	 9.9970e-01
7.0303e-01	 9.9947e-01	 7.0303e-01	 9.9970e-01
7.0375e-01	 9.9945e-01	 7.0375e-01	 9.9970e-01
7.0447e-01	 9.9942e-01	 7.0447e-01	 9.9970e-01
7.0519e-01	 9.9940e-01	 7.0519e-01	 9.9970e-01
7.0591e-01	 9.9937e-01	 7.0591e-01	 9.9970e-01
7.0663e-01	 9.9934e-01	 7.0663e-01	 9.9969e-01
7.0736e-01	 9.9931e-01	 7.0736e-01	 9.9969e-01
7.0808e-01	 9.9929e-01	 7.0808e-01	 9.9969e-01
7.0880e-01	 9.9928e-01	 7.0880e-01	 9.9968e-01
7.0953e-01	 9.9928e-01	 7.0953e-01	 9.9968e-01
7.1025e-01	 9.9929e-01	 7.1025e-01	 9.9967e-01
7.1098e-01	 9.9930e-01	 7.1098e-01	 9.9967e-01
7.1171e-01	 9.9932e-01	 7.1171e-01	 9.9966e-01
7.1243e-01	 9.9934e-01	 7.1243e-01	 9.9965e-01
7.1316e-01	 9.9937e-01	 7.1316e-01	 9.9964e-01
7.1389e-01	 9.9942e-01	 7.1389e-01	 9.9963e-01
7.1462e-01	 9.9947e-01	 7.1462e-01	 9.9962e-01
7.1535e-01	 9.9953e-01	 7.1535e-01	 9.9960e-01
7.1608e-01	 9.9958e-01	 7.1608e-01	 9.9959e-01
7.1681e-01	 9.9963e-01	 7.1681e-01	 9.9957e-01
7.1755e-01	 9.9968e-01	 7.1755e-01	 9.9956e-01
7.1828e-01	 9.9974e-01	 7.1828e-01	 9.9954e-01
7.1901e-01	 9.9980e-01	 7.1901e-01	 9.9953e-01
7.1975e-01	 9.9985e-01	 7.1975e-01	 9.9952e-01
7.2048e-01	 9.9991e-01	 7.2048e-01	 9.9951e-01
7.2122e-01	 9.9994e-01	 7.2122e-01	 9.9950e-01
7.2196e-01	 9.9997e-01	 7.2196e-01	 9.9950e-01
7.2269e-01	 9.9999e-01	 7.2269e-01	 9.9950e-01
7.2343e-01	 1.0000e+00	 7.2343e-01	 9.9950e-01
7.2417e-01	 1.0000e+00	 7.2417e-01	 9.9950e-01
7.2491e-01	 1.0000e+00	 7.2491e-01	 9.9951e-01
7.2565e-01	 1.0001e+00	 7.2565e-01	 9.9952e-01
7.2639e-01	 1.0000e+00	 7.2639e-01	 9.9954e-01
7.2713e-01	 1.0000e+00	 7.2713e-01	 9.9957e-01
7.2787e-01	 1.0000e+00	 7.2787e-01	 9.9959e-01
7.2861e-01	 1.0000e+00	 7.2861e-01	 9.9961e-01
7.2936e-01	 1.0000e+00	 7.2936e-01	 9.9964e-01
7.3010e-01	 1.0001e+00	 7.3010e-01	 9.9967e-01
7.3084e-01	 1.0001e+00	 7.3084e-01	 9.9970e-01
7.3159e-01	 1.0001e+00	 7.3159e-01	 9.9972e-01
7.3233e-01	 1.0001e+00	 7.3233e-01	 9.9976e-01
7.3308e-01	 1.0001e+00	 7.3308e-01	 9.9979e-01
7.3383e-01	 1.0001e+00	 7.3383e-01	 9.9983e-01
7.3457e-01	 1.0001e+00	 7.3457e-01	 9.9987e-01
7.3532e-01	 1.0001e+00	 7.3532e-01	 9.9991e-01
7.3607e-01	 1.0002e+00	 7.3607e-01	 9.9995e-01
7.3682e-01	 1.0002e+00	 7.3682e-01	 9.9998e-01
7.3757e-01	 1.0002e+00	 7.3757e-01	 1.0000e+00
7.3832e-01	 1.0002e+00	 7.3832e-01	 1.0000e+00
7.3908e-01	 1.0002e+00	 7.3908e-01	 1.0001e+00
7.3983e-01	 1.0003e+00	 7.3983e-01	 1.0001e+00
7.4058e-01	 1.0003e+00	 7.4058e-01	 1.0001e+00
7.4134e-01	 1.0003e+00	 7.4134e-01	 1.0001e+00
7.4209e-01	 1.0003e+00	 7.4209e-01	 1.0001e+00
7.4285e-01	 1.0003e+00	 7.4285e-01	 1.0001e+00
7.4360e-01	 1.0003e+00	 7.4360e-01	 1.0001e+00
7.4436e-01	 1.0003e+00	 7.4436e-01	 1.0001e+00
7.4512e-01	 1.0004e+00	 7.4512e-01	 1.0001e+00
7.4588e-01	 1.0004e+00	 7.4588e-01	 1.0001e+00
7.4664e-01	 1.0004e+00	 7.4664e-01	 1.0001e+00
7.4740e-01	 1.0003e+00	 7.4740e-01	 1.0001e+00
7.4816e-01	 1.0003e+00	 7.4816e-01	 1.0001e+00
7.4892e-01	 1.0003e+00	 7.4892e-01	 1.0000e+00
7.4968e-01	 1.0003e+00	 7.4968e-01	 1.0000e+00
7.5044e-01	 1.0003e+00	 7.5044e-01	 1.0000e+00
7.5120e-01	 1.0002e+00	 7.5120e-01	 9.9999e-01
7.5197e-01	 1.0002e+00	 7.5197e-01	 9.9997e-01
7.5273e-01	 1.0002e+00	 7.5273e-01	 9.9994e-01
7.5350e-01	 1.0002e+00	 7.5350e-01	 9.9992e-01
7.5426e-01	 1.0002e+00	 7.5426e-01	 9.9989e-01
7.5503e-01	 1.0001e+00	 7.5503e-01	 9.9987e-01
7.5580e-01	 1.0001e+00	 7.5580e-01	 9.9984e-01
7.5656e-01	 1.0001e+00	 7.5656e-01	 9.9981e-01
7.5733e-01	 1.0001e+00	 7.5733e-01	 9.9979e-01
7.5810e-01	 1.0001e+00	 7.5810e-01	 9.9976e-01
7.5887e-01	 1.0001e+00	 7.5887e-01	 9.9973e-01
7.5964e-01	 1.0000e+00	 7.5964e-01	 9.9971e-01
7.6041e-01	 1.0000e+00	 7.6041e-01	 9.9969e-01
7.6119e-01	 1.0000e+00	 7.6119e-01	 9.9967e-01
7.6196e-01	 9.9999e-01	 7.6196e-01	 9.9965e-01
7.6274e-01	 9.9999e-01	 7.6274e-01	 9.9964e-01
7.6351e-01	 9.9996e-01	 7.6351e-01	 9.9963e-01
7.6428e-01	 9.9995e-01	 7.6428e-01	 9.9962e-01
7.6506e-01	 9.9992e-01	 7.6506e-01	 9.9962e-01
7.6584e-01	 9.9991e-01	 7.6584e-01	 9.9961e-01
7.6662e-01	 9.9990e-01	 7.6662e-01	 9.9961e-01
7.6739e-01	 9.9989e-01	 7.6739e-01	 9.9961e-01
7.6817e-01	 9.9988e-01	 7.6817e-01	 9.9961e-01
7.6895e-01	 9.9985e-01	 7.6895e-01	 9.9962e-01
7.6973e-01	 9.9984e-01	 7.6973e-01	 9.9963e-01
7.7051e-01	 9.9981e-01	 7.7051e-01	 9.9965e-01
7.7129e-01	 9.9980e-01	 7.7129e-01	 9.9967e-01
7.7208e-01	 9.9979e-01	 7.7208e-01	 9.9970e-01
7.7286e-01	 9.9978e-01	 7.7286e-01	 9.9973e-01
7.7364e-01	 9.9978e-01	 7.7364e-01	 9.9977e-01
7.7443e-01	 9.9976e-01	 7.7443e-01	 9.9982e-01
7.7521e-01	 9.9976e-01	 7.7521e-01	 9.9987e-01
7.7600e-01	 9.9975e-01	 7.7600e-01	 9.9993e-01
7.7679e-01	 9.9976e-01	 7.7679e-01	 9.9998e-01
7.7757e-01	 9.9977e-01	 7.7757e-01	 1.0000e+00
7.7836e-01	 9.9978e-01	 7.7836e-01	 1.0001e+00
7.7915e-01	 9.9980e-01	 7.7915e-01	 1.0001e+00
7.7994e-01	 9.9981e-01	 7.7994e-01	 1.0002e+00
7.8073e-01	 9.9983e-01	 7.8073e-01	 1.0002e+00
7.8152e-01	 9.9984e-01	 7.8152e-01	 1.0003e+00
7.8231e-01	 9.9987e-01	 7.8231e-01	 1.0003e+00
7.8311e-01	 9.9989e-01	 7.8311e-01	 1.0003e+00
7.8390e-01	 9.9992e-01	 7.8390e-01	 1.0004e+00
7.8469e-01	 9.9994e-01	 7.8469e-01	 1.0004e+00
7.8549e-01	 9.9995e-01	 7.8549e-01	 1.0004e+00
7.8628e-01	 9.9996e-01	 7.8628e-01	 1.0004e+00
7.8708e-01	 9.9995e-01	 7.8708e-01	 1.0004e+00
7.8788e-01	 9.9996e-01	 7.8788e-01	 1.0004e+00
7.8868e-01	 9.9996e-01	 7.8868e-01	 1.0004e+00
7.8947e-01	 9.9996e-01	 7.8947e-01	 1.0004e+00
7.9027e-01	 9.9995e-01	 7.9027e-01	 1.0004e+00
7.9107e-01	 9.9992e-01	 7.9107e-01	 1.0004e+00
7.9187e-01	 9.9991e-01	 7.9187e-01	 1.0004e+00
7.9268e-01	 9.9987e-01	 7.9268e-01	 1.0004e+00
7.9348e-01	 9.9986e-01	 7.9348e-01	 1.0004e+00
7.9428e-01	 9.9984e-01	 7.9428e-01	 1.0004e+00
7.9508e-01	 9.9982e-01	 7.9508e-01	 1.0004e+00
7.9589e-01	 9.9979e-01	 7.9589e-01	 1.0004e+00
7.9669e-01	 9.9975e-01	 7.9669e-01	 1.0003e+00
7.9750e-01	 9.9972e-01	 7.9750e-01	 1.0003e+00
7.9830e-01	 9.9968e-01	 7.9830e-01	 1.0003e+00
7.9911e-01	 9.9966e-01	 7.9911e-01	 1.0003e+00
7.9992e-01	 9.9964e-01	 7.9992e-01	 1.0003e+00
8.0073e-01	 9.9962e-01	 8.0073e-01	 1.0003e+00
8.0154e-01	 9.9960e-01	 8.0154e-01	 1.0003e+00
8.0235e-01	 9.9959e-01	 8.0235e-01	 1.0002e+00
8.0316e-01	 9.9958e-01	 8.0316e-01	 1.0002e+00
8.0397e-01	 9.9957e-01	 8.0397e-01	 1.0002e+00
8.0478e-01	 9.9958e-01	 8.0478e-01	 1.0002e+00
8.0559e-01	 9.9958e-01	 8.0559e-01	 1.0001e+00
8.0641e-01	 9.9959e-01	 8.0641e-01	 1.0001e+00
8.0722e-01	 9.9960e-01	 8.0722e-01	 1.0001e+00
8.0803e-01	 9.9960e-01	 8.0803e-01	 1.0001e+00
8.0885e-01	 9.9961e-01	 8.0885e-01	 1.0000e+00
8.0967e-01	 9.9961e-01	 8.0967e-01	 1.0000e+00
8.1048e-01	 9.9963e-01	 8.1048e-01	 1.0000e+00
8.1130e-01	 9.9964e-01	 8.1130e-01	 9.9998e-01
8.1212e-01	 9.9967e-01	 8.1212e-01	 9.9998e-01
8.1294e-01	 9.9969e-01	 8.1294e-01	 9.9997e-01
8.1376e-01	 9.9970e-01	 8.1376e-01	 9.9997e-01
8.1458e-01	 9.9974e-01	 8.1458e-01	 9.9997e-01
8.1540e-01	 9.9976e-01	 8.1540e-01	 9.9998e-01
8.1623e-01	 9.9980e-01	 8.1623e-01	 9.9999e-01
8.1705e-01	 9.9984e-01	 8.1705e-01	 1.0000e+00
8.1788e-01	 9.9989e-01	 8.1788e-01	 1.0000e+00
8.1870e-01	 9.9993e-01	 8.1870e-01	 1.0000e+00
8.1953e-01	 9.9996e-01	 8.1953e-01	 1.0000e+00
8.2035e-01	 1.0000e+00	 8.2035e-01	 1.0001e+00
8.2118e-01	 1.0000e+00	 8.2118e-01	 1.0001e+00
8.2201e-01	 1.0001e+00	 8.2201e-01	 1.0001e+00
8.2284e-01	 1.0001e+00	 8.2284e-01	 1.0001e+00
8.2367e-01	 1.0001e+00	 8.2367e-01	 1.0002e+00
8.2450e-01	 1.0002e+00	 8.2450e-01	 1.0002e+00
8.2533e-01	 1.0002e+00	 8.2533e-01	 1.0002e+00
8.2616e-01	 1.0002e+00	 8.2616e-01	 1.0002e+00
8.2700e-01	 1.0002e+00	 8.2700e-01	 1.0002e+00
8.2783e-01	 1.0002e+00	 8.2783e-01	 1.0002e+00
8.2866e-01	 1.0002e+00	 8.2866e-01	 1.0002e+00
8.2950e-01	 1.0003e+00	 8.2950e-01	 1.0002e+00
8.3034e-01	 1.0002e+00	 8.3034e-01	 1.0002e+00
8.3117e-01	 1.0002e+00	 8.3117e-01	 1.0002e+00
8.3201e-01	 1.0002e+00	 8.3201e-01	 1.0002e+00
8.3285e-01	 1.0002e+00	 8.3285e-01	 1.0002e+00
8.3369e-01	 1.0002e+00	 8.3369e-01	 1.0002e+00
8.3453e-01	 1.0002e+00	 8.3453e-01	 1.0001e+00
8.3537e-01	 1.0001e+00	 8.3537e-01	 1.0001e+00
8.3621e-01	 1.0001e+00	 8.3621e-01	 1.0001e+00
8.3705e-01	 1.0001e+00	 8.3705e-01	 1.0000e+00
8.3789e-01	 1.0000e+00	 8.3789e-01	 1.0000e+00
8.3874e-01	 1.0000e+00	 8.3874e-01	 9.9998e-01
8.3958e-01	 1.0000e+00	 8.3958e-01	 9.9994e-01
8.4043e-01	 1.0000e+00	 8.4043e-01	 9.9990e-01
8.4127e-01	 9.9999e-01	 8.4127e-01	 9.9985e-01
8.4212e-01	 9.9997e-01	 8.4212e-01	 9.9980e-01
8.4297e-01	 9.9996e-01	 8.4297e-01	 9.9975e-01
8.4381e-01	 9.9995e-01	 8.4381e-01	 9.9970e-01
8.4466e-01	 9.9994e-01	 8.4466e-01	 9.9965e-01
8.4551e-01	 9.9995e-01	 8.4551e-01	 9.9959e-01
8.4636e-01	 9.9993e-01	 8.4636e-01	 9.9954e-01
8.4722e-01	 9.9993e-01	 8.4722e-01	 9.9950e-01
8.4807e-01	 9.9991e-01	 8.4807e-01	 9.9945e-01
8.4892e-01	 9.9989e-01	 8.4892e-01	 9.9941e-01
8.4977e-01	 9.9987e-01	 8.4977e-01	 9.9937e-01
8.5063e-01	 9.9985e-01	 8.5063e-01	 9.9934e-01
8.5148e-01	 9.9984e-01	 8.5148e-01	 9.9932e-01
8.5234e-01	 9.9982e-01	 8.5234e-01	 9.9930e-01
8.5320e-01	 9.9981e-01	 8.5320e-01	 9.9928e-01
8.5405e-01	 9.9979e-01	 8.5405e-01	 9.9927e-01
8.5491e-01	 9.9978e-01	 8.5491e-01	 9.9927e-01
8.5577e-01	 9.9976e-01	 8.5577e-01	 9.9927e-01
8.5663e-01	 9.9974e-01	 8.5663e-01	 9.9927e-01
8.5749e-01	 9.9975e-01	 8.5749e-01	 9.9929e-01
8.5835e-01	 9.9974e-01	 8.5835e-01	 9.9930e-01
8.5922e-01	 9.9974e-01	 8.5922e-01	 9.9932e-01
8.6008e-01	 9.9973e-01	 8.6008e-01	 9.9934e-01
8.6094e-01	 9.9972e-01	 8.6094e-01	 9.9937e-01
8.6181e-01	 9.9971e-01	 8.6181e-01	 9.9940e-01
8.6267e-01	 9.9970e-01	 8.6267e-01	 9.9943e-01
8.6354e-01	 9.9970e-01	 8.6354e-01	 9.9946e-01
8.6441e-01	 9.9970e-01	 8.6441e-01	 9.9950e-01
8.6528e-01	 9.9970e-01	 8.6528e-01	 9.9953e-01
8.6614e-01	 9.9969e-01	 8.6614e-01	 9.9956e-01
8.6701e-01	 9.9968e-01	 8.6701e-01	 9.9959e-01
8.6788e-01	 9.9967e-01	 8.6788e-01	 9.9961e-01
8.6876e-01	 9.9966e-01	 8.6876e-01	 9.9963e-01
8.6963e-01	 9.9966e-01	 8.6963e-01	 9.9965e-01
8.7050e-01	 9.9965e-01	 8.7050e-01	 9.9965e-01
8.7137e-01	 9.9965e-01	 8.7137e-01	 9.9966e-01
8.7225e-01	 9.9963e-01	 8.7225e-01	 9.9967e-01
8.7312e-01	 9.9962e-01	 8.7312e-01	 9.9967e-01
8.7400e-01	 9.9959e-01	 8.7400e-01	 9.9967e-01
8.7488e-01	 9.9958e-01	 8.7488e-01	 9.9967e-01
8.7575e-01	 9.9957e-01	 8.7575e-01	 9.9967e-01
8.7663e-01	 9.9954e-01	 8.7663e-01	 9.9967e-01
8.7751e-01	 9.9953e-01	 8.7751e-01	 9.9967e-01
8.7839e-01	 9.9950e-01	 8.7839e-01	 9.9968e-01
8.7927e-01	 9.9947e-01	 8.7927e-01	 9.9969e-01
8.8015e-01	 9.9944e-01	 8.8015e-01	 9.9969e-01
8.8104e-01	 9.9941e-01	 8.8104e-01	 9.9970e-01
8.8192e-01	 9.9939e-01	 8.8192e-01	 9.9971e-01
8.8280e-01	 9.9936e-01	 8.8280e-01	 9.9972e-01
8.8369e-01	 9.9933e-01	 8.8369e-01	 9.9973e-01
8.8457e-01	 9.9929e-01	 8.8457e-01	 9.9974e-01
8.8546e-01	 9.9926e-01	 8.8546e-01	 9.9975e-01
8.8635e-01	 9.9923e-01	 8.8635e-01	 9.9976e-01
8.8724e-01	 9.9921e-01	 8.8724e-01	 9.9977e-01
8.8813e-01	 9.9920e-01	 8.8813e-01	 9.9979e-01
8.8901e-01	 9.9918e-01	 8.8901e-01	 9.9980e-01
8.8991e-01	 9.9918e-01	 8.8991e-01	 9.9981e-01
8.9080e-01	 9.9915e-01	 8.9080e-01	 9.9982e-01
8.9169e-01	 9.9915e-01	 8.9169e-01	 9.9984e-01
8.9258e-01	 9.9913e-01	 8.9258e-01	 9.9985e-01
8.9348e-01	 9.9913e-01	 8.9348e-01	 9.9987e-01
8.9437e-01	 9.9914e-01	 8.9437e-01	 9.9988e-01
8.9527e-01	 9.9915e-01	 8.9527e-01	 9.9990e-01
8.9616e-01	 9.9916e-01	 8.9616e-01	 9.9990e-01
8.9706e-01	 9.9916e-01	 8.9706e-01	 9.9991e-01
8.9796e-01	 9.9918e-01	 8.9796e-01	 9.9991e-01
8.9886e-01	 9.9918e-01	 8.9886e-01	 9.9991e-01
8.9976e-01	 9.9921e-01	 8.9976e-01	 9.9990e-01
9.0066e-01	 9.9924e-01	 9.0066e-01	 9.9990e-01
9.0156e-01	 9.9926e-01	 9.0156e-01	 9.9989e-01
9.0246e-01	 9.9930e-01	 9.0246e-01	 9.9987e-01
9.0336e-01	 9.9932e-01	 9.0336e-01	 9.9986e-01
9.0427e-01	 9.9935e-01	 9.0427e-01	 9.9985e-01
9.0517e-01	 9.9938e-01	 9.0517e-01	 9.9983e-01
9.0608e-01	 9.9943e-01	 9.0608e-01	 9.9982e-01
9.0698e-01	 9.9948e-01	 9.0698e-01	 9.9980e-01
9.0789e-01	 9.9952e-01	 9.0789e-01	 9.9979e-01
9.0880e-01	 9.9958e-01	 9.0880e-01	 9.9977e-01
9.0970e-01	 9.9962e-01	 9.0970e-01	 9.9976e-01
9.1061e-01	 9.9966e-01	 9.1061e-01	 9.9975e-01
9.1152e-01	 9.9970e-01	 9.1152e-01	 9.9973e-01
9.1243e-01	 9.9974e-01	 9.1243e-01	 9.9972e-01
9.1334e-01	 9.9979e-01	 9.1334e-01	 9.9970e-01
9.1426e-01	 9.9982e-01	 9.1426e-01	 9.9969e-01
9.1517e-01	 9.9985e-01	 9.1517e-01	 9.9967e-01
9.1609e-01	 9.9985e-01	 9.1609e-01	 9.9966e-01
9.1700e-01	 9.9987e-01	 9.1700e-01	 9.9965e-01
9.1792e-01	 9.9987e-01	 9.1792e-01	 9.9963e-01
9.1883e-01	 9.9989e-01	 9.1883e-01	 9.9962e-01
9.1975e-01	 9.9990e-01	 9.1975e-01	 9.9960e-01
9.2067e-01	 9.9991e-01	 9.2067e-01	 9.9959e-01
9.2159e-01	 9.9992e-01	 9.2159e-01	 9.9958e-01
9.2251e-01	 9.9992e-01	 9.2251e-01	 9.9957e-01
9.2343e-01	 9.9995e-01	 9.2343e-01	 9.9955e-01
9.2435e-01	 9.9995e-01	 9.2435e-01	 9.9955e-01
9.2528e-01	 9.9998e-01	 9.2528e-01	 9.9954e-01
9.2620e-01	 1.0000e+00	 9.2620e-01	 9.9953e-01
9.2712e-01	 1.0000e+00	 9.2712e-01	 9.9953e-01
9.2805e-01	 1.0001e+00	 9.2805e-01	 9.9952e-01
9.2898e-01	 1.0001e+00	 9.2898e-01	 9.9952e-01
9.2990e-01	 1.0001e+00	 9.2990e-01	 9.9951e-01
9.3083e-01	 1.0001e+00	 9.3083e-01	 9.9951e-01
9.3176e-01	 1.0001e+00	 9.3176e-01	 9.9950e-01
9.3269e-01	 1.0001e+00	 9.3269e-01	 9.9950e-01
9.3362e-01	 1.0001e+00	 9.3362e-01	 9.9950e-01
9.3455e-01	 1.0001e+00	 9.3455e-01	 9.9950e-01
9.3548e-01	 1.0001e+00	 9.3548e-01	 9.9950e-01
9.3641e-01	 1.0001e+00	 9.3641e-01	 9.9950e-01
9.3735e-01	 1.0001e+00	 9.3735e-01	 9.9951e-01
9.3828e-01	 1.0001e+00	 9.3828e-01	 9.9952e-01
9.3922e-01	 1.0000e+00	 9.3922e-01	 9.9953e-01
9.4016e-01	 1.0000e+00	 9.4016e-01	 9.9954e-01
9.4109e-01	 1.0000e+00	 9.4109e-01	 9.9955e-01
9.4203e-01	 1.0000e+00	 9.4203e-01	 9.9957e-01
9.4297e-01	 9.9999e-01	 9.4297e-01	 9.9959e-01
9.4391e-01	 9.9996e-01	 9.4391e-01	 9.9960e-01
9.4485e-01	 9.9996e-01	 9.4485e-01	 9.9962e-01
9.4579e-01	 9.9995e-01	 9.4579e-01	 9.9965e-01
9.4674e-01	 9.9995e-01	 9.4674e-01	 9.9967e-01
9.4768e-01	 9.9995e-01	 9.4768e-01	 9.9970e-01
9.4862e-01	 9.9994e-01	 9.4862e-01	 9.9974e-01
9.4957e-01	 9.9994e-01	 9.4957e-01	 9.9977e-01
9.5051e-01	 9.9994e-01	 9.5051e-01	 9.9980e-01
9.5146e-01	 9.9996e-01	 9.5146e-01	 9.9983e-01
9.5241e-01	 9.9996e-01	 9.5241e-01	 9.9986e-01
9.5336e-01	 9.9998e-01	 9.5336e-01	 9.9989e-01
9.5431e-01	 9.9999e-01	 9.5431e-01	 9.9991e-01
9.5526e-01	 9.9998e-01	 9.5526e-01	 9.9993e-01
9.5621e-01	 9.9999e-01	 9.5621e-01	 9.9995e-01
9.5716e-01	 9.9997e-01	 9.5716e-01	 9.9998e-01
9.5812e-01	 9.9999e-01	 9.5812e-01	 9.9999e-01
9.5907e-01	 9.9998e-01	 9.5907e-01	 1.0000e+00
9.6003e-01	 9.9998e-01	 9.6003e-01	 1.0000e+00
9.6098e-01	 9.9998e-01	 9.6098e-01	 1.0000e+00
9.6194e-01	 9.9996e-01	 9.6194e-01	 1.0001e+00
9.6290e-01	 9.9996e-01	 9.6290e-01	 1.0001e+00
9.6386e-01	 9.9995e-01	 9.6386e-01	 1.0001e+00
9.6481e-01	 9.9996e-01	 9.6481e-01	 1.0001e+00
9.6577e-01	 9.9995e-01	 9.6577e-01	 1.0001e+00
9.6674e-01	 9.9995e-01	 9.6674e-01	 1.0001e+00
9.6770e-01	 9.9995e-01	 9.6770e-01	 1.0001e+00
9.6866e-01	 9.9992e-01	 9.6866e-01	 1.0001e+00
9.6963e-01	 9.9992e-01	 9.6963e-01	 1.0001e+00
9.7059e-01	 9.9989e-01	 9.7059e-01	 1.0001e+00
9.7156e-01	 9.9989e-01	 9.7156e-01	 1.0001e+00
9.7252e-01	 9.9986e-01	 9.7252e-01	 1.0001e+00
9.7349e-01	 9.9985e-01	 9.7349e-01	 1.0000e+00
9.7446e-01	 9.9982e-01	 9.7446e-01	 1.0000e+00
9.7543e-01	 9.9978e-01	 9.7543e-01	 1.0000e+00
9.7640e-01	 9.9975e-01	 9.7640e-01	 9.9999e-01
9.7737e-01	 9.9971e-01	 9.7737e-01	 9.9997e-01
9.7834e-01	 9.9969e-01	 9.7834e-01	 9.9995e-01
9.7932e-01	 9.9965e-01	 9.7932e-01	 9.9994e-01
9.8029e-01	 9.9962e-01	 9.8029e-01	 9.9992e-01
9.8126e-01	 9.9959e-01	 9.8126e-01	 9.9990e-01
9.8224e-01	 9.9955e-01	 9.8224e-01	 9.9989e-01
9.8321e-01	 9.9952e-01	 9.8321e-01	 9.9987e-01
9.8419e-01	 9.9949e-01	 9.8419e-01	 9.9987e-01
9.8517e-01	 9.9947e-01	 9.8517e-01	 9.9986e-01
9.8615e-01	 9.9945e-01	 9.8615e-01	 9.9986e-01
9.8713e-01	 9.9943e-01	 9.8713e-01	 9.9986e-01
9.8811e-01	 9.9941e-01	 9.8811e-01	 9.9987e-01
9.8909e-01	 9.9938e-01	 9.8909e-01	 9.9989e-01
9.9007e-01	 9.9936e-01	 9.9007e-01	 9.9991e-01
9.9106e-01	 9.9934e-01	 9.9106e-01	 9.9994e-01
9.9204e-01	 9.9934e-01	 9.9204e-01	 9.9997e-01
9.9303e-01	 9.9933e-01	 9.9303e-01	 1.0000e+00
9.9401e-01	 9.9933e-01	 9.9401e-01	 1.0000e+00
9.9500e-01	 9.9933e-01	 9.9500e-01	 1.0001e+00
9.9598e-01	 9.9932e-01	 9.9598e-01	 1.0001e+00
9.9697e-01	 9.9933e-01	 9.9697e-01	 1.0002e+00
9.9796e-01	 9.9933e-01	 9.9796e-01	 1.0002e+00
9.9895e-01	 9.9936e-01	 9.9895e-01	 1.0003e+00
9.9994e-01	 9.9938e-01	 9.9994e-01	 1.0003e+00
1.0009e+00	 9.9942e-01	 1.0009e+00	 1.0004e+00
1.0019e+00	 9.9946e-01	 1.0019e+00	 1.0004e+00
1.0029e+00	 9.9950e-01	 1.0029e+00	 1.0005e+00
1.0039e+00	 9.9955e-01	 1.0039e+00	 1.0005e+00
1.0049e+00	 9.9960e-01	 1.0049e+00	 1.0006e+00
1.0059e+00	 9.9967e-01	 1.0059e+00	 1.0006e+00
1.0069e+00	 9.9973e-01	 1.0069e+00	 1.0006e+00
1.0079e+00	 9.9980e-01	 1.0079e+00	 1.0007e+00
1.0089e+00	 9.9985e-01	 1.0089e+00	 1.0007e+00
1.0099e+00	 9.9990e-01	 1.0099e+00	 1.0007e+00
1.0109e+00	 9.9996e-01	 1.0109e+00	 1.0007e+00
1.0119e+00	 1.0000e+00	 1.0119e+00	 1.0007e+00
1.0129e+00	 1.0001e+00	 1.0129e+00	 1.0007e+00
1.0139e+00	 1.0001e+00	 1.0139e+00	 1.0007e+00
1.0149e+00	 1.0001e+00	 1.0149e+00	 1.0007e+00
1.0159e+00	 1.0002e+00	 1.0159e+00	 1.0007e+00
1.0169e+00	 1.0002e+00	 1.0169e+00	 1.0007e+00
1.0179e+00	 1.0002e+00	 1.0179e+00	 1.0007e+00
1.0190e+00	 1.0002e+00	 1.0190e+00	 1.0007e+00
1.0200e+00	 1.0002e+00	 1.0200e+00	 1.0006e+00
1.0210e+00	 1.0002e+00	 1.0210e+00	 1.0006e+00
1.0220e+00	 1.0002e+00	 1.0220e+00	 1.0006e+00
1.0230e+00	 1.0002e+00	 1.0230e+00	 1.0005e+00
1.0240e+00	 1.0001e+00	 1.0240e+00	 1.0005e+00
1.0250e+00	 1.0001e+00	 1.0250e+00	 1.0005e+00
1.0260e+00	 1.0000e+00	 1.0260e+00	 1.0004e+00
1.0271e+00	 1.0000e+00	 1.0271e+00	 1.0004e+00
1.0281e+00	 9.9997e-01	 1.0281e+00	 1.0003e+00
1.0291e+00	 9.9993e-01	 1.0291e+00	 1.0003e+00
1.0301e+00	 9.9987e-01	 1.0301e+00	 1.0003e+00
1.0311e+00	 9.9982e-01	 1.0311e+00	 1.0002e+00
1.0321e+00	 9.9978e-01	 1.0321e+00	 1.0002e+00
1.0332e+00	 9.9974e-01	 1.0332e+00	 1.0002e+00
1.0342e+00	 9.9972e-01	 1.0342e+00	 1.0002e+00
1.0352e+00	 9.9969e-01	 1.0352e+00	 1.0002e+00
1.0362e+00	 9.9967e-01	 1.0362e+00	 1.0001e+00
1.0373e+00	 9.9964e-01	 1.0373e+00	 1.0001e+00
1.0383e+00	 9.9963e-01	 1.0383e+00	 1.0001e+00
1.0393e+00	 9.9962e-01	 1.0393e+00	 1.0001e+00
1.0403e+00	 9.9960e-01	 1.0403e+00	 1.0001e+00
1.0414e+00	 9.9961e-01	 1.0414e+00	 1.0001e+00
1.0424e+00	 9.9960e-01	 1.0424e+00	 1.0001e+00
1.0434e+00	 9.9959e-01	 1.0434e+00	 1.0001e+00
1.0445e+00	 9.9957e-01	 1.0445e+00	 1.0001e+00
1.0455e+00	 9.9956e-01	 1.0455e+00	 1.0001e+00
1.0465e+00	 9.9955e-01	 1.0465e+00	 1.0000e+00
1.0476e+00	 9.9955e-01	 1.0476e+00	 1.0000e+00
1.0486e+00	 9.9956e-01	 1.0486e+00	 9.9998e-01
1.0496e+00	 9.9955e-01	 1.0496e+00	 9.9995e-01
1.0507e+00	 9.9957e-01	 1.0507e+00	 9.9992e-01
1.0517e+00	 9.9958e-01	 1.0517e+00	 9.9988e-01
1.0528e+00	 9.9959e-01	 1.0528e+00	 9.9985e-01
1.0538e+00	 9.9962e-01	 1.0538e+00	 9.9981e-01
1.0548e+00	 9.9964e-01	 1.0548e+00	 9.9977e-01
1.0559e+00	 9.9969e-01	 1.0559e+00	 9.9974e-01
1.0569e+00	 9.9971e-01	 1.0569e+00	 9.9970e-01
1.0580e+00	 9.9975e-01	 1.0580e+00	 9.9966e-01
1.0590e+00	 9.9977e-01	 1.0590e+00	 9.9962e-01
1.0600e+00	 9.9980e-01	 1.0600e+00	 9.9958e-01
1.0611e+00	 9.9981e-01	 1.0611e+00	 9.9955e-01
1.0621e+00	 9.9984e-01	 1.0621e+00	 9.9950e-01
1.0632e+00	 9.9987e-01	 1.0632e+00	 9.9947e-01
1.0642e+00	 9.9988e-01	 1.0642e+00	 9.9942e-01
1.0653e+00	 9.9991e-01	 1.0653e+00	 9.9939e-01
1.0663e+00	 9.9991e-01	 1.0663e+00	 9.9935e-01
1.0674e+00	 9.9994e-01	 1.0674e+00	 9.9932e-01
1.0684e+00	 9.9995e-01	 1.0684e+00	 9.9928e-01
1.0695e+00	 9.9998e-01	 1.0695e+00	 9.9925e-01
1.0706e+00	 1.0000e+00	 1.0706e+00	 9.9923e-01
1.0716e+00	 1.0000e+00	 1.0716e+00	 9.9920e-01
1.0727e+00	 1.0001e+00	 1.0727e+00	 9.9918e-01
1.0737e+00	 1.0001e+00	 1.0737e+00	 9.9917e-01
1.0748e+00	 1.0001e+00	 1.0748e+00	 9.9916e-01
1.0759e+00	 1.0001e+00	 1.0759e+00	 9.9915e-01
1.0769e+00	 1.0001e+00	 1.0769e+00	 9.9915e-01
1.0780e+00	 1.0002e+00	 1.0780e+00	 9.9916e-01
1.0791e+00	 1.0002e+00	 1.0791e+00	 9.9917e-01
1.0801e+00	 1.0002e+00	 1.0801e+00	 9.9919e-01
1.0812e+00	 1.0002e+00	 1.0812e+00	 9.9922e-01
1.0822e+00	 1.0002e+00	 1.0822e+00	 9.9924e-01
1.0833e+00	 1.0001e+00	 1.0833e+00	 9.9927e-01
1.0844e+00	 1.0001e+00	 1.0844e+00	 9.9931e-01
1.0855e+00	 1.0002e+00	 1.0855e+00	 9.9935e-01
1.0865e+00	 1.0001e+00	 1.0865e+00	 9.9940e-01
1.0876e+00	 1.0001e+00	 1.0876e+00	 9.9944e-01
1.0887e+00	 1.0001e+00	 1.0887e+00	 9.9949e-01
1.0897e+00	 1.0001e+00	 1.0897e+00	 9.9954e-01
1.0908e+00	 1.0001e+00	 1.0908e+00	 9.9958e-01
1.0919e+00	 1.0001e+00	 1.0919e+00	 9.9963e-01
1.0930e+00	 1.0000e+00	 1.0930e+00	 9.9967e-01
1.0940e+00	 1.0000e+00	 1.0940e+00	 9.9972e-01
1.0951e+00	 1.0000e+00	 1.0951e+00	 9.9977e-01
1.0962e+00	 9.9996e-01	 1.0962e+00	 9.9982e-01
1.0973e+00	 9.9995e-01	 1.0973e+00	 9.9987e-01
1.0984e+00	 9.9992e-01	 1.0984e+00	 9.9993e-01
1.0995e+00	 9.9992e-01	 1.0995e+00	 9.9998e-01
1.1005e+00	 9.9991e-01	 1.1005e+00	 1.0000e+00
1.1016e+00	 9.9990e-01	 1.1016e+00	 1.0001e+00
1.1027e+00	 9.9990e-01	 1.1027e+00	 1.0002e+00
1.1038e+00	 9.9987e-01	 1.1038e+00	 1.0002e+00
1.1049e+00	 9.9985e-01	 1.1049e+00	 1.0002e+00
1.1060e+00	 9.9982e-01	 1.1060e+00	 1.0003e+00
1.1071e+00	 9.9980e-01	 1.1071e+00	 1.0003e+00
1.1081e+00	 9.9978e-01	 1.1081e+00	 1.0003e+00
1.1092e+00	 9.9975e-01	 1.1092e+00	 1.0003e+00
1.1103e+00	 9.9971e-01	 1.1103e+00	 1.0003e+00
1.1114e+00	 9.9966e-01	 1.1114e+00	 1.0003e+00
1.1125e+00	 9.9963e-01	 1.1125e+00	 1.0003e+00
1.1136e+00	 9.9959e-01	 1.1136e+00	 1.0003e+00
1.1147e+00	 9.9957e-01	 1.1147e+00	 1.0003e+00
1.1158e+00	 9.9954e-01	 1.1158e+00	 1.0002e+00
1.1169e+00	 9.9953e-01	 1.1169e+00	 1.0002e+00
1.1180e+00	 9.9952e-01	 1.1180e+00	 1.0002e+00
1.1191e+00	 9.9950e-01	 1.1191e+00	 1.0001e+00
1.1202e+00	 9.9952e-01	 1.1202e+00	 1.0001e+00
1.1213e+00	 9.9953e-01	 1.1213e+00	 1.0000e+00
1.1224e+00	 9.9956e-01	 1.1224e+00	 9.9999e-01
1.1235e+00	 9.9960e-01	 1.1235e+00	 9.9995e-01
1.1246e+00	 9.9964e-01	 1.1246e+00	 9.9993e-01
1.1257e+00	 9.9969e-01	 1.1257e+00	 9.9991e-01
1.1268e+00	 9.9972e-01	 1.1268e+00	 9.9989e-01
1.1280e+00	 9.9977e-01	 1.1280e+00	 9.9988e-01
1.1291e+00	 9.9981e-01	 1.1291e+00	 9.9988e-01
1.1302e+00	 9.9986e-01	 1.1302e+00	 9.9988e-01
1.1313e+00	 9.9991e-01	 1.1313e+00	 9.9989e-01
1.1324e+00	 9.9995e-01	 1.1324e+00	 9.9990e-01
1.1335e+00	 9.9998e-01	 1.1335e+00	 9.9990e-01
1.1346e+00	 1.0000e+00	 1.1346e+00	 9.9991e-01
1.1357e+00	 1.0000e+00	 1.1357e+00	 9.9991e-01
1.1368e+00	 1.0000e+00	 1.1368e+00	 9.9991e-01
1.1380e+00	 1.0001e+00	 1.1380e+00	 9.9991e-01
1.1391e+00	 1.0001e+00	 1.1391e+00	 9.9991e-01
1.1402e+00	 1.0001e+00	 1.1402e+00	 9.9990e-01
1.1413e+00	 1.0001e+00	 1.1413e+00	 9.9990e-01
1.1424e+00	 1.0001e+00	 1.1424e+00	 9.9988e-01
1.1436e+00	 1.0001e+00	 1.1436e+00	 9.9987e-01
1.1447e+00	 1.0001e+00	 1.1447e+00	 9.9985e-01
1.1458e+00	 1.0001e+00	 1.1458e+00	 9.9983e-01
1.1469e+00	 1.0001e+00	 1.1469e+00	 9.9980e-01
1.1481e+00	 1.0001e+00	 1.1481e+00	 9.9978e-01
1.1492e+00	 1.0000e+00	 1.1492e+00	 9.9975e-01
1.1503e+00	 1.0000e+00	 1.1503e+00	 9.9972e-01
1.1515e+00	 1.0000e+00	 1.1515e+00	 9.9970e-01
1.1526e+00	 9.9999e-01	 1.1526e+00	 9.9967e-01
1.1537e+00	 9.9998e-01	 1.1537e+00	 9.9965e-01
1.1548e+00	 9.9996e-01	 1.1548e+00	 9.9964e-01
1.1560e+00	 9.9995e-01	 1.1560e+00	 9.9962e-01
1.1571e+00	 9.9994e-01	 1.1571e+00	 9.9961e-01
1.1583e+00	 9.9991e-01	 1.1583e+00	 9.9960e-01
1.1594e+00	 9.9991e-01	 1.1594e+00	 9.9960e-01
1.1605e+00	 9.9989e-01	 1.1605e+00	 9.9960e-01
1.1617e+00	 9.9990e-01	 1.1617e+00	 9.9960e-01
1.1628e+00	 9.9989e-01	 1.1628e+00	 9.9960e-01
1.1640e+00	 9.9989e-01	 1.1640e+00	 9.9960e-01
1.1651e+00	 9.9989e-01	 1.1651e+00	 9.9961e-01
1.1662e+00	 9.9988e-01	 1.1662e+00	 9.9962e-01
1.1674e+00	 9.9988e-01	 1.1674e+00	 9.9963e-01
1.1685e+00	 9.9987e-01	 1.1685e+00	 9.9964e-01
1.1697e+00	 9.9989e-01	 1.1697e+00	 9.9965e-01
1.1708e+00	 9.9989e-01	 1.1708e+00	 9.9966e-01
1.1720e+00	 9.9990e-01	 1.1720e+00	 9.9967e-01
1.1731e+00	 9.9991e-01	 1.1731e+00	 9.9969e-01
1.1743e+00	 9.9991e-01	 1.1743e+00	 9.9970e-01
1.1754e+00	 9.9993e-01	 1.1754e+00	 9.9972e-01
1.1766e+00	 9.9994e-01	 1.1766e+00	 9.9973e-01
1.1777e+00	 9.9997e-01	 1.1777e+00	 9.9975e-01
1.1789e+00	 9.9999e-01	 1.1789e+00	 9.9976e-01
1.1800e+00	 1.0000e+00	 1.1800e+00	 9.9977e-01
1.1812e+00	 1.0000e+00	 1.1812e+00	 9.9979e-01
1.1824e+00	 1.0001e+00	 1.1824e+00	 9.9979e-01
1.1835e+00	 1.0001e+00	 1.1835e+00	 9.9980e-01
1.1847e+00	 1.0001e+00	 1.1847e+00	 9.9980e-01
1.1858e+00	 1.0001e+00	 1.1858e+00	 9.9980e-01
1.1870e+00	 1.0002e+00	 1.1870e+00	 9.9979e-01
1.1882e+00	 1.0002e+00	 1.1882e+00	 9.9979e-01
1.1893e+00	 1.0002e+00	 1.1893e+00	 9.9978e-01
1.1905e+00	 1.0002e+00	 1.1905e+00	 9.9978e-01
1.1917e+00	 1.0002e+00	 1.1917e+00	 9.9977e-01
1.1928e+00	 1.0002e+00	 1.1928e+00	 9.9977e-01
1.1940e+00	 1.0002e+00	 1.1940e+00	 9.9976e-01
1.1952e+00	 1.0002e+00	 1.1952e+00	 9.9976e-01
1.1963e+00	 1.0002e+00	 1.1963e+00	 9.9976e-01
1.1975e+00	 1.0002e+00	 1.1975e+00	 9.9976e-01
1.1987e+00	 1.0002e+00	 1.1987e+00	 9.9976e-01
1.1999e+00	 1.0002e+00	 1.1999e+00	 9.9976e-01
1.2010e+00	 1.0002e+00	 1.2010e+00	 9.9977e-01
1.2022e+00	 1.0002e+00	 1.2022e+00	 9.9977e-01
1.2034e+00	 1.0002e+00	 1.2034e+00	 9.9977e-01
1.2046e+00	 1.0002e+00	 1.2046e+00	 9.9978e-01
1.2058e+00	 1.0001e+00	 1.2058e+00	 9.9978e-01
1.2069e+00	 1.0001e+00	 1.2069e+00	 9.9978e-01
1.2081e+00	 1.0001e+00	 1.2081e+00	 9.9979e-01
1.2093e+00	 1.0000e+00	 1.2093e+00	 9.9979e-01
1.2105e+00	 1.0000e+00	 1.2105e+00	 9.9980e-01
1.2117e+00	 9.9998e-01	 1.2117e+00	 9.9980e-01
1.2128e+00	 9.9996e-01	 1.2128e+00	 9.9981e-01
1.2140e+00	 9.9992e-01	 1.2140e+00	 9.9982e-01
1.2152e+00	 9.9988e-01	 1.2152e+00	 9.9984e-01
1.2164e+00	 9.9985e-01	 1.2164e+00	 9.9985e-01
1.2176e+00	 9.9982e-01	 1.2176e+00	 9.9986e-01
1.2188e+00	 9.9981e-01	 1.2188e+00	 9.9988e-01
1.2200e+00	 9.9979e-01	 1.2200e+00	 9.9990e-01
1.2212e+00	 9.9978e-01	 1.2212e+00	 9.9992e-01
1.2224e+00	 9.9976e-01	 1.2224e+00	 9.9994e-01
1.2236e+00	 9.9975e-01	 1.2236e+00	 9.9997e-01
1.2248e+00	 9.9975e-01	 1.2248e+00	 9.9999e-01
1.2260e+00	 9.9974e-01	 1.2260e+00	 1.0000e+00
1.2272e+00	 9.9976e-01	 1.2272e+00	 1.0000e+00
1.2284e+00	 9.9976e-01	 1.2284e+00	 1.0001e+00
1.2296e+00	 9.9978e-01	 1.2296e+00	 1.0001e+00
1.2308e+00	 9.9979e-01	 1.2308e+00	 1.0001e+00
1.2320e+00	 9.9980e-01	 1.2320e+00	 1.0002e+00
1.2332e+00	 9.9982e-01	 1.2332e+00	 1.0002e+00
1.2344e+00	 9.9984e-01	 1.2344e+00	 1.0002e+00
1.2356e+00	 9.9987e-01	 1.2356e+00	 1.0003e+00
1.2368e+00	 9.9989e-01	 1.2368e+00	 1.0003e+00
1.2380e+00	 9.9991e-01	 1.2380e+00	 1.0003e+00
1.2392e+00	 9.9992e-01	 1.2392e+00	 1.0004e+00
1.2404e+00	 9.9994e-01	 1.2404e+00	 1.0004e+00
1.2416e+00	 9.9996e-01	 1.2416e+00	 1.0004e+00
1.2429e+00	 9.9997e-01	 1.2429e+00	 1.0004e+00
1.2441e+00	 1.0000e+00	 1.2441e+00	 1.0004e+00
1.2453e+00	 1.0000e+00	 1.2453e+00	 1.0004e+00
1.2465e+00	 1.0000e+00	 1.2465e+00	 1.0004e+00
1.2477e+00	 1.0000e+00	 1.2477e+00	 1.0004e+00
1.2489e+00	 1.0000e+00	 1.2489e+00	 1.0004e+00
1.2502e+00	 1.0000e+00	 1.2502e+00	 1.0003e+00
1.2514e+00	 1.0001e+00	 1.2514e+00	 1.0003e+00
1.2526e+00	 1.0001e+00	 1.2526e+00	 1.0002e+00
1.2538e+00	 1.0001e+00	 1.2538e+00	 1.0002e+00
1.2551e+00	 1.0001e+00	 1.2551e+00	 1.0001e+00
1.2563e+00	 1.0001e+00	 1.2563e+00	 1.0001e+00
1.2575e+00	 1.0001e+00	 1.2575e+00	 1.0000e+00
1.2587e+00	 1.0001e+00	 1.2587e+00	 9.9997e-01
1.2600e+00	 1.0002e+00	 1.2600e+00	 9.9992e-01
1.2612e+00	 1.0002e+00	 1.2612e+00	 9.9987e-01
1.2624e+00	 1.0002e+00	 1.2624e+00	 9.9982e-01
1.2637e+00	 1.0002e+00	 1.2637e+00	 9.9978e-01
1.2649e+00	 1.0002e+00	 1.2649e+00	 9.9974e-01
1.2661e+00	 1.0002e+00	 1.2661e+00	 9.9971e-01
1.2674e+00	 1.0002e+00	 1.2674e+00	 9.9968e-01
1.2686e+00	 1.0002e+00	 1.2686e+00	 9.9965e-01
1.2698e+00	 1.0002e+00	 1.2698e+00	 9.9963e-01
1.2711e+00	 1.0002e+00	 1.2711e+00	 9.9962e-01
1.2723e+00	 1.0002e+00	 1.2723e+00	 9.9960e-01
1.2736e+00	 1.0002e+00	 1.2736e+00	 9.9960e-01
1.2748e+00	 1.0001e+00	 1.2748e+00	 9.9960e-01
1.2761e+00	 1.0001e+00	 1.2761e+00	 9.9960e-01
1.2773e+00	 1.0001e+00	 1.2773e+00	 9.9960e-01
1.2786e+00	 1.0000e+00	 1.2786e+00	 9.9962e-01
1.2798e+00	 9.9999e-01	 1.2798e+00	 9.9962e-01
1.2811e+00	 9.9996e-01	 1.2811e+00	 9.9964e-01
1.2823e+00	 9.9992e-01	 1.2823e+00	 9.9966e-01
1.2835e+00	 9.9989e-01	 1.2835e+00	 9.9967e-01
1.2848e+00	 9.9986e-01	 1.2848e+00	 9.9970e-01
1.2860e+00	 9.9984e-01	 1.2860e+00	 9.9973e-01
1.2873e+00	 9.9983e-01	 1.2873e+00	 9.9976e-01
1.2886e+00	 9.9981e-01	 1.2886e+00	 9.9980e-01
1.2898e+00	 9.9981e-01	 1.2898e+00	 9.9983e-01
1.2911e+00	 9.9979e-01	 1.2911e+00	 9.9987e-01
1.2923e+00	 9.9979e-01	 1.2923e+00	 9.9991e-01
1.2936e+00	 9.9978e-01	 1.2936e+00	 9.9995e-01
1.2949e+00	 9.9978e-01	 1.2949e+00	 9.9999e-01
1.2961e+00	 9.9980e-01	 1.2961e+00	 1.0000e+00
1.2974e+00	 9.9980e-01	 1.2974e+00	 1.0001e+00
1.2987e+00	 9.9981e-01	 1.2987e+00	 1.0001e+00
1.2999e+00	 9.9981e-01	 1.2999e+00	 1.0001e+00
1.3012e+00	 9.9982e-01	 1.3012e+00	 1.0001e+00
1.3025e+00	 9.9982e-01	 1.3025e+00	 1.0002e+00
1.3037e+00	 9.9984e-01	 1.3037e+00	 1.0002e+00
1.3050e+00	 9.9985e-01	 1.3050e+00	 1.0002e+00
1.3063e+00	 9.9985e-01	 1.3063e+00	 1.0002e+00
1.3075e+00	 9.9986e-01	 1.3075e+00	 1.0002e+00
1.3088e+00	 9.9984e-01	 1.3088e+00	 1.0002e+00
1.3101e+00	 9.9983e-01	 1.3101e+00	 1.0002e+00
1.3114e+00	 9.9981e-01	 1.3114e+00	 1.0003e+00
1.3126e+00	 9.9980e-01	 1.3126e+00	 1.0003e+00
1.3139e+00	 9.9979e-01	 1.3139e+00	 1.0003e+00
1.3152e+00	 9.9977e-01	 1.3152e+00	 1.0003e+00
1.3165e+00	 9.9975e-01	 1.3165e+00	 1.0003e+00
1.3177e+00	 9.9972e-01	 1.3177e+00	 1.0003e+00
1.3190e+00	 9.9970e-01	 1.3190e+00	 1.0003e+00
1.3203e+00	 9.9968e-01	 1.3203e+00	 1.0003e+00
1.3216e+00	 9.9968e-01	 1.3216e+00	 1.0003e+00
1.3229e+00	 9.9968e-01	 1.3229e+00	 1.0003e+00
1.3242e+00	 9.9968e-01	 1.3242e+00	 1.0003e+00
1.3255e+00	 9.9969e-01	 1.3255e+00	 1.0002e+00
1.3268e+00	 9.9969e-01	 1.3268e+00	 1.0002e+00
1.3280e+00	 9.9970e-01	 1.3280e+00	 1.0002e+00
1.3293e+00	 9.9971e-01	 1.3293e+00	 1.0002e+00
1.3306e+00	 9.9974e-01	 1.3306e+00	 1.0002e+00
1.3319e+00	 9.9976e-01	 1.3319e+00	 1.0002e+00
1.3332e+00	 9.9978e-01	 1.3332e+00	 1.0002e+00
1.3345e+00	 9.9980e-01	 1.3345e+00	 1.0002e+00
1.3358e+00	 9.9981e-01	 1.3358e+00	 1.0002e+00
1.3371e+00	 9.9984e-01	 1.3371e+00	 1.0002e+00
1.3384e+00	 9.9986e-01	 1.3384e+00	 1.0002e+00
1.3397e+00	 9.9991e-01	 1.3397e+00	 1.0002e+00
1.3410e+00	 9.9995e-01	 1.3410e+00	 1.0002e+00
1.3423e+00	 9.9998e-01	 1.3423e+00	 1.0001e+00
1.3436e+00	 1.0000e+00	 1.3436e+00	 1.0001e+00
1.3449e+00	 1.0000e+00	 1.3449e+00	 1.0001e+00
1.3462e+00	 1.0001e+00	 1.3462e+00	 1.0001e+00
1.3476e+00	 1.0001e+00	 1.3476e+00	 1.0000e+00
1.3489e+00	 1.0001e+00	 1.3489e+00	 1.0000e+00
1.3502e+00	 1.0002e+00	 1.3502e+00	 9.9997e-01
1.3515e+00	 1.0002e+00	 1.3515e+00	 9.9994e-01
1.3528e+00	 1.0002e+00	 1.3528e+00	 9.9990e-01
1.3541e+00	 1.0002e+00	 1.3541e+00	 9.9987e-01
1.3554e+00	 1.0002e+00	 1.3554e+00	 9.9983e-01
1.3568e+00	 1.0002e+00	 1.3568e+00	 9.9979e-01
1.3581e+00	 1.0002e+00	 1.3581e+00	 9.9975e-01
1.3594e+00	 1.0002e+00	 1.3594e+00	 9.9971e-01
1.3607e+00	 1.0002e+00	 1.3607e+00	 9.9966e-01
1.3620e+00	 1.0002e+00	 1.3620e+00	 9.9962e-01
1.3634e+00	 1.0001e+00	 1.3634e+00	 9.9958e-01
1.3647e+00	 1.0001e+00	 1.3647e+00	 9.9955e-01
1.3660e+00	 1.0001e+00	 1.3660e+00	 9.9951e-01
1.3674e+00	 1.0001e+00	 1.3674e+00	 9.9949e-01
1.3687e+00	 1.0001e+00	 1.3687e+00	 9.9947e-01
1.3700e+00	 1.0001e+00	 1.3700e+00	 9.9946e-01
1.3713e+00	 1.0001e+00	 1.3713e+00	 9.9946e-01
1.3727e+00	 1.0001e+00	 1.3727e+00	 9.9946e-01
1.3740e+00	 1.0001e+00	 1.3740e+00	 9.9947e-01
1.3753e+00	 1.0001e+00	 1.3753e+00	 9.9948e-01
1.3767e+00	 1.0002e+00	 1.3767e+00	 9.9950e-01
1.3780e+00	 1.0002e+00	 1.3780e+00	 9.9952e-01
1.3794e+00	 1.0002e+00	 1.3794e+00	 9.9954e-01
1.3807e+00	 1.0002e+00	 1.3807e+00	 9.9957e-01
1.3820e+00	 1.0002e+00	 1.3820e+00	 9.9959e-01
1.3834e+00	 1.0002e+00	 1.3834e+00	 9.9960e-01
1.3847e+00	 1.0002e+00	 1.3847e+00	 9.9962e-01
1.3861e+00	 1.0002e+00	 1.3861e+00	 9.9963e-01
1.3874e+00	 1.0002e+00	 1.3874e+00	 9.9963e-01
1.3888e+00	 1.0002e+00	 1.3888e+00	 9.9963e-01
1.3901e+00	 1.0002e+00	 1.3901e+00	 9.9962e-01
1.3915e+00	 1.0002e+00	 1.3915e+00	 9.9961e-01
1.3928e+00	 1.0002e+00	 1.3928e+00	 9.9959e-01
1.3942e+00	 1.0002e+00	 1.3942e+00	 9.9957e-01
1.3955e+00	 1.0002e+00	 1.3955e+00	 9.9955e-01
1.3969e+00	 1.0002e+00	 1.3969e+00	 9.9953e-01
1.3982e+00	 1.0001e+00	 1.3982e+00	 9.9951e-01
1.3996e+00	 1.0001e+00	 1.3996e+00	 9.9949e-01
1.4009e+00	 1.0001e+00	 1.4009e+00	 9.9947e-01
1.4023e+00	 1.0001e+00	 1.4023e+00	 9.9947e-01
1.4037e+00	 1.0001e+00	 1.4037e+00	 9.9946e-01
1.4050e+00	 1.0001e+00	 1.4050e+00	 9.9946e-01
1.4064e+00	 1.0001e+00	 1.4064e+00	 9.9946e-01
1.4078e+00	 1.0001e+00	 1.4078e+00	 9.9946e-01
1.4091e+00	 1.0000e+00	 1.4091e+00	 9.9947e-01
1.4105e+00	 1.0000e+00	 1.4105e+00	 9.9947e-01
1.4119e+00	 1.0000e+00	 1.4119e+00	 9.9947e-01
1.4132e+00	 1.0000e+00	 1.4132e+00	 9.9947e-01
1.4146e+00	 1.0000e+00	 1.4146e+00	 9.9946e-01
1.4160e+00	 1.0000e+00	 1.4160e+00	 9.9945e-01
1.4173e+00	 1.0000e+00	 1.4173e+00	 9.9944e-01
1.4187e+00	 1.0000e+00	 1.4187e+00	 9.9942e-01
1.4201e+00	 1.0000e+00	 1.4201e+00	 9.9941e-01
1.4215e+00	 1.0000e+00	 1.4215e+00	 9.9939e-01
1.4228e+00	 1.0000e+00	 1.4228e+00	 9.9937e-01
1.4242e+00	 1.0001e+00	 1.4242e+00	 9.9935e-01
1.4256e+00	 1.0001e+00	 1.4256e+00	 9.9934e-01
1.4270e+00	 1.0001e+00	 1.4270e+00	 9.9932e-01
1.4284e+00	 1.0001e+00	 1.4284e+00	 9.9931e-01
1.4297e+00	 1.0001e+00	 1.4297e+00	 9.9930e-01
1.4311e+00	 1.0001e+00	 1.4311e+00	 9.9930e-01
1.4325e+00	 1.0001e+00	 1.4325e+00	 9.9929e-01
1.4339e+00	 1.0001e+00	 1.4339e+00	 9.9929e-01
1.4353e+00	 1.0001e+00	 1.4353e+00	 9.9929e-01
1.4367e+00	 1.0001e+00	 1.4367e+00	 9.9929e-01
1.4381e+00	 1.0001e+00	 1.4381e+00	 9.9929e-01
1.4395e+00	 1.0000e+00	 1.4395e+00	 9.9930e-01
1.4409e+00	 1.0000e+00	 1.4409e+00	 9.9931e-01
1.4423e+00	 1.0000e+00	 1.4423e+00	 9.9932e-01
1.4437e+00	 1.0000e+00	 1.4437e+00	 9.9933e-01
1.4450e+00	 1.0000e+00	 1.4450e+00	 9.9935e-01
1.4465e+00	 1.0000e+00	 1.4465e+00	 9.9937e-01
1.4479e+00	 1.0000e+00	 1.4479e+00	 9.9940e-01
1.4493e+00	 1.0000e+00	 1.4493e+00	 9.9942e-01
1.4507e+00	 1.0000e+00	 1.4507e+00	 9.9945e-01
1.4521e+00	 1.0000e+00	 1.4521e+00	 9.9948e-01
1.4535e+00	 1.0001e+00	 1.4535e+00	 9.9951e-01
1.4549e+00	 1.0001e+00	 1.4549e+00	 9.9953e-01
1.4563e+00	 1.0001e+00	 1.4563e+00	 9.9956e-01
1.4577e+00	 1.0001e+00	 1.4577e+00	 9.9958e-01
1.4591e+00	 1.0001e+00	 1.4591e+00	 9.9960e-01
1.4605e+00	 1.0001e+00	 1.4605e+00	 9.9962e-01
1.4619e+00	 1.0001e+00	 1.4619e+00	 9.9965e-01
1.4633e+00	 1.0001e+00	 1.4633e+00	 9.9966e-01
1.4648e+00	 1.0001e+00	 1.4648e+00	 9.9967e-01
1.4662e+00	 1.0001e+00	 1.4662e+00	 9.9968e-01
1.4676e+00	 1.0001e+00	 1.4676e+00	 9.9969e-01
1.4690e+00	 1.0001e+00	 1.4690e+00	 9.9969e-01
1.4704e+00	 1.0002e+00	 1.4704e+00	 9.9969e-01
1.4719e+00	 1.0002e+00	 1.4719e+00	 9.9969e-01
1.4733e+00	 1.0002e+00	 1.4733e+00	 9.9969e-01
1.4747e+00	 1.0002e+00	 1.4747e+00	 9.9968e-01
1.4761e+00	 1.0002e+00	 1.4761e+00	 9.9968e-01
1.4776e+00	 1.0002e+00	 1.4776e+00	 9.9968e-01
1.4790e+00	 1.0002e+00	 1.4790e+00	 9.9968e-01
1.4804e+00	 1.0002e+00	 1.4804e+00	 9.9968e-01
1.4819e+00	 1.0002e+00	 1.4819e+00	 9.9969e-01
1.4833e+00	 1.0001e+00	 1.4833e+00	 9.9970e-01
1.4847e+00	 1.0001e+00	 1.4847e+00	 9.9972e-01
1.4862e+00	 1.0001e+00	 1.4862e+00	 9.9972e-01
1.4876e+00	 1.0001e+00	 1.4876e+00	 9.9974e-01
1.4890e+00	 1.0001e+00	 1.4890e+00	 9.9975e-01
1.4905e+00	 1.0000e+00	 1.4905e+00	 9.9975e-01
1.4919e+00	 1.0000e+00	 1.4919e+00	 9.9976e-01
1.4934e+00	 1.0000e+00	 1.4934e+00	 9.9977e-01
1.4948e+00	 1.0000e+00	 1.4948e+00	 9.9977e-01
1.4963e+00	 1.0000e+00	 1.4963e+00	 9.9977e-01
1.4977e+00	 9.9998e-01	 1.4977e+00	 9.9977e-01
1.4991e+00	 9.9997e-01	 1.4991e+00	 9.9976e-01
1.5006e+00	 9.9996e-01	 1.5006e+00	 9.9975e-01
1.5021e+00	 9.9995e-01	 1.5021e+00	 9.9975e-01
1.5035e+00	 9.9996e-01	 1.5035e+00	 9.9975e-01
1.5050e+00	 9.9994e-01	 1.5050e+00	 9.9974e-01
1.5064e+00	 9.9994e-01	 1.5064e+00	 9.9973e-01
1.5079e+00	 9.9991e-01	 1.5079e+00	 9.9973e-01
1.5093e+00	 9.9990e-01	 1.5093e+00	 9.9973e-01
1.5108e+00	 9.9989e-01	 1.5108e+00	 9.9973e-01
1.5122e+00	 9.9989e-01	 1.5122e+00	 9.9973e-01
1.5137e+00	 9.9989e-01	 1.5137e+00	 9.9973e-01
1.5152e+00	 9.9988e-01	 1.5152e+00	 9.9973e-01
1.5166e+00	 9.9989e-01	 1.5166e+00	 9.9973e-01
1.5181e+00	 9.9988e-01	 1.5181e+00	 9.9972e-01
1.5196e+00	 9.9989e-01	 1.5196e+00	 9.9972e-01
1.5210e+00	 9.9990e-01	 1.5210e+00	 9.9971e-01
1.5225e+00	 9.9991e-01	 1.5225e+00	 9.9970e-01
1.5240e+00	 9.9994e-01	 1.5240e+00	 9.9967e-01
1.5254e+00	 9.9994e-01	 1.5254e+00	 9.9966e-01
1.5269e+00	 9.9996e-01	 1.5269e+00	 9.9964e-01
1.5284e+00	 9.9996e-01	 1.5284e+00	 9.9962e-01
1.5299e+00	 9.9997e-01	 1.5299e+00	 9.9960e-01
1.5313e+00	 9.9999e-01	 1.5313e+00	 9.9957e-01
1.5328e+00	 1.0000e+00	 1.5328e+00	 9.9955e-01
1.5343e+00	 1.0000e+00	 1.5343e+00	 9.9953e-01
1.5358e+00	 1.0000e+00	 1.5358e+00	 9.9951e-01
1.5373e+00	 1.0001e+00	 1.5373e+00	 9.9950e-01
1.5388e+00	 1.0000e+00	 1.5388e+00	 9.9948e-01
1.5402e+00	 1.0001e+00	 1.5402e+00	 9.9946e-01
1.5417e+00	 1.0001e+00	 1.5417e+00	 9.9944e-01
1.5432e+00	 1.0001e+00	 1.5432e+00	 9.9942e-01
1.5447e+00	 1.0001e+00	 1.5447e+00	 9.9940e-01
1.5462e+00	 1.0001e+00	 1.5462e+00	 9.9939e-01
1.5477e+00	 1.0001e+00	 1.5477e+00	 9.9938e-01
1.5492e+00	 1.0001e+00	 1.5492e+00	 9.9937e-01
1.5507e+00	 1.0001e+00	 1.5507e+00	 9.9937e-01
1.5522e+00	 1.0000e+00	 1.5522e+00	 9.9938e-01
1.5537e+00	 1.0000e+00	 1.5537e+00	 9.9939e-01
1.5552e+00	 1.0001e+00	 1.5552e+00	 9.9940e-01
1.5567e+00	 1.0000e+00	 1.5567e+00	 9.9941e-01
1.5582e+00	 1.0001e+00	 1.5582e+00	 9.9942e-01
1.5597e+00	 1.0000e+00	 1.5597e+00	 9.9942e-01
1.5612e+00	 1.0000e+00	 1.5612e+00	 9.9944e-01
1.5627e+00	 1.0000e+00	 1.5627e+00	 9.9944e-01
1.5642e+00	 1.0000e+00	 1.5642e+00	 9.9945e-01
1.5657e+00	 1.0000e+00	 1.5657e+00	 9.9945e-01
1.5672e+00	 1.0000e+00	 1.5672e+00	 9.9945e-01
1.5687e+00	 1.0000e+00	 1.5687e+00	 9.9945e-01
1.5702e+00	 1.0000e+00	 1.5702e+00	 9.9945e-01
1.5717e+00	 1.0000e+00	 1.5717e+00	 9.9945e-01
1.5733e+00	 9.9997e-01	 1.5733e+00	 9.9945e-01
1.5748e+00	 9.9996e-01	 1.5748e+00	 9.9945e-01
1.5763e+00	 9.9994e-01	 1.5763e+00	 9.9945e-01
1.5778e+00	 9.9990e-01	 1.5778e+00	 9.9946e-01
1.5793e+00	 9.9987e-01	 1.5793e+00	 9.9947e-01
1.5809e+00	 9.9982e-01	 1.5809e+00	 9.9950e-01
1.5824e+00	 9.9980e-01	 1.5824e+00	 9.9952e-01
1.5839e+00	 9.9976e-01	 1.5839e+00	 9.9956e-01
1.5854e+00	 9.9974e-01	 1.5854e+00	 9.9960e-01
1.5870e+00	 9.9973e-01	 1.5870e+00	 9.9964e-01
1.5885e+00	 9.9970e-01	 1.5885e+00	 9.9968e-01
1.5900e+00	 9.9969e-01	 1.5900e+00	 9.9973e-01
1.5915e+00	 9.9965e-01	 1.5915e+00	 9.9977e-01
1.5931e+00	 9.9965e-01	 1.5931e+00	 9.9982e-01
1.5946e+00	 9.9964e-01	 1.5946e+00	 9.9987e-01
1.5961e+00	 9.9965e-01	 1.5961e+00	 9.9990e-01
1.5977e+00	 9.9965e-01	 1.5977e+00	 9.9995e-01
1.5992e+00	 9.9965e-01	 1.5992e+00	 9.9998e-01
1.6008e+00	 9.9967e-01	 1.6008e+00	 1.0000e+00
1.6023e+00	 9.9966e-01	 1.6023e+00	 1.0001e+00
1.6038e+00	 9.9968e-01	 1.6038e+00	 1.0001e+00
1.6054e+00	 9.9968e-01	 1.6054e+00	 1.0001e+00
1.6069e+00	 9.9971e-01	 1.6069e+00	 1.0001e+00
1.6085e+00	 9.9973e-01	 1.6085e+00	 1.0002e+00
1.6100e+00	 9.9974e-01	 1.6100e+00	 1.0002e+00
1.6116e+00	 9.9976e-01	 1.6116e+00	 1.0002e+00
1.6132e+00	 9.9977e-01	 1.6132e+00	 1.0002e+00
1.6147e+00	 9.9980e-01	 1.6147e+00	 1.0002e+00
1.6163e+00	 9.9981e-01	 1.6163e+00	 1.0003e+00
1.6178e+00	 9.9984e-01	 1.6178e+00	 1.0002e+00
1.6194e+00	 9.9986e-01	 1.6194e+00	 1.0002e+00
1.6209e+00	 9.9987e-01	 1.6209e+00	 1.0002e+00
1.6225e+00	 9.9990e-01	 1.6225e+00	 1.0002e+00
1.6241e+00	 9.9990e-01	 1.6241e+00	 1.0001e+00
1.6256e+00	 9.9992e-01	 1.6256e+00	 1.0001e+00
1.6272e+00	 9.9994e-01	 1.6272e+00	 1.0000e+00
1.6287e+00	 9.9996e-01	 1.6287e+00	 9.9998e-01
1.6303e+00	 9.9999e-01	 1.6303e+00	 9.9991e-01
1.6319e+00	 1.0000e+00	 1.6319e+00	 9.9984e-01
1.6335e+00	 1.0000e+00	 1.6335e+00	 9.9977e-01
1.6350e+00	 1.0000e+00	 1.6350e+00	 9.9970e-01
1.6366e+00	 1.0001e+00	 1.6366e+00	 9.9963e-01
1.6382e+00	 1.0001e+00	 1.6382e+00	 9.9957e-01
1.6398e+00	 1.0001e+00	 1.6398e+00	 9.9951e-01
1.6413e+00	 1.0001e+00	 1.6413e+00	 9.9947e-01
1.6429e+00	 1.0001e+00	 1.6429e+00	 9.9942e-01
1.6445e+00	 1.0002e+00	 1.6445e+00	 9.9940e-01
1.6461e+00	 1.0002e+00	 1.6461e+00	 9.9937e-01
1.6477e+00	 1.0002e+00	 1.6477e+00	 9.9935e-01
1.6492e+00	 1.0002e+00	 1.6492e+00	 9.9935e-01
1.6508e+00	 1.0003e+00	 1.6508e+00	 9.9934e-01
1.6524e+00	 1.0003e+00	 1.6524e+00	 9.9935e-01
1.6540e+00	 1.0003e+00	 1.6540e+00	 9.9936e-01
1.6556e+00	 1.0004e+00	 1.6556e+00	 9.9937e-01
1.6572e+00	 1.0004e+00	 1.6572e+00	 9.9939e-01
1.6588e+00	 1.0004e+00	 1.6588e+00	 9.9941e-01
1.6604e+00	 1.0004e+00	 1.6604e+00	 9.9944e-01
1.6620e+00	 1.0005e+00	 1.6620e+00	 9.9947e-01
1.6636e+00	 1.0005e+00	 1.6636e+00	 9.9949e-01
1.6652e+00	 1.0005e+00	 1.6652e+00	 9.9952e-01
1.6668e+00	 1.0005e+00	 1.6668e+00	 9.9954e-01
1.6684e+00	 1.0005e+00	 1.6684e+00	 9.9956e-01
1.6700e+00	 1.0005e+00	 1.6700e+00	 9.9958e-01
1.6716e+00	 1.0005e+00	 1.6716e+00	 9.9959e-01
1.6732e+00	 1.0006e+00	 1.6732e+00	 9.9960e-01
1.6748e+00	 1.0006e+00	 1.6748e+00	 9.9960e-01
1.6764e+00	 1.0006e+00	 1.6764e+00	 9.9959e-01
1.6780e+00	 1.0006e+00	 1.6780e+00	 9.9958e-01
1.6796e+00	 1.0006e+00	 1.6796e+00	 9.9956e-01
1.6812e+00	 1.0006e+00	 1.6812e+00	 9.9954e-01
1.6828e+00	 1.0006e+00	 1.6828e+00	 9.9952e-01
1.6845e+00	 1.0006e+00	 1.6845e+00	 9.9950e-01
1.6861e+00	 1.0006e+00	 1.6861e+00	 9.9947e-01
1.6877e+00	 1.0006e+00	 1.6877e+00	 9.9944e-01
1.6893e+00	 1.0006e+00	 1.6893e+00	 9.9941e-01
1.6909e+00	 1.0006e+00	 1.6909e+00	 9.9938e-01
1.6926e+00	 1.0006e+00	 1.6926e+00	 9.9935e-01
1.6942e+00	 1.0005e+00	 1.6942e+00	 9.9932e-01
1.6958e+00	 1.0005e+00	 1.6958e+00	 9.9930e-01
1.6974e+00	 1.0005e+00	 1.6974e+00	 9.9928e-01
1.6991e+00	 1.0005e+00	 1.6991e+00	 9.9927e-01
1.7007e+00	 1.0005e+00	 1.7007e+00	 9.9925e-01
1.7023e+00	 1.0004e+00	 1.7023e+00	 9.9925e-01
1.7040e+00	 1.0004e+00	 1.7040e+00	 9.9925e-01
1.7056e+00	 1.0004e+00	 1.7056e+00	 9.9926e-01
1.7072e+00	 1.0004e+00	 1.7072e+00	 9.9927e-01
1.7089e+00	 1.0003e+00	 1.7089e+00	 9.9930e-01
1.7105e+00	 1.0003e+00	 1.7105e+00	 9.9932e-01
1.7122e+00	 1.0003e+00	 1.7122e+00	 9.9935e-01
1.7138e+00	 1.0002e+00	 1.7138e+00	 9.9938e-01
1.7154e+00	 1.0002e+00	 1.7154e+00	 9.9941e-01
1.7171e+00	 1.0002e+00	 1.7171e+00	 9.9944e-01
1.7187e+00	 1.0002e+00	 1.7187e+00	 9.9947e-01
1.7204e+00	 1.0002e+00	 1.7204e+00	 9.9949e-01
1.7221e+00	 1.0002e+00	 1.7221e+00	 9.9951e-01
1.7237e+00	 1.0002e+00	 1.7237e+00	 9.9953e-01
1.7253e+00	 1.0002e+00	 1.7253e+00	 9.9954e-01
1.7270e+00	 1.0002e+00	 1.7270e+00	 9.9955e-01
1.7287e+00	 1.0002e+00	 1.7287e+00	 9.9956e-01
1.7303e+00	 1.0002e+00	 1.7303e+00	 9.9957e-01
1.7320e+00	 1.0002e+00	 1.7320e+00	 9.9957e-01
1.7336e+00	 1.0002e+00	 1.7336e+00	 9.9958e-01
1.7353e+00	 1.0002e+00	 1.7353e+00	 9.9959e-01
1.7370e+00	 1.0002e+00	 1.7370e+00	 9.9960e-01
1.7386e+00	 1.0002e+00	 1.7386e+00	 9.9961e-01
1.7403e+00	 1.0002e+00	 1.7403e+00	 9.9963e-01
1.7420e+00	 1.0002e+00	 1.7420e+00	 9.9965e-01
1.7436e+00	 1.0002e+00	 1.7436e+00	 9.9967e-01
1.7453e+00	 1.0002e+00	 1.7453e+00	 9.9969e-01
1.7470e+00	 1.0002e+00	 1.7470e+00	 9.9971e-01
1.7487e+00	 1.0002e+00	 1.7487e+00	 9.9973e-01
1.7504e+00	 1.0002e+00	 1.7504e+00	 9.9976e-01
1.7520e+00	 1.0002e+00	 1.7520e+00	 9.9978e-01
1.7537e+00	 1.0002e+00	 1.7537e+00	 9.9980e-01
1.7554e+00	 1.0002e+00	 1.7554e+00	 9.9982e-01
1.7571e+00	 1.0002e+00	 1.7571e+00	 9.9984e-01
1.7588e+00	 1.0002e+00	 1.7588e+00	 9.9985e-01
1.7604e+00	 1.0002e+00	 1.7604e+00	 9.9985e-01
1.7621e+00	 1.0003e+00	 1.7621e+00	 9.9985e-01
1.7638e+00	 1.0003e+00	 1.7638e+00	 9.9984e-01
1.7655e+00	 1.0003e+00	 1.7655e+00	 9.9983e-01
1.7672e+00	 1.0003e+00	 1.7672e+00	 9.9981e-01
1.7689e+00	 1.0003e+00	 1.7689e+00	 9.9979e-01
1.7706e+00	 1.0002e+00	 1.7706e+00	 9.9977e-01
1.7723e+00	 1.0002e+00	 1.7723e+00	 9.9974e-01
1.7740e+00	 1.0002e+00	 1.7740e+00	 9.9971e-01
1.7757e+00	 1.0002e+00	 1.7757e+00	 9.9968e-01
1.7774e+00	 1.0002e+00	 1.7774e+00	 9.9965e-01
1.7791e+00	 1.0002e+00	 1.7791e+00	 9.9962e-01
1.7808e+00	 1.0002e+00	 1.7808e+00	 9.9960e-01
1.7825e+00	 1.0002e+00	 1.7825e+00	 9.9957e-01
1.7842e+00	 1.0002e+00	 1.7842e+00	 9.9956e-01
1.7859e+00	 1.0002e+00	 1.7859e+00	 9.9954e-01
1.7876e+00	 1.0001e+00	 1.7876e+00	 9.9952e-01
1.7893e+00	 1.0002e+00	 1.7893e+00	 9.9952e-01
1.7910e+00	 1.0001e+00	 1.7910e+00	 9.9951e-01
1.7928e+00	 1.0001e+00	 1.7928e+00	 9.9950e-01
1.7945e+00	 1.0001e+00	 1.7945e+00	 9.9950e-01
1.7962e+00	 1.0001e+00	 1.7962e+00	 9.9950e-01
1.7979e+00	 1.0001e+00	 1.7979e+00	 9.9950e-01
1.7996e+00	 1.0000e+00	 1.7996e+00	 9.9950e-01
1.8014e+00	 1.0000e+00	 1.8014e+00	 9.9951e-01
1.8031e+00	 1.0000e+00	 1.8031e+00	 9.9951e-01
1.8048e+00	 9.9998e-01	 1.8048e+00	 9.9952e-01
1.8065e+00	 9.9994e-01	 1.8065e+00	 9.9952e-01
1.8083e+00	 9.9990e-01	 1.8083e+00	 9.9952e-01
1.8100e+00	 9.9987e-01	 1.8100e+00	 9.9952e-01
1.8117e+00	 9.9983e-01	 1.8117e+00	 9.9952e-01
1.8135e+00	 9.9981e-01	 1.8135e+00	 9.9951e-01
1.8152e+00	 9.9976e-01	 1.8152e+00	 9.9950e-01
1.8169e+00	 9.9973e-01	 1.8169e+00	 9.9949e-01
1.8187e+00	 9.9969e-01	 1.8187e+00	 9.9948e-01
1.8204e+00	 9.9966e-01	 1.8204e+00	 9.9946e-01
1.8221e+00	 9.9963e-01	 1.8221e+00	 9.9945e-01
1.8239e+00	 9.9961e-01	 1.8239e+00	 9.9942e-01
1.8256e+00	 9.9961e-01	 1.8256e+00	 9.9940e-01
1.8274e+00	 9.9958e-01	 1.8274e+00	 9.9937e-01
1.8291e+00	 9.9959e-01	 1.8291e+00	 9.9935e-01
1.8309e+00	 9.9957e-01	 1.8309e+00	 9.9932e-01
1.8326e+00	 9.9957e-01	 1.8326e+00	 9.9929e-01
1.8344e+00	 9.9958e-01	 1.8344e+00	 9.9927e-01
1.8361e+00	 9.9959e-01	 1.8361e+00	 9.9924e-01
1.8379e+00	 9.9962e-01	 1.8379e+00	 9.9922e-01
1.8397e+00	 9.9963e-01	 1.8397e+00	 9.9921e-01
1.8414e+00	 9.9966e-01	 1.8414e+00	 9.9920e-01
1.8432e+00	 9.9966e-01	 1.8432e+00	 9.9920e-01
1.8449e+00	 9.9969e-01	 1.8449e+00	 9.9921e-01
1.8467e+00	 9.9972e-01	 1.8467e+00	 9.9922e-01
1.8485e+00	 9.9975e-01	 1.8485e+00	 9.9923e-01
1.8502e+00	 9.9979e-01	 1.8502e+00	 9.9925e-01
1.8520e+00	 9.9980e-01	 1.8520e+00	 9.9926e-01
1.8538e+00	 9.9983e-01	 1.8538e+00	 9.9929e-01
1.8556e+00	 9.9984e-01	 1.8556e+00	 9.9931e-01
1.8573e+00	 9.9986e-01	 1.8573e+00	 9.9934e-01
1.8591e+00	 9.9987e-01	 1.8591e+00	 9.9936e-01
1.8609e+00	 9.9989e-01	 1.8609e+00	 9.9939e-01
1.8627e+00	 9.9991e-01	 1.8627e+00	 9.9942e-01
1.8644e+00	 9.9991e-01	 1.8644e+00	 9.9945e-01
1.8662e+00	 9.9992e-01	 1.8662e+00	 9.9947e-01
1.8680e+00	 9.9990e-01	 1.8680e+00	 9.9949e-01
1.8698e+00	 9.9991e-01	 1.8698e+00	 9.9950e-01
1.8716e+00	 9.9991e-01	 1.8716e+00	 9.9951e-01
1.8734e+00	 9.9991e-01	 1.8734e+00	 9.9952e-01
1.8752e+00	 9.9992e-01	 1.8752e+00	 9.9952e-01
1.8770e+00	 9.9991e-01	 1.8770e+00	 9.9951e-01
1.8788e+00	 9.9991e-01	 1.8788e+00	 9.9950e-01
1.8805e+00	 9.9989e-01	 1.8805e+00	 9.9949e-01
1.8823e+00	 9.9989e-01	 1.8823e+00	 9.9947e-01
1.8841e+00	 9.9989e-01	 1.8841e+00	 9.9945e-01
1.8860e+00	 9.9989e-01	 1.8860e+00	 9.9944e-01
1.8878e+00	 9.9991e-01	 1.8878e+00	 9.9942e-01
1.8896e+00	 9.9990e-01	 1.8896e+00	 9.9940e-01
1.8914e+00	 9.9992e-01	 1.8914e+00	 9.9939e-01
1.8932e+00	 9.9991e-01	 1.8932e+00	 9.9938e-01
1.8950e+00	 9.9994e-01	 1.8950e+00	 9.9938e-01
1.8968e+00	 9.9996e-01	 1.8968e+00	 9.9938e-01
1.8986e+00	 1.0000e+00	 1.8986e+00	 9.9939e-01
1.9004e+00	 1.0000e+00	 1.9004e+00	 9.9940e-01
1.9022e+00	 1.0001e+00	 1.9022e+00	 9.9942e-01
1.9040e+00	 1.0001e+00	 1.9040e+00	 9.9943e-01
1.9059e+00	 1.0002e+00	 1.9059e+00	 9.9945e-01
1.9077e+00	 1.0002e+00	 1.9077e+00	 9.9947e-01
1.9095e+00	 1.0003e+00	 1.9095e+00	 9.9949e-01
1.9113e+00	 1.0003e+00	 1.9113e+00	 9.9951e-01
1.9131e+00	 1.0004e+00	 1.9131e+00	 9.9953e-01
1.9150e+00	 1.0004e+00	 1.9150e+00	 9.9955e-01
1.9168e+00	 1.0004e+00	 1.9168e+00	 9.9958e-01
1.9186e+00	 1.0004e+00	 1.9186e+00	 9.9960e-01
1.9205e+00	 1.0005e+00	 1.9205e+00	 9.9962e-01
1.9223e+00	 1.0005e+00	 1.9223e+00	 9.9964e-01
1.9241e+00	 1.0005e+00	 1.9241e+00	 9.9966e-01
1.9260e+00	 1.0005e+00	 1.9260e+00	 9.9967e-01
1.9278e+00	 1.0005e+00	 1.9278e+00	 9.9968e-01
1.9296e+00	 1.0005e+00	 1.9296e+00	 9.9969e-01
1.9315e+00	 1.0004e+00	 1.9315e+00	 9.9969e-01
1.9333e+00	 1.0004e+00	 1.9333e+00	 9.9969e-01
1.9352e+00	 1.0004e+00	 1.9352e+00	 9.9969e-01
1.9370e+00	 1.0004e+00	 1.9370e+00	 9.9969e-01
1.9389e+00	 1.0003e+00	 1.9389e+00	 9.9969e-01
1.9407e+00	 1.0003e+00	 1.9407e+00	 9.9969e-01
1.9426e+00	 1.0003e+00	 1.9426e+00	 9.9970e-01
1.9444e+00	 1.0002e+00	 1.9444e+00	 9.9971e-01
1.9463e+00	 1.0002e+00	 1.9463e+00	 9.9972e-01
1.9481e+00	 1.0001e+00	 1.9481e+00	 9.9973e-01
1.9500e+00	 1.0001e+00	 1.9500e+00	 9.9975e-01
1.9518e+00	 1.0001e+00	 1.9518e+00	 9.9978e-01
1.9537e+00	 1.0000e+00	 1.9537e+00	 9.9981e-01
1.9556e+00	 1.0000e+00	 1.9556e+00	 9.9984e-01
1.9574e+00	 9.9996e-01	 1.9574e+00	 9.9988e-01
1.9593e+00	 9.9996e-01	 1.9593e+00	 9.9993e-01
1.9612e+00	 9.9994e-01	 1.9612e+00	 9.9997e-01
1.9630e+00	 9.9994e-01	 1.9630e+00	 1.0000e+00
1.9649e+00	 9.9994e-01	 1.9649e+00	 1.0001e+00
1.9668e+00	 9.9993e-01	 1.9668e+00	 1.0001e+00
1.9687e+00	 9.9993e-01	 1.9687e+00	 1.0002e+00
1.9705e+00	 9.9992e-01	 1.9705e+00	 1.0002e+00
1.9724e+00	 9.9994e-01	 1.9724e+00	 1.0003e+00
1.9743e+00	 9.9994e-01	 1.9743e+00	 1.0003e+00
1.9762e+00	 9.9996e-01	 1.9762e+00	 1.0004e+00
1.9781e+00	 9.9998e-01	 1.9781e+00	 1.0004e+00
1.9799e+00	 9.9999e-01	 1.9799e+00	 1.0004e+00
1.9818e+00	 1.0000e+00	 1.9818e+00	 1.0005e+00
1.9837e+00	 1.0000e+00	 1.9837e+00	 1.0005e+00
1.9856e+00	 1.0001e+00	 1.9856e+00	 1.0005e+00
1.9875e+00	 1.0001e+00	 1.9875e+00	 1.0006e+00
1.9894e+00	 1.0001e+00	 1.9894e+00	 1.0006e+00
1.9913e+00	 1.0001e+00	 1.9913e+00	 1.0006e+00
1.9932e+00	 1.0002e+00	 1.9932e+00	 1.0006e+00
1.9951e+00	 1.0002e+00	 1.9951e+00	 1.0006e+00
1.9970e+00	 1.0002e+00	 1.9970e+00	 1.0006e+00
1.9989e+00	 1.0002e+00	 1.9989e+00	 1.0006e+00
2.0008e+00	 1.0002e+00	 2.0008e+00	 1.0006e+00
2.0027e+00	 1.0003e+00	 2.0027e+00	 1.0005e+00
2.0046e+00	 1.0003e+00	 2.0046e+00	 1.0005e+00
2.0065e+00	 1.0003e+00	 2.0065e+00	 1.0005e+00
2.0084e+00	 1.0003e+00	 2.0084e+00	 1.0005e+00
2.0103e+00	 1.0003e+00	 2.0103e+00	 1.0004e+00
2.0122e+00	 1.0003e+00	 2.0122e+00	 1.0004e+00
2.0142e+00	 1.0003e+00	 2.0142e+00	 1.0004e+00
2.0161e+00	 1.0003e+00	 2.0161e+00	 1.0003e+00
2.0180e+00	 1.0003e+00	 2.0180e+00	 1.0003e+00
2.0199e+00	 1.0003e+00	 2.0199e+00	 1.0003e+00
2.0219e+00	 1.0003e+00	 2.0219e+00	 1.0002e+00
2.0238e+00	 1.0003e+00	 2.0238e+00	 1.0002e+00
2.0257e+00	 1.0003e+00	 2.0257e+00	 1.0002e+00
2.0276e+00	 1.0003e+00	 2.0276e+00	 1.0001e+00
2.0296e+00	 1.0003e+00	 2.0296e+00	 1.0001e+00
2.0315e+00	 1.0003e+00	 2.0315e+00	 1.0001e+00
2.0334e+00	 1.0003e+00	 2.0334e+00	 1.0001e+00
2.0354e+00	 1.0003e+00	 2.0354e+00	 1.0000e+00
2.0373e+00	 1.0003e+00	 2.0373e+00	 1.0000e+00
2.0393e+00	 1.0003e+00	 2.0393e+00	 9.9999e-01
2.0412e+00	 1.0002e+00	 2.0412e+00	 9.9998e-01
2.0431e+00	 1.0002e+00	 2.0431e+00	 9.9996e-01
2.0451e+00	 1.0002e+00	 2.0451e+00	 9.9995e-01
2.0470e+00	 1.0002e+00	 2.0470e+00	 9.9993e-01
2.0490e+00	 1.0002e+00	 2.0490e+00	 9.9993e-01
2.0509e+00	 1.0002e+00	 2.0509e+00	 9.9992e-01
2.0529e+00	 1.0002e+00	 2.0529e+00	 9.9991e-01
2.0549e+00	 1.0002e+00	 2.0549e+00	 9.9991e-01
2.0568e+00	 1.0002e+00	 2.0568e+00	 9.9992e-01
2.0588e+00	 1.0001e+00	 2.0588e+00	 9.9993e-01
2.0607e+00	 1.0001e+00	 2.0607e+00	 9.9993e-01
2.0627e+00	 1.0001e+00	 2.0627e+00	 9.9995e-01
2.0646e+00	 1.0001e+00	 2.0646e+00	 9.9996e-01
2.0666e+00	 1.0001e+00	 2.0666e+00	 9.9998e-01
2.0686e+00	 1.0001e+00	 2.0686e+00	 1.0000e+00
2.0705e+00	 1.0001e+00	 2.0705e+00	 1.0000e+00
2.0725e+00	 1.0000e+00	 2.0725e+00	 1.0000e+00
2.0745e+00	 1.0000e+00	 2.0745e+00	 1.0000e+00
2.0764e+00	 1.0000e+00	 2.0764e+00	 1.0001e+00
2.0784e+00	 9.9997e-01	 2.0784e+00	 1.0001e+00
2.0804e+00	 9.9997e-01	 2.0804e+00	 1.0001e+00
2.0824e+00	 9.9995e-01	 2.0824e+00	 1.0001e+00
2.0844e+00	 9.9995e-01	 2.0844e+00	 1.0001e+00
2.0863e+00	 9.9992e-01	 2.0863e+00	 1.0000e+00
2.0883e+00	 9.9991e-01	 2.0883e+00	 1.0000e+00
2.0903e+00	 9.9989e-01	 2.0903e+00	 1.0000e+00
2.0923e+00	 9.9986e-01	 2.0923e+00	 1.0000e+00
2.0943e+00	 9.9985e-01	 2.0943e+00	 9.9998e-01
2.0963e+00	 9.9982e-01	 2.0963e+00	 9.9996e-01
2.0983e+00	 9.9982e-01	 2.0983e+00	 9.9994e-01
2.1003e+00	 9.9979e-01	 2.1003e+00	 9.9991e-01
2.1023e+00	 9.9977e-01	 2.1023e+00	 9.9989e-01
2.1043e+00	 9.9975e-01	 2.1043e+00	 9.9987e-01
2.1063e+00	 9.9973e-01	 2.1063e+00	 9.9985e-01
2.1083e+00	 9.9972e-01	 2.1083e+00	 9.9982e-01
2.1103e+00	 9.9970e-01	 2.1103e+00	 9.9981e-01
2.1123e+00	 9.9971e-01	 2.1123e+00	 9.9979e-01
2.1143e+00	 9.9970e-01	 2.1143e+00	 9.9978e-01
2.1163e+00	 9.9970e-01	 2.1163e+00	 9.9977e-01
2.1183e+00	 9.9970e-01	 2.1183e+00	 9.9976e-01
2.1203e+00	 9.9970e-01	 2.1203e+00	 9.9976e-01
2.1223e+00	 9.9973e-01	 2.1223e+00	 9.9976e-01
2.1243e+00	 9.9974e-01	 2.1243e+00	 9.9976e-01
2.1263e+00	 9.9978e-01	 2.1263e+00	 9.9976e-01
2.1284e+00	 9.9979e-01	 2.1284e+00	 9.9976e-01
2.1304e+00	 9.9982e-01	 2.1304e+00	 9.9975e-01
2.1324e+00	 9.9984e-01	 2.1324e+00	 9.9974e-01
2.1344e+00	 9.9987e-01	 2.1344e+00	 9.9972e-01
2.1365e+00	 9.9990e-01	 2.1365e+00	 9.9970e-01
2.1385e+00	 9.9994e-01	 2.1385e+00	 9.9968e-01
2.1405e+00	 9.9999e-01	 2.1405e+00	 9.9965e-01
2.1426e+00	 1.0000e+00	 2.1426e+00	 9.9962e-01
2.1446e+00	 1.0001e+00	 2.1446e+00	 9.9960e-01
2.1466e+00	 1.0001e+00	 2.1466e+00	 9.9956e-01
2.1487e+00	 1.0001e+00	 2.1487e+00	 9.9953e-01
2.1507e+00	 1.0002e+00	 2.1507e+00	 9.9950e-01
2.1528e+00	 1.0002e+00	 2.1528e+00	 9.9946e-01
2.1548e+00	 1.0002e+00	 2.1548e+00	 9.9943e-01
2.1568e+00	 1.0003e+00	 2.1568e+00	 9.9940e-01
2.1589e+00	 1.0003e+00	 2.1589e+00	 9.9937e-01
2.1609e+00	 1.0003e+00	 2.1609e+00	 9.9934e-01
2.1630e+00	 1.0003e+00	 2.1630e+00	 9.9931e-01
2.1650e+00	 1.0004e+00	 2.1650e+00	 9.9928e-01
2.1671e+00	 1.0004e+00	 2.1671e+00	 9.9926e-01
2.1692e+00	 1.0004e+00	 2.1692e+00	 9.9924e-01
2.1712e+00	 1.0004e+00	 2.1712e+00	 9.9922e-01
2.1733e+00	 1.0004e+00	 2.1733e+00	 9.9922e-01
2.1753e+00	 1.0004e+00	 2.1753e+00	 9.9922e-01
2.1774e+00	 1.0004e+00	 2.1774e+00	 9.9922e-01
2.1795e+00	 1.0004e+00	 2.1795e+00	 9.9923e-01
2.1816e+00	 1.0004e+00	 2.1816e+00	 9.9924e-01
2.1836e+00	 1.0004e+00	 2.1836e+00	 9.9925e-01
2.1857e+00	 1.0004e+00	 2.1857e+00	 9.9927e-01
2.1878e+00	 1.0003e+00	 2.1878e+00	 9.9929e-01
2.1898e+00	 1.0003e+00	 2.1898e+00	 9.9931e-01
2.1919e+00	 1.0003e+00	 2.1919e+00	 9.9933e-01
2.1940e+00	 1.0002e+00	 2.1940e+00	 9.9935e-01
2.1961e+00	 1.0002e+00	 2.1961e+00	 9.9938e-01
2.1982e+00	 1.0002e+00	 2.1982e+00	 9.9941e-01
2.2003e+00	 1.0001e+00	 2.2003e+00	 9.9944e-01
2.2023e+00	 1.0001e+00	 2.2023e+00	 9.9947e-01
2.2044e+00	 1.0001e+00	 2.2044e+00	 9.9951e-01
2.2065e+00	 1.0001e+00	 2.2065e+00	 9.9954e-01
2.2086e+00	 1.0001e+00	 2.2086e+00	 9.9957e-01
2.2107e+00	 1.0001e+00	 2.2107e+00	 9.9960e-01
2.2128e+00	 1.0001e+00	 2.2128e+00	 9.9962e-01
2.2149e+00	 1.0001e+00	 2.2149e+00	 9.9965e-01
2.2170e+00	 1.0001e+00	 2.2170e+00	 9.9967e-01
2.2191e+00	 1.0001e+00	 2.2191e+00	 9.9968e-01
2.2212e+00	 1.0001e+00	 2.2212e+00	 9.9970e-01
2.2233e+00	 1.0002e+00	 2.2233e+00	 9.9970e-01
2.2254e+00	 1.0002e+00	 2.2254e+00	 9.9970e-01
2.2275e+00	 1.0003e+00	 2.2275e+00	 9.9968e-01
2.2296e+00	 1.0003e+00	 2.2296e+00	 9.9966e-01
2.2318e+00	 1.0004e+00	 2.2318e+00	 9.9964e-01
2.2339e+00	 1.0004e+00	 2.2339e+00	 9.9960e-01
2.2360e+00	 1.0004e+00	 2.2360e+00	 9.9957e-01
2.2381e+00	 1.0005e+00	 2.2381e+00	 9.9953e-01
2.2402e+00	 1.0005e+00	 2.2402e+00	 9.9950e-01
2.2424e+00	 1.0006e+00	 2.2424e+00	 9.9947e-01
2.2445e+00	 1.0006e+00	 2.2445e+00	 9.9944e-01
2.2466e+00	 1.0007e+00	 2.2466e+00	 9.9941e-01
2.2487e+00	 1.0007e+00	 2.2487e+00	 9.9939e-01
2.2509e+00	 1.0007e+00	 2.2509e+00	 9.9938e-01
2.2530e+00	 1.0007e+00	 2.2530e+00	 9.9937e-01
2.2551e+00	 1.0007e+00	 2.2551e+00	 9.9936e-01
2.2573e+00	 1.0007e+00	 2.2573e+00	 9.9936e-01
2.2594e+00	 1.0007e+00	 2.2594e+00	 9.9937e-01
2.2615e+00	 1.0007e+00	 2.2615e+00	 9.9937e-01
2.2637e+00	 1.0007e+00	 2.2637e+00	 9.9939e-01
2.2658e+00	 1.0007e+00	 2.2658e+00	 9.9941e-01
2.2680e+00	 1.0006e+00	 2.2680e+00	 9.9944e-01
2.2701e+00	 1.0006e+00	 2.2701e+00	 9.9947e-01
2.2723e+00	 1.0006e+00	 2.2723e+00	 9.9951e-01
2.2744e+00	 1.0005e+00	 2.2744e+00	 9.9955e-01
2.2766e+00	 1.0005e+00	 2.2766e+00	 9.9960e-01
2.2787e+00	 1.0004e+00	 2.2787e+00	 9.9965e-01
2.2809e+00	 1.0004e+00	 2.2809e+00	 9.9970e-01
2.2831e+00	 1.0003e+00	 2.2831e+00	 9.9975e-01
2.2852e+00	 1.0002e+00	 2.2852e+00	 9.9980e-01
2.2874e+00	 1.0002e+00	 2.2874e+00	 9.9985e-01
2.2896e+00	 1.0001e+00	 2.2896e+00	 9.9990e-01
2.2917e+00	 1.0001e+00	 2.2917e+00	 9.9996e-01
2.2939e+00	 1.0001e+00	 2.2939e+00	 1.0000e+00
2.2961e+00	 1.0000e+00	 2.2961e+00	 1.0000e+00
2.2982e+00	 1.0000e+00	 2.2982e+00	 1.0001e+00
2.3004e+00	 1.0000e+00	 2.3004e+00	 1.0001e+00
2.3026e+00	 9.9999e-01	 2.3026e+00	 1.0001e+00
2.3048e+00	 9.9997e-01	 2.3048e+00	 1.0002e+00
2.3070e+00	 9.9998e-01	 2.3070e+00	 1.0002e+00
2.3091e+00	 9.9997e-01	 2.3091e+00	 1.0002e+00
2.3113e+00	 9.9999e-01	 2.3113e+00	 1.0002e+00
2.3135e+00	 1.0000e+00	 2.3135e+00	 1.0001e+00
2.3157e+00	 1.0000e+00	 2.3157e+00	 1.0001e+00
2.3179e+00	 1.0001e+00	 2.3179e+00	 1.0001e+00
2.3201e+00	 1.0001e+00	 2.3201e+00	 1.0001e+00
2.3223e+00	 1.0001e+00	 2.3223e+00	 1.0000e+00
2.3245e+00	 1.0001e+00	 2.3245e+00	 1.0000e+00
2.3267e+00	 1.0002e+00	 2.3267e+00	 9.9998e-01
2.3289e+00	 1.0002e+00	 2.3289e+00	 9.9995e-01
2.3311e+00	 1.0003e+00	 2.3311e+00	 9.9991e-01
2.3333e+00	 1.0003e+00	 2.3333e+00	 9.9987e-01
2.3355e+00	 1.0003e+00	 2.3355e+00	 9.9984e-01
2.3377e+00	 1.0003e+00	 2.3377e+00	 9.9980e-01
2.3399e+00	 1.0003e+00	 2.3399e+00	 9.9976e-01
2.3421e+00	 1.0004e+00	 2.3421e+00	 9.9971e-01
2.3444e+00	 1.0004e+00	 2.3444e+00	 9.9967e-01
2.3466e+00	 1.0004e+00	 2.3466e+00	 9.9962e-01
2.3488e+00	 1.0004e+00	 2.3488e+00	 9.9958e-01
2.3510e+00	 1.0004e+00	 2.3510e+00	 9.9954e-01
2.3532e+00	 1.0004e+00	 2.3532e+00	 9.9950e-01
2.3555e+00	 1.0004e+00	 2.3555e+00	 9.9946e-01
2.3577e+00	 1.0004e+00	 2.3577e+00	 9.9943e-01
2.3599e+00	 1.0004e+00	 2.3599e+00	 9.9941e-01
2.3622e+00	 1.0004e+00	 2.3622e+00	 9.9940e-01
2.3644e+00	 1.0004e+00	 2.3644e+00	 9.9938e-01
2.3666e+00	 1.0004e+00	 2.3666e+00	 9.9938e-01
2.3689e+00	 1.0004e+00	 2.3689e+00	 9.9938e-01
2.3711e+00	 1.0004e+00	 2.3711e+00	 9.9938e-01
2.3733e+00	 1.0004e+00	 2.3733e+00	 9.9938e-01
2.3756e+00	 1.0004e+00	 2.3756e+00	 9.9939e-01
2.3778e+00	 1.0004e+00	 2.3778e+00	 9.9940e-01
2.3801e+00	 1.0004e+00	 2.3801e+00	 9.9940e-01
2.3823e+00	 1.0004e+00	 2.3823e+00	 9.9940e-01
2.3846e+00	 1.0004e+00	 2.3846e+00	 9.9940e-01
2.3868e+00	 1.0004e+00	 2.3868e+00	 9.9940e-01
2.3891e+00	 1.0004e+00	 2.3891e+00	 9.9940e-01
2.3913e+00	 1.0004e+00	 2.3913e+00	 9.9940e-01
2.3936e+00	 1.0004e+00	 2.3936e+00	 9.9939e-01
2.3959e+00	 1.0004e+00	 2.3959e+00	 9.9939e-01
2.3981e+00	 1.0004e+00	 2.3981e+00	 9.9939e-01
2.4004e+00	 1.0004e+00	 2.4004e+00	 9.9939e-01
2.4027e+00	 1.0003e+00	 2.4027e+00	 9.9939e-01
2.4049e+00	 1.0003e+00	 2.4049e+00	 9.9939e-01
2.4072e+00	 1.0003e+00	 2.4072e+00	 9.9939e-01
2.4095e+00	 1.0003e+00	 2.4095e+00	 9.9940e-01
2.4118e+00	 1.0003e+00	 2.4118e+00	 9.9940e-01
2.4140e+00	 1.0002e+00	 2.4140e+00	 9.9941e-01
2.4163e+00	 1.0002e+00	 2.4163e+00	 9.9942e-01
2.4186e+00	 1.0002e+00	 2.4186e+00	 9.9942e-01
2.4209e+00	 1.0001e+00	 2.4209e+00	 9.9944e-01
2.4232e+00	 1.0001e+00	 2.4232e+00	 9.9945e-01
2.4255e+00	 1.0001e+00	 2.4255e+00	 9.9947e-01
2.4277e+00	 1.0000e+00	 2.4277e+00	 9.9948e-01
2.4300e+00	 1.0000e+00	 2.4300e+00	 9.9950e-01
2.4323e+00	 9.9996e-01	 2.4323e+00	 9.9951e-01
2.4346e+00	 9.9991e-01	 2.4346e+00	 9.9952e-01
2.4369e+00	 9.9990e-01	 2.4369e+00	 9.9953e-01
2.4392e+00	 9.9985e-01	 2.4392e+00	 9.9955e-01
2.4415e+00	 9.9984e-01	 2.4415e+00	 9.9956e-01
2.4438e+00	 9.9980e-01	 2.4438e+00	 9.9958e-01
2.4461e+00	 9.9978e-01	 2.4461e+00	 9.9960e-01
2.4484e+00	 9.9975e-01	 2.4484e+00	 9.9963e-01
2.4508e+00	 9.9973e-01	 2.4508e+00	 9.9965e-01
2.4531e+00	 9.9972e-01	 2.4531e+00	 9.9968e-01
2.4554e+00	 9.9970e-01	 2.4554e+00	 9.9971e-01
2.4577e+00	 9.9972e-01	 2.4577e+00	 9.9975e-01
2.4600e+00	 9.9971e-01	 2.4600e+00	 9.9977e-01
2.4623e+00	 9.9971e-01	 2.4623e+00	 9.9981e-01
2.4647e+00	 9.9972e-01	 2.4647e+00	 9.9984e-01
2.4670e+00	 9.9972e-01	 2.4670e+00	 9.9987e-01
2.4693e+00	 9.9975e-01	 2.4693e+00	 9.9990e-01
2.4717e+00	 9.9977e-01	 2.4717e+00	 9.9992e-01
2.4740e+00	 9.9982e-01	 2.4740e+00	 9.9995e-01
2.4763e+00	 9.9984e-01	 2.4763e+00	 9.9997e-01
2.4787e+00	 9.9989e-01	 2.4787e+00	 9.9999e-01
2.4810e+00	 9.9992e-01	 2.4810e+00	 1.0000e+00
2.4834e+00	 9.9996e-01	 2.4834e+00	 1.0000e+00
2.4857e+00	 1.0000e+00	 2.4857e+00	 1.0000e+00
2.4880e+00	 1.0001e+00	 2.4880e+00	 1.0000e+00
2.4904e+00	 1.0002e+00	 2.4904e+00	 1.0000e+00
2.4928e+00	 1.0002e+00	 2.4928e+00	 1.0000e+00
2.4951e+00	 1.0003e+00	 2.4951e+00	 1.0000e+00
2.4975e+00	 1.0003e+00	 2.4975e+00	 1.0000e+00
2.4998e+00	 1.0004e+00	 2.4998e+00	 1.0000e+00
2.5022e+00	 1.0004e+00	 2.5022e+00	 1.0000e+00
2.5045e+00	 1.0005e+00	 2.5045e+00	 1.0000e+00
2.5069e+00	 1.0005e+00	 2.5069e+00	 1.0000e+00
2.5093e+00	 1.0005e+00	 2.5093e+00	 1.0000e+00
2.5116e+00	 1.0006e+00	 2.5116e+00	 1.0000e+00
2.5140e+00	 1.0006e+00	 2.5140e+00	 1.0000e+00
2.5164e+00	 1.0006e+00	 2.5164e+00	 1.0000e+00
2.5187e+00	 1.0007e+00	 2.5187e+00	 9.9999e-01
2.5211e+00	 1.0007e+00	 2.5211e+00	 9.9998e-01
2.5235e+00	 1.0007e+00	 2.5235e+00	 9.9996e-01
2.5259e+00	 1.0007e+00	 2.5259e+00	 9.9994e-01
2.5283e+00	 1.0007e+00	 2.5283e+00	 9.9992e-01
2.5307e+00	 1.0007e+00	 2.5307e+00	 9.9990e-01
2.5330e+00	 1.0007e+00	 2.5330e+00	 9.9988e-01
2.5354e+00	 1.0007e+00	 2.5354e+00	 9.9986e-01
2.5378e+00	 1.0007e+00	 2.5378e+00	 9.9984e-01
2.5402e+00	 1.0007e+00	 2.5402e+00	 9.9982e-01
2.5426e+00	 1.0007e+00	 2.5426e+00	 9.9980e-01
2.5450e+00	 1.0007e+00	 2.5450e+00	 9.9977e-01
2.5474e+00	 1.0007e+00	 2.5474e+00	 9.9975e-01
2.5498e+00	 1.0007e+00	 2.5498e+00	 9.9972e-01
2.5522e+00	 1.0007e+00	 2.5522e+00	 9.9970e-01
2.5546e+00	 1.0006e+00	 2.5546e+00	 9.9968e-01
2.5570e+00	 1.0006e+00	 2.5570e+00	 9.9966e-01
2.5594e+00	 1.0006e+00	 2.5594e+00	 9.9964e-01
2.5619e+00	 1.0006e+00	 2.5619e+00	 9.9962e-01
2.5643e+00	 1.0005e+00	 2.5643e+00	 9.9961e-01
2.5667e+00	 1.0005e+00	 2.5667e+00	 9.9960e-01
2.5691e+00	 1.0005e+00	 2.5691e+00	 9.9959e-01
2.5715e+00	 1.0005e+00	 2.5715e+00	 9.9958e-01
2.5739e+00	 1.0005e+00	 2.5739e+00	 9.9957e-01
2.5764e+00	 1.0004e+00	 2.5764e+00	 9.9956e-01
2.5788e+00	 1.0004e+00	 2.5788e+00	 9.9955e-01
2.5812e+00	 1.0004e+00	 2.5812e+00	 9.9955e-01
2.5837e+00	 1.0004e+00	 2.5837e+00	 9.9955e-01
2.5861e+00	 1.0003e+00	 2.5861e+00	 9.9954e-01
2.5885e+00	 1.0003e+00	 2.5885e+00	 9.9954e-01
2.5909e+00	 1.0003e+00	 2.5909e+00	 9.9953e-01
2.5934e+00	 1.0003e+00	 2.5934e+00	 9.9952e-01
2.5958e+00	 1.0003e+00	 2.5958e+00	 9.9952e-01
2.5983e+00	 1.0002e+00	 2.5983e+00	 9.9952e-01
2.6007e+00	 1.0002e+00	 2.6007e+00	 9.9951e-01
2.6032e+00	 1.0002e+00	 2.6032e+00	 9.9951e-01
2.6056e+00	 1.0002e+00	 2.6056e+00	 9.9951e-01
2.6081e+00	 1.0002e+00	 2.6081e+00	 9.9951e-01
2.6105e+00	 1.0001e+00	 2.6105e+00	 9.9951e-01
2.6130e+00	 1.0001e+00	 2.6130e+00	 9.9952e-01
2.6155e+00	 1.0001e+00	 2.6155e+00	 9.9952e-01
2.6179e+00	 1.0001e+00	 2.6179e+00	 9.9952e-01
2.6204e+00	 1.0001e+00	 2.6204e+00	 9.9953e-01
2.6229e+00	 1.0001e+00	 2.6229e+00	 9.9955e-01
2.6253e+00	 1.0001e+00	 2.6253e+00	 9.9955e-01
2.6278e+00	 1.0001e+00	 2.6278e+00	 9.9957e-01
2.6303e+00	 1.0001e+00	 2.6303e+00	 9.9958e-01
2.6327e+00	 1.0001e+00	 2.6327e+00	 9.9960e-01
2.6352e+00	 1.0001e+00	 2.6352e+00	 9.9963e-01
2.6377e+00	 1.0001e+00	 2.6377e+00	 9.9965e-01
2.6402e+00	 1.0001e+00	 2.6402e+00	 9.9967e-01
2.6427e+00	 1.0001e+00	 2.6427e+00	 9.9970e-01
2.6452e+00	 1.0001e+00	 2.6452e+00	 9.9972e-01
2.6477e+00	 1.0002e+00	 2.6477e+00	 9.9974e-01
2.6502e+00	 1.0002e+00	 2.6502e+00	 9.9976e-01
2.6526e+00	 1.0002e+00	 2.6526e+00	 9.9977e-01
2.6551e+00	 1.0002e+00	 2.6551e+00	 9.9978e-01
2.6576e+00	 1.0002e+00	 2.6576e+00	 9.9978e-01
2.6601e+00	 1.0003e+00	 2.6601e+00	 9.9978e-01
2.6627e+00	 1.0003e+00	 2.6627e+00	 9.9977e-01
2.6652e+00	 1.0003e+00	 2.6652e+00	 9.9976e-01
2.6677e+00	 1.0003e+00	 2.6677e+00	 9.9975e-01
2.6702e+00	 1.0003e+00	 2.6702e+00	 9.9974e-01
2.6727e+00	 1.0003e+00	 2.6727e+00	 9.9972e-01
2.6752e+00	 1.0003e+00	 2.6752e+00	 9.9971e-01
2.6777e+00	 1.0003e+00	 2.6777e+00	 9.9970e-01
2.6803e+00	 1.0003e+00	 2.6803e+00	 9.9969e-01
2.6828e+00	 1.0003e+00	 2.6828e+00	 9.9969e-01
2.6853e+00	 1.0003e+00	 2.6853e+00	 9.9969e-01
2.6878e+00	 1.0003e+00	 2.6878e+00	 9.9970e-01
2.6903e+00	 1.0003e+00	 2.6903e+00	 9.9970e-01
2.6929e+00	 1.0004e+00	 2.6929e+00	 9.9972e-01
2.6954e+00	 1.0004e+00	 2.6954e+00	 9.9973e-01
2.6979e+00	 1.0003e+00	 2.6979e+00	 9.9975e-01
2.7005e+00	 1.0003e+00	 2.7005e+00	 9.9976e-01
2.7030e+00	 1.0003e+00	 2.7030e+00	 9.9978e-01
2.7056e+00	 1.0003e+00	 2.7056e+00	 9.9980e-01
2.7081e+00	 1.0003e+00	 2.7081e+00	 9.9982e-01
2.7106e+00	 1.0003e+00	 2.7106e+00	 9.9985e-01
2.7132e+00	 1.0004e+00	 2.7132e+00	 9.9987e-01
2.7157e+00	 1.0004e+00	 2.7157e+00	 9.9990e-01
2.7183e+00	 1.0004e+00	 2.7183e+00	 9.9993e-01
2.7208e+00	 1.0004e+00	 2.7208e+00	 9.9995e-01
2.7234e+00	 1.0004e+00	 2.7234e+00	 9.9998e-01
2.7260e+00	 1.0004e+00	 2.7260e+00	 1.0000e+00
2.7285e+00	 1.0004e+00	 2.7285e+00	 1.0000e+00
2.7311e+00	 1.0005e+00	 2.7311e+00	 1.0000e+00
2.7337e+00	 1.0005e+00	 2.7337e+00	 1.0001e+00
2.7362e+00	 1.0005e+00	 2.7362e+00	 1.0001e+00
2.7388e+00	 1.0005e+00	 2.7388e+00	 1.0001e+00
2.7414e+00	 1.0006e+00	 2.7414e+00	 1.0001e+00
2.7439e+00	 1.0006e+00	 2.7439e+00	 1.0001e+00
2.7465e+00	 1.0006e+00	 2.7465e+00	 1.0001e+00
2.7491e+00	 1.0007e+00	 2.7491e+00	 1.0001e+00
2.7517e+00	 1.0007e+00	 2.7517e+00	 1.0002e+00
2.7543e+00	 1.0007e+00	 2.7543e+00	 1.0002e+00
2.7569e+00	 1.0007e+00	 2.7569e+00	 1.0002e+00
2.7595e+00	 1.0007e+00	 2.7595e+00	 1.0002e+00
2.7621e+00	 1.0007e+00	 2.7621e+00	 1.0002e+00
2.7647e+00	 1.0007e+00	 2.7647e+00	 1.0002e+00
2.7673e+00	 1.0007e+00	 2.7673e+00	 1.0002e+00
2.7699e+00	 1.0006e+00	 2.7699e+00	 1.0001e+00
2.7725e+00	 1.0006e+00	 2.7725e+00	 1.0001e+00
2.7751e+00	 1.0006e+00	 2.7751e+00	 1.0001e+00
2.7777e+00	 1.0005e+00	 2.7777e+00	 1.0001e+00
2.7803e+00	 1.0005e+00	 2.7803e+00	 1.0001e+00
2.7829e+00	 1.0005e+00	 2.7829e+00	 1.0000e+00
2.7855e+00	 1.0004e+00	 2.7855e+00	 1.0000e+00
2.7881e+00	 1.0004e+00	 2.7881e+00	 9.9999e-01
2.7907e+00	 1.0004e+00	 2.7907e+00	 9.9997e-01
2.7934e+00	 1.0003e+00	 2.7934e+00	 9.9995e-01
2.7960e+00	 1.0003e+00	 2.7960e+00	 9.9993e-01
2.7986e+00	 1.0003e+00	 2.7986e+00	 9.9991e-01
2.8013e+00	 1.0003e+00	 2.8013e+00	 9.9990e-01
2.8039e+00	 1.0002e+00	 2.8039e+00	 9.9989e-01
2.8065e+00	 1.0002e+00	 2.8065e+00	 9.9989e-01
2.8091e+00	 1.0002e+00	 2.8091e+00	 9.9988e-01
2.8118e+00	 1.0002e+00	 2.8118e+00	 9.9988e-01
2.8144e+00	 1.0002e+00	 2.8144e+00	 9.9988e-01
2.8171e+00	 1.0002e+00	 2.8171e+00	 9.9988e-01
2.8197e+00	 1.0002e+00	 2.8197e+00	 9.9988e-01
2.8224e+00	 1.0002e+00	 2.8224e+00	 9.9987e-01
2.8250e+00	 1.0002e+00	 2.8250e+00	 9.9987e-01
2.8277e+00	 1.0002e+00	 2.8277e+00	 9.9986e-01
2.8303e+00	 1.0002e+00	 2.8303e+00	 9.9985e-01
2.8330e+00	 1.0002e+00	 2.8330e+00	 9.9983e-01
2.8356e+00	 1.0002e+00	 2.8356e+00	 9.9982e-01
2.8383e+00	 1.0003e+00	 2.8383e+00	 9.9981e-01
2.8410e+00	 1.0003e+00	 2.8410e+00	 9.9980e-01
2.8436e+00	 1.0003e+00	 2.8436e+00	 9.9979e-01
2.8463e+00	 1.0003e+00	 2.8463e+00	 9.9978e-01
2.8490e+00	 1.0003e+00	 2.8490e+00	 9.9978e-01
2.8516e+00	 1.0003e+00	 2.8516e+00	 9.9978e-01
2.8543e+00	 1.0003e+00	 2.8543e+00	 9.9978e-01
2.8570e+00	 1.0003e+00	 2.8570e+00	 9.9978e-01
2.8597e+00	 1.0003e+00	 2.8597e+00	 9.9979e-01
2.8624e+00	 1.0003e+00	 2.8624e+00	 9.9979e-01
2.8650e+00	 1.0003e+00	 2.8650e+00	 9.9979e-01
2.8677e+00	 1.0002e+00	 2.8677e+00	 9.9978e-01
2.8704e+00	 1.0003e+00	 2.8704e+00	 9.9977e-01
2.8731e+00	 1.0003e+00	 2.8731e+00	 9.9977e-01
2.8758e+00	 1.0003e+00	 2.8758e+00	 9.9976e-01
2.8785e+00	 1.0003e+00	 2.8785e+00	 9.9975e-01
2.8812e+00	 1.0003e+00	 2.8812e+00	 9.9975e-01
2.8839e+00	 1.0003e+00	 2.8839e+00	 9.9974e-01
2.8866e+00	 1.0003e+00	 2.8866e+00	 9.9974e-01
2.8893e+00	 1.0003e+00	 2.8893e+00	 9.9973e-01
2.8920e+00	 1.0003e+00	 2.8920e+00	 9.9972e-01
2.8947e+00	 1.0004e+00	 2.8947e+00	 9.9972e-01
2.8975e+00	 1.0004e+00	 2.8975e+00	 9.9971e-01
2.9002e+00	 1.0004e+00	 2.9002e+00	 9.9970e-01
2.9029e+00	 1.0004e+00	 2.9029e+00	 9.9969e-01
2.9056e+00	 1.0004e+00	 2.9056e+00	 9.9968e-01
2.9083e+00	 1.0004e+00	 2.9083e+00	 9.9967e-01
2.9111e+00	 1.0004e+00	 2.9111e+00	 9.9966e-01
2.9138e+00	 1.0004e+00	 2.9138e+00	 9.9965e-01
2.9165e+00	 1.0004e+00	 2.9165e+00	 9.9964e-01
2.9193e+00	 1.0004e+00	 2.9193e+00	 9.9962e-01
2.9220e+00	 1.0004e+00	 2.9220e+00	 9.9961e-01
2.9247e+00	 1.0005e+00	 2.9247e+00	 9.9959e-01
2.9275e+00	 1.0005e+00	 2.9275e+00	 9.9957e-01
2.9302e+00	 1.0005e+00	 2.9302e+00	 9.9955e-01
2.9330e+00	 1.0006e+00	 2.9330e+00	 9.9952e-01
2.9357e+00	 1.0006e+00	 2.9357e+00	 9.9949e-01
2.9385e+00	 1.0006e+00	 2.9385e+00	 9.9946e-01
2.9412e+00	 1.0006e+00	 2.9412e+00	 9.9943e-01
2.9440e+00	 1.0006e+00	 2.9440e+00	 9.9939e-01
2.9467e+00	 1.0007e+00	 2.9467e+00	 9.9936e-01
2.9495e+00	 1.0006e+00	 2.9495e+00	 9.9932e-01
2.9523e+00	 1.0007e+00	 2.9523e+00	 9.9929e-01
2.9550e+00	 1.0006e+00	 2.9550e+00	 9.9926e-01
2.9578e+00	 1.0006e+00	 2.9578e+00	 9.9924e-01
2.9606e+00	 1.0006e+00	 2.9606e+00	 9.9922e-01
2.9634e+00	 1.0005e+00	 2.9634e+00	 9.9920e-01
2.9661e+00	 1.0005e+00	 2.9661e+00	 9.9919e-01
2.9689e+00	 1.0005e+00	 2.9689e+00	 9.9919e-01
2.9717e+00	 1.0005e+00	 2.9717e+00	 9.9919e-01
2.9745e+00	 1.0004e+00	 2.9745e+00	 9.9919e-01
2.9773e+00	 1.0004e+00	 2.9773e+00	 9.9919e-01
2.9800e+00	 1.0003e+00	 2.9800e+00	 9.9920e-01
2.9828e+00	 1.0003e+00	 2.9828e+00	 9.9922e-01
2.9856e+00	 1.0003e+00	 2.9856e+00	 9.9923e-01
2.9884e+00	 1.0002e+00	 2.9884e+00	 9.9925e-01
2.9912e+00	 1.0002e+00	 2.9912e+00	 9.9927e-01
2.9940e+00	 1.0002e+00	 2.9940e+00	 9.9929e-01
2.9968e+00	 1.0002e+00	 2.9968e+00	 9.9931e-01
2.9996e+00	 1.0001e+00	 2.9996e+00	 9.9935e-01
3.0025e+00	 1.0001e+00	 3.0025e+00	 9.9938e-01
3.0053e+00	 1.0001e+00	 3.0053e+00	 9.9942e-01
3.0081e+00	 1.0001e+00	 3.0081e+00	 9.9945e-01
3.0109e+00	 1.0001e+00	 3.0109e+00	 9.9950e-01
3.0137e+00	 1.0001e+00	 3.0137e+00	 9.9955e-01
3.0165e+00	 1.0002e+00	 3.0165e+00	 9.9959e-01
3.0194e+00	 1.0002e+00	 3.0194e+00	 9.9963e-01
3.0222e+00	 1.0002e+00	 3.0222e+00	 9.9967e-01
3.0250e+00	 1.0003e+00	 3.0250e+00	 9.9972e-01
3.0278e+00	 1.0003e+00	 3.0278e+00	 9.9975e-01
3.0307e+00	 1.0003e+00	 3.0307e+00	 9.9978e-01
3.0335e+00	 1.0004e+00	 3.0335e+00	 9.9980e-01
3.0364e+00	 1.0004e+00	 3.0364e+00	 9.9982e-01
3.0392e+00	 1.0004e+00	 3.0392e+00	 9.9983e-01
3.0420e+00	 1.0005e+00	 3.0420e+00	 9.9984e-01
3.0449e+00	 1.0005e+00	 3.0449e+00	 9.9984e-01
3.0477e+00	 1.0005e+00	 3.0477e+00	 9.9982e-01
3.0506e+00	 1.0006e+00	 3.0506e+00	 9.9981e-01
3.0534e+00	 1.0006e+00	 3.0534e+00	 9.9978e-01
3.0563e+00	 1.0006e+00	 3.0563e+00	 9.9975e-01
3.0592e+00	 1.0006e+00	 3.0592e+00	 9.9972e-01
3.0620e+00	 1.0006e+00	 3.0620e+00	 9.9968e-01
3.0649e+00	 1.0006e+00	 3.0649e+00	 9.9964e-01
3.0678e+00	 1.0006e+00	 3.0678e+00	 9.9960e-01
3.0706e+00	 1.0007e+00	 3.0706e+00	 9.9957e-01
3.0735e+00	 1.0006e+00	 3.0735e+00	 9.9954e-01
3.0764e+00	 1.0006e+00	 3.0764e+00	 9.9952e-01
3.0793e+00	 1.0006e+00	 3.0793e+00	 9.9950e-01
3.0821e+00	 1.0006e+00	 3.0821e+00	 9.9950e-01
3.0850e+00	 1.0006e+00	 3.0850e+00	 9.9949e-01
3.0879e+00	 1.0006e+00	 3.0879e+00	 9.9949e-01
3.0908e+00	 1.0006e+00	 3.0908e+00	 9.9950e-01
3.0937e+00	 1.0006e+00	 3.0937e+00	 9.9950e-01
3.0966e+00	 1.0006e+00	 3.0966e+00	 9.9952e-01
3.0995e+00	 1.0005e+00	 3.0995e+00	 9.9954e-01
3.1024e+00	 1.0005e+00	 3.1024e+00	 9.9955e-01
3.1053e+00	 1.0005e+00	 3.1053e+00	 9.9957e-01
3.1082e+00	 1.0005e+00	 3.1082e+00	 9.9959e-01
3.1111e+00	 1.0005e+00	 3.1111e+00	 9.9961e-01
3.1140e+00	 1.0005e+00	 3.1140e+00	 9.9963e-01
3.1169e+00	 1.0005e+00	 3.1169e+00	 9.9964e-01
3.1198e+00	 1.0005e+00	 3.1198e+00	 9.9965e-01
3.1227e+00	 1.0006e+00	 3.1227e+00	 9.9966e-01
3.1257e+00	 1.0006e+00	 3.1257e+00	 9.9966e-01
3.1286e+00	 1.0006e+00	 3.1286e+00	 9.9966e-01
3.1315e+00	 1.0007e+00	 3.1315e+00	 9.9966e-01
3.1344e+00	 1.0007e+00	 3.1344e+00	 9.9965e-01
3.1374e+00	 1.0007e+00	 3.1374e+00	 9.9964e-01
3.1403e+00	 1.0007e+00	 3.1403e+00	 9.9962e-01
3.1433e+00	 1.0007e+00	 3.1433e+00	 9.9961e-01
3.1462e+00	 1.0008e+00	 3.1462e+00	 9.9960e-01
3.1491e+00	 1.0008e+00	 3.1491e+00	 9.9958e-01
3.1521e+00	 1.0008e+00	 3.1521e+00	 9.9956e-01
3.1550e+00	 1.0008e+00	 3.1550e+00	 9.9953e-01
3.1580e+00	 1.0008e+00	 3.1580e+00	 9.9951e-01
3.1609e+00	 1.0008e+00	 3.1609e+00	 9.9948e-01
3.1639e+00	 1.0009e+00	 3.1639e+00	 9.9945e-01
3.1668e+00	 1.0009e+00	 3.1668e+00	 9.9942e-01
3.1698e+00	 1.0009e+00	 3.1698e+00	 9.9940e-01
3.1728e+00	 1.0009e+00	 3.1728e+00	 9.9938e-01
3.1757e+00	 1.0009e+00	 3.1757e+00	 9.9935e-01
3.1787e+00	 1.0009e+00	 3.1787e+00	 9.9934e-01
3.1817e+00	 1.0009e+00	 3.1817e+00	 9.9932e-01
3.1846e+00	 1.0009e+00	 3.1846e+00	 9.9931e-01
3.1876e+00	 1.0009e+00	 3.1876e+00	 9.9930e-01
3.1906e+00	 1.0009e+00	 3.1906e+00	 9.9930e-01
3.1936e+00	 1.0009e+00	 3.1936e+00	 9.9929e-01
3.1966e+00	 1.0009e+00	 3.1966e+00	 9.9930e-01
3.1996e+00	 1.0009e+00	 3.1996e+00	 9.9930e-01
3.2026e+00	 1.0008e+00	 3.2026e+00	 9.9932e-01
3.2055e+00	 1.0008e+00	 3.2055e+00	 9.9934e-01
3.2085e+00	 1.0008e+00	 3.2085e+00	 9.9936e-01
3.2115e+00	 1.0008e+00	 3.2115e+00	 9.9939e-01
3.2145e+00	 1.0007e+00	 3.2145e+00	 9.9942e-01
3.2175e+00	 1.0007e+00	 3.2175e+00	 9.9945e-01
3.2205e+00	 1.0007e+00	 3.2205e+00	 9.9950e-01
3.2235e+00	 1.0006e+00	 3.2235e+00	 9.9955e-01
3.2266e+00	 1.0006e+00	 3.2266e+00	 9.9960e-01
3.2296e+00	 1.0006e+00	 3.2296e+00	 9.9965e-01
3.2326e+00	 1.0006e+00	 3.2326e+00	 9.9970e-01
3.2356e+00	 1.0005e+00	 3.2356e+00	 9.9976e-01
3.2386e+00	 1.0005e+00	 3.2386e+00	 9.9982e-01
3.2416e+00	 1.0005e+00	 3.2416e+00	 9.9987e-01
3.2447e+00	 1.0005e+00	 3.2447e+00	 9.9992e-01
3.2477e+00	 1.0005e+00	 3.2477e+00	 9.9997e-01
3.2507e+00	 1.0005e+00	 3.2507e+00	 1.0000e+00
3.2538e+00	 1.0005e+00	 3.2538e+00	 1.0000e+00
3.2568e+00	 1.0005e+00	 3.2568e+00	 1.0001e+00
3.2598e+00	 1.0005e+00	 3.2598e+00	 1.0001e+00
3.2629e+00	 1.0005e+00	 3.2629e+00	 1.0001e+00
3.2659e+00	 1.0004e+00	 3.2659e+00	 1.0001e+00
3.2690e+00	 1.0005e+00	 3.2690e+00	 1.0001e+00
3.2720e+00	 1.0005e+00	 3.2720e+00	 1.0000e+00
3.2751e+00	 1.0005e+00	 3.2751e+00	 1.0000e+00
3.2781e+00	 1.0005e+00	 3.2781e+00	 9.9998e-01
3.2812e+00	 1.0004e+00	 3.2812e+00	 9.9994e-01
3.2843e+00	 1.0005e+00	 3.2843e+00	 9.9989e-01
3.2873e+00	 1.0004e+00	 3.2873e+00	 9.9983e-01
3.2904e+00	 1.0004e+00	 3.2904e+00	 9.9977e-01
3.2935e+00	 1.0004e+00	 3.2935e+00	 9.9970e-01
3.2965e+00	 1.0004e+00	 3.2965e+00	 9.9963e-01
3.2996e+00	 1.0004e+00	 3.2996e+00	 9.9957e-01
3.3027e+00	 1.0004e+00	 3.3027e+00	 9.9950e-01
3.3058e+00	 1.0004e+00	 3.3058e+00	 9.9944e-01
3.3089e+00	 1.0003e+00	 3.3089e+00	 9.9939e-01
3.3119e+00	 1.0003e+00	 3.3119e+00	 9.9934e-01
3.3150e+00	 1.0003e+00	 3.3150e+00	 9.9930e-01
3.3181e+00	 1.0003e+00	 3.3181e+00	 9.9927e-01
3.3212e+00	 1.0003e+00	 3.3212e+00	 9.9924e-01
3.3243e+00	 1.0002e+00	 3.3243e+00	 9.9922e-01
3.3274e+00	 1.0002e+00	 3.3274e+00	 9.9921e-01
3.3305e+00	 1.0002e+00	 3.3305e+00	 9.9920e-01
3.3336e+00	 1.0002e+00	 3.3336e+00	 9.9920e-01
3.3367e+00	 1.0002e+00	 3.3367e+00	 9.9920e-01
3.3399e+00	 1.0002e+00	 3.3399e+00	 9.9921e-01
3.3430e+00	 1.0002e+00	 3.3430e+00	 9.9922e-01
3.3461e+00	 1.0001e+00	 3.3461e+00	 9.9922e-01
3.3492e+00	 1.0002e+00	 3.3492e+00	 9.9924e-01
3.3523e+00	 1.0001e+00	 3.3523e+00	 9.9925e-01
3.3555e+00	 1.0002e+00	 3.3555e+00	 9.9925e-01
3.3586e+00	 1.0002e+00	 3.3586e+00	 9.9926e-01
3.3617e+00	 1.0002e+00	 3.3617e+00	 9.9927e-01
3.3649e+00	 1.0002e+00	 3.3649e+00	 9.9928e-01
3.3680e+00	 1.0002e+00	 3.3680e+00	 9.9928e-01
3.3712e+00	 1.0002e+00	 3.3712e+00	 9.9928e-01
3.3743e+00	 1.0002e+00	 3.3743e+00	 9.9929e-01
3.3774e+00	 1.0002e+00	 3.3774e+00	 9.9929e-01
3.3806e+00	 1.0002e+00	 3.3806e+00	 9.9930e-01
3.3837e+00	 1.0003e+00	 3.3837e+00	 9.9930e-01
3.3869e+00	 1.0003e+00	 3.3869e+00	 9.9930e-01
3.3901e+00	 1.0003e+00	 3.3901e+00	 9.9931e-01
3.3932e+00	 1.0003e+00	 3.3932e+00	 9.9931e-01
3.3964e+00	 1.0003e+00	 3.3964e+00	 9.9932e-01
3.3995e+00	 1.0003e+00	 3.3995e+00	 9.9932e-01
3.4027e+00	 1.0003e+00	 3.4027e+00	 9.9933e-01
3.4059e+00	 1.0003e+00	 3.4059e+00	 9.9934e-01
3.4091e+00	 1.0003e+00	 3.4091e+00	 9.9935e-01
3.4122e+00	 1.0003e+00	 3.4122e+00	 9.9936e-01
3.4154e+00	 1.0003e+00	 3.4154e+00	 9.9937e-01
3.4186e+00	 1.0003e+00	 3.4186e+00	 9.9937e-01
3.4218e+00	 1.0004e+00	 3.4218e+00	 9.9938e-01
3.4250e+00	 1.0004e+00	 3.4250e+00	 9.9938e-01
3.4282e+00	 1.0004e+00	 3.4282e+00	 9.9938e-01
3.4314e+00	 1.0005e+00	 3.4314e+00	 9.9937e-01
3.4346e+00	 1.0005e+00	 3.4346e+00	 9.9937e-01
3.4378e+00	 1.0005e+00	 3.4378e+00	 9.9937e-01
3.4410e+00	 1.0006e+00	 3.4410e+00	 9.9936e-01
3.4442e+00	 1.0006e+00	 3.4442e+00	 9.9935e-01
3.4474e+00	 1.0006e+00	 3.4474e+00	 9.9935e-01
3.4506e+00	 1.0007e+00	 3.4506e+00	 9.9936e-01
3.4538e+00	 1.0007e+00	 3.4538e+00	 9.9936e-01
3.4570e+00	 1.0007e+00	 3.4570e+00	 9.9937e-01
3.4602e+00	 1.0007e+00	 3.4602e+00	 9.9940e-01
3.4635e+00	 1.0007e+00	 3.4635e+00	 9.9942e-01
3.4667e+00	 1.0008e+00	 3.4667e+00	 9.9946e-01
3.4699e+00	 1.0008e+00	 3.4699e+00	 9.9951e-01
3.4732e+00	 1.0008e+00	 3.4732e+00	 9.9956e-01
3.4764e+00	 1.0007e+00	 3.4764e+00	 9.9962e-01
3.4796e+00	 1.0007e+00	 3.4796e+00	 9.9969e-01
3.4829e+00	 1.0007e+00	 3.4829e+00	 9.9976e-01
3.4861e+00	 1.0006e+00	 3.4861e+00	 9.9983e-01
3.4893e+00	 1.0006e+00	 3.4893e+00	 9.9991e-01
3.4926e+00	 1.0006e+00	 3.4926e+00	 9.9998e-01
3.4958e+00	 1.0005e+00	 3.4958e+00	 1.0001e+00
3.4991e+00	 1.0005e+00	 3.4991e+00	 1.0001e+00
3.5024e+00	 1.0004e+00	 3.5024e+00	 1.0002e+00
3.5056e+00	 1.0004e+00	 3.5056e+00	 1.0003e+00
3.5089e+00	 1.0003e+00	 3.5089e+00	 1.0003e+00
3.5122e+00	 1.0003e+00	 3.5122e+00	 1.0004e+00
3.5154e+00	 1.0003e+00	 3.5154e+00	 1.0005e+00
3.5187e+00	 1.0002e+00	 3.5187e+00	 1.0005e+00
3.5220e+00	 1.0002e+00	 3.5220e+00	 1.0005e+00
3.5252e+00	 1.0002e+00	 3.5252e+00	 1.0006e+00
3.5285e+00	 1.0002e+00	 3.5285e+00	 1.0006e+00
3.5318e+00	 1.0002e+00	 3.5318e+00	 1.0006e+00
3.5351e+00	 1.0002e+00	 3.5351e+00	 1.0007e+00
3.5384e+00	 1.0002e+00	 3.5384e+00	 1.0007e+00
3.5417e+00	 1.0003e+00	 3.5417e+00	 1.0007e+00
3.5450e+00	 1.0003e+00	 3.5450e+00	 1.0007e+00
3.5483e+00	 1.0003e+00	 3.5483e+00	 1.0007e+00
3.5516e+00	 1.0003e+00	 3.5516e+00	 1.0007e+00
3.5549e+00	 1.0004e+00	 3.5549e+00	 1.0007e+00
3.5582e+00	 1.0004e+00	 3.5582e+00	 1.0007e+00
3.5615e+00	 1.0005e+00	 3.5615e+00	 1.0007e+00
3.5648e+00	 1.0005e+00	 3.5648e+00	 1.0007e+00
3.5681e+00	 1.0006e+00	 3.5681e+00	 1.0007e+00
3.5714e+00	 1.0006e+00	 3.5714e+00	 1.0007e+00
3.5748e+00	 1.0006e+00	 3.5748e+00	 1.0007e+00
3.5781e+00	 1.0007e+00	 3.5781e+00	 1.0006e+00
3.5814e+00	 1.0007e+00	 3.5814e+00	 1.0006e+00
3.5848e+00	 1.0008e+00	 3.5848e+00	 1.0006e+00
3.5881e+00	 1.0008e+00	 3.5881e+00	 1.0006e+00
3.5914e+00	 1.0008e+00	 3.5914e+00	 1.0006e+00
3.5948e+00	 1.0009e+00	 3.5948e+00	 1.0006e+00
3.5981e+00	 1.0009e+00	 3.5981e+00	 1.0006e+00
3.6014e+00	 1.0009e+00	 3.6014e+00	 1.0005e+00
3.6048e+00	 1.0009e+00	 3.6048e+00	 1.0005e+00
3.6082e+00	 1.0009e+00	 3.6082e+00	 1.0005e+00
3.6115e+00	 1.0009e+00	 3.6115e+00	 1.0005e+00
3.6149e+00	 1.0009e+00	 3.6149e+00	 1.0005e+00
3.6182e+00	 1.0009e+00	 3.6182e+00	 1.0005e+00
3.6216e+00	 1.0009e+00	 3.6216e+00	 1.0005e+00
3.6250e+00	 1.0009e+00	 3.6250e+00	 1.0005e+00
3.6283e+00	 1.0009e+00	 3.6283e+00	 1.0004e+00
3.6317e+00	 1.0009e+00	 3.6317e+00	 1.0004e+00
3.6351e+00	 1.0009e+00	 3.6351e+00	 1.0003e+00
3.6385e+00	 1.0008e+00	 3.6385e+00	 1.0003e+00
3.6418e+00	 1.0008e+00	 3.6418e+00	 1.0002e+00
3.6452e+00	 1.0008e+00	 3.6452e+00	 1.0001e+00
3.6486e+00	 1.0008e+00	 3.6486e+00	 1.0001e+00
3.6520e+00	 1.0008e+00	 3.6520e+00	 1.0000e+00
3.6554e+00	 1.0007e+00	 3.6554e+00	 9.9996e-01
3.6588e+00	 1.0007e+00	 3.6588e+00	 9.9991e-01
3.6622e+00	 1.0007e+00	 3.6622e+00	 9.9986e-01
3.6656e+00	 1.0007e+00	 3.6656e+00	 9.9982e-01
3.6690e+00	 1.0007e+00	 3.6690e+00	 9.9979e-01
3.6724e+00	 1.0007e+00	 3.6724e+00	 9.9976e-01
3.6758e+00	 1.0006e+00	 3.6758e+00	 9.9975e-01
3.6792e+00	 1.0006e+00	 3.6792e+00	 9.9974e-01
3.6827e+00	 1.0006e+00	 3.6827e+00	 9.9974e-01
3.6861e+00	 1.0006e+00	 3.6861e+00	 9.9974e-01
3.6895e+00	 1.0006e+00	 3.6895e+00	 9.9975e-01
3.6929e+00	 1.0005e+00	 3.6929e+00	 9.9976e-01
3.6963e+00	 1.0005e+00	 3.6963e+00	 9.9978e-01
3.6998e+00	 1.0005e+00	 3.6998e+00	 9.9980e-01
3.7032e+00	 1.0005e+00	 3.7032e+00	 9.9981e-01
3.7067e+00	 1.0006e+00	 3.7067e+00	 9.9982e-01
3.7101e+00	 1.0006e+00	 3.7101e+00	 9.9984e-01
3.7136e+00	 1.0006e+00	 3.7136e+00	 9.9985e-01
3.7170e+00	 1.0006e+00	 3.7170e+00	 9.9985e-01
3.7205e+00	 1.0006e+00	 3.7205e+00	 9.9985e-01
3.7239e+00	 1.0007e+00	 3.7239e+00	 9.9986e-01
3.7274e+00	 1.0007e+00	 3.7274e+00	 9.9986e-01
3.7308e+00	 1.0007e+00	 3.7308e+00	 9.9987e-01
3.7343e+00	 1.0007e+00	 3.7343e+00	 9.9988e-01
3.7378e+00	 1.0007e+00	 3.7378e+00	 9.9989e-01
3.7412e+00	 1.0007e+00	 3.7412e+00	 9.9991e-01
3.7447e+00	 1.0008e+00	 3.7447e+00	 9.9993e-01
3.7482e+00	 1.0008e+00	 3.7482e+00	 9.9996e-01
3.7517e+00	 1.0008e+00	 3.7517e+00	 9.9999e-01
3.7551e+00	 1.0008e+00	 3.7551e+00	 1.0000e+00
3.7586e+00	 1.0008e+00	 3.7586e+00	 1.0001e+00
3.7621e+00	 1.0009e+00	 3.7621e+00	 1.0001e+00
3.7656e+00	 1.0009e+00	 3.7656e+00	 1.0001e+00
3.7691e+00	 1.0009e+00	 3.7691e+00	 1.0002e+00
3.7726e+00	 1.0010e+00	 3.7726e+00	 1.0002e+00
3.7761e+00	 1.0010e+00	 3.7761e+00	 1.0003e+00
3.7796e+00	 1.0011e+00	 3.7796e+00	 1.0003e+00
3.7832e+00	 1.0011e+00	 3.7832e+00	 1.0004e+00
3.7867e+00	 1.0011e+00	 3.7867e+00	 1.0004e+00
3.7902e+00	 1.0011e+00	 3.7902e+00	 1.0005e+00
3.7937e+00	 1.0012e+00	 3.7937e+00	 1.0005e+00
3.7972e+00	 1.0012e+00	 3.7972e+00	 1.0006e+00
3.8008e+00	 1.0012e+00	 3.8008e+00	 1.0007e+00
3.8043e+00	 1.0012e+00	 3.8043e+00	 1.0007e+00
3.8078e+00	 1.0012e+00	 3.8078e+00	 1.0008e+00
3.8114e+00	 1.0012e+00	 3.8114e+00	 1.0008e+00
3.8149e+00	 1.0012e+00	 3.8149e+00	 1.0009e+00
3.8184e+00	 1.0012e+00	 3.8184e+00	 1.0009e+00
3.8220e+00	 1.0012e+00	 3.8220e+00	 1.0010e+00
3.8255e+00	 1.0011e+00	 3.8255e+00	 1.0010e+00
3.8291e+00	 1.0011e+00	 3.8291e+00	 1.0010e+00
3.8326e+00	 1.0011e+00	 3.8326e+00	 1.0011e+00
3.8362e+00	 1.0011e+00	 3.8362e+00	 1.0011e+00
3.8397e+00	 1.0010e+00	 3.8397e+00	 1.0011e+00
3.8433e+00	 1.0010e+00	 3.8433e+00	 1.0011e+00
3.8469e+00	 1.0010e+00	 3.8469e+00	 1.0010e+00
3.8504e+00	 1.0009e+00	 3.8504e+00	 1.0010e+00
3.8540e+00	 1.0009e+00	 3.8540e+00	 1.0010e+00
3.8576e+00	 1.0009e+00	 3.8576e+00	 1.0009e+00
3.8612e+00	 1.0009e+00	 3.8612e+00	 1.0009e+00
3.8647e+00	 1.0008e+00	 3.8647e+00	 1.0009e+00
3.8683e+00	 1.0008e+00	 3.8683e+00	 1.0008e+00
3.8719e+00	 1.0008e+00	 3.8719e+00	 1.0008e+00
3.8755e+00	 1.0008e+00	 3.8755e+00	 1.0007e+00
3.8791e+00	 1.0008e+00	 3.8791e+00	 1.0007e+00
3.8827e+00	 1.0008e+00	 3.8827e+00	 1.0006e+00
3.8863e+00	 1.0008e+00	 3.8863e+00	 1.0006e+00
3.8899e+00	 1.0008e+00	 3.8899e+00	 1.0005e+00
3.8935e+00	 1.0008e+00	 3.8935e+00	 1.0005e+00
3.8971e+00	 1.0008e+00	 3.8971e+00	 1.0004e+00
3.9007e+00	 1.0008e+00	 3.9007e+00	 1.0004e+00
3.9043e+00	 1.0009e+00	 3.9043e+00	 1.0004e+00
3.9079e+00	 1.0008e+00	 3.9079e+00	 1.0003e+00
3.9116e+00	 1.0009e+00	 3.9116e+00	 1.0003e+00
3.9152e+00	 1.0008e+00	 3.9152e+00	 1.0002e+00
3.9188e+00	 1.0009e+00	 3.9188e+00	 1.0002e+00
3.9224e+00	 1.0009e+00	 3.9224e+00	 1.0002e+00
3.9261e+00	 1.0009e+00	 3.9261e+00	 1.0002e+00
3.9297e+00	 1.0009e+00	 3.9297e+00	 1.0002e+00
3.9334e+00	 1.0009e+00	 3.9334e+00	 1.0001e+00
3.9370e+00	 1.0009e+00	 3.9370e+00	 1.0001e+00
3.9407e+00	 1.0009e+00	 3.9407e+00	 1.0001e+00
3.9443e+00	 1.0010e+00	 3.9443e+00	 1.0001e+00
3.9480e+00	 1.0010e+00	 3.9480e+00	 1.0001e+00
3.9516e+00	 1.0010e+00	 3.9516e+00	 1.0001e+00
3.9553e+00	 1.0010e+00	 3.9553e+00	 1.0001e+00
3.9590e+00	 1.0010e+00	 3.9590e+00	 1.0001e+00
3.9626e+00	 1.0010e+00	 3.9626e+00	 1.0000e+00
3.9663e+00	 1.0010e+00	 3.9663e+00	 1.0000e+00
3.9700e+00	 1.0010e+00	 3.9700e+00	 9.9999e-01
3.9737e+00	 1.0010e+00	 3.9737e+00	 9.9997e-01
3.9773e+00	 1.0010e+00	 3.9773e+00	 9.9994e-01
3.9810e+00	 1.0009e+00	 3.9810e+00	 9.9992e-01
3.9847e+00	 1.0009e+00	 3.9847e+00	 9.9988e-01
3.9884e+00	 1.0009e+00	 3.9884e+00	 9.9985e-01
3.9921e+00	 1.0008e+00	 3.9921e+00	 9.9982e-01
3.9958e+00	 1.0008e+00	 3.9958e+00	 9.9978e-01
3.9995e+00	 1.0008e+00	 3.9995e+00	 9.9975e-01
4.0032e+00	 1.0008e+00	 4.0032e+00	 9.9971e-01
4.0069e+00	 1.0007e+00	 4.0069e+00	 9.9967e-01
4.0107e+00	 1.0007e+00	 4.0107e+00	 9.9965e-01
4.0144e+00	 1.0006e+00	 4.0144e+00	 9.9961e-01
4.0181e+00	 1.0006e+00	 4.0181e+00	 9.9959e-01
4.0218e+00	 1.0006e+00	 4.0218e+00	 9.9956e-01
4.0255e+00	 1.0005e+00	 4.0255e+00	 9.9953e-01
4.0293e+00	 1.0005e+00	 4.0293e+00	 9.9951e-01
4.0330e+00	 1.0005e+00	 4.0330e+00	 9.9950e-01
4.0367e+00	 1.0004e+00	 4.0367e+00	 9.9948e-01
4.0405e+00	 1.0004e+00	 4.0405e+00	 9.9947e-01
4.0442e+00	 1.0004e+00	 4.0442e+00	 9.9946e-01
4.0480e+00	 1.0004e+00	 4.0480e+00	 9.9945e-01
4.0517e+00	 1.0004e+00	 4.0517e+00	 9.9946e-01
4.0555e+00	 1.0004e+00	 4.0555e+00	 9.9946e-01
4.0592e+00	 1.0004e+00	 4.0592e+00	 9.9947e-01
4.0630e+00	 1.0004e+00	 4.0630e+00	 9.9948e-01
4.0667e+00	 1.0005e+00	 4.0667e+00	 9.9950e-01
4.0705e+00	 1.0005e+00	 4.0705e+00	 9.9951e-01
4.0742e+00	 1.0005e+00	 4.0742e+00	 9.9953e-01
4.0780e+00	 1.0005e+00	 4.0780e+00	 9.9956e-01
4.0818e+00	 1.0006e+00	 4.0818e+00	 9.9958e-01
4.0856e+00	 1.0006e+00	 4.0856e+00	 9.9961e-01
4.0893e+00	 1.0006e+00	 4.0893e+00	 9.9963e-01
4.0931e+00	 1.0006e+00	 4.0931e+00	 9.9966e-01
4.0969e+00	 1.0007e+00	 4.0969e+00	 9.9968e-01
4.1007e+00	 1.0007e+00	 4.1007e+00	 9.9970e-01
4.1045e+00	 1.0007e+00	 4.1045e+00	 9.9972e-01
4.1083e+00	 1.0008e+00	 4.1083e+00	 9.9974e-01
4.1121e+00	 1.0008e+00	 4.1121e+00	 9.9976e-01
4.1159e+00	 1.0009e+00	 4.1159e+00	 9.9977e-01
4.1197e+00	 1.0009e+00	 4.1197e+00	 9.9978e-01
4.1235e+00	 1.0010e+00	 4.1235e+00	 9.9980e-01
4.1273e+00	 1.0010e+00	 4.1273e+00	 9.9981e-01
4.1311e+00	 1.0011e+00	 4.1311e+00	 9.9982e-01
4.1350e+00	 1.0011e+00	 4.1350e+00	 9.9985e-01
4.1388e+00	 1.0012e+00	 4.1388e+00	 9.9987e-01
4.1426e+00	 1.0012e+00	 4.1426e+00	 9.9989e-01
4.1464e+00	 1.0013e+00	 4.1464e+00	 9.9991e-01
4.1503e+00	 1.0013e+00	 4.1503e+00	 9.9993e-01
4.1541e+00	 1.0014e+00	 4.1541e+00	 9.9996e-01
4.1580e+00	 1.0014e+00	 4.1580e+00	 9.9998e-01
4.1618e+00	 1.0014e+00	 4.1618e+00	 1.0000e+00
4.1657e+00	 1.0014e+00	 4.1657e+00	 1.0000e+00
4.1695e+00	 1.0015e+00	 4.1695e+00	 1.0000e+00
4.1734e+00	 1.0015e+00	 4.1734e+00	 1.0001e+00
4.1772e+00	 1.0015e+00	 4.1772e+00	 1.0001e+00
4.1811e+00	 1.0015e+00	 4.1811e+00	 1.0001e+00
4.1850e+00	 1.0015e+00	 4.1850e+00	 1.0001e+00
4.1888e+00	 1.0015e+00	 4.1888e+00	 1.0001e+00
4.1927e+00	 1.0015e+00	 4.1927e+00	 1.0001e+00
4.1966e+00	 1.0015e+00	 4.1966e+00	 1.0001e+00
4.2005e+00	 1.0015e+00	 4.2005e+00	 1.0000e+00
4.2043e+00	 1.0015e+00	 4.2043e+00	 1.0000e+00
4.2082e+00	 1.0015e+00	 4.2082e+00	 1.0000e+00
4.2121e+00	 1.0014e+00	 4.2121e+00	 9.9999e-01
4.2160e+00	 1.0014e+00	 4.2160e+00	 9.9997e-01
4.2199e+00	 1.0014e+00	 4.2199e+00	 9.9995e-01
4.2238e+00	 1.0014e+00	 4.2238e+00	 9.9993e-01
4.2277e+00	 1.0013e+00	 4.2277e+00	 9.9990e-01
4.2316e+00	 1.0013e+00	 4.2316e+00	 9.9988e-01
4.2355e+00	 1.0013e+00	 4.2355e+00	 9.9986e-01
4.2394e+00	 1.0012e+00	 4.2394e+00	 9.9985e-01
4.2433e+00	 1.0012e+00	 4.2433e+00	 9.9983e-01
4.2472e+00	 1.0012e+00	 4.2472e+00	 9.9982e-01
4.2512e+00	 1.0012e+00	 4.2512e+00	 9.9981e-01
4.2551e+00	 1.0011e+00	 4.2551e+00	 9.9981e-01
4.2590e+00	 1.0011e+00	 4.2590e+00	 9.9981e-01
4.2630e+00	 1.0011e+00	 4.2630e+00	 9.9981e-01
4.2669e+00	 1.0010e+00	 4.2669e+00	 9.9981e-01
4.2708e+00	 1.0011e+00	 4.2708e+00	 9.9981e-01
4.2748e+00	 1.0010e+00	 4.2748e+00	 9.9981e-01
4.2787e+00	 1.0010e+00	 4.2787e+00	 9.9981e-01
4.2827e+00	 1.0010e+00	 4.2827e+00	 9.9981e-01
4.2866e+00	 1.0010e+00	 4.2866e+00	 9.9982e-01
4.2906e+00	 1.0010e+00	 4.2906e+00	 9.9982e-01
4.2946e+00	 1.0010e+00	 4.2946e+00	 9.9983e-01
4.2985e+00	 1.0010e+00	 4.2985e+00	 9.9984e-01
4.3025e+00	 1.0010e+00	 4.3025e+00	 9.9985e-01
4.3065e+00	 1.0010e+00	 4.3065e+00	 9.9985e-01
4.3105e+00	 1.0010e+00	 4.3105e+00	 9.9985e-01
4.3145e+00	 1.0010e+00	 4.3145e+00	 9.9986e-01
4.3184e+00	 1.0010e+00	 4.3184e+00	 9.9986e-01
4.3224e+00	 1.0010e+00	 4.3224e+00	 9.9986e-01
4.3264e+00	 1.0010e+00	 4.3264e+00	 9.9986e-01
4.3304e+00	 1.0010e+00	 4.3304e+00	 9.9987e-01
4.3344e+00	 1.0010e+00	 4.3344e+00	 9.9987e-01
4.3384e+00	 1.0010e+00	 4.3384e+00	 9.9988e-01
4.3424e+00	 1.0010e+00	 4.3424e+00	 9.9989e-01
4.3464e+00	 1.0011e+00	 4.3464e+00	 9.9990e-01
4.3505e+00	 1.0011e+00	 4.3505e+00	 9.9991e-01
4.3545e+00	 1.0011e+00	 4.3545e+00	 9.9991e-01
4.3585e+00	 1.0012e+00	 4.3585e+00	 9.9992e-01
4.3625e+00	 1.0012e+00	 4.3625e+00	 9.9991e-01
4.3666e+00	 1.0013e+00	 4.3666e+00	 9.9991e-01
4.3706e+00	 1.0013e+00	 4.3706e+00	 9.9990e-01
4.3746e+00	 1.0014e+00	 4.3746e+00	 9.9989e-01
4.3787e+00	 1.0014e+00	 4.3787e+00	 9.9988e-01
4.3827e+00	 1.0015e+00	 4.3827e+00	 9.9987e-01
4.3867e+00	 1.0015e+00	 4.3867e+00	 9.9987e-01
4.3908e+00	 1.0015e+00	 4.3908e+00	 9.9986e-01
4.3948e+00	 1.0015e+00	 4.3948e+00	 9.9985e-01
4.3989e+00	 1.0015e+00	 4.3989e+00	 9.9985e-01
4.4029e+00	 1.0016e+00	 4.4029e+00	 9.9984e-01
4.4070e+00	 1.0016e+00	 4.4070e+00	 9.9982e-01
4.4111e+00	 1.0016e+00	 4.4111e+00	 9.9981e-01
4.4151e+00	 1.0016e+00	 4.4151e+00	 9.9979e-01
4.4192e+00	 1.0015e+00	 4.4192e+00	 9.9977e-01
4.4233e+00	 1.0015e+00	 4.4233e+00	 9.9974e-01
4.4274e+00	 1.0015e+00	 4.4274e+00	 9.9971e-01
4.4314e+00	 1.0015e+00	 4.4314e+00	 9.9968e-01
4.4355e+00	 1.0014e+00	 4.4355e+00	 9.9965e-01
4.4396e+00	 1.0014e+00	 4.4396e+00	 9.9962e-01
4.4437e+00	 1.0013e+00	 4.4437e+00	 9.9959e-01
4.4478e+00	 1.0012e+00	 4.4478e+00	 9.9957e-01
4.4519e+00	 1.0012e+00	 4.4519e+00	 9.9954e-01
4.4560e+00	 1.0011e+00	 4.4560e+00	 9.9952e-01
4.4601e+00	 1.0011e+00	 4.4601e+00	 9.9951e-01
4.4642e+00	 1.0010e+00	 4.4642e+00	 9.9951e-01
4.4684e+00	 1.0009e+00	 4.4684e+00	 9.9950e-01
4.4725e+00	 1.0008e+00	 4.4725e+00	 9.9951e-01
4.4766e+00	 1.0008e+00	 4.4766e+00	 9.9952e-01
4.4807e+00	 1.0007e+00	 4.4807e+00	 9.9954e-01
4.4848e+00	 1.0007e+00	 4.4848e+00	 9.9957e-01
4.4890e+00	 1.0006e+00	 4.4890e+00	 9.9960e-01
4.4931e+00	 1.0006e+00	 4.4931e+00	 9.9963e-01
4.4973e+00	 1.0006e+00	 4.4973e+00	 9.9967e-01
4.5014e+00	 1.0005e+00	 4.5014e+00	 9.9971e-01
4.5056e+00	 1.0005e+00	 4.5056e+00	 9.9974e-01
4.5097e+00	 1.0004e+00	 4.5097e+00	 9.9977e-01
4.5139e+00	 1.0004e+00	 4.5139e+00	 9.9980e-01
4.5180e+00	 1.0004e+00	 4.5180e+00	 9.9983e-01
4.5222e+00	 1.0004e+00	 4.5222e+00	 9.9986e-01
4.5264e+00	 1.0004e+00	 4.5264e+00	 9.9988e-01
4.5305e+00	 1.0004e+00	 4.5305e+00	 9.9990e-01
4.5347e+00	 1.0004e+00	 4.5347e+00	 9.9992e-01
4.5389e+00	 1.0004e+00	 4.5389e+00	 9.9993e-01
4.5431e+00	 1.0005e+00	 4.5431e+00	 9.9995e-01
4.5473e+00	 1.0005e+00	 4.5473e+00	 9.9996e-01
4.5515e+00	 1.0005e+00	 4.5515e+00	 9.9997e-01
4.5557e+00	 1.0006e+00	 4.5557e+00	 9.9998e-01
4.5599e+00	 1.0006e+00	 4.5599e+00	 9.9998e-01
4.5641e+00	 1.0007e+00	 4.5641e+00	 9.9999e-01
4.5683e+00	 1.0007e+00	 4.5683e+00	 9.9999e-01
4.5725e+00	 1.0008e+00	 4.5725e+00	 1.0000e+00
4.5767e+00	 1.0009e+00	 4.5767e+00	 1.0000e+00
4.5809e+00	 1.0009e+00	 4.5809e+00	 1.0000e+00
4.5851e+00	 1.0010e+00	 4.5851e+00	 1.0000e+00
4.5893e+00	 1.0011e+00	 4.5893e+00	 1.0000e+00
4.5936e+00	 1.0012e+00	 4.5936e+00	 1.0000e+00
4.5978e+00	 1.0012e+00	 4.5978e+00	 1.0001e+00
4.6020e+00	 1.0013e+00	 4.6020e+00	 1.0001e+00
4.6063e+00	 1.0014e+00	 4.6063e+00	 1.0001e+00
4.6105e+00	 1.0015e+00	 4.6105e+00	 1.0001e+00
4.6147e+00	 1.0016e+00	 4.6147e+00	 1.0001e+00
4.6190e+00	 1.0016e+00	 4.6190e+00	 1.0001e+00
4.6232e+00	 1.0017e+00	 4.6232e+00	 1.0001e+00
4.6275e+00	 1.0017e+00	 4.6275e+00	 1.0001e+00
4.6318e+00	 1.0018e+00	 4.6318e+00	 1.0001e+00
4.6360e+00	 1.0018e+00	 4.6360e+00	 1.0000e+00
4.6403e+00	 1.0018e+00	 4.6403e+00	 9.9996e-01
4.6446e+00	 1.0018e+00	 4.6446e+00	 9.9991e-01
4.6488e+00	 1.0018e+00	 4.6488e+00	 9.9985e-01
4.6531e+00	 1.0018e+00	 4.6531e+00	 9.9978e-01
4.6574e+00	 1.0017e+00	 4.6574e+00	 9.9971e-01
4.6617e+00	 1.0017e+00	 4.6617e+00	 9.9964e-01
4.6660e+00	 1.0016e+00	 4.6660e+00	 9.9956e-01
4.6703e+00	 1.0016e+00	 4.6703e+00	 9.9949e-01
4.6746e+00	 1.0015e+00	 4.6746e+00	 9.9942e-01
4.6789e+00	 1.0015e+00	 4.6789e+00	 9.9936e-01
4.6832e+00	 1.0014e+00	 4.6832e+00	 9.9930e-01
4.6875e+00	 1.0013e+00	 4.6875e+00	 9.9925e-01
4.6918e+00	 1.0013e+00	 4.6918e+00	 9.9921e-01
4.6961e+00	 1.0012e+00	 4.6961e+00	 9.9919e-01
4.7004e+00	 1.0012e+00	 4.7004e+00	 9.9917e-01
4.7047e+00	 1.0012e+00	 4.7047e+00	 9.9917e-01
4.7091e+00	 1.0011e+00	 4.7091e+00	 9.9918e-01
4.7134e+00	 1.0011e+00	 4.7134e+00	 9.9920e-01
4.7178e+00	 1.0011e+00	 4.7178e+00	 9.9922e-01
4.7221e+00	 1.0011e+00	 4.7221e+00	 9.9927e-01
4.7265e+00	 1.0010e+00	 4.7265e+00	 9.9932e-01
4.7308e+00	 1.0011e+00	 4.7308e+00	 9.9937e-01
4.7352e+00	 1.0011e+00	 4.7352e+00	 9.9945e-01
4.7395e+00	 1.0011e+00	 4.7395e+00	 9.9953e-01
4.7439e+00	 1.0011e+00	 4.7439e+00	 9.9962e-01
4.7483e+00	 1.0011e+00	 4.7483e+00	 9.9972e-01
4.7526e+00	 1.0011e+00	 4.7526e+00	 9.9982e-01
4.7570e+00	 1.0011e+00	 4.7570e+00	 9.9993e-01
4.7614e+00	 1.0012e+00	 4.7614e+00	 1.0001e+00
4.7658e+00	 1.0012e+00	 4.7658e+00	 1.0002e+00
4.7701e+00	 1.0012e+00	 4.7701e+00	 1.0003e+00
4.7745e+00	 1.0012e+00	 4.7745e+00	 1.0004e+00
4.7789e+00	 1.0012e+00	 4.7789e+00	 1.0005e+00
4.7833e+00	 1.0012e+00	 4.7833e+00	 1.0006e+00
4.7877e+00	 1.0012e+00	 4.7877e+00	 1.0007e+00
4.7921e+00	 1.0013e+00	 4.7921e+00	 1.0008e+00
4.7965e+00	 1.0013e+00	 4.7965e+00	 1.0008e+00
4.8009e+00	 1.0012e+00	 4.8009e+00	 1.0009e+00
4.8053e+00	 1.0012e+00	 4.8053e+00	 1.0009e+00
4.8098e+00	 1.0012e+00	 4.8098e+00	 1.0009e+00
4.8142e+00	 1.0012e+00	 4.8142e+00	 1.0009e+00
4.8186e+00	 1.0012e+00	 4.8186e+00	 1.0009e+00
4.8230e+00	 1.0012e+00	 4.8230e+00	 1.0009e+00
4.8274e+00	 1.0012e+00	 4.8274e+00	 1.0009e+00
4.8319e+00	 1.0012e+00	 4.8319e+00	 1.0008e+00
4.8363e+00	 1.0012e+00	 4.8363e+00	 1.0008e+00
4.8408e+00	 1.0012e+00	 4.8408e+00	 1.0008e+00
4.8452e+00	 1.0012e+00	 4.8452e+00	 1.0007e+00
4.8497e+00	 1.0012e+00	 4.8497e+00	 1.0007e+00
4.8541e+00	 1.0013e+00	 4.8541e+00	 1.0006e+00
4.8586e+00	 1.0013e+00	 4.8586e+00	 1.0005e+00
4.8630e+00	 1.0013e+00	 4.8630e+00	 1.0005e+00
4.8675e+00	 1.0014e+00	 4.8675e+00	 1.0004e+00
4.8720e+00	 1.0014e+00	 4.8720e+00	 1.0004e+00
4.8765e+00	 1.0015e+00	 4.8765e+00	 1.0003e+00
4.8809e+00	 1.0015e+00	 4.8809e+00	 1.0003e+00
4.8854e+00	 1.0016e+00	 4.8854e+00	 1.0003e+00
4.8899e+00	 1.0016e+00	 4.8899e+00	 1.0002e+00
4.8944e+00	 1.0016e+00	 4.8944e+00	 1.0002e+00
4.8989e+00	 1.0016e+00	 4.8989e+00	 1.0002e+00
4.9034e+00	 1.0017e+00	 4.9034e+00	 1.0002e+00
4.9079e+00	 1.0017e+00	 4.9079e+00	 1.0002e+00
4.9124e+00	 1.0017e+00	 4.9124e+00	 1.0002e+00
4.9169e+00	 1.0017e+00	 4.9169e+00	 1.0003e+00
4.9215e+00	 1.0017e+00	 4.9215e+00	 1.0003e+00
4.9260e+00	 1.0017e+00	 4.9260e+00	 1.0003e+00
4.9305e+00	 1.0017e+00	 4.9305e+00	 1.0003e+00
4.9350e+00	 1.0016e+00	 4.9350e+00	 1.0004e+00
4.9396e+00	 1.0016e+00	 4.9396e+00	 1.0004e+00
4.9441e+00	 1.0016e+00	 4.9441e+00	 1.0004e+00
4.9486e+00	 1.0016e+00	 4.9486e+00	 1.0004e+00
4.9532e+00	 1.0015e+00	 4.9532e+00	 1.0004e+00
4.9577e+00	 1.0014e+00	 4.9577e+00	 1.0004e+00
4.9623e+00	 1.0014e+00	 4.9623e+00	 1.0004e+00
4.9668e+00	 1.0013e+00	 4.9668e+00	 1.0004e+00
4.9714e+00	 1.0013e+00	 4.9714e+00	 1.0003e+00
4.9760e+00	 1.0012e+00	 4.9760e+00	 1.0003e+00
4.9805e+00	 1.0012e+00	 4.9805e+00	 1.0003e+00
4.9851e+00	 1.0011e+00	 4.9851e+00	 1.0002e+00
4.9897e+00	 1.0010e+00	 4.9897e+00	 1.0002e+00
4.9943e+00	 1.0010e+00	 4.9943e+00	 1.0002e+00
4.9988e+00	 1.0009e+00	 4.9988e+00	 1.0001e+00
5.0034e+00	 1.0009e+00	 5.0034e+00	 1.0001e+00
5.0080e+00	 1.0008e+00	 5.0080e+00	 1.0001e+00
5.0126e+00	 1.0008e+00	 5.0126e+00	 1.0000e+00
5.0172e+00	 1.0007e+00	 5.0172e+00	 9.9998e-01
5.0218e+00	 1.0007e+00	 5.0218e+00	 9.9995e-01
5.0264e+00	 1.0006e+00	 5.0264e+00	 9.9993e-01
5.0310e+00	 1.0006e+00	 5.0310e+00	 9.9990e-01
5.0357e+00	 1.0006e+00	 5.0357e+00	 9.9987e-01
5.0403e+00	 1.0006e+00	 5.0403e+00	 9.9985e-01
5.0449e+00	 1.0006e+00	 5.0449e+00	 9.9982e-01
5.0495e+00	 1.0006e+00	 5.0495e+00	 9.9979e-01
5.0541e+00	 1.0006e+00	 5.0541e+00	 9.9976e-01
5.0588e+00	 1.0006e+00	 5.0588e+00	 9.9973e-01
5.0634e+00	 1.0006e+00	 5.0634e+00	 9.9970e-01
5.0681e+00	 1.0007e+00	 5.0681e+00	 9.9967e-01
5.0727e+00	 1.0007e+00	 5.0727e+00	 9.9964e-01
5.0774e+00	 1.0007e+00	 5.0774e+00	 9.9961e-01
5.0820e+00	 1.0007e+00	 5.0820e+00	 9.9958e-01
5.0867e+00	 1.0008e+00	 5.0867e+00	 9.9955e-01
5.0914e+00	 1.0008e+00	 5.0914e+00	 9.9952e-01
5.0960e+00	 1.0008e+00	 5.0960e+00	 9.9950e-01
5.1007e+00	 1.0009e+00	 5.1007e+00	 9.9948e-01
5.1054e+00	 1.0009e+00	 5.1054e+00	 9.9946e-01
5.1101e+00	 1.0009e+00	 5.1101e+00	 9.9945e-01
5.1147e+00	 1.0009e+00	 5.1147e+00	 9.9944e-01
5.1194e+00	 1.0010e+00	 5.1194e+00	 9.9943e-01
5.1241e+00	 1.0010e+00	 5.1241e+00	 9.9943e-01
5.1288e+00	 1.0010e+00	 5.1288e+00	 9.9944e-01
5.1335e+00	 1.0010e+00	 5.1335e+00	 9.9945e-01
5.1382e+00	 1.0010e+00	 5.1382e+00	 9.9947e-01
5.1430e+00	 1.0011e+00	 5.1430e+00	 9.9949e-01
5.1477e+00	 1.0010e+00	 5.1477e+00	 9.9951e-01
5.1524e+00	 1.0011e+00	 5.1524e+00	 9.9953e-01
5.1571e+00	 1.0011e+00	 5.1571e+00	 9.9956e-01
5.1619e+00	 1.0011e+00	 5.1619e+00	 9.9959e-01
5.1666e+00	 1.0011e+00	 5.1666e+00	 9.9962e-01
5.1713e+00	 1.0011e+00	 5.1713e+00	 9.9966e-01
5.1761e+00	 1.0012e+00	 5.1761e+00	 9.9969e-01
5.1808e+00	 1.0012e+00	 5.1808e+00	 9.9972e-01
5.1856e+00	 1.0012e+00	 5.1856e+00	 9.9975e-01
5.1903e+00	 1.0012e+00	 5.1903e+00	 9.9977e-01
5.1951e+00	 1.0013e+00	 5.1951e+00	 9.9979e-01
5.1998e+00	 1.0013e+00	 5.1998e+00	 9.9981e-01
5.2046e+00	 1.0013e+00	 5.2046e+00	 9.9981e-01
5.2093e+00	 1.0013e+00	 5.2093e+00	 9.9982e-01
5.2141e+00	 1.0013e+00	 5.2141e+00	 9.9982e-01
5.2189e+00	 1.0014e+00	 5.2189e+00	 9.9981e-01
5.2237e+00	 1.0014e+00	 5.2237e+00	 9.9980e-01
5.2285e+00	 1.0014e+00	 5.2285e+00	 9.9978e-01
5.2333e+00	 1.0014e+00	 5.2333e+00	 9.9977e-01
5.2381e+00	 1.0014e+00	 5.2381e+00	 9.9975e-01
5.2428e+00	 1.0014e+00	 5.2428e+00	 9.9973e-01
5.2477e+00	 1.0014e+00	 5.2477e+00	 9.9971e-01
5.2524e+00	 1.0014e+00	 5.2524e+00	 9.9969e-01
5.2573e+00	 1.0013e+00	 5.2573e+00	 9.9967e-01
5.2621e+00	 1.0013e+00	 5.2621e+00	 9.9966e-01
5.2669e+00	 1.0013e+00	 5.2669e+00	 9.9964e-01
5.2717e+00	 1.0013e+00	 5.2717e+00	 9.9962e-01
5.2765e+00	 1.0013e+00	 5.2765e+00	 9.9961e-01
5.2814e+00	 1.0013e+00	 5.2814e+00	 9.9959e-01
5.2862e+00	 1.0013e+00	 5.2862e+00	 9.9958e-01
5.2910e+00	 1.0012e+00	 5.2910e+00	 9.9957e-01
5.2959e+00	 1.0013e+00	 5.2959e+00	 9.9956e-01
5.3007e+00	 1.0013e+00	 5.3007e+00	 9.9955e-01
5.3056e+00	 1.0013e+00	 5.3056e+00	 9.9955e-01
5.3104e+00	 1.0013e+00	 5.3104e+00	 9.9955e-01
5.3153e+00	 1.0013e+00	 5.3153e+00	 9.9955e-01
5.3201e+00	 1.0013e+00	 5.3201e+00	 9.9955e-01
5.3250e+00	 1.0013e+00	 5.3250e+00	 9.9957e-01
5.3299e+00	 1.0014e+00	 5.3299e+00	 9.9959e-01
5.3348e+00	 1.0014e+00	 5.3348e+00	 9.9961e-01
5.3396e+00	 1.0014e+00	 5.3396e+00	 9.9964e-01
5.3445e+00	 1.0015e+00	 5.3445e+00	 9.9967e-01
5.3494e+00	 1.0015e+00	 5.3494e+00	 9.9970e-01
5.3543e+00	 1.0015e+00	 5.3543e+00	 9.9974e-01
5.3592e+00	 1.0015e+00	 5.3592e+00	 9.9977e-01
5.3641e+00	 1.0015e+00	 5.3641e+00	 9.9982e-01
5.3690e+00	 1.0015e+00	 5.3690e+00	 9.9986e-01
5.3740e+00	 1.0015e+00	 5.3740e+00	 9.9990e-01
5.3789e+00	 1.0015e+00	 5.3789e+00	 9.9995e-01
5.3838e+00	 1.0015e+00	 5.3838e+00	 1.0000e+00
5.3887e+00	 1.0015e+00	 5.3887e+00	 1.0001e+00
5.3937e+00	 1.0015e+00	 5.3937e+00	 1.0001e+00
5.3986e+00	 1.0015e+00	 5.3986e+00	 1.0002e+00
5.4036e+00	 1.0015e+00	 5.4036e+00	 1.0002e+00
5.4085e+00	 1.0014e+00	 5.4085e+00	 1.0003e+00
5.4135e+00	 1.0014e+00	 5.4135e+00	 1.0004e+00
5.4184e+00	 1.0014e+00	 5.4184e+00	 1.0004e+00
5.4234e+00	 1.0014e+00	 5.4234e+00	 1.0005e+00
5.4283e+00	 1.0014e+00	 5.4283e+00	 1.0006e+00
5.4333e+00	 1.0014e+00	 5.4333e+00	 1.0007e+00
5.4383e+00	 1.0014e+00	 5.4383e+00	 1.0007e+00
5.4432e+00	 1.0013e+00	 5.4432e+00	 1.0008e+00
5.4482e+00	 1.0013e+00	 5.4482e+00	 1.0009e+00
5.4532e+00	 1.0013e+00	 5.4532e+00	 1.0009e+00
5.4582e+00	 1.0013e+00	 5.4582e+00	 1.0010e+00
5.4632e+00	 1.0013e+00	 5.4632e+00	 1.0010e+00
5.4681e+00	 1.0013e+00	 5.4681e+00	 1.0011e+00
5.4732e+00	 1.0013e+00	 5.4732e+00	 1.0011e+00
5.4782e+00	 1.0013e+00	 5.4782e+00	 1.0011e+00
5.4832e+00	 1.0013e+00	 5.4832e+00	 1.0011e+00
5.4882e+00	 1.0013e+00	 5.4882e+00	 1.0010e+00
5.4932e+00	 1.0014e+00	 5.4932e+00	 1.0010e+00
5.4982e+00	 1.0014e+00	 5.4982e+00	 1.0009e+00
5.5032e+00	 1.0014e+00	 5.5032e+00	 1.0009e+00
5.5083e+00	 1.0014e+00	 5.5083e+00	 1.0008e+00
5.5133e+00	 1.0014e+00	 5.5133e+00	 1.0007e+00
5.5183e+00	 1.0015e+00	 5.5183e+00	 1.0006e+00
5.5234e+00	 1.0015e+00	 5.5234e+00	 1.0005e+00
5.5284e+00	 1.0015e+00	 5.5284e+00	 1.0005e+00
5.5335e+00	 1.0015e+00	 5.5335e+00	 1.0004e+00
5.5385e+00	 1.0016e+00	 5.5385e+00	 1.0003e+00
5.5436e+00	 1.0016e+00	 5.5436e+00	 1.0002e+00
5.5487e+00	 1.0016e+00	 5.5487e+00	 1.0001e+00
5.5537e+00	 1.0016e+00	 5.5537e+00	 1.0001e+00
5.5588e+00	 1.0016e+00	 5.5588e+00	 1.0000e+00
5.5639e+00	 1.0017e+00	 5.5639e+00	 9.9995e-01
5.5690e+00	 1.0017e+00	 5.5690e+00	 9.9990e-01
5.5740e+00	 1.0017e+00	 5.5740e+00	 9.9985e-01
5.5792e+00	 1.0017e+00	 5.5792e+00	 9.9980e-01
5.5842e+00	 1.0018e+00	 5.5842e+00	 9.9975e-01
5.5893e+00	 1.0018e+00	 5.5893e+00	 9.9970e-01
5.5945e+00	 1.0018e+00	 5.5945e+00	 9.9965e-01
5.5996e+00	 1.0018e+00	 5.5996e+00	 9.9960e-01
5.6047e+00	 1.0018e+00	 5.6047e+00	 9.9955e-01
5.6098e+00	 1.0018e+00	 5.6098e+00	 9.9949e-01
5.6149e+00	 1.0018e+00	 5.6149e+00	 9.9943e-01
5.6200e+00	 1.0018e+00	 5.6200e+00	 9.9937e-01
5.6252e+00	 1.0018e+00	 5.6252e+00	 9.9931e-01
5.6303e+00	 1.0018e+00	 5.6303e+00	 9.9926e-01
5.6355e+00	 1.0018e+00	 5.6355e+00	 9.9921e-01
5.6406e+00	 1.0018e+00	 5.6406e+00	 9.9916e-01
5.6457e+00	 1.0018e+00	 5.6457e+00	 9.9912e-01
5.6509e+00	 1.0018e+00	 5.6509e+00	 9.9908e-01
5.6561e+00	 1.0018e+00	 5.6561e+00	 9.9904e-01
5.6612e+00	 1.0018e+00	 5.6612e+00	 9.9901e-01
5.6664e+00	 1.0018e+00	 5.6664e+00	 9.9899e-01
5.6716e+00	 1.0018e+00	 5.6716e+00	 9.9897e-01
5.6767e+00	 1.0017e+00	 5.6767e+00	 9.9895e-01
5.6819e+00	 1.0017e+00	 5.6819e+00	 9.9895e-01
5.6871e+00	 1.0017e+00	 5.6871e+00	 9.9895e-01
5.6923e+00	 1.0017e+00	 5.6923e+00	 9.9897e-01
5.6975e+00	 1.0017e+00	 5.6975e+00	 9.9899e-01
5.7027e+00	 1.0016e+00	 5.7027e+00	 9.9901e-01
5.7079e+00	 1.0016e+00	 5.7079e+00	 9.9904e-01
5.7131e+00	 1.0016e+00	 5.7131e+00	 9.9906e-01
5.7183e+00	 1.0016e+00	 5.7183e+00	 9.9909e-01
5.7235e+00	 1.0016e+00	 5.7235e+00	 9.9912e-01
5.7288e+00	 1.0016e+00	 5.7288e+00	 9.9915e-01
5.7340e+00	 1.0015e+00	 5.7340e+00	 9.9919e-01
5.7392e+00	 1.0015e+00	 5.7392e+00	 9.9922e-01
5.7445e+00	 1.0015e+00	 5.7445e+00	 9.9925e-01
5.7497e+00	 1.0014e+00	 5.7497e+00	 9.9929e-01
5.7550e+00	 1.0014e+00	 5.7550e+00	 9.9932e-01
5.7602e+00	 1.0014e+00	 5.7602e+00	 9.9936e-01
5.7655e+00	 1.0014e+00	 5.7655e+00	 9.9939e-01
5.7707e+00	 1.0013e+00	 5.7707e+00	 9.9942e-01
5.7760e+00	 1.0013e+00	 5.7760e+00	 9.9945e-01
5.7813e+00	 1.0013e+00	 5.7813e+00	 9.9948e-01
5.7865e+00	 1.0012e+00	 5.7865e+00	 9.9950e-01
5.7918e+00	 1.0013e+00	 5.7918e+00	 9.9952e-01
5.7971e+00	 1.0012e+00	 5.7971e+00	 9.9954e-01
5.8024e+00	 1.0012e+00	 5.8024e+00	 9.9956e-01
5.8077e+00	 1.0012e+00	 5.8077e+00	 9.9958e-01
5.8130e+00	 1.0012e+00	 5.8130e+00	 9.9959e-01
5.8183e+00	 1.0012e+00	 5.8183e+00	 9.9960e-01
5.8236e+00	 1.0012e+00	 5.8236e+00	 9.9961e-01
5.8289e+00	 1.0013e+00	 5.8289e+00	 9.9962e-01
5.8342e+00	 1.0013e+00	 5.8342e+00	 9.9962e-01
5.8395e+00	 1.0013e+00	 5.8395e+00	 9.9963e-01
5.8449e+00	 1.0013e+00	 5.8449e+00	 9.9964e-01
5.8502e+00	 1.0013e+00	 5.8502e+00	 9.9965e-01
5.8555e+00	 1.0013e+00	 5.8555e+00	 9.9965e-01
5.8609e+00	 1.0013e+00	 5.8609e+00	 9.9965e-01
5.8662e+00	 1.0014e+00	 5.8662e+00	 9.9964e-01
5.8715e+00	 1.0014e+00	 5.8715e+00	 9.9963e-01
5.8769e+00	 1.0014e+00	 5.8769e+00	 9.9962e-01
5.8822e+00	 1.0014e+00	 5.8822e+00	 9.9960e-01
5.8876e+00	 1.0014e+00	 5.8876e+00	 9.9957e-01
5.8930e+00	 1.0015e+00	 5.8930e+00	 9.9955e-01
5.8983e+00	 1.0015e+00	 5.8983e+00	 9.9951e-01
5.9037e+00	 1.0015e+00	 5.9037e+00	 9.9947e-01
5.9091e+00	 1.0015e+00	 5.9091e+00	 9.9944e-01
5.9145e+00	 1.0016e+00	 5.9145e+00	 9.9940e-01
5.9199e+00	 1.0016e+00	 5.9199e+00	 9.9936e-01
5.9253e+00	 1.0016e+00	 5.9253e+00	 9.9933e-01
5.9306e+00	 1.0016e+00	 5.9306e+00	 9.9930e-01
5.9360e+00	 1.0016e+00	 5.9360e+00	 9.9927e-01
5.9415e+00	 1.0017e+00	 5.9415e+00	 9.9925e-01
5.9469e+00	 1.0017e+00	 5.9469e+00	 9.9923e-01
5.9523e+00	 1.0017e+00	 5.9523e+00	 9.9921e-01
5.9577e+00	 1.0018e+00	 5.9577e+00	 9.9920e-01
5.9631e+00	 1.0018e+00	 5.9631e+00	 9.9919e-01
5.9686e+00	 1.0019e+00	 5.9686e+00	 9.9919e-01
5.9740e+00	 1.0019e+00	 5.9740e+00	 9.9919e-01
5.9794e+00	 1.0020e+00	 5.9794e+00	 9.9920e-01
5.9849e+00	 1.0020e+00	 5.9849e+00	 9.9921e-01
5.9903e+00	 1.0021e+00	 5.9903e+00	 9.9922e-01
5.9958e+00	 1.0021e+00	 5.9958e+00	 9.9922e-01
6.0013e+00	 1.0022e+00	 6.0013e+00	 9.9923e-01
6.0067e+00	 1.0022e+00	 6.0067e+00	 9.9923e-01
6.0122e+00	 1.0023e+00	 6.0122e+00	 9.9924e-01
6.0177e+00	 1.0024e+00	 6.0177e+00	 9.9924e-01
6.0232e+00	 1.0024e+00	 6.0232e+00	 9.9925e-01
6.0286e+00	 1.0024e+00	 6.0286e+00	 9.9925e-01
6.0341e+00	 1.0025e+00	 6.0341e+00	 9.9925e-01
6.0396e+00	 1.0025e+00	 6.0396e+00	 9.9926e-01
6.0451e+00	 1.0025e+00	 6.0451e+00	 9.9927e-01
6.0506e+00	 1.0025e+00	 6.0506e+00	 9.9927e-01
6.0561e+00	 1.0025e+00	 6.0561e+00	 9.9927e-01
6.0616e+00	 1.0025e+00	 6.0616e+00	 9.9927e-01
6.0671e+00	 1.0025e+00	 6.0671e+00	 9.9926e-01
6.0727e+00	 1.0024e+00	 6.0727e+00	 9.9925e-01
6.0782e+00	 1.0024e+00	 6.0782e+00	 9.9924e-01
6.0837e+00	 1.0023e+00	 6.0837e+00	 9.9922e-01
6.0892e+00	 1.0023e+00	 6.0892e+00	 9.9920e-01
6.0948e+00	 1.0022e+00	 6.0948e+00	 9.9917e-01
6.1003e+00	 1.0021e+00	 6.1003e+00	 9.9914e-01
6.1059e+00	 1.0021e+00	 6.1059e+00	 9.9910e-01
6.1114e+00	 1.0020e+00	 6.1114e+00	 9.9907e-01
6.1170e+00	 1.0020e+00	 6.1170e+00	 9.9903e-01
6.1226e+00	 1.0020e+00	 6.1226e+00	 9.9899e-01
6.1281e+00	 1.0019e+00	 6.1281e+00	 9.9894e-01
6.1337e+00	 1.0019e+00	 6.1337e+00	 9.9890e-01
6.1393e+00	 1.0019e+00	 6.1393e+00	 9.9886e-01
6.1449e+00	 1.0019e+00	 6.1449e+00	 9.9882e-01
6.1505e+00	 1.0018e+00	 6.1505e+00	 9.9879e-01
6.1560e+00	 1.0019e+00	 6.1560e+00	 9.9875e-01
6.1616e+00	 1.0019e+00	 6.1616e+00	 9.9872e-01
6.1673e+00	 1.0019e+00	 6.1673e+00	 9.9870e-01
6.1729e+00	 1.0019e+00	 6.1729e+00	 9.9869e-01
6.1785e+00	 1.0019e+00	 6.1785e+00	 9.9868e-01
6.1841e+00	 1.0020e+00	 6.1841e+00	 9.9868e-01
6.1897e+00	 1.0020e+00	 6.1897e+00	 9.9869e-01
6.1954e+00	 1.0020e+00	 6.1954e+00	 9.9871e-01
6.2010e+00	 1.0020e+00	 6.2010e+00	 9.9874e-01
6.2066e+00	 1.0021e+00	 6.2066e+00	 9.9878e-01
6.2123e+00	 1.0021e+00	 6.2123e+00	 9.9883e-01
6.2179e+00	 1.0022e+00	 6.2179e+00	 9.9889e-01
6.2236e+00	 1.0022e+00	 6.2236e+00	 9.9895e-01
6.2292e+00	 1.0023e+00	 6.2292e+00	 9.9903e-01
6.2349e+00	 1.0023e+00	 6.2349e+00	 9.9910e-01
6.2406e+00	 1.0024e+00	 6.2406e+00	 9.9918e-01
6.2462e+00	 1.0024e+00	 6.2462e+00	 9.9926e-01
6.2519e+00	 1.0025e+00	 6.2519e+00	 9.9935e-01
6.2576e+00	 1.0025e+00	 6.2576e+00	 9.9942e-01
6.2633e+00	 1.0025e+00	 6.2633e+00	 9.9950e-01
6.2690e+00	 1.0025e+00	 6.2690e+00	 9.9958e-01
6.2747e+00	 1.0026e+00	 6.2747e+00	 9.9965e-01
6.2804e+00	 1.0026e+00	 6.2804e+00	 9.9971e-01
6.2861e+00	 1.0026e+00	 6.2861e+00	 9.9977e-01
6.2918e+00	 1.0026e+00	 6.2918e+00	 9.9981e-01
6.2975e+00	 1.0026e+00	 6.2975e+00	 9.9985e-01
6.3033e+00	 1.0027e+00	 6.3033e+00	 9.9988e-01
6.3090e+00	 1.0026e+00	 6.3090e+00	 9.9990e-01
6.3147e+00	 1.0027e+00	 6.3147e+00	 9.9991e-01
6.3205e+00	 1.0026e+00	 6.3205e+00	 9.9991e-01
6.3262e+00	 1.0026e+00	 6.3262e+00	 9.9991e-01
6.3319e+00	 1.0026e+00	 6.3319e+00	 9.9989e-01
6.3377e+00	 1.0026e+00	 6.3377e+00	 9.9987e-01
6.3434e+00	 1.0026e+00	 6.3434e+00	 9.9984e-01
6.3492e+00	 1.0026e+00	 6.3492e+00	 9.9981e-01
6.3550e+00	 1.0026e+00	 6.3550e+00	 9.9977e-01
6.3607e+00	 1.0025e+00	 6.3607e+00	 9.9973e-01
6.3665e+00	 1.0025e+00	 6.3665e+00	 9.9969e-01
6.3723e+00	 1.0025e+00	 6.3723e+00	 9.9965e-01
6.3781e+00	 1.0025e+00	 6.3781e+00	 9.9961e-01
6.3839e+00	 1.0025e+00	 6.3839e+00	 9.9958e-01
6.3896e+00	 1.0024e+00	 6.3896e+00	 9.9955e-01
6.3955e+00	 1.0024e+00	 6.3955e+00	 9.9952e-01
6.4013e+00	 1.0024e+00	 6.4013e+00	 9.9950e-01
6.4071e+00	 1.0024e+00	 6.4071e+00	 9.9948e-01
6.4129e+00	 1.0024e+00	 6.4129e+00	 9.9947e-01
6.4187e+00	 1.0023e+00	 6.4187e+00	 9.9945e-01
6.4245e+00	 1.0023e+00	 6.4245e+00	 9.9945e-01
6.4303e+00	 1.0023e+00	 6.4303e+00	 9.9945e-01
6.4362e+00	 1.0023e+00	 6.4362e+00	 9.9945e-01
6.4420e+00	 1.0023e+00	 6.4420e+00	 9.9946e-01
6.4479e+00	 1.0023e+00	 6.4479e+00	 9.9947e-01
6.4537e+00	 1.0023e+00	 6.4537e+00	 9.9948e-01
6.4596e+00	 1.0023e+00	 6.4596e+00	 9.9949e-01
6.4654e+00	 1.0023e+00	 6.4654e+00	 9.9950e-01
6.4713e+00	 1.0023e+00	 6.4713e+00	 9.9950e-01
6.4772e+00	 1.0023e+00	 6.4772e+00	 9.9950e-01
6.4831e+00	 1.0023e+00	 6.4831e+00	 9.9948e-01
6.4890e+00	 1.0023e+00	 6.4890e+00	 9.9947e-01
6.4948e+00	 1.0023e+00	 6.4948e+00	 9.9944e-01
6.5008e+00	 1.0023e+00	 6.5008e+00	 9.9941e-01
6.5066e+00	 1.0024e+00	 6.5066e+00	 9.9937e-01
6.5126e+00	 1.0023e+00	 6.5126e+00	 9.9933e-01
6.5185e+00	 1.0024e+00	 6.5185e+00	 9.9929e-01
6.5244e+00	 1.0024e+00	 6.5244e+00	 9.9924e-01
6.5303e+00	 1.0024e+00	 6.5303e+00	 9.9919e-01
6.5362e+00	 1.0024e+00	 6.5362e+00	 9.9913e-01
6.5421e+00	 1.0024e+00	 6.5421e+00	 9.9908e-01
6.5481e+00	 1.0025e+00	 6.5481e+00	 9.9903e-01
6.5540e+00	 1.0024e+00	 6.5540e+00	 9.9898e-01
6.5600e+00	 1.0025e+00	 6.5600e+00	 9.9894e-01
6.5659e+00	 1.0025e+00	 6.5659e+00	 9.9890e-01
6.5719e+00	 1.0025e+00	 6.5719e+00	 9.9888e-01
6.5778e+00	 1.0025e+00	 6.5778e+00	 9.9887e-01
6.5838e+00	 1.0025e+00	 6.5838e+00	 9.9886e-01
6.5897e+00	 1.0025e+00	 6.5897e+00	 9.9886e-01
6.5957e+00	 1.0025e+00	 6.5957e+00	 9.9887e-01
6.6017e+00	 1.0026e+00	 6.6017e+00	 9.9889e-01
6.6077e+00	 1.0026e+00	 6.6077e+00	 9.9892e-01
6.6136e+00	 1.0026e+00	 6.6136e+00	 9.9894e-01
6.6196e+00	 1.0027e+00	 6.6196e+00	 9.9898e-01
6.6256e+00	 1.0027e+00	 6.6256e+00	 9.9902e-01
6.6316e+00	 1.0028e+00	 6.6316e+00	 9.9906e-01
6.6376e+00	 1.0028e+00	 6.6376e+00	 9.9911e-01
6.6437e+00	 1.0028e+00	 6.6437e+00	 9.9916e-01
6.6497e+00	 1.0028e+00	 6.6497e+00	 9.9922e-01
6.6557e+00	 1.0029e+00	 6.6557e+00	 9.9927e-01
6.6617e+00	 1.0029e+00	 6.6617e+00	 9.9933e-01
6.6678e+00	 1.0029e+00	 6.6678e+00	 9.9939e-01
6.6738e+00	 1.0030e+00	 6.6738e+00	 9.9945e-01
6.6799e+00	 1.0030e+00	 6.6799e+00	 9.9951e-01
6.6859e+00	 1.0030e+00	 6.6859e+00	 9.9957e-01
6.6920e+00	 1.0030e+00	 6.6920e+00	 9.9963e-01
6.6980e+00	 1.0030e+00	 6.6980e+00	 9.9969e-01
6.7041e+00	 1.0030e+00	 6.7041e+00	 9.9974e-01
6.7102e+00	 1.0030e+00	 6.7102e+00	 9.9979e-01
6.7163e+00	 1.0030e+00	 6.7163e+00	 9.9984e-01
6.7223e+00	 1.0030e+00	 6.7223e+00	 9.9989e-01
6.7284e+00	 1.0030e+00	 6.7284e+00	 9.9993e-01
6.7345e+00	 1.0030e+00	 6.7345e+00	 9.9997e-01
6.7406e+00	 1.0030e+00	 6.7406e+00	 1.0000e+00
6.7467e+00	 1.0030e+00	 6.7467e+00	 1.0000e+00
6.7528e+00	 1.0030e+00	 6.7528e+00	 1.0001e+00
6.7590e+00	 1.0029e+00	 6.7590e+00	 1.0001e+00
6.7651e+00	 1.0029e+00	 6.7651e+00	 1.0001e+00
6.7712e+00	 1.0029e+00	 6.7712e+00	 1.0001e+00
6.7774e+00	 1.0028e+00	 6.7774e+00	 1.0001e+00
6.7835e+00	 1.0028e+00	 6.7835e+00	 1.0002e+00
6.7896e+00	 1.0028e+00	 6.7896e+00	 1.0002e+00
6.7958e+00	 1.0028e+00	 6.7958e+00	 1.0002e+00
6.8019e+00	 1.0028e+00	 6.8019e+00	 1.0002e+00
6.8081e+00	 1.0027e+00	 6.8081e+00	 1.0002e+00
6.8142e+00	 1.0028e+00	 6.8142e+00	 1.0002e+00
6.8204e+00	 1.0027e+00	 6.8204e+00	 1.0002e+00
6.8266e+00	 1.0028e+00	 6.8266e+00	 1.0002e+00
6.8327e+00	 1.0028e+00	 6.8327e+00	 1.0002e+00
6.8389e+00	 1.0028e+00	 6.8389e+00	 1.0002e+00
6.8451e+00	 1.0028e+00	 6.8451e+00	 1.0002e+00
6.8513e+00	 1.0028e+00	 6.8513e+00	 1.0002e+00
6.8575e+00	 1.0028e+00	 6.8575e+00	 1.0002e+00
6.8637e+00	 1.0028e+00	 6.8637e+00	 1.0001e+00
6.8699e+00	 1.0028e+00	 6.8699e+00	 1.0001e+00
6.8761e+00	 1.0028e+00	 6.8761e+00	 1.0001e+00
6.8823e+00	 1.0029e+00	 6.8823e+00	 1.0000e+00
6.8886e+00	 1.0029e+00	 6.8886e+00	 9.9998e-01
6.8948e+00	 1.0029e+00	 6.8948e+00	 9.9994e-01
6.9010e+00	 1.0029e+00	 6.9010e+00	 9.9989e-01
6.9073e+00	 1.0029e+00	 6.9073e+00	 9.9984e-01
6.9135e+00	 1.0030e+00	 6.9135e+00	 9.9980e-01
6.9198e+00	 1.0030e+00	 6.9198e+00	 9.9975e-01
6.9260e+00	 1.0030e+00	 6.9260e+00	 9.9971e-01
6.9323e+00	 1.0030e+00	 6.9323e+00	 9.9967e-01
6.9386e+00	 1.0030e+00	 6.9386e+00	 9.9965e-01
6.9448e+00	 1.0030e+00	 6.9448e+00	 9.9962e-01
6.9511e+00	 1.0030e+00	 6.9511e+00	 9.9961e-01
6.9574e+00	 1.0031e+00	 6.9574e+00	 9.9960e-01
6.9637e+00	 1.0030e+00	 6.9637e+00	 9.9960e-01
6.9700e+00	 1.0030e+00	 6.9700e+00	 9.9960e-01
6.9763e+00	 1.0030e+00	 6.9763e+00	 9.9962e-01
6.9826e+00	 1.0030e+00	 6.9826e+00	 9.9964e-01
6.9889e+00	 1.0030e+00	 6.9889e+00	 9.9967e-01
6.9952e+00	 1.0030e+00	 6.9952e+00	 9.9970e-01
7.0016e+00	 1.0030e+00	 7.0016e+00	 9.9974e-01
7.0079e+00	 1.0029e+00	 7.0079e+00	 9.9978e-01
7.0142e+00	 1.0030e+00	 7.0142e+00	 9.9982e-01
7.0206e+00	 1.0029e+00	 7.0206e+00	 9.9987e-01
7.0269e+00	 1.0029e+00	 7.0269e+00	 9.9993e-01
7.0333e+00	 1.0029e+00	 7.0333e+00	 9.9999e-01
7.0396e+00	 1.0029e+00	 7.0396e+00	 1.0001e+00
7.0460e+00	 1.0029e+00	 7.0460e+00	 1.0001e+00
7.0523e+00	 1.0029e+00	 7.0523e+00	 1.0002e+00
7.0587e+00	 1.0029e+00	 7.0587e+00	 1.0002e+00
7.0651e+00	 1.0029e+00	 7.0651e+00	 1.0003e+00
7.0715e+00	 1.0030e+00	 7.0715e+00	 1.0004e+00
7.0778e+00	 1.0030e+00	 7.0778e+00	 1.0004e+00
7.0842e+00	 1.0030e+00	 7.0842e+00	 1.0005e+00
7.0906e+00	 1.0031e+00	 7.0906e+00	 1.0006e+00
7.0970e+00	 1.0031e+00	 7.0970e+00	 1.0006e+00
7.1034e+00	 1.0032e+00	 7.1034e+00	 1.0006e+00
7.1098e+00	 1.0032e+00	 7.1098e+00	 1.0007e+00
7.1162e+00	 1.0033e+00	 7.1162e+00	 1.0007e+00
7.1227e+00	 1.0033e+00	 7.1227e+00	 1.0007e+00
7.1291e+00	 1.0034e+00	 7.1291e+00	 1.0008e+00
7.1355e+00	 1.0034e+00	 7.1355e+00	 1.0008e+00
7.1420e+00	 1.0034e+00	 7.1420e+00	 1.0008e+00
7.1484e+00	 1.0035e+00	 7.1484e+00	 1.0008e+00
7.1549e+00	 1.0034e+00	 7.1549e+00	 1.0007e+00
7.1614e+00	 1.0035e+00	 7.1614e+00	 1.0007e+00
7.1678e+00	 1.0035e+00	 7.1678e+00	 1.0007e+00
7.1743e+00	 1.0034e+00	 7.1743e+00	 1.0006e+00
7.1808e+00	 1.0034e+00	 7.1808e+00	 1.0006e+00
7.1873e+00	 1.0034e+00	 7.1873e+00	 1.0005e+00
7.1937e+00	 1.0034e+00	 7.1937e+00	 1.0004e+00
7.2002e+00	 1.0033e+00	 7.2002e+00	 1.0004e+00
7.2067e+00	 1.0033e+00	 7.2067e+00	 1.0003e+00
7.2133e+00	 1.0032e+00	 7.2133e+00	 1.0002e+00
7.2198e+00	 1.0032e+00	 7.2198e+00	 1.0001e+00
7.2263e+00	 1.0031e+00	 7.2263e+00	 1.0000e+00
7.2328e+00	 1.0031e+00	 7.2328e+00	 9.9996e-01
7.2393e+00	 1.0030e+00	 7.2393e+00	 9.9989e-01
7.2459e+00	 1.0030e+00	 7.2459e+00	 9.9984e-01
7.2524e+00	 1.0029e+00	 7.2524e+00	 9.9979e-01
7.2589e+00	 1.0029e+00	 7.2589e+00	 9.9976e-01
7.2655e+00	 1.0028e+00	 7.2655e+00	 9.9975e-01
7.2720e+00	 1.0028e+00	 7.2720e+00	 9.9974e-01
7.2786e+00	 1.0027e+00	 7.2786e+00	 9.9975e-01
7.2852e+00	 1.0027e+00	 7.2852e+00	 9.9977e-01
7.2917e+00	 1.0026e+00	 7.2917e+00	 9.9979e-01
7.2983e+00	 1.0026e+00	 7.2983e+00	 9.9982e-01
7.3049e+00	 1.0025e+00	 7.3049e+00	 9.9985e-01
7.3115e+00	 1.0025e+00	 7.3115e+00	 9.9988e-01
7.3181e+00	 1.0025e+00	 7.3181e+00	 9.9991e-01
7.3247e+00	 1.0024e+00	 7.3247e+00	 9.9994e-01
7.3313e+00	 1.0024e+00	 7.3313e+00	 9.9996e-01
7.3379e+00	 1.0024e+00	 7.3379e+00	 9.9999e-01
7.3445e+00	 1.0024e+00	 7.3445e+00	 1.0000e+00
7.3511e+00	 1.0024e+00	 7.3511e+00	 1.0000e+00
7.3578e+00	 1.0024e+00	 7.3578e+00	 1.0000e+00
7.3644e+00	 1.0024e+00	 7.3644e+00	 1.0001e+00
7.3710e+00	 1.0024e+00	 7.3710e+00	 1.0001e+00
7.3777e+00	 1.0024e+00	 7.3777e+00	 1.0001e+00
7.3843e+00	 1.0024e+00	 7.3843e+00	 1.0001e+00
7.3910e+00	 1.0024e+00	 7.3910e+00	 1.0001e+00
7.3976e+00	 1.0024e+00	 7.3976e+00	 1.0001e+00
7.4043e+00	 1.0024e+00	 7.4043e+00	 1.0001e+00
7.4110e+00	 1.0024e+00	 7.4110e+00	 1.0001e+00
7.4177e+00	 1.0024e+00	 7.4177e+00	 1.0001e+00
7.4243e+00	 1.0024e+00	 7.4243e+00	 1.0001e+00
7.4310e+00	 1.0024e+00	 7.4310e+00	 1.0001e+00
7.4377e+00	 1.0024e+00	 7.4377e+00	 1.0001e+00
7.4444e+00	 1.0024e+00	 7.4444e+00	 1.0000e+00
7.4512e+00	 1.0024e+00	 7.4512e+00	 1.0000e+00
7.4579e+00	 1.0025e+00	 7.4579e+00	 1.0000e+00
7.4646e+00	 1.0025e+00	 7.4646e+00	 9.9999e-01
7.4713e+00	 1.0025e+00	 7.4713e+00	 9.9997e-01
7.4780e+00	 1.0025e+00	 7.4780e+00	 9.9995e-01
7.4848e+00	 1.0025e+00	 7.4848e+00	 9.9993e-01
7.4915e+00	 1.0026e+00	 7.4915e+00	 9.9990e-01
7.4983e+00	 1.0026e+00	 7.4983e+00	 9.9988e-01
7.5050e+00	 1.0027e+00	 7.5050e+00	 9.9987e-01
7.5118e+00	 1.0027e+00	 7.5118e+00	 9.9985e-01
7.5185e+00	 1.0027e+00	 7.5185e+00	 9.9984e-01
7.5253e+00	 1.0027e+00	 7.5253e+00	 9.9982e-01
7.5321e+00	 1.0028e+00	 7.5321e+00	 9.9982e-01
7.5389e+00	 1.0028e+00	 7.5389e+00	 9.9981e-01
7.5456e+00	 1.0028e+00	 7.5456e+00	 9.9981e-01
7.5524e+00	 1.0028e+00	 7.5524e+00	 9.9981e-01
7.5592e+00	 1.0028e+00	 7.5592e+00	 9.9981e-01
7.5660e+00	 1.0029e+00	 7.5660e+00	 9.9981e-01
7.5728e+00	 1.0028e+00	 7.5728e+00	 9.9982e-01
7.5796e+00	 1.0029e+00	 7.5796e+00	 9.9982e-01
7.5865e+00	 1.0029e+00	 7.5865e+00	 9.9983e-01
7.5933e+00	 1.0029e+00	 7.5933e+00	 9.9985e-01
7.6001e+00	 1.0029e+00	 7.6001e+00	 9.9986e-01
7.6070e+00	 1.0029e+00	 7.6070e+00	 9.9987e-01
7.6138e+00	 1.0030e+00	 7.6138e+00	 9.9990e-01
7.6207e+00	 1.0030e+00	 7.6207e+00	 9.9992e-01
7.6275e+00	 1.0030e+00	 7.6275e+00	 9.9994e-01
7.6344e+00	 1.0030e+00	 7.6344e+00	 9.9996e-01
7.6413e+00	 1.0031e+00	 7.6413e+00	 9.9999e-01
7.6481e+00	 1.0031e+00	 7.6481e+00	 1.0000e+00
7.6550e+00	 1.0031e+00	 7.6550e+00	 1.0000e+00
7.6619e+00	 1.0032e+00	 7.6619e+00	 1.0001e+00
7.6688e+00	 1.0032e+00	 7.6688e+00	 1.0001e+00
7.6757e+00	 1.0033e+00	 7.6757e+00	 1.0001e+00
7.6826e+00	 1.0033e+00	 7.6826e+00	 1.0002e+00
7.6895e+00	 1.0033e+00	 7.6895e+00	 1.0002e+00
7.6964e+00	 1.0034e+00	 7.6964e+00	 1.0002e+00
7.7034e+00	 1.0034e+00	 7.7034e+00	 1.0002e+00
7.7103e+00	 1.0034e+00	 7.7103e+00	 1.0002e+00
7.7172e+00	 1.0034e+00	 7.7172e+00	 1.0003e+00
7.7242e+00	 1.0035e+00	 7.7242e+00	 1.0003e+00
7.7311e+00	 1.0035e+00	 7.7311e+00	 1.0003e+00
7.7381e+00	 1.0035e+00	 7.7381e+00	 1.0003e+00
7.7450e+00	 1.0036e+00	 7.7450e+00	 1.0003e+00
7.7520e+00	 1.0036e+00	 7.7520e+00	 1.0003e+00
7.7590e+00	 1.0036e+00	 7.7590e+00	 1.0003e+00
7.7660e+00	 1.0036e+00	 7.7660e+00	 1.0003e+00
7.7729e+00	 1.0037e+00	 7.7729e+00	 1.0003e+00
7.7799e+00	 1.0036e+00	 7.7799e+00	 1.0003e+00
7.7869e+00	 1.0037e+00	 7.7869e+00	 1.0002e+00
7.7939e+00	 1.0036e+00	 7.7939e+00	 1.0002e+00
7.8009e+00	 1.0036e+00	 7.8009e+00	 1.0002e+00
7.8079e+00	 1.0036e+00	 7.8079e+00	 1.0002e+00
7.8150e+00	 1.0035e+00	 7.8150e+00	 1.0002e+00
7.8220e+00	 1.0035e+00	 7.8220e+00	 1.0001e+00
7.8290e+00	 1.0034e+00	 7.8290e+00	 1.0001e+00
7.8360e+00	 1.0034e+00	 7.8360e+00	 1.0001e+00
7.8431e+00	 1.0034e+00	 7.8431e+00	 1.0001e+00
7.8501e+00	 1.0033e+00	 7.8501e+00	 1.0000e+00
7.8572e+00	 1.0033e+00	 7.8572e+00	 1.0000e+00
7.8642e+00	 1.0032e+00	 7.8642e+00	 9.9997e-01
7.8713e+00	 1.0032e+00	 7.8713e+00	 9.9994e-01
7.8784e+00	 1.0031e+00	 7.8784e+00	 9.9990e-01
7.8855e+00	 1.0031e+00	 7.8855e+00	 9.9987e-01
7.8925e+00	 1.0030e+00	 7.8925e+00	 9.9983e-01
7.8996e+00	 1.0029e+00	 7.8996e+00	 9.9980e-01
7.9067e+00	 1.0029e+00	 7.9067e+00	 9.9976e-01
7.9138e+00	 1.0028e+00	 7.9138e+00	 9.9973e-01
7.9209e+00	 1.0028e+00	 7.9209e+00	 9.9970e-01
7.9280e+00	 1.0028e+00	 7.9280e+00	 9.9968e-01
7.9352e+00	 1.0028e+00	 7.9352e+00	 9.9966e-01
7.9423e+00	 1.0027e+00	 7.9423e+00	 9.9965e-01
7.9494e+00	 1.0027e+00	 7.9494e+00	 9.9965e-01
7.9566e+00	 1.0027e+00	 7.9566e+00	 9.9965e-01
7.9637e+00	 1.0026e+00	 7.9637e+00	 9.9966e-01
7.9709e+00	 1.0026e+00	 7.9709e+00	 9.9968e-01
7.9780e+00	 1.0026e+00	 7.9780e+00	 9.9971e-01
7.9852e+00	 1.0026e+00	 7.9852e+00	 9.9974e-01
7.9923e+00	 1.0026e+00	 7.9923e+00	 9.9976e-01
7.9995e+00	 1.0026e+00	 7.9995e+00	 9.9979e-01
8.0067e+00	 1.0026e+00	 8.0067e+00	 9.9982e-01
8.0139e+00	 1.0026e+00	 8.0139e+00	 9.9984e-01
8.0211e+00	 1.0027e+00	 8.0211e+00	 9.9985e-01
8.0283e+00	 1.0027e+00	 8.0283e+00	 9.9986e-01
8.0355e+00	 1.0028e+00	 8.0355e+00	 9.9986e-01
8.0427e+00	 1.0028e+00	 8.0427e+00	 9.9986e-01
8.0499e+00	 1.0029e+00	 8.0499e+00	 9.9985e-01
8.0571e+00	 1.0030e+00	 8.0571e+00	 9.9983e-01
8.0643e+00	 1.0030e+00	 8.0643e+00	 9.9980e-01
8.0716e+00	 1.0031e+00	 8.0716e+00	 9.9977e-01
8.0788e+00	 1.0032e+00	 8.0788e+00	 9.9975e-01
8.0861e+00	 1.0033e+00	 8.0861e+00	 9.9971e-01
8.0933e+00	 1.0033e+00	 8.0933e+00	 9.9968e-01
8.1006e+00	 1.0034e+00	 8.1006e+00	 9.9965e-01
8.1078e+00	 1.0035e+00	 8.1078e+00	 9.9962e-01
8.1151e+00	 1.0035e+00	 8.1151e+00	 9.9960e-01
8.1224e+00	 1.0036e+00	 8.1224e+00	 9.9958e-01
8.1297e+00	 1.0036e+00	 8.1297e+00	 9.9957e-01
8.1370e+00	 1.0037e+00	 8.1370e+00	 9.9956e-01
8.1443e+00	 1.0037e+00	 8.1443e+00	 9.9955e-01
8.1516e+00	 1.0038e+00	 8.1516e+00	 9.9955e-01
8.1589e+00	 1.0038e+00	 8.1589e+00	 9.9955e-01
8.1662e+00	 1.0038e+00	 8.1662e+00	 9.9956e-01
8.1735e+00	 1.0038e+00	 8.1735e+00	 9.9957e-01
8.1809e+00	 1.0038e+00	 8.1809e+00	 9.9959e-01
8.1882e+00	 1.0039e+00	 8.1882e+00	 9.9961e-01
8.1955e+00	 1.0039e+00	 8.1955e+00	 9.9963e-01
8.2029e+00	 1.0039e+00	 8.2029e+00	 9.9965e-01
8.2102e+00	 1.0039e+00	 8.2102e+00	 9.9967e-01
8.2176e+00	 1.0039e+00	 8.2176e+00	 9.9970e-01
8.2249e+00	 1.0039e+00	 8.2249e+00	 9.9971e-01
8.2323e+00	 1.0039e+00	 8.2323e+00	 9.9972e-01
8.2397e+00	 1.0040e+00	 8.2397e+00	 9.9974e-01
8.2471e+00	 1.0040e+00	 8.2471e+00	 9.9975e-01
8.2545e+00	 1.0040e+00	 8.2545e+00	 9.9975e-01
8.2619e+00	 1.0040e+00	 8.2619e+00	 9.9976e-01
8.2692e+00	 1.0041e+00	 8.2692e+00	 9.9976e-01
8.2767e+00	 1.0041e+00	 8.2767e+00	 9.9976e-01
8.2841e+00	 1.0042e+00	 8.2841e+00	 9.9976e-01
8.2915e+00	 1.0042e+00	 8.2915e+00	 9.9975e-01
8.2989e+00	 1.0043e+00	 8.2989e+00	 9.9975e-01
8.3063e+00	 1.0043e+00	 8.3063e+00	 9.9974e-01
8.3138e+00	 1.0044e+00	 8.3138e+00	 9.9974e-01
8.3212e+00	 1.0044e+00	 8.3212e+00	 9.9972e-01
8.3287e+00	 1.0044e+00	 8.3287e+00	 9.9972e-01
8.3361e+00	 1.0045e+00	 8.3361e+00	 9.9970e-01
8.3436e+00	 1.0045e+00	 8.3436e+00	 9.9970e-01
8.3511e+00	 1.0045e+00	 8.3511e+00	 9.9968e-01
8.3585e+00	 1.0046e+00	 8.3585e+00	 9.9967e-01
8.3660e+00	 1.0046e+00	 8.3660e+00	 9.9966e-01
8.3735e+00	 1.0046e+00	 8.3735e+00	 9.9965e-01
8.3810e+00	 1.0046e+00	 8.3810e+00	 9.9965e-01
8.3885e+00	 1.0046e+00	 8.3885e+00	 9.9964e-01
8.3960e+00	 1.0046e+00	 8.3960e+00	 9.9963e-01
8.4036e+00	 1.0046e+00	 8.4036e+00	 9.9963e-01
8.4111e+00	 1.0046e+00	 8.4111e+00	 9.9962e-01
8.4186e+00	 1.0046e+00	 8.4186e+00	 9.9962e-01
8.4261e+00	 1.0046e+00	 8.4261e+00	 9.9961e-01
8.4337e+00	 1.0046e+00	 8.4337e+00	 9.9961e-01
8.4412e+00	 1.0045e+00	 8.4412e+00	 9.9960e-01
8.4488e+00	 1.0045e+00	 8.4488e+00	 9.9960e-01
8.4564e+00	 1.0045e+00	 8.4564e+00	 9.9960e-01
8.4639e+00	 1.0045e+00	 8.4639e+00	 9.9959e-01
8.4715e+00	 1.0044e+00	 8.4715e+00	 9.9959e-01
8.4791e+00	 1.0044e+00	 8.4791e+00	 9.9960e-01
8.4866e+00	 1.0043e+00	 8.4866e+00	 9.9961e-01
8.4942e+00	 1.0043e+00	 8.4942e+00	 9.9962e-01
8.5018e+00	 1.0042e+00	 8.5018e+00	 9.9964e-01
8.5094e+00	 1.0042e+00	 8.5094e+00	 9.9966e-01
8.5170e+00	 1.0042e+00	 8.5170e+00	 9.9969e-01
8.5246e+00	 1.0041e+00	 8.5246e+00	 9.9972e-01
8.5323e+00	 1.0041e+00	 8.5323e+00	 9.9975e-01
8.5399e+00	 1.0041e+00	 8.5399e+00	 9.9978e-01
8.5475e+00	 1.0040e+00	 8.5475e+00	 9.9982e-01
8.5552e+00	 1.0041e+00	 8.5552e+00	 9.9985e-01
8.5628e+00	 1.0040e+00	 8.5628e+00	 9.9987e-01
8.5705e+00	 1.0041e+00	 8.5705e+00	 9.9990e-01
8.5782e+00	 1.0040e+00	 8.5782e+00	 9.9992e-01
8.5858e+00	 1.0041e+00	 8.5858e+00	 9.9994e-01
8.5935e+00	 1.0041e+00	 8.5935e+00	 9.9995e-01
8.6012e+00	 1.0042e+00	 8.6012e+00	 9.9997e-01
8.6089e+00	 1.0042e+00	 8.6089e+00	 9.9998e-01
8.6166e+00	 1.0043e+00	 8.6166e+00	 9.9998e-01
8.6243e+00	 1.0044e+00	 8.6243e+00	 9.9999e-01
8.6320e+00	 1.0044e+00	 8.6320e+00	 9.9998e-01
8.6397e+00	 1.0044e+00	 8.6397e+00	 9.9998e-01
8.6474e+00	 1.0045e+00	 8.6474e+00	 9.9998e-01
8.6552e+00	 1.0045e+00	 8.6552e+00	 9.9997e-01
8.6629e+00	 1.0046e+00	 8.6629e+00	 9.9995e-01
8.6706e+00	 1.0046e+00	 8.6706e+00	 9.9994e-01
8.6784e+00	 1.0046e+00	 8.6784e+00	 9.9993e-01
8.6861e+00	 1.0046e+00	 8.6861e+00	 9.9991e-01
8.6939e+00	 1.0046e+00	 8.6939e+00	 9.9990e-01
8.7016e+00	 1.0046e+00	 8.7016e+00	 9.9988e-01
8.7094e+00	 1.0046e+00	 8.7094e+00	 9.9987e-01
8.7172e+00	 1.0046e+00	 8.7172e+00	 9.9985e-01
8.7250e+00	 1.0046e+00	 8.7250e+00	 9.9984e-01
8.7328e+00	 1.0046e+00	 8.7328e+00	 9.9983e-01
8.7406e+00	 1.0045e+00	 8.7406e+00	 9.9982e-01
8.7484e+00	 1.0045e+00	 8.7484e+00	 9.9982e-01
8.7562e+00	 1.0045e+00	 8.7562e+00	 9.9982e-01
8.7640e+00	 1.0045e+00	 8.7640e+00	 9.9983e-01
8.7718e+00	 1.0045e+00	 8.7718e+00	 9.9984e-01
8.7796e+00	 1.0044e+00	 8.7796e+00	 9.9987e-01
8.7875e+00	 1.0044e+00	 8.7875e+00	 9.9990e-01
8.7953e+00	 1.0044e+00	 8.7953e+00	 9.9995e-01
8.8032e+00	 1.0044e+00	 8.8032e+00	 1.0000e+00
8.8110e+00	 1.0043e+00	 8.8110e+00	 1.0001e+00
8.8189e+00	 1.0043e+00	 8.8189e+00	 1.0001e+00
8.8268e+00	 1.0043e+00	 8.8268e+00	 1.0002e+00
8.8346e+00	 1.0043e+00	 8.8346e+00	 1.0003e+00
8.8425e+00	 1.0043e+00	 8.8425e+00	 1.0004e+00
8.8504e+00	 1.0043e+00	 8.8504e+00	 1.0005e+00
8.8583e+00	 1.0043e+00	 8.8583e+00	 1.0005e+00
8.8662e+00	 1.0043e+00	 8.8662e+00	 1.0006e+00
8.8741e+00	 1.0043e+00	 8.8741e+00	 1.0007e+00
8.8821e+00	 1.0043e+00	 8.8821e+00	 1.0007e+00
8.8900e+00	 1.0043e+00	 8.8900e+00	 1.0008e+00
8.8979e+00	 1.0044e+00	 8.8979e+00	 1.0008e+00
8.9059e+00	 1.0043e+00	 8.9059e+00	 1.0009e+00
8.9138e+00	 1.0044e+00	 8.9138e+00	 1.0009e+00
8.9218e+00	 1.0043e+00	 8.9218e+00	 1.0009e+00
8.9297e+00	 1.0043e+00	 8.9297e+00	 1.0010e+00
8.9377e+00	 1.0043e+00	 8.9377e+00	 1.0010e+00
8.9457e+00	 1.0043e+00	 8.9457e+00	 1.0010e+00
8.9536e+00	 1.0043e+00	 8.9536e+00	 1.0009e+00
8.9616e+00	 1.0042e+00	 8.9616e+00	 1.0009e+00
8.9696e+00	 1.0042e+00	 8.9696e+00	 1.0009e+00
8.9776e+00	 1.0042e+00	 8.9776e+00	 1.0009e+00
8.9856e+00	 1.0042e+00	 8.9856e+00	 1.0008e+00
8.9937e+00	 1.0042e+00	 8.9937e+00	 1.0007e+00
9.0017e+00	 1.0041e+00	 9.0017e+00	 1.0007e+00
9.0097e+00	 1.0041e+00	 9.0097e+00	 1.0006e+00
9.0177e+00	 1.0040e+00	 9.0177e+00	 1.0005e+00
9.0258e+00	 1.0040e+00	 9.0258e+00	 1.0004e+00
9.0338e+00	 1.0040e+00	 9.0338e+00	 1.0003e+00
9.0419e+00	 1.0040e+00	 9.0419e+00	 1.0002e+00
9.0499e+00	 1.0040e+00	 9.0499e+00	 1.0001e+00
9.0580e+00	 1.0039e+00	 9.0580e+00	 1.0000e+00
9.0660e+00	 1.0039e+00	 9.0660e+00	 9.9993e-01
9.0741e+00	 1.0039e+00	 9.0741e+00	 9.9983e-01
9.0822e+00	 1.0039e+00	 9.0822e+00	 9.9975e-01
9.0903e+00	 1.0039e+00	 9.0903e+00	 9.9967e-01
9.0984e+00	 1.0039e+00	 9.0984e+00	 9.9961e-01
9.1065e+00	 1.0039e+00	 9.1065e+00	 9.9955e-01
9.1146e+00	 1.0039e+00	 9.1146e+00	 9.9951e-01
9.1227e+00	 1.0040e+00	 9.1227e+00	 9.9947e-01
9.1309e+00	 1.0040e+00	 9.1309e+00	 9.9946e-01
9.1390e+00	 1.0040e+00	 9.1390e+00	 9.9945e-01
9.1471e+00	 1.0040e+00	 9.1471e+00	 9.9945e-01
9.1553e+00	 1.0041e+00	 9.1553e+00	 9.9945e-01
9.1634e+00	 1.0041e+00	 9.1634e+00	 9.9946e-01
9.1716e+00	 1.0042e+00	 9.1716e+00	 9.9947e-01
9.1798e+00	 1.0042e+00	 9.1798e+00	 9.9949e-01
9.1879e+00	 1.0043e+00	 9.1879e+00	 9.9951e-01
9.1961e+00	 1.0044e+00	 9.1961e+00	 9.9953e-01
9.2043e+00	 1.0044e+00	 9.2043e+00	 9.9956e-01
9.2125e+00	 1.0045e+00	 9.2125e+00	 9.9959e-01
9.2207e+00	 1.0046e+00	 9.2207e+00	 9.9962e-01
9.2289e+00	 1.0046e+00	 9.2289e+00	 9.9967e-01
9.2371e+00	 1.0047e+00	 9.2371e+00	 9.9971e-01
9.2453e+00	 1.0048e+00	 9.2453e+00	 9.9976e-01
9.2536e+00	 1.0049e+00	 9.2536e+00	 9.9981e-01
9.2618e+00	 1.0049e+00	 9.2618e+00	 9.9986e-01
9.2700e+00	 1.0050e+00	 9.2700e+00	 9.9991e-01
9.2783e+00	 1.0051e+00	 9.2783e+00	 9.9996e-01
9.2865e+00	 1.0051e+00	 9.2865e+00	 1.0000e+00
9.2948e+00	 1.0052e+00	 9.2948e+00	 1.0001e+00
9.3031e+00	 1.0051e+00	 9.3031e+00	 1.0001e+00
9.3113e+00	 1.0052e+00	 9.3113e+00	 1.0001e+00
9.3196e+00	 1.0052e+00	 9.3196e+00	 1.0002e+00
9.3279e+00	 1.0052e+00	 9.3279e+00	 1.0002e+00
9.3362e+00	 1.0052e+00	 9.3362e+00	 1.0002e+00
9.3445e+00	 1.0052e+00	 9.3445e+00	 1.0003e+00
9.3528e+00	 1.0052e+00	 9.3528e+00	 1.0003e+00
9.3612e+00	 1.0052e+00	 9.3612e+00	 1.0003e+00
9.3695e+00	 1.0052e+00	 9.3695e+00	 1.0003e+00
9.3778e+00	 1.0051e+00	 9.3778e+00	 1.0002e+00
9.3862e+00	 1.0052e+00	 9.3862e+00	 1.0002e+00
9.3945e+00	 1.0051e+00	 9.3945e+00	 1.0002e+00
9.4029e+00	 1.0051e+00	 9.4029e+00	 1.0001e+00
9.4112e+00	 1.0051e+00	 9.4112e+00	 1.0001e+00
9.4196e+00	 1.0051e+00	 9.4196e+00	 1.0000e+00
9.4279e+00	 1.0051e+00	 9.4279e+00	 9.9998e-01
9.4363e+00	 1.0051e+00	 9.4363e+00	 9.9992e-01
9.4447e+00	 1.0051e+00	 9.4447e+00	 9.9986e-01
9.4531e+00	 1.0050e+00	 9.4531e+00	 9.9980e-01
9.4615e+00	 1.0050e+00	 9.4615e+00	 9.9974e-01
9.4699e+00	 1.0050e+00	 9.4699e+00	 9.9968e-01
9.4783e+00	 1.0050e+00	 9.4783e+00	 9.9962e-01
9.4868e+00	 1.0050e+00	 9.4868e+00	 9.9957e-01
9.4952e+00	 1.0049e+00	 9.4952e+00	 9.9951e-01
9.5036e+00	 1.0050e+00	 9.5036e+00	 9.9946e-01
9.5121e+00	 1.0049e+00	 9.5121e+00	 9.9941e-01
9.5205e+00	 1.0049e+00	 9.5205e+00	 9.9936e-01
9.5290e+00	 1.0049e+00	 9.5290e+00	 9.9932e-01
9.5374e+00	 1.0049e+00	 9.5374e+00	 9.9928e-01
9.5459e+00	 1.0049e+00	 9.5459e+00	 9.9925e-01
9.5544e+00	 1.0049e+00	 9.5544e+00	 9.9921e-01
9.5628e+00	 1.0049e+00	 9.5628e+00	 9.9919e-01
9.5713e+00	 1.0049e+00	 9.5713e+00	 9.9917e-01
9.5798e+00	 1.0049e+00	 9.5798e+00	 9.9915e-01
9.5883e+00	 1.0050e+00	 9.5883e+00	 9.9914e-01
9.5969e+00	 1.0050e+00	 9.5969e+00	 9.9913e-01
9.6054e+00	 1.0050e+00	 9.6054e+00	 9.9912e-01
9.6139e+00	 1.0051e+00	 9.6139e+00	 9.9912e-01
9.6225e+00	 1.0052e+00	 9.6225e+00	 9.9912e-01
9.6310e+00	 1.0052e+00	 9.6310e+00	 9.9912e-01
9.6395e+00	 1.0052e+00	 9.6395e+00	 9.9912e-01
9.6481e+00	 1.0053e+00	 9.6481e+00	 9.9912e-01
9.6567e+00	 1.0053e+00	 9.6567e+00	 9.9913e-01
9.6652e+00	 1.0053e+00	 9.6652e+00	 9.9914e-01
9.6738e+00	 1.0053e+00	 9.6738e+00	 9.9916e-01
9.6824e+00	 1.0054e+00	 9.6824e+00	 9.9917e-01
9.6910e+00	 1.0054e+00	 9.6910e+00	 9.9919e-01
9.6996e+00	 1.0054e+00	 9.6996e+00	 9.9922e-01
9.7082e+00	 1.0055e+00	 9.7082e+00	 9.9925e-01
9.7168e+00	 1.0055e+00	 9.7168e+00	 9.9927e-01
9.7254e+00	 1.0055e+00	 9.7254e+00	 9.9931e-01
9.7341e+00	 1.0055e+00	 9.7341e+00	 9.9934e-01
9.7427e+00	 1.0056e+00	 9.7427e+00	 9.9938e-01
9.7513e+00	 1.0055e+00	 9.7513e+00	 9.9942e-01
9.7600e+00	 1.0056e+00	 9.7600e+00	 9.9945e-01
9.7686e+00	 1.0056e+00	 9.7686e+00	 9.9949e-01
9.7773e+00	 1.0055e+00	 9.7773e+00	 9.9953e-01
9.7860e+00	 1.0056e+00	 9.7860e+00	 9.9956e-01
9.7946e+00	 1.0055e+00	 9.7946e+00	 9.9960e-01
9.8033e+00	 1.0056e+00	 9.8033e+00	 9.9963e-01
9.8120e+00	 1.0055e+00	 9.8120e+00	 9.9967e-01
9.8207e+00	 1.0055e+00	 9.8207e+00	 9.9970e-01
9.8294e+00	 1.0055e+00	 9.8294e+00	 9.9973e-01
9.8382e+00	 1.0055e+00	 9.8382e+00	 9.9977e-01
9.8469e+00	 1.0055e+00	 9.8469e+00	 9.9980e-01
9.8556e+00	 1.0055e+00	 9.8556e+00	 9.9985e-01
9.8643e+00	 1.0056e+00	 9.8643e+00	 9.9989e-01
9.8731e+00	 1.0055e+00	 9.8731e+00	 9.9993e-01
9.8818e+00	 1.0056e+00	 9.8818e+00	 9.9998e-01
9.8906e+00	 1.0056e+00	 9.8906e+00	 1.0000e+00
9.8994e+00	 1.0056e+00	 9.8994e+00	 1.0001e+00
9.9081e+00	 1.0056e+00	 9.9081e+00	 1.0001e+00
9.9169e+00	 1.0057e+00	 9.9169e+00	 1.0002e+00
9.9257e+00	 1.0057e+00	 9.9257e+00	 1.0002e+00
9.9345e+00	 1.0057e+00	 9.9345e+00	 1.0002e+00
9.9433e+00	 1.0058e+00	 9.9433e+00	 1.0003e+00
9.9521e+00	 1.0057e+00	 9.9521e+00	 1.0003e+00
9.9609e+00	 1.0058e+00	 9.9609e+00	 1.0003e+00
9.9697e+00	 1.0058e+00	 9.9697e+00	 1.0003e+00
9.9786e+00	 1.0058e+00	 9.9786e+00	 1.0003e+00
9.9874e+00	 1.0058e+00	 9.9874e+00	 1.0003e+00
9.9962e+00	 1.0057e+00	 9.9962e+00	 1.0003e+00
1.0005e+01	 1.0058e+00	 1.0005e+01	 1.0003e+00
1.0014e+01	 1.0057e+00	 1.0014e+01	 1.0003e+00
1.0023e+01	 1.0057e+00	 1.0023e+01	 1.0003e+00
1.0032e+01	 1.0057e+00	 1.0032e+01	 1.0003e+00
1.0041e+01	 1.0057e+00	 1.0041e+01	 1.0002e+00
1.0050e+01	 1.0057e+00	 1.0050e+01	 1.0002e+00
1.0058e+01	 1.0056e+00	 1.0058e+01	 1.0002e+00
1.0067e+01	 1.0056e+00	 1.0067e+01	 1.0001e+00
1.0076e+01	 1.0055e+00	 1.0076e+01	 1.0001e+00
1.0085e+01	 1.0055e+00	 1.0085e+01	 1.0001e+00
1.0094e+01	 1.0055e+00	 1.0094e+01	 1.0000e+00
1.0103e+01	 1.0054e+00	 1.0103e+01	 9.9995e-01
1.0112e+01	 1.0054e+00	 1.0112e+01	 9.9990e-01
1.0121e+01	 1.0054e+00	 1.0121e+01	 9.9985e-01
1.0130e+01	 1.0054e+00	 1.0130e+01	 9.9980e-01
1.0139e+01	 1.0053e+00	 1.0139e+01	 9.9975e-01
1.0148e+01	 1.0053e+00	 1.0148e+01	 9.9972e-01
1.0157e+01	 1.0053e+00	 1.0157e+01	 9.9970e-01
1.0166e+01	 1.0053e+00	 1.0166e+01	 9.9968e-01
1.0175e+01	 1.0054e+00	 1.0175e+01	 9.9967e-01
1.0184e+01	 1.0053e+00	 1.0184e+01	 9.9968e-01
1.0193e+01	 1.0054e+00	 1.0193e+01	 9.9970e-01
1.0202e+01	 1.0054e+00	 1.0202e+01	 9.9972e-01
1.0211e+01	 1.0054e+00	 1.0211e+01	 9.9975e-01
1.0220e+01	 1.0054e+00	 1.0220e+01	 9.9979e-01
1.0229e+01	 1.0054e+00	 1.0229e+01	 9.9984e-01
1.0238e+01	 1.0054e+00	 1.0238e+01	 9.9989e-01
1.0247e+01	 1.0054e+00	 1.0247e+01	 9.9994e-01
1.0256e+01	 1.0054e+00	 1.0256e+01	 1.0000e+00
1.0265e+01	 1.0054e+00	 1.0265e+01	 1.0001e+00
1.0274e+01	 1.0054e+00	 1.0274e+01	 1.0001e+00
1.0283e+01	 1.0054e+00	 1.0283e+01	 1.0002e+00
1.0292e+01	 1.0054e+00	 1.0292e+01	 1.0002e+00
1.0301e+01	 1.0055e+00	 1.0301e+01	 1.0002e+00
1.0310e+01	 1.0055e+00	 1.0310e+01	 1.0003e+00
1.0320e+01	 1.0055e+00	 1.0320e+01	 1.0003e+00
1.0329e+01	 1.0055e+00	 1.0329e+01	 1.0003e+00
1.0338e+01	 1.0056e+00	 1.0338e+01	 1.0003e+00
1.0347e+01	 1.0056e+00	 1.0347e+01	 1.0002e+00
1.0356e+01	 1.0056e+00	 1.0356e+01	 1.0002e+00
1.0365e+01	 1.0057e+00	 1.0365e+01	 1.0002e+00
1.0374e+01	 1.0057e+00	 1.0374e+01	 1.0001e+00
1.0384e+01	 1.0057e+00	 1.0384e+01	 1.0001e+00
1.0393e+01	 1.0057e+00	 1.0393e+01	 1.0000e+00
1.0402e+01	 1.0057e+00	 1.0402e+01	 9.9994e-01
1.0411e+01	 1.0058e+00	 1.0411e+01	 9.9986e-01
1.0420e+01	 1.0058e+00	 1.0420e+01	 9.9979e-01
1.0430e+01	 1.0058e+00	 1.0430e+01	 9.9971e-01
1.0439e+01	 1.0058e+00	 1.0439e+01	 9.9963e-01
1.0448e+01	 1.0059e+00	 1.0448e+01	 9.9955e-01
1.0457e+01	 1.0059e+00	 1.0457e+01	 9.9948e-01
1.0466e+01	 1.0059e+00	 1.0466e+01	 9.9940e-01
1.0476e+01	 1.0059e+00	 1.0476e+01	 9.9932e-01
1.0485e+01	 1.0059e+00	 1.0485e+01	 9.9924e-01
1.0494e+01	 1.0060e+00	 1.0494e+01	 9.9916e-01
1.0503e+01	 1.0059e+00	 1.0503e+01	 9.9908e-01
1.0513e+01	 1.0060e+00	 1.0513e+01	 9.9900e-01
1.0522e+01	 1.0059e+00	 1.0522e+01	 9.9893e-01
1.0531e+01	 1.0060e+00	 1.0531e+01	 9.9886e-01
1.0541e+01	 1.0060e+00	 1.0541e+01	 9.9879e-01
1.0550e+01	 1.0060e+00	 1.0550e+01	 9.9872e-01
1.0559e+01	 1.0060e+00	 1.0559e+01	 9.9867e-01
1.0569e+01	 1.0060e+00	 1.0569e+01	 9.9862e-01
1.0578e+01	 1.0061e+00	 1.0578e+01	 9.9857e-01
1.0587e+01	 1.0060e+00	 1.0587e+01	 9.9854e-01
1.0597e+01	 1.0061e+00	 1.0597e+01	 9.9853e-01
1.0606e+01	 1.0061e+00	 1.0606e+01	 9.9852e-01
1.0615e+01	 1.0062e+00	 1.0615e+01	 9.9854e-01
1.0624e+01	 1.0062e+00	 1.0624e+01	 9.9856e-01
1.0634e+01	 1.0062e+00	 1.0634e+01	 9.9859e-01
1.0643e+01	 1.0063e+00	 1.0643e+01	 9.9863e-01
1.0653e+01	 1.0062e+00	 1.0653e+01	 9.9868e-01
1.0662e+01	 1.0063e+00	 1.0662e+01	 9.9873e-01
1.0671e+01	 1.0063e+00	 1.0671e+01	 9.9878e-01
1.0681e+01	 1.0064e+00	 1.0681e+01	 9.9883e-01
1.0690e+01	 1.0064e+00	 1.0690e+01	 9.9889e-01
1.0700e+01	 1.0064e+00	 1.0700e+01	 9.9894e-01
1.0709e+01	 1.0065e+00	 1.0709e+01	 9.9898e-01
1.0719e+01	 1.0064e+00	 1.0719e+01	 9.9903e-01
1.0728e+01	 1.0065e+00	 1.0728e+01	 9.9907e-01
1.0738e+01	 1.0065e+00	 1.0738e+01	 9.9910e-01
1.0747e+01	 1.0065e+00	 1.0747e+01	 9.9912e-01
1.0756e+01	 1.0065e+00	 1.0756e+01	 9.9914e-01
1.0766e+01	 1.0065e+00	 1.0766e+01	 9.9916e-01
1.0775e+01	 1.0065e+00	 1.0775e+01	 9.9917e-01
1.0785e+01	 1.0065e+00	 1.0785e+01	 9.9917e-01
1.0794e+01	 1.0065e+00	 1.0794e+01	 9.9917e-01
1.0804e+01	 1.0065e+00	 1.0804e+01	 9.9917e-01
1.0813e+01	 1.0065e+00	 1.0813e+01	 9.9916e-01
1.0823e+01	 1.0065e+00	 1.0823e+01	 9.9914e-01
1.0832e+01	 1.0065e+00	 1.0832e+01	 9.9912e-01
1.0842e+01	 1.0065e+00	 1.0842e+01	 9.9911e-01
1.0852e+01	 1.0065e+00	 1.0852e+01	 9.9909e-01
1.0861e+01	 1.0066e+00	 1.0861e+01	 9.9909e-01
1.0871e+01	 1.0065e+00	 1.0871e+01	 9.9908e-01
1.0880e+01	 1.0066e+00	 1.0880e+01	 9.9908e-01
1.0890e+01	 1.0066e+00	 1.0890e+01	 9.9909e-01
1.0899e+01	 1.0066e+00	 1.0899e+01	 9.9910e-01
1.0909e+01	 1.0066e+00	 1.0909e+01	 9.9912e-01
1.0919e+01	 1.0066e+00	 1.0919e+01	 9.9914e-01
1.0928e+01	 1.0067e+00	 1.0928e+01	 9.9918e-01
1.0938e+01	 1.0066e+00	 1.0938e+01	 9.9923e-01
1.0947e+01	 1.0067e+00	 1.0947e+01	 9.9928e-01
1.0957e+01	 1.0067e+00	 1.0957e+01	 9.9935e-01
1.0967e+01	 1.0067e+00	 1.0967e+01	 9.9942e-01
1.0976e+01	 1.0068e+00	 1.0976e+01	 9.9950e-01
1.0986e+01	 1.0068e+00	 1.0986e+01	 9.9957e-01
1.0996e+01	 1.0068e+00	 1.0996e+01	 9.9965e-01
1.1005e+01	 1.0068e+00	 1.1005e+01	 9.9973e-01
1.1015e+01	 1.0069e+00	 1.1015e+01	 9.9980e-01
1.1025e+01	 1.0069e+00	 1.1025e+01	 9.9988e-01
1.1034e+01	 1.0069e+00	 1.1034e+01	 9.9995e-01
1.1044e+01	 1.0069e+00	 1.1044e+01	 1.0000e+00
1.1054e+01	 1.0069e+00	 1.1054e+01	 1.0001e+00
1.1064e+01	 1.0070e+00	 1.1064e+01	 1.0001e+00
1.1073e+01	 1.0070e+00	 1.1073e+01	 1.0002e+00
1.1083e+01	 1.0070e+00	 1.1083e+01	 1.0002e+00
1.1093e+01	 1.0070e+00	 1.1093e+01	 1.0002e+00
1.1103e+01	 1.0070e+00	 1.1103e+01	 1.0002e+00
1.1112e+01	 1.0070e+00	 1.1112e+01	 1.0002e+00
1.1122e+01	 1.0070e+00	 1.1122e+01	 1.0002e+00
1.1132e+01	 1.0070e+00	 1.1132e+01	 1.0002e+00
1.1142e+01	 1.0070e+00	 1.1142e+01	 1.0002e+00
1.1152e+01	 1.0070e+00	 1.1152e+01	 1.0002e+00
1.1161e+01	 1.0070e+00	 1.1161e+01	 1.0001e+00
1.1171e+01	 1.0070e+00	 1.1171e+01	 1.0001e+00
1.1181e+01	 1.0069e+00	 1.1181e+01	 1.0000e+00
1.1191e+01	 1.0069e+00	 1.1191e+01	 9.9999e-01
1.1201e+01	 1.0069e+00	 1.1201e+01	 9.9995e-01
1.1210e+01	 1.0069e+00	 1.1210e+01	 9.9991e-01
1.1220e+01	 1.0069e+00	 1.1220e+01	 9.9987e-01
1.1230e+01	 1.0068e+00	 1.1230e+01	 9.9985e-01
1.1240e+01	 1.0068e+00	 1.1240e+01	 9.9982e-01
1.1250e+01	 1.0068e+00	 1.1250e+01	 9.9982e-01
1.1260e+01	 1.0068e+00	 1.1260e+01	 9.9981e-01
1.1270e+01	 1.0068e+00	 1.1270e+01	 9.9982e-01
1.1280e+01	 1.0068e+00	 1.1280e+01	 9.9983e-01
1.1290e+01	 1.0069e+00	 1.1290e+01	 9.9985e-01
1.1299e+01	 1.0069e+00	 1.1299e+01	 9.9987e-01
1.1309e+01	 1.0069e+00	 1.1309e+01	 9.9989e-01
1.1319e+01	 1.0070e+00	 1.1319e+01	 9.9991e-01
1.1329e+01	 1.0070e+00	 1.1329e+01	 9.9993e-01
1.1339e+01	 1.0071e+00	 1.1339e+01	 9.9995e-01
1.1349e+01	 1.0071e+00	 1.1349e+01	 9.9996e-01
1.1359e+01	 1.0073e+00	 1.1359e+01	 9.9997e-01
1.1369e+01	 1.0073e+00	 1.1369e+01	 9.9998e-01
1.1379e+01	 1.0074e+00	 1.1379e+01	 9.9998e-01
1.1389e+01	 1.0075e+00	 1.1389e+01	 9.9997e-01
1.1399e+01	 1.0075e+00	 1.1399e+01	 9.9995e-01
1.1409e+01	 1.0076e+00	 1.1409e+01	 9.9994e-01
1.1419e+01	 1.0076e+00	 1.1419e+01	 9.9992e-01
1.1429e+01	 1.0077e+00	 1.1429e+01	 9.9990e-01
1.1439e+01	 1.0076e+00	 1.1439e+01	 9.9987e-01
1.1449e+01	 1.0076e+00	 1.1449e+01	 9.9985e-01
1.1459e+01	 1.0076e+00	 1.1459e+01	 9.9981e-01
1.1469e+01	 1.0076e+00	 1.1469e+01	 9.9977e-01
1.1479e+01	 1.0076e+00	 1.1479e+01	 9.9973e-01
1.1489e+01	 1.0075e+00	 1.1489e+01	 9.9968e-01
1.1499e+01	 1.0075e+00	 1.1499e+01	 9.9964e-01
1.1509e+01	 1.0074e+00	 1.1509e+01	 9.9959e-01
1.1520e+01	 1.0074e+00	 1.1520e+01	 9.9955e-01
1.1530e+01	 1.0073e+00	 1.1530e+01	 9.9950e-01
1.1540e+01	 1.0073e+00	 1.1540e+01	 9.9945e-01
1.1550e+01	 1.0073e+00	 1.1550e+01	 9.9941e-01
1.1560e+01	 1.0072e+00	 1.1560e+01	 9.9936e-01
1.1570e+01	 1.0072e+00	 1.1570e+01	 9.9932e-01
1.1580e+01	 1.0071e+00	 1.1580e+01	 9.9927e-01
1.1590e+01	 1.0071e+00	 1.1590e+01	 9.9922e-01
1.1601e+01	 1.0070e+00	 1.1601e+01	 9.9917e-01
1.1611e+01	 1.0070e+00	 1.1611e+01	 9.9913e-01
1.1621e+01	 1.0070e+00	 1.1621e+01	 9.9909e-01
1.1631e+01	 1.0070e+00	 1.1631e+01	 9.9906e-01
1.1641e+01	 1.0070e+00	 1.1641e+01	 9.9903e-01
1.1652e+01	 1.0070e+00	 1.1652e+01	 9.9901e-01
1.1662e+01	 1.0070e+00	 1.1662e+01	 9.9900e-01
1.1672e+01	 1.0070e+00	 1.1672e+01	 9.9901e-01
1.1682e+01	 1.0070e+00	 1.1682e+01	 9.9902e-01
1.1692e+01	 1.0070e+00	 1.1692e+01	 9.9905e-01
1.1703e+01	 1.0070e+00	 1.1703e+01	 9.9909e-01
1.1713e+01	 1.0071e+00	 1.1713e+01	 9.9914e-01
1.1723e+01	 1.0071e+00	 1.1723e+01	 9.9920e-01
1.1733e+01	 1.0072e+00	 1.1733e+01	 9.9927e-01
1.1744e+01	 1.0072e+00	 1.1744e+01	 9.9934e-01
1.1754e+01	 1.0072e+00	 1.1754e+01	 9.9942e-01
1.1764e+01	 1.0072e+00	 1.1764e+01	 9.9950e-01
1.1774e+01	 1.0073e+00	 1.1774e+01	 9.9958e-01
1.1785e+01	 1.0073e+00	 1.1785e+01	 9.9965e-01
1.1795e+01	 1.0073e+00	 1.1795e+01	 9.9973e-01
1.1806e+01	 1.0074e+00	 1.1806e+01	 9.9980e-01
1.1816e+01	 1.0074e+00	 1.1816e+01	 9.9986e-01
1.1826e+01	 1.0075e+00	 1.1826e+01	 9.9992e-01
1.1836e+01	 1.0075e+00	 1.1836e+01	 9.9997e-01
1.1847e+01	 1.0076e+00	 1.1847e+01	 1.0000e+00
1.1857e+01	 1.0077e+00	 1.1857e+01	 1.0000e+00
1.1868e+01	 1.0077e+00	 1.1868e+01	 1.0000e+00
1.1878e+01	 1.0078e+00	 1.1878e+01	 1.0001e+00
1.1888e+01	 1.0078e+00	 1.1888e+01	 1.0000e+00
1.1899e+01	 1.0078e+00	 1.1899e+01	 1.0000e+00
1.1909e+01	 1.0079e+00	 1.1909e+01	 1.0000e+00
1.1920e+01	 1.0079e+00	 1.1920e+01	 9.9998e-01
1.1930e+01	 1.0080e+00	 1.1930e+01	 9.9995e-01
1.1940e+01	 1.0079e+00	 1.1940e+01	 9.9991e-01
1.1951e+01	 1.0080e+00	 1.1951e+01	 9.9987e-01
1.1961e+01	 1.0079e+00	 1.1961e+01	 9.9982e-01
1.1972e+01	 1.0080e+00	 1.1972e+01	 9.9977e-01
1.1982e+01	 1.0080e+00	 1.1982e+01	 9.9972e-01
1.1993e+01	 1.0080e+00	 1.1993e+01	 9.9967e-01
1.2003e+01	 1.0080e+00	 1.2003e+01	 9.9960e-01
1.2014e+01	 1.0079e+00	 1.2014e+01	 9.9954e-01
1.2024e+01	 1.0080e+00	 1.2024e+01	 9.9948e-01
1.2035e+01	 1.0079e+00	 1.2035e+01	 9.9942e-01
1.2045e+01	 1.0080e+00	 1.2045e+01	 9.9935e-01
1.2056e+01	 1.0080e+00	 1.2056e+01	 9.9929e-01
1.2066e+01	 1.0080e+00	 1.2066e+01	 9.9922e-01
1.2077e+01	 1.0081e+00	 1.2077e+01	 9.9917e-01
1.2087e+01	 1.0080e+00	 1.2087e+01	 9.9912e-01
1.2098e+01	 1.0081e+00	 1.2098e+01	 9.9908e-01
1.2108e+01	 1.0081e+00	 1.2108e+01	 9.9905e-01
1.2119e+01	 1.0082e+00	 1.2119e+01	 9.9902e-01
1.2130e+01	 1.0082e+00	 1.2130e+01	 9.9901e-01
1.2140e+01	 1.0082e+00	 1.2140e+01	 9.9900e-01
1.2151e+01	 1.0083e+00	 1.2151e+01	 9.9900e-01
1.2161e+01	 1.0083e+00	 1.2161e+01	 9.9901e-01
1.2172e+01	 1.0083e+00	 1.2172e+01	 9.9903e-01
1.2183e+01	 1.0083e+00	 1.2183e+01	 9.9905e-01
1.2193e+01	 1.0084e+00	 1.2193e+01	 9.9908e-01
1.2204e+01	 1.0084e+00	 1.2204e+01	 9.9912e-01
1.2215e+01	 1.0084e+00	 1.2215e+01	 9.9916e-01
1.2225e+01	 1.0085e+00	 1.2225e+01	 9.9921e-01
1.2236e+01	 1.0085e+00	 1.2236e+01	 9.9926e-01
1.2247e+01	 1.0085e+00	 1.2247e+01	 9.9931e-01
1.2257e+01	 1.0085e+00	 1.2257e+01	 9.9937e-01
1.2268e+01	 1.0085e+00	 1.2268e+01	 9.9942e-01
1.2279e+01	 1.0085e+00	 1.2279e+01	 9.9948e-01
1.2289e+01	 1.0085e+00	 1.2289e+01	 9.9955e-01
1.2300e+01	 1.0085e+00	 1.2300e+01	 9.9960e-01
1.2311e+01	 1.0085e+00	 1.2311e+01	 9.9967e-01
1.2322e+01	 1.0085e+00	 1.2322e+01	 9.9973e-01
1.2332e+01	 1.0084e+00	 1.2332e+01	 9.9980e-01
1.2343e+01	 1.0084e+00	 1.2343e+01	 9.9986e-01
1.2354e+01	 1.0084e+00	 1.2354e+01	 9.9993e-01
1.2365e+01	 1.0083e+00	 1.2365e+01	 9.9999e-01
1.2375e+01	 1.0083e+00	 1.2375e+01	 1.0001e+00
1.2386e+01	 1.0082e+00	 1.2386e+01	 1.0001e+00
1.2397e+01	 1.0082e+00	 1.2397e+01	 1.0002e+00
1.2408e+01	 1.0081e+00	 1.2408e+01	 1.0002e+00
1.2419e+01	 1.0082e+00	 1.2419e+01	 1.0003e+00
1.2429e+01	 1.0081e+00	 1.2429e+01	 1.0003e+00
1.2440e+01	 1.0081e+00	 1.2440e+01	 1.0003e+00
1.2451e+01	 1.0081e+00	 1.2451e+01	 1.0004e+00
1.2462e+01	 1.0080e+00	 1.2462e+01	 1.0004e+00
1.2473e+01	 1.0081e+00	 1.2473e+01	 1.0004e+00
1.2484e+01	 1.0080e+00	 1.2484e+01	 1.0004e+00
1.2495e+01	 1.0080e+00	 1.2495e+01	 1.0004e+00
1.2505e+01	 1.0080e+00	 1.2505e+01	 1.0005e+00
1.2516e+01	 1.0081e+00	 1.2516e+01	 1.0005e+00
1.2527e+01	 1.0081e+00	 1.2527e+01	 1.0005e+00
1.2538e+01	 1.0081e+00	 1.2538e+01	 1.0005e+00
1.2549e+01	 1.0082e+00	 1.2549e+01	 1.0005e+00
1.2560e+01	 1.0082e+00	 1.2560e+01	 1.0005e+00
1.2571e+01	 1.0083e+00	 1.2571e+01	 1.0005e+00
1.2582e+01	 1.0083e+00	 1.2582e+01	 1.0005e+00
1.2593e+01	 1.0084e+00	 1.2593e+01	 1.0005e+00
1.2604e+01	 1.0085e+00	 1.2604e+01	 1.0005e+00
1.2615e+01	 1.0085e+00	 1.2615e+01	 1.0005e+00
1.2626e+01	 1.0086e+00	 1.2626e+01	 1.0005e+00
1.2637e+01	 1.0086e+00	 1.2637e+01	 1.0005e+00
1.2648e+01	 1.0087e+00	 1.2648e+01	 1.0005e+00
1.2659e+01	 1.0088e+00	 1.2659e+01	 1.0005e+00
1.2670e+01	 1.0089e+00	 1.2670e+01	 1.0006e+00
1.2681e+01	 1.0089e+00	 1.2681e+01	 1.0006e+00
1.2692e+01	 1.0090e+00	 1.2692e+01	 1.0006e+00
1.2703e+01	 1.0091e+00	 1.2703e+01	 1.0006e+00
1.2714e+01	 1.0091e+00	 1.2714e+01	 1.0006e+00
1.2725e+01	 1.0091e+00	 1.2725e+01	 1.0006e+00
1.2736e+01	 1.0091e+00	 1.2736e+01	 1.0006e+00
1.2747e+01	 1.0092e+00	 1.2747e+01	 1.0005e+00
1.2758e+01	 1.0092e+00	 1.2758e+01	 1.0005e+00
1.2769e+01	 1.0092e+00	 1.2769e+01	 1.0005e+00
1.2780e+01	 1.0092e+00	 1.2780e+01	 1.0004e+00
1.2791e+01	 1.0092e+00	 1.2791e+01	 1.0004e+00
1.2803e+01	 1.0092e+00	 1.2803e+01	 1.0003e+00
1.2814e+01	 1.0092e+00	 1.2814e+01	 1.0002e+00
1.2825e+01	 1.0092e+00	 1.2825e+01	 1.0002e+00
1.2836e+01	 1.0091e+00	 1.2836e+01	 1.0001e+00
1.2847e+01	 1.0091e+00	 1.2847e+01	 1.0000e+00
1.2858e+01	 1.0091e+00	 1.2858e+01	 9.9997e-01
1.2870e+01	 1.0090e+00	 1.2870e+01	 9.9990e-01
1.2881e+01	 1.0091e+00	 1.2881e+01	 9.9983e-01
1.2892e+01	 1.0090e+00	 1.2892e+01	 9.9977e-01
1.2903e+01	 1.0090e+00	 1.2903e+01	 9.9972e-01
1.2914e+01	 1.0090e+00	 1.2914e+01	 9.9966e-01
1.2926e+01	 1.0090e+00	 1.2926e+01	 9.9961e-01
1.2937e+01	 1.0090e+00	 1.2937e+01	 9.9957e-01
1.2948e+01	 1.0089e+00	 1.2948e+01	 9.9952e-01
1.2959e+01	 1.0090e+00	 1.2959e+01	 9.9948e-01
1.2971e+01	 1.0089e+00	 1.2971e+01	 9.9945e-01
1.2982e+01	 1.0090e+00	 1.2982e+01	 9.9942e-01
1.2993e+01	 1.0089e+00	 1.2993e+01	 9.9939e-01
1.3004e+01	 1.0089e+00	 1.3004e+01	 9.9937e-01
1.3016e+01	 1.0090e+00	 1.3016e+01	 9.9936e-01
1.3027e+01	 1.0089e+00	 1.3027e+01	 9.9935e-01
1.3038e+01	 1.0090e+00	 1.3038e+01	 9.9934e-01
1.3050e+01	 1.0090e+00	 1.3050e+01	 9.9934e-01
1.3061e+01	 1.0091e+00	 1.3061e+01	 9.9934e-01
1.3072e+01	 1.0091e+00	 1.3072e+01	 9.9934e-01
1.3084e+01	 1.0092e+00	 1.3084e+01	 9.9933e-01
1.3095e+01	 1.0092e+00	 1.3095e+01	 9.9933e-01
1.3106e+01	 1.0092e+00	 1.3106e+01	 9.9932e-01
1.3118e+01	 1.0093e+00	 1.3118e+01	 9.9930e-01
1.3129e+01	 1.0093e+00	 1.3129e+01	 9.9929e-01
1.3140e+01	 1.0094e+00	 1.3140e+01	 9.9927e-01
1.3152e+01	 1.0094e+00	 1.3152e+01	 9.9925e-01
1.3163e+01	 1.0095e+00	 1.3163e+01	 9.9923e-01
1.3175e+01	 1.0095e+00	 1.3175e+01	 9.9920e-01
1.3186e+01	 1.0095e+00	 1.3186e+01	 9.9918e-01
1.3197e+01	 1.0096e+00	 1.3197e+01	 9.9916e-01
1.3209e+01	 1.0095e+00	 1.3209e+01	 9.9914e-01
1.3220e+01	 1.0096e+00	 1.3220e+01	 9.9912e-01
1.3232e+01	 1.0096e+00	 1.3232e+01	 9.9911e-01
1.3243e+01	 1.0096e+00	 1.3243e+01	 9.9910e-01
1.3255e+01	 1.0096e+00	 1.3255e+01	 9.9910e-01
1.3266e+01	 1.0096e+00	 1.3266e+01	 9.9910e-01
1.3278e+01	 1.0097e+00	 1.3278e+01	 9.9912e-01
1.3289e+01	 1.0097e+00	 1.3289e+01	 9.9913e-01
1.3301e+01	 1.0098e+00	 1.3301e+01	 9.9914e-01
1.3312e+01	 1.0097e+00	 1.3312e+01	 9.9917e-01
1.3324e+01	 1.0098e+00	 1.3324e+01	 9.9919e-01
1.3335e+01	 1.0098e+00	 1.3335e+01	 9.9921e-01
1.3347e+01	 1.0098e+00	 1.3347e+01	 9.9923e-01
1.3359e+01	 1.0099e+00	 1.3359e+01	 9.9924e-01
1.3370e+01	 1.0098e+00	 1.3370e+01	 9.9925e-01
1.3382e+01	 1.0099e+00	 1.3382e+01	 9.9925e-01
1.3393e+01	 1.0099e+00	 1.3393e+01	 9.9925e-01
1.3405e+01	 1.0099e+00	 1.3405e+01	 9.9924e-01
1.3416e+01	 1.0099e+00	 1.3416e+01	 9.9923e-01
1.3428e+01	 1.0099e+00	 1.3428e+01	 9.9921e-01
1.3440e+01	 1.0100e+00	 1.3440e+01	 9.9919e-01
1.3451e+01	 1.0099e+00	 1.3451e+01	 9.9917e-01
1.3463e+01	 1.0100e+00	 1.3463e+01	 9.9915e-01
1.3475e+01	 1.0100e+00	 1.3475e+01	 9.9913e-01
1.3486e+01	 1.0100e+00	 1.3486e+01	 9.9912e-01
1.3498e+01	 1.0100e+00	 1.3498e+01	 9.9911e-01
1.3510e+01	 1.0100e+00	 1.3510e+01	 9.9910e-01
1.3521e+01	 1.0100e+00	 1.3521e+01	 9.9910e-01
1.3533e+01	 1.0100e+00	 1.3533e+01	 9.9912e-01
1.3545e+01	 1.0101e+00	 1.3545e+01	 9.9913e-01
1.3556e+01	 1.0100e+00	 1.3556e+01	 9.9915e-01
1.3568e+01	 1.0101e+00	 1.3568e+01	 9.9919e-01
1.3580e+01	 1.0101e+00	 1.3580e+01	 9.9923e-01
1.3592e+01	 1.0101e+00	 1.3592e+01	 9.9928e-01
1.3604e+01	 1.0102e+00	 1.3604e+01	 9.9934e-01
1.3615e+01	 1.0102e+00	 1.3615e+01	 9.9941e-01
1.3627e+01	 1.0103e+00	 1.3627e+01	 9.9948e-01
1.3639e+01	 1.0103e+00	 1.3639e+01	 9.9956e-01
1.3651e+01	 1.0104e+00	 1.3651e+01	 9.9964e-01
1.3662e+01	 1.0104e+00	 1.3662e+01	 9.9972e-01
1.3674e+01	 1.0105e+00	 1.3674e+01	 9.9980e-01
1.3686e+01	 1.0105e+00	 1.3686e+01	 9.9989e-01
1.3698e+01	 1.0105e+00	 1.3698e+01	 9.9998e-01
1.3710e+01	 1.0106e+00	 1.3710e+01	 1.0001e+00
1.3722e+01	 1.0106e+00	 1.3722e+01	 1.0002e+00
1.3733e+01	 1.0106e+00	 1.3733e+01	 1.0002e+00
1.3745e+01	 1.0106e+00	 1.3745e+01	 1.0003e+00
1.3757e+01	 1.0106e+00	 1.3757e+01	 1.0004e+00
1.3769e+01	 1.0106e+00	 1.3769e+01	 1.0005e+00
1.3781e+01	 1.0106e+00	 1.3781e+01	 1.0005e+00
1.3793e+01	 1.0106e+00	 1.3793e+01	 1.0006e+00
1.3805e+01	 1.0105e+00	 1.3805e+01	 1.0007e+00
1.3817e+01	 1.0105e+00	 1.3817e+01	 1.0007e+00
1.3829e+01	 1.0104e+00	 1.3829e+01	 1.0007e+00
1.3841e+01	 1.0104e+00	 1.3841e+01	 1.0008e+00
1.3852e+01	 1.0103e+00	 1.3852e+01	 1.0008e+00
1.3864e+01	 1.0103e+00	 1.3864e+01	 1.0008e+00
1.3876e+01	 1.0103e+00	 1.3876e+01	 1.0009e+00
1.3888e+01	 1.0102e+00	 1.3888e+01	 1.0009e+00
1.3900e+01	 1.0102e+00	 1.3900e+01	 1.0009e+00
1.3912e+01	 1.0102e+00	 1.3912e+01	 1.0009e+00
1.3924e+01	 1.0102e+00	 1.3924e+01	 1.0009e+00
1.3936e+01	 1.0102e+00	 1.3936e+01	 1.0009e+00
1.3948e+01	 1.0102e+00	 1.3948e+01	 1.0010e+00
1.3960e+01	 1.0103e+00	 1.3960e+01	 1.0010e+00
1.3973e+01	 1.0102e+00	 1.3973e+01	 1.0009e+00
1.3985e+01	 1.0103e+00	 1.3985e+01	 1.0009e+00
1.3997e+01	 1.0103e+00	 1.3997e+01	 1.0009e+00
1.4009e+01	 1.0103e+00	 1.4009e+01	 1.0009e+00
1.4021e+01	 1.0104e+00	 1.4021e+01	 1.0009e+00
1.4033e+01	 1.0104e+00	 1.4033e+01	 1.0009e+00
1.4045e+01	 1.0105e+00	 1.4045e+01	 1.0009e+00
1.4057e+01	 1.0105e+00	 1.4057e+01	 1.0009e+00
1.4069e+01	 1.0105e+00	 1.4069e+01	 1.0009e+00
1.4081e+01	 1.0105e+00	 1.4081e+01	 1.0009e+00
1.4094e+01	 1.0106e+00	 1.4094e+01	 1.0009e+00
1.4106e+01	 1.0106e+00	 1.4106e+01	 1.0010e+00
1.4118e+01	 1.0106e+00	 1.4118e+01	 1.0010e+00
1.4130e+01	 1.0106e+00	 1.4130e+01	 1.0010e+00
1.4142e+01	 1.0106e+00	 1.4142e+01	 1.0010e+00
1.4154e+01	 1.0106e+00	 1.4154e+01	 1.0010e+00
1.4167e+01	 1.0106e+00	 1.4167e+01	 1.0010e+00
1.4179e+01	 1.0106e+00	 1.4179e+01	 1.0010e+00
1.4191e+01	 1.0106e+00	 1.4191e+01	 1.0010e+00
1.4203e+01	 1.0107e+00	 1.4203e+01	 1.0010e+00
1.4216e+01	 1.0107e+00	 1.4216e+01	 1.0010e+00
1.4228e+01	 1.0107e+00	 1.4228e+01	 1.0009e+00
1.4240e+01	 1.0108e+00	 1.4240e+01	 1.0009e+00
1.4252e+01	 1.0108e+00	 1.4252e+01	 1.0009e+00
1.4264e+01	 1.0108e+00	 1.4264e+01	 1.0008e+00
1.4277e+01	 1.0109e+00	 1.4277e+01	 1.0008e+00
1.4289e+01	 1.0109e+00	 1.4289e+01	 1.0007e+00
1.4301e+01	 1.0110e+00	 1.4301e+01	 1.0006e+00
1.4314e+01	 1.0109e+00	 1.4314e+01	 1.0006e+00
1.4326e+01	 1.0110e+00	 1.4326e+01	 1.0005e+00
1.4338e+01	 1.0110e+00	 1.4338e+01	 1.0005e+00
1.4351e+01	 1.0111e+00	 1.4351e+01	 1.0004e+00
1.4363e+01	 1.0111e+00	 1.4363e+01	 1.0003e+00
1.4375e+01	 1.0111e+00	 1.4375e+01	 1.0003e+00
1.4388e+01	 1.0111e+00	 1.4388e+01	 1.0002e+00
1.4400e+01	 1.0111e+00	 1.4400e+01	 1.0002e+00
1.4412e+01	 1.0112e+00	 1.4412e+01	 1.0002e+00
1.4425e+01	 1.0112e+00	 1.4425e+01	 1.0001e+00
1.4437e+01	 1.0113e+00	 1.4437e+01	 1.0001e+00
1.4450e+01	 1.0113e+00	 1.4450e+01	 1.0001e+00
1.4462e+01	 1.0114e+00	 1.4462e+01	 1.0001e+00
1.4475e+01	 1.0114e+00	 1.4475e+01	 1.0001e+00
1.4487e+01	 1.0114e+00	 1.4487e+01	 1.0001e+00
1.4499e+01	 1.0115e+00	 1.4499e+01	 1.0001e+00
1.4512e+01	 1.0115e+00	 1.4512e+01	 1.0001e+00
1.4524e+01	 1.0116e+00	 1.4524e+01	 1.0001e+00
1.4537e+01	 1.0116e+00	 1.4537e+01	 1.0001e+00
1.4549e+01	 1.0117e+00	 1.4549e+01	 1.0001e+00
1.4562e+01	 1.0117e+00	 1.4562e+01	 1.0001e+00
1.4574e+01	 1.0117e+00	 1.4574e+01	 1.0001e+00
1.4587e+01	 1.0118e+00	 1.4587e+01	 1.0001e+00
1.4600e+01	 1.0117e+00	 1.4600e+01	 1.0000e+00
1.4612e+01	 1.0118e+00	 1.4612e+01	 1.0000e+00
1.4625e+01	 1.0118e+00	 1.4625e+01	 9.9995e-01
1.4637e+01	 1.0118e+00	 1.4637e+01	 9.9990e-01
1.4650e+01	 1.0117e+00	 1.4650e+01	 9.9983e-01
1.4662e+01	 1.0117e+00	 1.4662e+01	 9.9976e-01
1.4675e+01	 1.0117e+00	 1.4675e+01	 9.9968e-01
1.4688e+01	 1.0116e+00	 1.4688e+01	 9.9960e-01
1.4700e+01	 1.0117e+00	 1.4700e+01	 9.9952e-01
1.4713e+01	 1.0116e+00	 1.4713e+01	 9.9945e-01
1.4725e+01	 1.0116e+00	 1.4725e+01	 9.9937e-01
1.4738e+01	 1.0116e+00	 1.4738e+01	 9.9930e-01
1.4751e+01	 1.0115e+00	 1.4751e+01	 9.9923e-01
1.4763e+01	 1.0116e+00	 1.4763e+01	 9.9917e-01
1.4776e+01	 1.0115e+00	 1.4776e+01	 9.9911e-01
1.4789e+01	 1.0115e+00	 1.4789e+01	 9.9905e-01
1.4801e+01	 1.0115e+00	 1.4801e+01	 9.9900e-01
1.4814e+01	 1.0115e+00	 1.4814e+01	 9.9895e-01
1.4827e+01	 1.0115e+00	 1.4827e+01	 9.9891e-01
1.4839e+01	 1.0115e+00	 1.4839e+01	 9.9887e-01
1.4852e+01	 1.0115e+00	 1.4852e+01	 9.9884e-01
1.4865e+01	 1.0115e+00	 1.4865e+01	 9.9882e-01
1.4878e+01	 1.0115e+00	 1.4878e+01	 9.9881e-01
1.4890e+01	 1.0115e+00	 1.4890e+01	 9.9880e-01
1.4903e+01	 1.0116e+00	 1.4903e+01	 9.9881e-01
1.4916e+01	 1.0116e+00	 1.4916e+01	 9.9882e-01
1.4929e+01	 1.0116e+00	 1.4929e+01	 9.9883e-01
1.4942e+01	 1.0116e+00	 1.4942e+01	 9.9886e-01
1.4954e+01	 1.0116e+00	 1.4954e+01	 9.9889e-01
1.4967e+01	 1.0116e+00	 1.4967e+01	 9.9894e-01
1.4980e+01	 1.0116e+00	 1.4980e+01	 9.9901e-01
1.4993e+01	 1.0116e+00	 1.4993e+01	 9.9908e-01
1.5006e+01	 1.0117e+00	 1.5006e+01	 9.9916e-01
1.5018e+01	 1.0116e+00	 1.5018e+01	 9.9925e-01
1.5031e+01	 1.0117e+00	 1.5031e+01	 9.9934e-01
1.5044e+01	 1.0116e+00	 1.5044e+01	 9.9944e-01
1.5057e+01	 1.0117e+00	 1.5057e+01	 9.9954e-01
1.5070e+01	 1.0117e+00	 1.5070e+01	 9.9964e-01
1.5083e+01	 1.0117e+00	 1.5083e+01	 9.9975e-01
1.5096e+01	 1.0118e+00	 1.5096e+01	 9.9985e-01
1.5109e+01	 1.0118e+00	 1.5109e+01	 9.9994e-01
1.5122e+01	 1.0119e+00	 1.5122e+01	 1.0000e+00
1.5135e+01	 1.0119e+00	 1.5135e+01	 1.0001e+00
1.5148e+01	 1.0120e+00	 1.5148e+01	 1.0002e+00
1.5161e+01	 1.0120e+00	 1.5161e+01	 1.0002e+00
1.5174e+01	 1.0121e+00	 1.5174e+01	 1.0003e+00
1.5187e+01	 1.0122e+00	 1.5187e+01	 1.0003e+00
1.5200e+01	 1.0123e+00	 1.5200e+01	 1.0003e+00
1.5213e+01	 1.0124e+00	 1.5213e+01	 1.0003e+00
1.5226e+01	 1.0124e+00	 1.5226e+01	 1.0003e+00
1.5239e+01	 1.0126e+00	 1.5239e+01	 1.0003e+00
1.5252e+01	 1.0126e+00	 1.5252e+01	 1.0003e+00
1.5265e+01	 1.0127e+00	 1.5265e+01	 1.0003e+00
1.5278e+01	 1.0128e+00	 1.5278e+01	 1.0003e+00
1.5291e+01	 1.0128e+00	 1.5291e+01	 1.0003e+00
1.5304e+01	 1.0129e+00	 1.5304e+01	 1.0003e+00
1.5317e+01	 1.0128e+00	 1.5317e+01	 1.0002e+00
1.5330e+01	 1.0129e+00	 1.5330e+01	 1.0002e+00
1.5343e+01	 1.0129e+00	 1.5343e+01	 1.0002e+00
1.5356e+01	 1.0129e+00	 1.5356e+01	 1.0002e+00
1.5369e+01	 1.0129e+00	 1.5369e+01	 1.0001e+00
1.5383e+01	 1.0128e+00	 1.5383e+01	 1.0001e+00
1.5396e+01	 1.0128e+00	 1.5396e+01	 1.0000e+00
1.5409e+01	 1.0127e+00	 1.5409e+01	 9.9997e-01
1.5422e+01	 1.0127e+00	 1.5422e+01	 9.9989e-01
1.5435e+01	 1.0126e+00	 1.5435e+01	 9.9981e-01
1.5448e+01	 1.0126e+00	 1.5448e+01	 9.9972e-01
1.5462e+01	 1.0125e+00	 1.5462e+01	 9.9963e-01
1.5475e+01	 1.0124e+00	 1.5475e+01	 9.9954e-01
1.5488e+01	 1.0124e+00	 1.5488e+01	 9.9945e-01
1.5501e+01	 1.0123e+00	 1.5501e+01	 9.9938e-01
1.5514e+01	 1.0124e+00	 1.5514e+01	 9.9932e-01
1.5528e+01	 1.0124e+00	 1.5528e+01	 9.9927e-01
1.5541e+01	 1.0124e+00	 1.5541e+01	 9.9924e-01
1.5554e+01	 1.0125e+00	 1.5554e+01	 9.9923e-01
1.5568e+01	 1.0125e+00	 1.5568e+01	 9.9924e-01
1.5581e+01	 1.0126e+00	 1.5581e+01	 9.9927e-01
1.5594e+01	 1.0127e+00	 1.5594e+01	 9.9932e-01
1.5607e+01	 1.0128e+00	 1.5607e+01	 9.9938e-01
1.5621e+01	 1.0129e+00	 1.5621e+01	 9.9945e-01
1.5634e+01	 1.0131e+00	 1.5634e+01	 9.9953e-01
1.5647e+01	 1.0132e+00	 1.5647e+01	 9.9962e-01
1.5661e+01	 1.0133e+00	 1.5661e+01	 9.9970e-01
1.5674e+01	 1.0134e+00	 1.5674e+01	 9.9980e-01
1.5688e+01	 1.0135e+00	 1.5688e+01	 9.9989e-01
1.5701e+01	 1.0137e+00	 1.5701e+01	 9.9999e-01
1.5714e+01	 1.0138e+00	 1.5714e+01	 1.0001e+00
1.5728e+01	 1.0139e+00	 1.5728e+01	 1.0002e+00
1.5741e+01	 1.0140e+00	 1.5741e+01	 1.0003e+00
1.5755e+01	 1.0141e+00	 1.5755e+01	 1.0004e+00
1.5768e+01	 1.0142e+00	 1.5768e+01	 1.0006e+00
1.5781e+01	 1.0142e+00	 1.5781e+01	 1.0007e+00
1.5795e+01	 1.0144e+00	 1.5795e+01	 1.0008e+00
1.5808e+01	 1.0144e+00	 1.5808e+01	 1.0010e+00
1.5822e+01	 1.0145e+00	 1.5822e+01	 1.0011e+00
1.5835e+01	 1.0145e+00	 1.5835e+01	 1.0012e+00
1.5849e+01	 1.0146e+00	 1.5849e+01	 1.0012e+00
1.5862e+01	 1.0146e+00	 1.5862e+01	 1.0013e+00
1.5876e+01	 1.0147e+00	 1.5876e+01	 1.0014e+00
1.5889e+01	 1.0148e+00	 1.5889e+01	 1.0014e+00
1.5903e+01	 1.0148e+00	 1.5903e+01	 1.0014e+00
1.5916e+01	 1.0149e+00	 1.5916e+01	 1.0013e+00
1.5930e+01	 1.0149e+00	 1.5930e+01	 1.0013e+00
1.5944e+01	 1.0150e+00	 1.5944e+01	 1.0013e+00
1.5957e+01	 1.0151e+00	 1.5957e+01	 1.0012e+00
1.5971e+01	 1.0152e+00	 1.5971e+01	 1.0011e+00
1.5984e+01	 1.0153e+00	 1.5984e+01	 1.0011e+00
1.5998e+01	 1.0154e+00	 1.5998e+01	 1.0010e+00
1.6012e+01	 1.0155e+00	 1.6012e+01	 1.0009e+00
1.6025e+01	 1.0155e+00	 1.6025e+01	 1.0009e+00
1.6039e+01	 1.0156e+00	 1.6039e+01	 1.0008e+00
1.6052e+01	 1.0156e+00	 1.6052e+01	 1.0007e+00
1.6066e+01	 1.0156e+00	 1.6066e+01	 1.0007e+00
1.6080e+01	 1.0156e+00	 1.6080e+01	 1.0006e+00
1.6093e+01	 1.0155e+00	 1.6093e+01	 1.0006e+00
1.6107e+01	 1.0155e+00	 1.6107e+01	 1.0005e+00
1.6121e+01	 1.0154e+00	 1.6121e+01	 1.0005e+00
1.6134e+01	 1.0153e+00	 1.6134e+01	 1.0004e+00
1.6148e+01	 1.0152e+00	 1.6148e+01	 1.0004e+00
1.6162e+01	 1.0151e+00	 1.6162e+01	 1.0003e+00
1.6176e+01	 1.0150e+00	 1.6176e+01	 1.0003e+00
1.6189e+01	 1.0148e+00	 1.6189e+01	 1.0002e+00
1.6203e+01	 1.0148e+00	 1.6203e+01	 1.0002e+00
1.6217e+01	 1.0146e+00	 1.6217e+01	 1.0002e+00
1.6231e+01	 1.0145e+00	 1.6231e+01	 1.0001e+00
1.6244e+01	 1.0144e+00	 1.6244e+01	 1.0001e+00
1.6258e+01	 1.0144e+00	 1.6258e+01	 1.0001e+00
1.6272e+01	 1.0143e+00	 1.6272e+01	 1.0001e+00
1.6286e+01	 1.0143e+00	 1.6286e+01	 1.0001e+00
1.6300e+01	 1.0143e+00	 1.6300e+01	 1.0001e+00
1.6314e+01	 1.0142e+00	 1.6314e+01	 1.0001e+00
1.6327e+01	 1.0143e+00	 1.6327e+01	 1.0001e+00
1.6341e+01	 1.0142e+00	 1.6341e+01	 1.0001e+00
1.6355e+01	 1.0143e+00	 1.6355e+01	 1.0001e+00
1.6369e+01	 1.0143e+00	 1.6369e+01	 1.0000e+00
1.6383e+01	 1.0143e+00	 1.6383e+01	 1.0000e+00
1.6397e+01	 1.0143e+00	 1.6397e+01	 9.9998e-01
1.6411e+01	 1.0143e+00	 1.6411e+01	 9.9993e-01
1.6425e+01	 1.0143e+00	 1.6425e+01	 9.9989e-01
1.6439e+01	 1.0143e+00	 1.6439e+01	 9.9984e-01
1.6453e+01	 1.0143e+00	 1.6453e+01	 9.9980e-01
1.6467e+01	 1.0143e+00	 1.6467e+01	 9.9975e-01
1.6480e+01	 1.0143e+00	 1.6480e+01	 9.9970e-01
1.6494e+01	 1.0144e+00	 1.6494e+01	 9.9964e-01
1.6509e+01	 1.0143e+00	 1.6509e+01	 9.9959e-01
1.6523e+01	 1.0144e+00	 1.6523e+01	 9.9954e-01
1.6537e+01	 1.0144e+00	 1.6537e+01	 9.9948e-01
1.6550e+01	 1.0145e+00	 1.6550e+01	 9.9943e-01
1.6564e+01	 1.0146e+00	 1.6564e+01	 9.9938e-01
1.6579e+01	 1.0146e+00	 1.6579e+01	 9.9933e-01
1.6593e+01	 1.0147e+00	 1.6593e+01	 9.9929e-01
1.6607e+01	 1.0147e+00	 1.6607e+01	 9.9925e-01
1.6621e+01	 1.0148e+00	 1.6621e+01	 9.9920e-01
1.6635e+01	 1.0149e+00	 1.6635e+01	 9.9915e-01
1.6649e+01	 1.0150e+00	 1.6649e+01	 9.9909e-01
1.6663e+01	 1.0151e+00	 1.6663e+01	 9.9904e-01
1.6677e+01	 1.0151e+00	 1.6677e+01	 9.9898e-01
1.6691e+01	 1.0152e+00	 1.6691e+01	 9.9892e-01
1.6706e+01	 1.0153e+00	 1.6706e+01	 9.9885e-01
1.6720e+01	 1.0154e+00	 1.6720e+01	 9.9879e-01
1.6734e+01	 1.0154e+00	 1.6734e+01	 9.9872e-01
1.6748e+01	 1.0154e+00	 1.6748e+01	 9.9867e-01
1.6762e+01	 1.0155e+00	 1.6762e+01	 9.9861e-01
1.6776e+01	 1.0155e+00	 1.6776e+01	 9.9856e-01
1.6791e+01	 1.0156e+00	 1.6791e+01	 9.9851e-01
1.6805e+01	 1.0155e+00	 1.6805e+01	 9.9847e-01
1.6819e+01	 1.0156e+00	 1.6819e+01	 9.9844e-01
1.6833e+01	 1.0156e+00	 1.6833e+01	 9.9841e-01
1.6847e+01	 1.0156e+00	 1.6847e+01	 9.9840e-01
1.6862e+01	 1.0156e+00	 1.6862e+01	 9.9838e-01
1.6876e+01	 1.0157e+00	 1.6876e+01	 9.9837e-01
1.6890e+01	 1.0157e+00	 1.6890e+01	 9.9836e-01
1.6904e+01	 1.0157e+00	 1.6904e+01	 9.9835e-01
1.6919e+01	 1.0157e+00	 1.6919e+01	 9.9834e-01
1.6933e+01	 1.0157e+00	 1.6933e+01	 9.9833e-01
1.6947e+01	 1.0158e+00	 1.6947e+01	 9.9831e-01
1.6962e+01	 1.0158e+00	 1.6962e+01	 9.9828e-01
1.6976e+01	 1.0158e+00	 1.6976e+01	 9.9824e-01
1.6991e+01	 1.0158e+00	 1.6991e+01	 9.9821e-01
1.7005e+01	 1.0157e+00	 1.7005e+01	 9.9817e-01
1.7019e+01	 1.0158e+00	 1.7019e+01	 9.9814e-01
1.7034e+01	 1.0157e+00	 1.7034e+01	 9.9812e-01
1.7048e+01	 1.0157e+00	 1.7048e+01	 9.9811e-01
1.7062e+01	 1.0156e+00	 1.7062e+01	 9.9811e-01
1.7077e+01	 1.0156e+00	 1.7077e+01	 9.9813e-01
1.7091e+01	 1.0156e+00	 1.7091e+01	 9.9814e-01
1.7106e+01	 1.0154e+00	 1.7106e+01	 9.9817e-01
1.7120e+01	 1.0154e+00	 1.7120e+01	 9.9821e-01
1.7135e+01	 1.0153e+00	 1.7135e+01	 9.9825e-01
1.7149e+01	 1.0153e+00	 1.7149e+01	 9.9830e-01
1.7163e+01	 1.0152e+00	 1.7163e+01	 9.9836e-01
1.7178e+01	 1.0151e+00	 1.7178e+01	 9.9841e-01
1.7192e+01	 1.0151e+00	 1.7192e+01	 9.9848e-01
1.7207e+01	 1.0150e+00	 1.7207e+01	 9.9854e-01
1.7221e+01	 1.0150e+00	 1.7221e+01	 9.9862e-01
1.7236e+01	 1.0149e+00	 1.7236e+01	 9.9871e-01
1.7251e+01	 1.0149e+00	 1.7251e+01	 9.9881e-01
1.7265e+01	 1.0149e+00	 1.7265e+01	 9.9892e-01
1.7280e+01	 1.0149e+00	 1.7280e+01	 9.9906e-01
1.7294e+01	 1.0150e+00	 1.7294e+01	 9.9921e-01
1.7309e+01	 1.0150e+00	 1.7309e+01	 9.9938e-01
1.7323e+01	 1.0151e+00	 1.7323e+01	 9.9957e-01
1.7338e+01	 1.0151e+00	 1.7338e+01	 9.9977e-01
1.7353e+01	 1.0152e+00	 1.7353e+01	 9.9998e-01
1.7367e+01	 1.0152e+00	 1.7367e+01	 1.0002e+00
1.7382e+01	 1.0153e+00	 1.7382e+01	 1.0004e+00
1.7397e+01	 1.0154e+00	 1.7397e+01	 1.0006e+00
1.7411e+01	 1.0155e+00	 1.7411e+01	 1.0008e+00
1.7426e+01	 1.0156e+00	 1.7426e+01	 1.0010e+00
1.7441e+01	 1.0156e+00	 1.7441e+01	 1.0012e+00
1.7455e+01	 1.0158e+00	 1.7455e+01	 1.0014e+00
1.7470e+01	 1.0158e+00	 1.7470e+01	 1.0016e+00
1.7485e+01	 1.0160e+00	 1.7485e+01	 1.0017e+00
1.7500e+01	 1.0161e+00	 1.7500e+01	 1.0018e+00
1.7514e+01	 1.0161e+00	 1.7514e+01	 1.0019e+00
1.7529e+01	 1.0163e+00	 1.7529e+01	 1.0021e+00
1.7544e+01	 1.0163e+00	 1.7544e+01	 1.0021e+00
1.7558e+01	 1.0165e+00	 1.7558e+01	 1.0022e+00
1.7573e+01	 1.0165e+00	 1.7573e+01	 1.0023e+00
1.7588e+01	 1.0167e+00	 1.7588e+01	 1.0023e+00
1.7603e+01	 1.0167e+00	 1.7603e+01	 1.0023e+00
1.7618e+01	 1.0168e+00	 1.7618e+01	 1.0023e+00
1.7633e+01	 1.0169e+00	 1.7633e+01	 1.0023e+00
1.7648e+01	 1.0168e+00	 1.7648e+01	 1.0022e+00
1.7662e+01	 1.0169e+00	 1.7662e+01	 1.0021e+00
1.7677e+01	 1.0169e+00	 1.7677e+01	 1.0020e+00
1.7692e+01	 1.0170e+00	 1.7692e+01	 1.0019e+00
1.7707e+01	 1.0170e+00	 1.7707e+01	 1.0018e+00
1.7722e+01	 1.0169e+00	 1.7722e+01	 1.0017e+00
1.7737e+01	 1.0170e+00	 1.7737e+01	 1.0016e+00
1.7752e+01	 1.0169e+00	 1.7752e+01	 1.0015e+00
1.7767e+01	 1.0169e+00	 1.7767e+01	 1.0013e+00
1.7782e+01	 1.0168e+00	 1.7782e+01	 1.0012e+00
1.7796e+01	 1.0168e+00	 1.7796e+01	 1.0011e+00
1.7811e+01	 1.0167e+00	 1.7811e+01	 1.0010e+00
1.7826e+01	 1.0166e+00	 1.7826e+01	 1.0009e+00
1.7841e+01	 1.0165e+00	 1.7841e+01	 1.0009e+00
1.7856e+01	 1.0164e+00	 1.7856e+01	 1.0008e+00
1.7871e+01	 1.0164e+00	 1.7871e+01	 1.0007e+00
1.7886e+01	 1.0162e+00	 1.7886e+01	 1.0006e+00
1.7901e+01	 1.0162e+00	 1.7901e+01	 1.0005e+00
1.7916e+01	 1.0161e+00	 1.7916e+01	 1.0004e+00
1.7931e+01	 1.0161e+00	 1.7931e+01	 1.0003e+00
1.7947e+01	 1.0160e+00	 1.7947e+01	 1.0001e+00
1.7962e+01	 1.0159e+00	 1.7962e+01	 9.9995e-01
1.7977e+01	 1.0159e+00	 1.7977e+01	 9.9980e-01
1.7992e+01	 1.0158e+00	 1.7992e+01	 9.9964e-01
1.8007e+01	 1.0159e+00	 1.8007e+01	 9.9949e-01
1.8022e+01	 1.0158e+00	 1.8022e+01	 9.9935e-01
1.8037e+01	 1.0158e+00	 1.8037e+01	 9.9922e-01
1.8052e+01	 1.0158e+00	 1.8052e+01	 9.9909e-01
1.8067e+01	 1.0158e+00	 1.8067e+01	 9.9899e-01
1.8082e+01	 1.0159e+00	 1.8082e+01	 9.9891e-01
1.8098e+01	 1.0159e+00	 1.8098e+01	 9.9885e-01
1.8113e+01	 1.0160e+00	 1.8113e+01	 9.9881e-01
1.8128e+01	 1.0160e+00	 1.8128e+01	 9.9879e-01
1.8143e+01	 1.0161e+00	 1.8143e+01	 9.9878e-01
1.8159e+01	 1.0162e+00	 1.8159e+01	 9.9880e-01
1.8174e+01	 1.0163e+00	 1.8174e+01	 9.9883e-01
1.8189e+01	 1.0164e+00	 1.8189e+01	 9.9887e-01
1.8204e+01	 1.0165e+00	 1.8204e+01	 9.9892e-01
1.8220e+01	 1.0166e+00	 1.8220e+01	 9.9898e-01
1.8235e+01	 1.0167e+00	 1.8235e+01	 9.9904e-01
1.8250e+01	 1.0168e+00	 1.8250e+01	 9.9912e-01
1.8265e+01	 1.0169e+00	 1.8265e+01	 9.9920e-01
1.8281e+01	 1.0170e+00	 1.8281e+01	 9.9930e-01
1.8296e+01	 1.0171e+00	 1.8296e+01	 9.9940e-01
1.8311e+01	 1.0171e+00	 1.8311e+01	 9.9950e-01
1.8327e+01	 1.0173e+00	 1.8327e+01	 9.9960e-01
1.8342e+01	 1.0173e+00	 1.8342e+01	 9.9971e-01
1.8357e+01	 1.0174e+00	 1.8357e+01	 9.9982e-01
1.8373e+01	 1.0174e+00	 1.8373e+01	 9.9994e-01
1.8388e+01	 1.0174e+00	 1.8388e+01	 1.0001e+00
1.8404e+01	 1.0175e+00	 1.8404e+01	 1.0002e+00
1.8419e+01	 1.0175e+00	 1.8419e+01	 1.0003e+00
1.8434e+01	 1.0176e+00	 1.8434e+01	 1.0004e+00
1.8450e+01	 1.0176e+00	 1.8450e+01	 1.0005e+00
1.8465e+01	 1.0177e+00	 1.8465e+01	 1.0006e+00
1.8481e+01	 1.0177e+00	 1.8481e+01	 1.0007e+00
1.8496e+01	 1.0177e+00	 1.8496e+01	 1.0008e+00
1.8512e+01	 1.0178e+00	 1.8512e+01	 1.0008e+00
1.8527e+01	 1.0178e+00	 1.8527e+01	 1.0009e+00
1.8543e+01	 1.0179e+00	 1.8543e+01	 1.0009e+00
1.8558e+01	 1.0179e+00	 1.8558e+01	 1.0010e+00
1.8573e+01	 1.0180e+00	 1.8573e+01	 1.0010e+00
1.8589e+01	 1.0180e+00	 1.8589e+01	 1.0010e+00
1.8605e+01	 1.0181e+00	 1.8605e+01	 1.0010e+00
1.8620e+01	 1.0182e+00	 1.8620e+01	 1.0010e+00
1.8636e+01	 1.0182e+00	 1.8636e+01	 1.0010e+00
1.8651e+01	 1.0184e+00	 1.8651e+01	 1.0010e+00
1.8667e+01	 1.0184e+00	 1.8667e+01	 1.0010e+00
1.8683e+01	 1.0185e+00	 1.8683e+01	 1.0010e+00
1.8698e+01	 1.0185e+00	 1.8698e+01	 1.0010e+00
1.8714e+01	 1.0186e+00	 1.8714e+01	 1.0009e+00
1.8729e+01	 1.0187e+00	 1.8729e+01	 1.0009e+00
1.8745e+01	 1.0187e+00	 1.8745e+01	 1.0009e+00
1.8761e+01	 1.0189e+00	 1.8761e+01	 1.0009e+00
1.8776e+01	 1.0189e+00	 1.8776e+01	 1.0009e+00
1.8792e+01	 1.0189e+00	 1.8792e+01	 1.0009e+00
1.8808e+01	 1.0190e+00	 1.8808e+01	 1.0008e+00
1.8823e+01	 1.0190e+00	 1.8823e+01	 1.0008e+00
1.8839e+01	 1.0191e+00	 1.8839e+01	 1.0008e+00
1.8855e+01	 1.0191e+00	 1.8855e+01	 1.0007e+00
1.8870e+01	 1.0191e+00	 1.8870e+01	 1.0007e+00
1.8886e+01	 1.0191e+00	 1.8886e+01	 1.0006e+00
1.8902e+01	 1.0192e+00	 1.8902e+01	 1.0006e+00
1.8918e+01	 1.0191e+00	 1.8918e+01	 1.0005e+00
1.8933e+01	 1.0191e+00	 1.8933e+01	 1.0004e+00
1.8949e+01	 1.0192e+00	 1.8949e+01	 1.0004e+00
1.8965e+01	 1.0191e+00	 1.8965e+01	 1.0003e+00
1.8981e+01	 1.0192e+00	 1.8981e+01	 1.0002e+00
1.8997e+01	 1.0191e+00	 1.8997e+01	 1.0001e+00
1.9013e+01	 1.0192e+00	 1.9013e+01	 9.9999e-01
1.9028e+01	 1.0191e+00	 1.9028e+01	 9.9990e-01
1.9044e+01	 1.0191e+00	 1.9044e+01	 9.9981e-01
1.9060e+01	 1.0192e+00	 1.9060e+01	 9.9972e-01
1.9076e+01	 1.0191e+00	 1.9076e+01	 9.9964e-01
1.9092e+01	 1.0192e+00	 1.9092e+01	 9.9956e-01
1.9108e+01	 1.0191e+00	 1.9108e+01	 9.9947e-01
1.9124e+01	 1.0192e+00	 1.9124e+01	 9.9939e-01
1.9140e+01	 1.0192e+00	 1.9140e+01	 9.9932e-01
1.9156e+01	 1.0192e+00	 1.9156e+01	 9.9924e-01
1.9172e+01	 1.0192e+00	 1.9172e+01	 9.9917e-01
1.9188e+01	 1.0192e+00	 1.9188e+01	 9.9911e-01
1.9203e+01	 1.0193e+00	 1.9203e+01	 9.9905e-01
1.9220e+01	 1.0193e+00	 1.9220e+01	 9.9900e-01
1.9235e+01	 1.0194e+00	 1.9235e+01	 9.9895e-01
1.9252e+01	 1.0194e+00	 1.9252e+01	 9.9891e-01
1.9267e+01	 1.0195e+00	 1.9267e+01	 9.9886e-01
1.9284e+01	 1.0196e+00	 1.9284e+01	 9.9881e-01
1.9300e+01	 1.0196e+00	 1.9300e+01	 9.9875e-01
1.9316e+01	 1.0198e+00	 1.9316e+01	 9.9869e-01
1.9332e+01	 1.0198e+00	 1.9332e+01	 9.9863e-01
1.9348e+01	 1.0200e+00	 1.9348e+01	 9.9857e-01
1.9364e+01	 1.0201e+00	 1.9364e+01	 9.9852e-01
1.9380e+01	 1.0202e+00	 1.9380e+01	 9.9846e-01
1.9396e+01	 1.0204e+00	 1.9396e+01	 9.9842e-01
1.9412e+01	 1.0205e+00	 1.9412e+01	 9.9838e-01
1.9428e+01	 1.0207e+00	 1.9428e+01	 9.9836e-01
1.9445e+01	 1.0208e+00	 1.9445e+01	 9.9835e-01
1.9461e+01	 1.0209e+00	 1.9461e+01	 9.9835e-01
1.9477e+01	 1.0210e+00	 1.9477e+01	 9.9837e-01
1.9493e+01	 1.0212e+00	 1.9493e+01	 9.9839e-01
1.9509e+01	 1.0213e+00	 1.9509e+01	 9.9843e-01
1.9525e+01	 1.0213e+00	 1.9525e+01	 9.9848e-01
1.9542e+01	 1.0214e+00	 1.9542e+01	 9.9854e-01
1.9558e+01	 1.0214e+00	 1.9558e+01	 9.9860e-01
1.9574e+01	 1.0215e+00	 1.9574e+01	 9.9868e-01
1.9590e+01	 1.0215e+00	 1.9590e+01	 9.9876e-01
1.9607e+01	 1.0215e+00	 1.9607e+01	 9.9884e-01
1.9623e+01	 1.0215e+00	 1.9623e+01	 9.9893e-01
1.9639e+01	 1.0215e+00	 1.9639e+01	 9.9901e-01
1.9655e+01	 1.0215e+00	 1.9655e+01	 9.9910e-01
1.9672e+01	 1.0214e+00	 1.9672e+01	 9.9918e-01
1.9688e+01	 1.0214e+00	 1.9688e+01	 9.9927e-01
1.9704e+01	 1.0212e+00	 1.9704e+01	 9.9935e-01
1.9721e+01	 1.0212e+00	 1.9721e+01	 9.9941e-01
1.9737e+01	 1.0211e+00	 1.9737e+01	 9.9947e-01
1.9753e+01	 1.0210e+00	 1.9753e+01	 9.9953e-01
1.9770e+01	 1.0209e+00	 1.9770e+01	 9.9957e-01
1.9786e+01	 1.0207e+00	 1.9786e+01	 9.9959e-01
1.9803e+01	 1.0207e+00	 1.9803e+01	 9.9961e-01
1.9819e+01	 1.0205e+00	 1.9819e+01	 9.9961e-01
1.9835e+01	 1.0205e+00	 1.9835e+01	 9.9961e-01
1.9852e+01	 1.0204e+00	 1.9852e+01	 9.9960e-01
1.9868e+01	 1.0203e+00	 1.9868e+01	 9.9960e-01
1.9885e+01	 1.0203e+00	 1.9885e+01	 9.9958e-01
1.9901e+01	 1.0201e+00	 1.9901e+01	 9.9956e-01
1.9918e+01	 1.0201e+00	 1.9918e+01	 9.9954e-01
1.9934e+01	 1.0200e+00	 1.9934e+01	 9.9951e-01
1.9951e+01	 1.0200e+00	 1.9951e+01	 9.9947e-01
1.9967e+01	 1.0199e+00	 1.9967e+01	 9.9942e-01
1.9984e+01	 1.0199e+00	 1.9984e+01	 9.9935e-01
2.0000e+01	 1.0199e+00	 2.0000e+01	 9.9928e-01
2.0017e+01	 1.0198e+00	 2.0017e+01	 9.9920e-01
2.0033e+01	 1.0199e+00	 2.0033e+01	 9.9912e-01
2.0050e+01	 1.0198e+00	 2.0050e+01	 9.9903e-01
2.0067e+01	 1.0199e+00	 2.0067e+01	 9.9893e-01
2.0083e+01	 1.0198e+00	 2.0083e+01	 9.9884e-01
2.0100e+01	 1.0199e+00	 2.0100e+01	 9.9874e-01
2.0116e+01	 1.0199e+00	 2.0116e+01	 9.9864e-01
2.0133e+01	 1.0199e+00	 2.0133e+01	 9.9855e-01
2.0150e+01	 1.0200e+00	 2.0150e+01	 9.9846e-01
2.0166e+01	 1.0200e+00	 2.0166e+01	 9.9837e-01
2.0183e+01	 1.0201e+00	 2.0183e+01	 9.9829e-01
2.0200e+01	 1.0201e+00	 2.0200e+01	 9.9821e-01
2.0216e+01	 1.0201e+00	 2.0216e+01	 9.9814e-01
2.0233e+01	 1.0202e+00	 2.0233e+01	 9.9807e-01
2.0250e+01	 1.0202e+00	 2.0250e+01	 9.9801e-01
2.0267e+01	 1.0203e+00	 2.0267e+01	 9.9797e-01
2.0283e+01	 1.0202e+00	 2.0283e+01	 9.9794e-01
2.0300e+01	 1.0204e+00	 2.0300e+01	 9.9793e-01
2.0317e+01	 1.0204e+00	 2.0317e+01	 9.9794e-01
2.0334e+01	 1.0205e+00	 2.0334e+01	 9.9796e-01
2.0350e+01	 1.0205e+00	 2.0350e+01	 9.9800e-01
2.0367e+01	 1.0206e+00	 2.0367e+01	 9.9805e-01
2.0384e+01	 1.0207e+00	 2.0384e+01	 9.9812e-01
2.0401e+01	 1.0207e+00	 2.0401e+01	 9.9820e-01
2.0418e+01	 1.0208e+00	 2.0418e+01	 9.9829e-01
2.0434e+01	 1.0209e+00	 2.0434e+01	 9.9839e-01
2.0451e+01	 1.0210e+00	 2.0451e+01	 9.9849e-01
2.0468e+01	 1.0211e+00	 2.0468e+01	 9.9859e-01
2.0485e+01	 1.0211e+00	 2.0485e+01	 9.9870e-01
2.0502e+01	 1.0212e+00	 2.0502e+01	 9.9881e-01
2.0519e+01	 1.0212e+00	 2.0519e+01	 9.9892e-01
2.0536e+01	 1.0213e+00	 2.0536e+01	 9.9902e-01
2.0553e+01	 1.0214e+00	 2.0553e+01	 9.9911e-01
2.0570e+01	 1.0215e+00	 2.0570e+01	 9.9919e-01
2.0587e+01	 1.0215e+00	 2.0587e+01	 9.9927e-01
2.0603e+01	 1.0216e+00	 2.0603e+01	 9.9934e-01
2.0620e+01	 1.0217e+00	 2.0620e+01	 9.9940e-01
2.0637e+01	 1.0217e+00	 2.0637e+01	 9.9944e-01
2.0654e+01	 1.0219e+00	 2.0654e+01	 9.9948e-01
2.0671e+01	 1.0219e+00	 2.0671e+01	 9.9950e-01
2.0688e+01	 1.0220e+00	 2.0688e+01	 9.9952e-01
2.0706e+01	 1.0221e+00	 2.0706e+01	 9.9954e-01
2.0723e+01	 1.0221e+00	 2.0723e+01	 9.9954e-01
2.0740e+01	 1.0222e+00	 2.0740e+01	 9.9954e-01
2.0757e+01	 1.0223e+00	 2.0757e+01	 9.9953e-01
2.0774e+01	 1.0224e+00	 2.0774e+01	 9.9952e-01
2.0791e+01	 1.0224e+00	 2.0791e+01	 9.9951e-01
2.0808e+01	 1.0226e+00	 2.0808e+01	 9.9950e-01
2.0825e+01	 1.0226e+00	 2.0825e+01	 9.9949e-01
2.0842e+01	 1.0227e+00	 2.0842e+01	 9.9949e-01
2.0859e+01	 1.0228e+00	 2.0859e+01	 9.9949e-01
2.0877e+01	 1.0228e+00	 2.0877e+01	 9.9950e-01
2.0894e+01	 1.0229e+00	 2.0894e+01	 9.9952e-01
2.0911e+01	 1.0229e+00	 2.0911e+01	 9.9954e-01
2.0928e+01	 1.0230e+00	 2.0928e+01	 9.9956e-01
2.0945e+01	 1.0230e+00	 2.0945e+01	 9.9958e-01
2.0962e+01	 1.0230e+00	 2.0962e+01	 9.9960e-01
2.0980e+01	 1.0230e+00	 2.0980e+01	 9.9961e-01
2.0997e+01	 1.0230e+00	 2.0997e+01	 9.9962e-01
2.1014e+01	 1.0231e+00	 2.1014e+01	 9.9962e-01
2.1031e+01	 1.0230e+00	 2.1031e+01	 9.9961e-01
2.1049e+01	 1.0231e+00	 2.1049e+01	 9.9960e-01
2.1066e+01	 1.0231e+00	 2.1066e+01	 9.9957e-01
2.1083e+01	 1.0230e+00	 2.1083e+01	 9.9955e-01
2.1101e+01	 1.0231e+00	 2.1101e+01	 9.9952e-01
2.1118e+01	 1.0230e+00	 2.1118e+01	 9.9950e-01
2.1135e+01	 1.0231e+00	 2.1135e+01	 9.9947e-01
2.1153e+01	 1.0231e+00	 2.1153e+01	 9.9945e-01
2.1170e+01	 1.0232e+00	 2.1170e+01	 9.9944e-01
2.1187e+01	 1.0232e+00	 2.1187e+01	 9.9943e-01
2.1205e+01	 1.0232e+00	 2.1205e+01	 9.9942e-01
2.1222e+01	 1.0232e+00	 2.1222e+01	 9.9942e-01
2.1239e+01	 1.0232e+00	 2.1239e+01	 9.9940e-01
2.1257e+01	 1.0233e+00	 2.1257e+01	 9.9939e-01
2.1274e+01	 1.0233e+00	 2.1274e+01	 9.9937e-01
2.1292e+01	 1.0234e+00	 2.1292e+01	 9.9935e-01
2.1309e+01	 1.0233e+00	 2.1309e+01	 9.9932e-01
2.1327e+01	 1.0234e+00	 2.1327e+01	 9.9928e-01
2.1344e+01	 1.0234e+00	 2.1344e+01	 9.9923e-01
2.1362e+01	 1.0235e+00	 2.1362e+01	 9.9918e-01
2.1379e+01	 1.0236e+00	 2.1379e+01	 9.9912e-01
2.1397e+01	 1.0236e+00	 2.1397e+01	 9.9907e-01
2.1414e+01	 1.0237e+00	 2.1414e+01	 9.9902e-01
2.1432e+01	 1.0237e+00	 2.1432e+01	 9.9897e-01
2.1449e+01	 1.0237e+00	 2.1449e+01	 9.9893e-01
2.1467e+01	 1.0238e+00	 2.1467e+01	 9.9889e-01
2.1484e+01	 1.0238e+00	 2.1484e+01	 9.9887e-01
2.1502e+01	 1.0239e+00	 2.1502e+01	 9.9885e-01
2.1520e+01	 1.0239e+00	 2.1520e+01	 9.9884e-01
2.1537e+01	 1.0240e+00	 2.1537e+01	 9.9884e-01
2.1555e+01	 1.0240e+00	 2.1555e+01	 9.9884e-01
2.1573e+01	 1.0240e+00	 2.1573e+01	 9.9885e-01
2.1590e+01	 1.0240e+00	 2.1590e+01	 9.9886e-01
2.1608e+01	 1.0240e+00	 2.1608e+01	 9.9887e-01
2.1625e+01	 1.0241e+00	 2.1625e+01	 9.9889e-01
2.1643e+01	 1.0241e+00	 2.1643e+01	 9.9890e-01
2.1661e+01	 1.0241e+00	 2.1661e+01	 9.9893e-01
2.1678e+01	 1.0241e+00	 2.1678e+01	 9.9896e-01
2.1696e+01	 1.0241e+00	 2.1696e+01	 9.9900e-01
2.1714e+01	 1.0241e+00	 2.1714e+01	 9.9905e-01
2.1732e+01	 1.0241e+00	 2.1732e+01	 9.9910e-01
2.1750e+01	 1.0242e+00	 2.1750e+01	 9.9917e-01
2.1767e+01	 1.0241e+00	 2.1767e+01	 9.9924e-01
2.1785e+01	 1.0242e+00	 2.1785e+01	 9.9932e-01
2.1803e+01	 1.0241e+00	 2.1803e+01	 9.9940e-01
2.1821e+01	 1.0242e+00	 2.1821e+01	 9.9949e-01
2.1838e+01	 1.0242e+00	 2.1838e+01	 9.9958e-01
2.1856e+01	 1.0242e+00	 2.1856e+01	 9.9966e-01
2.1874e+01	 1.0243e+00	 2.1874e+01	 9.9975e-01
2.1892e+01	 1.0243e+00	 2.1892e+01	 9.9982e-01
2.1910e+01	 1.0244e+00	 2.1910e+01	 9.9990e-01
2.1928e+01	 1.0244e+00	 2.1928e+01	 9.9996e-01
2.1945e+01	 1.0245e+00	 2.1945e+01	 1.0000e+00
2.1963e+01	 1.0246e+00	 2.1963e+01	 1.0001e+00
2.1981e+01	 1.0246e+00	 2.1981e+01	 1.0001e+00
2.1999e+01	 1.0247e+00	 2.1999e+01	 1.0002e+00
2.2017e+01	 1.0247e+00	 2.2017e+01	 1.0002e+00
2.2035e+01	 1.0249e+00	 2.2035e+01	 1.0002e+00
2.2053e+01	 1.0249e+00	 2.2053e+01	 1.0002e+00
2.2071e+01	 1.0250e+00	 2.2071e+01	 1.0002e+00
2.2089e+01	 1.0250e+00	 2.2089e+01	 1.0003e+00
2.2107e+01	 1.0250e+00	 2.2107e+01	 1.0003e+00
2.2125e+01	 1.0251e+00	 2.2125e+01	 1.0003e+00
2.2143e+01	 1.0251e+00	 2.2143e+01	 1.0003e+00
2.2161e+01	 1.0251e+00	 2.2161e+01	 1.0003e+00
2.2179e+01	 1.0251e+00	 2.2179e+01	 1.0003e+00
2.2197e+01	 1.0251e+00	 2.2197e+01	 1.0003e+00
2.2215e+01	 1.0251e+00	 2.2215e+01	 1.0003e+00
2.2233e+01	 1.0251e+00	 2.2233e+01	 1.0003e+00
2.2252e+01	 1.0252e+00	 2.2252e+01	 1.0003e+00
2.2270e+01	 1.0251e+00	 2.2270e+01	 1.0003e+00
2.2288e+01	 1.0252e+00	 2.2288e+01	 1.0003e+00
2.2306e+01	 1.0252e+00	 2.2306e+01	 1.0003e+00
2.2324e+01	 1.0253e+00	 2.2324e+01	 1.0003e+00
2.2342e+01	 1.0253e+00	 2.2342e+01	 1.0003e+00
2.2360e+01	 1.0253e+00	 2.2360e+01	 1.0003e+00
2.2378e+01	 1.0254e+00	 2.2378e+01	 1.0003e+00
2.2397e+01	 1.0253e+00	 2.2397e+01	 1.0002e+00
2.2415e+01	 1.0254e+00	 2.2415e+01	 1.0002e+00
2.2433e+01	 1.0254e+00	 2.2433e+01	 1.0002e+00
2.2451e+01	 1.0255e+00	 2.2451e+01	 1.0001e+00
2.2470e+01	 1.0255e+00	 2.2470e+01	 1.0001e+00
2.2488e+01	 1.0255e+00	 2.2488e+01	 1.0000e+00
2.2506e+01	 1.0256e+00	 2.2506e+01	 9.9998e-01
2.2524e+01	 1.0255e+00	 2.2524e+01	 9.9993e-01
2.2543e+01	 1.0256e+00	 2.2543e+01	 9.9987e-01
2.2561e+01	 1.0256e+00	 2.2561e+01	 9.9983e-01
2.2579e+01	 1.0256e+00	 2.2579e+01	 9.9978e-01
2.2598e+01	 1.0256e+00	 2.2598e+01	 9.9975e-01
2.2616e+01	 1.0256e+00	 2.2616e+01	 9.9971e-01
2.2634e+01	 1.0256e+00	 2.2634e+01	 9.9968e-01
2.2653e+01	 1.0256e+00	 2.2653e+01	 9.9965e-01
2.2671e+01	 1.0256e+00	 2.2671e+01	 9.9962e-01
2.2689e+01	 1.0255e+00	 2.2689e+01	 9.9961e-01
2.2708e+01	 1.0255e+00	 2.2708e+01	 9.9960e-01
2.2726e+01	 1.0254e+00	 2.2726e+01	 9.9959e-01
2.2745e+01	 1.0253e+00	 2.2745e+01	 9.9959e-01
2.2763e+01	 1.0253e+00	 2.2763e+01	 9.9959e-01
2.2782e+01	 1.0252e+00	 2.2782e+01	 9.9960e-01
2.2800e+01	 1.0252e+00	 2.2800e+01	 9.9962e-01
2.2819e+01	 1.0251e+00	 2.2819e+01	 9.9965e-01
2.2837e+01	 1.0252e+00	 2.2837e+01	 9.9968e-01
2.2855e+01	 1.0251e+00	 2.2855e+01	 9.9973e-01
2.2874e+01	 1.0252e+00	 2.2874e+01	 9.9980e-01
2.2893e+01	 1.0252e+00	 2.2893e+01	 9.9987e-01
2.2911e+01	 1.0252e+00	 2.2911e+01	 9.9995e-01
2.2930e+01	 1.0253e+00	 2.2930e+01	 1.0000e+00
2.2948e+01	 1.0252e+00	 2.2948e+01	 1.0001e+00
2.2967e+01	 1.0254e+00	 2.2967e+01	 1.0002e+00
2.2985e+01	 1.0254e+00	 2.2985e+01	 1.0003e+00
2.3004e+01	 1.0255e+00	 2.3004e+01	 1.0004e+00
2.3023e+01	 1.0256e+00	 2.3023e+01	 1.0004e+00
2.3041e+01	 1.0257e+00	 2.3041e+01	 1.0005e+00
2.3060e+01	 1.0258e+00	 2.3060e+01	 1.0005e+00
2.3079e+01	 1.0259e+00	 2.3079e+01	 1.0005e+00
2.3097e+01	 1.0261e+00	 2.3097e+01	 1.0005e+00
2.3116e+01	 1.0261e+00	 2.3116e+01	 1.0005e+00
2.3135e+01	 1.0263e+00	 2.3135e+01	 1.0005e+00
2.3153e+01	 1.0265e+00	 2.3153e+01	 1.0005e+00
2.3172e+01	 1.0266e+00	 2.3172e+01	 1.0005e+00
2.3191e+01	 1.0269e+00	 2.3191e+01	 1.0005e+00
2.3209e+01	 1.0270e+00	 2.3209e+01	 1.0004e+00
2.3228e+01	 1.0272e+00	 2.3228e+01	 1.0004e+00
2.3247e+01	 1.0273e+00	 2.3247e+01	 1.0003e+00
2.3266e+01	 1.0275e+00	 2.3266e+01	 1.0002e+00
2.3285e+01	 1.0277e+00	 2.3285e+01	 1.0001e+00
2.3303e+01	 1.0278e+00	 2.3303e+01	 1.0000e+00
2.3322e+01	 1.0280e+00	 2.3322e+01	 9.9988e-01
2.3341e+01	 1.0281e+00	 2.3341e+01	 9.9976e-01
2.3360e+01	 1.0283e+00	 2.3360e+01	 9.9962e-01
2.3379e+01	 1.0283e+00	 2.3379e+01	 9.9949e-01
2.3398e+01	 1.0285e+00	 2.3398e+01	 9.9936e-01
2.3416e+01	 1.0285e+00	 2.3416e+01	 9.9922e-01
2.3435e+01	 1.0286e+00	 2.3435e+01	 9.9910e-01
2.3454e+01	 1.0287e+00	 2.3454e+01	 9.9898e-01
2.3473e+01	 1.0286e+00	 2.3473e+01	 9.9886e-01
2.3492e+01	 1.0287e+00	 2.3492e+01	 9.9874e-01
2.3511e+01	 1.0286e+00	 2.3511e+01	 9.9864e-01
2.3530e+01	 1.0286e+00	 2.3530e+01	 9.9854e-01
2.3549e+01	 1.0285e+00	 2.3549e+01	 9.9847e-01
2.3568e+01	 1.0285e+00	 2.3568e+01	 9.9841e-01
2.3587e+01	 1.0284e+00	 2.3587e+01	 9.9838e-01
2.3606e+01	 1.0283e+00	 2.3606e+01	 9.9838e-01
2.3625e+01	 1.0282e+00	 2.3625e+01	 9.9840e-01
2.3644e+01	 1.0281e+00	 2.3644e+01	 9.9844e-01
2.3663e+01	 1.0280e+00	 2.3663e+01	 9.9852e-01
2.3682e+01	 1.0279e+00	 2.3682e+01	 9.9861e-01
2.3701e+01	 1.0278e+00	 2.3701e+01	 9.9871e-01
2.3720e+01	 1.0277e+00	 2.3720e+01	 9.9882e-01
2.3739e+01	 1.0276e+00	 2.3739e+01	 9.9893e-01
2.3758e+01	 1.0276e+00	 2.3758e+01	 9.9904e-01
2.3777e+01	 1.0275e+00	 2.3777e+01	 9.9914e-01
2.3797e+01	 1.0275e+00	 2.3797e+01	 9.9922e-01
2.3816e+01	 1.0273e+00	 2.3816e+01	 9.9930e-01
2.3835e+01	 1.0273e+00	 2.3835e+01	 9.9936e-01
2.3854e+01	 1.0272e+00	 2.3854e+01	 9.9942e-01
2.3873e+01	 1.0271e+00	 2.3873e+01	 9.9948e-01
2.3892e+01	 1.0270e+00	 2.3892e+01	 9.9954e-01
2.3912e+01	 1.0269e+00	 2.3912e+01	 9.9959e-01
2.3931e+01	 1.0268e+00	 2.3931e+01	 9.9964e-01
2.3950e+01	 1.0266e+00	 2.3950e+01	 9.9969e-01
2.3969e+01	 1.0265e+00	 2.3969e+01	 9.9973e-01
2.3988e+01	 1.0263e+00	 2.3988e+01	 9.9976e-01
2.4008e+01	 1.0261e+00	 2.4008e+01	 9.9979e-01
2.4027e+01	 1.0260e+00	 2.4027e+01	 9.9981e-01
2.4046e+01	 1.0258e+00	 2.4046e+01	 9.9982e-01
2.4066e+01	 1.0257e+00	 2.4066e+01	 9.9982e-01
2.4085e+01	 1.0254e+00	 2.4085e+01	 9.9983e-01
2.4104e+01	 1.0253e+00	 2.4104e+01	 9.9984e-01
2.4123e+01	 1.0251e+00	 2.4123e+01	 9.9985e-01
2.4143e+01	 1.0249e+00	 2.4143e+01	 9.9986e-01
2.4162e+01	 1.0249e+00	 2.4162e+01	 9.9987e-01
2.4182e+01	 1.0247e+00	 2.4182e+01	 9.9988e-01
2.4201e+01	 1.0247e+00	 2.4201e+01	 9.9989e-01
2.4220e+01	 1.0247e+00	 2.4220e+01	 9.9990e-01
2.4240e+01	 1.0247e+00	 2.4240e+01	 9.9990e-01
2.4259e+01	 1.0247e+00	 2.4259e+01	 9.9989e-01
2.4279e+01	 1.0248e+00	 2.4279e+01	 9.9987e-01
2.4298e+01	 1.0250e+00	 2.4298e+01	 9.9984e-01
2.4318e+01	 1.0251e+00	 2.4318e+01	 9.9980e-01
2.4337e+01	 1.0254e+00	 2.4337e+01	 9.9974e-01
2.4357e+01	 1.0256e+00	 2.4357e+01	 9.9966e-01
2.4376e+01	 1.0260e+00	 2.4376e+01	 9.9957e-01
2.4396e+01	 1.0263e+00	 2.4396e+01	 9.9945e-01
2.4415e+01	 1.0266e+00	 2.4415e+01	 9.9932e-01
2.4435e+01	 1.0271e+00	 2.4435e+01	 9.9917e-01
2.4454e+01	 1.0274e+00	 2.4454e+01	 9.9901e-01
2.4474e+01	 1.0279e+00	 2.4474e+01	 9.9884e-01
2.4494e+01	 1.0282e+00	 2.4494e+01	 9.9865e-01
2.4513e+01	 1.0286e+00	 2.4513e+01	 9.9846e-01
2.4533e+01	 1.0289e+00	 2.4533e+01	 9.9826e-01
2.4552e+01	 1.0293e+00	 2.4552e+01	 9.9807e-01
2.4572e+01	 1.0297e+00	 2.4572e+01	 9.9788e-01
2.4591e+01	 1.0299e+00	 2.4591e+01	 9.9770e-01
2.4611e+01	 1.0303e+00	 2.4611e+01	 9.9753e-01
2.4631e+01	 1.0305e+00	 2.4631e+01	 9.9739e-01
2.4651e+01	 1.0309e+00	 2.4651e+01	 9.9728e-01
2.4670e+01	 1.0310e+00	 2.4670e+01	 9.9720e-01
2.4690e+01	 1.0312e+00	 2.4690e+01	 9.9716e-01
2.4710e+01	 1.0313e+00	 2.4710e+01	 9.9715e-01
2.4729e+01	 1.0313e+00	 2.4729e+01	 9.9717e-01
2.4749e+01	 1.0314e+00	 2.4749e+01	 9.9723e-01
2.4769e+01	 1.0313e+00	 2.4769e+01	 9.9731e-01
2.4789e+01	 1.0312e+00	 2.4789e+01	 9.9741e-01
2.4808e+01	 1.0311e+00	 2.4808e+01	 9.9753e-01
2.4828e+01	 1.0309e+00	 2.4828e+01	 9.9765e-01
2.4848e+01	 1.0308e+00	 2.4848e+01	 9.9778e-01
2.4868e+01	 1.0306e+00	 2.4868e+01	 9.9790e-01
2.4888e+01	 1.0305e+00	 2.4888e+01	 9.9802e-01
2.4907e+01	 1.0303e+00	 2.4907e+01	 9.9814e-01
2.4927e+01	 1.0302e+00	 2.4927e+01	 9.9824e-01
2.4947e+01	 1.0300e+00	 2.4947e+01	 9.9835e-01
2.4967e+01	 1.0298e+00	 2.4967e+01	 9.9844e-01
2.4987e+01	 1.0297e+00	 2.4987e+01	 9.9853e-01
2.5007e+01	 1.0296e+00	 2.5007e+01	 9.9861e-01
2.5027e+01	 1.0296e+00	 2.5027e+01	 9.9868e-01
2.5047e+01	 1.0295e+00	 2.5047e+01	 9.9875e-01
2.5067e+01	 1.0296e+00	 2.5067e+01	 9.9882e-01
2.5087e+01	 1.0296e+00	 2.5087e+01	 9.9887e-01
2.5107e+01	 1.0297e+00	 2.5107e+01	 9.9894e-01
2.5127e+01	 1.0298e+00	 2.5127e+01	 9.9899e-01
2.5147e+01	 1.0299e+00	 2.5147e+01	 9.9906e-01
2.5167e+01	 1.0300e+00	 2.5167e+01	 9.9912e-01
2.5187e+01	 1.0301e+00	 2.5187e+01	 9.9917e-01
2.5207e+01	 1.0303e+00	 2.5207e+01	 9.9922e-01
2.5227e+01	 1.0303e+00	 2.5227e+01	 9.9927e-01
2.5247e+01	 1.0305e+00	 2.5247e+01	 9.9930e-01
2.5267e+01	 1.0306e+00	 2.5267e+01	 9.9932e-01
2.5287e+01	 1.0307e+00	 2.5287e+01	 9.9934e-01
2.5307e+01	 1.0309e+00	 2.5307e+01	 9.9935e-01
2.5327e+01	 1.0309e+00	 2.5327e+01	 9.9934e-01
2.5347e+01	 1.0311e+00	 2.5347e+01	 9.9933e-01
2.5367e+01	 1.0311e+00	 2.5367e+01	 9.9931e-01
2.5388e+01	 1.0312e+00	 2.5388e+01	 9.9929e-01
2.5408e+01	 1.0312e+00	 2.5408e+01	 9.9925e-01
2.5428e+01	 1.0313e+00	 2.5428e+01	 9.9922e-01
2.5448e+01	 1.0314e+00	 2.5448e+01	 9.9917e-01
2.5468e+01	 1.0313e+00	 2.5468e+01	 9.9912e-01
2.5489e+01	 1.0314e+00	 2.5489e+01	 9.9907e-01
2.5509e+01	 1.0314e+00	 2.5509e+01	 9.9901e-01
2.5529e+01	 1.0314e+00	 2.5529e+01	 9.9895e-01
2.5549e+01	 1.0314e+00	 2.5549e+01	 9.9889e-01
2.5570e+01	 1.0314e+00	 2.5570e+01	 9.9882e-01
2.5590e+01	 1.0314e+00	 2.5590e+01	 9.9874e-01
2.5610e+01	 1.0313e+00	 2.5610e+01	 9.9866e-01
2.5631e+01	 1.0314e+00	 2.5631e+01	 9.9859e-01
2.5651e+01	 1.0313e+00	 2.5651e+01	 9.9851e-01
2.5671e+01	 1.0313e+00	 2.5671e+01	 9.9844e-01
2.5692e+01	 1.0313e+00	 2.5692e+01	 9.9838e-01
2.5712e+01	 1.0312e+00	 2.5712e+01	 9.9832e-01
2.5732e+01	 1.0313e+00	 2.5732e+01	 9.9826e-01
2.5753e+01	 1.0312e+00	 2.5753e+01	 9.9821e-01
2.5773e+01	 1.0313e+00	 2.5773e+01	 9.9816e-01
2.5793e+01	 1.0312e+00	 2.5793e+01	 9.9811e-01
2.5814e+01	 1.0313e+00	 2.5814e+01	 9.9806e-01
2.5834e+01	 1.0313e+00	 2.5834e+01	 9.9802e-01
2.5855e+01	 1.0313e+00	 2.5855e+01	 9.9798e-01
2.5875e+01	 1.0314e+00	 2.5875e+01	 9.9794e-01
2.5896e+01	 1.0314e+00	 2.5896e+01	 9.9790e-01
2.5916e+01	 1.0315e+00	 2.5916e+01	 9.9787e-01
2.5937e+01	 1.0315e+00	 2.5937e+01	 9.9784e-01
2.5957e+01	 1.0316e+00	 2.5957e+01	 9.9781e-01
2.5978e+01	 1.0317e+00	 2.5978e+01	 9.9778e-01
2.5998e+01	 1.0317e+00	 2.5998e+01	 9.9775e-01
2.6019e+01	 1.0319e+00	 2.6019e+01	 9.9772e-01
2.6039e+01	 1.0319e+00	 2.6039e+01	 9.9770e-01
2.6060e+01	 1.0320e+00	 2.6060e+01	 9.9768e-01
2.6081e+01	 1.0319e+00	 2.6081e+01	 9.9766e-01
2.6101e+01	 1.0321e+00	 2.6101e+01	 9.9763e-01
2.6122e+01	 1.0321e+00	 2.6122e+01	 9.9761e-01
2.6142e+01	 1.0321e+00	 2.6142e+01	 9.9760e-01
2.6163e+01	 1.0322e+00	 2.6163e+01	 9.9759e-01
2.6184e+01	 1.0321e+00	 2.6184e+01	 9.9758e-01
2.6204e+01	 1.0322e+00	 2.6204e+01	 9.9757e-01
2.6225e+01	 1.0322e+00	 2.6225e+01	 9.9757e-01
2.6246e+01	 1.0322e+00	 2.6246e+01	 9.9756e-01
2.6266e+01	 1.0322e+00	 2.6266e+01	 9.9756e-01
2.6287e+01	 1.0322e+00	 2.6287e+01	 9.9756e-01
2.6308e+01	 1.0323e+00	 2.6308e+01	 9.9755e-01
2.6328e+01	 1.0322e+00	 2.6328e+01	 9.9755e-01
2.6349e+01	 1.0323e+00	 2.6349e+01	 9.9755e-01
2.6370e+01	 1.0323e+00	 2.6370e+01	 9.9755e-01
2.6391e+01	 1.0324e+00	 2.6391e+01	 9.9756e-01
2.6412e+01	 1.0323e+00	 2.6412e+01	 9.9758e-01
2.6432e+01	 1.0324e+00	 2.6432e+01	 9.9761e-01
2.6453e+01	 1.0325e+00	 2.6453e+01	 9.9764e-01
2.6474e+01	 1.0325e+00	 2.6474e+01	 9.9768e-01
2.6495e+01	 1.0326e+00	 2.6495e+01	 9.9773e-01
2.6516e+01	 1.0325e+00	 2.6516e+01	 9.9779e-01
2.6537e+01	 1.0327e+00	 2.6537e+01	 9.9785e-01
2.6558e+01	 1.0327e+00	 2.6558e+01	 9.9791e-01
2.6578e+01	 1.0328e+00	 2.6578e+01	 9.9798e-01
2.6599e+01	 1.0329e+00	 2.6599e+01	 9.9805e-01
2.6620e+01	 1.0329e+00	 2.6620e+01	 9.9811e-01
2.6641e+01	 1.0330e+00	 2.6641e+01	 9.9817e-01
2.6662e+01	 1.0330e+00	 2.6662e+01	 9.9822e-01
2.6683e+01	 1.0332e+00	 2.6683e+01	 9.9827e-01
2.6704e+01	 1.0333e+00	 2.6704e+01	 9.9831e-01
2.6725e+01	 1.0334e+00	 2.6725e+01	 9.9834e-01
2.6746e+01	 1.0335e+00	 2.6746e+01	 9.9837e-01
2.6767e+01	 1.0335e+00	 2.6767e+01	 9.9839e-01
2.6788e+01	 1.0337e+00	 2.6788e+01	 9.9841e-01
2.6809e+01	 1.0337e+00	 2.6809e+01	 9.9842e-01
2.6830e+01	 1.0339e+00	 2.6830e+01	 9.9843e-01
2.6851e+01	 1.0339e+00	 2.6851e+01	 9.9842e-01
2.6872e+01	 1.0340e+00	 2.6872e+01	 9.9840e-01
2.6893e+01	 1.0341e+00	 2.6893e+01	 9.9837e-01
2.6914e+01	 1.0341e+00	 2.6914e+01	 9.9833e-01
2.6936e+01	 1.0342e+00	 2.6936e+01	 9.9828e-01
2.6957e+01	 1.0342e+00	 2.6957e+01	 9.9822e-01
2.6978e+01	 1.0343e+00	 2.6978e+01	 9.9815e-01
2.6999e+01	 1.0343e+00	 2.6999e+01	 9.9807e-01
2.7020e+01	 1.0344e+00	 2.7020e+01	 9.9799e-01
2.7041e+01	 1.0345e+00	 2.7041e+01	 9.9789e-01
2.7062e+01	 1.0345e+00	 2.7062e+01	 9.9780e-01
2.7084e+01	 1.0346e+00	 2.7084e+01	 9.9770e-01
2.7105e+01	 1.0346e+00	 2.7105e+01	 9.9760e-01
2.7126e+01	 1.0347e+00	 2.7126e+01	 9.9749e-01
2.7147e+01	 1.0347e+00	 2.7147e+01	 9.9739e-01
2.7169e+01	 1.0348e+00	 2.7169e+01	 9.9729e-01
2.7190e+01	 1.0348e+00	 2.7190e+01	 9.9719e-01
2.7211e+01	 1.0348e+00	 2.7211e+01	 9.9709e-01
2.7232e+01	 1.0349e+00	 2.7232e+01	 9.9700e-01
2.7254e+01	 1.0349e+00	 2.7254e+01	 9.9692e-01
2.7275e+01	 1.0350e+00	 2.7275e+01	 9.9684e-01
2.7296e+01	 1.0350e+00	 2.7296e+01	 9.9678e-01
2.7318e+01	 1.0351e+00	 2.7318e+01	 9.9673e-01
2.7339e+01	 1.0351e+00	 2.7339e+01	 9.9669e-01
2.7360e+01	 1.0352e+00	 2.7360e+01	 9.9668e-01
2.7382e+01	 1.0353e+00	 2.7382e+01	 9.9668e-01
2.7403e+01	 1.0353e+00	 2.7403e+01	 9.9670e-01
2.7425e+01	 1.0354e+00	 2.7425e+01	 9.9675e-01
2.7446e+01	 1.0354e+00	 2.7446e+01	 9.9683e-01
2.7468e+01	 1.0355e+00	 2.7468e+01	 9.9692e-01
2.7489e+01	 1.0355e+00	 2.7489e+01	 9.9704e-01
2.7510e+01	 1.0356e+00	 2.7510e+01	 9.9718e-01
2.7532e+01	 1.0356e+00	 2.7532e+01	 9.9734e-01
2.7553e+01	 1.0356e+00	 2.7553e+01	 9.9752e-01
2.7575e+01	 1.0357e+00	 2.7575e+01	 9.9772e-01
2.7596e+01	 1.0357e+00	 2.7596e+01	 9.9793e-01
2.7618e+01	 1.0358e+00	 2.7618e+01	 9.9816e-01
2.7639e+01	 1.0358e+00	 2.7639e+01	 9.9839e-01
2.7661e+01	 1.0359e+00	 2.7661e+01	 9.9863e-01
2.7683e+01	 1.0359e+00	 2.7683e+01	 9.9886e-01
2.7704e+01	 1.0360e+00	 2.7704e+01	 9.9909e-01
2.7726e+01	 1.0361e+00	 2.7726e+01	 9.9931e-01
2.7747e+01	 1.0361e+00	 2.7747e+01	 9.9953e-01
2.7769e+01	 1.0362e+00	 2.7769e+01	 9.9974e-01
2.7791e+01	 1.0363e+00	 2.7791e+01	 9.9994e-01
2.7812e+01	 1.0364e+00	 2.7812e+01	 1.0001e+00
2.7834e+01	 1.0365e+00	 2.7834e+01	 1.0003e+00
2.7855e+01	 1.0365e+00	 2.7855e+01	 1.0005e+00
2.7877e+01	 1.0367e+00	 2.7877e+01	 1.0007e+00
2.7899e+01	 1.0367e+00	 2.7899e+01	 1.0008e+00
2.7921e+01	 1.0368e+00	 2.7921e+01	 1.0009e+00
2.7942e+01	 1.0368e+00	 2.7942e+01	 1.0010e+00
2.7964e+01	 1.0369e+00	 2.7964e+01	 1.0011e+00
2.7986e+01	 1.0369e+00	 2.7986e+01	 1.0012e+00
2.8008e+01	 1.0369e+00	 2.8008e+01	 1.0013e+00
2.8029e+01	 1.0370e+00	 2.8029e+01	 1.0013e+00
2.8051e+01	 1.0370e+00	 2.8051e+01	 1.0013e+00
2.8073e+01	 1.0371e+00	 2.8073e+01	 1.0013e+00
2.8095e+01	 1.0370e+00	 2.8095e+01	 1.0013e+00
2.8116e+01	 1.0370e+00	 2.8116e+01	 1.0013e+00
2.8138e+01	 1.0370e+00	 2.8138e+01	 1.0012e+00
2.8160e+01	 1.0370e+00	 2.8160e+01	 1.0012e+00
2.8182e+01	 1.0370e+00	 2.8182e+01	 1.0011e+00
2.8204e+01	 1.0369e+00	 2.8204e+01	 1.0010e+00
2.8226e+01	 1.0370e+00	 2.8226e+01	 1.0009e+00
2.8248e+01	 1.0369e+00	 2.8248e+01	 1.0008e+00
2.8270e+01	 1.0370e+00	 2.8270e+01	 1.0006e+00
2.8291e+01	 1.0370e+00	 2.8291e+01	 1.0005e+00
2.8313e+01	 1.0369e+00	 2.8313e+01	 1.0003e+00
2.8335e+01	 1.0370e+00	 2.8335e+01	 1.0001e+00
2.8357e+01	 1.0370e+00	 2.8357e+01	 9.9991e-01
2.8379e+01	 1.0371e+00	 2.8379e+01	 9.9970e-01
2.8401e+01	 1.0371e+00	 2.8401e+01	 9.9949e-01
2.8423e+01	 1.0372e+00	 2.8423e+01	 9.9928e-01
2.8445e+01	 1.0372e+00	 2.8445e+01	 9.9907e-01
2.8467e+01	 1.0373e+00	 2.8467e+01	 9.9886e-01
2.8489e+01	 1.0374e+00	 2.8489e+01	 9.9866e-01
2.8511e+01	 1.0374e+00	 2.8511e+01	 9.9847e-01
2.8534e+01	 1.0376e+00	 2.8534e+01	 9.9829e-01
2.8556e+01	 1.0376e+00	 2.8556e+01	 9.9811e-01
2.8578e+01	 1.0378e+00	 2.8578e+01	 9.9795e-01
2.8600e+01	 1.0379e+00	 2.8600e+01	 9.9780e-01
2.8622e+01	 1.0379e+00	 2.8622e+01	 9.9766e-01
2.8644e+01	 1.0381e+00	 2.8644e+01	 9.9754e-01
2.8666e+01	 1.0381e+00	 2.8666e+01	 9.9743e-01
2.8688e+01	 1.0383e+00	 2.8688e+01	 9.9736e-01
2.8710e+01	 1.0383e+00	 2.8710e+01	 9.9729e-01
2.8733e+01	 1.0384e+00	 2.8733e+01	 9.9726e-01
2.8755e+01	 1.0384e+00	 2.8755e+01	 9.9725e-01
2.8777e+01	 1.0384e+00	 2.8777e+01	 9.9726e-01
2.8799e+01	 1.0385e+00	 2.8799e+01	 9.9730e-01
2.8822e+01	 1.0384e+00	 2.8822e+01	 9.9736e-01
2.8844e+01	 1.0385e+00	 2.8844e+01	 9.9745e-01
2.8866e+01	 1.0384e+00	 2.8866e+01	 9.9755e-01
2.8888e+01	 1.0385e+00	 2.8888e+01	 9.9767e-01
2.8910e+01	 1.0384e+00	 2.8910e+01	 9.9780e-01
2.8933e+01	 1.0383e+00	 2.8933e+01	 9.9794e-01
2.8955e+01	 1.0383e+00	 2.8955e+01	 9.9809e-01
2.8977e+01	 1.0382e+00	 2.8977e+01	 9.9824e-01
2.9000e+01	 1.0383e+00	 2.9000e+01	 9.9839e-01
2.9022e+01	 1.0382e+00	 2.9022e+01	 9.9854e-01
2.9044e+01	 1.0382e+00	 2.9044e+01	 9.9868e-01
2.9067e+01	 1.0381e+00	 2.9067e+01	 9.9881e-01
2.9089e+01	 1.0382e+00	 2.9089e+01	 9.9894e-01
2.9112e+01	 1.0382e+00	 2.9112e+01	 9.9907e-01
2.9134e+01	 1.0381e+00	 2.9134e+01	 9.9919e-01
2.9156e+01	 1.0382e+00	 2.9156e+01	 9.9932e-01
2.9179e+01	 1.0382e+00	 2.9179e+01	 9.9946e-01
2.9201e+01	 1.0383e+00	 2.9201e+01	 9.9959e-01
2.9224e+01	 1.0383e+00	 2.9224e+01	 9.9973e-01
2.9246e+01	 1.0383e+00	 2.9246e+01	 9.9987e-01
2.9269e+01	 1.0384e+00	 2.9269e+01	 1.0000e+00
2.9291e+01	 1.0384e+00	 2.9291e+01	 1.0001e+00
2.9314e+01	 1.0386e+00	 2.9314e+01	 1.0003e+00
2.9336e+01	 1.0386e+00	 2.9336e+01	 1.0004e+00
2.9359e+01	 1.0388e+00	 2.9359e+01	 1.0005e+00
2.9381e+01	 1.0388e+00	 2.9381e+01	 1.0007e+00
2.9404e+01	 1.0389e+00	 2.9404e+01	 1.0008e+00
2.9426e+01	 1.0390e+00	 2.9426e+01	 1.0009e+00
2.9449e+01	 1.0391e+00	 2.9449e+01	 1.0010e+00
2.9472e+01	 1.0393e+00	 2.9472e+01	 1.0011e+00
2.9494e+01	 1.0393e+00	 2.9494e+01	 1.0012e+00
2.9517e+01	 1.0396e+00	 2.9517e+01	 1.0013e+00
2.9539e+01	 1.0396e+00	 2.9539e+01	 1.0014e+00
2.9562e+01	 1.0398e+00	 2.9562e+01	 1.0014e+00
2.9585e+01	 1.0399e+00	 2.9585e+01	 1.0014e+00
2.9607e+01	 1.0401e+00	 2.9607e+01	 1.0014e+00
2.9630e+01	 1.0403e+00	 2.9630e+01	 1.0014e+00
2.9653e+01	 1.0404e+00	 2.9653e+01	 1.0014e+00
2.9675e+01	 1.0406e+00	 2.9675e+01	 1.0014e+00
2.9698e+01	 1.0407e+00	 2.9698e+01	 1.0013e+00
2.9721e+01	 1.0409e+00	 2.9721e+01	 1.0012e+00
2.9744e+01	 1.0410e+00	 2.9744e+01	 1.0011e+00
2.9766e+01	 1.0411e+00	 2.9766e+01	 1.0010e+00
2.9789e+01	 1.0413e+00	 2.9789e+01	 1.0009e+00
2.9812e+01	 1.0414e+00	 2.9812e+01	 1.0008e+00
2.9835e+01	 1.0416e+00	 2.9835e+01	 1.0006e+00
2.9858e+01	 1.0416e+00	 2.9858e+01	 1.0005e+00
2.9880e+01	 1.0417e+00	 2.9880e+01	 1.0004e+00
2.9903e+01	 1.0418e+00	 2.9903e+01	 1.0003e+00
2.9926e+01	 1.0418e+00	 2.9926e+01	 1.0002e+00
2.9949e+01	 1.0419e+00	 2.9949e+01	 1.0001e+00
2.9972e+01	 1.0419e+00	 2.9972e+01	 1.0000e+00
2.9995e+01	 1.0420e+00	 2.9995e+01	 9.9993e-01
3.0018e+01	 1.0419e+00	 3.0018e+01	 9.9986e-01
3.0041e+01	 1.0420e+00	 3.0041e+01	 9.9980e-01
3.0064e+01	 1.0420e+00	 3.0064e+01	 9.9975e-01
3.0086e+01	 1.0420e+00	 3.0086e+01	 9.9970e-01
3.0109e+01	 1.0421e+00	 3.0109e+01	 9.9967e-01
3.0132e+01	 1.0420e+00	 3.0132e+01	 9.9966e-01
3.0155e+01	 1.0421e+00	 3.0155e+01	 9.9965e-01
3.0178e+01	 1.0420e+00	 3.0178e+01	 9.9966e-01
3.0201e+01	 1.0420e+00	 3.0201e+01	 9.9969e-01
3.0224e+01	 1.0420e+00	 3.0224e+01	 9.9972e-01
3.0247e+01	 1.0420e+00	 3.0247e+01	 9.9976e-01
3.0270e+01	 1.0420e+00	 3.0270e+01	 9.9981e-01
3.0293e+01	 1.0420e+00	 3.0293e+01	 9.9987e-01
3.0317e+01	 1.0421e+00	 3.0317e+01	 9.9993e-01
3.0340e+01	 1.0420e+00	 3.0340e+01	 9.9998e-01
3.0363e+01	 1.0421e+00	 3.0363e+01	 1.0000e+00
3.0386e+01	 1.0421e+00	 3.0386e+01	 1.0001e+00
3.0409e+01	 1.0421e+00	 3.0409e+01	 1.0002e+00
3.0432e+01	 1.0422e+00	 3.0432e+01	 1.0002e+00
3.0455e+01	 1.0422e+00	 3.0455e+01	 1.0003e+00
3.0478e+01	 1.0423e+00	 3.0478e+01	 1.0003e+00
3.0502e+01	 1.0423e+00	 3.0502e+01	 1.0003e+00
3.0525e+01	 1.0424e+00	 3.0525e+01	 1.0003e+00
3.0548e+01	 1.0424e+00	 3.0548e+01	 1.0003e+00
3.0571e+01	 1.0425e+00	 3.0571e+01	 1.0003e+00
3.0594e+01	 1.0426e+00	 3.0594e+01	 1.0003e+00
3.0617e+01	 1.0426e+00	 3.0617e+01	 1.0002e+00
3.0641e+01	 1.0428e+00	 3.0641e+01	 1.0002e+00
3.0664e+01	 1.0428e+00	 3.0664e+01	 1.0001e+00
3.0687e+01	 1.0429e+00	 3.0687e+01	 1.0000e+00
3.0711e+01	 1.0429e+00	 3.0711e+01	 9.9990e-01
3.0734e+01	 1.0431e+00	 3.0734e+01	 9.9979e-01
3.0757e+01	 1.0431e+00	 3.0757e+01	 9.9967e-01
3.0780e+01	 1.0432e+00	 3.0780e+01	 9.9955e-01
3.0804e+01	 1.0433e+00	 3.0804e+01	 9.9942e-01
3.0827e+01	 1.0433e+00	 3.0827e+01	 9.9930e-01
3.0851e+01	 1.0434e+00	 3.0851e+01	 9.9917e-01
3.0874e+01	 1.0434e+00	 3.0874e+01	 9.9905e-01
3.0897e+01	 1.0435e+00	 3.0897e+01	 9.9892e-01
3.0921e+01	 1.0436e+00	 3.0921e+01	 9.9879e-01
3.0944e+01	 1.0436e+00	 3.0944e+01	 9.9867e-01
3.0968e+01	 1.0437e+00	 3.0968e+01	 9.9854e-01
3.0991e+01	 1.0437e+00	 3.0991e+01	 9.9840e-01
3.1014e+01	 1.0438e+00	 3.1014e+01	 9.9826e-01
3.1038e+01	 1.0438e+00	 3.1038e+01	 9.9812e-01
3.1061e+01	 1.0439e+00	 3.1061e+01	 9.9798e-01
3.1085e+01	 1.0439e+00	 3.1085e+01	 9.9784e-01
3.1108e+01	 1.0439e+00	 3.1108e+01	 9.9769e-01
3.1132e+01	 1.0440e+00	 3.1132e+01	 9.9755e-01
3.1155e+01	 1.0439e+00	 3.1155e+01	 9.9741e-01
3.1179e+01	 1.0440e+00	 3.1179e+01	 9.9726e-01
3.1202e+01	 1.0439e+00	 3.1202e+01	 9.9713e-01
3.1226e+01	 1.0440e+00	 3.1226e+01	 9.9699e-01
3.1250e+01	 1.0440e+00	 3.1250e+01	 9.9687e-01
3.1273e+01	 1.0440e+00	 3.1273e+01	 9.9675e-01
3.1297e+01	 1.0441e+00	 3.1297e+01	 9.9664e-01
3.1320e+01	 1.0441e+00	 3.1320e+01	 9.9654e-01
3.1344e+01	 1.0442e+00	 3.1344e+01	 9.9646e-01
3.1367e+01	 1.0442e+00	 3.1367e+01	 9.9640e-01
3.1391e+01	 1.0443e+00	 3.1391e+01	 9.9635e-01
3.1415e+01	 1.0443e+00	 3.1415e+01	 9.9632e-01
3.1439e+01	 1.0443e+00	 3.1439e+01	 9.9630e-01
3.1462e+01	 1.0444e+00	 3.1462e+01	 9.9630e-01
3.1486e+01	 1.0444e+00	 3.1486e+01	 9.9632e-01
3.1510e+01	 1.0446e+00	 3.1510e+01	 9.9635e-01
3.1533e+01	 1.0445e+00	 3.1533e+01	 9.9641e-01
3.1557e+01	 1.0447e+00	 3.1557e+01	 9.9649e-01
3.1581e+01	 1.0447e+00	 3.1581e+01	 9.9659e-01
3.1605e+01	 1.0448e+00	 3.1605e+01	 9.9671e-01
3.1628e+01	 1.0449e+00	 3.1628e+01	 9.9686e-01
3.1652e+01	 1.0449e+00	 3.1652e+01	 9.9703e-01
3.1676e+01	 1.0450e+00	 3.1676e+01	 9.9722e-01
3.1700e+01	 1.0450e+00	 3.1700e+01	 9.9743e-01
3.1724e+01	 1.0452e+00	 3.1724e+01	 9.9766e-01
3.1747e+01	 1.0452e+00	 3.1747e+01	 9.9791e-01
3.1771e+01	 1.0453e+00	 3.1771e+01	 9.9817e-01
3.1795e+01	 1.0454e+00	 3.1795e+01	 9.9843e-01
3.1819e+01	 1.0453e+00	 3.1819e+01	 9.9869e-01
3.1843e+01	 1.0455e+00	 3.1843e+01	 9.9894e-01
3.1867e+01	 1.0455e+00	 3.1867e+01	 9.9919e-01
3.1890e+01	 1.0456e+00	 3.1890e+01	 9.9942e-01
3.1914e+01	 1.0456e+00	 3.1914e+01	 9.9962e-01
3.1938e+01	 1.0457e+00	 3.1938e+01	 9.9981e-01
3.1962e+01	 1.0458e+00	 3.1962e+01	 9.9998e-01
3.1986e+01	 1.0458e+00	 3.1986e+01	 1.0001e+00
3.2010e+01	 1.0460e+00	 3.2010e+01	 1.0002e+00
3.2034e+01	 1.0460e+00	 3.2034e+01	 1.0003e+00
3.2058e+01	 1.0462e+00	 3.2058e+01	 1.0004e+00
3.2082e+01	 1.0463e+00	 3.2082e+01	 1.0004e+00
3.2106e+01	 1.0464e+00	 3.2106e+01	 1.0004e+00
3.2130e+01	 1.0465e+00	 3.2130e+01	 1.0003e+00
3.2154e+01	 1.0466e+00	 3.2154e+01	 1.0003e+00
3.2178e+01	 1.0468e+00	 3.2178e+01	 1.0002e+00
3.2202e+01	 1.0468e+00	 3.2202e+01	 1.0001e+00
3.2226e+01	 1.0469e+00	 3.2226e+01	 9.9997e-01
3.2251e+01	 1.0470e+00	 3.2251e+01	 9.9983e-01
3.2275e+01	 1.0470e+00	 3.2275e+01	 9.9968e-01
3.2299e+01	 1.0471e+00	 3.2299e+01	 9.9952e-01
3.2323e+01	 1.0471e+00	 3.2323e+01	 9.9937e-01
3.2347e+01	 1.0472e+00	 3.2347e+01	 9.9922e-01
3.2371e+01	 1.0472e+00	 3.2371e+01	 9.9907e-01
3.2395e+01	 1.0473e+00	 3.2395e+01	 9.9894e-01
3.2419e+01	 1.0472e+00	 3.2419e+01	 9.9882e-01
3.2444e+01	 1.0473e+00	 3.2444e+01	 9.9871e-01
3.2468e+01	 1.0473e+00	 3.2468e+01	 9.9862e-01
3.2492e+01	 1.0472e+00	 3.2492e+01	 9.9855e-01
3.2516e+01	 1.0473e+00	 3.2516e+01	 9.9850e-01
3.2541e+01	 1.0472e+00	 3.2541e+01	 9.9847e-01
3.2565e+01	 1.0472e+00	 3.2565e+01	 9.9845e-01
3.2589e+01	 1.0471e+00	 3.2589e+01	 9.9845e-01
3.2613e+01	 1.0471e+00	 3.2613e+01	 9.9846e-01
3.2638e+01	 1.0471e+00	 3.2638e+01	 9.9847e-01
3.2662e+01	 1.0470e+00	 3.2662e+01	 9.9850e-01
3.2686e+01	 1.0471e+00	 3.2686e+01	 9.9854e-01
3.2711e+01	 1.0470e+00	 3.2711e+01	 9.9858e-01
3.2735e+01	 1.0471e+00	 3.2735e+01	 9.9863e-01
3.2759e+01	 1.0470e+00	 3.2759e+01	 9.9869e-01
3.2784e+01	 1.0471e+00	 3.2784e+01	 9.9874e-01
3.2808e+01	 1.0471e+00	 3.2808e+01	 9.9879e-01
3.2832e+01	 1.0471e+00	 3.2832e+01	 9.9885e-01
3.2857e+01	 1.0472e+00	 3.2857e+01	 9.9889e-01
3.2881e+01	 1.0471e+00	 3.2881e+01	 9.9894e-01
3.2906e+01	 1.0473e+00	 3.2906e+01	 9.9898e-01
3.2930e+01	 1.0473e+00	 3.2930e+01	 9.9902e-01
3.2954e+01	 1.0474e+00	 3.2954e+01	 9.9905e-01
3.2979e+01	 1.0475e+00	 3.2979e+01	 9.9908e-01
3.3003e+01	 1.0476e+00	 3.3003e+01	 9.9911e-01
3.3028e+01	 1.0477e+00	 3.3028e+01	 9.9913e-01
3.3052e+01	 1.0478e+00	 3.3052e+01	 9.9915e-01
3.3077e+01	 1.0480e+00	 3.3077e+01	 9.9917e-01
3.3101e+01	 1.0480e+00	 3.3101e+01	 9.9917e-01
3.3126e+01	 1.0482e+00	 3.3126e+01	 9.9917e-01
3.3150e+01	 1.0482e+00	 3.3150e+01	 9.9915e-01
3.3175e+01	 1.0483e+00	 3.3175e+01	 9.9913e-01
3.3200e+01	 1.0485e+00	 3.3200e+01	 9.9909e-01
3.3224e+01	 1.0486e+00	 3.3224e+01	 9.9904e-01
3.3249e+01	 1.0488e+00	 3.3249e+01	 9.9897e-01
3.3273e+01	 1.0488e+00	 3.3273e+01	 9.9889e-01
3.3298e+01	 1.0489e+00	 3.3298e+01	 9.9880e-01
3.3323e+01	 1.0489e+00	 3.3323e+01	 9.9870e-01
3.3347e+01	 1.0490e+00	 3.3347e+01	 9.9859e-01
3.3372e+01	 1.0491e+00	 3.3372e+01	 9.9848e-01
3.3397e+01	 1.0491e+00	 3.3397e+01	 9.9836e-01
3.3421e+01	 1.0493e+00	 3.3421e+01	 9.9825e-01
3.3446e+01	 1.0492e+00	 3.3446e+01	 9.9814e-01
3.3471e+01	 1.0494e+00	 3.3471e+01	 9.9804e-01
3.3495e+01	 1.0493e+00	 3.3495e+01	 9.9794e-01
3.3520e+01	 1.0494e+00	 3.3520e+01	 9.9786e-01
3.3545e+01	 1.0494e+00	 3.3545e+01	 9.9778e-01
3.3569e+01	 1.0494e+00	 3.3569e+01	 9.9772e-01
3.3594e+01	 1.0495e+00	 3.3594e+01	 9.9767e-01
3.3619e+01	 1.0495e+00	 3.3619e+01	 9.9763e-01
3.3644e+01	 1.0495e+00	 3.3644e+01	 9.9761e-01
3.3669e+01	 1.0495e+00	 3.3669e+01	 9.9759e-01
3.3694e+01	 1.0495e+00	 3.3694e+01	 9.9758e-01
3.3718e+01	 1.0495e+00	 3.3718e+01	 9.9758e-01
3.3743e+01	 1.0495e+00	 3.3743e+01	 9.9758e-01
3.3768e+01	 1.0496e+00	 3.3768e+01	 9.9759e-01
3.3793e+01	 1.0495e+00	 3.3793e+01	 9.9761e-01
3.3818e+01	 1.0496e+00	 3.3818e+01	 9.9763e-01
3.3843e+01	 1.0495e+00	 3.3843e+01	 9.9766e-01
3.3867e+01	 1.0496e+00	 3.3867e+01	 9.9768e-01
3.3892e+01	 1.0496e+00	 3.3892e+01	 9.9771e-01
3.3917e+01	 1.0496e+00	 3.3917e+01	 9.9773e-01
3.3942e+01	 1.0498e+00	 3.3942e+01	 9.9774e-01
3.3967e+01	 1.0497e+00	 3.3967e+01	 9.9774e-01
3.3992e+01	 1.0499e+00	 3.3992e+01	 9.9773e-01
3.4017e+01	 1.0499e+00	 3.4017e+01	 9.9772e-01
3.4042e+01	 1.0500e+00	 3.4042e+01	 9.9770e-01
3.4067e+01	 1.0501e+00	 3.4067e+01	 9.9767e-01
3.4092e+01	 1.0502e+00	 3.4092e+01	 9.9763e-01
3.4117e+01	 1.0504e+00	 3.4117e+01	 9.9759e-01
3.4142e+01	 1.0504e+00	 3.4142e+01	 9.9755e-01
3.4167e+01	 1.0506e+00	 3.4167e+01	 9.9751e-01
3.4192e+01	 1.0506e+00	 3.4192e+01	 9.9746e-01
3.4217e+01	 1.0508e+00	 3.4217e+01	 9.9742e-01
3.4242e+01	 1.0509e+00	 3.4242e+01	 9.9738e-01
3.4267e+01	 1.0511e+00	 3.4267e+01	 9.9735e-01
3.4292e+01	 1.0513e+00	 3.4292e+01	 9.9733e-01
3.4318e+01	 1.0513e+00	 3.4318e+01	 9.9732e-01
3.4343e+01	 1.0516e+00	 3.4343e+01	 9.9732e-01
3.4368e+01	 1.0516e+00	 3.4368e+01	 9.9733e-01
3.4393e+01	 1.0518e+00	 3.4393e+01	 9.9734e-01
3.4418e+01	 1.0519e+00	 3.4418e+01	 9.9736e-01
3.4443e+01	 1.0520e+00	 3.4443e+01	 9.9739e-01
3.4469e+01	 1.0522e+00	 3.4469e+01	 9.9742e-01
3.4494e+01	 1.0522e+00	 3.4494e+01	 9.9746e-01
3.4519e+01	 1.0524e+00	 3.4519e+01	 9.9752e-01
3.4544e+01	 1.0525e+00	 3.4544e+01	 9.9758e-01
3.4569e+01	 1.0526e+00	 3.4569e+01	 9.9765e-01
3.4595e+01	 1.0527e+00	 3.4595e+01	 9.9773e-01
3.4620e+01	 1.0528e+00	 3.4620e+01	 9.9782e-01
3.4645e+01	 1.0530e+00	 3.4645e+01	 9.9791e-01
3.4670e+01	 1.0530e+00	 3.4670e+01	 9.9800e-01
3.4696e+01	 1.0531e+00	 3.4696e+01	 9.9809e-01
3.4721e+01	 1.0531e+00	 3.4721e+01	 9.9818e-01
3.4746e+01	 1.0532e+00	 3.4746e+01	 9.9827e-01
3.4772e+01	 1.0532e+00	 3.4772e+01	 9.9835e-01
3.4797e+01	 1.0533e+00	 3.4797e+01	 9.9843e-01
3.4822e+01	 1.0534e+00	 3.4822e+01	 9.9851e-01
3.4848e+01	 1.0533e+00	 3.4848e+01	 9.9858e-01
3.4873e+01	 1.0534e+00	 3.4873e+01	 9.9864e-01
3.4899e+01	 1.0533e+00	 3.4899e+01	 9.9871e-01
3.4924e+01	 1.0534e+00	 3.4924e+01	 9.9877e-01
3.4949e+01	 1.0534e+00	 3.4949e+01	 9.9882e-01
3.4975e+01	 1.0535e+00	 3.4975e+01	 9.9887e-01
3.5000e+01	 1.0535e+00	 3.5000e+01	 9.9890e-01
3.5026e+01	 1.0535e+00	 3.5026e+01	 9.9893e-01
3.5051e+01	 1.0536e+00	 3.5051e+01	 9.9894e-01
3.5077e+01	 1.0535e+00	 3.5077e+01	 9.9894e-01
3.5102e+01	 1.0537e+00	 3.5102e+01	 9.9893e-01
3.5128e+01	 1.0537e+00	 3.5128e+01	 9.9891e-01
3.5153e+01	 1.0537e+00	 3.5153e+01	 9.9888e-01
3.5179e+01	 1.0538e+00	 3.5179e+01	 9.9884e-01
3.5204e+01	 1.0538e+00	 3.5204e+01	 9.9879e-01
3.5230e+01	 1.0539e+00	 3.5230e+01	 9.9873e-01
3.5255e+01	 1.0539e+00	 3.5255e+01	 9.9867e-01
3.5281e+01	 1.0541e+00	 3.5281e+01	 9.9860e-01
3.5306e+01	 1.0541e+00	 3.5306e+01	 9.9852e-01
3.5332e+01	 1.0542e+00	 3.5332e+01	 9.9844e-01
3.5358e+01	 1.0543e+00	 3.5358e+01	 9.9836e-01
3.5383e+01	 1.0543e+00	 3.5383e+01	 9.9826e-01
3.5409e+01	 1.0545e+00	 3.5409e+01	 9.9817e-01
3.5434e+01	 1.0545e+00	 3.5434e+01	 9.9807e-01
3.5460e+01	 1.0546e+00	 3.5460e+01	 9.9798e-01
3.5486e+01	 1.0546e+00	 3.5486e+01	 9.9789e-01
3.5511e+01	 1.0548e+00	 3.5511e+01	 9.9780e-01
3.5537e+01	 1.0548e+00	 3.5537e+01	 9.9772e-01
3.5563e+01	 1.0549e+00	 3.5563e+01	 9.9764e-01
3.5588e+01	 1.0550e+00	 3.5588e+01	 9.9757e-01
3.5614e+01	 1.0550e+00	 3.5614e+01	 9.9750e-01
3.5640e+01	 1.0552e+00	 3.5640e+01	 9.9744e-01
3.5666e+01	 1.0552e+00	 3.5666e+01	 9.9739e-01
3.5691e+01	 1.0553e+00	 3.5691e+01	 9.9735e-01
3.5717e+01	 1.0553e+00	 3.5717e+01	 9.9732e-01
3.5743e+01	 1.0554e+00	 3.5743e+01	 9.9730e-01
3.5769e+01	 1.0555e+00	 3.5769e+01	 9.9728e-01
3.5794e+01	 1.0554e+00	 3.5794e+01	 9.9728e-01
3.5820e+01	 1.0555e+00	 3.5820e+01	 9.9729e-01
3.5846e+01	 1.0555e+00	 3.5846e+01	 9.9731e-01
3.5872e+01	 1.0555e+00	 3.5872e+01	 9.9732e-01
3.5898e+01	 1.0555e+00	 3.5898e+01	 9.9733e-01
3.5923e+01	 1.0554e+00	 3.5923e+01	 9.9734e-01
3.5949e+01	 1.0554e+00	 3.5949e+01	 9.9735e-01
3.5975e+01	 1.0553e+00	 3.5975e+01	 9.9735e-01
3.6001e+01	 1.0553e+00	 3.6001e+01	 9.9734e-01
3.6027e+01	 1.0552e+00	 3.6027e+01	 9.9733e-01
3.6053e+01	 1.0551e+00	 3.6053e+01	 9.9732e-01
3.6079e+01	 1.0551e+00	 3.6079e+01	 9.9731e-01
3.6105e+01	 1.0550e+00	 3.6105e+01	 9.9731e-01
3.6131e+01	 1.0549e+00	 3.6131e+01	 9.9731e-01
3.6157e+01	 1.0548e+00	 3.6157e+01	 9.9732e-01
3.6183e+01	 1.0549e+00	 3.6183e+01	 9.9734e-01
3.6209e+01	 1.0547e+00	 3.6209e+01	 9.9738e-01
3.6235e+01	 1.0548e+00	 3.6235e+01	 9.9742e-01
3.6261e+01	 1.0547e+00	 3.6261e+01	 9.9747e-01
3.6287e+01	 1.0547e+00	 3.6287e+01	 9.9752e-01
3.6313e+01	 1.0548e+00	 3.6313e+01	 9.9756e-01
3.6339e+01	 1.0547e+00	 3.6339e+01	 9.9761e-01
3.6365e+01	 1.0549e+00	 3.6365e+01	 9.9764e-01
3.6391e+01	 1.0549e+00	 3.6391e+01	 9.9767e-01
3.6417e+01	 1.0551e+00	 3.6417e+01	 9.9769e-01
3.6443e+01	 1.0551e+00	 3.6443e+01	 9.9770e-01
3.6469e+01	 1.0553e+00	 3.6469e+01	 9.9770e-01
3.6495e+01	 1.0554e+00	 3.6495e+01	 9.9769e-01
3.6521e+01	 1.0555e+00	 3.6521e+01	 9.9768e-01
3.6547e+01	 1.0558e+00	 3.6547e+01	 9.9765e-01
3.6573e+01	 1.0559e+00	 3.6573e+01	 9.9762e-01
3.6600e+01	 1.0561e+00	 3.6600e+01	 9.9759e-01
3.6626e+01	 1.0562e+00	 3.6626e+01	 9.9756e-01
3.6652e+01	 1.0564e+00	 3.6652e+01	 9.9752e-01
3.6678e+01	 1.0565e+00	 3.6678e+01	 9.9748e-01
3.6704e+01	 1.0566e+00	 3.6704e+01	 9.9746e-01
3.6730e+01	 1.0568e+00	 3.6730e+01	 9.9743e-01
3.6757e+01	 1.0568e+00	 3.6757e+01	 9.9741e-01
3.6783e+01	 1.0571e+00	 3.6783e+01	 9.9738e-01
3.6809e+01	 1.0571e+00	 3.6809e+01	 9.9736e-01
3.6835e+01	 1.0573e+00	 3.6835e+01	 9.9734e-01
3.6862e+01	 1.0574e+00	 3.6862e+01	 9.9732e-01
3.6888e+01	 1.0575e+00	 3.6888e+01	 9.9729e-01
3.6914e+01	 1.0578e+00	 3.6914e+01	 9.9726e-01
3.6940e+01	 1.0579e+00	 3.6940e+01	 9.9723e-01
3.6967e+01	 1.0582e+00	 3.6967e+01	 9.9720e-01
3.6993e+01	 1.0583e+00	 3.6993e+01	 9.9718e-01
3.7019e+01	 1.0585e+00	 3.7019e+01	 9.9718e-01
3.7046e+01	 1.0587e+00	 3.7046e+01	 9.9718e-01
3.7072e+01	 1.0588e+00	 3.7072e+01	 9.9719e-01
3.7098e+01	 1.0590e+00	 3.7098e+01	 9.9720e-01
3.7125e+01	 1.0591e+00	 3.7125e+01	 9.9722e-01
3.7151e+01	 1.0593e+00	 3.7151e+01	 9.9724e-01
3.7177e+01	 1.0594e+00	 3.7177e+01	 9.9727e-01
3.7204e+01	 1.0596e+00	 3.7204e+01	 9.9730e-01
3.7230e+01	 1.0597e+00	 3.7230e+01	 9.9733e-01
3.7257e+01	 1.0597e+00	 3.7257e+01	 9.9736e-01
3.7283e+01	 1.0599e+00	 3.7283e+01	 9.9740e-01
3.7309e+01	 1.0599e+00	 3.7309e+01	 9.9744e-01
3.7336e+01	 1.0600e+00	 3.7336e+01	 9.9749e-01
3.7362e+01	 1.0600e+00	 3.7362e+01	 9.9753e-01
3.7389e+01	 1.0600e+00	 3.7389e+01	 9.9758e-01
3.7415e+01	 1.0600e+00	 3.7415e+01	 9.9763e-01
3.7442e+01	 1.0599e+00	 3.7442e+01	 9.9769e-01
3.7468e+01	 1.0599e+00	 3.7468e+01	 9.9774e-01
3.7495e+01	 1.0598e+00	 3.7495e+01	 9.9781e-01
3.7521e+01	 1.0598e+00	 3.7521e+01	 9.9787e-01
3.7548e+01	 1.0596e+00	 3.7548e+01	 9.9794e-01
3.7574e+01	 1.0596e+00	 3.7574e+01	 9.9801e-01
3.7601e+01	 1.0595e+00	 3.7601e+01	 9.9808e-01
3.7627e+01	 1.0595e+00	 3.7627e+01	 9.9815e-01
3.7654e+01	 1.0595e+00	 3.7654e+01	 9.9822e-01
3.7681e+01	 1.0594e+00	 3.7681e+01	 9.9829e-01
3.7707e+01	 1.0595e+00	 3.7707e+01	 9.9836e-01
3.7734e+01	 1.0594e+00	 3.7734e+01	 9.9842e-01
3.7761e+01	 1.0594e+00	 3.7761e+01	 9.9847e-01
3.7787e+01	 1.0594e+00	 3.7787e+01	 9.9853e-01
3.7814e+01	 1.0594e+00	 3.7814e+01	 9.9857e-01
3.7840e+01	 1.0595e+00	 3.7840e+01	 9.9862e-01
3.7867e+01	 1.0595e+00	 3.7867e+01	 9.9866e-01
3.7894e+01	 1.0597e+00	 3.7894e+01	 9.9870e-01
3.7920e+01	 1.0597e+00	 3.7920e+01	 9.9874e-01
3.7947e+01	 1.0598e+00	 3.7947e+01	 9.9878e-01
3.7974e+01	 1.0599e+00	 3.7974e+01	 9.9882e-01
3.8001e+01	 1.0600e+00	 3.8001e+01	 9.9886e-01
3.8027e+01	 1.0601e+00	 3.8027e+01	 9.9889e-01
3.8054e+01	 1.0602e+00	 3.8054e+01	 9.9893e-01
3.8081e+01	 1.0604e+00	 3.8081e+01	 9.9895e-01
3.8107e+01	 1.0605e+00	 3.8107e+01	 9.9897e-01
3.8134e+01	 1.0607e+00	 3.8134e+01	 9.9897e-01
3.8161e+01	 1.0608e+00	 3.8161e+01	 9.9895e-01
3.8188e+01	 1.0609e+00	 3.8188e+01	 9.9892e-01
3.8215e+01	 1.0611e+00	 3.8215e+01	 9.9886e-01
3.8241e+01	 1.0612e+00	 3.8241e+01	 9.9879e-01
3.8268e+01	 1.0614e+00	 3.8268e+01	 9.9869e-01
3.8295e+01	 1.0615e+00	 3.8295e+01	 9.9858e-01
3.8322e+01	 1.0617e+00	 3.8322e+01	 9.9845e-01
3.8349e+01	 1.0618e+00	 3.8349e+01	 9.9831e-01
3.8375e+01	 1.0620e+00	 3.8375e+01	 9.9816e-01
3.8402e+01	 1.0622e+00	 3.8402e+01	 9.9799e-01
3.8429e+01	 1.0623e+00	 3.8429e+01	 9.9783e-01
3.8456e+01	 1.0626e+00	 3.8456e+01	 9.9767e-01
3.8483e+01	 1.0626e+00	 3.8483e+01	 9.9751e-01
3.8510e+01	 1.0629e+00	 3.8510e+01	 9.9735e-01
3.8537e+01	 1.0630e+00	 3.8537e+01	 9.9720e-01
3.8564e+01	 1.0632e+00	 3.8564e+01	 9.9705e-01
3.8591e+01	 1.0633e+00	 3.8591e+01	 9.9692e-01
3.8617e+01	 1.0634e+00	 3.8617e+01	 9.9680e-01
3.8645e+01	 1.0636e+00	 3.8645e+01	 9.9669e-01
3.8671e+01	 1.0637e+00	 3.8671e+01	 9.9659e-01
3.8698e+01	 1.0639e+00	 3.8698e+01	 9.9650e-01
3.8725e+01	 1.0639e+00	 3.8725e+01	 9.9643e-01
3.8752e+01	 1.0640e+00	 3.8752e+01	 9.9637e-01
3.8779e+01	 1.0641e+00	 3.8779e+01	 9.9633e-01
3.8806e+01	 1.0641e+00	 3.8806e+01	 9.9630e-01
3.8833e+01	 1.0642e+00	 3.8833e+01	 9.9627e-01
3.8861e+01	 1.0642e+00	 3.8861e+01	 9.9625e-01
3.8888e+01	 1.0643e+00	 3.8888e+01	 9.9625e-01
3.8915e+01	 1.0642e+00	 3.8915e+01	 9.9625e-01
3.8942e+01	 1.0643e+00	 3.8942e+01	 9.9625e-01
3.8969e+01	 1.0644e+00	 3.8969e+01	 9.9627e-01
3.8996e+01	 1.0643e+00	 3.8996e+01	 9.9628e-01
3.9023e+01	 1.0644e+00	 3.9023e+01	 9.9630e-01
3.9050e+01	 1.0644e+00	 3.9050e+01	 9.9632e-01
3.9077e+01	 1.0645e+00	 3.9077e+01	 9.9633e-01
3.9104e+01	 1.0644e+00	 3.9104e+01	 9.9635e-01
3.9131e+01	 1.0644e+00	 3.9131e+01	 9.9636e-01
3.9158e+01	 1.0644e+00	 3.9158e+01	 9.9637e-01
3.9186e+01	 1.0644e+00	 3.9186e+01	 9.9637e-01
3.9213e+01	 1.0644e+00	 3.9213e+01	 9.9636e-01
3.9240e+01	 1.0643e+00	 3.9240e+01	 9.9635e-01
3.9267e+01	 1.0644e+00	 3.9267e+01	 9.9632e-01
3.9294e+01	 1.0643e+00	 3.9294e+01	 9.9630e-01
3.9322e+01	 1.0644e+00	 3.9322e+01	 9.9627e-01
3.9349e+01	 1.0644e+00	 3.9349e+01	 9.9625e-01
3.9376e+01	 1.0644e+00	 3.9376e+01	 9.9623e-01
3.9403e+01	 1.0645e+00	 3.9403e+01	 9.9621e-01
3.9430e+01	 1.0644e+00	 3.9430e+01	 9.9620e-01
3.9458e+01	 1.0646e+00	 3.9458e+01	 9.9621e-01
3.9485e+01	 1.0645e+00	 3.9485e+01	 9.9624e-01
3.9512e+01	 1.0646e+00	 3.9512e+01	 9.9627e-01
3.9539e+01	 1.0646e+00	 3.9539e+01	 9.9633e-01
3.9567e+01	 1.0646e+00	 3.9567e+01	 9.9639e-01
3.9594e+01	 1.0647e+00	 3.9594e+01	 9.9646e-01
3.9621e+01	 1.0647e+00	 3.9621e+01	 9.9654e-01
3.9648e+01	 1.0649e+00	 3.9648e+01	 9.9663e-01
3.9676e+01	 1.0648e+00	 3.9676e+01	 9.9672e-01
3.9703e+01	 1.0650e+00	 3.9703e+01	 9.9680e-01
3.9730e+01	 1.0650e+00	 3.9730e+01	 9.9690e-01
3.9758e+01	 1.0651e+00	 3.9758e+01	 9.9699e-01
3.9785e+01	 1.0653e+00	 3.9785e+01	 9.9708e-01
3.9812e+01	 1.0653e+00	 3.9812e+01	 9.9716e-01
3.9840e+01	 1.0656e+00	 3.9840e+01	 9.9725e-01
3.9867e+01	 1.0656e+00	 3.9867e+01	 9.9733e-01
3.9895e+01	 1.0658e+00	 3.9895e+01	 9.9740e-01
3.9922e+01	 1.0659e+00	 3.9922e+01	 9.9746e-01
3.9950e+01	 1.0661e+00	 3.9950e+01	 9.9753e-01
3.9977e+01	 1.0663e+00	 3.9977e+01	 9.9758e-01
4.0004e+01	 1.0663e+00	 4.0004e+01	 9.9763e-01
4.0032e+01	 1.0666e+00	 4.0032e+01	 9.9768e-01
4.0059e+01	 1.0666e+00	 4.0059e+01	 9.9773e-01
4.0087e+01	 1.0669e+00	 4.0087e+01	 9.9776e-01
4.0114e+01	 1.0670e+00	 4.0114e+01	 9.9779e-01
4.0142e+01	 1.0671e+00	 4.0142e+01	 9.9782e-01
4.0169e+01	 1.0673e+00	 4.0169e+01	 9.9784e-01
4.0197e+01	 1.0674e+00	 4.0197e+01	 9.9785e-01
4.0224e+01	 1.0676e+00	 4.0224e+01	 9.9786e-01
4.0252e+01	 1.0676e+00	 4.0252e+01	 9.9787e-01
4.0279e+01	 1.0677e+00	 4.0279e+01	 9.9787e-01
4.0307e+01	 1.0678e+00	 4.0307e+01	 9.9786e-01
4.0334e+01	 1.0678e+00	 4.0334e+01	 9.9785e-01
4.0362e+01	 1.0679e+00	 4.0362e+01	 9.9784e-01
4.0389e+01	 1.0679e+00	 4.0389e+01	 9.9782e-01
4.0417e+01	 1.0680e+00	 4.0417e+01	 9.9781e-01
4.0444e+01	 1.0679e+00	 4.0444e+01	 9.9779e-01
4.0472e+01	 1.0681e+00	 4.0472e+01	 9.9777e-01
4.0499e+01	 1.0680e+00	 4.0499e+01	 9.9774e-01
4.0527e+01	 1.0681e+00	 4.0527e+01	 9.9771e-01
4.0555e+01	 1.0682e+00	 4.0555e+01	 9.9767e-01
4.0582e+01	 1.0682e+00	 4.0582e+01	 9.9762e-01
4.0610e+01	 1.0684e+00	 4.0610e+01	 9.9758e-01
4.0638e+01	 1.0683e+00	 4.0638e+01	 9.9752e-01
4.0665e+01	 1.0685e+00	 4.0665e+01	 9.9746e-01
4.0693e+01	 1.0685e+00	 4.0693e+01	 9.9739e-01
4.0720e+01	 1.0687e+00	 4.0720e+01	 9.9732e-01
4.0748e+01	 1.0687e+00	 4.0748e+01	 9.9725e-01
4.0776e+01	 1.0688e+00	 4.0776e+01	 9.9717e-01
4.0803e+01	 1.0689e+00	 4.0803e+01	 9.9709e-01
4.0831e+01	 1.0689e+00	 4.0831e+01	 9.9701e-01
4.0859e+01	 1.0691e+00	 4.0859e+01	 9.9694e-01
4.0886e+01	 1.0690e+00	 4.0886e+01	 9.9688e-01
4.0914e+01	 1.0691e+00	 4.0914e+01	 9.9682e-01
4.0942e+01	 1.0692e+00	 4.0942e+01	 9.9676e-01
4.0970e+01	 1.0692e+00	 4.0970e+01	 9.9672e-01
4.0997e+01	 1.0692e+00	 4.0997e+01	 9.9668e-01
4.1025e+01	 1.0692e+00	 4.1025e+01	 9.9665e-01
4.1053e+01	 1.0693e+00	 4.1053e+01	 9.9663e-01
4.1081e+01	 1.0692e+00	 4.1081e+01	 9.9662e-01
4.1108e+01	 1.0693e+00	 4.1108e+01	 9.9661e-01
4.1136e+01	 1.0692e+00	 4.1136e+01	 9.9660e-01
4.1164e+01	 1.0692e+00	 4.1164e+01	 9.9661e-01
4.1192e+01	 1.0693e+00	 4.1192e+01	 9.9662e-01
4.1220e+01	 1.0692e+00	 4.1220e+01	 9.9663e-01
4.1247e+01	 1.0693e+00	 4.1247e+01	 9.9665e-01
4.1275e+01	 1.0692e+00	 4.1275e+01	 9.9668e-01
4.1303e+01	 1.0692e+00	 4.1303e+01	 9.9671e-01
4.1331e+01	 1.0692e+00	 4.1331e+01	 9.9675e-01
4.1359e+01	 1.0692e+00	 4.1359e+01	 9.9679e-01
4.1387e+01	 1.0692e+00	 4.1387e+01	 9.9684e-01
4.1414e+01	 1.0691e+00	 4.1414e+01	 9.9690e-01
4.1442e+01	 1.0692e+00	 4.1442e+01	 9.9697e-01
4.1470e+01	 1.0691e+00	 4.1470e+01	 9.9705e-01
4.1498e+01	 1.0692e+00	 4.1498e+01	 9.9714e-01
4.1526e+01	 1.0691e+00	 4.1526e+01	 9.9723e-01
4.1554e+01	 1.0691e+00	 4.1554e+01	 9.9733e-01
4.1582e+01	 1.0692e+00	 4.1582e+01	 9.9744e-01
4.1610e+01	 1.0691e+00	 4.1610e+01	 9.9755e-01
4.1638e+01	 1.0692e+00	 4.1638e+01	 9.9766e-01
4.1666e+01	 1.0691e+00	 4.1666e+01	 9.9777e-01
4.1694e+01	 1.0692e+00	 4.1694e+01	 9.9789e-01
4.1721e+01	 1.0692e+00	 4.1721e+01	 9.9800e-01
4.1749e+01	 1.0692e+00	 4.1749e+01	 9.9811e-01
4.1777e+01	 1.0693e+00	 4.1777e+01	 9.9822e-01
4.1805e+01	 1.0692e+00	 4.1805e+01	 9.9831e-01
4.1833e+01	 1.0694e+00	 4.1833e+01	 9.9839e-01
4.1861e+01	 1.0693e+00	 4.1861e+01	 9.9847e-01
4.1889e+01	 1.0694e+00	 4.1889e+01	 9.9854e-01
4.1917e+01	 1.0694e+00	 4.1917e+01	 9.9860e-01
4.1945e+01	 1.0695e+00	 4.1945e+01	 9.9865e-01
4.1973e+01	 1.0696e+00	 4.1973e+01	 9.9869e-01
4.2001e+01	 1.0696e+00	 4.2001e+01	 9.9873e-01
4.2029e+01	 1.0698e+00	 4.2029e+01	 9.9875e-01
4.2057e+01	 1.0698e+00	 4.2057e+01	 9.9876e-01
4.2086e+01	 1.0700e+00	 4.2086e+01	 9.9876e-01
4.2114e+01	 1.0701e+00	 4.2114e+01	 9.9876e-01
4.2142e+01	 1.0703e+00	 4.2142e+01	 9.9874e-01
4.2170e+01	 1.0704e+00	 4.2170e+01	 9.9872e-01
4.2198e+01	 1.0706e+00	 4.2198e+01	 9.9869e-01
4.2226e+01	 1.0708e+00	 4.2226e+01	 9.9866e-01
4.2254e+01	 1.0709e+00	 4.2254e+01	 9.9863e-01
4.2282e+01	 1.0712e+00	 4.2282e+01	 9.9860e-01
4.2310e+01	 1.0713e+00	 4.2310e+01	 9.9857e-01
4.2338e+01	 1.0716e+00	 4.2338e+01	 9.9854e-01
4.2366e+01	 1.0718e+00	 4.2366e+01	 9.9852e-01
4.2395e+01	 1.0719e+00	 4.2395e+01	 9.9849e-01
4.2423e+01	 1.0722e+00	 4.2423e+01	 9.9848e-01
4.2451e+01	 1.0723e+00	 4.2451e+01	 9.9847e-01
4.2479e+01	 1.0726e+00	 4.2479e+01	 9.9846e-01
4.2507e+01	 1.0727e+00	 4.2507e+01	 9.9845e-01
4.2535e+01	 1.0730e+00	 4.2535e+01	 9.9845e-01
4.2563e+01	 1.0732e+00	 4.2563e+01	 9.9844e-01
4.2592e+01	 1.0734e+00	 4.2592e+01	 9.9843e-01
4.2620e+01	 1.0738e+00	 4.2620e+01	 9.9841e-01
4.2648e+01	 1.0739e+00	 4.2648e+01	 9.9839e-01
4.2676e+01	 1.0742e+00	 4.2676e+01	 9.9837e-01
4.2704e+01	 1.0744e+00	 4.2704e+01	 9.9833e-01
4.2733e+01	 1.0747e+00	 4.2733e+01	 9.9829e-01
4.2761e+01	 1.0749e+00	 4.2761e+01	 9.9824e-01
4.2789e+01	 1.0750e+00	 4.2789e+01	 9.9817e-01
4.2817e+01	 1.0753e+00	 4.2817e+01	 9.9811e-01
4.2846e+01	 1.0754e+00	 4.2846e+01	 9.9803e-01
4.2874e+01	 1.0757e+00	 4.2874e+01	 9.9794e-01
4.2902e+01	 1.0758e+00	 4.2902e+01	 9.9785e-01
4.2930e+01	 1.0759e+00	 4.2930e+01	 9.9775e-01
4.2959e+01	 1.0760e+00	 4.2959e+01	 9.9765e-01
4.2987e+01	 1.0761e+00	 4.2987e+01	 9.9756e-01
4.3015e+01	 1.0762e+00	 4.3015e+01	 9.9746e-01
4.3043e+01	 1.0762e+00	 4.3043e+01	 9.9738e-01
4.3072e+01	 1.0763e+00	 4.3072e+01	 9.9731e-01
4.3100e+01	 1.0762e+00	 4.3100e+01	 9.9723e-01
4.3128e+01	 1.0762e+00	 4.3128e+01	 9.9718e-01
4.3157e+01	 1.0761e+00	 4.3157e+01	 9.9713e-01
4.3185e+01	 1.0760e+00	 4.3185e+01	 9.9709e-01
4.3213e+01	 1.0760e+00	 4.3213e+01	 9.9707e-01
4.3242e+01	 1.0759e+00	 4.3242e+01	 9.9706e-01
4.3270e+01	 1.0759e+00	 4.3270e+01	 9.9707e-01
4.3298e+01	 1.0757e+00	 4.3298e+01	 9.9710e-01
4.3327e+01	 1.0758e+00	 4.3327e+01	 9.9713e-01
4.3355e+01	 1.0757e+00	 4.3355e+01	 9.9717e-01
4.3383e+01	 1.0756e+00	 4.3383e+01	 9.9722e-01
4.3412e+01	 1.0756e+00	 4.3412e+01	 9.9727e-01
4.3440e+01	 1.0755e+00	 4.3440e+01	 9.9732e-01
4.3468e+01	 1.0756e+00	 4.3468e+01	 9.9736e-01
4.3497e+01	 1.0755e+00	 4.3497e+01	 9.9740e-01
4.3525e+01	 1.0756e+00	 4.3525e+01	 9.9744e-01
4.3554e+01	 1.0756e+00	 4.3554e+01	 9.9747e-01
4.3582e+01	 1.0756e+00	 4.3582e+01	 9.9748e-01
4.3611e+01	 1.0756e+00	 4.3611e+01	 9.9750e-01
4.3639e+01	 1.0756e+00	 4.3639e+01	 9.9750e-01
4.3667e+01	 1.0758e+00	 4.3667e+01	 9.9748e-01
4.3696e+01	 1.0757e+00	 4.3696e+01	 9.9746e-01
4.3724e+01	 1.0759e+00	 4.3724e+01	 9.9743e-01
4.3753e+01	 1.0759e+00	 4.3753e+01	 9.9739e-01
4.3781e+01	 1.0760e+00	 4.3781e+01	 9.9734e-01
4.3810e+01	 1.0761e+00	 4.3810e+01	 9.9729e-01
4.3838e+01	 1.0762e+00	 4.3838e+01	 9.9724e-01
4.3867e+01	 1.0764e+00	 4.3867e+01	 9.9718e-01
4.3895e+01	 1.0764e+00	 4.3895e+01	 9.9713e-01
4.3924e+01	 1.0766e+00	 4.3924e+01	 9.9709e-01
4.3952e+01	 1.0766e+00	 4.3952e+01	 9.9705e-01
4.3981e+01	 1.0767e+00	 4.3981e+01	 9.9702e-01
4.4009e+01	 1.0769e+00	 4.4009e+01	 9.9700e-01
4.4038e+01	 1.0769e+00	 4.4038e+01	 9.9699e-01
4.4066e+01	 1.0772e+00	 4.4066e+01	 9.9699e-01
4.4095e+01	 1.0772e+00	 4.4095e+01	 9.9699e-01
4.4123e+01	 1.0774e+00	 4.4123e+01	 9.9700e-01
4.4152e+01	 1.0775e+00	 4.4152e+01	 9.9700e-01
4.4180e+01	 1.0777e+00	 4.4180e+01	 9.9701e-01
4.4209e+01	 1.0778e+00	 4.4209e+01	 9.9701e-01
4.4237e+01	 1.0779e+00	 4.4237e+01	 9.9700e-01
4.4266e+01	 1.0781e+00	 4.4266e+01	 9.9700e-01
4.4294e+01	 1.0781e+00	 4.4294e+01	 9.9698e-01
4.4323e+01	 1.0783e+00	 4.4323e+01	 9.9696e-01
4.4352e+01	 1.0783e+00	 4.4352e+01	 9.9694e-01
4.4380e+01	 1.0784e+00	 4.4380e+01	 9.9691e-01
4.4409e+01	 1.0785e+00	 4.4409e+01	 9.9688e-01
4.4437e+01	 1.0785e+00	 4.4437e+01	 9.9684e-01
4.4466e+01	 1.0786e+00	 4.4466e+01	 9.9680e-01
4.4495e+01	 1.0785e+00	 4.4495e+01	 9.9676e-01
4.4523e+01	 1.0785e+00	 4.4523e+01	 9.9672e-01
4.4552e+01	 1.0784e+00	 4.4552e+01	 9.9669e-01
4.4580e+01	 1.0784e+00	 4.4580e+01	 9.9666e-01
4.4609e+01	 1.0783e+00	 4.4609e+01	 9.9663e-01
4.4638e+01	 1.0782e+00	 4.4638e+01	 9.9661e-01
4.4666e+01	 1.0781e+00	 4.4666e+01	 9.9659e-01
4.4695e+01	 1.0779e+00	 4.4695e+01	 9.9657e-01
4.4724e+01	 1.0779e+00	 4.4724e+01	 9.9655e-01
4.4752e+01	 1.0777e+00	 4.4752e+01	 9.9652e-01
4.4781e+01	 1.0776e+00	 4.4781e+01	 9.9649e-01
4.4809e+01	 1.0775e+00	 4.4809e+01	 9.9646e-01
4.4838e+01	 1.0773e+00	 4.4838e+01	 9.9643e-01
4.4867e+01	 1.0773e+00	 4.4867e+01	 9.9640e-01
4.4895e+01	 1.0771e+00	 4.4895e+01	 9.9635e-01
4.4924e+01	 1.0771e+00	 4.4924e+01	 9.9631e-01
4.4953e+01	 1.0770e+00	 4.4953e+01	 9.9626e-01
4.4981e+01	 1.0770e+00	 4.4981e+01	 9.9620e-01
4.5010e+01	 1.0769e+00	 4.5010e+01	 9.9615e-01
4.5039e+01	 1.0769e+00	 4.5039e+01	 9.9608e-01
4.5068e+01	 1.0769e+00	 4.5068e+01	 9.9601e-01
4.5096e+01	 1.0769e+00	 4.5096e+01	 9.9594e-01
4.5125e+01	 1.0770e+00	 4.5125e+01	 9.9586e-01
4.5154e+01	 1.0770e+00	 4.5154e+01	 9.9577e-01
4.5182e+01	 1.0771e+00	 4.5182e+01	 9.9569e-01
4.5211e+01	 1.0772e+00	 4.5211e+01	 9.9562e-01
4.5240e+01	 1.0773e+00	 4.5240e+01	 9.9554e-01
4.5269e+01	 1.0775e+00	 4.5269e+01	 9.9547e-01
4.5297e+01	 1.0775e+00	 4.5297e+01	 9.9540e-01
4.5326e+01	 1.0778e+00	 4.5326e+01	 9.9534e-01
4.5355e+01	 1.0779e+00	 4.5355e+01	 9.9529e-01
4.5383e+01	 1.0781e+00	 4.5383e+01	 9.9525e-01
4.5412e+01	 1.0783e+00	 4.5412e+01	 9.9522e-01
4.5441e+01	 1.0786e+00	 4.5441e+01	 9.9519e-01
4.5470e+01	 1.0788e+00	 4.5470e+01	 9.9517e-01
4.5498e+01	 1.0790e+00	 4.5498e+01	 9.9515e-01
4.5527e+01	 1.0793e+00	 4.5527e+01	 9.9514e-01
4.5556e+01	 1.0795e+00	 4.5556e+01	 9.9513e-01
4.5585e+01	 1.0799e+00	 4.5585e+01	 9.9512e-01
4.5614e+01	 1.0801e+00	 4.5614e+01	 9.9513e-01
4.5642e+01	 1.0803e+00	 4.5642e+01	 9.9514e-01
4.5671e+01	 1.0806e+00	 4.5671e+01	 9.9516e-01
4.5700e+01	 1.0808e+00	 4.5700e+01	 9.9518e-01
4.5729e+01	 1.0811e+00	 4.5729e+01	 9.9521e-01
4.5757e+01	 1.0813e+00	 4.5757e+01	 9.9524e-01
4.5786e+01	 1.0816e+00	 4.5786e+01	 9.9528e-01
4.5815e+01	 1.0817e+00	 4.5815e+01	 9.9532e-01
4.5844e+01	 1.0819e+00	 4.5844e+01	 9.9535e-01
4.5873e+01	 1.0821e+00	 4.5873e+01	 9.9540e-01
4.5901e+01	 1.0822e+00	 4.5901e+01	 9.9546e-01
4.5930e+01	 1.0824e+00	 4.5930e+01	 9.9552e-01
4.5959e+01	 1.0824e+00	 4.5959e+01	 9.9560e-01
4.5988e+01	 1.0826e+00	 4.5988e+01	 9.9569e-01
4.6017e+01	 1.0826e+00	 4.6017e+01	 9.9580e-01
4.6046e+01	 1.0827e+00	 4.6046e+01	 9.9591e-01
4.6074e+01	 1.0827e+00	 4.6074e+01	 9.9603e-01
4.6103e+01	 1.0827e+00	 4.6103e+01	 9.9616e-01
4.6132e+01	 1.0829e+00	 4.6132e+01	 9.9631e-01
4.6161e+01	 1.0828e+00	 4.6161e+01	 9.9646e-01
4.6190e+01	 1.0829e+00	 4.6190e+01	 9.9663e-01
4.6219e+01	 1.0829e+00	 4.6219e+01	 9.9679e-01
4.6248e+01	 1.0829e+00	 4.6248e+01	 9.9697e-01
4.6276e+01	 1.0829e+00	 4.6276e+01	 9.9713e-01
4.6305e+01	 1.0828e+00	 4.6305e+01	 9.9730e-01
4.6334e+01	 1.0829e+00	 4.6334e+01	 9.9746e-01
4.6363e+01	 1.0828e+00	 4.6363e+01	 9.9760e-01
4.6392e+01	 1.0829e+00	 4.6392e+01	 9.9772e-01
4.6421e+01	 1.0828e+00	 4.6421e+01	 9.9783e-01
4.6450e+01	 1.0828e+00	 4.6450e+01	 9.9792e-01
4.6478e+01	 1.0828e+00	 4.6478e+01	 9.9798e-01
4.6507e+01	 1.0828e+00	 4.6507e+01	 9.9802e-01
4.6536e+01	 1.0829e+00	 4.6536e+01	 9.9804e-01
4.6565e+01	 1.0828e+00	 4.6565e+01	 9.9804e-01
4.6594e+01	 1.0830e+00	 4.6594e+01	 9.9802e-01
4.6623e+01	 1.0830e+00	 4.6623e+01	 9.9799e-01
4.6652e+01	 1.0831e+00	 4.6652e+01	 9.9795e-01
4.6681e+01	 1.0831e+00	 4.6681e+01	 9.9789e-01
4.6710e+01	 1.0831e+00	 4.6710e+01	 9.9784e-01
4.6739e+01	 1.0833e+00	 4.6739e+01	 9.9778e-01
4.6767e+01	 1.0832e+00	 4.6767e+01	 9.9773e-01
4.6796e+01	 1.0834e+00	 4.6796e+01	 9.9768e-01
4.6825e+01	 1.0834e+00	 4.6825e+01	 9.9763e-01
4.6854e+01	 1.0835e+00	 4.6854e+01	 9.9759e-01
4.6883e+01	 1.0835e+00	 4.6883e+01	 9.9756e-01
4.6912e+01	 1.0835e+00	 4.6912e+01	 9.9753e-01
4.6941e+01	 1.0836e+00	 4.6941e+01	 9.9752e-01
4.6970e+01	 1.0836e+00	 4.6970e+01	 9.9750e-01
4.6999e+01	 1.0838e+00	 4.6999e+01	 9.9750e-01
4.7028e+01	 1.0837e+00	 4.7028e+01	 9.9750e-01
4.7057e+01	 1.0838e+00	 4.7057e+01	 9.9751e-01
4.7086e+01	 1.0838e+00	 4.7086e+01	 9.9752e-01
4.7114e+01	 1.0838e+00	 4.7114e+01	 9.9754e-01
4.7144e+01	 1.0838e+00	 4.7144e+01	 9.9757e-01
4.7172e+01	 1.0837e+00	 4.7172e+01	 9.9761e-01
4.7201e+01	 1.0838e+00	 4.7201e+01	 9.9766e-01
4.7230e+01	 1.0837e+00	 4.7230e+01	 9.9772e-01
4.7259e+01	 1.0838e+00	 4.7259e+01	 9.9780e-01
4.7288e+01	 1.0837e+00	 4.7288e+01	 9.9789e-01
4.7317e+01	 1.0837e+00	 4.7317e+01	 9.9799e-01
4.7346e+01	 1.0837e+00	 4.7346e+01	 9.9810e-01
4.7375e+01	 1.0837e+00	 4.7375e+01	 9.9821e-01
4.7404e+01	 1.0838e+00	 4.7404e+01	 9.9834e-01
4.7433e+01	 1.0837e+00	 4.7433e+01	 9.9846e-01
4.7462e+01	 1.0838e+00	 4.7462e+01	 9.9860e-01
4.7491e+01	 1.0838e+00	 4.7491e+01	 9.9874e-01
4.7520e+01	 1.0839e+00	 4.7520e+01	 9.9888e-01
4.7549e+01	 1.0840e+00	 4.7549e+01	 9.9902e-01
4.7578e+01	 1.0841e+00	 4.7578e+01	 9.9916e-01
4.7607e+01	 1.0843e+00	 4.7607e+01	 9.9930e-01
4.7636e+01	 1.0843e+00	 4.7636e+01	 9.9942e-01
4.7665e+01	 1.0845e+00	 4.7665e+01	 9.9952e-01
4.7694e+01	 1.0846e+00	 4.7694e+01	 9.9962e-01
4.7723e+01	 1.0848e+00	 4.7723e+01	 9.9970e-01
4.7752e+01	 1.0849e+00	 4.7752e+01	 9.9976e-01
4.7781e+01	 1.0850e+00	 4.7781e+01	 9.9980e-01
4.7810e+01	 1.0853e+00	 4.7810e+01	 9.9982e-01
4.7839e+01	 1.0854e+00	 4.7839e+01	 9.9980e-01
4.7868e+01	 1.0857e+00	 4.7868e+01	 9.9977e-01
4.7897e+01	 1.0858e+00	 4.7897e+01	 9.9971e-01
4.7925e+01	 1.0861e+00	 4.7925e+01	 9.9964e-01
4.7955e+01	 1.0863e+00	 4.7955e+01	 9.9956e-01
4.7983e+01	 1.0865e+00	 4.7983e+01	 9.9947e-01
4.8013e+01	 1.0868e+00	 4.8013e+01	 9.9938e-01
4.8041e+01	 1.0869e+00	 4.8041e+01	 9.9928e-01
4.8071e+01	 1.0872e+00	 4.8071e+01	 9.9917e-01
4.8099e+01	 1.0873e+00	 4.8099e+01	 9.9906e-01
4.8128e+01	 1.0875e+00	 4.8128e+01	 9.9894e-01
4.8157e+01	 1.0877e+00	 4.8157e+01	 9.9882e-01
4.8186e+01	 1.0878e+00	 4.8186e+01	 9.9869e-01
4.8215e+01	 1.0881e+00	 4.8215e+01	 9.9856e-01
4.8244e+01	 1.0882e+00	 4.8244e+01	 9.9842e-01
4.8273e+01	 1.0884e+00	 4.8273e+01	 9.9829e-01
4.8302e+01	 1.0884e+00	 4.8302e+01	 9.9817e-01
4.8331e+01	 1.0886e+00	 4.8331e+01	 9.9805e-01
4.8360e+01	 1.0886e+00	 4.8360e+01	 9.9795e-01
4.8389e+01	 1.0887e+00	 4.8389e+01	 9.9786e-01
4.8418e+01	 1.0888e+00	 4.8418e+01	 9.9779e-01
4.8447e+01	 1.0887e+00	 4.8447e+01	 9.9773e-01
4.8476e+01	 1.0889e+00	 4.8476e+01	 9.9769e-01
4.8505e+01	 1.0888e+00	 4.8505e+01	 9.9765e-01
4.8534e+01	 1.0889e+00	 4.8534e+01	 9.9762e-01
4.8563e+01	 1.0889e+00	 4.8563e+01	 9.9760e-01
4.8592e+01	 1.0889e+00	 4.8592e+01	 9.9758e-01
4.8621e+01	 1.0890e+00	 4.8621e+01	 9.9757e-01
4.8650e+01	 1.0890e+00	 4.8650e+01	 9.9757e-01
4.8679e+01	 1.0891e+00	 4.8679e+01	 9.9758e-01
4.8708e+01	 1.0890e+00	 4.8708e+01	 9.9761e-01
4.8737e+01	 1.0891e+00	 4.8737e+01	 9.9763e-01
4.8766e+01	 1.0891e+00	 4.8766e+01	 9.9766e-01
4.8795e+01	 1.0892e+00	 4.8795e+01	 9.9770e-01
4.8824e+01	 1.0892e+00	 4.8824e+01	 9.9773e-01
4.8853e+01	 1.0892e+00	 4.8853e+01	 9.9778e-01
4.8882e+01	 1.0894e+00	 4.8882e+01	 9.9782e-01
4.8911e+01	 1.0893e+00	 4.8911e+01	 9.9786e-01
4.8940e+01	 1.0895e+00	 4.8940e+01	 9.9790e-01
4.8969e+01	 1.0895e+00	 4.8969e+01	 9.9794e-01
4.8998e+01	 1.0897e+00	 4.8998e+01	 9.9799e-01
4.9027e+01	 1.0898e+00	 4.9027e+01	 9.9803e-01
4.9056e+01	 1.0899e+00	 4.9056e+01	 9.9807e-01
4.9085e+01	 1.0901e+00	 4.9085e+01	 9.9813e-01
4.9114e+01	 1.0901e+00	 4.9114e+01	 9.9819e-01
4.9143e+01	 1.0904e+00	 4.9143e+01	 9.9824e-01
4.9172e+01	 1.0905e+00	 4.9172e+01	 9.9830e-01
4.9201e+01	 1.0906e+00	 4.9201e+01	 9.9835e-01
4.9230e+01	 1.0908e+00	 4.9230e+01	 9.9840e-01
4.9259e+01	 1.0909e+00	 4.9259e+01	 9.9844e-01
4.9288e+01	 1.0911e+00	 4.9288e+01	 9.9846e-01
4.9317e+01	 1.0911e+00	 4.9317e+01	 9.9848e-01
4.9346e+01	 1.0913e+00	 4.9346e+01	 9.9848e-01
4.9375e+01	 1.0914e+00	 4.9375e+01	 9.9846e-01
4.9404e+01	 1.0915e+00	 4.9404e+01	 9.9844e-01
4.9433e+01	 1.0916e+00	 4.9433e+01	 9.9840e-01
4.9462e+01	 1.0917e+00	 4.9462e+01	 9.9836e-01
4.9491e+01	 1.0919e+00	 4.9491e+01	 9.9830e-01
4.9520e+01	 1.0918e+00	 4.9520e+01	 9.9825e-01
4.9549e+01	 1.0921e+00	 4.9549e+01	 9.9820e-01
4.9578e+01	 1.0921e+00	 4.9578e+01	 9.9814e-01
4.9607e+01	 1.0922e+00	 4.9607e+01	 9.9809e-01
4.9636e+01	 1.0923e+00	 4.9636e+01	 9.9802e-01
4.9664e+01	 1.0924e+00	 4.9664e+01	 9.9796e-01
4.9693e+01	 1.0926e+00	 4.9693e+01	 9.9789e-01
4.9722e+01	 1.0926e+00	 4.9722e+01	 9.9783e-01
4.9751e+01	 1.0928e+00	 4.9751e+01	 9.9777e-01
4.9780e+01	 1.0929e+00	 4.9780e+01	 9.9770e-01
4.9809e+01	 1.0931e+00	 4.9809e+01	 9.9763e-01
4.9838e+01	 1.0934e+00	 4.9838e+01	 9.9756e-01
4.9867e+01	 1.0935e+00	 4.9867e+01	 9.9748e-01
4.9896e+01	 1.0938e+00	 4.9896e+01	 9.9740e-01
4.9925e+01	 1.0940e+00	 4.9925e+01	 9.9730e-01
4.9954e+01	 1.0943e+00	 4.9954e+01	 9.9719e-01
4.9983e+01	 1.0944e+00	 4.9983e+01	 9.9706e-01
5.0012e+01	 1.0948e+00	 5.0012e+01	 9.9692e-01
5.0041e+01	 1.0950e+00	 5.0041e+01	 9.9675e-01
5.0070e+01	 1.0952e+00	 5.0070e+01	 9.9658e-01
5.0099e+01	 1.0956e+00	 5.0099e+01	 9.9638e-01
5.0127e+01	 1.0957e+00	 5.0127e+01	 9.9617e-01
5.0156e+01	 1.0961e+00	 5.0156e+01	 9.9594e-01
5.0185e+01	 1.0962e+00	 5.0185e+01	 9.9571e-01
5.0214e+01	 1.0965e+00	 5.0214e+01	 9.9547e-01
5.0243e+01	 1.0967e+00	 5.0243e+01	 9.9522e-01
5.0272e+01	 1.0968e+00	 5.0272e+01	 9.9497e-01
5.0301e+01	 1.0970e+00	 5.0301e+01	 9.9474e-01
5.0330e+01	 1.0969e+00	 5.0330e+01	 9.9451e-01
5.0358e+01	 1.0970e+00	 5.0358e+01	 9.9429e-01
5.0387e+01	 1.0969e+00	 5.0387e+01	 9.9411e-01
5.0416e+01	 1.0969e+00	 5.0416e+01	 9.9394e-01
5.0445e+01	 1.0968e+00	 5.0445e+01	 9.9380e-01
5.0474e+01	 1.0967e+00	 5.0474e+01	 9.9369e-01
5.0503e+01	 1.0966e+00	 5.0503e+01	 9.9361e-01
5.0532e+01	 1.0963e+00	 5.0532e+01	 9.9356e-01
5.0560e+01	 1.0962e+00	 5.0560e+01	 9.9353e-01
5.0589e+01	 1.0959e+00	 5.0589e+01	 9.9352e-01
5.0618e+01	 1.0957e+00	 5.0618e+01	 9.9353e-01
5.0647e+01	 1.0954e+00	 5.0647e+01	 9.9356e-01
5.0676e+01	 1.0952e+00	 5.0676e+01	 9.9360e-01
5.0705e+01	 1.0949e+00	 5.0705e+01	 9.9364e-01
5.0733e+01	 1.0946e+00	 5.0733e+01	 9.9369e-01
5.0762e+01	 1.0944e+00	 5.0762e+01	 9.9375e-01
5.0791e+01	 1.0941e+00	 5.0791e+01	 9.9380e-01
5.0820e+01	 1.0940e+00	 5.0820e+01	 9.9385e-01
5.0849e+01	 1.0937e+00	 5.0849e+01	 9.9391e-01
5.0877e+01	 1.0936e+00	 5.0877e+01	 9.9397e-01
5.0906e+01	 1.0935e+00	 5.0906e+01	 9.9403e-01
5.0935e+01	 1.0933e+00	 5.0935e+01	 9.9409e-01
5.0964e+01	 1.0934e+00	 5.0964e+01	 9.9415e-01
5.0993e+01	 1.0932e+00	 5.0993e+01	 9.9421e-01
