B_4K	rho_4K	B_40K	rho_40K	B_80K	rho_80K	B_S1_30K	rho_S1_30K
23.051	 9.1183e-01	0.02002	1.0005	 2.0047e-02	 1.0002e+00	0.20022	 9.9503e-01
23.069	 9.1443e-01	0.020098	1.0005	 2.0126e-02	 1.0002e+00	0.20048	 9.9501e-01
23.088	 9.1684e-01	0.020178	1.0005	 2.0206e-02	 1.0002e+00	0.20074	 9.9502e-01
23.106	 9.1926e-01	0.020256	1.0005	 2.0287e-02	 1.0002e+00	0.201	 9.9501e-01
23.125	 9.2183e-01	0.020335	1.0005	 2.0367e-02	 1.0002e+00	0.20125	 9.9502e-01
23.143	 9.2408e-01	0.020414	1.0005	 2.0448e-02	 1.0001e+00	0.20151	 9.9504e-01
23.162	 9.2675e-01	0.020493	1.0005	 2.0528e-02	 1.0001e+00	0.20177	 9.9506e-01
23.181	 9.2898e-01	0.020572	1.0004	 2.0608e-02	 1.0001e+00	0.20203	 9.9510e-01
23.199	 9.3160e-01	0.020651	1.0004	 2.0689e-02	 1.0001e+00	0.20228	 9.9513e-01
23.218	 9.3397e-01	0.02073	1.0004	 2.0769e-02	 1.0001e+00	0.20254	 9.9519e-01
23.236	 9.3639e-01	0.02081	1.0004	 2.0850e-02	 1.0001e+00	0.2028	 9.9525e-01
23.255	 9.3891e-01	0.020889	1.0004	 2.0931e-02	 1.0000e+00	0.20306	 9.9534e-01
23.274	 9.4111e-01	0.020969	1.0004	 2.1012e-02	 1.0000e+00	0.20332	 9.9543e-01
23.293	 9.4369e-01	0.021049	1.0004	 2.1093e-02	 1.0000e+00	0.20358	 9.9553e-01
23.311	 9.4582e-01	0.021129	1.0003	 2.1174e-02	 9.9997e-01	0.20384	 9.9564e-01
23.33	 9.4832e-01	0.021208	1.0003	 2.1255e-02	 9.9996e-01	0.2041	 9.9575e-01
23.349	 9.5053e-01	0.021288	1.0003	 2.1336e-02	 9.9993e-01	0.20436	 9.9588e-01
23.367	 9.5282e-01	0.021368	1.0003	 2.1417e-02	 9.9992e-01	0.20462	 9.9600e-01
23.386	 9.5513e-01	0.021448	1.0003	 2.1499e-02	 9.9990e-01	0.20488	 9.9612e-01
23.405	 9.5717e-01	0.021528	1.0002	 2.1580e-02	 9.9989e-01	0.20514	 9.9624e-01
23.424	 9.5959e-01	0.021608	1.0002	 2.1662e-02	 9.9988e-01	0.20541	 9.9636e-01
23.442	 9.6155e-01	0.021687	1.0002	 2.1744e-02	 9.9987e-01	0.20567	 9.9648e-01
23.461	 9.6394e-01	0.021767	1.0002	 2.1826e-02	 9.9986e-01	0.20593	 9.9657e-01
23.48	 9.6598e-01	0.021848	1.0002	 2.1907e-02	 9.9986e-01	0.20619	 9.9667e-01
23.499	 9.6814e-01	0.021928	1.0002	 2.1989e-02	 9.9986e-01	0.20645	 9.9674e-01
23.517	 9.7029e-01	0.02201	1.0002	 2.2071e-02	 9.9986e-01	0.20672	 9.9681e-01
23.536	 9.7218e-01	0.02209	1.0002	 2.2153e-02	 9.9986e-01	0.20698	 9.9686e-01
23.555	 9.7442e-01	0.022171	1.0002	 2.2234e-02	 9.9986e-01	0.20724	 9.9689e-01
23.574	 9.7618e-01	0.022252	1.0003	 2.2316e-02	 9.9987e-01	0.2075	 9.9691e-01
23.593	 9.7835e-01	0.022333	1.0003	 2.2398e-02	 9.9988e-01	0.20777	 9.9691e-01
23.612	 9.8015e-01	0.022414	1.0003	 2.2480e-02	 9.9989e-01	0.20803	 9.9691e-01
23.631	 9.8208e-01	0.022495	1.0003	 2.2562e-02	 9.9991e-01	0.2083	 9.9689e-01
23.649	 9.8396e-01	0.022576	1.0003	 2.2645e-02	 9.9993e-01	0.20856	 9.9688e-01
23.668	 9.8560e-01	0.022657	1.0003	 2.2727e-02	 9.9995e-01	0.20883	 9.9685e-01
23.687	 9.8757e-01	0.022738	1.0003	 2.2809e-02	 9.9997e-01	0.20909	 9.9682e-01
23.706	 9.8906e-01	0.022819	1.0003	 2.2892e-02	 1.0000e+00	0.20936	 9.9679e-01
23.725	 9.9098e-01	0.0229	1.0003	 2.2974e-02	 1.0000e+00	0.20962	 9.9675e-01
23.744	 9.9250e-01	0.022982	1.0003	 2.3057e-02	 1.0001e+00	0.20989	 9.9672e-01
23.763	 9.9421e-01	0.023063	1.0003	 2.3140e-02	 1.0001e+00	0.21015	 9.9667e-01
23.782	 9.9586e-01	0.023144	1.0003	 2.3223e-02	 1.0001e+00	0.21042	 9.9664e-01
23.801	 9.9735e-01	0.023225	1.0003	 2.3305e-02	 1.0002e+00	0.21068	 9.9659e-01
23.82	 9.9917e-01	0.023306	1.0003	 2.3388e-02	 1.0002e+00	0.21095	 9.9655e-01
23.839	 1.0006e+00	0.023388	1.0003	 2.3471e-02	 1.0002e+00	0.21122	 9.9651e-01
23.858	 1.0025e+00	0.02347	1.0003	 2.3555e-02	 1.0002e+00	0.21149	 9.9646e-01
23.877	 1.0041e+00	0.023551	1.0003	 2.3638e-02	 1.0003e+00	0.21175	 9.9642e-01
23.896	 1.0059e+00	0.023633	1.0003	 2.3722e-02	 1.0003e+00	0.21202	 9.9636e-01
23.915	 1.0077e+00	0.023714	1.0002	 2.3805e-02	 1.0003e+00	0.21229	 9.9632e-01
23.934	 1.0093e+00	0.023797	1.0002	 2.3889e-02	 1.0003e+00	0.21256	 9.9626e-01
23.954	 1.0113e+00	0.023879	1.0002	 2.3972e-02	 1.0003e+00	0.21283	 9.9621e-01
23.973	 1.0129e+00	0.023962	1.0002	 2.4056e-02	 1.0003e+00	0.21309	 9.9615e-01
23.992	 1.0150e+00	0.024045	1.0002	 2.4140e-02	 1.0004e+00	0.21336	 9.9609e-01
24.011	 1.0167e+00	0.024127	1.0002	 2.4223e-02	 1.0004e+00	0.21363	 9.9604e-01
24.03	 1.0186e+00	0.02421	1.0002	 2.4307e-02	 1.0004e+00	0.2139	 9.9596e-01
24.049	 1.0204e+00	0.024293	1.0001	 2.4391e-02	 1.0004e+00	0.21417	 9.9591e-01
24.068	 1.0221e+00	0.024375	1.0001	 2.4475e-02	 1.0004e+00	0.21444	 9.9585e-01
24.088	 1.0241e+00	0.024458	1.0001	 2.4559e-02	 1.0004e+00	0.21471	 9.9579e-01
24.107	 1.0256e+00	0.024541	1.0001	 2.4643e-02	 1.0004e+00	0.21498	 9.9575e-01
24.126	 1.0277e+00	0.024624	1.0001	 2.4727e-02	 1.0003e+00	0.21525	 9.9570e-01
24.145	 1.0292e+00	0.024707	1.0001	 2.4812e-02	 1.0003e+00	0.21552	 9.9568e-01
24.165	 1.0311e+00	0.024789	1.0001	 2.4896e-02	 1.0003e+00	0.2158	 9.9565e-01
24.184	 1.0328e+00	0.024872	1.0	 2.4980e-02	 1.0003e+00	0.21607	 9.9564e-01
24.203	 1.0345e+00	0.024955	1.0	 2.5065e-02	 1.0003e+00	0.21634	 9.9563e-01
24.222	 1.0364e+00	0.025038	0.99997	 2.5149e-02	 1.0002e+00	0.21661	 9.9564e-01
24.241	 1.0379e+00	0.025121	0.99995	 2.5233e-02	 1.0002e+00	0.21688	 9.9565e-01
24.261	 1.0399e+00	0.025205	0.99993	 2.5318e-02	 1.0002e+00	0.21715	 9.9566e-01
24.28	 1.0414e+00	0.025289	0.9999	 2.5402e-02	 1.0002e+00	0.21743	 9.9569e-01
24.299	 1.0433e+00	0.025372	0.99989	 2.5487e-02	 1.0002e+00	0.2177	 9.9571e-01
24.319	 1.0449e+00	0.025455	0.99987	 2.5572e-02	 1.0002e+00	0.21797	 9.9574e-01
24.338	 1.0465e+00	0.025539	0.99986	 2.5656e-02	 1.0002e+00	0.21824	 9.9577e-01
24.358	 1.0483e+00	0.025623	0.99985	 2.5741e-02	 1.0002e+00	0.21852	 9.9581e-01
24.377	 1.0497e+00	0.025706	0.99984	 2.5826e-02	 1.0002e+00	0.21879	 9.9585e-01
24.396	 1.0516e+00	0.02579	0.99983	 2.5912e-02	 1.0002e+00	0.21907	 9.9588e-01
24.416	 1.0531e+00	0.025874	0.99982	 2.5997e-02	 1.0002e+00	0.21934	 9.9593e-01
24.435	 1.0549e+00	0.025958	0.99982	 2.6082e-02	 1.0002e+00	0.21962	 9.9596e-01
24.454	 1.0565e+00	0.026042	0.99981	 2.6167e-02	 1.0002e+00	0.21989	 9.9600e-01
24.474	 1.0582e+00	0.026127	0.9998	 2.6252e-02	 1.0002e+00	0.22016	 9.9602e-01
24.493	 1.0600e+00	0.026212	0.99978	 2.6337e-02	 1.0002e+00	0.22044	 9.9605e-01
24.513	 1.0615e+00	0.026296	0.99977	 2.6423e-02	 1.0002e+00	0.22071	 9.9606e-01
24.532	 1.0635e+00	0.026381	0.99976	 2.6508e-02	 1.0002e+00	0.22099	 9.9607e-01
24.552	 1.0649e+00	0.026465	0.99974	 2.6594e-02	 1.0003e+00	0.22127	 9.9608e-01
24.571	 1.0668e+00	0.02655	0.99974	 2.6680e-02	 1.0003e+00	0.22154	 9.9606e-01
24.591	 1.0683e+00	0.026634	0.99973	 2.6766e-02	 1.0003e+00	0.22182	 9.9605e-01
24.61	 1.0699e+00	0.026719	0.99974	 2.6852e-02	 1.0003e+00	0.2221	 9.9602e-01
24.63	 1.0716e+00	0.026803	0.99973	 2.6938e-02	 1.0004e+00	0.22237	 9.9599e-01
24.649	 1.0730e+00	0.026888	0.99974	 2.7024e-02	 1.0004e+00	0.22265	 9.9594e-01
24.669	 1.0747e+00	0.026973	0.99974	 2.7110e-02	 1.0004e+00	0.22293	 9.9590e-01
24.689	 1.0760e+00	0.027058	0.99975	 2.7197e-02	 1.0004e+00	0.22321	 9.9586e-01
24.708	 1.0777e+00	0.027142	0.99976	 2.7284e-02	 1.0004e+00	0.22349	 9.9581e-01
24.728	 1.0790e+00	0.027227	0.99977	 2.7370e-02	 1.0004e+00	0.22376	 9.9578e-01
24.747	 1.0804e+00	0.027312	0.99978	 2.7456e-02	 1.0004e+00	0.22404	 9.9574e-01
24.767	 1.0819e+00	0.027397	0.99979	 2.7543e-02	 1.0004e+00	0.22432	 9.9572e-01
24.787	 1.0832e+00	0.027482	0.9998	 2.7629e-02	 1.0004e+00	0.2246	 9.9570e-01
24.806	 1.0848e+00	0.027567	0.99981	 2.7716e-02	 1.0004e+00	0.22488	 9.9568e-01
24.826	 1.0860e+00	0.027653	0.99981	 2.7803e-02	 1.0003e+00	0.22516	 9.9567e-01
24.846	 1.0876e+00	0.027739	0.99983	 2.7890e-02	 1.0003e+00	0.22544	 9.9565e-01
24.865	 1.0888e+00	0.027824	0.99983	 2.7978e-02	 1.0003e+00	0.22572	 9.9566e-01
24.885	 1.0903e+00	0.027911	0.99986	 2.8065e-02	 1.0003e+00	0.226	 9.9564e-01
24.905	 1.0917e+00	0.027997	0.99988	 2.8153e-02	 1.0003e+00	0.22628	 9.9564e-01
24.924	 1.0930e+00	0.028083	0.99991	 2.8240e-02	 1.0003e+00	0.22656	 9.9563e-01
24.944	 1.0947e+00	0.028169	0.99993	 2.8328e-02	 1.0002e+00	0.22684	 9.9563e-01
24.964	 1.0959e+00	0.028255	0.99997	 2.8416e-02	 1.0002e+00	0.22713	 9.9562e-01
24.983	 1.0976e+00	0.028341	1.0	 2.8503e-02	 1.0002e+00	0.22741	 9.9561e-01
25.003	 1.0989e+00	0.028427	1.0	 2.8591e-02	 1.0002e+00	0.22769	 9.9562e-01
25.023	 1.1005e+00	0.028513	1.0001	 2.8678e-02	 1.0002e+00	0.22797	 9.9561e-01
25.043	 1.1020e+00	0.028599	1.0001	 2.8766e-02	 1.0001e+00	0.22826	 9.9562e-01
25.063	 1.1034e+00	0.028686	1.0001	 2.8855e-02	 1.0001e+00	0.22854	 9.9561e-01
25.082	 1.1051e+00	0.028771	1.0002	 2.8943e-02	 1.0001e+00	0.22882	 9.9561e-01
25.102	 1.1063e+00	0.028858	1.0002	 2.9031e-02	 1.0001e+00	0.2291	 9.9562e-01
25.122	 1.1080e+00	0.028945	1.0002	 2.9119e-02	 1.0001e+00	0.22939	 9.9562e-01
25.142	 1.1093e+00	0.029031	1.0003	 2.9207e-02	 1.0001e+00	0.22967	 9.9563e-01
25.162	 1.1108e+00	0.029118	1.0003	 2.9295e-02	 1.0000e+00	0.22996	 9.9564e-01
25.182	 1.1122e+00	0.029205	1.0003	 2.9384e-02	 1.0000e+00	0.23024	 9.9567e-01
25.202	 1.1136e+00	0.029293	1.0003	 2.9472e-02	 1.0000e+00	0.23053	 9.9569e-01
25.222	 1.1152e+00	0.029379	1.0003	 2.9561e-02	 9.9999e-01	0.23081	 9.9572e-01
25.241	 1.1163e+00	0.029466	1.0004	 2.9649e-02	 9.9997e-01	0.23109	 9.9575e-01
25.261	 1.1179e+00	0.029553	1.0004	 2.9738e-02	 9.9996e-01	0.23138	 9.9578e-01
25.281	 1.1191e+00	0.02964	1.0004	 2.9826e-02	 9.9995e-01	0.23167	 9.9583e-01
25.301	 1.1206e+00	0.029727	1.0004	 2.9915e-02	 9.9994e-01	0.23195	 9.9586e-01
25.321	 1.1219e+00	0.029814	1.0004	 3.0003e-02	 9.9993e-01	0.23224	 9.9590e-01
25.341	 1.1232e+00	0.029902	1.0004	 3.0092e-02	 9.9992e-01	0.23253	 9.9594e-01
25.361	 1.1248e+00	0.029989	1.0004	 3.0181e-02	 9.9991e-01	0.23281	 9.9598e-01
25.381	 1.1260e+00	0.030076	1.0004	 3.0271e-02	 9.9991e-01	0.2331	 9.9602e-01
25.401	 1.1276e+00	0.030163	1.0004	 3.0360e-02	 9.9991e-01	0.23339	 9.9605e-01
25.421	 1.1287e+00	0.030251	1.0004	 3.0448e-02	 9.9991e-01	0.23367	 9.9609e-01
25.441	 1.1303e+00	0.030339	1.0004	 3.0538e-02	 9.9992e-01	0.23396	 9.9610e-01
25.462	 1.1316e+00	0.030426	1.0003	 3.0627e-02	 9.9992e-01	0.23425	 9.9613e-01
25.482	 1.1329e+00	0.030515	1.0003	 3.0716e-02	 9.9994e-01	0.23454	 9.9613e-01
25.502	 1.1344e+00	0.030603	1.0002	 3.0806e-02	 9.9995e-01	0.23483	 9.9613e-01
25.522	 1.1355e+00	0.030691	1.0002	 3.0896e-02	 9.9996e-01	0.23512	 9.9612e-01
25.542	 1.1371e+00	0.030779	1.0002	 3.0985e-02	 9.9997e-01	0.23541	 9.9610e-01
25.562	 1.1381e+00	0.030868	1.0001	 3.1075e-02	 9.9998e-01	0.2357	 9.9609e-01
25.582	 1.1396e+00	0.030956	1.0001	 3.1164e-02	 1.0000e+00	0.23599	 9.9606e-01
25.602	 1.1407e+00	0.031044	1.0	 3.1254e-02	 1.0000e+00	0.23628	 9.9605e-01
25.622	 1.1419e+00	0.031132	0.99998	 3.1344e-02	 1.0000e+00	0.23657	 9.9601e-01
25.642	 1.1433e+00	0.031221	0.99993	 3.1434e-02	 1.0000e+00	0.23686	 9.9600e-01
25.663	 1.1443e+00	0.031309	0.99988	 3.1524e-02	 1.0000e+00	0.23715	 9.9598e-01
25.683	 1.1456e+00	0.031398	0.99983	 3.1614e-02	 1.0000e+00	0.23744	 9.9596e-01
25.703	 1.1465e+00	0.031486	0.99977	 3.1704e-02	 1.0000e+00	0.23773	 9.9596e-01
25.723	 1.1478e+00	0.031576	0.99974	 3.1795e-02	 1.0000e+00	0.23802	 9.9594e-01
25.744	 1.1487e+00	0.031665	0.99969	 3.1885e-02	 1.0000e+00	0.23831	 9.9594e-01
25.764	 1.1498e+00	0.031753	0.99966	 3.1976e-02	 1.0000e+00	0.23861	 9.9593e-01
25.784	 1.1510e+00	0.031842	0.99962	 3.2067e-02	 1.0000e+00	0.2389	 9.9593e-01
25.804	 1.1518e+00	0.031931	0.9996	 3.2157e-02	 1.0000e+00	0.23919	 9.9593e-01
25.825	 1.1530e+00	0.032021	0.99959	 3.2248e-02	 1.0001e+00	0.23949	 9.9592e-01
25.845	 1.1538e+00	0.03211	0.99957	 3.2339e-02	 1.0001e+00	0.23978	 9.9591e-01
25.865	 1.1550e+00	0.032199	0.99958	 3.2431e-02	 1.0001e+00	0.24007	 9.9590e-01
25.886	 1.1559e+00	0.032288	0.99959	 3.2522e-02	 1.0001e+00	0.24037	 9.9589e-01
25.906	 1.1570e+00	0.032378	0.99961	 3.2613e-02	 1.0001e+00	0.24066	 9.9588e-01
25.926	 1.1581e+00	0.032467	0.99964	 3.2704e-02	 1.0001e+00	0.24096	 9.9587e-01
25.947	 1.1590e+00	0.032556	0.99967	 3.2796e-02	 1.0001e+00	0.24125	 9.9587e-01
25.967	 1.1602e+00	0.032646	0.99972	 3.2887e-02	 1.0001e+00	0.24155	 9.9587e-01
25.987	 1.1610e+00	0.032736	0.99977	 3.2978e-02	 1.0001e+00	0.24184	 9.9588e-01
26.008	 1.1622e+00	0.032826	0.99983	 3.3069e-02	 1.0001e+00	0.24214	 9.9588e-01
26.028	 1.1631e+00	0.032916	0.99989	 3.3161e-02	 1.0001e+00	0.24243	 9.9590e-01
26.049	 1.1641e+00	0.033006	0.99996	 3.3252e-02	 1.0001e+00	0.24273	 9.9590e-01
26.069	 1.1651e+00	0.033096	1.0	 3.3344e-02	 1.0001e+00	0.24303	 9.9592e-01
26.09	 1.1659e+00	0.033186	1.0001	 3.3436e-02	 1.0001e+00	0.24332	 9.9593e-01
26.11	 1.1670e+00	0.033276	1.0001	 3.3528e-02	 1.0001e+00	0.24362	 9.9593e-01
26.13	 1.1675e+00	0.033366	1.0002	 3.3620e-02	 1.0001e+00	0.24392	 9.9594e-01
26.151	 1.1685e+00	0.033456	1.0002	 3.3712e-02	 1.0001e+00	0.24421	 9.9594e-01
26.171	 1.1691e+00	0.033547	1.0002	 3.3804e-02	 1.0001e+00	0.24451	 9.9594e-01
26.192	 1.1699e+00	0.033637	1.0003	 3.3897e-02	 1.0001e+00	0.24481	 9.9593e-01
26.212	 1.1706e+00	0.033728	1.0003	 3.3989e-02	 1.0001e+00	0.24511	 9.9593e-01
26.233	 1.1712e+00	0.033819	1.0002	 3.4081e-02	 1.0001e+00	0.24541	 9.9591e-01
26.253	 1.1721e+00	0.033911	1.0002	 3.4174e-02	 1.0001e+00	0.24571	 9.9590e-01
26.274	 1.1725e+00	0.034002	1.0002	 3.4266e-02	 1.0001e+00	0.246	 9.9589e-01
26.295	 1.1735e+00	0.034093	1.0002	 3.4359e-02	 1.0001e+00	0.2463	 9.9586e-01
26.315	 1.1741e+00	0.034185	1.0001	 3.4452e-02	 1.0001e+00	0.2466	 9.9585e-01
26.336	 1.1751e+00	0.034277	1.0001	 3.4544e-02	 1.0001e+00	0.2469	 9.9581e-01
26.357	 1.1760e+00	0.034368	1.0001	 3.4638e-02	 1.0001e+00	0.2472	 9.9579e-01
26.377	 1.1768e+00	0.03446	1.0	 3.4730e-02	 1.0001e+00	0.24751	 9.9576e-01
26.398	 1.1779e+00	0.034551	1.0	 3.4824e-02	 1.0001e+00	0.24781	 9.9573e-01
26.418	 1.1787e+00	0.034643	0.99996	 3.4917e-02	 1.0001e+00	0.24811	 9.9571e-01
26.439	 1.1800e+00	0.034735	0.99992	 3.5010e-02	 1.0001e+00	0.24841	 9.9567e-01
26.46	 1.1809e+00	0.034827	0.99988	 3.5103e-02	 1.0000e+00	0.24871	 9.9565e-01
26.48	 1.1821e+00	0.034919	0.99984	 3.5196e-02	 1.0000e+00	0.24901	 9.9561e-01
26.501	 1.1833e+00	0.035012	0.99981	 3.5290e-02	 1.0000e+00	0.24931	 9.9558e-01
26.522	 1.1844e+00	0.035105	0.99978	 3.5383e-02	 9.9999e-01	0.24962	 9.9554e-01
26.543	 1.1858e+00	0.035197	0.99975	 3.5477e-02	 9.9997e-01	0.24992	 9.9551e-01
26.563	 1.1868e+00	0.03529	0.99973	 3.5570e-02	 9.9996e-01	0.25022	 9.9549e-01
26.584	 1.1883e+00	0.035383	0.99972	 3.5664e-02	 9.9995e-01	0.25053	 9.9545e-01
26.605	 1.1893e+00	0.035476	0.99971	 3.5758e-02	 9.9993e-01	0.25083	 9.9544e-01
26.626	 1.1907e+00	0.035569	0.99971	 3.5852e-02	 9.9993e-01	0.25114	 9.9542e-01
26.646	 1.1919e+00	0.035663	0.99971	 3.5946e-02	 9.9992e-01	0.25144	 9.9542e-01
26.667	 1.1929e+00	0.035756	0.99972	 3.6040e-02	 9.9992e-01	0.25175	 9.9541e-01
26.688	 1.1942e+00	0.035849	0.99973	 3.6134e-02	 9.9992e-01	0.25205	 9.9541e-01
26.709	 1.1950e+00	0.035943	0.99974	 3.6228e-02	 9.9992e-01	0.25235	 9.9542e-01
26.73	 1.1962e+00	0.036036	0.99975	 3.6322e-02	 9.9993e-01	0.25266	 9.9543e-01
26.75	 1.1970e+00	0.036129	0.99974	 3.6417e-02	 9.9994e-01	0.25296	 9.9545e-01
26.771	 1.1980e+00	0.036222	0.99974	 3.6512e-02	 9.9996e-01	0.25327	 9.9547e-01
26.792	 1.1988e+00	0.036316	0.99973	 3.6607e-02	 9.9998e-01	0.25358	 9.9550e-01
26.813	 1.1995e+00	0.03641	0.99971	 3.6701e-02	 1.0000e+00	0.25388	 9.9552e-01
26.834	 1.2004e+00	0.036503	0.99969	 3.6796e-02	 1.0000e+00	0.25419	 9.9556e-01
26.855	 1.2009e+00	0.036597	0.99967	 3.6891e-02	 1.0001e+00	0.2545	 9.9559e-01
26.876	 1.2018e+00	0.036692	0.99965	 3.6986e-02	 1.0001e+00	0.25481	 9.9562e-01
26.897	 1.2023e+00	0.036787	0.99963	 3.7081e-02	 1.0001e+00	0.25511	 9.9566e-01
26.918	 1.2031e+00	0.036881	0.99962	 3.7177e-02	 1.0001e+00	0.25542	 9.9569e-01
26.939	 1.2037e+00	0.036975	0.99961	 3.7272e-02	 1.0002e+00	0.25573	 9.9573e-01
26.96	 1.2043e+00	0.037069	0.99961	 3.7367e-02	 1.0002e+00	0.25604	 9.9575e-01
26.981	 1.2051e+00	0.037163	0.99961	 3.7463e-02	 1.0002e+00	0.25634	 9.9578e-01
27.002	 1.2055e+00	0.037257	0.99962	 3.7559e-02	 1.0003e+00	0.25666	 9.9580e-01
27.023	 1.2064e+00	0.037352	0.99964	 3.7655e-02	 1.0003e+00	0.25696	 9.9581e-01
27.044	 1.2068e+00	0.037447	0.99966	 3.7751e-02	 1.0003e+00	0.25727	 9.9583e-01
27.065	 1.2076e+00	0.037541	0.9997	 3.7847e-02	 1.0004e+00	0.25758	 9.9583e-01
27.086	 1.2081e+00	0.037637	0.99973	 3.7944e-02	 1.0004e+00	0.25789	 9.9584e-01
27.107	 1.2087e+00	0.037732	0.99977	 3.8041e-02	 1.0004e+00	0.2582	 9.9582e-01
27.128	 1.2094e+00	0.037827	0.99981	 3.8136e-02	 1.0004e+00	0.25851	 9.9582e-01
27.149	 1.2098e+00	0.037922	0.99985	 3.8233e-02	 1.0004e+00	0.25883	 9.9581e-01
27.17	 1.2106e+00	0.038017	0.99989	 3.8329e-02	 1.0004e+00	0.25914	 9.9579e-01
27.191	 1.2110e+00	0.038113	0.99993	 3.8426e-02	 1.0004e+00	0.25945	 9.9579e-01
27.212	 1.2118e+00	0.038208	0.99998	 3.8523e-02	 1.0004e+00	0.25976	 9.9576e-01
27.234	 1.2123e+00	0.038303	1.0	 3.8620e-02	 1.0004e+00	0.26007	 9.9575e-01
27.255	 1.2129e+00	0.038398	1.0001	 3.8716e-02	 1.0004e+00	0.26038	 9.9573e-01
27.276	 1.2135e+00	0.038494	1.0001	 3.8813e-02	 1.0004e+00	0.2607	 9.9572e-01
27.297	 1.2139e+00	0.03859	1.0001	 3.8911e-02	 1.0004e+00	0.26101	 9.9570e-01
27.318	 1.2147e+00	0.038686	1.0002	 3.9007e-02	 1.0004e+00	0.26132	 9.9568e-01
27.34	 1.2150e+00	0.038782	1.0002	 3.9105e-02	 1.0004e+00	0.26164	 9.9566e-01
27.361	 1.2159e+00	0.038878	1.0002	 3.9202e-02	 1.0004e+00	0.26195	 9.9563e-01
27.382	 1.2163e+00	0.038975	1.0002	 3.9299e-02	 1.0004e+00	0.26226	 9.9562e-01
27.403	 1.2169e+00	0.039071	1.0003	 3.9397e-02	 1.0004e+00	0.26258	 9.9558e-01
27.424	 1.2175e+00	0.039168	1.0003	 3.9495e-02	 1.0004e+00	0.26289	 9.9556e-01
27.446	 1.2179e+00	0.039264	1.0003	 3.9592e-02	 1.0003e+00	0.26321	 9.9552e-01
27.467	 1.2187e+00	0.03936	1.0003	 3.9690e-02	 1.0003e+00	0.26352	 9.9549e-01
27.488	 1.2190e+00	0.039456	1.0003	 3.9788e-02	 1.0003e+00	0.26384	 9.9546e-01
27.51	 1.2199e+00	0.039553	1.0003	 3.9887e-02	 1.0003e+00	0.26415	 9.9542e-01
27.531	 1.2203e+00	0.039649	1.0003	 3.9985e-02	 1.0003e+00	0.26447	 9.9541e-01
27.552	 1.2210e+00	0.039746	1.0003	 4.0083e-02	 1.0003e+00	0.26478	 9.9538e-01
27.574	 1.2217e+00	0.039843	1.0003	 4.0181e-02	 1.0003e+00	0.2651	 9.9537e-01
27.595	 1.2223e+00	0.039939	1.0003	 4.0280e-02	 1.0003e+00	0.26542	 9.9537e-01
27.616	 1.2232e+00	0.040036	1.0003	 4.0379e-02	 1.0003e+00	0.26573	 9.9537e-01
27.638	 1.2237e+00	0.040133	1.0003	 4.0477e-02	 1.0003e+00	0.26605	 9.9539e-01
27.659	 1.2248e+00	0.04023	1.0004	 4.0576e-02	 1.0003e+00	0.26637	 9.9541e-01
27.681	 1.2254e+00	0.040327	1.0003	 4.0674e-02	 1.0003e+00	0.26669	 9.9545e-01
27.702	 1.2264e+00	0.040425	1.0004	 4.0773e-02	 1.0003e+00	0.26701	 9.9548e-01
27.724	 1.2272e+00	0.040522	1.0003	 4.0872e-02	 1.0003e+00	0.26733	 9.9552e-01
27.745	 1.2280e+00	0.04062	1.0004	 4.0972e-02	 1.0003e+00	0.26765	 9.9556e-01
27.766	 1.2291e+00	0.040718	1.0004	 4.1071e-02	 1.0003e+00	0.26796	 9.9561e-01
27.788	 1.2297e+00	0.040815	1.0003	 4.1170e-02	 1.0002e+00	0.26828	 9.9566e-01
27.809	 1.2309e+00	0.040913	1.0003	 4.1270e-02	 1.0002e+00	0.2686	 9.9571e-01
27.831	 1.2316e+00	0.041012	1.0003	 4.1369e-02	 1.0002e+00	0.26893	 9.9576e-01
27.852	 1.2326e+00	0.04111	1.0003	 4.1469e-02	 1.0002e+00	0.26925	 9.9580e-01
27.874	 1.2334e+00	0.041209	1.0003	 4.1568e-02	 1.0002e+00	0.26957	 9.9585e-01
27.895	 1.2341e+00	0.041307	1.0003	 4.1668e-02	 1.0002e+00	0.26989	 9.9589e-01
27.917	 1.2351e+00	0.041405	1.0003	 4.1767e-02	 1.0001e+00	0.27021	 9.9592e-01
27.939	 1.2357e+00	0.041503	1.0002	 4.1867e-02	 1.0001e+00	0.27053	 9.9595e-01
27.96	 1.2367e+00	0.041602	1.0002	 4.1967e-02	 1.0001e+00	0.27085	 9.9597e-01
27.982	 1.2372e+00	0.041701	1.0002	 4.2067e-02	 1.0001e+00	0.27118	 9.9599e-01
28.003	 1.2380e+00	0.0418	1.0002	 4.2167e-02	 1.0001e+00	0.2715	 9.9599e-01
28.025	 1.2385e+00	0.041899	1.0001	 4.2268e-02	 1.0001e+00	0.27182	 9.9599e-01
28.047	 1.2390e+00	0.041998	1.0001	 4.2369e-02	 1.0000e+00	0.27215	 9.9597e-01
28.068	 1.2397e+00	0.042097	1.0001	 4.2468e-02	 1.0000e+00	0.27247	 9.9595e-01
28.09	 1.2401e+00	0.042195	1.0001	 4.2568e-02	 1.0000e+00	0.27279	 9.9592e-01
28.111	 1.2408e+00	0.042295	1.0001	 4.2668e-02	 1.0000e+00	0.27312	 9.9588e-01
28.133	 1.2411e+00	0.042394	1.0001	 4.2769e-02	 1.0000e+00	0.27344	 9.9584e-01
28.155	 1.2418e+00	0.042494	1.0001	 4.2869e-02	 1.0000e+00	0.27377	 9.9579e-01
28.177	 1.2422e+00	0.042594	1.0001	 4.2970e-02	 1.0000e+00	0.27409	 9.9575e-01
28.198	 1.2427e+00	0.042692	1.0001	 4.3071e-02	 1.0000e+00	0.27442	 9.9570e-01
28.22	 1.2433e+00	0.042792	1.0001	 4.3172e-02	 1.0000e+00	0.27474	 9.9566e-01
28.242	 1.2435e+00	0.042892	1.0002	 4.3272e-02	 1.0000e+00	0.27507	 9.9561e-01
28.264	 1.2443e+00	0.042992	1.0002	 4.3373e-02	 1.0000e+00	0.27539	 9.9556e-01
28.285	 1.2445e+00	0.043092	1.0002	 4.3474e-02	 1.0000e+00	0.27572	 9.9553e-01
28.307	 1.2451e+00	0.043193	1.0003	 4.3576e-02	 1.0000e+00	0.27605	 9.9547e-01
28.329	 1.2455e+00	0.043293	1.0003	 4.3678e-02	 1.0000e+00	0.27637	 9.9544e-01
28.351	 1.2459e+00	0.043393	1.0004	 4.3779e-02	 1.0000e+00	0.2767	 9.9539e-01
28.372	 1.2465e+00	0.043493	1.0004	 4.3881e-02	 1.0000e+00	0.27703	 9.9535e-01
28.394	 1.2467e+00	0.043593	1.0005	 4.3983e-02	 1.0000e+00	0.27736	 9.9531e-01
28.416	 1.2474e+00	0.043693	1.0005	 4.4084e-02	 1.0001e+00	0.27769	 9.9527e-01
28.438	 1.2477e+00	0.043794	1.0005	 4.4186e-02	 1.0001e+00	0.27802	 9.9524e-01
28.46	 1.2483e+00	0.043894	1.0006	 4.4289e-02	 1.0001e+00	0.27835	 9.9519e-01
28.482	 1.2486e+00	0.043995	1.0006	 4.4391e-02	 1.0001e+00	0.27868	 9.9517e-01
28.504	 1.2490e+00	0.044096	1.0006	 4.4494e-02	 1.0002e+00	0.27901	 9.9513e-01
28.526	 1.2496e+00	0.044197	1.0006	 4.4596e-02	 1.0002e+00	0.27933	 9.9511e-01
28.547	 1.2499e+00	0.044297	1.0006	 4.4699e-02	 1.0002e+00	0.27966	 9.9509e-01
28.569	 1.2506e+00	0.044399	1.0006	 4.4802e-02	 1.0002e+00	0.27999	 9.9507e-01
28.591	 1.2508e+00	0.0445	1.0006	 4.4905e-02	 1.0003e+00	0.28032	 9.9506e-01
28.613	 1.2515e+00	0.044601	1.0006	 4.5008e-02	 1.0003e+00	0.28066	 9.9505e-01
28.635	 1.2519e+00	0.044702	1.0005	 4.5110e-02	 1.0003e+00	0.28099	 9.9506e-01
28.657	 1.2524e+00	0.044804	1.0005	 4.5214e-02	 1.0003e+00	0.28132	 9.9505e-01
28.679	 1.2530e+00	0.044906	1.0005	 4.5317e-02	 1.0003e+00	0.28165	 9.9507e-01
28.701	 1.2534e+00	0.045007	1.0004	 4.5421e-02	 1.0003e+00	0.28198	 9.9507e-01
28.723	 1.2543e+00	0.045108	1.0004	 4.5525e-02	 1.0004e+00	0.28232	 9.9508e-01
28.745	 1.2546e+00	0.04521	1.0004	 4.5628e-02	 1.0004e+00	0.28265	 9.9509e-01
28.767	 1.2555e+00	0.045312	1.0004	 4.5732e-02	 1.0004e+00	0.28298	 9.9509e-01
28.789	 1.2559e+00	0.045414	1.0003	 4.5835e-02	 1.0004e+00	0.28332	 9.9510e-01
28.811	 1.2566e+00	0.045516	1.0003	 4.5939e-02	 1.0004e+00	0.28365	 9.9510e-01
28.834	 1.2572e+00	0.045618	1.0003	 4.6043e-02	 1.0003e+00	0.28399	 9.9511e-01
28.856	 1.2577e+00	0.04572	1.0003	 4.6146e-02	 1.0003e+00	0.28432	 9.9511e-01
28.878	 1.2585e+00	0.045823	1.0002	 4.6250e-02	 1.0003e+00	0.28466	 9.9513e-01
28.9	 1.2589e+00	0.045925	1.0002	 4.6354e-02	 1.0003e+00	0.28499	 9.9515e-01
28.922	 1.2597e+00	0.046027	1.0002	 4.6458e-02	 1.0003e+00	0.28533	 9.9516e-01
28.944	 1.2600e+00	0.04613	1.0001	 4.6563e-02	 1.0003e+00	0.28566	 9.9520e-01
28.966	 1.2606e+00	0.046232	1.0001	 4.6667e-02	 1.0003e+00	0.286	 9.9522e-01
28.988	 1.2612e+00	0.046335	1.0001	 4.6772e-02	 1.0003e+00	0.28634	 9.9526e-01
29.011	 1.2616e+00	0.046437	1.0001	 4.6877e-02	 1.0003e+00	0.28667	 9.9529e-01
29.033	 1.2623e+00	0.04654	1.0	 4.6981e-02	 1.0003e+00	0.28701	 9.9533e-01
29.055	 1.2625e+00	0.046643	1.0	 4.7086e-02	 1.0003e+00	0.28735	 9.9538e-01
29.077	 1.2633e+00	0.046747	0.99997	 4.7191e-02	 1.0003e+00	0.28769	 9.9541e-01
29.099	 1.2636e+00	0.04685	0.99994	 4.7296e-02	 1.0002e+00	0.28802	 9.9546e-01
29.122	 1.2642e+00	0.046954	0.99993	 4.7401e-02	 1.0002e+00	0.28836	 9.9548e-01
29.144	 1.2647e+00	0.047058	0.99991	 4.7506e-02	 1.0002e+00	0.2887	 9.9552e-01
29.166	 1.2652e+00	0.047161	0.9999	 4.7611e-02	 1.0002e+00	0.28904	 9.9555e-01
29.189	 1.2659e+00	0.047265	0.99989	 4.7717e-02	 1.0002e+00	0.28938	 9.9558e-01
29.211	 1.2662e+00	0.047369	0.99989	 4.7822e-02	 1.0002e+00	0.28972	 9.9561e-01
29.233	 1.2670e+00	0.047472	0.99989	 4.7928e-02	 1.0002e+00	0.29006	 9.9563e-01
29.256	 1.2673e+00	0.047576	0.99989	 4.8033e-02	 1.0002e+00	0.2904	 9.9566e-01
29.278	 1.2679e+00	0.047681	0.99991	 4.8139e-02	 1.0001e+00	0.29074	 9.9568e-01
29.3	 1.2685e+00	0.047785	0.99992	 4.8245e-02	 1.0001e+00	0.29108	 9.9571e-01
29.323	 1.2689e+00	0.047891	0.99994	 4.8350e-02	 1.0001e+00	0.29142	 9.9572e-01
29.345	 1.2697e+00	0.047995	0.99996	 4.8457e-02	 1.0001e+00	0.29176	 9.9574e-01
29.367	 1.2700e+00	0.0481	0.99998	 4.8564e-02	 1.0000e+00	0.29211	 9.9576e-01
29.39	 1.2709e+00	0.048204	1.0	 4.8670e-02	 1.0000e+00	0.29245	 9.9576e-01
29.412	 1.2712e+00	0.048309	1.0	 4.8776e-02	 9.9998e-01	0.29279	 9.9578e-01
29.434	 1.2719e+00	0.048413	1.0001	 4.8883e-02	 9.9996e-01	0.29313	 9.9577e-01
29.457	 1.2725e+00	0.048518	1.0001	 4.8989e-02	 9.9993e-01	0.29348	 9.9579e-01
29.479	 1.2730e+00	0.048623	1.0001	 4.9095e-02	 9.9991e-01	0.29382	 9.9578e-01
29.502	 1.2738e+00	0.048728	1.0001	 4.9203e-02	 9.9988e-01	0.29416	 9.9578e-01
29.524	 1.2741e+00	0.048834	1.0002	 4.9309e-02	 9.9986e-01	0.29451	 9.9579e-01
29.547	 1.2748e+00	0.048939	1.0002	 4.9417e-02	 9.9984e-01	0.29485	 9.9579e-01
29.569	 1.2750e+00	0.049044	1.0002	 4.9524e-02	 9.9982e-01	0.2952	 9.9580e-01
29.592	 1.2756e+00	0.04915	1.0002	 4.9631e-02	 9.9980e-01	0.29554	 9.9580e-01
29.614	 1.2759e+00	0.049256	1.0003	 4.9739e-02	 9.9978e-01	0.29589	 9.9582e-01
29.637	 1.2763e+00	0.049361	1.0003	 4.9846e-02	 9.9977e-01	0.29623	 9.9581e-01
29.66	 1.2767e+00	0.049467	1.0003	 4.9953e-02	 9.9976e-01	0.29658	 9.9582e-01
29.682	 1.2768e+00	0.049573	1.0003	 5.0061e-02	 9.9975e-01	0.29693	 9.9582e-01
29.705	 1.2773e+00	0.049679	1.0004	 5.0168e-02	 9.9975e-01	0.29727	 9.9582e-01
29.727	 1.2773e+00	0.049785	1.0004	 5.0276e-02	 9.9975e-01	0.29762	 9.9582e-01
29.75	 1.2776e+00	0.049891	1.0004	 5.0384e-02	 9.9976e-01	0.29797	 9.9580e-01
29.773	 1.2778e+00	0.049997	1.0005	 5.0492e-02	 9.9977e-01	0.29831	 9.9580e-01
29.795	 1.2779e+00	0.050103	1.0005	 5.0600e-02	 9.9979e-01	0.29866	 9.9578e-01
29.818	 1.2783e+00	0.05021	1.0005	 5.0707e-02	 9.9980e-01	0.29901	 9.9576e-01
29.84	 1.2782e+00	0.050317	1.0005	 5.0814e-02	 9.9982e-01	0.29936	 9.9574e-01
29.863	 1.2786e+00	0.050423	1.0006	 5.0922e-02	 9.9985e-01	0.2997	 9.9571e-01
29.886	 1.2785e+00	0.05053	1.0006	 5.1029e-02	 9.9988e-01	0.30006	 9.9570e-01
29.908	 1.2788e+00	0.050636	1.0006	 5.1138e-02	 9.9991e-01	0.3004	 9.9567e-01
29.931	 1.2788e+00	0.050743	1.0007	 5.1245e-02	 9.9994e-01	0.30075	 9.9565e-01
29.954	 1.2788e+00	0.05085	1.0007	 5.1354e-02	 9.9997e-01	0.3011	 9.9562e-01
29.977	 1.2790e+00	0.050957	1.0007	 5.1463e-02	 1.0000e+00	0.30145	 9.9561e-01
29.999	 1.2788e+00	0.051064	1.0007	 5.1572e-02	 1.0000e+00	0.3018	 9.9559e-01
30.022	 1.2791e+00	0.051171	1.0008	 5.1680e-02	 1.0001e+00	0.30216	 9.9558e-01
30.045	 1.2788e+00	0.051278	1.0008	 5.1790e-02	 1.0001e+00	0.30251	 9.9558e-01
30.068	 1.2790e+00	0.051385	1.0008	 5.1899e-02	 1.0001e+00	0.30286	 9.9558e-01
30.09	 1.2789e+00	0.051492	1.0008	 5.2008e-02	 1.0002e+00	0.30321	 9.9560e-01
30.113	 1.2790e+00	0.051599	1.0008	 5.2117e-02	 1.0002e+00	0.30356	 9.9560e-01
30.136	 1.2792e+00	0.051707	1.0009	 5.2226e-02	 1.0002e+00	0.30392	 9.9563e-01
30.159	 1.2792e+00	0.051814	1.0009	 5.2335e-02	 1.0002e+00	0.30427	 9.9565e-01
30.182	 1.2796e+00	0.051922	1.0009	 5.2445e-02	 1.0002e+00	0.30462	 9.9567e-01
30.204	 1.2796e+00	0.05203	1.0009	 5.2554e-02	 1.0003e+00	0.30498	 9.9570e-01
30.227	 1.2801e+00	0.052139	1.0009	 5.2664e-02	 1.0003e+00	0.30533	 9.9572e-01
30.25	 1.2802e+00	0.052248	1.0009	 5.2773e-02	 1.0003e+00	0.30569	 9.9576e-01
30.273	 1.2807e+00	0.052356	1.0009	 5.2883e-02	 1.0003e+00	0.30604	 9.9577e-01
30.296	 1.2812e+00	0.052465	1.0009	 5.2994e-02	 1.0003e+00	0.3064	 9.9580e-01
30.319	 1.2815e+00	0.052574	1.0008	 5.3104e-02	 1.0003e+00	0.30675	 9.9581e-01
30.342	 1.2823e+00	0.052682	1.0008	 5.3214e-02	 1.0003e+00	0.30711	 9.9582e-01
30.365	 1.2825e+00	0.052791	1.0008	 5.3325e-02	 1.0003e+00	0.30746	 9.9584e-01
30.388	 1.2834e+00	0.0529	1.0007	 5.3436e-02	 1.0003e+00	0.30782	 9.9584e-01
30.411	 1.2838e+00	0.053008	1.0006	 5.3547e-02	 1.0003e+00	0.30818	 9.9585e-01
30.434	 1.2845e+00	0.053118	1.0006	 5.3657e-02	 1.0003e+00	0.30854	 9.9584e-01
30.457	 1.2852e+00	0.053227	1.0005	 5.3768e-02	 1.0003e+00	0.30889	 9.9585e-01
30.48	 1.2858e+00	0.053337	1.0005	 5.3879e-02	 1.0003e+00	0.30925	 9.9585e-01
30.503	 1.2867e+00	0.053446	1.0004	 5.3990e-02	 1.0003e+00	0.30961	 9.9585e-01
30.526	 1.2870e+00	0.053555	1.0003	 5.4101e-02	 1.0003e+00	0.30997	 9.9585e-01
30.549	 1.2880e+00	0.053665	1.0003	 5.4212e-02	 1.0003e+00	0.31033	 9.9584e-01
30.572	 1.2884e+00	0.053775	1.0002	 5.4324e-02	 1.0003e+00	0.31069	 9.9584e-01
30.595	 1.2892e+00	0.053884	1.0001	 5.4436e-02	 1.0003e+00	0.31105	 9.9582e-01
30.618	 1.2899e+00	0.053994	1.0001	 5.4547e-02	 1.0003e+00	0.3114	 9.9582e-01
30.641	 1.2904e+00	0.054104	1.0	 5.4658e-02	 1.0003e+00	0.31177	 9.9580e-01
30.664	 1.2912e+00	0.054214	0.99996	 5.4770e-02	 1.0003e+00	0.31213	 9.9579e-01
30.687	 1.2915e+00	0.054325	0.99991	 5.4883e-02	 1.0003e+00	0.31249	 9.9578e-01
30.71	 1.2923e+00	0.054434	0.99987	 5.4994e-02	 1.0002e+00	0.31285	 9.9576e-01
30.734	 1.2926e+00	0.054545	0.99983	 5.5107e-02	 1.0002e+00	0.31321	 9.9575e-01
30.757	 1.2933e+00	0.054655	0.99981	 5.5219e-02	 1.0002e+00	0.31357	 9.9572e-01
30.78	 1.2937e+00	0.054766	0.99978	 5.5331e-02	 1.0002e+00	0.31393	 9.9571e-01
30.803	 1.2941e+00	0.054877	0.99977	 5.5444e-02	 1.0002e+00	0.3143	 9.9569e-01
30.826	 1.2947e+00	0.054988	0.99976	 5.5556e-02	 1.0002e+00	0.31466	 9.9568e-01
30.85	 1.2948e+00	0.055098	0.99976	 5.5669e-02	 1.0002e+00	0.31502	 9.9567e-01
30.873	 1.2955e+00	0.055209	0.99978	 5.5783e-02	 1.0002e+00	0.31539	 9.9566e-01
30.896	 1.2957e+00	0.055319	0.99979	 5.5895e-02	 1.0002e+00	0.31575	 9.9567e-01
30.919	 1.2963e+00	0.055431	0.99981	 5.6008e-02	 1.0002e+00	0.31611	 9.9566e-01
30.942	 1.2967e+00	0.055542	0.99982	 5.6121e-02	 1.0002e+00	0.31648	 9.9567e-01
30.966	 1.2971e+00	0.055654	0.99985	 5.6234e-02	 1.0002e+00	0.31684	 9.9568e-01
30.989	 1.2976e+00	0.055766	0.99987	 5.6348e-02	 1.0002e+00	0.31721	 9.9569e-01
31.012	 1.2978e+00	0.055877	0.99989	 5.6462e-02	 1.0002e+00	0.31757	 9.9570e-01
31.036	 1.2984e+00	0.055989	0.99992	 5.6576e-02	 1.0002e+00	0.31794	 9.9571e-01
31.059	 1.2986e+00	0.056101	0.99994	 5.6689e-02	 1.0002e+00	0.31831	 9.9574e-01
31.082	 1.2992e+00	0.056213	0.99998	 5.6803e-02	 1.0002e+00	0.31867	 9.9574e-01
31.106	 1.2996e+00	0.056325	1.0	 5.6916e-02	 1.0002e+00	0.31904	 9.9577e-01
31.129	 1.2999e+00	0.056437	1.0	 5.7031e-02	 1.0002e+00	0.31941	 9.9578e-01
31.152	 1.3005e+00	0.056549	1.0001	 5.7145e-02	 1.0002e+00	0.31977	 9.9580e-01
31.176	 1.3006e+00	0.056662	1.0001	 5.7258e-02	 1.0002e+00	0.32014	 9.9582e-01
31.199	 1.3013e+00	0.056774	1.0001	 5.7372e-02	 1.0002e+00	0.32051	 9.9584e-01
31.223	 1.3015e+00	0.056887	1.0002	 5.7486e-02	 1.0001e+00	0.32088	 9.9586e-01
31.246	 1.3021e+00	0.057	1.0002	 5.7601e-02	 1.0001e+00	0.32125	 9.9587e-01
31.269	 1.3025e+00	0.057113	1.0002	 5.7715e-02	 1.0001e+00	0.32162	 9.9590e-01
31.293	 1.3029e+00	0.057226	1.0003	 5.7829e-02	 1.0001e+00	0.32199	 9.9592e-01
31.316	 1.3034e+00	0.057339	1.0003	 5.7943e-02	 1.0001e+00	0.32236	 9.9595e-01
31.34	 1.3036e+00	0.057452	1.0003	 5.8058e-02	 1.0001e+00	0.32273	 9.9597e-01
31.363	 1.3043e+00	0.057565	1.0004	 5.8173e-02	 1.0001e+00	0.3231	 9.9600e-01
31.387	 1.3045e+00	0.057679	1.0004	 5.8288e-02	 1.0001e+00	0.32347	 9.9604e-01
31.41	 1.3052e+00	0.057793	1.0004	 5.8403e-02	 1.0000e+00	0.32384	 9.9606e-01
31.434	 1.3056e+00	0.057907	1.0004	 5.8519e-02	 1.0000e+00	0.32421	 9.9610e-01
31.457	 1.3060e+00	0.058021	1.0004	 5.8634e-02	 9.9999e-01	0.32459	 9.9612e-01
31.481	 1.3066e+00	0.058135	1.0004	 5.8749e-02	 9.9996e-01	0.32496	 9.9615e-01
31.504	 1.3068e+00	0.058249	1.0004	 5.8865e-02	 9.9993e-01	0.32533	 9.9617e-01
31.528	 1.3075e+00	0.058364	1.0004	 5.8980e-02	 9.9990e-01	0.32571	 9.9619e-01
31.552	 1.3076e+00	0.058479	1.0004	 5.9096e-02	 9.9987e-01	0.32608	 9.9621e-01
31.575	 1.3082e+00	0.058593	1.0004	 5.9212e-02	 9.9984e-01	0.32645	 9.9621e-01
31.599	 1.3084e+00	0.058708	1.0004	 5.9327e-02	 9.9981e-01	0.32683	 9.9622e-01
31.622	 1.3087e+00	0.058823	1.0004	 5.9444e-02	 9.9978e-01	0.3272	 9.9621e-01
31.646	 1.3091e+00	0.058938	1.0004	 5.9560e-02	 9.9975e-01	0.32758	 9.9621e-01
31.67	 1.3092e+00	0.059053	1.0004	 5.9677e-02	 9.9973e-01	0.32795	 9.9619e-01
31.693	 1.3097e+00	0.059168	1.0004	 5.9793e-02	 9.9971e-01	0.32833	 9.9618e-01
31.717	 1.3097e+00	0.059283	1.0004	 5.9909e-02	 9.9969e-01	0.32871	 9.9617e-01
31.741	 1.3103e+00	0.059399	1.0004	 6.0026e-02	 9.9968e-01	0.32908	 9.9614e-01
31.764	 1.3105e+00	0.059514	1.0004	 6.0142e-02	 9.9967e-01	0.32946	 9.9614e-01
31.788	 1.3108e+00	0.059629	1.0004	 6.0260e-02	 9.9967e-01	0.32984	 9.9611e-01
31.812	 1.3112e+00	0.059745	1.0004	 6.0376e-02	 9.9967e-01	0.33021	 9.9610e-01
31.835	 1.3113e+00	0.05986	1.0004	 6.0493e-02	 9.9968e-01	0.33059	 9.9607e-01
31.859	 1.3119e+00	0.059976	1.0004	 6.0610e-02	 9.9969e-01	0.33097	 9.9606e-01
31.883	 1.3120e+00	0.060092	1.0004	 6.0727e-02	 9.9970e-01	0.33135	 9.9605e-01
31.907	 1.3126e+00	0.060208	1.0004	 6.0845e-02	 9.9972e-01	0.33173	 9.9603e-01
31.93	 1.3128e+00	0.060324	1.0004	 6.0962e-02	 9.9973e-01	0.33211	 9.9603e-01
31.954	 1.3132e+00	0.06044	1.0004	 6.1079e-02	 9.9975e-01	0.33248	 9.9601e-01
31.978	 1.3136e+00	0.060555	1.0004	 6.1197e-02	 9.9977e-01	0.33287	 9.9602e-01
32.002	 1.3138e+00	0.060672	1.0004	 6.1315e-02	 9.9979e-01	0.33325	 9.9601e-01
32.026	 1.3145e+00	0.060788	1.0004	 6.1433e-02	 9.9981e-01	0.33363	 9.9601e-01
32.05	 1.3146e+00	0.060905	1.0003	 6.1551e-02	 9.9983e-01	0.33401	 9.9602e-01
32.073	 1.3153e+00	0.061021	1.0003	 6.1669e-02	 9.9986e-01	0.33439	 9.9602e-01
32.097	 1.3155e+00	0.061138	1.0003	 6.1787e-02	 9.9988e-01	0.33477	 9.9603e-01
32.121	 1.3160e+00	0.061254	1.0003	 6.1906e-02	 9.9990e-01	0.33515	 9.9602e-01
32.145	 1.3163e+00	0.06137	1.0002	 6.2025e-02	 9.9992e-01	0.33553	 9.9602e-01
32.169	 1.3165e+00	0.061487	1.0002	 6.2143e-02	 9.9994e-01	0.33592	 9.9601e-01
32.193	 1.3171e+00	0.061604	1.0001	 6.2261e-02	 9.9996e-01	0.3363	 9.9601e-01
32.217	 1.3171e+00	0.061721	1.0	 6.2380e-02	 9.9997e-01	0.33668	 9.9600e-01
32.241	 1.3177e+00	0.061839	0.99999	 6.2499e-02	 9.9999e-01	0.33707	 9.9598e-01
32.265	 1.3177e+00	0.061956	0.99993	 6.2618e-02	 1.0000e+00	0.33745	 9.9598e-01
32.289	 1.3180e+00	0.062074	0.99988	 6.2737e-02	 1.0000e+00	0.33783	 9.9596e-01
32.313	 1.3182e+00	0.062191	0.99981	 6.2856e-02	 1.0000e+00	0.33822	 9.9595e-01
32.337	 1.3183e+00	0.062309	0.99977	 6.2975e-02	 1.0000e+00	0.3386	 9.9594e-01
32.361	 1.3187e+00	0.062427	0.99972	 6.3094e-02	 1.0001e+00	0.33899	 9.9593e-01
32.385	 1.3186e+00	0.062545	0.99968	 6.3213e-02	 1.0001e+00	0.33938	 9.9593e-01
32.409	 1.3192e+00	0.062663	0.99965	 6.3332e-02	 1.0001e+00	0.33976	 9.9592e-01
32.433	 1.3192e+00	0.062781	0.99962	 6.3452e-02	 1.0001e+00	0.34015	 9.9593e-01
32.457	 1.3197e+00	0.062899	0.99961	 6.3572e-02	 1.0001e+00	0.34054	 9.9591e-01
32.481	 1.3199e+00	0.063018	0.99958	 6.3692e-02	 1.0001e+00	0.34092	 9.9592e-01
32.505	 1.3203e+00	0.063136	0.99958	 6.3812e-02	 1.0001e+00	0.34131	 9.9591e-01
32.529	 1.3209e+00	0.063255	0.99957	 6.3932e-02	 1.0001e+00	0.3417	 9.9590e-01
32.553	 1.3211e+00	0.063373	0.99958	 6.4053e-02	 1.0001e+00	0.34209	 9.9590e-01
32.577	 1.3219e+00	0.063492	0.99959	 6.4173e-02	 1.0001e+00	0.34248	 9.9588e-01
32.601	 1.3222e+00	0.063611	0.9996	 6.4294e-02	 1.0001e+00	0.34287	 9.9588e-01
32.625	 1.3229e+00	0.06373	0.99963	 6.4414e-02	 1.0001e+00	0.34326	 9.9585e-01
32.649	 1.3234e+00	0.06385	0.99966	 6.4534e-02	 1.0001e+00	0.34365	 9.9584e-01
32.674	 1.3239e+00	0.063969	0.99969	 6.4656e-02	 1.0001e+00	0.34404	 9.9581e-01
32.698	 1.3246e+00	0.064089	0.99973	 6.4776e-02	 1.0001e+00	0.34443	 9.9579e-01
32.722	 1.3250e+00	0.064209	0.99977	 6.4898e-02	 1.0001e+00	0.34482	 9.9577e-01
32.746	 1.3258e+00	0.064328	0.99981	 6.5019e-02	 1.0001e+00	0.34521	 9.9574e-01
32.77	 1.3262e+00	0.064449	0.99986	 6.5140e-02	 1.0001e+00	0.3456	 9.9573e-01
32.794	 1.3270e+00	0.064569	0.99991	 6.5262e-02	 1.0001e+00	0.346	 9.9570e-01
32.819	 1.3274e+00	0.064688	0.99995	 6.5383e-02	 1.0001e+00	0.34639	 9.9569e-01
32.843	 1.3280e+00	0.064808	1.0	 6.5504e-02	 1.0001e+00	0.34678	 9.9567e-01
32.867	 1.3287e+00	0.064928	1.0	 6.5626e-02	 1.0001e+00	0.34717	 9.9566e-01
32.892	 1.3291e+00	0.065049	1.0001	 6.5748e-02	 1.0001e+00	0.34757	 9.9564e-01
32.916	 1.3300e+00	0.065169	1.0001	 6.5870e-02	 1.0001e+00	0.34796	 9.9563e-01
32.94	 1.3304e+00	0.06529	1.0001	 6.5992e-02	 1.0001e+00	0.34836	 9.9563e-01
32.964	 1.3312e+00	0.06541	1.0002	 6.6115e-02	 1.0001e+00	0.34875	 9.9562e-01
32.989	 1.3316e+00	0.065531	1.0002	 6.6237e-02	 1.0001e+00	0.34914	 9.9563e-01
33.013	 1.3321e+00	0.065652	1.0002	 6.6360e-02	 1.0001e+00	0.34954	 9.9562e-01
33.037	 1.3327e+00	0.065773	1.0003	 6.6482e-02	 1.0001e+00	0.34993	 9.9564e-01
33.062	 1.3329e+00	0.065893	1.0003	 6.6605e-02	 1.0001e+00	0.35033	 9.9565e-01
33.086	 1.3336e+00	0.066015	1.0003	 6.6727e-02	 1.0001e+00	0.35073	 9.9567e-01
33.11	 1.3336e+00	0.066136	1.0004	 6.6850e-02	 1.0001e+00	0.35112	 9.9570e-01
33.135	 1.3342e+00	0.066257	1.0004	 6.6973e-02	 1.0001e+00	0.35152	 9.9573e-01
33.159	 1.3343e+00	0.066378	1.0004	 6.7096e-02	 1.0001e+00	0.35192	 9.9577e-01
33.184	 1.3345e+00	0.0665	1.0005	 6.7220e-02	 1.0001e+00	0.35231	 9.9580e-01
33.208	 1.3348e+00	0.066621	1.0005	 6.7343e-02	 1.0001e+00	0.35271	 9.9584e-01
33.233	 1.3349e+00	0.066744	1.0006	 6.7466e-02	 1.0001e+00	0.35311	 9.9588e-01
33.257	 1.3354e+00	0.066865	1.0006	 6.7590e-02	 1.0001e+00	0.35351	 9.9592e-01
33.281	 1.3353e+00	0.066987	1.0006	 6.7714e-02	 1.0001e+00	0.35391	 9.9597e-01
33.306	 1.3358e+00	0.067109	1.0007	 6.7837e-02	 1.0001e+00	0.35431	 9.9599e-01
33.33	 1.3358e+00	0.067231	1.0007	 6.7962e-02	 1.0001e+00	0.35471	 9.9604e-01
33.355	 1.3361e+00	0.067352	1.0007	 6.8087e-02	 1.0001e+00	0.35511	 9.9606e-01
33.379	 1.3364e+00	0.067475	1.0007	 6.8211e-02	 1.0001e+00	0.35551	 9.9608e-01
33.404	 1.3365e+00	0.067598	1.0007	 6.8335e-02	 1.0001e+00	0.35591	 9.9610e-01
33.428	 1.3370e+00	0.06772	1.0007	 6.8459e-02	 1.0001e+00	0.35631	 9.9611e-01
33.453	 1.3370e+00	0.067843	1.0007	 6.8583e-02	 1.0001e+00	0.35671	 9.9613e-01
33.477	 1.3375e+00	0.067965	1.0007	 6.8708e-02	 1.0001e+00	0.35712	 9.9613e-01
33.502	 1.3376e+00	0.068088	1.0007	 6.8832e-02	 1.0001e+00	0.35752	 9.9615e-01
33.527	 1.3381e+00	0.068211	1.0006	 6.8957e-02	 1.0001e+00	0.35792	 9.9614e-01
33.551	 1.3384e+00	0.068334	1.0006	 6.9082e-02	 1.0002e+00	0.35832	 9.9615e-01
33.576	 1.3387e+00	0.068458	1.0006	 6.9207e-02	 1.0002e+00	0.35873	 9.9615e-01
33.6	 1.3393e+00	0.068581	1.0005	 6.9332e-02	 1.0002e+00	0.35913	 9.9615e-01
33.625	 1.3394e+00	0.068705	1.0005	 6.9458e-02	 1.0002e+00	0.35953	 9.9615e-01
33.65	 1.3401e+00	0.068829	1.0005	 6.9583e-02	 1.0002e+00	0.35994	 9.9615e-01
33.674	 1.3403e+00	0.068953	1.0004	 6.9709e-02	 1.0002e+00	0.36035	 9.9617e-01
33.699	 1.3408e+00	0.069077	1.0004	 6.9834e-02	 1.0002e+00	0.36075	 9.9617e-01
33.724	 1.3412e+00	0.069201	1.0003	 6.9960e-02	 1.0002e+00	0.36116	 9.9620e-01
33.748	 1.3415e+00	0.069325	1.0003	 7.0086e-02	 1.0002e+00	0.36156	 9.9621e-01
33.773	 1.3422e+00	0.06945	1.0003	 7.0212e-02	 1.0002e+00	0.36197	 9.9624e-01
33.798	 1.3424e+00	0.069574	1.0003	 7.0338e-02	 1.0002e+00	0.36238	 9.9626e-01
33.822	 1.3431e+00	0.069699	1.0002	 7.0465e-02	 1.0002e+00	0.36278	 9.9629e-01
33.847	 1.3433e+00	0.069824	1.0002	 7.0592e-02	 1.0002e+00	0.36319	 9.9633e-01
33.872	 1.3439e+00	0.069948	1.0002	 7.0720e-02	 1.0003e+00	0.3636	 9.9635e-01
33.897	 1.3444e+00	0.070073	1.0002	 7.0846e-02	 1.0003e+00	0.36401	 9.9639e-01
33.922	 1.3448e+00	0.070199	1.0002	 7.0973e-02	 1.0003e+00	0.36442	 9.9641e-01
33.946	 1.3455e+00	0.070324	1.0002	 7.1101e-02	 1.0002e+00	0.36483	 9.9644e-01
33.971	 1.3457e+00	0.07045	1.0002	 7.1229e-02	 1.0002e+00	0.36524	 9.9647e-01
33.996	 1.3465e+00	0.070576	1.0002	 7.1356e-02	 1.0002e+00	0.36565	 9.9649e-01
34.021	 1.3467e+00	0.070701	1.0002	 7.1483e-02	 1.0002e+00	0.36606	 9.9652e-01
34.046	 1.3473e+00	0.070826	1.0002	 7.1611e-02	 1.0002e+00	0.36647	 9.9653e-01
34.07	 1.3477e+00	0.070952	1.0002	 7.1738e-02	 1.0002e+00	0.36688	 9.9656e-01
34.095	 1.3480e+00	0.071079	1.0002	 7.1866e-02	 1.0002e+00	0.36729	 9.9656e-01
34.12	 1.3486e+00	0.071204	1.0003	 7.1993e-02	 1.0001e+00	0.3677	 9.9657e-01
34.145	 1.3487e+00	0.07133	1.0003	 7.2121e-02	 1.0001e+00	0.36811	 9.9657e-01
34.17	 1.3493e+00	0.071456	1.0003	 7.2250e-02	 1.0001e+00	0.36853	 9.9656e-01
34.195	 1.3493e+00	0.071582	1.0003	 7.2378e-02	 1.0001e+00	0.36894	 9.9656e-01
34.22	 1.3498e+00	0.071709	1.0003	 7.2506e-02	 1.0000e+00	0.36935	 9.9653e-01
34.245	 1.3500e+00	0.071835	1.0003	 7.2635e-02	 1.0000e+00	0.36977	 9.9651e-01
34.27	 1.3502e+00	0.071962	1.0003	 7.2763e-02	 9.9999e-01	0.37018	 9.9648e-01
34.294	 1.3506e+00	0.072089	1.0004	 7.2892e-02	 9.9997e-01	0.37059	 9.9645e-01
34.319	 1.3506e+00	0.072216	1.0004	 7.3021e-02	 9.9996e-01	0.37101	 9.9641e-01
34.344	 1.3510e+00	0.072342	1.0004	 7.3150e-02	 9.9994e-01	0.37143	 9.9637e-01
34.37	 1.3509e+00	0.07247	1.0004	 7.3279e-02	 9.9992e-01	0.37184	 9.9633e-01
34.395	 1.3513e+00	0.072597	1.0004	 7.3408e-02	 9.9991e-01	0.37226	 9.9628e-01
34.419	 1.3514e+00	0.072724	1.0004	 7.3538e-02	 9.9990e-01	0.37267	 9.9625e-01
34.444	 1.3516e+00	0.072852	1.0004	 7.3667e-02	 9.9989e-01	0.37309	 9.9620e-01
34.469	 1.3519e+00	0.072979	1.0004	 7.3796e-02	 9.9987e-01	0.37351	 9.9617e-01
34.495	 1.3519e+00	0.073107	1.0004	 7.3926e-02	 9.9987e-01	0.37392	 9.9613e-01
34.52	 1.3525e+00	0.073235	1.0005	 7.4055e-02	 9.9986e-01	0.37434	 9.9609e-01
34.545	 1.3525e+00	0.073363	1.0005	 7.4185e-02	 9.9985e-01	0.37476	 9.9606e-01
34.57	 1.3531e+00	0.073491	1.0005	 7.4315e-02	 9.9984e-01	0.37518	 9.9603e-01
34.595	 1.3534e+00	0.073618	1.0005	 7.4444e-02	 9.9983e-01	0.3756	 9.9601e-01
34.62	 1.3539e+00	0.073746	1.0005	 7.4574e-02	 9.9983e-01	0.37602	 9.9598e-01
34.645	 1.3544e+00	0.073875	1.0005	 7.4704e-02	 9.9982e-01	0.37644	 9.9596e-01
34.67	 1.3547e+00	0.074003	1.0006	 7.4834e-02	 9.9981e-01	0.37686	 9.9594e-01
34.695	 1.3554e+00	0.074132	1.0006	 7.4964e-02	 9.9981e-01	0.37728	 9.9593e-01
34.721	 1.3556e+00	0.074261	1.0006	 7.5095e-02	 9.9981e-01	0.3777	 9.9594e-01
34.746	 1.3563e+00	0.074389	1.0006	 7.5226e-02	 9.9981e-01	0.37812	 9.9593e-01
34.771	 1.3566e+00	0.074518	1.0006	 7.5357e-02	 9.9981e-01	0.37854	 9.9595e-01
34.796	 1.3571e+00	0.074648	1.0006	 7.5487e-02	 9.9981e-01	0.37897	 9.9595e-01
34.821	 1.3576e+00	0.074777	1.0006	 7.5619e-02	 9.9982e-01	0.37939	 9.9597e-01
34.846	 1.3578e+00	0.074906	1.0006	 7.5750e-02	 9.9983e-01	0.37981	 9.9598e-01
34.872	 1.3584e+00	0.075036	1.0006	 7.5881e-02	 9.9984e-01	0.38023	 9.9599e-01
34.897	 1.3585e+00	0.075166	1.0006	 7.6012e-02	 9.9985e-01	0.38066	 9.9601e-01
34.922	 1.3591e+00	0.075296	1.0006	 7.6144e-02	 9.9987e-01	0.38108	 9.9601e-01
34.947	 1.3593e+00	0.075426	1.0006	 7.6275e-02	 9.9989e-01	0.38151	 9.9604e-01
34.973	 1.3598e+00	0.075556	1.0005	 7.6407e-02	 9.9991e-01	0.38193	 9.9603e-01
34.998	 1.3602e+00	0.075686	1.0005	 7.6539e-02	 9.9993e-01	0.38236	 9.9604e-01
35.023	 1.3603e+00	0.075816	1.0005	 7.6671e-02	 9.9995e-01	0.38278	 9.9604e-01
35.049	 1.3609e+00	0.075947	1.0005	 7.6803e-02	 9.9997e-01	0.38321	 9.9603e-01
35.074	 1.3609e+00	0.076078	1.0005	 7.6936e-02	 9.9999e-01	0.38364	 9.9602e-01
35.099	 1.3615e+00	0.076208	1.0005	 7.7068e-02	 1.0000e+00	0.38406	 9.9600e-01
35.125	 1.3616e+00	0.07634	1.0005	 7.7201e-02	 1.0000e+00	0.38449	 9.9599e-01
35.15	 1.3620e+00	0.076471	1.0005	 7.7334e-02	 1.0000e+00	0.38492	 9.9596e-01
35.175	 1.3624e+00	0.076602	1.0004	 7.7466e-02	 1.0001e+00	0.38534	 9.9595e-01
35.201	 1.3625e+00	0.076733	1.0004	 7.7599e-02	 1.0001e+00	0.38577	 9.9592e-01
35.226	 1.3630e+00	0.076865	1.0004	 7.7732e-02	 1.0001e+00	0.3862	 9.9590e-01
35.252	 1.3629e+00	0.076996	1.0003	 7.7866e-02	 1.0001e+00	0.38663	 9.9588e-01
35.277	 1.3634e+00	0.077128	1.0003	 7.8000e-02	 1.0001e+00	0.38706	 9.9584e-01
35.302	 1.3633e+00	0.077259	1.0003	 7.8133e-02	 1.0001e+00	0.38749	 9.9582e-01
35.328	 1.3637e+00	0.077391	1.0003	 7.8267e-02	 1.0001e+00	0.38792	 9.9579e-01
35.353	 1.3638e+00	0.077523	1.0003	 7.8401e-02	 1.0001e+00	0.38835	 9.9577e-01
35.379	 1.3639e+00	0.077656	1.0002	 7.8535e-02	 1.0001e+00	0.38878	 9.9574e-01
35.404	 1.3643e+00	0.077787	1.0002	 7.8669e-02	 1.0001e+00	0.38922	 9.9572e-01
35.43	 1.3642e+00	0.07792	1.0002	 7.8803e-02	 1.0001e+00	0.38965	 9.9570e-01
35.455	 1.3647e+00	0.078052	1.0002	 7.8937e-02	 1.0001e+00	0.39008	 9.9568e-01
35.481	 1.3647e+00	0.078185	1.0002	 7.9071e-02	 1.0001e+00	0.39051	 9.9568e-01
35.506	 1.3652e+00	0.078318	1.0002	 7.9205e-02	 1.0001e+00	0.39095	 9.9566e-01
35.532	 1.3655e+00	0.078451	1.0002	 7.9339e-02	 1.0001e+00	0.39138	 9.9567e-01
35.557	 1.3657e+00	0.078584	1.0003	 7.9474e-02	 1.0001e+00	0.39182	 9.9567e-01
35.583	 1.3663e+00	0.078717	1.0003	 7.9609e-02	 1.0001e+00	0.39225	 9.9569e-01
35.608	 1.3665e+00	0.07885	1.0003	 7.9744e-02	 1.0001e+00	0.39268	 9.9571e-01
35.634	 1.3672e+00	0.078984	1.0003	 7.9878e-02	 1.0001e+00	0.39312	 9.9573e-01
35.659	 1.3675e+00	0.079118	1.0004	 8.0014e-02	 1.0001e+00	0.39355	 9.9577e-01
35.685	 1.3683e+00	0.079251	1.0004	 8.0149e-02	 1.0001e+00	0.39399	 9.9579e-01
35.711	 1.3688e+00	0.079385	1.0004	 8.0284e-02	 1.0000e+00	0.39443	 9.9583e-01
35.736	 1.3693e+00	0.079519	1.0005	 8.0420e-02	 1.0000e+00	0.39486	 9.9586e-01
35.762	 1.3702e+00	0.079653	1.0005	 8.0555e-02	 1.0000e+00	0.3953	 9.9590e-01
35.788	 1.3706e+00	0.079788	1.0005	 8.0690e-02	 1.0000e+00	0.39574	 9.9594e-01
35.813	 1.3715e+00	0.079923	1.0005	 8.0826e-02	 1.0000e+00	0.39617	 9.9596e-01
35.839	 1.3720e+00	0.080058	1.0005	 8.0962e-02	 1.0000e+00	0.39661	 9.9600e-01
35.864	 1.3729e+00	0.080193	1.0005	 8.1098e-02	 1.0000e+00	0.39705	 9.9602e-01
35.89	 1.3735e+00	0.080327	1.0005	 8.1234e-02	 1.0000e+00	0.39749	 9.9605e-01
35.916	 1.3741e+00	0.080463	1.0005	 8.1370e-02	 1.0001e+00	0.39793	 9.9606e-01
35.942	 1.3749e+00	0.080597	1.0005	 8.1506e-02	 1.0001e+00	0.39837	 9.9608e-01
35.967	 1.3752e+00	0.080732	1.0005	 8.1643e-02	 1.0001e+00	0.39881	 9.9609e-01
35.993	 1.3760e+00	0.080868	1.0005	 8.1779e-02	 1.0001e+00	0.39925	 9.9611e-01
36.019	 1.3763e+00	0.081003	1.0004	 8.1916e-02	 1.0001e+00	0.39969	 9.9613e-01
36.045	 1.3770e+00	0.081138	1.0004	 8.2054e-02	 1.0001e+00	0.40013	 9.9613e-01
36.07	 1.3773e+00	0.081273	1.0004	 8.2191e-02	 1.0001e+00	0.40058	 9.9615e-01
36.096	 1.3778e+00	0.081409	1.0003	 8.2327e-02	 1.0002e+00	0.40102	 9.9614e-01
36.122	 1.3783e+00	0.081545	1.0003	 8.2465e-02	 1.0002e+00	0.40146	 9.9615e-01
36.148	 1.3785e+00	0.081681	1.0003	 8.2603e-02	 1.0002e+00	0.40191	 9.9614e-01
36.173	 1.3791e+00	0.081817	1.0003	 8.2740e-02	 1.0003e+00	0.40235	 9.9612e-01
36.199	 1.3792e+00	0.081953	1.0002	 8.2878e-02	 1.0003e+00	0.40279	 9.9611e-01
36.225	 1.3798e+00	0.082089	1.0002	 8.3016e-02	 1.0003e+00	0.40324	 9.9608e-01
36.251	 1.3800e+00	0.082226	1.0002	 8.3153e-02	 1.0004e+00	0.40368	 9.9607e-01
36.277	 1.3803e+00	0.082363	1.0002	 8.3291e-02	 1.0004e+00	0.40413	 9.9604e-01
36.303	 1.3807e+00	0.082499	1.0002	 8.3429e-02	 1.0004e+00	0.40457	 9.9601e-01
36.329	 1.3807e+00	0.082636	1.0002	 8.3568e-02	 1.0005e+00	0.40502	 9.9597e-01
36.355	 1.3812e+00	0.082772	1.0002	 8.3707e-02	 1.0005e+00	0.40547	 9.9593e-01
36.38	 1.3812e+00	0.082909	1.0001	 8.3845e-02	 1.0005e+00	0.40591	 9.9589e-01
36.406	 1.3816e+00	0.083046	1.0001	 8.3984e-02	 1.0005e+00	0.40636	 9.9584e-01
36.432	 1.3817e+00	0.083183	1.0001	 8.4121e-02	 1.0006e+00	0.40681	 9.9580e-01
36.458	 1.3819e+00	0.083321	1.0001	 8.4260e-02	 1.0006e+00	0.40726	 9.9575e-01
36.484	 1.3822e+00	0.083458	1.0001	 8.4400e-02	 1.0006e+00	0.4077	 9.9571e-01
36.51	 1.3822e+00	0.083596	1.0001	 8.4539e-02	 1.0006e+00	0.40815	 9.9566e-01
36.536	 1.3827e+00	0.083734	1.0001	 8.4678e-02	 1.0006e+00	0.4086	 9.9562e-01
36.562	 1.3826e+00	0.083872	1.0	 8.4818e-02	 1.0006e+00	0.40905	 9.9559e-01
36.588	 1.3831e+00	0.084011	1.0	 8.4957e-02	 1.0005e+00	0.40951	 9.9554e-01
36.614	 1.3831e+00	0.084149	0.99998	 8.5097e-02	 1.0005e+00	0.40996	 9.9552e-01
36.64	 1.3834e+00	0.084288	0.99996	 8.5238e-02	 1.0005e+00	0.41041	 9.9548e-01
36.666	 1.3837e+00	0.084426	0.99993	 8.5378e-02	 1.0005e+00	0.41086	 9.9546e-01
36.692	 1.3837e+00	0.084565	0.99991	 8.5518e-02	 1.0004e+00	0.41131	 9.9543e-01
36.718	 1.3842e+00	0.084703	0.99989	 8.5658e-02	 1.0004e+00	0.41176	 9.9541e-01
36.744	 1.3842e+00	0.084842	0.99988	 8.5798e-02	 1.0003e+00	0.41222	 9.9539e-01
36.77	 1.3847e+00	0.084981	0.99987	 8.5939e-02	 1.0003e+00	0.41267	 9.9538e-01
36.796	 1.3848e+00	0.08512	0.99986	 8.6079e-02	 1.0002e+00	0.41312	 9.9538e-01
36.822	 1.3852e+00	0.085259	0.99986	 8.6221e-02	 1.0002e+00	0.41358	 9.9537e-01
36.848	 1.3855e+00	0.085399	0.99985	 8.6361e-02	 1.0001e+00	0.41403	 9.9539e-01
36.874	 1.3857e+00	0.085538	0.99986	 8.6502e-02	 1.0001e+00	0.41449	 9.9541e-01
36.901	 1.3864e+00	0.085678	0.99986	 8.6643e-02	 1.0001e+00	0.41494	 9.9543e-01
36.927	 1.3865e+00	0.085818	0.99986	 8.6785e-02	 1.0000e+00	0.4154	 9.9546e-01
36.953	 1.3873e+00	0.085957	0.99988	 8.6927e-02	 9.9998e-01	0.41585	 9.9548e-01
36.979	 1.3876e+00	0.086097	0.99988	 8.7068e-02	 9.9995e-01	0.41631	 9.9552e-01
37.005	 1.3882e+00	0.086238	0.9999	 8.7210e-02	 9.9993e-01	0.41677	 9.9553e-01
37.031	 1.3887e+00	0.086378	0.99991	 8.7353e-02	 9.9990e-01	0.41723	 9.9557e-01
37.058	 1.3891e+00	0.086518	0.99992	 8.7495e-02	 9.9989e-01	0.41769	 9.9559e-01
37.084	 1.3899e+00	0.086658	0.99993	 8.7636e-02	 9.9987e-01	0.41814	 9.9561e-01
37.11	 1.3901e+00	0.086798	0.99994	 8.7778e-02	 9.9986e-01	0.4186	 9.9564e-01
37.136	 1.3909e+00	0.086939	0.99996	 8.7920e-02	 9.9985e-01	0.41906	 9.9565e-01
37.162	 1.3911e+00	0.087079	0.99996	 8.8062e-02	 9.9984e-01	0.41952	 9.9567e-01
37.189	 1.3917e+00	0.08722	0.99998	 8.8204e-02	 9.9984e-01	0.41998	 9.9568e-01
37.215	 1.3921e+00	0.087361	0.99999	 8.8346e-02	 9.9983e-01	0.42044	 9.9570e-01
37.241	 1.3924e+00	0.087502	1.0	 8.8489e-02	 9.9983e-01	0.4209	 9.9571e-01
37.267	 1.3930e+00	0.087643	1.0	 8.8631e-02	 9.9983e-01	0.42136	 9.9573e-01
37.294	 1.3931e+00	0.087785	1.0	 8.8774e-02	 9.9983e-01	0.42183	 9.9574e-01
37.32	 1.3937e+00	0.087926	1.0001	 8.8917e-02	 9.9984e-01	0.42229	 9.9575e-01
37.346	 1.3938e+00	0.088067	1.0001	 8.9060e-02	 9.9984e-01	0.42275	 9.9577e-01
37.373	 1.3942e+00	0.088209	1.0001	 8.9204e-02	 9.9985e-01	0.42321	 9.9577e-01
37.399	 1.3944e+00	0.088351	1.0001	 8.9347e-02	 9.9986e-01	0.42368	 9.9579e-01
37.425	 1.3945e+00	0.088493	1.0002	 8.9490e-02	 9.9987e-01	0.42414	 9.9579e-01
37.452	 1.3949e+00	0.088635	1.0002	 8.9634e-02	 9.9988e-01	0.4246	 9.9580e-01
37.478	 1.3948e+00	0.088777	1.0002	 8.9778e-02	 9.9989e-01	0.42507	 9.9581e-01
37.504	 1.3953e+00	0.08892	1.0002	 8.9922e-02	 9.9991e-01	0.42553	 9.9581e-01
37.531	 1.3952e+00	0.089063	1.0002	 9.0065e-02	 9.9992e-01	0.426	 9.9582e-01
37.557	 1.3955e+00	0.089206	1.0002	 9.0210e-02	 9.9994e-01	0.42646	 9.9582e-01
37.584	 1.3955e+00	0.089349	1.0002	 9.0354e-02	 9.9994e-01	0.42693	 9.9584e-01
37.61	 1.3956e+00	0.089492	1.0002	 9.0498e-02	 9.9995e-01	0.4274	 9.9585e-01
37.636	 1.3960e+00	0.089635	1.0002	 9.0643e-02	 9.9995e-01	0.42787	 9.9589e-01
37.663	 1.3960e+00	0.089778	1.0003	 9.0787e-02	 9.9995e-01	0.42833	 9.9592e-01
37.689	 1.3966e+00	0.089921	1.0003	 9.0932e-02	 9.9995e-01	0.4288	 9.9597e-01
37.716	 1.3966e+00	0.090065	1.0003	 9.1076e-02	 9.9995e-01	0.42927	 9.9602e-01
37.742	 1.3971e+00	0.090209	1.0003	 9.1221e-02	 9.9995e-01	0.42974	 9.9606e-01
37.769	 1.3973e+00	0.090353	1.0003	 9.1366e-02	 9.9995e-01	0.43021	 9.9612e-01
37.795	 1.3977e+00	0.090497	1.0003	 9.1511e-02	 9.9995e-01	0.43068	 9.9616e-01
37.822	 1.3982e+00	0.090641	1.0004	 9.1658e-02	 9.9994e-01	0.43115	 9.9622e-01
37.848	 1.3983e+00	0.090785	1.0004	 9.1804e-02	 9.9994e-01	0.43162	 9.9626e-01
37.875	 1.3990e+00	0.09093	1.0004	 9.1949e-02	 9.9993e-01	0.43209	 9.9630e-01
37.901	 1.3990e+00	0.091074	1.0004	 9.2095e-02	 9.9992e-01	0.43256	 9.9635e-01
37.928	 1.3996e+00	0.091219	1.0004	 9.2241e-02	 9.9992e-01	0.43303	 9.9637e-01
37.954	 1.3998e+00	0.091364	1.0004	 9.2388e-02	 9.9991e-01	0.4335	 9.9641e-01
37.981	 1.4002e+00	0.091509	1.0004	 9.2534e-02	 9.9991e-01	0.43398	 9.9643e-01
38.007	 1.4007e+00	0.091653	1.0003	 9.2680e-02	 9.9990e-01	0.43445	 9.9645e-01
38.034	 1.4008e+00	0.091799	1.0003	 9.2826e-02	 9.9990e-01	0.43492	 9.9647e-01
38.06	 1.4015e+00	0.091944	1.0003	 9.2973e-02	 9.9990e-01	0.4354	 9.9648e-01
38.087	 1.4015e+00	0.092089	1.0002	 9.3120e-02	 9.9991e-01	0.43587	 9.9650e-01
38.114	 1.4021e+00	0.092234	1.0002	 9.3267e-02	 9.9992e-01	0.43634	 9.9651e-01
38.14	 1.4022e+00	0.092381	1.0002	 9.3414e-02	 9.9992e-01	0.43682	 9.9653e-01
38.167	 1.4025e+00	0.092526	1.0001	 9.3562e-02	 9.9994e-01	0.43729	 9.9654e-01
38.194	 1.4029e+00	0.092672	1.0001	 9.3709e-02	 9.9995e-01	0.43777	 9.9656e-01
38.22	 1.4031e+00	0.092818	1.0001	 9.3856e-02	 9.9996e-01	0.43825	 9.9656e-01
38.247	 1.4036e+00	0.092965	1.0	 9.4004e-02	 9.9998e-01	0.43872	 9.9657e-01
38.273	 1.4036e+00	0.09311	1.0	 9.4152e-02	 1.0000e+00	0.4392	 9.9658e-01
38.3	 1.4042e+00	0.093257	1.0	 9.4300e-02	 1.0000e+00	0.43968	 9.9658e-01
38.327	 1.4043e+00	0.093403	1.0	 9.4448e-02	 1.0000e+00	0.44016	 9.9659e-01
38.354	 1.4046e+00	0.093549	1.0	 9.4597e-02	 1.0001e+00	0.44064	 9.9658e-01
38.38	 1.4050e+00	0.093695	1.0	 9.4745e-02	 1.0001e+00	0.44111	 9.9659e-01
38.407	 1.4052e+00	0.093842	1.0	 9.4894e-02	 1.0001e+00	0.44159	 9.9658e-01
38.434	 1.4058e+00	0.093989	1.0	 9.5043e-02	 1.0001e+00	0.44207	 9.9658e-01
38.461	 1.4058e+00	0.094136	1.0	 9.5192e-02	 1.0001e+00	0.44255	 9.9657e-01
38.487	 1.4064e+00	0.094283	1.0001	 9.5342e-02	 1.0001e+00	0.44304	 9.9655e-01
38.514	 1.4066e+00	0.09443	1.0001	 9.5491e-02	 1.0001e+00	0.44352	 9.9654e-01
38.541	 1.4071e+00	0.094579	1.0001	 9.5641e-02	 1.0002e+00	0.444	 9.9651e-01
38.568	 1.4075e+00	0.094727	1.0002	 9.5791e-02	 1.0002e+00	0.44448	 9.9649e-01
38.594	 1.4078e+00	0.094874	1.0002	 9.5941e-02	 1.0002e+00	0.44496	 9.9645e-01
38.621	 1.4085e+00	0.095022	1.0002	 9.6090e-02	 1.0002e+00	0.44545	 9.9641e-01
38.648	 1.4087e+00	0.095169	1.0003	 9.6240e-02	 1.0002e+00	0.44593	 9.9636e-01
38.675	 1.4094e+00	0.095317	1.0003	 9.6390e-02	 1.0002e+00	0.44642	 9.9631e-01
38.702	 1.4095e+00	0.095466	1.0003	 9.6540e-02	 1.0003e+00	0.4469	 9.9627e-01
38.728	 1.4101e+00	0.095614	1.0004	 9.6691e-02	 1.0003e+00	0.44738	 9.9622e-01
38.755	 1.4105e+00	0.095763	1.0004	 9.6842e-02	 1.0003e+00	0.44787	 9.9618e-01
38.782	 1.4107e+00	0.095912	1.0004	 9.6993e-02	 1.0003e+00	0.44836	 9.9614e-01
38.809	 1.4113e+00	0.096061	1.0005	 9.7144e-02	 1.0003e+00	0.44884	 9.9611e-01
38.836	 1.4114e+00	0.09621	1.0005	 9.7294e-02	 1.0003e+00	0.44933	 9.9609e-01
38.863	 1.4121e+00	0.096359	1.0006	 9.7445e-02	 1.0003e+00	0.44982	 9.9607e-01
38.89	 1.4122e+00	0.096508	1.0006	 9.7596e-02	 1.0003e+00	0.45031	 9.9608e-01
38.917	 1.4127e+00	0.096658	1.0007	 9.7748e-02	 1.0003e+00	0.4508	 9.9607e-01
38.944	 1.4130e+00	0.096807	1.0007	 9.7899e-02	 1.0003e+00	0.45128	 9.9609e-01
38.97	 1.4134e+00	0.096956	1.0008	 9.8050e-02	 1.0003e+00	0.45177	 9.9610e-01
38.997	 1.4140e+00	0.097106	1.0009	 9.8202e-02	 1.0003e+00	0.45226	 9.9612e-01
39.024	 1.4141e+00	0.097256	1.0009	 9.8353e-02	 1.0003e+00	0.45275	 9.9615e-01
39.051	 1.4148e+00	0.097406	1.001	 9.8506e-02	 1.0003e+00	0.45324	 9.9617e-01
39.078	 1.4149e+00	0.097556	1.0011	 9.8658e-02	 1.0003e+00	0.45373	 9.9621e-01
39.105	 1.4155e+00	0.097706	1.0011	 9.8811e-02	 1.0003e+00	0.45422	 9.9624e-01
39.132	 1.4159e+00	0.097857	1.0012	 9.8964e-02	 1.0003e+00	0.45472	 9.9628e-01
39.159	 1.4162e+00	0.098007	1.0012	 9.9116e-02	 1.0003e+00	0.45521	 9.9631e-01
39.186	 1.4167e+00	0.098159	1.0013	 9.9270e-02	 1.0003e+00	0.4557	 9.9635e-01
39.213	 1.4167e+00	0.098309	1.0013	 9.9423e-02	 1.0003e+00	0.4562	 9.9639e-01
39.24	 1.4173e+00	0.098461	1.0013	 9.9576e-02	 1.0003e+00	0.45669	 9.9642e-01
39.267	 1.4172e+00	0.098612	1.0013	 9.9730e-02	 1.0003e+00	0.45719	 9.9646e-01
39.294	 1.4176e+00	0.098764	1.0013	 9.9883e-02	 1.0003e+00	0.45768	 9.9649e-01
39.321	 1.4176e+00	0.098915	1.0013	 1.0004e-01	 1.0003e+00	0.45817	 9.9652e-01
39.348	 1.4178e+00	0.099067	1.0013	 1.0019e-01	 1.0003e+00	0.45867	 9.9653e-01
39.376	 1.4181e+00	0.099219	1.0013	 1.0034e-01	 1.0003e+00	0.45917	 9.9655e-01
39.403	 1.4179e+00	0.099371	1.0013	 1.0050e-01	 1.0004e+00	0.45966	 9.9654e-01
39.43	 1.4183e+00	0.099523	1.0013	 1.0065e-01	 1.0004e+00	0.46016	 9.9653e-01
39.457	 1.4181e+00	0.099675	1.0013	 1.0081e-01	 1.0004e+00	0.46066	 9.9651e-01
39.484	 1.4184e+00	0.099827	1.0012	 1.0096e-01	 1.0004e+00	0.46116	 9.9647e-01
39.511	 1.4184e+00	0.09998	1.0012	 1.0112e-01	 1.0004e+00	0.46166	 9.9645e-01
39.538	 1.4186e+00	0.10013	1.0011	 1.0127e-01	 1.0004e+00	0.46215	 9.9640e-01
39.565	 1.4189e+00	0.10028	1.0011	 1.0143e-01	 1.0004e+00	0.46265	 9.9635e-01
39.593	 1.4189e+00	0.10044	1.001	 1.0158e-01	 1.0005e+00	0.46315	 9.9630e-01
39.62	 1.4194e+00	0.10059	1.001	 1.0174e-01	 1.0005e+00	0.46365	 9.9625e-01
39.647	 1.4194e+00	0.10074	1.0009	 1.0189e-01	 1.0005e+00	0.46415	 9.9620e-01
39.674	 1.4200e+00	0.1009	1.0009	 1.0205e-01	 1.0005e+00	0.46466	 9.9614e-01
39.701	 1.4202e+00	0.10105	1.0008	 1.0220e-01	 1.0005e+00	0.46516	 9.9610e-01
39.728	 1.4206e+00	0.10121	1.0008	 1.0236e-01	 1.0005e+00	0.46566	 9.9606e-01
39.756	 1.4210e+00	0.10136	1.0007	 1.0252e-01	 1.0005e+00	0.46616	 9.9603e-01
39.783	 1.4212e+00	0.10151	1.0007	 1.0267e-01	 1.0005e+00	0.46667	 9.9599e-01
39.81	 1.4219e+00	0.10167	1.0006	 1.0283e-01	 1.0005e+00	0.46717	 9.9596e-01
39.837	 1.4219e+00	0.10182	1.0006	 1.0298e-01	 1.0005e+00	0.46767	 9.9595e-01
39.864	 1.4226e+00	0.10197	1.0005	 1.0314e-01	 1.0005e+00	0.46818	 9.9592e-01
39.892	 1.4228e+00	0.10213	1.0005	 1.0330e-01	 1.0005e+00	0.46868	 9.9593e-01
39.919	 1.4233e+00	0.10229	1.0005	 1.0345e-01	 1.0005e+00	0.46919	 9.9592e-01
39.946	 1.4238e+00	0.10244	1.0004	 1.0361e-01	 1.0005e+00	0.46969	 9.9594e-01
39.974	 1.4239e+00	0.1026	1.0004	 1.0377e-01	 1.0005e+00	0.4702	 9.9595e-01
40.001	 1.4245e+00	0.10275	1.0004	 1.0393e-01	 1.0005e+00	0.47071	 9.9597e-01
40.028	 1.4245e+00	0.1029	1.0004	 1.0408e-01	 1.0005e+00	0.47121	 9.9600e-01
40.056	 1.4251e+00	0.10306	1.0004	 1.0424e-01	 1.0005e+00	0.47172	 9.9602e-01
40.083	 1.4253e+00	0.10322	1.0004	 1.0440e-01	 1.0004e+00	0.47223	 9.9606e-01
40.11	 1.4257e+00	0.10337	1.0004	 1.0456e-01	 1.0004e+00	0.47274	 9.9607e-01
40.138	 1.4261e+00	0.10353	1.0003	 1.0471e-01	 1.0004e+00	0.47325	 9.9610e-01
40.165	 1.4262e+00	0.10368	1.0003	 1.0487e-01	 1.0004e+00	0.47376	 9.9612e-01
40.192	 1.4268e+00	0.10384	1.0003	 1.0503e-01	 1.0004e+00	0.47427	 9.9614e-01
40.22	 1.4269e+00	0.104	1.0003	 1.0519e-01	 1.0004e+00	0.47478	 9.9616e-01
40.247	 1.4276e+00	0.10415	1.0003	 1.0535e-01	 1.0004e+00	0.47529	 9.9616e-01
40.274	 1.4279e+00	0.10431	1.0003	 1.0551e-01	 1.0004e+00	0.4758	 9.9618e-01
40.302	 1.4285e+00	0.10447	1.0002	 1.0566e-01	 1.0004e+00	0.47631	 9.9618e-01
40.329	 1.4290e+00	0.10463	1.0002	 1.0582e-01	 1.0004e+00	0.47682	 9.9619e-01
40.356	 1.4293e+00	0.10478	1.0002	 1.0598e-01	 1.0004e+00	0.47734	 9.9619e-01
40.384	 1.4300e+00	0.10494	1.0002	 1.0614e-01	 1.0004e+00	0.47785	 9.9620e-01
40.411	 1.4302e+00	0.1051	1.0002	 1.0630e-01	 1.0004e+00	0.47836	 9.9622e-01
40.439	 1.4310e+00	0.10526	1.0002	 1.0646e-01	 1.0004e+00	0.47888	 9.9623e-01
40.466	 1.4312e+00	0.10541	1.0002	 1.0662e-01	 1.0004e+00	0.47939	 9.9626e-01
40.494	 1.4318e+00	0.10557	1.0002	 1.0678e-01	 1.0004e+00	0.47991	 9.9627e-01
40.521	 1.4322e+00	0.10573	1.0002	 1.0694e-01	 1.0004e+00	0.48042	 9.9631e-01
40.549	 1.4324e+00	0.10589	1.0002	 1.0710e-01	 1.0004e+00	0.48094	 9.9634e-01
40.576	 1.4330e+00	0.10605	1.0003	 1.0726e-01	 1.0004e+00	0.48146	 9.9637e-01
40.604	 1.4330e+00	0.10621	1.0003	 1.0742e-01	 1.0004e+00	0.48197	 9.9641e-01
40.631	 1.4336e+00	0.10637	1.0003	 1.0758e-01	 1.0004e+00	0.48249	 9.9643e-01
40.659	 1.4337e+00	0.10652	1.0003	 1.0775e-01	 1.0004e+00	0.48301	 9.9645e-01
40.686	 1.4341e+00	0.10668	1.0004	 1.0791e-01	 1.0003e+00	0.48353	 9.9646e-01
40.714	 1.4344e+00	0.10684	1.0004	 1.0807e-01	 1.0003e+00	0.48405	 9.9648e-01
40.741	 1.4345e+00	0.107	1.0004	 1.0823e-01	 1.0003e+00	0.48456	 9.9647e-01
40.769	 1.4350e+00	0.10716	1.0004	 1.0839e-01	 1.0003e+00	0.48508	 9.9647e-01
40.796	 1.4349e+00	0.10732	1.0005	 1.0855e-01	 1.0002e+00	0.4856	 9.9646e-01
40.824	 1.4355e+00	0.10748	1.0005	 1.0871e-01	 1.0002e+00	0.48612	 9.9644e-01
40.851	 1.4354e+00	0.10764	1.0005	 1.0887e-01	 1.0001e+00	0.48665	 9.9643e-01
40.879	 1.4359e+00	0.1078	1.0005	 1.0904e-01	 1.0001e+00	0.48717	 9.9640e-01
40.907	 1.4360e+00	0.10796	1.0004	 1.0920e-01	 1.0001e+00	0.48769	 9.9638e-01
40.934	 1.4361e+00	0.10812	1.0004	 1.0936e-01	 1.0000e+00	0.48821	 9.9635e-01
40.962	 1.4364e+00	0.10828	1.0004	 1.0952e-01	 1.0000e+00	0.48874	 9.9632e-01
40.989	 1.4363e+00	0.10844	1.0004	 1.0969e-01	 9.9999e-01	0.48926	 9.9629e-01
41.017	 1.4368e+00	0.1086	1.0004	 1.0985e-01	 9.9997e-01	0.48978	 9.9625e-01
41.045	 1.4367e+00	0.10877	1.0004	 1.1001e-01	 9.9995e-01	0.49031	 9.9622e-01
41.072	 1.4371e+00	0.10893	1.0003	 1.1018e-01	 9.9994e-01	0.49083	 9.9618e-01
41.1	 1.4373e+00	0.10909	1.0003	 1.1034e-01	 9.9993e-01	0.49136	 9.9615e-01
41.127	 1.4375e+00	0.10925	1.0003	 1.1050e-01	 9.9992e-01	0.49189	 9.9611e-01
41.155	 1.4379e+00	0.10941	1.0002	 1.1067e-01	 9.9991e-01	0.49241	 9.9609e-01
41.183	 1.4380e+00	0.10957	1.0002	 1.1083e-01	 9.9991e-01	0.49294	 9.9606e-01
41.211	 1.4386e+00	0.10973	1.0002	 1.1099e-01	 9.9991e-01	0.49347	 9.9604e-01
41.238	 1.4387e+00	0.1099	1.0002	 1.1116e-01	 9.9992e-01	0.49399	 9.9603e-01
41.266	 1.4394e+00	0.11006	1.0001	 1.1132e-01	 9.9992e-01	0.49452	 9.9601e-01
41.294	 1.4397e+00	0.11022	1.0001	 1.1149e-01	 9.9993e-01	0.49505	 9.9601e-01
41.321	 1.4401e+00	0.11038	1.0001	 1.1165e-01	 9.9993e-01	0.49558	 9.9599e-01
41.349	 1.4406e+00	0.11054	1.0001	 1.1181e-01	 9.9994e-01	0.49611	 9.9599e-01
41.377	 1.4407e+00	0.11071	1.0001	 1.1198e-01	 9.9994e-01	0.49664	 9.9599e-01
41.404	 1.4414e+00	0.11087	1.0001	 1.1214e-01	 9.9995e-01	0.49717	 9.9599e-01
41.432	 1.4415e+00	0.11103	1.0001	 1.1231e-01	 9.9995e-01	0.4977	 9.9600e-01
41.46	 1.4422e+00	0.1112	1.0001	 1.1247e-01	 9.9995e-01	0.49823	 9.9599e-01
41.488	 1.4424e+00	0.11136	1.0002	 1.1264e-01	 9.9995e-01	0.49877	 9.9601e-01
41.515	 1.4428e+00	0.11152	1.0002	 1.1281e-01	 9.9996e-01	0.4993	 9.9601e-01
41.543	 1.4433e+00	0.11169	1.0002	 1.1297e-01	 9.9995e-01	0.49983	 9.9603e-01
41.571	 1.4434e+00	0.11185	1.0002	 1.1314e-01	 9.9995e-01	0.50037	 9.9605e-01
41.599	 1.4441e+00	0.11201	1.0002	 1.1330e-01	 9.9994e-01	0.5009	 9.9607e-01
41.627	 1.4442e+00	0.11218	1.0003	 1.1347e-01	 9.9994e-01	0.50144	 9.9611e-01
41.654	 1.4449e+00	0.11234	1.0003	 1.1363e-01	 9.9994e-01	0.50197	 9.9614e-01
41.682	 1.4450e+00	0.1125	1.0003	 1.1380e-01	 9.9993e-01	0.50251	 9.9618e-01
41.71	 1.4455e+00	0.11267	1.0003	 1.1397e-01	 9.9993e-01	0.50304	 9.9621e-01
41.738	 1.4459e+00	0.11283	1.0003	 1.1414e-01	 9.9993e-01	0.50358	 9.9626e-01
41.766	 1.4462e+00	0.113	1.0003	 1.1430e-01	 9.9994e-01	0.50412	 9.9629e-01
41.794	 1.4469e+00	0.11316	1.0003	 1.1447e-01	 9.9994e-01	0.50466	 9.9632e-01
41.821	 1.4471e+00	0.11333	1.0003	 1.1464e-01	 9.9995e-01	0.5052	 9.9635e-01
41.849	 1.4478e+00	0.11349	1.0003	 1.1480e-01	 9.9996e-01	0.50574	 9.9637e-01
41.877	 1.4481e+00	0.11366	1.0003	 1.1497e-01	 9.9997e-01	0.50627	 9.9640e-01
41.905	 1.4487e+00	0.11382	1.0003	 1.1514e-01	 9.9998e-01	0.50681	 9.9641e-01
41.933	 1.4492e+00	0.11399	1.0003	 1.1531e-01	 9.9999e-01	0.50735	 9.9643e-01
41.961	 1.4495e+00	0.11416	1.0003	 1.1547e-01	 1.0000e+00	0.50789	 9.9644e-01
41.989	 1.4503e+00	0.11432	1.0003	 1.1564e-01	 1.0000e+00	0.50844	 9.9646e-01
42.017	 1.4505e+00	0.11449	1.0002	 1.1581e-01	 1.0000e+00	0.50898	 9.9647e-01
42.044	 1.4512e+00	0.11465	1.0002	 1.1598e-01	 1.0001e+00	0.50952	 9.9647e-01
42.072	 1.4514e+00	0.11482	1.0002	 1.1615e-01	 1.0001e+00	0.51006	 9.9649e-01
42.1	 1.4519e+00	0.11499	1.0002	 1.1631e-01	 1.0001e+00	0.51061	 9.9648e-01
42.128	 1.4523e+00	0.11515	1.0002	 1.1648e-01	 1.0001e+00	0.51115	 9.9649e-01
42.156	 1.4524e+00	0.11532	1.0002	 1.1665e-01	 1.0001e+00	0.5117	 9.9647e-01
42.184	 1.4529e+00	0.11549	1.0002	 1.1682e-01	 1.0001e+00	0.51224	 9.9646e-01
42.212	 1.4528e+00	0.11565	1.0002	 1.1699e-01	 1.0001e+00	0.51279	 9.9644e-01
42.24	 1.4533e+00	0.11582	1.0002	 1.1716e-01	 1.0001e+00	0.51333	 9.9641e-01
42.268	 1.4532e+00	0.11599	1.0001	 1.1733e-01	 1.0001e+00	0.51388	 9.9640e-01
42.296	 1.4535e+00	0.11616	1.0001	 1.1750e-01	 1.0001e+00	0.51443	 9.9636e-01
42.324	 1.4536e+00	0.11632	1.0001	 1.1767e-01	 1.0001e+00	0.51498	 9.9634e-01
42.352	 1.4536e+00	0.11649	1.0001	 1.1784e-01	 1.0001e+00	0.51552	 9.9631e-01
42.38	 1.4540e+00	0.11666	1.0	 1.1801e-01	 1.0001e+00	0.51607	 9.9628e-01
42.408	 1.4539e+00	0.11683	1.0	 1.1818e-01	 1.0001e+00	0.51662	 9.9626e-01
42.436	 1.4544e+00	0.117	0.99997	 1.1835e-01	 1.0000e+00	0.51717	 9.9623e-01
42.464	 1.4542e+00	0.11716	0.99993	 1.1852e-01	 1.0000e+00	0.51772	 9.9622e-01
42.492	 1.4546e+00	0.11733	0.99991	 1.1869e-01	 1.0000e+00	0.51827	 9.9619e-01
42.52	 1.4547e+00	0.1175	0.99988	 1.1886e-01	 1.0000e+00	0.51882	 9.9619e-01
42.548	 1.4548e+00	0.11767	0.99986	 1.1903e-01	 1.0000e+00	0.51937	 9.9616e-01
42.576	 1.4552e+00	0.11784	0.99983	 1.1920e-01	 9.9998e-01	0.51992	 9.9615e-01
42.604	 1.4552e+00	0.11801	0.9998	 1.1937e-01	 9.9997e-01	0.52048	 9.9613e-01
42.632	 1.4557e+00	0.11818	0.99977	 1.1955e-01	 9.9995e-01	0.52103	 9.9610e-01
42.66	 1.4557e+00	0.11835	0.99974	 1.1972e-01	 9.9993e-01	0.52158	 9.9609e-01
42.688	 1.4561e+00	0.11852	0.99972	 1.1989e-01	 9.9991e-01	0.52214	 9.9606e-01
42.716	 1.4563e+00	0.11869	0.9997	 1.2006e-01	 9.9989e-01	0.52269	 9.9606e-01
42.744	 1.4564e+00	0.11886	0.99969	 1.2023e-01	 9.9988e-01	0.52325	 9.9603e-01
42.773	 1.4569e+00	0.11903	0.99967	 1.2041e-01	 9.9986e-01	0.5238	 9.9602e-01
42.8	 1.4569e+00	0.1192	0.99966	 1.2058e-01	 9.9985e-01	0.52436	 9.9600e-01
42.829	 1.4574e+00	0.11937	0.99965	 1.2075e-01	 9.9984e-01	0.52491	 9.9598e-01
42.857	 1.4574e+00	0.11954	0.99964	 1.2093e-01	 9.9983e-01	0.52547	 9.9597e-01
42.885	 1.4579e+00	0.11971	0.99965	 1.2110e-01	 9.9983e-01	0.52603	 9.9594e-01
42.913	 1.4581e+00	0.11988	0.99965	 1.2127e-01	 9.9982e-01	0.52659	 9.9593e-01
42.941	 1.4583e+00	0.12005	0.99967	 1.2145e-01	 9.9982e-01	0.52715	 9.9590e-01
42.969	 1.4589e+00	0.12022	0.99969	 1.2162e-01	 9.9981e-01	0.5277	 9.9588e-01
42.997	 1.4590e+00	0.12039	0.99971	 1.2179e-01	 9.9981e-01	0.52826	 9.9584e-01
43.026	 1.4597e+00	0.12056	0.99974	 1.2197e-01	 9.9981e-01	0.52882	 9.9581e-01
43.054	 1.4598e+00	0.12073	0.99976	 1.2214e-01	 9.9981e-01	0.52938	 9.9579e-01
43.082	 1.4605e+00	0.12091	0.99981	 1.2231e-01	 9.9982e-01	0.52995	 9.9575e-01
43.11	 1.4608e+00	0.12108	0.99984	 1.2249e-01	 9.9981e-01	0.53051	 9.9574e-01
43.138	 1.4613e+00	0.12125	0.99989	 1.2266e-01	 9.9982e-01	0.53107	 9.9571e-01
43.166	 1.4619e+00	0.12142	0.99993	 1.2284e-01	 9.9982e-01	0.53163	 9.9571e-01
43.195	 1.4622e+00	0.12159	0.99998	 1.2301e-01	 9.9982e-01	0.53219	 9.9572e-01
43.223	 1.4630e+00	0.12177	1.0	 1.2319e-01	 9.9982e-01	0.53276	 9.9574e-01
43.251	 1.4631e+00	0.12194	1.0001	 1.2336e-01	 9.9982e-01	0.53332	 9.9578e-01
43.279	 1.4638e+00	0.12211	1.0001	 1.2354e-01	 9.9983e-01	0.53389	 9.9582e-01
43.307	 1.4640e+00	0.12229	1.0002	 1.2371e-01	 9.9983e-01	0.53445	 9.9589e-01
43.336	 1.4644e+00	0.12246	1.0002	 1.2389e-01	 9.9983e-01	0.53502	 9.9596e-01
43.364	 1.4649e+00	0.12263	1.0003	 1.2406e-01	 9.9983e-01	0.53558	 9.9605e-01
43.392	 1.4651e+00	0.12281	1.0003	 1.2424e-01	 9.9983e-01	0.53615	 9.9613e-01
43.42	 1.4657e+00	0.12298	1.0004	 1.2442e-01	 9.9983e-01	0.53672	 9.9623e-01
43.449	 1.4657e+00	0.12316	1.0004	 1.2459e-01	 9.9982e-01	0.53729	 9.9633e-01
43.477	 1.4663e+00	0.12333	1.0005	 1.2477e-01	 9.9982e-01	0.53786	 9.9643e-01
43.505	 1.4664e+00	0.12351	1.0005	 1.2495e-01	 9.9981e-01	0.53843	 9.9654e-01
43.533	 1.4668e+00	0.12368	1.0005	 1.2512e-01	 9.9980e-01	0.53899	 9.9663e-01
43.562	 1.4672e+00	0.12386	1.0006	 1.2530e-01	 9.9978e-01	0.53956	 9.9674e-01
43.59	 1.4674e+00	0.12403	1.0006	 1.2548e-01	 9.9977e-01	0.54013	 9.9683e-01
43.618	 1.4680e+00	0.1242	1.0006	 1.2565e-01	 9.9976e-01	0.5407	 9.9693e-01
43.646	 1.4680e+00	0.12438	1.0006	 1.2583e-01	 9.9975e-01	0.54128	 9.9702e-01
43.675	 1.4687e+00	0.12455	1.0006	 1.2601e-01	 9.9974e-01	0.54185	 9.9708e-01
43.703	 1.4688e+00	0.12473	1.0006	 1.2618e-01	 9.9973e-01	0.54242	 9.9716e-01
43.731	 1.4693e+00	0.12491	1.0006	 1.2636e-01	 9.9974e-01	0.54299	 9.9720e-01
43.76	 1.4697e+00	0.12508	1.0006	 1.2654e-01	 9.9973e-01	0.54357	 9.9725e-01
43.788	 1.4699e+00	0.12526	1.0006	 1.2672e-01	 9.9973e-01	0.54414	 9.9727e-01
43.816	 1.4706e+00	0.12543	1.0005	 1.2690e-01	 9.9974e-01	0.54471	 9.9729e-01
43.845	 1.4706e+00	0.12561	1.0005	 1.2708e-01	 9.9974e-01	0.54529	 9.9729e-01
43.873	 1.4713e+00	0.12578	1.0005	 1.2725e-01	 9.9975e-01	0.54587	 9.9727e-01
43.901	 1.4715e+00	0.12596	1.0005	 1.2743e-01	 9.9976e-01	0.54644	 9.9726e-01
43.93	 1.4721e+00	0.12614	1.0005	 1.2761e-01	 9.9978e-01	0.54702	 9.9721e-01
43.958	 1.4725e+00	0.12631	1.0005	 1.2779e-01	 9.9979e-01	0.5476	 9.9718e-01
43.986	 1.4729e+00	0.12649	1.0005	 1.2797e-01	 9.9981e-01	0.54817	 9.9713e-01
44.015	 1.4737e+00	0.12667	1.0004	 1.2815e-01	 9.9983e-01	0.54875	 9.9708e-01
44.043	 1.4739e+00	0.12684	1.0004	 1.2833e-01	 9.9985e-01	0.54933	 9.9703e-01
44.071	 1.4748e+00	0.12702	1.0003	 1.2851e-01	 9.9987e-01	0.54991	 9.9697e-01
44.1	 1.4751e+00	0.1272	1.0003	 1.2869e-01	 9.9989e-01	0.55049	 9.9692e-01
44.128	 1.4759e+00	0.12738	1.0002	 1.2887e-01	 9.9992e-01	0.55107	 9.9685e-01
44.157	 1.4765e+00	0.12755	1.0002	 1.2905e-01	 9.9994e-01	0.55165	 9.9680e-01
44.185	 1.4771e+00	0.12773	1.0001	 1.2923e-01	 9.9996e-01	0.55224	 9.9673e-01
44.213	 1.4781e+00	0.12791	1.0001	 1.2941e-01	 9.9998e-01	0.55282	 9.9667e-01
44.242	 1.4785e+00	0.12809	0.99998	 1.2959e-01	 1.0000e+00	0.5534	 9.9661e-01
44.27	 1.4795e+00	0.12827	0.99992	 1.2977e-01	 1.0000e+00	0.55398	 9.9655e-01
44.299	 1.4799e+00	0.12845	0.99984	 1.2995e-01	 1.0000e+00	0.55457	 9.9651e-01
44.327	 1.4808e+00	0.12862	0.99979	 1.3013e-01	 1.0001e+00	0.55515	 9.9645e-01
44.355	 1.4814e+00	0.12881	0.99971	 1.3031e-01	 1.0001e+00	0.55574	 9.9643e-01
44.384	 1.4820e+00	0.12898	0.99966	 1.3049e-01	 1.0001e+00	0.55632	 9.9639e-01
44.412	 1.4828e+00	0.12916	0.99961	 1.3068e-01	 1.0001e+00	0.55691	 9.9638e-01
44.441	 1.4831e+00	0.12934	0.99956	 1.3086e-01	 1.0001e+00	0.55749	 9.9637e-01
44.469	 1.4839e+00	0.12952	0.99952	 1.3104e-01	 1.0001e+00	0.55808	 9.9636e-01
44.498	 1.4840e+00	0.1297	0.99948	 1.3122e-01	 1.0002e+00	0.55867	 9.9637e-01
44.526	 1.4847e+00	0.12988	0.99946	 1.3140e-01	 1.0002e+00	0.55926	 9.9636e-01
44.555	 1.4849e+00	0.13006	0.99943	 1.3159e-01	 1.0002e+00	0.55985	 9.9637e-01
44.583	 1.4853e+00	0.13024	0.99941	 1.3177e-01	 1.0002e+00	0.56044	 9.9637e-01
44.611	 1.4857e+00	0.13042	0.9994	 1.3195e-01	 1.0002e+00	0.56103	 9.9637e-01
44.64	 1.4857e+00	0.1306	0.99939	 1.3214e-01	 1.0002e+00	0.56162	 9.9637e-01
44.669	 1.4863e+00	0.13078	0.99939	 1.3232e-01	 1.0003e+00	0.56221	 9.9637e-01
44.697	 1.4862e+00	0.13096	0.99937	 1.3250e-01	 1.0003e+00	0.5628	 9.9638e-01
44.725	 1.4866e+00	0.13115	0.99937	 1.3269e-01	 1.0003e+00	0.56339	 9.9636e-01
44.754	 1.4866e+00	0.13133	0.99936	 1.3287e-01	 1.0003e+00	0.56398	 9.9636e-01
44.782	 1.4868e+00	0.13151	0.99936	 1.3305e-01	 1.0003e+00	0.56458	 9.9634e-01
44.811	 1.4871e+00	0.13169	0.99935	 1.3324e-01	 1.0003e+00	0.56517	 9.9632e-01
44.84	 1.4870e+00	0.13187	0.99934	 1.3342e-01	 1.0003e+00	0.56576	 9.9629e-01
44.868	 1.4874e+00	0.13205	0.99934	 1.3361e-01	 1.0003e+00	0.56636	 9.9625e-01
44.897	 1.4873e+00	0.13224	0.99932	 1.3379e-01	 1.0003e+00	0.56695	 9.9621e-01
44.925	 1.4878e+00	0.13242	0.99932	 1.3398e-01	 1.0003e+00	0.56755	 9.9615e-01
44.953	 1.4879e+00	0.1326	0.99931	 1.3416e-01	 1.0002e+00	0.56815	 9.9609e-01
44.982	 1.4881e+00	0.13278	0.99931	 1.3435e-01	 1.0002e+00	0.56874	 9.9602e-01
45.011	 1.4885e+00	0.13297	0.99931	 1.3453e-01	 1.0002e+00	0.56934	 9.9594e-01
45.039	 1.4886e+00	0.13315	0.99931	 1.3472e-01	 1.0002e+00	0.56994	 9.9586e-01
45.068	 1.4891e+00	0.13333	0.99932	 1.3490e-01	 1.0002e+00	0.57054	 9.9578e-01
45.096	 1.4891e+00	0.13352	0.99932	 1.3509e-01	 1.0002e+00	0.57114	 9.9571e-01
45.125	 1.4896e+00	0.1337	0.99934	 1.3527e-01	 1.0002e+00	0.57174	 9.9563e-01
45.153	 1.4898e+00	0.13388	0.99935	 1.3546e-01	 1.0001e+00	0.57234	 9.9558e-01
45.182	 1.4901e+00	0.13407	0.99938	 1.3564e-01	 1.0001e+00	0.57294	 9.9551e-01
45.211	 1.4904e+00	0.13425	0.99939	 1.3583e-01	 1.0001e+00	0.57354	 9.9546e-01
45.239	 1.4904e+00	0.13444	0.99942	 1.3602e-01	 1.0001e+00	0.57414	 9.9541e-01
45.268	 1.4910e+00	0.13462	0.99944	 1.3620e-01	 1.0001e+00	0.57474	 9.9537e-01
45.296	 1.4908e+00	0.13481	0.99946	 1.3639e-01	 1.0001e+00	0.57535	 9.9534e-01
45.325	 1.4913e+00	0.13499	0.99949	 1.3658e-01	 1.0001e+00	0.57595	 9.9531e-01
45.353	 1.4913e+00	0.13517	0.99949	 1.3677e-01	 1.0001e+00	0.57656	 9.9529e-01
45.382	 1.4915e+00	0.13536	0.99951	 1.3695e-01	 1.0002e+00	0.57716	 9.9526e-01
45.411	 1.4917e+00	0.13555	0.99952	 1.3714e-01	 1.0002e+00	0.57777	 9.9525e-01
45.439	 1.4917e+00	0.13573	0.99952	 1.3733e-01	 1.0002e+00	0.57837	 9.9523e-01
45.468	 1.4921e+00	0.13592	0.99953	 1.3752e-01	 1.0002e+00	0.57898	 9.9521e-01
45.496	 1.4920e+00	0.1361	0.99952	 1.3771e-01	 1.0002e+00	0.57959	 9.9521e-01
45.525	 1.4925e+00	0.13629	0.99953	 1.3789e-01	 1.0002e+00	0.58019	 9.9520e-01
45.554	 1.4925e+00	0.13647	0.99952	 1.3808e-01	 1.0003e+00	0.5808	 9.9520e-01
45.582	 1.4928e+00	0.13666	0.99952	 1.3827e-01	 1.0003e+00	0.58141	 9.9519e-01
45.611	 1.4931e+00	0.13685	0.99952	 1.3846e-01	 1.0003e+00	0.58202	 9.9521e-01
45.639	 1.4932e+00	0.13703	0.99953	 1.3865e-01	 1.0003e+00	0.58263	 9.9521e-01
45.668	 1.4937e+00	0.13722	0.99953	 1.3884e-01	 1.0003e+00	0.58324	 9.9521e-01
45.697	 1.4937e+00	0.13741	0.99953	 1.3903e-01	 1.0003e+00	0.58385	 9.9523e-01
45.725	 1.4944e+00	0.13759	0.99954	 1.3922e-01	 1.0003e+00	0.58447	 9.9523e-01
45.754	 1.4945e+00	0.13778	0.99954	 1.3941e-01	 1.0003e+00	0.58508	 9.9526e-01
45.783	 1.4950e+00	0.13797	0.99954	 1.3959e-01	 1.0003e+00	0.58569	 9.9527e-01
45.811	 1.4954e+00	0.13816	0.99953	 1.3978e-01	 1.0003e+00	0.5863	 9.9530e-01
45.84	 1.4956e+00	0.13834	0.99953	 1.3997e-01	 1.0004e+00	0.58692	 9.9532e-01
45.869	 1.4962e+00	0.13853	0.99953	 1.4017e-01	 1.0003e+00	0.58753	 9.9536e-01
45.897	 1.4963e+00	0.13872	0.99953	 1.4036e-01	 1.0003e+00	0.58815	 9.9539e-01
45.926	 1.4971e+00	0.13891	0.99954	 1.4055e-01	 1.0003e+00	0.58876	 9.9542e-01
45.955	 1.4973e+00	0.13909	0.99955	 1.4074e-01	 1.0003e+00	0.58938	 9.9546e-01
45.983	 1.4979e+00	0.13928	0.99957	 1.4093e-01	 1.0003e+00	0.59	 9.9548e-01
46.012	 1.4983e+00	0.13947	0.99959	 1.4112e-01	 1.0003e+00	0.59061	 9.9553e-01
46.041	 1.4987e+00	0.13966	0.99961	 1.4131e-01	 1.0003e+00	0.59123	 9.9556e-01
46.069	 1.4994e+00	0.13985	0.99964	 1.4150e-01	 1.0003e+00	0.59185	 9.9560e-01
46.098	 1.4996e+00	0.14004	0.99966	 1.4169e-01	 1.0003e+00	0.59247	 9.9564e-01
46.127	 1.5005e+00	0.14023	0.9997	 1.4189e-01	 1.0003e+00	0.59309	 9.9568e-01
46.156	 1.5008e+00	0.14042	0.99972	 1.4208e-01	 1.0003e+00	0.59371	 9.9572e-01
46.184	 1.5015e+00	0.14061	0.99975	 1.4227e-01	 1.0004e+00	0.59433	 9.9575e-01
46.213	 1.5021e+00	0.1408	0.99977	 1.4246e-01	 1.0004e+00	0.59495	 9.9580e-01
46.242	 1.5026e+00	0.14099	0.99979	 1.4266e-01	 1.0004e+00	0.59557	 9.9582e-01
46.27	 1.5034e+00	0.14118	0.99981	 1.4285e-01	 1.0004e+00	0.5962	 9.9585e-01
46.299	 1.5036e+00	0.14137	0.99983	 1.4304e-01	 1.0004e+00	0.59682	 9.9588e-01
46.328	 1.5045e+00	0.14156	0.99986	 1.4323e-01	 1.0004e+00	0.59744	 9.9590e-01
46.356	 1.5048e+00	0.14175	0.99989	 1.4343e-01	 1.0004e+00	0.59807	 9.9593e-01
46.385	 1.5055e+00	0.14194	0.99993	 1.4362e-01	 1.0004e+00	0.59869	 9.9593e-01
46.414	 1.5058e+00	0.14214	0.99996	 1.4381e-01	 1.0004e+00	0.59932	 9.9596e-01
46.443	 1.5062e+00	0.14233	1.0	 1.4401e-01	 1.0004e+00	0.59994	 9.9597e-01
46.471	 1.5067e+00	0.14252	1.0001	 1.4420e-01	 1.0004e+00	0.60057	 9.9599e-01
46.5	 1.5067e+00	0.14271	1.0001	 1.4440e-01	 1.0004e+00	0.6012	 9.9600e-01
46.529	 1.5074e+00	0.1429	1.0002	 1.4459e-01	 1.0003e+00	0.60182	 9.9601e-01
46.558	 1.5073e+00	0.1431	1.0002	 1.4479e-01	 1.0003e+00	0.60245	 9.9603e-01
46.586	 1.5078e+00	0.14329	1.0003	 1.4498e-01	 1.0003e+00	0.60308	 9.9602e-01
46.615	 1.5078e+00	0.14348	1.0004	 1.4518e-01	 1.0003e+00	0.60371	 9.9603e-01
46.644	 1.5080e+00	0.14367	1.0004	 1.4537e-01	 1.0003e+00	0.60434	 9.9602e-01
46.673	 1.5083e+00	0.14386	1.0005	 1.4557e-01	 1.0003e+00	0.60497	 9.9601e-01
46.701	 1.5082e+00	0.14406	1.0005	 1.4576e-01	 1.0003e+00	0.6056	 9.9599e-01
46.73	 1.5087e+00	0.14425	1.0006	 1.4596e-01	 1.0002e+00	0.60623	 9.9596e-01
46.759	 1.5086e+00	0.14444	1.0007	 1.4615e-01	 1.0002e+00	0.60687	 9.9595e-01
46.788	 1.5090e+00	0.14464	1.0007	 1.4635e-01	 1.0002e+00	0.6075	 9.9592e-01
46.816	 1.5090e+00	0.14483	1.0008	 1.4655e-01	 1.0002e+00	0.60813	 9.9590e-01
46.845	 1.5092e+00	0.14503	1.0008	 1.4674e-01	 1.0002e+00	0.60877	 9.9588e-01
46.874	 1.5094e+00	0.14522	1.0008	 1.4694e-01	 1.0002e+00	0.6094	 9.9587e-01
46.903	 1.5094e+00	0.14542	1.0009	 1.4714e-01	 1.0001e+00	0.61004	 9.9586e-01
46.931	 1.5098e+00	0.14561	1.0009	 1.4733e-01	 1.0001e+00	0.61067	 9.9585e-01
46.96	 1.5097e+00	0.1458	1.0009	 1.4753e-01	 1.0001e+00	0.61131	 9.9586e-01
46.989	 1.5101e+00	0.146	1.0009	 1.4773e-01	 1.0001e+00	0.61195	 9.9585e-01
47.018	 1.5101e+00	0.14619	1.0009	 1.4793e-01	 1.0001e+00	0.61259	 9.9587e-01
47.047	 1.5103e+00	0.14639	1.0009	 1.4812e-01	 1.0001e+00	0.61323	 9.9588e-01
47.075	 1.5106e+00	0.14658	1.0009	 1.4832e-01	 1.0001e+00	0.61386	 9.9590e-01
47.104	 1.5106e+00	0.14678	1.0008	 1.4852e-01	 1.0001e+00	0.6145	 9.9592e-01
47.133	 1.5112e+00	0.14697	1.0008	 1.4872e-01	 1.0001e+00	0.61514	 9.9594e-01
47.162	 1.5112e+00	0.14717	1.0007	 1.4892e-01	 1.0001e+00	0.61578	 9.9597e-01
47.191	 1.5118e+00	0.14737	1.0007	 1.4911e-01	 1.0001e+00	0.61642	 9.9599e-01
47.219	 1.5119e+00	0.14756	1.0006	 1.4931e-01	 1.0001e+00	0.61706	 9.9603e-01
47.248	 1.5123e+00	0.14776	1.0006	 1.4951e-01	 1.0001e+00	0.61771	 9.9606e-01
47.277	 1.5127e+00	0.14796	1.0005	 1.4971e-01	 1.0001e+00	0.61835	 9.9610e-01
47.306	 1.5129e+00	0.14816	1.0004	 1.4991e-01	 1.0001e+00	0.61899	 9.9614e-01
47.334	 1.5136e+00	0.14835	1.0004	 1.5011e-01	 1.0001e+00	0.61964	 9.9618e-01
47.363	 1.5137e+00	0.14855	1.0003	 1.5031e-01	 1.0002e+00	0.62028	 9.9624e-01
47.392	 1.5144e+00	0.14875	1.0003	 1.5051e-01	 1.0002e+00	0.62093	 9.9628e-01
47.421	 1.5146e+00	0.14894	1.0002	 1.5071e-01	 1.0002e+00	0.62157	 9.9634e-01
47.45	 1.5152e+00	0.14914	1.0002	 1.5091e-01	 1.0002e+00	0.62222	 9.9637e-01
47.478	 1.5157e+00	0.14934	1.0002	 1.5111e-01	 1.0002e+00	0.62287	 9.9643e-01
47.507	 1.5160e+00	0.14954	1.0001	 1.5131e-01	 1.0002e+00	0.62351	 9.9646e-01
47.536	 1.5168e+00	0.14974	1.0001	 1.5151e-01	 1.0002e+00	0.62416	 9.9649e-01
47.565	 1.5170e+00	0.14994	1.0001	 1.5172e-01	 1.0002e+00	0.62481	 9.9653e-01
47.594	 1.5179e+00	0.15013	1.0001	 1.5192e-01	 1.0002e+00	0.62546	 9.9654e-01
47.623	 1.5182e+00	0.15033	1.0	 1.5212e-01	 1.0002e+00	0.62611	 9.9657e-01
47.651	 1.5189e+00	0.15053	1.0	 1.5232e-01	 1.0002e+00	0.62676	 9.9658e-01
47.68	 1.5195e+00	0.15073	1.0	 1.5252e-01	 1.0002e+00	0.62741	 9.9660e-01
47.709	 1.5200e+00	0.15093	1.0001	 1.5272e-01	 1.0002e+00	0.62807	 9.9661e-01
47.738	 1.5208e+00	0.15113	1.0001	 1.5293e-01	 1.0002e+00	0.62872	 9.9663e-01
47.767	 1.5211e+00	0.15133	1.0001	 1.5313e-01	 1.0002e+00	0.62937	 9.9666e-01
47.795	 1.5219e+00	0.15153	1.0002	 1.5333e-01	 1.0002e+00	0.63003	 9.9667e-01
47.824	 1.5221e+00	0.15173	1.0002	 1.5354e-01	 1.0002e+00	0.63068	 9.9671e-01
47.853	 1.5227e+00	0.15193	1.0003	 1.5374e-01	 1.0002e+00	0.63133	 9.9672e-01
47.882	 1.5230e+00	0.15213	1.0003	 1.5394e-01	 1.0002e+00	0.63199	 9.9676e-01
47.911	 1.5231e+00	0.15233	1.0004	 1.5415e-01	 1.0002e+00	0.63265	 9.9677e-01
47.94	 1.5236e+00	0.15253	1.0005	 1.5435e-01	 1.0002e+00	0.6333	 9.9679e-01
47.968	 1.5236e+00	0.15273	1.0005	 1.5455e-01	 1.0002e+00	0.63396	 9.9681e-01
47.997	 1.5241e+00	0.15293	1.0006	 1.5476e-01	 1.0002e+00	0.63462	 9.9681e-01
48.026	 1.5239e+00	0.15314	1.0007	 1.5496e-01	 1.0003e+00	0.63528	 9.9681e-01
48.055	 1.5242e+00	0.15334	1.0007	 1.5516e-01	 1.0003e+00	0.63594	 9.9678e-01
48.084	 1.5241e+00	0.15354	1.0008	 1.5537e-01	 1.0003e+00	0.6366	 9.9676e-01
48.112	 1.5241e+00	0.15374	1.0008	 1.5557e-01	 1.0003e+00	0.63726	 9.9672e-01
48.141	 1.5243e+00	0.15394	1.0009	 1.5578e-01	 1.0003e+00	0.63792	 9.9668e-01
48.17	 1.5239e+00	0.15415	1.0009	 1.5598e-01	 1.0003e+00	0.63858	 9.9664e-01
48.199	 1.5242e+00	0.15435	1.001	 1.5619e-01	 1.0003e+00	0.63924	 9.9658e-01
48.228	 1.5238e+00	0.15455	1.001	 1.5639e-01	 1.0003e+00	0.6399	 9.9654e-01
48.257	 1.5238e+00	0.15475	1.001	 1.5660e-01	 1.0003e+00	0.64057	 9.9647e-01
48.285	 1.5236e+00	0.15496	1.0011	 1.5681e-01	 1.0003e+00	0.64123	 9.9642e-01
48.314	 1.5234e+00	0.15516	1.0011	 1.5701e-01	 1.0003e+00	0.6419	 9.9634e-01
48.343	 1.5234e+00	0.15536	1.0011	 1.5722e-01	 1.0003e+00	0.64256	 9.9628e-01
48.372	 1.5230e+00	0.15557	1.0011	 1.5742e-01	 1.0003e+00	0.64323	 9.9621e-01
48.401	 1.5232e+00	0.15577	1.0011	 1.5763e-01	 1.0003e+00	0.6439	 9.9614e-01
48.43	 1.5228e+00	0.15598	1.001	 1.5784e-01	 1.0003e+00	0.64456	 9.9608e-01
48.458	 1.5229e+00	0.15618	1.001	 1.5804e-01	 1.0003e+00	0.64523	 9.9602e-01
48.487	 1.5227e+00	0.15638	1.001	 1.5825e-01	 1.0003e+00	0.6459	 9.9597e-01
48.516	 1.5227e+00	0.15659	1.001	 1.5846e-01	 1.0003e+00	0.64657	 9.9591e-01
48.545	 1.5229e+00	0.15679	1.0009	 1.5867e-01	 1.0003e+00	0.64724	 9.9587e-01
48.574	 1.5228e+00	0.157	1.0009	 1.5887e-01	 1.0002e+00	0.64791	 9.9584e-01
48.603	 1.5232e+00	0.1572	1.0009	 1.5908e-01	 1.0002e+00	0.64858	 9.9581e-01
48.631	 1.5231e+00	0.15741	1.0008	 1.5929e-01	 1.0002e+00	0.64925	 9.9580e-01
48.66	 1.5236e+00	0.15761	1.0008	 1.5950e-01	 1.0002e+00	0.64992	 9.9578e-01
48.689	 1.5238e+00	0.15782	1.0008	 1.5971e-01	 1.0002e+00	0.65059	 9.9579e-01
48.718	 1.5242e+00	0.15802	1.0008	 1.5991e-01	 1.0002e+00	0.65127	 9.9578e-01
48.747	 1.5247e+00	0.15823	1.0007	 1.6012e-01	 1.0001e+00	0.65194	 9.9579e-01
48.776	 1.5250e+00	0.15844	1.0007	 1.6033e-01	 1.0001e+00	0.65261	 9.9580e-01
48.804	 1.5258e+00	0.15864	1.0007	 1.6054e-01	 1.0001e+00	0.65329	 9.9582e-01
48.833	 1.5260e+00	0.15885	1.0006	 1.6075e-01	 1.0001e+00	0.65397	 9.9585e-01
48.862	 1.5269e+00	0.15906	1.0006	 1.6096e-01	 1.0001e+00	0.65464	 9.9586e-01
48.891	 1.5273e+00	0.15926	1.0006	 1.6117e-01	 1.0001e+00	0.65532	 9.9590e-01
48.92	 1.5280e+00	0.15947	1.0006	 1.6138e-01	 1.0002e+00	0.656	 9.9593e-01
48.949	 1.5288e+00	0.15968	1.0006	 1.6159e-01	 1.0002e+00	0.65668	 9.9597e-01
48.977	 1.5293e+00	0.15988	1.0006	 1.6180e-01	 1.0002e+00	0.65735	 9.9601e-01
49.006	 1.5303e+00	0.16009	1.0006	 1.6201e-01	 1.0002e+00	0.65803	 9.9605e-01
49.035	 1.5306e+00	0.1603	1.0006	 1.6222e-01	 1.0002e+00	0.65871	 9.9609e-01
49.064	 1.5315e+00	0.16051	1.0006	 1.6243e-01	 1.0002e+00	0.65939	 9.9613e-01
49.093	 1.5319e+00	0.16071	1.0006	 1.6265e-01	 1.0002e+00	0.66007	 9.9618e-01
49.121	 1.5326e+00	0.16092	1.0006	 1.6286e-01	 1.0002e+00	0.66076	 9.9622e-01
49.15	 1.5332e+00	0.16113	1.0006	 1.6307e-01	 1.0002e+00	0.66144	 9.9627e-01
49.179	 1.5336e+00	0.16134	1.0006	 1.6328e-01	 1.0002e+00	0.66212	 9.9631e-01
49.208	 1.5343e+00	0.16155	1.0006	 1.6349e-01	 1.0002e+00	0.66281	 9.9635e-01
49.237	 1.5344e+00	0.16176	1.0006	 1.6371e-01	 1.0002e+00	0.66349	 9.9639e-01
49.266	 1.5352e+00	0.16197	1.0006	 1.6392e-01	 1.0002e+00	0.66418	 9.9641e-01
49.294	 1.5353e+00	0.16218	1.0006	 1.6413e-01	 1.0002e+00	0.66486	 9.9645e-01
49.323	 1.5358e+00	0.16239	1.0006	 1.6434e-01	 1.0002e+00	0.66555	 9.9647e-01
49.352	 1.5362e+00	0.1626	1.0006	 1.6456e-01	 1.0002e+00	0.66624	 9.9651e-01
49.381	 1.5364e+00	0.16281	1.0006	 1.6477e-01	 1.0002e+00	0.66692	 9.9653e-01
49.41	 1.5369e+00	0.16302	1.0006	 1.6498e-01	 1.0002e+00	0.66761	 9.9655e-01
49.438	 1.5369e+00	0.16323	1.0006	 1.6520e-01	 1.0002e+00	0.6683	 9.9658e-01
49.467	 1.5374e+00	0.16344	1.0006	 1.6541e-01	 1.0002e+00	0.66899	 9.9659e-01
49.496	 1.5374e+00	0.16365	1.0006	 1.6563e-01	 1.0002e+00	0.66968	 9.9662e-01
49.525	 1.5378e+00	0.16387	1.0006	 1.6584e-01	 1.0002e+00	0.67037	 9.9663e-01
49.553	 1.5381e+00	0.16408	1.0006	 1.6606e-01	 1.0002e+00	0.67106	 9.9665e-01
49.582	 1.5382e+00	0.16429	1.0007	 1.6627e-01	 1.0002e+00	0.67175	 9.9666e-01
49.611	 1.5387e+00	0.1645	1.0007	 1.6648e-01	 1.0002e+00	0.67244	 9.9667e-01
49.64	 1.5386e+00	0.16471	1.0007	 1.6670e-01	 1.0002e+00	0.67314	 9.9668e-01
49.669	 1.5392e+00	0.16492	1.0007	 1.6691e-01	 1.0001e+00	0.67383	 9.9668e-01
49.697	 1.5391e+00	0.16514	1.0007	 1.6713e-01	 1.0001e+00	0.67452	 9.9669e-01
49.726	 1.5395e+00	0.16535	1.0007	 1.6734e-01	 1.0001e+00	0.67522	 9.9668e-01
49.755	 1.5398e+00	0.16556	1.0007	 1.6756e-01	 1.0001e+00	0.67591	 9.9668e-01
49.784	 1.5399e+00	0.16577	1.0007	 1.6778e-01	 1.0000e+00	0.67661	 9.9667e-01
49.813	 1.5404e+00	0.16599	1.0007	 1.6799e-01	 1.0000e+00	0.67731	 9.9666e-01
49.841	 1.5403e+00	0.1662	1.0007	 1.6821e-01	 1.0000e+00	0.678	 9.9665e-01
49.87	 1.5409e+00	0.16641	1.0007	 1.6842e-01	 9.9997e-01	0.6787	 9.9663e-01
49.899	 1.5408e+00	0.16663	1.0006	 1.6864e-01	 9.9995e-01	0.6794	 9.9662e-01
49.928	 1.5413e+00	0.16684	1.0006	 1.6886e-01	 9.9993e-01	0.6801	 9.9659e-01
49.956	 1.5415e+00	0.16706	1.0006	 1.6907e-01	 9.9990e-01	0.6808	 9.9659e-01
49.985	 1.5418e+00	0.16727	1.0006	 1.6929e-01	 9.9987e-01	0.6815	 9.9656e-01
50.014	 1.5423e+00	0.16748	1.0005	 1.6951e-01	 9.9985e-01	0.6822	 9.9654e-01
50.043	 1.5423e+00	0.1677	1.0005	 1.6972e-01	 9.9983e-01	0.68291	 9.9652e-01
50.071	 1.5430e+00	0.16791	1.0005	 1.6994e-01	 9.9982e-01	0.68361	 9.9650e-01
50.1	 1.5430e+00	0.16813	1.0004	 1.7016e-01	 9.9980e-01	0.68431	 9.9649e-01
50.129	 1.5435e+00	0.16834	1.0004	 1.7038e-01	 9.9980e-01	0.68502	 9.9645e-01
50.158	 1.5438e+00	0.16856	1.0004	 1.7060e-01	 9.9979e-01	0.68572	 9.9644e-01
50.186	 1.5441e+00	0.16878	1.0004	 1.7082e-01	 9.9979e-01	0.68643	 9.9641e-01
50.215	 1.5446e+00	0.16899	1.0005	 1.7104e-01	 9.9980e-01	0.68713	 9.9639e-01
50.244	 1.5446e+00	0.16921	1.0005	 1.7125e-01	 9.9980e-01	0.68784	 9.9636e-01
50.273	 1.5452e+00	0.16942	1.0005	 1.7147e-01	 9.9981e-01	0.68855	 9.9634e-01
50.301	 1.5452e+00	0.16964	1.0005	 1.7169e-01	 9.9982e-01	0.68925	 9.9632e-01
50.33	 1.5457e+00	0.16986	1.0005	 1.7191e-01	 9.9983e-01	0.68996	 9.9629e-01
50.359	 1.5457e+00	0.17007	1.0006	 1.7213e-01	 9.9984e-01	0.69067	 9.9628e-01
50.387	 1.5459e+00	0.17029	1.0006	 1.7235e-01	 9.9986e-01	0.69138	 9.9626e-01
50.416	 1.5462e+00	0.17051	1.0006	 1.7257e-01	 9.9987e-01	0.69209	 9.9626e-01
50.445	 1.5461e+00	0.17072	1.0006	 1.7279e-01	 9.9988e-01	0.6928	 9.9626e-01
50.474	 1.5464e+00	0.17094	1.0006	 1.7302e-01	 9.9989e-01	0.69351	 9.9627e-01
50.502	 1.5462e+00	0.17116	1.0006	 1.7324e-01	 9.9990e-01	0.69423	 9.9629e-01
50.531	 1.5466e+00	0.17138	1.0005	 1.7346e-01	 9.9992e-01	0.69494	 9.9631e-01
50.56	 1.5465e+00	0.1716	1.0005	 1.7368e-01	 9.9993e-01	0.69565	 9.9636e-01
50.588	 1.5467e+00	0.17182	1.0005	 1.7390e-01	 9.9994e-01	0.69637	 9.9639e-01
50.617	 1.5470e+00	0.17204	1.0004	 1.7412e-01	 9.9995e-01	0.69708	 9.9645e-01
50.646	 1.5469e+00	0.17226	1.0004	 1.7434e-01	 9.9996e-01	0.6978	 9.9649e-01
50.674	 1.5473e+00	0.17248	1.0004	 1.7457e-01	 9.9996e-01	0.69852	 9.9654e-01
50.703	 1.5472e+00	0.1727	1.0003	 1.7479e-01	 9.9997e-01	0.69923	 9.9659e-01
50.732	 1.5476e+00	0.17292	1.0003	 1.7501e-01	 9.9997e-01	0.69995	 9.9662e-01
50.76	 1.5477e+00	0.17314	1.0003	 1.7523e-01	 9.9997e-01	0.70067	 9.9667e-01
50.789	 1.5479e+00	0.17336	1.0003	 1.7546e-01	 9.9998e-01	0.70139	 9.9669e-01
50.818	 1.5482e+00	0.17358	1.0002	 1.7568e-01	 9.9998e-01	0.70211	 9.9672e-01
50.846	 1.5481e+00	0.1738	1.0002	 1.7590e-01	 9.9997e-01	0.70283	 9.9675e-01
50.875	 1.5485e+00	0.17402	1.0002	 1.7613e-01	 9.9997e-01	0.70355	 9.9677e-01
50.904	 1.5483e+00	0.17424	1.0002	 1.7635e-01	 9.9997e-01	0.70427	 9.9679e-01
50.932	 1.5487e+00	0.17446	1.0002	 1.7657e-01	 9.9996e-01	0.70499	 9.9680e-01
50.961	 1.5486e+00	0.17468	1.0002	 1.7680e-01	 9.9995e-01	0.70572	 9.9682e-01
50.989	 1.5488e+00	0.1749	1.0002	 1.7702e-01	 9.9995e-01	0.70644	 9.9681e-01
51.018	 1.5490e+00	0.17513	1.0002	 1.7725e-01	 9.9993e-01	0.70717	 9.9682e-01
51.047	 1.5489e+00	0.17535	1.0002	 1.7747e-01	 9.9993e-01	0.70789	 9.9681e-01
51.075	 1.5494e+00	0.17557	1.0002	 1.7770e-01	 9.9991e-01	0.70861	 9.9681e-01
51.104	 1.5493e+00	0.17579	1.0002	 1.7792e-01	 9.9990e-01	0.70934	 9.9680e-01
51.133	 1.5499e+00	0.17601	1.0002	 1.7815e-01	 9.9989e-01	0.71007	 9.9678e-01
51.161	 1.5501e+00	0.17624	1.0002	 1.7837e-01	 9.9988e-01	0.7108	 9.9677e-01
51.19	 1.5506e+00	0.17646	1.0002	 1.7860e-01	 9.9987e-01	0.71152	 9.9674e-01
51.218	 1.5511e+00	0.17668	1.0002	 1.7883e-01	 9.9986e-01	0.71225	 9.9672e-01
51.247	 1.5515e+00	0.17691	1.0002	 1.7905e-01	 9.9985e-01	0.71298	 9.9669e-01
51.275	 1.5524e+00	0.17713	1.0002	 1.7928e-01	 9.9984e-01	0.71372	 9.9667e-01
51.304	 1.5527e+00	0.17736	1.0002	 1.7951e-01	 9.9983e-01	0.71445	 9.9664e-01
51.332	 1.5538e+00	0.17758	1.0002	 1.7973e-01	 9.9983e-01	0.71518	 9.9661e-01
51.361	 1.5543e+00	0.1778	1.0002	 1.7996e-01	 9.9982e-01	0.71591	 9.9660e-01
51.389	 1.5553e+00	0.17803	1.0002	 1.8019e-01	 9.9982e-01	0.71665	 9.9656e-01
51.418	 1.5561e+00	0.17825	1.0002	 1.8041e-01	 9.9982e-01	0.71738	 9.9654e-01
51.447	 1.5568e+00	0.17848	1.0002	 1.8064e-01	 9.9982e-01	0.71812	 9.9651e-01
51.475	 1.5579e+00	0.1787	1.0002	 1.8087e-01	 9.9982e-01	0.71885	 9.9648e-01
51.504	 1.5584e+00	0.17893	1.0002	 1.8110e-01	 9.9983e-01	0.71959	 9.9646e-01
51.532	 1.5596e+00	0.17915	1.0002	 1.8133e-01	 9.9984e-01	0.72032	 9.9642e-01
51.561	 1.5602e+00	0.17938	1.0002	 1.8156e-01	 9.9985e-01	0.72106	 9.9641e-01
51.589	 1.5611e+00	0.17961	1.0002	 1.8178e-01	 9.9987e-01	0.7218	 9.9637e-01
51.618	 1.5618e+00	0.17983	1.0001	 1.8201e-01	 9.9988e-01	0.72254	 9.9636e-01
51.646	 1.5625e+00	0.18006	1.0001	 1.8224e-01	 9.9990e-01	0.72328	 9.9634e-01
51.675	 1.5634e+00	0.18028	1.0001	 1.8247e-01	 9.9991e-01	0.72402	 9.9632e-01
51.703	 1.5637e+00	0.18051	1.0	 1.8270e-01	 9.9994e-01	0.72476	 9.9631e-01
51.732	 1.5647e+00	0.18074	0.99998	 1.8293e-01	 9.9996e-01	0.7255	 9.9630e-01
51.76	 1.5651e+00	0.18096	0.99994	 1.8316e-01	 9.9998e-01	0.72625	 9.9631e-01
51.788	 1.5658e+00	0.18119	0.99991	 1.8339e-01	 1.0000e+00	0.72699	 9.9630e-01
51.817	 1.5663e+00	0.18142	0.99988	 1.8362e-01	 1.0000e+00	0.72773	 9.9633e-01
51.845	 1.5667e+00	0.18165	0.99987	 1.8385e-01	 1.0000e+00	0.72848	 9.9634e-01
51.874	 1.5674e+00	0.18187	0.99985	 1.8408e-01	 1.0001e+00	0.72922	 9.9636e-01
51.902	 1.5675e+00	0.1821	0.99985	 1.8432e-01	 1.0001e+00	0.72997	 9.9639e-01
51.931	 1.5682e+00	0.18233	0.99986	 1.8455e-01	 1.0001e+00	0.73072	 9.9641e-01
51.959	 1.5682e+00	0.18256	0.99986	 1.8478e-01	 1.0001e+00	0.73146	 9.9645e-01
51.988	 1.5687e+00	0.18279	0.99989	 1.8501e-01	 1.0002e+00	0.73221	 9.9646e-01
52.016	 1.5688e+00	0.18302	0.99991	 1.8524e-01	 1.0002e+00	0.73296	 9.9649e-01
52.044	 1.5689e+00	0.18325	0.99996	 1.8547e-01	 1.0002e+00	0.73371	 9.9650e-01
52.073	 1.5692e+00	0.18348	1.0	 1.8570e-01	 1.0002e+00	0.73446	 9.9653e-01
52.101	 1.5690e+00	0.18371	1.0001	 1.8594e-01	 1.0002e+00	0.73521	 9.9654e-01
52.13	 1.5694e+00	0.18394	1.0001	 1.8617e-01	 1.0002e+00	0.73596	 9.9654e-01
52.158	 1.5692e+00	0.18417	1.0002	 1.8640e-01	 1.0002e+00	0.73671	 9.9655e-01
52.186	 1.5695e+00	0.1844	1.0002	 1.8664e-01	 1.0002e+00	0.73747	 9.9654e-01
52.215	 1.5694e+00	0.18463	1.0003	 1.8687e-01	 1.0002e+00	0.73822	 9.9654e-01
52.243	 1.5694e+00	0.18486	1.0004	 1.8710e-01	 1.0002e+00	0.73897	 9.9652e-01
52.271	 1.5695e+00	0.18509	1.0005	 1.8734e-01	 1.0002e+00	0.73973	 9.9652e-01
52.3	 1.5692e+00	0.18532	1.0005	 1.8757e-01	 1.0002e+00	0.74048	 9.9651e-01
52.328	 1.5695e+00	0.18555	1.0006	 1.8781e-01	 1.0002e+00	0.74124	 9.9649e-01
52.356	 1.5692e+00	0.18578	1.0006	 1.8804e-01	 1.0001e+00	0.74199	 9.9649e-01
52.385	 1.5693e+00	0.18602	1.0007	 1.8827e-01	 1.0001e+00	0.74275	 9.9648e-01
52.413	 1.5691e+00	0.18625	1.0007	 1.8851e-01	 1.0001e+00	0.74351	 9.9649e-01
52.441	 1.5690e+00	0.18648	1.0008	 1.8874e-01	 1.0001e+00	0.74427	 9.9649e-01
52.469	 1.5690e+00	0.18671	1.0008	 1.8898e-01	 1.0000e+00	0.74503	 9.9650e-01
52.498	 1.5688e+00	0.18694	1.0008	 1.8922e-01	 1.0000e+00	0.74579	 9.9651e-01
52.526	 1.5691e+00	0.18718	1.0008	 1.8945e-01	 1.0000e+00	0.74655	 9.9653e-01
52.554	 1.5689e+00	0.18741	1.0008	 1.8969e-01	 1.0000e+00	0.74731	 9.9655e-01
52.582	 1.5692e+00	0.18764	1.0008	 1.8992e-01	 1.0000e+00	0.74807	 9.9657e-01
52.611	 1.5692e+00	0.18788	1.0008	 1.9016e-01	 9.9998e-01	0.74884	 9.9661e-01
52.639	 1.5695e+00	0.18811	1.0008	 1.9040e-01	 9.9998e-01	0.7496	 9.9663e-01
52.667	 1.5698e+00	0.18834	1.0007	 1.9063e-01	 9.9998e-01	0.75036	 9.9667e-01
52.695	 1.5699e+00	0.18858	1.0007	 1.9087e-01	 9.9998e-01	0.75113	 9.9669e-01
52.724	 1.5705e+00	0.18881	1.0007	 1.9111e-01	 9.9999e-01	0.75189	 9.9672e-01
52.752	 1.5705e+00	0.18905	1.0007	 1.9134e-01	 9.9999e-01	0.75266	 9.9675e-01
52.78	 1.5711e+00	0.18928	1.0007	 1.9158e-01	 1.0000e+00	0.75343	 9.9676e-01
52.808	 1.5711e+00	0.18952	1.0007	 1.9182e-01	 1.0000e+00	0.75419	 9.9679e-01
52.836	 1.5715e+00	0.18975	1.0007	 1.9206e-01	 1.0000e+00	0.75496	 9.9679e-01
52.864	 1.5717e+00	0.18999	1.0007	 1.9230e-01	 1.0000e+00	0.75573	 9.9681e-01
52.892	 1.5718e+00	0.19022	1.0006	 1.9254e-01	 1.0000e+00	0.7565	 9.9681e-01
52.921	 1.5723e+00	0.19046	1.0006	 1.9278e-01	 1.0000e+00	0.75727	 9.9682e-01
52.949	 1.5722e+00	0.1907	1.0006	 1.9301e-01	 1.0000e+00	0.75804	 9.9683e-01
52.977	 1.5726e+00	0.19093	1.0006	 1.9325e-01	 1.0000e+00	0.75881	 9.9682e-01
53.005	 1.5726e+00	0.19117	1.0006	 1.9349e-01	 1.0000e+00	0.75959	 9.9684e-01
53.033	 1.5728e+00	0.19141	1.0006	 1.9373e-01	 1.0000e+00	0.76036	 9.9682e-01
53.061	 1.5730e+00	0.19164	1.0006	 1.9397e-01	 1.0000e+00	0.76113	 9.9683e-01
53.089	 1.5731e+00	0.19188	1.0006	 1.9421e-01	 1.0000e+00	0.76191	 9.9682e-01
53.117	 1.5735e+00	0.19212	1.0006	 1.9445e-01	 1.0000e+00	0.76268	 9.9681e-01
53.145	 1.5735e+00	0.19236	1.0006	 1.9469e-01	 9.9999e-01	0.76346	 9.9681e-01
53.173	 1.5740e+00	0.19259	1.0006	 1.9493e-01	 9.9998e-01	0.76424	 9.9678e-01
53.201	 1.5740e+00	0.19283	1.0006	 1.9517e-01	 9.9998e-01	0.76502	 9.9677e-01
53.229	 1.5744e+00	0.19307	1.0006	 1.9541e-01	 9.9997e-01	0.7658	 9.9674e-01
53.257	 1.5746e+00	0.19331	1.0006	 1.9566e-01	 9.9997e-01	0.76658	 9.9672e-01
53.285	 1.5748e+00	0.19355	1.0006	 1.9590e-01	 9.9997e-01	0.76736	 9.9668e-01
53.313	 1.5753e+00	0.19379	1.0006	 1.9614e-01	 9.9996e-01	0.76814	 9.9665e-01
53.341	 1.5753e+00	0.19403	1.0006	 1.9638e-01	 9.9996e-01	0.76892	 9.9662e-01
53.369	 1.5759e+00	0.19427	1.0006	 1.9662e-01	 9.9997e-01	0.7697	 9.9658e-01
53.397	 1.5760e+00	0.19451	1.0006	 1.9687e-01	 9.9997e-01	0.77048	 9.9656e-01
53.425	 1.5765e+00	0.19475	1.0006	 1.9711e-01	 9.9999e-01	0.77126	 9.9651e-01
53.453	 1.5767e+00	0.19499	1.0006	 1.9735e-01	 1.0000e+00	0.77205	 9.9650e-01
53.481	 1.5770e+00	0.19523	1.0006	 1.9760e-01	 1.0000e+00	0.77284	 9.9646e-01
53.509	 1.5776e+00	0.19547	1.0006	 1.9784e-01	 1.0000e+00	0.77362	 9.9645e-01
53.537	 1.5777e+00	0.19571	1.0006	 1.9808e-01	 1.0000e+00	0.77441	 9.9643e-01
53.565	 1.5783e+00	0.19595	1.0006	 1.9833e-01	 1.0001e+00	0.77519	 9.9641e-01
53.593	 1.5783e+00	0.19619	1.0005	 1.9857e-01	 1.0001e+00	0.77598	 9.9640e-01
53.62	 1.5788e+00	0.19643	1.0005	 1.9882e-01	 1.0001e+00	0.77677	 9.9638e-01
53.648	 1.5789e+00	0.19667	1.0005	 1.9906e-01	 1.0001e+00	0.77756	 9.9638e-01
53.676	 1.5791e+00	0.19692	1.0005	 1.9931e-01	 1.0002e+00	0.77835	 9.9635e-01
53.704	 1.5795e+00	0.19716	1.0005	 1.9955e-01	 1.0002e+00	0.77914	 9.9634e-01
53.732	 1.5794e+00	0.1974	1.0005	 1.9980e-01	 1.0002e+00	0.77993	 9.9632e-01
53.76	 1.5798e+00	0.19764	1.0005	 2.0004e-01	 1.0003e+00	0.78072	 9.9629e-01
53.787	 1.5796e+00	0.19788	1.0004	 2.0029e-01	 1.0003e+00	0.78152	 9.9627e-01
53.815	 1.5800e+00	0.19813	1.0004	 2.0053e-01	 1.0003e+00	0.78231	 9.9623e-01
53.843	 1.5800e+00	0.19837	1.0004	 2.0078e-01	 1.0004e+00	0.78311	 9.9622e-01
53.871	 1.5801e+00	0.19861	1.0004	 2.0103e-01	 1.0004e+00	0.7839	 9.9618e-01
53.898	 1.5804e+00	0.19886	1.0004	 2.0127e-01	 1.0004e+00	0.7847	 9.9616e-01
53.926	 1.5803e+00	0.1991	1.0004	 2.0152e-01	 1.0004e+00	0.78549	 9.9614e-01
53.954	 1.5809e+00	0.19934	1.0004	 2.0177e-01	 1.0004e+00	0.78629	 9.9611e-01
53.981	 1.5808e+00	0.19959	1.0004	 2.0201e-01	 1.0005e+00	0.78709	 9.9611e-01
54.009	 1.5813e+00	0.19983	1.0004	 2.0226e-01	 1.0005e+00	0.78788	 9.9609e-01
54.037	 1.5815e+00	0.20008	1.0004	 2.0251e-01	 1.0005e+00	0.78868	 9.9609e-01
54.065	 1.5818e+00	0.20032	1.0004	 2.0275e-01	 1.0005e+00	0.78948	 9.9607e-01
54.092	 1.5824e+00	0.20057	1.0004	 2.0300e-01	 1.0004e+00	0.79029	 9.9608e-01
54.12	 1.5826e+00	0.20081	1.0004	 2.0325e-01	 1.0004e+00	0.79109	 9.9607e-01
54.147	 1.5834e+00	0.20106	1.0004	 2.0350e-01	 1.0004e+00	0.79189	 9.9608e-01
54.175	 1.5836e+00	0.20131	1.0004	 2.0375e-01	 1.0004e+00	0.79269	 9.9609e-01
54.203	 1.5844e+00	0.20155	1.0005	 2.0400e-01	 1.0004e+00	0.7935	 9.9610e-01
54.23	 1.5848e+00	0.2018	1.0004	 2.0425e-01	 1.0003e+00	0.7943	 9.9613e-01
54.258	 1.5855e+00	0.20205	1.0005	 2.0450e-01	 1.0003e+00	0.79511	 9.9615e-01
54.285	 1.5863e+00	0.20229	1.0005	 2.0475e-01	 1.0003e+00	0.79592	 9.9620e-01
54.313	 1.5868e+00	0.20254	1.0005	 2.0500e-01	 1.0003e+00	0.79672	 9.9624e-01
54.34	 1.5878e+00	0.20279	1.0005	 2.0525e-01	 1.0003e+00	0.79753	 9.9629e-01
54.368	 1.5881e+00	0.20303	1.0005	 2.0550e-01	 1.0002e+00	0.79834	 9.9635e-01
54.395	 1.5891e+00	0.20328	1.0005	 2.0575e-01	 1.0002e+00	0.79915	 9.9639e-01
54.423	 1.5896e+00	0.20353	1.0004	 2.0600e-01	 1.0002e+00	0.79996	 9.9646e-01
54.45	 1.5903e+00	0.20378	1.0005	 2.0626e-01	 1.0002e+00	0.80077	 9.9650e-01
54.478	 1.5911e+00	0.20403	1.0004	 2.0651e-01	 1.0002e+00	0.80158	 9.9655e-01
54.505	 1.5916e+00	0.20428	1.0004	 2.0676e-01	 1.0002e+00	0.80239	 9.9659e-01
54.533	 1.5926e+00	0.20453	1.0004	 2.0701e-01	 1.0002e+00	0.80321	 9.9663e-01
54.56	 1.5930e+00	0.20477	1.0004	 2.0727e-01	 1.0002e+00	0.80402	 9.9667e-01
54.587	 1.5940e+00	0.20502	1.0004	 2.0752e-01	 1.0002e+00	0.80483	 9.9670e-01
54.615	 1.5945e+00	0.20527	1.0004	 2.0777e-01	 1.0001e+00	0.80565	 9.9675e-01
54.642	 1.5954e+00	0.20552	1.0004	 2.0802e-01	 1.0001e+00	0.80646	 9.9677e-01
54.669	 1.5962e+00	0.20577	1.0004	 2.0828e-01	 1.0001e+00	0.80728	 9.9682e-01
54.697	 1.5968e+00	0.20603	1.0004	 2.0853e-01	 1.0001e+00	0.8081	 9.9685e-01
54.724	 1.5978e+00	0.20627	1.0004	 2.0879e-01	 1.0001e+00	0.80892	 9.9689e-01
54.752	 1.5982e+00	0.20653	1.0004	 2.0904e-01	 1.0001e+00	0.80974	 9.9694e-01
54.779	 1.5991e+00	0.20678	1.0003	 2.0930e-01	 1.0001e+00	0.81056	 9.9698e-01
54.806	 1.5994e+00	0.20703	1.0003	 2.0955e-01	 1.0001e+00	0.81138	 9.9703e-01
54.833	 1.6000e+00	0.20728	1.0003	 2.0980e-01	 1.0001e+00	0.8122	 9.9707e-01
54.861	 1.6005e+00	0.20753	1.0003	 2.1006e-01	 1.0001e+00	0.81302	 9.9712e-01
54.888	 1.6008e+00	0.20778	1.0002	 2.1031e-01	 1.0001e+00	0.81384	 9.9716e-01
54.915	 1.6013e+00	0.20804	1.0002	 2.1057e-01	 1.0001e+00	0.81466	 9.9719e-01
54.942	 1.6012e+00	0.20829	1.0001	 2.1082e-01	 1.0001e+00	0.81549	 9.9723e-01
54.969	 1.6016e+00	0.20854	1.0	 2.1108e-01	 1.0001e+00	0.81631	 9.9724e-01
54.996	 1.6014e+00	0.2088	0.99998	 2.1134e-01	 1.0001e+00	0.81714	 9.9727e-01
55.024	 1.6015e+00	0.20905	0.99992	 2.1159e-01	 1.0001e+00	0.81797	 9.9727e-01
55.051	 1.6014e+00	0.2093	0.99985	 2.1185e-01	 1.0001e+00	0.81879	 9.9728e-01
55.078	 1.6011e+00	0.20956	0.99979	 2.1210e-01	 1.0001e+00	0.81962	 9.9727e-01
55.105	 1.6012e+00	0.20981	0.99973	 2.1236e-01	 1.0001e+00	0.82045	 9.9727e-01
55.132	 1.6007e+00	0.21007	0.99967	 2.1262e-01	 1.0001e+00	0.82128	 9.9726e-01
55.159	 1.6008e+00	0.21032	0.99962	 2.1288e-01	 1.0001e+00	0.82211	 9.9725e-01
55.186	 1.6004e+00	0.21057	0.99957	 2.1314e-01	 1.0001e+00	0.82294	 9.9724e-01
55.213	 1.6004e+00	0.21083	0.99954	 2.1339e-01	 1.0001e+00	0.82377	 9.9721e-01
55.24	 1.6002e+00	0.21108	0.9995	 2.1365e-01	 1.0001e+00	0.8246	 9.9720e-01
55.267	 1.6000e+00	0.21134	0.99948	 2.1391e-01	 1.0001e+00	0.82544	 9.9716e-01
55.294	 1.6001e+00	0.2116	0.99946	 2.1417e-01	 1.0001e+00	0.82627	 9.9712e-01
55.321	 1.5998e+00	0.21185	0.99946	 2.1443e-01	 1.0001e+00	0.8271	 9.9708e-01
55.348	 1.6001e+00	0.21211	0.99946	 2.1469e-01	 1.0001e+00	0.82794	 9.9702e-01
55.375	 1.5998e+00	0.21236	0.99946	 2.1495e-01	 1.0001e+00	0.82878	 9.9697e-01
55.402	 1.6001e+00	0.21262	0.99948	 2.1521e-01	 1.0001e+00	0.82961	 9.9689e-01
55.429	 1.6002e+00	0.21288	0.99949	 2.1547e-01	 1.0000e+00	0.83045	 9.9683e-01
55.456	 1.6004e+00	0.21313	0.99951	 2.1573e-01	 1.0001e+00	0.83129	 9.9675e-01
55.482	 1.6009e+00	0.21339	0.99954	 2.1599e-01	 1.0000e+00	0.83213	 9.9669e-01
55.509	 1.6009e+00	0.21365	0.99956	 2.1625e-01	 1.0001e+00	0.83297	 9.9663e-01
55.536	 1.6015e+00	0.21391	0.9996	 2.1651e-01	 1.0001e+00	0.83381	 9.9657e-01
55.563	 1.6016e+00	0.21416	0.99962	 2.1677e-01	 1.0001e+00	0.83466	 9.9653e-01
55.59	 1.6022e+00	0.21442	0.99966	 2.1703e-01	 1.0001e+00	0.8355	 9.9647e-01
55.616	 1.6025e+00	0.21468	0.99969	 2.1729e-01	 1.0001e+00	0.83634	 9.9644e-01
55.643	 1.6028e+00	0.21494	0.99972	 2.1755e-01	 1.0001e+00	0.83719	 9.9640e-01
55.67	 1.6032e+00	0.2152	0.99975	 2.1782e-01	 1.0001e+00	0.83803	 9.9638e-01
55.697	 1.6032e+00	0.21546	0.99978	 2.1808e-01	 1.0001e+00	0.83888	 9.9636e-01
55.723	 1.6037e+00	0.21572	0.99981	 2.1834e-01	 1.0002e+00	0.83972	 9.9635e-01
55.75	 1.6035e+00	0.21598	0.99984	 2.1860e-01	 1.0002e+00	0.84057	 9.9636e-01
55.777	 1.6039e+00	0.21624	0.99988	 2.1887e-01	 1.0002e+00	0.84142	 9.9637e-01
55.803	 1.6039e+00	0.2165	0.99991	 2.1913e-01	 1.0002e+00	0.84227	 9.9640e-01
55.83	 1.6040e+00	0.21676	0.99996	 2.1939e-01	 1.0002e+00	0.84312	 9.9642e-01
55.856	 1.6043e+00	0.21702	1.0	 2.1966e-01	 1.0002e+00	0.84397	 9.9647e-01
55.883	 1.6041e+00	0.21728	1.0	 2.1992e-01	 1.0003e+00	0.84482	 9.9652e-01
55.91	 1.6045e+00	0.21754	1.0001	 2.2018e-01	 1.0003e+00	0.84567	 9.9657e-01
55.936	 1.6043e+00	0.2178	1.0001	 2.2045e-01	 1.0003e+00	0.84652	 9.9663e-01
55.963	 1.6047e+00	0.21806	1.0002	 2.2071e-01	 1.0003e+00	0.84738	 9.9668e-01
55.989	 1.6047e+00	0.21832	1.0002	 2.2098e-01	 1.0003e+00	0.84823	 9.9674e-01
56.016	 1.6050e+00	0.21859	1.0003	 2.2124e-01	 1.0003e+00	0.84909	 9.9677e-01
56.042	 1.6053e+00	0.21885	1.0003	 2.2151e-01	 1.0003e+00	0.84994	 9.9681e-01
56.068	 1.6054e+00	0.21911	1.0003	 2.2177e-01	 1.0002e+00	0.8508	 9.9683e-01
56.095	 1.6060e+00	0.21937	1.0003	 2.2204e-01	 1.0002e+00	0.85166	 9.9685e-01
56.121	 1.6062e+00	0.21964	1.0004	 2.2231e-01	 1.0002e+00	0.85252	 9.9686e-01
56.148	 1.6069e+00	0.2199	1.0004	 2.2257e-01	 1.0002e+00	0.85338	 9.9684e-01
56.174	 1.6073e+00	0.22016	1.0004	 2.2284e-01	 1.0002e+00	0.85424	 9.9684e-01
56.2	 1.6080e+00	0.22043	1.0004	 2.2311e-01	 1.0001e+00	0.8551	 9.9680e-01
56.227	 1.6087e+00	0.22069	1.0005	 2.2337e-01	 1.0001e+00	0.85596	 9.9677e-01
56.253	 1.6091e+00	0.22096	1.0005	 2.2364e-01	 1.0001e+00	0.85682	 9.9672e-01
56.279	 1.6101e+00	0.22122	1.0005	 2.2391e-01	 1.0000e+00	0.85768	 9.9667e-01
56.305	 1.6105e+00	0.22148	1.0006	 2.2418e-01	 1.0000e+00	0.85855	 9.9662e-01
56.332	 1.6115e+00	0.22175	1.0006	 2.2444e-01	 1.0000e+00	0.85941	 9.9656e-01
56.358	 1.6120e+00	0.22201	1.0006	 2.2471e-01	 9.9997e-01	0.86028	 9.9651e-01
56.384	 1.6127e+00	0.22228	1.0007	 2.2498e-01	 9.9995e-01	0.86114	 9.9645e-01
56.41	 1.6134e+00	0.22254	1.0007	 2.2525e-01	 9.9992e-01	0.86201	 9.9641e-01
56.436	 1.6138e+00	0.22281	1.0007	 2.2552e-01	 9.9990e-01	0.86288	 9.9635e-01
56.462	 1.6146e+00	0.22307	1.0007	 2.2579e-01	 9.9987e-01	0.86374	 9.9630e-01
56.489	 1.6148e+00	0.22334	1.0007	 2.2606e-01	 9.9985e-01	0.86461	 9.9626e-01
56.515	 1.6156e+00	0.2236	1.0008	 2.2633e-01	 9.9982e-01	0.86548	 9.9621e-01
56.541	 1.6158e+00	0.22387	1.0007	 2.2660e-01	 9.9980e-01	0.86635	 9.9618e-01
56.567	 1.6164e+00	0.22414	1.0007	 2.2687e-01	 9.9979e-01	0.86723	 9.9613e-01
56.593	 1.6167e+00	0.2244	1.0007	 2.2714e-01	 9.9976e-01	0.8681	 9.9610e-01
56.619	 1.6169e+00	0.22467	1.0007	 2.2741e-01	 9.9976e-01	0.86897	 9.9606e-01
56.645	 1.6174e+00	0.22494	1.0006	 2.2768e-01	 9.9975e-01	0.86984	 9.9602e-01
56.67	 1.6174e+00	0.22521	1.0006	 2.2795e-01	 9.9975e-01	0.87072	 9.9599e-01
56.696	 1.6179e+00	0.22547	1.0005	 2.2822e-01	 9.9976e-01	0.8716	 9.9594e-01
56.722	 1.6179e+00	0.22574	1.0005	 2.2849e-01	 9.9977e-01	0.87247	 9.9591e-01
56.748	 1.6182e+00	0.22601	1.0004	 2.2877e-01	 9.9979e-01	0.87335	 9.9586e-01
56.774	 1.6184e+00	0.22628	1.0004	 2.2904e-01	 9.9980e-01	0.87423	 9.9584e-01
56.8	 1.6184e+00	0.22655	1.0003	 2.2931e-01	 9.9983e-01	0.87511	 9.9581e-01
56.826	 1.6186e+00	0.22682	1.0003	 2.2959e-01	 9.9985e-01	0.87599	 9.9579e-01
56.851	 1.6185e+00	0.22709	1.0002	 2.2986e-01	 9.9987e-01	0.87687	 9.9578e-01
56.877	 1.6188e+00	0.22736	1.0002	 2.3013e-01	 9.9990e-01	0.87775	 9.9577e-01
56.903	 1.6186e+00	0.22763	1.0002	 2.3041e-01	 9.9992e-01	0.87863	 9.9578e-01
56.929	 1.6188e+00	0.2279	1.0001	 2.3068e-01	 9.9995e-01	0.87951	 9.9578e-01
56.954	 1.6187e+00	0.22817	1.0001	 2.3095e-01	 9.9996e-01	0.8804	 9.9581e-01
56.98	 1.6186e+00	0.22844	1.0001	 2.3123e-01	 9.9998e-01	0.88128	 9.9583e-01
57.005	 1.6188e+00	0.22871	1.0	 2.3150e-01	 1.0000e+00	0.88217	 9.9587e-01
57.031	 1.6185e+00	0.22898	1.0	 2.3178e-01	 1.0000e+00	0.88305	 9.9591e-01
57.057	 1.6188e+00	0.22925	1.0	 2.3206e-01	 1.0000e+00	0.88394	 9.9595e-01
57.082	 1.6185e+00	0.22953	0.99999	 2.3233e-01	 1.0000e+00	0.88483	 9.9602e-01
57.108	 1.6187e+00	0.2298	0.99999	 2.3261e-01	 1.0000e+00	0.88572	 9.9606e-01
57.133	 1.6186e+00	0.23007	0.99998	 2.3288e-01	 1.0001e+00	0.88661	 9.9612e-01
57.159	 1.6185e+00	0.23034	0.99999	 2.3316e-01	 1.0001e+00	0.8875	 9.9617e-01
57.184	 1.6186e+00	0.23062	0.99999	 2.3343e-01	 1.0001e+00	0.88839	 9.9623e-01
57.21	 1.6183e+00	0.23089	1.0	 2.3371e-01	 1.0001e+00	0.88928	 9.9628e-01
57.235	 1.6185e+00	0.23116	1.0	 2.3399e-01	 1.0001e+00	0.89018	 9.9633e-01
57.261	 1.6182e+00	0.23144	1.0	 2.3426e-01	 1.0001e+00	0.89107	 9.9638e-01
57.286	 1.6183e+00	0.23171	1.0001	 2.3454e-01	 1.0001e+00	0.89196	 9.9641e-01
57.311	 1.6181e+00	0.23198	1.0001	 2.3482e-01	 1.0001e+00	0.89286	 9.9646e-01
57.337	 1.6180e+00	0.23226	1.0001	 2.3510e-01	 1.0002e+00	0.89375	 9.9648e-01
57.362	 1.6181e+00	0.23253	1.0002	 2.3538e-01	 1.0002e+00	0.89465	 9.9651e-01
57.387	 1.6178e+00	0.23281	1.0002	 2.3565e-01	 1.0002e+00	0.89555	 9.9653e-01
57.412	 1.6180e+00	0.23308	1.0002	 2.3593e-01	 1.0002e+00	0.89645	 9.9655e-01
57.438	 1.6178e+00	0.23336	1.0003	 2.3621e-01	 1.0002e+00	0.89735	 9.9658e-01
57.463	 1.6180e+00	0.23363	1.0003	 2.3649e-01	 1.0002e+00	0.89825	 9.9660e-01
57.488	 1.6179e+00	0.23391	1.0004	 2.3677e-01	 1.0002e+00	0.89915	 9.9665e-01
57.513	 1.6179e+00	0.23418	1.0004	 2.3705e-01	 1.0002e+00	0.90005	 9.9668e-01
57.538	 1.6181e+00	0.23446	1.0004	 2.3733e-01	 1.0002e+00	0.90095	 9.9673e-01
57.563	 1.6181e+00	0.23474	1.0005	 2.3761e-01	 1.0002e+00	0.90185	 9.9678e-01
57.588	 1.6186e+00	0.23501	1.0005	 2.3789e-01	 1.0002e+00	0.90276	 9.9682e-01
57.613	 1.6185e+00	0.23529	1.0005	 2.3817e-01	 1.0002e+00	0.90367	 9.9688e-01
57.638	 1.6191e+00	0.23557	1.0005	 2.3845e-01	 1.0002e+00	0.90457	 9.9692e-01
57.663	 1.6193e+00	0.23585	1.0005	 2.3873e-01	 1.0002e+00	0.90548	 9.9698e-01
57.688	 1.6197e+00	0.23612	1.0005	 2.3901e-01	 1.0002e+00	0.90638	 9.9701e-01
57.713	 1.6203e+00	0.2364	1.0005	 2.3929e-01	 1.0001e+00	0.90729	 9.9704e-01
57.738	 1.6207e+00	0.23668	1.0005	 2.3958e-01	 1.0001e+00	0.9082	 9.9707e-01
57.763	 1.6215e+00	0.23696	1.0005	 2.3986e-01	 1.0001e+00	0.90911	 9.9710e-01
57.788	 1.6219e+00	0.23724	1.0005	 2.4014e-01	 1.0001e+00	0.91002	 9.9713e-01
57.812	 1.6229e+00	0.23752	1.0005	 2.4042e-01	 1.0001e+00	0.91094	 9.9715e-01
57.837	 1.6234e+00	0.2378	1.0005	 2.4070e-01	 1.0001e+00	0.91185	 9.9718e-01
57.862	 1.6243e+00	0.23808	1.0005	 2.4099e-01	 1.0001e+00	0.91276	 9.9719e-01
57.887	 1.6252e+00	0.23836	1.0005	 2.4127e-01	 1.0001e+00	0.91368	 9.9721e-01
57.911	 1.6259e+00	0.23864	1.0004	 2.4155e-01	 1.0001e+00	0.91459	 9.9722e-01
57.936	 1.6271e+00	0.23892	1.0004	 2.4184e-01	 1.0002e+00	0.91551	 9.9723e-01
57.961	 1.6278e+00	0.2392	1.0004	 2.4212e-01	 1.0002e+00	0.91643	 9.9724e-01
57.985	 1.6290e+00	0.23948	1.0004	 2.4241e-01	 1.0002e+00	0.91734	 9.9724e-01
58.01	 1.6299e+00	0.23976	1.0004	 2.4269e-01	 1.0002e+00	0.91826	 9.9725e-01
58.035	 1.6309e+00	0.24004	1.0004	 2.4297e-01	 1.0002e+00	0.91918	 9.9724e-01
58.059	 1.6319e+00	0.24033	1.0004	 2.4326e-01	 1.0002e+00	0.9201	 9.9726e-01
58.084	 1.6328e+00	0.24061	1.0004	 2.4355e-01	 1.0002e+00	0.92102	 9.9726e-01
58.108	 1.6339e+00	0.24089	1.0004	 2.4383e-01	 1.0002e+00	0.92195	 9.9726e-01
58.132	 1.6346e+00	0.24117	1.0004	 2.4412e-01	 1.0003e+00	0.92287	 9.9727e-01
58.157	 1.6357e+00	0.24146	1.0004	 2.4440e-01	 1.0003e+00	0.92379	 9.9727e-01
58.181	 1.6362e+00	0.24174	1.0004	 2.4469e-01	 1.0003e+00	0.92472	 9.9728e-01
58.206	 1.6370e+00	0.24202	1.0004	 2.4497e-01	 1.0003e+00	0.92564	 9.9728e-01
58.23	 1.6376e+00	0.24231	1.0003	 2.4526e-01	 1.0003e+00	0.92657	 9.9729e-01
58.254	 1.6380e+00	0.24259	1.0003	 2.4555e-01	 1.0003e+00	0.92749	 9.9729e-01
58.278	 1.6387e+00	0.24288	1.0003	 2.4584e-01	 1.0003e+00	0.92842	 9.9730e-01
58.303	 1.6388e+00	0.24316	1.0003	 2.4612e-01	 1.0003e+00	0.92935	 9.9731e-01
58.327	 1.6393e+00	0.24344	1.0003	 2.4641e-01	 1.0003e+00	0.93028	 9.9731e-01
58.351	 1.6392e+00	0.24373	1.0003	 2.4670e-01	 1.0003e+00	0.93121	 9.9733e-01
58.375	 1.6394e+00	0.24402	1.0002	 2.4699e-01	 1.0003e+00	0.93214	 9.9732e-01
58.399	 1.6393e+00	0.2443	1.0002	 2.4728e-01	 1.0003e+00	0.93307	 9.9734e-01
58.423	 1.6392e+00	0.24459	1.0002	 2.4757e-01	 1.0003e+00	0.934	 9.9733e-01
58.447	 1.6393e+00	0.24487	1.0002	 2.4786e-01	 1.0003e+00	0.93494	 9.9734e-01
58.471	 1.6389e+00	0.24516	1.0001	 2.4815e-01	 1.0003e+00	0.93587	 9.9735e-01
58.495	 1.6390e+00	0.24544	1.0001	 2.4844e-01	 1.0003e+00	0.93681	 9.9734e-01
58.519	 1.6386e+00	0.24573	1.0001	 2.4873e-01	 1.0002e+00	0.93774	 9.9736e-01
58.543	 1.6385e+00	0.24602	1.0001	 2.4902e-01	 1.0002e+00	0.93868	 9.9735e-01
58.567	 1.6382e+00	0.24631	1.0001	 2.4931e-01	 1.0002e+00	0.93962	 9.9736e-01
58.591	 1.6380e+00	0.2466	1.0001	 2.4960e-01	 1.0002e+00	0.94056	 9.9735e-01
58.615	 1.6380e+00	0.24688	1.0001	 2.4989e-01	 1.0002e+00	0.9415	 9.9736e-01
58.639	 1.6376e+00	0.24717	1.0001	 2.5018e-01	 1.0002e+00	0.94244	 9.9736e-01
58.662	 1.6377e+00	0.24746	1.0001	 2.5048e-01	 1.0002e+00	0.94338	 9.9735e-01
58.686	 1.6373e+00	0.24775	1.0001	 2.5077e-01	 1.0001e+00	0.94432	 9.9736e-01
58.71	 1.6374e+00	0.24804	1.0002	 2.5106e-01	 1.0001e+00	0.94527	 9.9735e-01
58.734	 1.6373e+00	0.24833	1.0002	 2.5135e-01	 1.0001e+00	0.94621	 9.9735e-01
58.757	 1.6372e+00	0.24862	1.0002	 2.5165e-01	 1.0001e+00	0.94715	 9.9734e-01
58.781	 1.6374e+00	0.24891	1.0002	 2.5194e-01	 1.0001e+00	0.9481	 9.9734e-01
58.804	 1.6372e+00	0.2492	1.0003	 2.5223e-01	 1.0001e+00	0.94905	 9.9733e-01
58.828	 1.6376e+00	0.24949	1.0003	 2.5253e-01	 1.0001e+00	0.94999	 9.9733e-01
58.851	 1.6374e+00	0.24978	1.0003	 2.5282e-01	 1.0001e+00	0.95094	 9.9733e-01
58.875	 1.6377e+00	0.25007	1.0004	 2.5311e-01	 1.0001e+00	0.95189	 9.9731e-01
58.898	 1.6377e+00	0.25036	1.0004	 2.5341e-01	 1.0001e+00	0.95284	 9.9732e-01
58.922	 1.6379e+00	0.25065	1.0005	 2.5370e-01	 1.0001e+00	0.95379	 9.9730e-01
58.945	 1.6383e+00	0.25094	1.0005	 2.5400e-01	 1.0001e+00	0.95474	 9.9729e-01
58.968	 1.6383e+00	0.25124	1.0005	 2.5429e-01	 1.0001e+00	0.9557	 9.9728e-01
58.992	 1.6389e+00	0.25153	1.0005	 2.5459e-01	 1.0001e+00	0.95665	 9.9726e-01
59.015	 1.6389e+00	0.25182	1.0005	 2.5488e-01	 1.0001e+00	0.95761	 9.9726e-01
59.038	 1.6394e+00	0.25211	1.0006	 2.5518e-01	 1.0001e+00	0.95856	 9.9724e-01
59.061	 1.6396e+00	0.25241	1.0005	 2.5548e-01	 1.0001e+00	0.95952	 9.9724e-01
59.084	 1.6400e+00	0.2527	1.0005	 2.5578e-01	 1.0002e+00	0.96047	 9.9721e-01
59.108	 1.6405e+00	0.253	1.0005	 2.5607e-01	 1.0002e+00	0.96143	 9.9721e-01
59.131	 1.6407e+00	0.25329	1.0005	 2.5637e-01	 1.0002e+00	0.96239	 9.9719e-01
59.154	 1.6413e+00	0.25359	1.0005	 2.5667e-01	 1.0002e+00	0.96335	 9.9717e-01
59.177	 1.6413e+00	0.25388	1.0004	 2.5697e-01	 1.0002e+00	0.96431	 9.9717e-01
59.2	 1.6419e+00	0.25417	1.0004	 2.5726e-01	 1.0003e+00	0.96527	 9.9714e-01
59.223	 1.6420e+00	0.25447	1.0003	 2.5756e-01	 1.0003e+00	0.96623	 9.9714e-01
59.246	 1.6424e+00	0.25477	1.0003	 2.5786e-01	 1.0003e+00	0.9672	 9.9711e-01
59.268	 1.6428e+00	0.25506	1.0002	 2.5816e-01	 1.0003e+00	0.96816	 9.9711e-01
59.291	 1.6429e+00	0.25536	1.0002	 2.5846e-01	 1.0003e+00	0.96913	 9.9709e-01
59.314	 1.6434e+00	0.25566	1.0001	 2.5876e-01	 1.0003e+00	0.97009	 9.9709e-01
59.337	 1.6434e+00	0.25595	1.0	 2.5906e-01	 1.0003e+00	0.97106	 9.9710e-01
59.36	 1.6438e+00	0.25625	0.99999	 2.5936e-01	 1.0004e+00	0.97203	 9.9709e-01
59.382	 1.6439e+00	0.25655	0.99993	 2.5966e-01	 1.0004e+00	0.973	 9.9711e-01
59.405	 1.6442e+00	0.25684	0.99988	 2.5996e-01	 1.0004e+00	0.97396	 9.9711e-01
59.428	 1.6445e+00	0.25714	0.99982	 2.6026e-01	 1.0004e+00	0.97493	 9.9713e-01
59.45	 1.6446e+00	0.25744	0.99978	 2.6056e-01	 1.0004e+00	0.97591	 9.9713e-01
59.473	 1.6450e+00	0.25774	0.99973	 2.6086e-01	 1.0004e+00	0.97688	 9.9713e-01
59.495	 1.6450e+00	0.25804	0.99968	 2.6117e-01	 1.0004e+00	0.97785	 9.9714e-01
59.518	 1.6454e+00	0.25834	0.99964	 2.6147e-01	 1.0004e+00	0.97882	 9.9713e-01
59.54	 1.6454e+00	0.25864	0.9996	 2.6177e-01	 1.0004e+00	0.9798	 9.9714e-01
59.562	 1.6458e+00	0.25894	0.99956	 2.6207e-01	 1.0004e+00	0.98077	 9.9712e-01
59.585	 1.6460e+00	0.25923	0.99952	 2.6238e-01	 1.0004e+00	0.98175	 9.9712e-01
59.607	 1.6462e+00	0.25954	0.99949	 2.6268e-01	 1.0004e+00	0.98273	 9.9711e-01
59.63	 1.6466e+00	0.25983	0.99946	 2.6298e-01	 1.0004e+00	0.98371	 9.9710e-01
59.652	 1.6466e+00	0.26014	0.99944	 2.6329e-01	 1.0004e+00	0.98469	 9.9709e-01
59.674	 1.6470e+00	0.26044	0.99942	 2.6359e-01	 1.0004e+00	0.98567	 9.9707e-01
59.696	 1.6471e+00	0.26074	0.99941	 2.6389e-01	 1.0003e+00	0.98665	 9.9707e-01
59.718	 1.6475e+00	0.26104	0.99941	 2.6420e-01	 1.0003e+00	0.98763	 9.9704e-01
59.74	 1.6477e+00	0.26134	0.9994	 2.6450e-01	 1.0003e+00	0.98861	 9.9703e-01
59.762	 1.6479e+00	0.26164	0.99941	 2.6481e-01	 1.0003e+00	0.9896	 9.9701e-01
59.784	 1.6483e+00	0.26194	0.99942	 2.6512e-01	 1.0003e+00	0.99058	 9.9699e-01
59.806	 1.6482e+00	0.26225	0.99944	 2.6542e-01	 1.0003e+00	0.99157	 9.9696e-01
59.828	 1.6486e+00	0.26255	0.99946	 2.6573e-01	 1.0003e+00	0.99255	 9.9693e-01
59.85	 1.6486e+00	0.26285	0.99948	 2.6603e-01	 1.0003e+00	0.99354	 9.9692e-01
59.872	 1.6489e+00	0.26315	0.99951	 2.6634e-01	 1.0003e+00	0.99453	 9.9688e-01
59.894	 1.6491e+00	0.26346	0.99954	 2.6665e-01	 1.0002e+00	0.99552	 9.9687e-01
59.916	 1.6491e+00	0.26376	0.99958	 2.6696e-01	 1.0002e+00	0.99651	 9.9684e-01
59.937	 1.6494e+00	0.26406	0.99962	 2.6726e-01	 1.0002e+00	0.9975	 9.9682e-01
59.959	 1.6493e+00	0.26437	0.99967	 2.6757e-01	 1.0002e+00	0.99849	 9.9681e-01
59.981	 1.6496e+00	0.26467	0.99972	 2.6788e-01	 1.0002e+00	0.99948	 9.9679e-01
60.002	 1.6495e+00	0.26498	0.99977	 2.6819e-01	 1.0002e+00	1.0005	 9.9679e-01
60.024	 1.6497e+00	0.26528	0.99984	 2.6850e-01	 1.0002e+00	1.0015	 9.9677e-01
60.045	 1.6498e+00	0.26559	0.9999	 2.6880e-01	 1.0002e+00	1.0025	 9.9677e-01
60.067	 1.6498e+00	0.26589	0.99997	 2.6911e-01	 1.0002e+00	1.0035	 9.9675e-01
60.089	 1.6501e+00	0.2662	1.0	 2.6942e-01	 1.0002e+00	1.0045	 9.9675e-01
60.11	 1.6500e+00	0.26651	1.0001	 2.6973e-01	 1.0002e+00	1.0055	 9.9674e-01
60.131	 1.6504e+00	0.26681	1.0002	 2.7004e-01	 1.0002e+00	1.0065	 9.9672e-01
60.153	 1.6504e+00	0.26712	1.0003	 2.7035e-01	 1.0002e+00	1.0075	 9.9673e-01
60.174	 1.6508e+00	0.26743	1.0003	 2.7066e-01	 1.0002e+00	1.0085	 9.9670e-01
60.195	 1.6510e+00	0.26774	1.0004	 2.7097e-01	 1.0002e+00	1.0095	 9.9671e-01
60.216	 1.6513e+00	0.26804	1.0005	 2.7128e-01	 1.0002e+00	1.0105	 9.9669e-01
60.237	 1.6518e+00	0.26835	1.0005	 2.7160e-01	 1.0002e+00	1.0115	 9.9670e-01
60.259	 1.6519e+00	0.26866	1.0006	 2.7191e-01	 1.0002e+00	1.0125	 9.9670e-01
60.28	 1.6525e+00	0.26897	1.0007	 2.7222e-01	 1.0002e+00	1.0135	 9.9670e-01
60.301	 1.6527e+00	0.26928	1.0007	 2.7253e-01	 1.0002e+00	1.0145	 9.9672e-01
60.322	 1.6534e+00	0.26959	1.0008	 2.7284e-01	 1.0002e+00	1.0155	 9.9673e-01
60.343	 1.6537e+00	0.26989	1.0008	 2.7316e-01	 1.0002e+00	1.0165	 9.9676e-01
60.364	 1.6542e+00	0.2702	1.0009	 2.7347e-01	 1.0002e+00	1.0175	 9.9677e-01
60.385	 1.6548e+00	0.27051	1.0009	 2.7378e-01	 1.0001e+00	1.0185	 9.9680e-01
60.405	 1.6551e+00	0.27082	1.0009	 2.7410e-01	 1.0001e+00	1.0195	 9.9683e-01
60.426	 1.6558e+00	0.27113	1.001	 2.7441e-01	 1.0001e+00	1.0206	 9.9685e-01
60.447	 1.6561e+00	0.27144	1.001	 2.7473e-01	 1.0001e+00	1.0216	 9.9688e-01
60.468	 1.6568e+00	0.27176	1.001	 2.7504e-01	 1.0001e+00	1.0226	 9.9689e-01
60.488	 1.6572e+00	0.27207	1.0009	 2.7536e-01	 1.0001e+00	1.0236	 9.9692e-01
60.509	 1.6578e+00	0.27238	1.0009	 2.7567e-01	 1.0001e+00	1.0246	 9.9692e-01
60.529	 1.6583e+00	0.27269	1.0009	 2.7599e-01	 1.0001e+00	1.0256	 9.9693e-01
60.55	 1.6586e+00	0.273	1.0009	 2.7630e-01	 1.0001e+00	1.0266	 9.9693e-01
60.57	 1.6592e+00	0.27331	1.0008	 2.7662e-01	 1.0000e+00	1.0277	 9.9691e-01
60.591	 1.6594e+00	0.27363	1.0008	 2.7693e-01	 1.0000e+00	1.0287	 9.9691e-01
60.611	 1.6600e+00	0.27394	1.0008	 2.7725e-01	 1.0000e+00	1.0297	 9.9687e-01
60.631	 1.6602e+00	0.27425	1.0007	 2.7757e-01	 1.0000e+00	1.0307	 9.9686e-01
60.651	 1.6606e+00	0.27457	1.0007	 2.7789e-01	 1.0000e+00	1.0317	 9.9682e-01
60.672	 1.6610e+00	0.27488	1.0006	 2.7820e-01	 1.0000e+00	1.0328	 9.9681e-01
60.692	 1.6611e+00	0.2752	1.0006	 2.7852e-01	 1.0000e+00	1.0338	 9.9678e-01
60.712	 1.6615e+00	0.27551	1.0005	 2.7884e-01	 1.0000e+00	1.0348	 9.9675e-01
60.732	 1.6615e+00	0.27583	1.0004	 2.7916e-01	 1.0000e+00	1.0358	 9.9675e-01
60.752	 1.6619e+00	0.27614	1.0004	 2.7948e-01	 1.0000e+00	1.0369	 9.9672e-01
60.772	 1.6619e+00	0.27646	1.0003	 2.7980e-01	 1.0000e+00	1.0379	 9.9673e-01
60.792	 1.6621e+00	0.27677	1.0003	 2.8012e-01	 1.0000e+00	1.0389	 9.9672e-01
60.812	 1.6622e+00	0.27709	1.0002	 2.8043e-01	 1.0000e+00	1.04	 9.9674e-01
60.832	 1.6622e+00	0.2774	1.0001	 2.8075e-01	 1.0000e+00	1.041	 9.9675e-01
60.852	 1.6624e+00	0.27772	1.0001	 2.8108e-01	 1.0000e+00	1.042	 9.9677e-01
60.871	 1.6622e+00	0.27804	1.0	 2.8140e-01	 1.0000e+00	1.0431	 9.9680e-01
60.891	 1.6624e+00	0.27835	1.0	 2.8171e-01	 1.0000e+00	1.0441	 9.9682e-01
60.911	 1.6622e+00	0.27867	0.99996	 2.8204e-01	 1.0000e+00	1.0451	 9.9686e-01
60.93	 1.6622e+00	0.27899	0.99993	 2.8236e-01	 1.0000e+00	1.0462	 9.9687e-01
60.95	 1.6622e+00	0.27931	0.99989	 2.8268e-01	 1.0000e+00	1.0472	 9.9691e-01
60.969	 1.6620e+00	0.27963	0.99987	 2.8300e-01	 1.0000e+00	1.0482	 9.9693e-01
60.989	 1.6621e+00	0.27994	0.99984	 2.8332e-01	 1.0000e+00	1.0493	 9.9696e-01
61.008	 1.6619e+00	0.28026	0.99982	 2.8365e-01	 1.0000e+00	1.0503	 9.9699e-01
61.028	 1.6621e+00	0.28058	0.99981	 2.8397e-01	 1.0000e+00	1.0514	 9.9700e-01
61.047	 1.6619e+00	0.2809	0.99978	 2.8429e-01	 1.0000e+00	1.0524	 9.9702e-01
61.066	 1.6621e+00	0.28122	0.99977	 2.8462e-01	 1.0000e+00	1.0534	 9.9702e-01
61.085	 1.6621e+00	0.28154	0.99974	 2.8494e-01	 1.0000e+00	1.0545	 9.9705e-01
61.105	 1.6621e+00	0.28186	0.99974	 2.8527e-01	 1.0000e+00	1.0555	 9.9705e-01
61.124	 1.6623e+00	0.28218	0.99972	 2.8559e-01	 1.0000e+00	1.0566	 9.9707e-01
61.143	 1.6622e+00	0.2825	0.99971	 2.8591e-01	 1.0000e+00	1.0576	 9.9708e-01
61.162	 1.6626e+00	0.28282	0.9997	 2.8624e-01	 1.0000e+00	1.0587	 9.9709e-01
61.181	 1.6627e+00	0.28315	0.99969	 2.8657e-01	 1.0000e+00	1.0597	 9.9712e-01
61.2	 1.6630e+00	0.28347	0.9997	 2.8689e-01	 1.0000e+00	1.0608	 9.9712e-01
61.219	 1.6632e+00	0.28379	0.99969	 2.8722e-01	 1.0000e+00	1.0618	 9.9716e-01
61.238	 1.6634e+00	0.28411	0.99971	 2.8754e-01	 1.0000e+00	1.0629	 9.9717e-01
61.256	 1.6638e+00	0.28443	0.99972	 2.8787e-01	 1.0000e+00	1.0639	 9.9720e-01
61.275	 1.6640e+00	0.28476	0.99974	 2.8820e-01	 1.0000e+00	1.065	 9.9722e-01
61.294	 1.6645e+00	0.28508	0.99977	 2.8852e-01	 1.0000e+00	1.066	 9.9724e-01
61.312	 1.6646e+00	0.28541	0.99979	 2.8885e-01	 1.0000e+00	1.0671	 9.9728e-01
61.331	 1.6651e+00	0.28573	0.99983	 2.8918e-01	 1.0000e+00	1.0681	 9.9729e-01
61.349	 1.6653e+00	0.28605	0.99986	 2.8951e-01	 1.0000e+00	1.0692	 9.9732e-01
61.368	 1.6656e+00	0.28638	0.99991	 2.8984e-01	 1.0000e+00	1.0702	 9.9732e-01
61.386	 1.6659e+00	0.2867	0.99994	 2.9016e-01	 1.0000e+00	1.0713	 9.9734e-01
61.405	 1.6660e+00	0.28703	0.99999	 2.9049e-01	 1.0000e+00	1.0724	 9.9735e-01
61.423	 1.6664e+00	0.28735	1.0001	 2.9082e-01	 1.0001e+00	1.0734	 9.9736e-01
61.441	 1.6664e+00	0.28768	1.0001	 2.9115e-01	 1.0001e+00	1.0745	 9.9738e-01
61.46	 1.6667e+00	0.288	1.0002	 2.9148e-01	 1.0001e+00	1.0755	 9.9737e-01
61.478	 1.6667e+00	0.28833	1.0002	 2.9181e-01	 1.0001e+00	1.0766	 9.9739e-01
61.496	 1.6667e+00	0.28866	1.0003	 2.9214e-01	 1.0002e+00	1.0777	 9.9739e-01
61.514	 1.6668e+00	0.28898	1.0004	 2.9247e-01	 1.0002e+00	1.0787	 9.9741e-01
61.532	 1.6666e+00	0.28931	1.0004	 2.9280e-01	 1.0002e+00	1.0798	 9.9741e-01
61.55	 1.6668e+00	0.28964	1.0005	 2.9313e-01	 1.0003e+00	1.0809	 9.9741e-01
61.568	 1.6666e+00	0.28996	1.0006	 2.9346e-01	 1.0003e+00	1.0819	 9.9742e-01
61.586	 1.6667e+00	0.29029	1.0006	 2.9380e-01	 1.0004e+00	1.083	 9.9741e-01
61.604	 1.6666e+00	0.29062	1.0007	 2.9413e-01	 1.0004e+00	1.0841	 9.9743e-01
61.621	 1.6665e+00	0.29095	1.0007	 2.9446e-01	 1.0004e+00	1.0851	 9.9743e-01
61.639	 1.6665e+00	0.29128	1.0007	 2.9479e-01	 1.0005e+00	1.0862	 9.9744e-01
61.657	 1.6664e+00	0.29161	1.0007	 2.9513e-01	 1.0005e+00	1.0873	 9.9746e-01
61.674	 1.6666e+00	0.29194	1.0008	 2.9546e-01	 1.0005e+00	1.0884	 9.9747e-01
61.692	 1.6664e+00	0.29227	1.0007	 2.9579e-01	 1.0005e+00	1.0894	 9.9751e-01
61.709	 1.6667e+00	0.2926	1.0007	 2.9613e-01	 1.0005e+00	1.0905	 9.9754e-01
61.727	 1.6667e+00	0.29293	1.0007	 2.9646e-01	 1.0005e+00	1.0916	 9.9759e-01
61.744	 1.6669e+00	0.29326	1.0007	 2.9680e-01	 1.0005e+00	1.0927	 9.9763e-01
61.762	 1.6672e+00	0.29359	1.0007	 2.9713e-01	 1.0005e+00	1.0938	 9.9770e-01
61.779	 1.6674e+00	0.29392	1.0006	 2.9747e-01	 1.0005e+00	1.0948	 9.9775e-01
61.796	 1.6679e+00	0.29425	1.0006	 2.9780e-01	 1.0005e+00	1.0959	 9.9782e-01
61.813	 1.6681e+00	0.29458	1.0005	 2.9814e-01	 1.0005e+00	1.097	 9.9789e-01
61.831	 1.6686e+00	0.29492	1.0005	 2.9848e-01	 1.0005e+00	1.0981	 9.9794e-01
61.848	 1.6689e+00	0.29525	1.0004	 2.9881e-01	 1.0005e+00	1.0992	 9.9801e-01
61.865	 1.6693e+00	0.29558	1.0003	 2.9915e-01	 1.0005e+00	1.1002	 9.9806e-01
61.882	 1.6698e+00	0.29591	1.0002	 2.9949e-01	 1.0004e+00	1.1013	 9.9812e-01
61.899	 1.6701e+00	0.29625	1.0002	 2.9983e-01	 1.0004e+00	1.1024	 9.9816e-01
61.916	 1.6707e+00	0.29658	1.0001	 3.0016e-01	 1.0004e+00	1.1035	 9.9820e-01
61.932	 1.6709e+00	0.29691	0.99998	 3.0050e-01	 1.0004e+00	1.1046	 9.9824e-01
61.949	 1.6715e+00	0.29725	0.9999	 3.0084e-01	 1.0004e+00	1.1057	 9.9826e-01
61.966	 1.6718e+00	0.29758	0.99981	 3.0118e-01	 1.0003e+00	1.1068	 9.9829e-01
61.983	 1.6722e+00	0.29792	0.99976	 3.0152e-01	 1.0003e+00	1.1079	 9.9830e-01
61.999	 1.6726e+00	0.29825	0.99969	 3.0186e-01	 1.0003e+00	1.109	 9.9832e-01
62.016	 1.6729e+00	0.29859	0.99965	 3.0220e-01	 1.0003e+00	1.1101	 9.9832e-01
62.032	 1.6734e+00	0.29892	0.99961	 3.0254e-01	 1.0003e+00	1.1112	 9.9831e-01
62.049	 1.6735e+00	0.29926	0.99959	 3.0288e-01	 1.0003e+00	1.1122	 9.9830e-01
62.065	 1.6740e+00	0.2996	0.99958	 3.0322e-01	 1.0003e+00	1.1134	 9.9826e-01
62.081	 1.6741e+00	0.29993	0.99956	 3.0356e-01	 1.0003e+00	1.1144	 9.9823e-01
62.098	 1.6744e+00	0.30027	0.99956	 3.0390e-01	 1.0003e+00	1.1156	 9.9817e-01
62.114	 1.6747e+00	0.30061	0.99956	 3.0424e-01	 1.0003e+00	1.1166	 9.9812e-01
62.13	 1.6748e+00	0.30094	0.99957	 3.0458e-01	 1.0003e+00	1.1178	 9.9804e-01
62.146	 1.6753e+00	0.30128	0.99957	 3.0493e-01	 1.0003e+00	1.1188	 9.9797e-01
62.162	 1.6754e+00	0.30162	0.99957	 3.0527e-01	 1.0003e+00	1.12	 9.9790e-01
62.178	 1.6758e+00	0.30196	0.99959	 3.0561e-01	 1.0003e+00	1.1211	 9.9782e-01
62.194	 1.6760e+00	0.3023	0.99958	 3.0595e-01	 1.0003e+00	1.1222	 9.9775e-01
62.21	 1.6763e+00	0.30264	0.9996	 3.0630e-01	 1.0003e+00	1.1233	 9.9766e-01
62.226	 1.6766e+00	0.30298	0.99959	 3.0664e-01	 1.0003e+00	1.1244	 9.9759e-01
62.242	 1.6769e+00	0.30332	0.9996	 3.0698e-01	 1.0003e+00	1.1255	 9.9751e-01
62.258	 1.6773e+00	0.30366	0.9996	 3.0733e-01	 1.0003e+00	1.1266	 9.9745e-01
62.274	 1.6775e+00	0.304	0.99961	 3.0767e-01	 1.0003e+00	1.1277	 9.9739e-01
62.289	 1.6779e+00	0.30434	0.99962	 3.0802e-01	 1.0002e+00	1.1288	 9.9733e-01
62.305	 1.6781e+00	0.30468	0.99962	 3.0836e-01	 1.0002e+00	1.1299	 9.9730e-01
62.32	 1.6784e+00	0.30502	0.99963	 3.0871e-01	 1.0002e+00	1.131	 9.9724e-01
62.336	 1.6787e+00	0.30536	0.99962	 3.0905e-01	 1.0002e+00	1.1322	 9.9721e-01
62.351	 1.6789e+00	0.30571	0.99963	 3.0940e-01	 1.0002e+00	1.1333	 9.9717e-01
62.367	 1.6792e+00	0.30605	0.99962	 3.0975e-01	 1.0002e+00	1.1344	 9.9715e-01
62.382	 1.6793e+00	0.30639	0.99961	 3.1009e-01	 1.0001e+00	1.1355	 9.9713e-01
62.398	 1.6797e+00	0.30673	0.9996	 3.1044e-01	 1.0001e+00	1.1366	 9.9712e-01
62.413	 1.6798e+00	0.30708	0.99958	 3.1079e-01	 1.0001e+00	1.1377	 9.9712e-01
62.428	 1.6801e+00	0.30742	0.99957	 3.1114e-01	 1.0001e+00	1.1389	 9.9711e-01
62.443	 1.6803e+00	0.30776	0.99954	 3.1148e-01	 1.0000e+00	1.14	 9.9714e-01
62.458	 1.6805e+00	0.30811	0.99954	 3.1183e-01	 1.0000e+00	1.1411	 9.9714e-01
62.473	 1.6808e+00	0.30845	0.99953	 3.1218e-01	 9.9998e-01	1.1422	 9.9717e-01
62.488	 1.6809e+00	0.3088	0.99952	 3.1253e-01	 9.9996e-01	1.1434	 9.9719e-01
62.503	 1.6812e+00	0.30914	0.99953	 3.1288e-01	 9.9994e-01	1.1445	 9.9722e-01
62.518	 1.6812e+00	0.30949	0.99953	 3.1323e-01	 9.9993e-01	1.1456	 9.9726e-01
62.533	 1.6814e+00	0.30983	0.99954	 3.1358e-01	 9.9992e-01	1.1467	 9.9729e-01
62.548	 1.6814e+00	0.31018	0.99955	 3.1393e-01	 9.9990e-01	1.1479	 9.9734e-01
62.562	 1.6815e+00	0.31053	0.99957	 3.1428e-01	 9.9990e-01	1.149	 9.9737e-01
62.577	 1.6816e+00	0.31087	0.99959	 3.1463e-01	 9.9989e-01	1.1501	 9.9742e-01
62.592	 1.6815e+00	0.31122	0.99961	 3.1498e-01	 9.9990e-01	1.1513	 9.9746e-01
62.606	 1.6817e+00	0.31157	0.99964	 3.1533e-01	 9.9990e-01	1.1524	 9.9750e-01
62.621	 1.6815e+00	0.31191	0.99966	 3.1569e-01	 9.9990e-01	1.1535	 9.9756e-01
62.635	 1.6815e+00	0.31226	0.9997	 3.1604e-01	 9.9991e-01	1.1547	 9.9759e-01
62.649	 1.6814e+00	0.31261	0.99973	 3.1639e-01	 9.9991e-01	1.1558	 9.9764e-01
62.664	 1.6813e+00	0.31296	0.99978	 3.1675e-01	 9.9992e-01	1.1569	 9.9767e-01
62.678	 1.6813e+00	0.31331	0.99981	 3.1710e-01	 9.9992e-01	1.1581	 9.9771e-01
62.692	 1.6811e+00	0.31366	0.99986	 3.1745e-01	 9.9993e-01	1.1592	 9.9774e-01
62.706	 1.6811e+00	0.31401	0.9999	 3.1781e-01	 9.9994e-01	1.1604	 9.9776e-01
62.721	 1.6809e+00	0.31436	0.99994	 3.1816e-01	 9.9995e-01	1.1615	 9.9778e-01
62.735	 1.6808e+00	0.31471	0.99998	 3.1852e-01	 9.9997e-01	1.1626	 9.9777e-01
62.749	 1.6806e+00	0.31506	1.0	 3.1887e-01	 9.9998e-01	1.1638	 9.9778e-01
62.763	 1.6806e+00	0.31541	1.0	 3.1923e-01	 9.9999e-01	1.1649	 9.9776e-01
62.776	 1.6805e+00	0.31576	1.0001	 3.1958e-01	 1.0000e+00	1.1661	 9.9775e-01
62.79	 1.6804e+00	0.31612	1.0001	 3.1994e-01	 1.0000e+00	1.1672	 9.9773e-01
62.804	 1.6804e+00	0.31647	1.0001	 3.2030e-01	 1.0000e+00	1.1684	 9.9770e-01
62.818	 1.6802e+00	0.31682	1.0001	 3.2065e-01	 1.0000e+00	1.1695	 9.9768e-01
62.832	 1.6803e+00	0.31717	1.0001	 3.2101e-01	 1.0001e+00	1.1707	 9.9765e-01
62.845	 1.6801e+00	0.31753	1.0001	 3.2137e-01	 1.0001e+00	1.1718	 9.9763e-01
62.859	 1.6801e+00	0.31788	1.0001	 3.2173e-01	 1.0001e+00	1.173	 9.9760e-01
62.872	 1.6802e+00	0.31823	1.0001	 3.2209e-01	 1.0001e+00	1.1741	 9.9758e-01
62.886	 1.6800e+00	0.31859	1.0001	 3.2244e-01	 1.0001e+00	1.1753	 9.9756e-01
62.899	 1.6801e+00	0.31894	1.0001	 3.2280e-01	 1.0001e+00	1.1764	 9.9754e-01
62.913	 1.6799e+00	0.31929	1.0001	 3.2316e-01	 1.0001e+00	1.1776	 9.9753e-01
62.926	 1.6799e+00	0.31965	1.0001	 3.2352e-01	 1.0001e+00	1.1787	 9.9751e-01
62.939	 1.6797e+00	0.32	1.0001	 3.2388e-01	 1.0001e+00	1.1799	 9.9752e-01
62.952	 1.6796e+00	0.32036	1.0001	 3.2424e-01	 1.0002e+00	1.1811	 9.9750e-01
62.965	 1.6795e+00	0.32072	1.0001	 3.2460e-01	 1.0002e+00	1.1822	 9.9751e-01
62.979	 1.6793e+00	0.32107	1.0001	 3.2496e-01	 1.0002e+00	1.1834	 9.9750e-01
62.992	 1.6792e+00	0.32143	1.0001	 3.2532e-01	 1.0002e+00	1.1845	 9.9750e-01
63.005	 1.6789e+00	0.32178	1.0001	 3.2568e-01	 1.0002e+00	1.1857	 9.9751e-01
63.018	 1.6789e+00	0.32214	1.0001	 3.2605e-01	 1.0002e+00	1.1869	 9.9751e-01
63.03	 1.6786e+00	0.3225	1.0	 3.2641e-01	 1.0002e+00	1.188	 9.9753e-01
63.043	 1.6786e+00	0.32286	1.0001	 3.2677e-01	 1.0003e+00	1.1892	 9.9752e-01
63.056	 1.6785e+00	0.32321	1.0001	 3.2713e-01	 1.0003e+00	1.1904	 9.9754e-01
63.069	 1.6784e+00	0.32357	1.0001	 3.2749e-01	 1.0003e+00	1.1915	 9.9754e-01
63.081	 1.6784e+00	0.32393	1.0001	 3.2786e-01	 1.0003e+00	1.1927	 9.9756e-01
63.094	 1.6783e+00	0.32429	1.0001	 3.2822e-01	 1.0003e+00	1.1939	 9.9758e-01
63.106	 1.6784e+00	0.32465	1.0001	 3.2859e-01	 1.0003e+00	1.1951	 9.9758e-01
63.119	 1.6784e+00	0.32501	1.0001	 3.2895e-01	 1.0002e+00	1.1962	 9.9761e-01
63.131	 1.6785e+00	0.32537	1.0001	 3.2932e-01	 1.0002e+00	1.1974	 9.9761e-01
63.144	 1.6786e+00	0.32573	1.0001	 3.2968e-01	 1.0002e+00	1.1986	 9.9764e-01
63.156	 1.6786e+00	0.32609	1.0001	 3.3005e-01	 1.0002e+00	1.1998	 9.9764e-01
63.168	 1.6788e+00	0.32645	1.0001	 3.3041e-01	 1.0002e+00	1.2009	 9.9764e-01
63.181	 1.6788e+00	0.32681	1.0001	 3.3078e-01	 1.0002e+00	1.2021	 9.9765e-01
63.193	 1.6790e+00	0.32717	1.0002	 3.3115e-01	 1.0002e+00	1.2033	 9.9764e-01
63.205	 1.6791e+00	0.32754	1.0002	 3.3151e-01	 1.0002e+00	1.2045	 9.9764e-01
63.217	 1.6794e+00	0.3279	1.0002	 3.3188e-01	 1.0002e+00	1.2057	 9.9763e-01
63.229	 1.6797e+00	0.32826	1.0002	 3.3225e-01	 1.0002e+00	1.2068	 9.9763e-01
63.241	 1.6800e+00	0.32863	1.0003	 3.3261e-01	 1.0002e+00	1.208	 9.9762e-01
63.253	 1.6804e+00	0.32899	1.0003	 3.3298e-01	 1.0002e+00	1.2092	 9.9762e-01
63.264	 1.6807e+00	0.32935	1.0003	 3.3335e-01	 1.0002e+00	1.2104	 9.9763e-01
63.276	 1.6814e+00	0.32972	1.0004	 3.3372e-01	 1.0002e+00	1.2116	 9.9762e-01
63.288	 1.6818e+00	0.33008	1.0004	 3.3409e-01	 1.0002e+00	1.2128	 9.9764e-01
63.3	 1.6826e+00	0.33044	1.0005	 3.3446e-01	 1.0002e+00	1.214	 9.9763e-01
63.311	 1.6832e+00	0.33081	1.0005	 3.3482e-01	 1.0002e+00	1.2151	 9.9765e-01
63.323	 1.6839e+00	0.33118	1.0006	 3.3520e-01	 1.0002e+00	1.2163	 9.9764e-01
63.334	 1.6847e+00	0.33154	1.0007	 3.3557e-01	 1.0002e+00	1.2175	 9.9765e-01
63.346	 1.6853e+00	0.33191	1.0007	 3.3593e-01	 1.0002e+00	1.2187	 9.9766e-01
63.357	 1.6861e+00	0.33227	1.0008	 3.3631e-01	 1.0002e+00	1.2199	 9.9767e-01
63.368	 1.6867e+00	0.33264	1.0008	 3.3668e-01	 1.0002e+00	1.2211	 9.9770e-01
63.379	 1.6875e+00	0.33301	1.0009	 3.3705e-01	 1.0002e+00	1.2223	 9.9772e-01
63.391	 1.6881e+00	0.33337	1.001	 3.3742e-01	 1.0002e+00	1.2235	 9.9776e-01
63.402	 1.6887e+00	0.33374	1.001	 3.3779e-01	 1.0002e+00	1.2247	 9.9778e-01
63.413	 1.6893e+00	0.33411	1.0011	 3.3817e-01	 1.0001e+00	1.2259	 9.9783e-01
63.424	 1.6897e+00	0.33448	1.0011	 3.3854e-01	 1.0001e+00	1.2271	 9.9786e-01
63.435	 1.6902e+00	0.33485	1.0011	 3.3891e-01	 1.0001e+00	1.2283	 9.9790e-01
63.446	 1.6905e+00	0.33522	1.0011	 3.3929e-01	 1.0001e+00	1.2295	 9.9794e-01
63.457	 1.6909e+00	0.33559	1.0011	 3.3966e-01	 1.0001e+00	1.2307	 9.9796e-01
63.467	 1.6911e+00	0.33596	1.0011	 3.4003e-01	 1.0001e+00	1.2319	 9.9799e-01
63.478	 1.6913e+00	0.33633	1.0011	 3.4041e-01	 1.0001e+00	1.2331	 9.9800e-01
63.489	 1.6915e+00	0.3367	1.0011	 3.4079e-01	 1.0001e+00	1.2343	 9.9802e-01
63.499	 1.6916e+00	0.33707	1.0011	 3.4116e-01	 1.0001e+00	1.2355	 9.9802e-01
63.51	 1.6920e+00	0.33744	1.0011	 3.4154e-01	 1.0001e+00	1.2368	 9.9802e-01
63.521	 1.6921e+00	0.33781	1.0011	 3.4191e-01	 1.0001e+00	1.238	 9.9802e-01
63.531	 1.6924e+00	0.33818	1.0011	 3.4229e-01	 1.0001e+00	1.2392	 9.9800e-01
63.541	 1.6926e+00	0.33855	1.0011	 3.4267e-01	 1.0001e+00	1.2404	 9.9801e-01
63.552	 1.6928e+00	0.33893	1.0011	 3.4304e-01	 1.0001e+00	1.2416	 9.9798e-01
63.562	 1.6931e+00	0.3393	1.001	 3.4342e-01	 1.0001e+00	1.2428	 9.9798e-01
63.572	 1.6931e+00	0.33968	1.001	 3.4380e-01	 1.0001e+00	1.2441	 9.9797e-01
63.583	 1.6933e+00	0.34005	1.001	 3.4418e-01	 1.0001e+00	1.2453	 9.9796e-01
63.593	 1.6933e+00	0.34042	1.0009	 3.4456e-01	 1.0001e+00	1.2465	 9.9796e-01
63.603	 1.6934e+00	0.3408	1.0009	 3.4494e-01	 1.0001e+00	1.2477	 9.9794e-01
63.613	 1.6934e+00	0.34117	1.0009	 3.4531e-01	 1.0001e+00	1.2489	 9.9795e-01
63.623	 1.6933e+00	0.34155	1.0008	 3.4569e-01	 1.0001e+00	1.2502	 9.9793e-01
63.633	 1.6933e+00	0.34192	1.0008	 3.4607e-01	 1.0001e+00	1.2514	 9.9793e-01
63.643	 1.6930e+00	0.3423	1.0008	 3.4645e-01	 1.0001e+00	1.2526	 9.9792e-01
63.653	 1.6929e+00	0.34267	1.0007	 3.4684e-01	 1.0001e+00	1.2538	 9.9791e-01
63.662	 1.6926e+00	0.34305	1.0007	 3.4722e-01	 1.0001e+00	1.255	 9.9792e-01
63.672	 1.6925e+00	0.34343	1.0007	 3.4760e-01	 1.0001e+00	1.2563	 9.9791e-01
63.681	 1.6922e+00	0.3438	1.0006	 3.4798e-01	 1.0001e+00	1.2575	 9.9793e-01
63.691	 1.6919e+00	0.34418	1.0006	 3.4836e-01	 1.0001e+00	1.2587	 9.9792e-01
63.701	 1.6916e+00	0.34456	1.0005	 3.4874e-01	 1.0001e+00	1.26	 9.9795e-01
63.71	 1.6913e+00	0.34494	1.0005	 3.4913e-01	 1.0001e+00	1.2612	 9.9797e-01
63.719	 1.6910e+00	0.34532	1.0004	 3.4951e-01	 1.0001e+00	1.2624	 9.9800e-01
63.729	 1.6905e+00	0.3457	1.0004	 3.4989e-01	 1.0001e+00	1.2637	 9.9805e-01
63.738	 1.6902e+00	0.34608	1.0004	 3.5028e-01	 1.0001e+00	1.2649	 9.9809e-01
63.747	 1.6897e+00	0.34646	1.0003	 3.5066e-01	 1.0001e+00	1.2661	 9.9816e-01
63.757	 1.6893e+00	0.34684	1.0003	 3.5104e-01	 1.0001e+00	1.2674	 9.9821e-01
63.766	 1.6888e+00	0.34722	1.0003	 3.5143e-01	 1.0001e+00	1.2686	 9.9829e-01
63.775	 1.6883e+00	0.3476	1.0003	 3.5181e-01	 1.0001e+00	1.2699	 9.9835e-01
63.784	 1.6878e+00	0.34798	1.0002	 3.5220e-01	 1.0001e+00	1.2711	 9.9842e-01
63.793	 1.6872e+00	0.34836	1.0002	 3.5258e-01	 1.0001e+00	1.2724	 9.9849e-01
63.801	 1.6869e+00	0.34874	1.0002	 3.5297e-01	 1.0001e+00	1.2736	 9.9855e-01
63.81	 1.6864e+00	0.34912	1.0002	 3.5336e-01	 1.0001e+00	1.2748	 9.9862e-01
63.819	 1.6861e+00	0.3495	1.0003	 3.5374e-01	 1.0002e+00	1.2761	 9.9866e-01
63.828	 1.6859e+00	0.34989	1.0003	 3.5413e-01	 1.0002e+00	1.2773	 9.9873e-01
63.837	 1.6857e+00	0.35027	1.0003	 3.5452e-01	 1.0002e+00	1.2786	 9.9876e-01
63.845	 1.6858e+00	0.35065	1.0003	 3.5491e-01	 1.0002e+00	1.2798	 9.9881e-01
63.854	 1.6859e+00	0.35104	1.0003	 3.5530e-01	 1.0002e+00	1.2811	 9.9885e-01
63.862	 1.6862e+00	0.35142	1.0004	 3.5568e-01	 1.0002e+00	1.2823	 9.9888e-01
63.871	 1.6864e+00	0.3518	1.0004	 3.5607e-01	 1.0002e+00	1.2836	 9.9892e-01
63.879	 1.6869e+00	0.35219	1.0004	 3.5646e-01	 1.0002e+00	1.2848	 9.9892e-01
63.887	 1.6873e+00	0.35257	1.0004	 3.5685e-01	 1.0002e+00	1.2861	 9.9894e-01
63.896	 1.6877e+00	0.35296	1.0004	 3.5724e-01	 1.0002e+00	1.2873	 9.9894e-01
63.904	 1.6882e+00	0.35334	1.0005	 3.5763e-01	 1.0002e+00	1.2886	 9.9894e-01
63.912	 1.6886e+00	0.35373	1.0005	 3.5802e-01	 1.0001e+00	1.2899	 9.9893e-01
63.92	 1.6891e+00	0.35412	1.0005	 3.5841e-01	 1.0001e+00	1.2911	 9.9891e-01
63.928	 1.6895e+00	0.3545	1.0005	 3.5881e-01	 1.0001e+00	1.2924	 9.9889e-01
63.936	 1.6899e+00	0.35489	1.0005	 3.5920e-01	 1.0001e+00	1.2936	 9.9883e-01
63.944	 1.6902e+00	0.35528	1.0005	 3.5959e-01	 1.0001e+00	1.2949	 9.9879e-01
63.952	 1.6905e+00	0.35566	1.0005	 3.5998e-01	 1.0001e+00	1.2962	 9.9873e-01
63.96	 1.6908e+00	0.35605	1.0005	 3.6038e-01	 1.0001e+00	1.2974	 9.9867e-01
63.967	 1.6910e+00	0.35644	1.0005	 3.6077e-01	 1.0001e+00	1.2987	 9.9860e-01
63.975	 1.6912e+00	0.35683	1.0005	 3.6116e-01	 1.0000e+00	1.3	 9.9853e-01
63.983	 1.6913e+00	0.35722	1.0005	 3.6156e-01	 1.0000e+00	1.3013	 9.9847e-01
63.99	 1.6914e+00	0.35761	1.0005	 3.6195e-01	 1.0000e+00	1.3025	 9.9838e-01
63.998	 1.6914e+00	0.358	1.0004	 3.6234e-01	 9.9997e-01	1.3038	 9.9832e-01
64.005	 1.6913e+00	0.35839	1.0005	 3.6274e-01	 9.9996e-01	1.3051	 9.9823e-01
64.013	 1.6913e+00	0.35878	1.0004	 3.6314e-01	 9.9994e-01	1.3063	 9.9816e-01
64.02	 1.6911e+00	0.35917	1.0004	 3.6353e-01	 9.9992e-01	1.3076	 9.9809e-01
64.027	 1.6911e+00	0.35956	1.0004	 3.6393e-01	 9.9990e-01	1.3089	 9.9802e-01
64.034	 1.6909e+00	0.35995	1.0004	 3.6433e-01	 9.9989e-01	1.3102	 9.9797e-01
64.042	 1.6908e+00	0.36034	1.0004	 3.6472e-01	 9.9988e-01	1.3114	 9.9790e-01
64.049	 1.6905e+00	0.36074	1.0004	 3.6512e-01	 9.9986e-01	1.3127	 9.9787e-01
64.056	 1.6904e+00	0.36113	1.0004	 3.6552e-01	 9.9986e-01	1.314	 9.9781e-01
64.063	 1.6902e+00	0.36152	1.0004	 3.6592e-01	 9.9985e-01	1.3153	 9.9779e-01
64.07	 1.6900e+00	0.36192	1.0004	 3.6631e-01	 9.9985e-01	1.3166	 9.9777e-01
64.076	 1.6899e+00	0.36231	1.0005	 3.6671e-01	 9.9985e-01	1.3178	 9.9775e-01
64.083	 1.6897e+00	0.3627	1.0005	 3.6711e-01	 9.9985e-01	1.3191	 9.9775e-01
64.09	 1.6897e+00	0.3631	1.0005	 3.6751e-01	 9.9986e-01	1.3204	 9.9773e-01
64.097	 1.6896e+00	0.36349	1.0005	 3.6791e-01	 9.9987e-01	1.3217	 9.9775e-01
64.103	 1.6896e+00	0.36389	1.0005	 3.6831e-01	 9.9989e-01	1.323	 9.9774e-01
64.11	 1.6898e+00	0.36428	1.0006	 3.6872e-01	 9.9990e-01	1.3243	 9.9776e-01
64.117	 1.6899e+00	0.36468	1.0006	 3.6912e-01	 9.9993e-01	1.3256	 9.9776e-01
64.123	 1.6902e+00	0.36508	1.0006	 3.6952e-01	 9.9995e-01	1.3269	 9.9777e-01
64.129	 1.6904e+00	0.36547	1.0007	 3.6992e-01	 9.9997e-01	1.3282	 9.9779e-01
64.136	 1.6909e+00	0.36587	1.0007	 3.7032e-01	 1.0000e+00	1.3295	 9.9779e-01
64.142	 1.6912e+00	0.36627	1.0007	 3.7072e-01	 1.0000e+00	1.3308	 9.9781e-01
64.148	 1.6917e+00	0.36667	1.0008	 3.7113e-01	 1.0001e+00	1.3321	 9.9780e-01
64.154	 1.6923e+00	0.36706	1.0008	 3.7153e-01	 1.0001e+00	1.3334	 9.9782e-01
64.161	 1.6929e+00	0.36746	1.0008	 3.7193e-01	 1.0001e+00	1.3347	 9.9782e-01
64.167	 1.6937e+00	0.36786	1.0009	 3.7234e-01	 1.0001e+00	1.336	 9.9783e-01
64.173	 1.6944e+00	0.36826	1.0009	 3.7274e-01	 1.0001e+00	1.3373	 9.9784e-01
64.179	 1.6952e+00	0.36866	1.0009	 3.7315e-01	 1.0002e+00	1.3386	 9.9785e-01
64.185	 1.6959e+00	0.36906	1.0009	 3.7355e-01	 1.0002e+00	1.3399	 9.9787e-01
64.19	 1.6966e+00	0.36946	1.0009	 3.7396e-01	 1.0002e+00	1.3412	 9.9787e-01
64.196	 1.6974e+00	0.36986	1.0009	 3.7437e-01	 1.0002e+00	1.3425	 9.9790e-01
64.202	 1.6980e+00	0.37026	1.0009	 3.7477e-01	 1.0002e+00	1.3438	 9.9790e-01
64.208	 1.6987e+00	0.37066	1.0009	 3.7518e-01	 1.0003e+00	1.3451	 9.9791e-01
64.213	 1.6992e+00	0.37107	1.0008	 3.7559e-01	 1.0003e+00	1.3464	 9.9791e-01
64.219	 1.6996e+00	0.37147	1.0008	 3.7599e-01	 1.0003e+00	1.3477	 9.9790e-01
64.224	 1.6999e+00	0.37187	1.0007	 3.7640e-01	 1.0003e+00	1.349	 9.9791e-01
64.23	 1.7001e+00	0.37227	1.0007	 3.7681e-01	 1.0003e+00	1.3503	 9.9788e-01
64.235	 1.7001e+00	0.37268	1.0006	 3.7722e-01	 1.0003e+00	1.3517	 9.9788e-01
64.24	 1.7001e+00	0.37308	1.0005	 3.7762e-01	 1.0003e+00	1.353	 9.9786e-01
64.246	 1.7000e+00	0.37349	1.0004	 3.7803e-01	 1.0003e+00	1.3543	 9.9785e-01
64.251	 1.6998e+00	0.37389	1.0004	 3.7844e-01	 1.0003e+00	1.3556	 9.9785e-01
64.256	 1.6995e+00	0.3743	1.0003	 3.7885e-01	 1.0003e+00	1.3569	 9.9783e-01
64.261	 1.6990e+00	0.3747	1.0002	 3.7926e-01	 1.0002e+00	1.3583	 9.9784e-01
64.266	 1.6986e+00	0.37511	1.0002	 3.7967e-01	 1.0002e+00	1.3596	 9.9783e-01
64.271	 1.6981e+00	0.37551	1.0001	 3.8009e-01	 1.0002e+00	1.3609	 9.9785e-01
64.276	 1.6977e+00	0.37592	1.0	 3.8050e-01	 1.0002e+00	1.3622	 9.9784e-01
64.281	 1.6973e+00	0.37633	0.99998	 3.8091e-01	 1.0002e+00	1.3636	 9.9785e-01
64.286	 1.6969e+00	0.37673	0.99994	 3.8132e-01	 1.0002e+00	1.3649	 9.9787e-01
64.29	 1.6968e+00	0.37714	0.99991	 3.8174e-01	 1.0002e+00	1.3662	 9.9788e-01
64.295	 1.6966e+00	0.37755	0.99987	 3.8215e-01	 1.0002e+00	1.3675	 9.9791e-01
64.3	 1.6966e+00	0.37796	0.99985	 3.8256e-01	 1.0002e+00	1.3689	 9.9791e-01
64.304	 1.6967e+00	0.37837	0.99982	 3.8298e-01	 1.0001e+00	1.3702	 9.9795e-01
64.309	 1.6970e+00	0.37878	0.99981	 3.8339e-01	 1.0001e+00	1.3715	 9.9796e-01
64.313	 1.6974e+00	0.37919	0.99979	 3.8381e-01	 1.0001e+00	1.3729	 9.9798e-01
64.318	 1.6980e+00	0.3796	0.99979	 3.8422e-01	 1.0001e+00	1.3742	 9.9800e-01
64.322	 1.6987e+00	0.38001	0.99979	 3.8464e-01	 1.0001e+00	1.3756	 9.9801e-01
64.326	 1.6994e+00	0.38042	0.99979	 3.8505e-01	 1.0001e+00	1.3769	 9.9804e-01
64.331	 1.7002e+00	0.38083	0.99982	 3.8547e-01	 1.0001e+00	1.3782	 9.9804e-01
64.335	 1.7012e+00	0.38124	0.99983	 3.8588e-01	 1.0001e+00	1.3796	 9.9806e-01
64.339	 1.7021e+00	0.38166	0.99986	 3.8630e-01	 1.0001e+00	1.3809	 9.9805e-01
64.343	 1.7032e+00	0.38207	0.99989	 3.8672e-01	 1.0001e+00	1.3822	 9.9807e-01
64.347	 1.7042e+00	0.38248	0.99994	 3.8714e-01	 1.0001e+00	1.3836	 9.9807e-01
64.351	 1.7053e+00	0.38289	0.99999	 3.8755e-01	 1.0001e+00	1.3849	 9.9807e-01
64.355	 1.7064e+00	0.38331	1.0	 3.8797e-01	 1.0001e+00	1.3863	 9.9809e-01
64.358	 1.7075e+00	0.38372	1.0001	 3.8839e-01	 1.0001e+00	1.3876	 9.9809e-01
64.362	 1.7086e+00	0.38414	1.0002	 3.8881e-01	 1.0001e+00	1.389	 9.9812e-01
64.366	 1.7097e+00	0.38455	1.0002	 3.8923e-01	 1.0001e+00	1.3903	 9.9812e-01
64.369	 1.7108e+00	0.38497	1.0003	 3.8965e-01	 1.0001e+00	1.3917	 9.9814e-01
64.373	 1.7118e+00	0.38538	1.0004	 3.9007e-01	 1.0001e+00	1.393	 9.9815e-01
64.376	 1.7128e+00	0.3858	1.0005	 3.9049e-01	 1.0001e+00	1.3944	 9.9816e-01
64.38	 1.7137e+00	0.38621	1.0005	 3.9091e-01	 1.0001e+00	1.3958	 9.9818e-01
64.383	 1.7146e+00	0.38663	1.0006	 3.9134e-01	 1.0001e+00	1.3971	 9.9817e-01
64.386	 1.7154e+00	0.38704	1.0006	 3.9176e-01	 1.0000e+00	1.3985	 9.9819e-01
64.39	 1.7162e+00	0.38746	1.0007	 3.9218e-01	 1.0000e+00	1.3998	 9.9818e-01
64.393	 1.7169e+00	0.38788	1.0007	 3.9260e-01	 1.0000e+00	1.4012	 9.9819e-01
64.396	 1.7175e+00	0.3883	1.0008	 3.9303e-01	 1.0000e+00	1.4025	 9.9818e-01
64.399	 1.7179e+00	0.38872	1.0008	 3.9345e-01	 1.0000e+00	1.4039	 9.9817e-01
64.402	 1.7181e+00	0.38914	1.0008	 3.9387e-01	 1.0000e+00	1.4053	 9.9816e-01
64.405	 1.7182e+00	0.38955	1.0009	 3.9430e-01	 1.0000e+00	1.4066	 9.9813e-01
64.408	 1.7180e+00	0.38997	1.0009	 3.9472e-01	 1.0000e+00	1.408	 9.9812e-01
64.411	 1.7178e+00	0.39039	1.0009	 3.9515e-01	 1.0000e+00	1.4094	 9.9808e-01
64.414	 1.7173e+00	0.39081	1.0009	 3.9557e-01	 1.0000e+00	1.4107	 9.9806e-01
64.416	 1.7167e+00	0.39123	1.0009	 3.9600e-01	 1.0000e+00	1.4121	 9.9803e-01
64.419	 1.7160e+00	0.39165	1.0008	 3.9642e-01	 1.0000e+00	1.4135	 9.9800e-01
64.422	 1.7151e+00	0.39208	1.0008	 3.9685e-01	 1.0000e+00	1.4149	 9.9798e-01
64.424	 1.7142e+00	0.3925	1.0008	 3.9728e-01	 1.0000e+00	1.4162	 9.9794e-01
64.427	 1.7131e+00	0.39292	1.0007	 3.9770e-01	 1.0000e+00	1.4176	 9.9793e-01
64.429	 1.7121e+00	0.39334	1.0007	 3.9813e-01	 1.0000e+00	1.419	 9.9788e-01
64.431	 1.7110e+00	0.39377	1.0006	 3.9856e-01	 1.0000e+00	1.4204	 9.9786e-01
64.434	 1.7099e+00	0.39419	1.0005	 3.9899e-01	 1.0001e+00	1.4218	 9.9782e-01
64.436	 1.7088e+00	0.39461	1.0005	 3.9942e-01	 1.0001e+00	1.4231	 9.9778e-01
64.438	 1.7077e+00	0.39504	1.0004	 3.9985e-01	 1.0001e+00	1.4245	 9.9774e-01
64.44	 1.7066e+00	0.39546	1.0004	 4.0028e-01	 1.0001e+00	1.4259	 9.9769e-01
64.442	 1.7056e+00	0.39588	1.0003	 4.0071e-01	 1.0001e+00	1.4273	 9.9765e-01
64.444	 1.7046e+00	0.39631	1.0003	 4.0114e-01	 1.0001e+00	1.4287	 9.9759e-01
64.446	 1.7037e+00	0.39674	1.0002	 4.0157e-01	 1.0000e+00	1.4301	 9.9756e-01
64.448	 1.7028e+00	0.39716	1.0002	 4.0200e-01	 1.0000e+00	1.4314	 9.9751e-01
64.45	 1.7019e+00	0.39759	1.0001	 4.0243e-01	 1.0000e+00	1.4328	 9.9747e-01
64.452	 1.7010e+00	0.39801	1.0001	 4.0286e-01	 1.0000e+00	1.4342	 9.9745e-01
64.454	 1.7002e+00	0.39844	1.0	 4.0330e-01	 9.9998e-01	1.4356	 9.9741e-01
64.455	 1.6995e+00	0.39887	0.99999	 4.0373e-01	 9.9995e-01	1.437	 9.9741e-01
64.457	 1.6988e+00	0.3993	0.99996	 4.0416e-01	 9.9993e-01	1.4384	 9.9738e-01
64.458	 1.6983e+00	0.39972	0.99993	 4.0459e-01	 9.9990e-01	1.4398	 9.9739e-01
64.46	 1.6978e+00	0.40015	0.99991	 4.0503e-01	 9.9988e-01	1.4412	 9.9738e-01
64.461	 1.6975e+00	0.40058	0.99988	 4.0546e-01	 9.9986e-01	1.4426	 9.9738e-01
64.463	 1.6973e+00	0.40101	0.99987	 4.0590e-01	 9.9983e-01	1.444	 9.9740e-01
64.464	 1.6971e+00	0.40144	0.99987	 4.0633e-01	 9.9981e-01	1.4454	 9.9741e-01
64.465	 1.6971e+00	0.40187	0.99986	 4.0677e-01	 9.9979e-01	1.4468	 9.9745e-01
64.466	 1.6972e+00	0.4023	0.99987	 4.0720e-01	 9.9977e-01	1.4482	 9.9747e-01
64.467	 1.6974e+00	0.40273	0.99988	 4.0764e-01	 9.9975e-01	1.4496	 9.9753e-01
64.468	 1.6975e+00	0.40316	0.9999	 4.0808e-01	 9.9974e-01	1.451	 9.9757e-01
64.469	 1.6977e+00	0.4036	0.99992	 4.0852e-01	 9.9973e-01	1.4524	 9.9764e-01
64.47	 1.6978e+00	0.40403	0.99994	 4.0895e-01	 9.9972e-01	1.4538	 9.9770e-01
64.471	 1.6979e+00	0.40446	0.99998	 4.0939e-01	 9.9972e-01	1.4552	 9.9777e-01
64.472	 1.6980e+00	0.4049	1.0	 4.0983e-01	 9.9971e-01	1.4567	 9.9785e-01
	 nan	0.40533	1.0	 4.1027e-01	 9.9971e-01	1.4581	 9.9791e-01
	 nan	0.40576	1.0001	 4.1071e-01	 9.9971e-01	1.4595	 9.9799e-01
	 nan	0.4062	1.0001	 4.1115e-01	 9.9972e-01	1.4609	 9.9805e-01
	 nan	0.40663	1.0001	 4.1159e-01	 9.9972e-01	1.4623	 9.9812e-01
	 nan	0.40707	1.0001	 4.1203e-01	 9.9974e-01	1.4637	 9.9818e-01
	 nan	0.4075	1.0001	 4.1247e-01	 9.9975e-01	1.4651	 9.9823e-01
	 nan	0.40794	1.0001	 4.1291e-01	 9.9977e-01	1.4666	 9.9828e-01
	 nan	0.40837	1.0001	 4.1335e-01	 9.9979e-01	1.468	 9.9830e-01
	 nan	0.40881	1.0001	 4.1379e-01	 9.9981e-01	1.4694	 9.9834e-01
	 nan	0.40925	1.0001	 4.1424e-01	 9.9984e-01	1.4708	 9.9835e-01
	 nan	0.40968	1.0002	 4.1468e-01	 9.9986e-01	1.4723	 9.9837e-01
	 nan	0.41012	1.0002	 4.1512e-01	 9.9989e-01	1.4737	 9.9838e-01
	 nan	0.41056	1.0002	 4.1557e-01	 9.9992e-01	1.4751	 9.9839e-01
	 nan	0.411	1.0002	 4.1601e-01	 9.9995e-01	1.4766	 9.9841e-01
	 nan	0.41144	1.0002	 4.1645e-01	 9.9999e-01	1.478	 9.9841e-01
	 nan	0.41187	1.0002	 4.1690e-01	 1.0000e+00	1.4794	 9.9843e-01
	 nan	0.41231	1.0003	 4.1734e-01	 1.0001e+00	1.4808	 9.9843e-01
	 nan	0.41275	1.0003	 4.1779e-01	 1.0001e+00	1.4823	 9.9845e-01
	 nan	0.41319	1.0003	 4.1824e-01	 1.0001e+00	1.4837	 9.9845e-01
	 nan	0.41364	1.0004	 4.1868e-01	 1.0001e+00	1.4852	 9.9845e-01
	 nan	0.41408	1.0004	 4.1913e-01	 1.0002e+00	1.4866	 9.9845e-01
	 nan	0.41452	1.0004	 4.1958e-01	 1.0002e+00	1.488	 9.9843e-01
	 nan	0.41496	1.0004	 4.2002e-01	 1.0002e+00	1.4895	 9.9843e-01
	 nan	0.4154	1.0005	 4.2047e-01	 1.0002e+00	1.4909	 9.9840e-01
	 nan	0.41585	1.0005	 4.2092e-01	 1.0003e+00	1.4924	 9.9838e-01
	 nan	0.41629	1.0005	 4.2137e-01	 1.0003e+00	1.4938	 9.9834e-01
	 nan	0.41673	1.0005	 4.2182e-01	 1.0003e+00	1.4952	 9.9829e-01
	 nan	0.41718	1.0006	 4.2227e-01	 1.0003e+00	1.4967	 9.9825e-01
	 nan	0.41762	1.0006	 4.2272e-01	 1.0003e+00	1.4982	 9.9817e-01
	 nan	0.41807	1.0006	 4.2317e-01	 1.0003e+00	1.4996	 9.9812e-01
	 nan	0.41851	1.0006	 4.2363e-01	 1.0004e+00	1.501	 9.9803e-01
	 nan	0.41896	1.0006	 4.2408e-01	 1.0004e+00	1.5025	 9.9796e-01
	 nan	0.4194	1.0006	 4.2453e-01	 1.0004e+00	1.504	 9.9787e-01
	 nan	0.41985	1.0006	 4.2498e-01	 1.0004e+00	1.5054	 9.9779e-01
	 nan	0.4203	1.0007	 4.2544e-01	 1.0004e+00	1.5069	 9.9771e-01
	 nan	0.42074	1.0007	 4.2589e-01	 1.0005e+00	1.5083	 9.9762e-01
	 nan	0.42119	1.0007	 4.2634e-01	 1.0005e+00	1.5098	 9.9757e-01
	 nan	0.42164	1.0007	 4.2680e-01	 1.0005e+00	1.5112	 9.9749e-01
	 nan	0.42209	1.0007	 4.2725e-01	 1.0005e+00	1.5127	 9.9745e-01
	 nan	0.42254	1.0007	 4.2771e-01	 1.0005e+00	1.5142	 9.9741e-01
	 nan	0.42298	1.0007	 4.2816e-01	 1.0005e+00	1.5156	 9.9738e-01
	 nan	0.42344	1.0007	 4.2862e-01	 1.0005e+00	1.5171	 9.9737e-01
	 nan	0.42389	1.0007	 4.2908e-01	 1.0005e+00	1.5186	 9.9735e-01
	 nan	0.42434	1.0006	 4.2953e-01	 1.0005e+00	1.52	 9.9738e-01
	 nan	0.42479	1.0006	 4.2999e-01	 1.0005e+00	1.5215	 9.9738e-01
	 nan	0.42524	1.0006	 4.3045e-01	 1.0005e+00	1.523	 9.9741e-01
	 nan	0.42569	1.0006	 4.3091e-01	 1.0005e+00	1.5245	 9.9743e-01
	 nan	0.42614	1.0006	 4.3137e-01	 1.0005e+00	1.5259	 9.9746e-01
	 nan	0.4266	1.0006	 4.3182e-01	 1.0005e+00	1.5274	 9.9750e-01
	 nan	0.42705	1.0006	 4.3228e-01	 1.0005e+00	1.5289	 9.9753e-01
	 nan	0.4275	1.0005	 4.3274e-01	 1.0005e+00	1.5304	 9.9758e-01
	 nan	0.42796	1.0005	 4.3320e-01	 1.0005e+00	1.5318	 9.9760e-01
	 nan	0.42841	1.0005	 4.3367e-01	 1.0004e+00	1.5333	 9.9765e-01
	 nan	0.42887	1.0005	 4.3413e-01	 1.0004e+00	1.5348	 9.9768e-01
	 nan	0.42932	1.0005	 4.3459e-01	 1.0004e+00	1.5363	 9.9773e-01
	 nan	0.42978	1.0005	 4.3505e-01	 1.0004e+00	1.5378	 9.9778e-01
	 nan	0.43023	1.0005	 4.3551e-01	 1.0004e+00	1.5393	 9.9783e-01
	 nan	0.43069	1.0005	 4.3597e-01	 1.0004e+00	1.5408	 9.9791e-01
	 nan	0.43115	1.0005	 4.3644e-01	 1.0004e+00	1.5422	 9.9796e-01
	 nan	0.43161	1.0005	 4.3690e-01	 1.0004e+00	1.5437	 9.9804e-01
	 nan	0.43206	1.0005	 4.3736e-01	 1.0004e+00	1.5452	 9.9811e-01
	 nan	0.43252	1.0005	 4.3783e-01	 1.0004e+00	1.5467	 9.9819e-01
	 nan	0.43298	1.0005	 4.3829e-01	 1.0004e+00	1.5482	 9.9828e-01
	 nan	0.43344	1.0005	 4.3876e-01	 1.0004e+00	1.5497	 9.9836e-01
	 nan	0.4339	1.0005	 4.3922e-01	 1.0003e+00	1.5512	 9.9846e-01
	 nan	0.43436	1.0004	 4.3969e-01	 1.0003e+00	1.5527	 9.9853e-01
	 nan	0.43482	1.0004	 4.4016e-01	 1.0003e+00	1.5542	 9.9863e-01
	 nan	0.43528	1.0004	 4.4062e-01	 1.0003e+00	1.5557	 9.9870e-01
	 nan	0.43574	1.0004	 4.4109e-01	 1.0003e+00	1.5572	 9.9879e-01
	 nan	0.4362	1.0004	 4.4156e-01	 1.0003e+00	1.5587	 9.9887e-01
	 nan	0.43667	1.0004	 4.4203e-01	 1.0003e+00	1.5602	 9.9893e-01
	 nan	0.43713	1.0004	 4.4249e-01	 1.0002e+00	1.5617	 9.9901e-01
	 nan	0.43759	1.0004	 4.4296e-01	 1.0002e+00	1.5632	 9.9905e-01
	 nan	0.43806	1.0004	 4.4343e-01	 1.0002e+00	1.5648	 9.9912e-01
	 nan	0.43852	1.0004	 4.4390e-01	 1.0002e+00	1.5663	 9.9916e-01
	 nan	0.43898	1.0004	 4.4437e-01	 1.0002e+00	1.5678	 9.9921e-01
	 nan	0.43945	1.0004	 4.4484e-01	 1.0002e+00	1.5693	 9.9925e-01
	 nan	0.43991	1.0005	 4.4531e-01	 1.0002e+00	1.5708	 9.9928e-01
	 nan	0.44038	1.0005	 4.4579e-01	 1.0002e+00	1.5723	 9.9932e-01
	 nan	0.44084	1.0005	 4.4626e-01	 1.0002e+00	1.5738	 9.9933e-01
	 nan	0.44131	1.0005	 4.4673e-01	 1.0002e+00	1.5754	 9.9936e-01
	 nan	0.44178	1.0005	 4.4720e-01	 1.0002e+00	1.5769	 9.9936e-01
	 nan	0.44224	1.0005	 4.4768e-01	 1.0002e+00	1.5784	 9.9938e-01
	 nan	0.44271	1.0005	 4.4815e-01	 1.0002e+00	1.5799	 9.9938e-01
	 nan	0.44318	1.0006	 4.4863e-01	 1.0002e+00	1.5814	 9.9936e-01
	 nan	0.44365	1.0006	 4.4910e-01	 1.0002e+00	1.583	 9.9936e-01
	 nan	0.44412	1.0006	 4.4958e-01	 1.0002e+00	1.5845	 9.9931e-01
	 nan	0.44459	1.0006	 4.5005e-01	 1.0002e+00	1.586	 9.9929e-01
	 nan	0.44506	1.0006	 4.5053e-01	 1.0002e+00	1.5876	 9.9922e-01
	 nan	0.44553	1.0006	 4.5100e-01	 1.0003e+00	1.5891	 9.9917e-01
	 nan	0.446	1.0006	 4.5148e-01	 1.0003e+00	1.5906	 9.9909e-01
	 nan	0.44647	1.0006	 4.5196e-01	 1.0003e+00	1.5922	 9.9900e-01
	 nan	0.44694	1.0006	 4.5244e-01	 1.0003e+00	1.5937	 9.9892e-01
	 nan	0.44741	1.0006	 4.5291e-01	 1.0003e+00	1.5952	 9.9881e-01
	 nan	0.44788	1.0006	 4.5339e-01	 1.0003e+00	1.5968	 9.9872e-01
	 nan	0.44836	1.0007	 4.5387e-01	 1.0003e+00	1.5983	 9.9861e-01
	 nan	0.44883	1.0007	 4.5435e-01	 1.0003e+00	1.5998	 9.9852e-01
	 nan	0.44931	1.0007	 4.5483e-01	 1.0003e+00	1.6014	 9.9843e-01
	 nan	0.44978	1.0007	 4.5531e-01	 1.0003e+00	1.6029	 9.9834e-01
	 nan	0.45025	1.0007	 4.5579e-01	 1.0002e+00	1.6045	 9.9826e-01
	 nan	0.45073	1.0007	 4.5627e-01	 1.0002e+00	1.606	 9.9817e-01
	 nan	0.4512	1.0007	 4.5675e-01	 1.0002e+00	1.6076	 9.9812e-01
	 nan	0.45168	1.0007	 4.5724e-01	 1.0002e+00	1.6091	 9.9805e-01
	 nan	0.45215	1.0007	 4.5772e-01	 1.0002e+00	1.6107	 9.9802e-01
	 nan	0.45263	1.0007	 4.5820e-01	 1.0001e+00	1.6122	 9.9798e-01
	 nan	0.45311	1.0007	 4.5868e-01	 1.0001e+00	1.6138	 9.9796e-01
	 nan	0.45359	1.0007	 4.5917e-01	 1.0001e+00	1.6154	 9.9795e-01
	 nan	0.45406	1.0008	 4.5965e-01	 1.0001e+00	1.6169	 9.9794e-01
	 nan	0.45454	1.0008	 4.6014e-01	 1.0001e+00	1.6185	 9.9796e-01
	 nan	0.45502	1.0008	 4.6062e-01	 1.0000e+00	1.62	 9.9796e-01
	 nan	0.4555	1.0008	 4.6111e-01	 1.0000e+00	1.6216	 9.9798e-01
	 nan	0.45598	1.0008	 4.6159e-01	 1.0000e+00	1.6232	 9.9799e-01
	 nan	0.45646	1.0008	 4.6208e-01	 1.0000e+00	1.6247	 9.9802e-01
	 nan	0.45694	1.0008	 4.6257e-01	 1.0000e+00	1.6263	 9.9805e-01
	 nan	0.45742	1.0008	 4.6305e-01	 1.0000e+00	1.6279	 9.9806e-01
	 nan	0.45791	1.0008	 4.6354e-01	 9.9999e-01	1.6294	 9.9811e-01
	 nan	0.45839	1.0008	 4.6403e-01	 9.9999e-01	1.631	 9.9812e-01
	 nan	0.45887	1.0008	 4.6452e-01	 9.9998e-01	1.6326	 9.9815e-01
	 nan	0.45935	1.0008	 4.6501e-01	 9.9998e-01	1.6341	 9.9817e-01
	 nan	0.45984	1.0008	 4.6550e-01	 9.9998e-01	1.6357	 9.9820e-01
	 nan	0.46032	1.0008	 4.6599e-01	 9.9998e-01	1.6373	 9.9822e-01
	 nan	0.4608	1.0007	 4.6648e-01	 9.9999e-01	1.6389	 9.9823e-01
	 nan	0.46129	1.0007	 4.6697e-01	 9.9999e-01	1.6404	 9.9827e-01
	 nan	0.46177	1.0007	 4.6746e-01	 1.0000e+00	1.642	 9.9827e-01
	 nan	0.46226	1.0006	 4.6795e-01	 1.0000e+00	1.6436	 9.9830e-01
	 nan	0.46275	1.0006	 4.6844e-01	 1.0000e+00	1.6452	 9.9829e-01
	 nan	0.46323	1.0005	 4.6893e-01	 1.0000e+00	1.6468	 9.9831e-01
	 nan	0.46372	1.0005	 4.6943e-01	 1.0000e+00	1.6484	 9.9831e-01
	 nan	0.46421	1.0005	 4.6992e-01	 1.0000e+00	1.65	 9.9831e-01
	 nan	0.46469	1.0004	 4.7042e-01	 1.0000e+00	1.6515	 9.9832e-01
	 nan	0.46518	1.0004	 4.7091e-01	 1.0000e+00	1.6531	 9.9831e-01
	 nan	0.46567	1.0004	 4.7140e-01	 1.0000e+00	1.6547	 9.9833e-01
	 nan	0.46616	1.0003	 4.7190e-01	 1.0000e+00	1.6563	 9.9832e-01
	 nan	0.46665	1.0003	 4.7240e-01	 1.0000e+00	1.6579	 9.9833e-01
	 nan	0.46714	1.0002	 4.7289e-01	 1.0000e+00	1.6595	 9.9834e-01
	 nan	0.46763	1.0002	 4.7339e-01	 1.0000e+00	1.6611	 9.9835e-01
	 nan	0.46812	1.0002	 4.7388e-01	 1.0000e+00	1.6627	 9.9838e-01
	 nan	0.46861	1.0001	 4.7438e-01	 1.0000e+00	1.6643	 9.9839e-01
	 nan	0.4691	1.0001	 4.7488e-01	 1.0000e+00	1.6659	 9.9843e-01
	 nan	0.4696	1.0001	 4.7538e-01	 1.0001e+00	1.6675	 9.9845e-01
	 nan	0.47009	1.0001	 4.7587e-01	 1.0001e+00	1.6691	 9.9850e-01
	 nan	0.47058	1.0	 4.7637e-01	 1.0001e+00	1.6707	 9.9853e-01
	 nan	0.47108	1.0	 4.7687e-01	 1.0001e+00	1.6723	 9.9857e-01
	 nan	0.47157	1.0	 4.7737e-01	 1.0001e+00	1.6739	 9.9863e-01
	 nan	0.47206	1.0	 4.7787e-01	 1.0001e+00	1.6755	 9.9867e-01
	 nan	0.47256	1.0	 4.7838e-01	 1.0001e+00	1.6772	 9.9874e-01
	 nan	0.47305	1.0	 4.7888e-01	 1.0001e+00	1.6788	 9.9878e-01
	 nan	0.47355	1.0	 4.7938e-01	 1.0001e+00	1.6804	 9.9885e-01
	 nan	0.47405	1.0	 4.7988e-01	 1.0001e+00	1.682	 9.9891e-01
	 nan	0.47454	1.0	 4.8039e-01	 1.0001e+00	1.6836	 9.9896e-01
	 nan	0.47504	1.0	 4.8089e-01	 1.0001e+00	1.6852	 9.9903e-01
	 nan	0.47554	1.0	 4.8139e-01	 1.0001e+00	1.6869	 9.9907e-01
	 nan	0.47604	1.0	 4.8190e-01	 1.0002e+00	1.6885	 9.9914e-01
	 nan	0.47654	1.0	 4.8240e-01	 1.0002e+00	1.6901	 9.9917e-01
	 nan	0.47703	1.0	 4.8291e-01	 1.0002e+00	1.6917	 9.9923e-01
	 nan	0.47753	1.0	 4.8341e-01	 1.0002e+00	1.6933	 9.9926e-01
	 nan	0.47803	1.0	 4.8392e-01	 1.0002e+00	1.695	 9.9929e-01
	 nan	0.47853	1.0	 4.8442e-01	 1.0002e+00	1.6966	 9.9932e-01
	 nan	0.47903	1.0	 4.8493e-01	 1.0002e+00	1.6982	 9.9934e-01
	 nan	0.47954	0.99999	 4.8544e-01	 1.0002e+00	1.6999	 9.9938e-01
	 nan	0.48004	0.99999	 4.8595e-01	 1.0002e+00	1.7015	 9.9938e-01
	 nan	0.48054	0.99998	 4.8646e-01	 1.0003e+00	1.7031	 9.9942e-01
	 nan	0.48104	0.99998	 4.8697e-01	 1.0003e+00	1.7048	 9.9943e-01
	 nan	0.48155	0.99998	 4.8747e-01	 1.0003e+00	1.7064	 9.9945e-01
	 nan	0.48205	0.99998	 4.8799e-01	 1.0003e+00	1.7081	 9.9948e-01
	 nan	0.48255	0.99998	 4.8850e-01	 1.0003e+00	1.7097	 9.9949e-01
	 nan	0.48306	0.99996	 4.8901e-01	 1.0003e+00	1.7113	 9.9952e-01
	 nan	0.48356	0.99997	 4.8952e-01	 1.0003e+00	1.713	 9.9952e-01
	 nan	0.48407	0.99996	 4.9003e-01	 1.0003e+00	1.7146	 9.9955e-01
	 nan	0.48457	0.99996	 4.9054e-01	 1.0003e+00	1.7163	 9.9955e-01
	 nan	0.48508	0.99996	 4.9105e-01	 1.0003e+00	1.7179	 9.9957e-01
	 nan	0.48559	0.99996	 4.9157e-01	 1.0003e+00	1.7196	 9.9958e-01
	 nan	0.48609	0.99998	 4.9208e-01	 1.0003e+00	1.7212	 9.9958e-01
	 nan	0.4866	0.99999	 4.9259e-01	 1.0003e+00	1.7229	 9.9960e-01
	 nan	0.48711	1.0	 4.9311e-01	 1.0003e+00	1.7246	 9.9959e-01
	 nan	0.48762	1.0	 4.9362e-01	 1.0002e+00	1.7262	 9.9960e-01
	 nan	0.48813	1.0001	 4.9414e-01	 1.0002e+00	1.7279	 9.9959e-01
	 nan	0.48864	1.0001	 4.9466e-01	 1.0002e+00	1.7295	 9.9958e-01
	 nan	0.48915	1.0001	 4.9517e-01	 1.0002e+00	1.7312	 9.9957e-01
	 nan	0.48966	1.0002	 4.9569e-01	 1.0002e+00	1.7329	 9.9954e-01
	 nan	0.49017	1.0002	 4.9621e-01	 1.0002e+00	1.7345	 9.9953e-01
	 nan	0.49068	1.0003	 4.9673e-01	 1.0002e+00	1.7362	 9.9948e-01
	 nan	0.4912	1.0003	 4.9724e-01	 1.0002e+00	1.7378	 9.9947e-01
	 nan	0.49171	1.0004	 4.9776e-01	 1.0002e+00	1.7395	 9.9943e-01
	 nan	0.49222	1.0004	 4.9828e-01	 1.0002e+00	1.7412	 9.9941e-01
	 nan	0.49273	1.0004	 4.9880e-01	 1.0002e+00	1.7429	 9.9939e-01
	 nan	0.49325	1.0005	 4.9932e-01	 1.0002e+00	1.7445	 9.9936e-01
	 nan	0.49376	1.0005	 4.9984e-01	 1.0001e+00	1.7462	 9.9936e-01
	 nan	0.49428	1.0005	 5.0036e-01	 1.0001e+00	1.7479	 9.9934e-01
	 nan	0.49479	1.0005	 5.0089e-01	 1.0001e+00	1.7496	 9.9935e-01
	 nan	0.49531	1.0005	 5.0141e-01	 1.0001e+00	1.7512	 9.9934e-01
	 nan	0.49583	1.0005	 5.0193e-01	 1.0001e+00	1.7529	 9.9935e-01
	 nan	0.49634	1.0005	 5.0245e-01	 1.0001e+00	1.7546	 9.9935e-01
	 nan	0.49686	1.0005	 5.0298e-01	 1.0001e+00	1.7563	 9.9935e-01
	 nan	0.49738	1.0004	 5.0350e-01	 1.0001e+00	1.758	 9.9937e-01
	 nan	0.49789	1.0004	 5.0403e-01	 1.0001e+00	1.7597	 9.9936e-01
	 nan	0.49841	1.0003	 5.0455e-01	 1.0001e+00	1.7613	 9.9938e-01
	 nan	0.49893	1.0003	 5.0508e-01	 1.0001e+00	1.7631	 9.9937e-01
	 nan	0.49945	1.0002	 5.0560e-01	 1.0001e+00	1.7647	 9.9938e-01
	 nan	0.49997	1.0002	 5.0613e-01	 1.0001e+00	1.7664	 9.9938e-01
	 nan	0.50049	1.0002	 5.0666e-01	 1.0000e+00	1.7681	 9.9937e-01
	 nan	0.50101	1.0001	 5.0719e-01	 1.0000e+00	1.7698	 9.9939e-01
	 nan	0.50153	1.0001	 5.0772e-01	 1.0000e+00	1.7715	 9.9938e-01
	 nan	0.50206	1.0001	 5.0824e-01	 1.0000e+00	1.7732	 9.9941e-01
	 nan	0.50258	1.0001	 5.0877e-01	 1.0000e+00	1.7749	 9.9941e-01
	 nan	0.5031	1.0001	 5.0930e-01	 1.0000e+00	1.7766	 9.9944e-01
	 nan	0.50362	1.0	 5.0983e-01	 1.0000e+00	1.7783	 9.9946e-01
	 nan	0.50415	1.0	 5.1036e-01	 1.0000e+00	1.78	 9.9948e-01
	 nan	0.50467	1.0	 5.1089e-01	 1.0000e+00	1.7817	 9.9952e-01
	 nan	0.5052	1.0	 5.1143e-01	 1.0000e+00	1.7834	 9.9954e-01
	 nan	0.50572	1.0	 5.1196e-01	 1.0000e+00	1.7852	 9.9960e-01
	 nan	0.50625	1.0	 5.1249e-01	 1.0000e+00	1.7869	 9.9962e-01
	 nan	0.50678	1.0	 5.1303e-01	 1.0000e+00	1.7886	 9.9967e-01
	 nan	0.5073	1.0	 5.1356e-01	 1.0000e+00	1.7903	 9.9970e-01
	 nan	0.50783	1.0	 5.1409e-01	 1.0001e+00	1.792	 9.9973e-01
	 nan	0.50836	1.0	 5.1463e-01	 1.0001e+00	1.7937	 9.9977e-01
	 nan	0.50889	1.0	 5.1517e-01	 1.0001e+00	1.7955	 9.9979e-01
	 nan	0.50942	1.0	 5.1570e-01	 1.0001e+00	1.7972	 9.9982e-01
	 nan	0.50994	1.0001	 5.1624e-01	 1.0001e+00	1.7989	 9.9983e-01
	 nan	0.51047	1.0001	 5.1678e-01	 1.0001e+00	1.8006	 9.9986e-01
	 nan	0.51101	1.0001	 5.1731e-01	 1.0002e+00	1.8023	 9.9987e-01
	 nan	0.51154	1.0001	 5.1785e-01	 1.0002e+00	1.8041	 9.9988e-01
	 nan	0.51207	1.0001	 5.1839e-01	 1.0002e+00	1.8058	 9.9990e-01
	 nan	0.5126	1.0001	 5.1893e-01	 1.0002e+00	1.8075	 9.9989e-01
	 nan	0.51313	1.0001	 5.1947e-01	 1.0002e+00	1.8093	 9.9992e-01
	 nan	0.51366	1.0002	 5.2001e-01	 1.0002e+00	1.811	 9.9990e-01
	 nan	0.5142	1.0002	 5.2055e-01	 1.0002e+00	1.8127	 9.9991e-01
	 nan	0.51473	1.0002	 5.2109e-01	 1.0002e+00	1.8145	 9.9990e-01
	 nan	0.51526	1.0002	 5.2163e-01	 1.0002e+00	1.8162	 9.9989e-01
	 nan	0.5158	1.0002	 5.2217e-01	 1.0002e+00	1.818	 9.9989e-01
	 nan	0.51633	1.0002	 5.2271e-01	 1.0002e+00	1.8197	 9.9988e-01
	 nan	0.51687	1.0002	 5.2325e-01	 1.0002e+00	1.8215	 9.9989e-01
	 nan	0.5174	1.0002	 5.2380e-01	 1.0002e+00	1.8232	 9.9988e-01
	 nan	0.51794	1.0001	 5.2434e-01	 1.0002e+00	1.8249	 9.9990e-01
	 nan	0.51848	1.0001	 5.2489e-01	 1.0002e+00	1.8267	 9.9990e-01
	 nan	0.51901	1.0001	 5.2543e-01	 1.0002e+00	1.8284	 9.9992e-01
	 nan	0.51955	1.0	 5.2597e-01	 1.0001e+00	1.8302	 9.9995e-01
	 nan	0.52009	0.99996	 5.2652e-01	 1.0001e+00	1.8319	 9.9996e-01
	 nan	0.52063	0.99991	 5.2707e-01	 1.0001e+00	1.8337	 1.0000e+00
	 nan	0.52117	0.99986	 5.2761e-01	 1.0001e+00	1.8355	 1.0000e+00
	 nan	0.52171	0.99981	 5.2816e-01	 1.0001e+00	1.8372	 1.0001e+00
	 nan	0.52225	0.99977	 5.2871e-01	 1.0001e+00	1.839	 1.0001e+00
	 nan	0.52279	0.99973	 5.2926e-01	 1.0001e+00	1.8407	 1.0001e+00
	 nan	0.52333	0.99969	 5.2981e-01	 1.0001e+00	1.8425	 1.0001e+00
	 nan	0.52387	0.99967	 5.3036e-01	 1.0001e+00	1.8443	 1.0002e+00
	 nan	0.52441	0.99964	 5.3090e-01	 1.0000e+00	1.846	 1.0002e+00
	 nan	0.52496	0.99964	 5.3146e-01	 1.0000e+00	1.8478	 1.0002e+00
	 nan	0.5255	0.99962	 5.3200e-01	 1.0000e+00	1.8496	 1.0002e+00
	 nan	0.52604	0.99962	 5.3256e-01	 9.9999e-01	1.8513	 1.0002e+00
	 nan	0.52659	0.99962	 5.3311e-01	 9.9996e-01	1.8531	 1.0002e+00
	 nan	0.52713	0.99962	 5.3366e-01	 9.9994e-01	1.8549	 1.0003e+00
	 nan	0.52768	0.99964	 5.3421e-01	 9.9992e-01	1.8566	 1.0002e+00
	 nan	0.52822	0.99964	 5.3477e-01	 9.9990e-01	1.8584	 1.0003e+00
	 nan	0.52877	0.99967	 5.3532e-01	 9.9988e-01	1.8602	 1.0002e+00
	 nan	0.52931	0.99969	 5.3587e-01	 9.9986e-01	1.862	 1.0002e+00
	 nan	0.52986	0.99972	 5.3643e-01	 9.9985e-01	1.8638	 1.0002e+00
	 nan	0.53041	0.99975	 5.3698e-01	 9.9983e-01	1.8656	 1.0002e+00
	 nan	0.53096	0.99979	 5.3754e-01	 9.9982e-01	1.8673	 1.0002e+00
	 nan	0.53151	0.99984	 5.3809e-01	 9.9981e-01	1.8691	 1.0001e+00
	 nan	0.53206	0.99988	 5.3865e-01	 9.9980e-01	1.8709	 1.0001e+00
	 nan	0.53261	0.99994	 5.3921e-01	 9.9980e-01	1.8727	 1.0001e+00
	 nan	0.53316	0.99998	 5.3976e-01	 9.9980e-01	1.8745	 1.0001e+00
	 nan	0.53371	1.0	 5.4032e-01	 9.9980e-01	1.8763	 1.0001e+00
	 nan	0.53426	1.0001	 5.4088e-01	 9.9980e-01	1.8781	 1.0001e+00
	 nan	0.53481	1.0001	 5.4144e-01	 9.9981e-01	1.8799	 1.0001e+00
	 nan	0.53536	1.0002	 5.4200e-01	 9.9983e-01	1.8817	 1.0001e+00
	 nan	0.53592	1.0002	 5.4256e-01	 9.9984e-01	1.8835	 1.0001e+00
	 nan	0.53647	1.0003	 5.4312e-01	 9.9987e-01	1.8853	 1.0001e+00
	 nan	0.53702	1.0003	 5.4368e-01	 9.9988e-01	1.8871	 1.0001e+00
	 nan	0.53758	1.0003	 5.4424e-01	 9.9991e-01	1.8889	 1.0001e+00
	 nan	0.53813	1.0004	 5.4480e-01	 9.9993e-01	1.8907	 1.0001e+00
	 nan	0.53869	1.0004	 5.4536e-01	 9.9996e-01	1.8925	 1.0001e+00
	 nan	0.53924	1.0005	 5.4593e-01	 9.9998e-01	1.8943	 1.0000e+00
	 nan	0.5398	1.0005	 5.4649e-01	 1.0000e+00	1.8961	 1.0000e+00
	 nan	0.54036	1.0006	 5.4706e-01	 1.0000e+00	1.8979	 9.9998e-01
	 nan	0.54091	1.0006	 5.4762e-01	 1.0000e+00	1.8998	 9.9996e-01
	 nan	0.54147	1.0006	 5.4819e-01	 1.0000e+00	1.9016	 9.9989e-01
	 nan	0.54203	1.0007	 5.4875e-01	 1.0000e+00	1.9034	 9.9986e-01
	 nan	0.54259	1.0007	 5.4932e-01	 1.0001e+00	1.9052	 9.9981e-01
	 nan	0.54315	1.0007	 5.4988e-01	 1.0001e+00	1.907	 9.9975e-01
	 nan	0.54371	1.0007	 5.5045e-01	 1.0000e+00	1.9088	 9.9971e-01
	 nan	0.54427	1.0008	 5.5102e-01	 1.0000e+00	1.9107	 9.9965e-01
	 nan	0.54483	1.0008	 5.5159e-01	 1.0000e+00	1.9125	 9.9963e-01
	 nan	0.54539	1.0008	 5.5216e-01	 1.0000e+00	1.9143	 9.9957e-01
	 nan	0.54595	1.0008	 5.5272e-01	 1.0000e+00	1.9162	 9.9955e-01
	 nan	0.54651	1.0008	 5.5329e-01	 9.9999e-01	1.918	 9.9952e-01
	 nan	0.54708	1.0008	 5.5387e-01	 9.9997e-01	1.9198	 9.9950e-01
	 nan	0.54764	1.0008	 5.5444e-01	 9.9996e-01	1.9217	 9.9950e-01
	 nan	0.54821	1.0008	 5.5501e-01	 9.9994e-01	1.9235	 9.9948e-01
	 nan	0.54877	1.0007	 5.5558e-01	 9.9992e-01	1.9253	 9.9949e-01
	 nan	0.54934	1.0007	 5.5615e-01	 9.9991e-01	1.9272	 9.9946e-01
	 nan	0.5499	1.0007	 5.5672e-01	 9.9989e-01	1.929	 9.9947e-01
	 nan	0.55047	1.0006	 5.5729e-01	 9.9988e-01	1.9309	 9.9946e-01
	 nan	0.55103	1.0006	 5.5787e-01	 9.9987e-01	1.9327	 9.9946e-01
	 nan	0.5516	1.0005	 5.5844e-01	 9.9987e-01	1.9345	 9.9947e-01
	 nan	0.55217	1.0004	 5.5902e-01	 9.9987e-01	1.9364	 9.9946e-01
	 nan	0.55274	1.0004	 5.5959e-01	 9.9986e-01	1.9383	 9.9948e-01
	 nan	0.5533	1.0003	 5.6017e-01	 9.9987e-01	1.9401	 9.9946e-01
	 nan	0.55387	1.0002	 5.6075e-01	 9.9988e-01	1.942	 9.9948e-01
	 nan	0.55444	1.0002	 5.6132e-01	 9.9989e-01	1.9438	 9.9948e-01
	 nan	0.55501	1.0001	 5.6190e-01	 9.9990e-01	1.9457	 9.9949e-01
	 nan	0.55558	1.0001	 5.6248e-01	 9.9991e-01	1.9475	 9.9951e-01
	 nan	0.55615	1.0	 5.6306e-01	 9.9993e-01	1.9494	 9.9953e-01
	 nan	0.55673	1.0	 5.6364e-01	 9.9995e-01	1.9512	 9.9957e-01
	 nan	0.5573	1.0	 5.6422e-01	 9.9997e-01	1.9531	 9.9960e-01
	 nan	0.55787	0.99998	 5.6480e-01	 9.9999e-01	1.955	 9.9966e-01
	 nan	0.55844	0.99999	 5.6538e-01	 1.0000e+00	1.9568	 9.9971e-01
	 nan	0.55902	0.99999	 5.6596e-01	 1.0000e+00	1.9587	 9.9977e-01
	 nan	0.55959	0.99999	 5.6654e-01	 1.0001e+00	1.9606	 9.9984e-01
	 nan	0.56017	1.0	 5.6712e-01	 1.0001e+00	1.9624	 9.9989e-01
	 nan	0.56074	1.0	 5.6771e-01	 1.0001e+00	1.9643	 9.9997e-01
	 nan	0.56132	1.0	 5.6829e-01	 1.0001e+00	1.9662	 1.0000e+00
	 nan	0.56189	1.0	 5.6887e-01	 1.0001e+00	1.9681	 1.0001e+00
	 nan	0.56247	1.0	 5.6946e-01	 1.0001e+00	1.97	 1.0002e+00
	 nan	0.56305	1.0001	 5.7004e-01	 1.0002e+00	1.9718	 1.0002e+00
	 nan	0.56363	1.0001	 5.7063e-01	 1.0002e+00	1.9737	 1.0003e+00
	 nan	0.5642	1.0001	 5.7121e-01	 1.0002e+00	1.9756	 1.0003e+00
	 nan	0.56478	1.0001	 5.7180e-01	 1.0002e+00	1.9775	 1.0003e+00
	 nan	0.56536	1.0001	 5.7239e-01	 1.0002e+00	1.9794	 1.0003e+00
	 nan	0.56594	1.0001	 5.7298e-01	 1.0002e+00	1.9812	 1.0004e+00
	 nan	0.56652	1.0002	 5.7356e-01	 1.0003e+00	1.9831	 1.0004e+00
	 nan	0.5671	1.0002	 5.7415e-01	 1.0003e+00	1.985	 1.0004e+00
	 nan	0.56769	1.0002	 5.7474e-01	 1.0003e+00	1.9869	 1.0004e+00
	 nan	0.56827	1.0002	 5.7533e-01	 1.0003e+00	1.9888	 1.0003e+00
	 nan	0.56885	1.0002	 5.7592e-01	 1.0003e+00	1.9907	 1.0003e+00
	 nan	0.56944	1.0003	 5.7651e-01	 1.0003e+00	1.9926	 1.0003e+00
	 nan	0.57002	1.0003	 5.7711e-01	 1.0003e+00	1.9945	 1.0003e+00
	 nan	0.5706	1.0003	 5.7770e-01	 1.0003e+00	1.9964	 1.0002e+00
	 nan	0.57119	1.0003	 5.7829e-01	 1.0003e+00	1.9983	 1.0002e+00
	 nan	0.57177	1.0003	 5.7888e-01	 1.0003e+00	2.0002	 1.0001e+00
	 nan	0.57236	1.0004	 5.7948e-01	 1.0003e+00	2.0021	 1.0001e+00
	 nan	0.57295	1.0003	 5.8007e-01	 1.0003e+00	2.004	 1.0001e+00
	 nan	0.57353	1.0004	 5.8067e-01	 1.0003e+00	2.0059	 1.0000e+00
	 nan	0.57412	1.0003	 5.8126e-01	 1.0003e+00	2.0079	 9.9997e-01
	 nan	0.57471	1.0003	 5.8186e-01	 1.0003e+00	2.0098	 9.9992e-01
	 nan	0.5753	1.0003	 5.8245e-01	 1.0003e+00	2.0117	 9.9989e-01
	 nan	0.57589	1.0003	 5.8305e-01	 1.0003e+00	2.0136	 9.9984e-01
	 nan	0.57647	1.0002	 5.8365e-01	 1.0003e+00	2.0155	 9.9980e-01
	 nan	0.57707	1.0002	 5.8425e-01	 1.0003e+00	2.0175	 9.9977e-01
	 nan	0.57766	1.0001	 5.8485e-01	 1.0004e+00	2.0194	 9.9972e-01
	 nan	0.57825	1.0001	 5.8545e-01	 1.0004e+00	2.0213	 9.9971e-01
	 nan	0.57884	1.0001	 5.8605e-01	 1.0004e+00	2.0232	 9.9966e-01
	 nan	0.57943	1.0	 5.8665e-01	 1.0004e+00	2.0252	 9.9965e-01
	 nan	0.58003	0.99998	 5.8725e-01	 1.0004e+00	2.0271	 9.9963e-01
	 nan	0.58062	0.99996	 5.8785e-01	 1.0004e+00	2.029	 9.9960e-01
	 nan	0.58121	0.99992	 5.8845e-01	 1.0004e+00	2.0309	 9.9960e-01
	 nan	0.58181	0.99991	 5.8905e-01	 1.0004e+00	2.0329	 9.9956e-01
	 nan	0.5824	0.99988	 5.8966e-01	 1.0004e+00	2.0348	 9.9956e-01
	 nan	0.583	0.99986	 5.9026e-01	 1.0005e+00	2.0368	 9.9953e-01
	 nan	0.5836	0.99984	 5.9087e-01	 1.0005e+00	2.0387	 9.9952e-01
	 nan	0.58419	0.99983	 5.9147e-01	 1.0005e+00	2.0406	 9.9950e-01
	 nan	0.58479	0.99982	 5.9208e-01	 1.0005e+00	2.0426	 9.9948e-01
	 nan	0.58539	0.99981	 5.9268e-01	 1.0005e+00	2.0445	 9.9948e-01
	 nan	0.58599	0.99981	 5.9329e-01	 1.0004e+00	2.0465	 9.9946e-01
	 nan	0.58659	0.99981	 5.9389e-01	 1.0004e+00	2.0484	 9.9947e-01
	 nan	0.58719	0.99982	 5.9450e-01	 1.0004e+00	2.0504	 9.9946e-01
	 nan	0.58779	0.99983	 5.9511e-01	 1.0004e+00	2.0523	 9.9948e-01
	 nan	0.58839	0.99985	 5.9572e-01	 1.0004e+00	2.0543	 9.9949e-01
	 nan	0.58899	0.99987	 5.9633e-01	 1.0004e+00	2.0562	 9.9951e-01
	 nan	0.58959	0.99989	 5.9694e-01	 1.0004e+00	2.0582	 9.9953e-01
	 nan	0.59019	0.99993	 5.9755e-01	 1.0004e+00	2.0602	 9.9954e-01
	 nan	0.59079	0.99996	 5.9816e-01	 1.0003e+00	2.0621	 9.9958e-01
	 nan	0.5914	1.0	 5.9877e-01	 1.0003e+00	2.0641	 9.9958e-01
	 nan	0.592	1.0001	 5.9938e-01	 1.0003e+00	2.0661	 9.9962e-01
	 nan	0.59261	1.0001	 6.0000e-01	 1.0003e+00	2.068	 9.9962e-01
	 nan	0.59321	1.0001	 6.0061e-01	 1.0003e+00	2.07	 9.9964e-01
	 nan	0.59382	1.0002	 6.0123e-01	 1.0003e+00	2.072	 9.9966e-01
	 nan	0.59442	1.0002	 6.0184e-01	 1.0003e+00	2.0739	 9.9966e-01
	 nan	0.59503	1.0002	 6.0246e-01	 1.0003e+00	2.0759	 9.9968e-01
	 nan	0.59564	1.0002	 6.0307e-01	 1.0003e+00	2.0779	 9.9967e-01
	 nan	0.59624	1.0002	 6.0369e-01	 1.0002e+00	2.0799	 9.9969e-01
	 nan	0.59685	1.0003	 6.0431e-01	 1.0002e+00	2.0818	 9.9968e-01
	 nan	0.59746	1.0003	 6.0493e-01	 1.0002e+00	2.0838	 9.9968e-01
	 nan	0.59807	1.0002	 6.0554e-01	 1.0002e+00	2.0858	 9.9968e-01
	 nan	0.59868	1.0002	 6.0616e-01	 1.0002e+00	2.0878	 9.9966e-01
	 nan	0.59929	1.0002	 6.0678e-01	 1.0001e+00	2.0898	 9.9968e-01
	 nan	0.5999	1.0002	 6.0740e-01	 1.0001e+00	2.0918	 9.9966e-01
	 nan	0.60051	1.0002	 6.0802e-01	 1.0001e+00	2.0938	 9.9967e-01
	 nan	0.60112	1.0002	 6.0864e-01	 1.0001e+00	2.0957	 9.9966e-01
	 nan	0.60174	1.0002	 6.0927e-01	 1.0001e+00	2.0977	 9.9967e-01
	 nan	0.60235	1.0002	 6.0989e-01	 1.0001e+00	2.0997	 9.9968e-01
	 nan	0.60296	1.0002	 6.1051e-01	 1.0001e+00	2.1017	 9.9968e-01
	 nan	0.60358	1.0001	 6.1113e-01	 1.0001e+00	2.1037	 9.9970e-01
	 nan	0.60419	1.0001	 6.1176e-01	 1.0001e+00	2.1057	 9.9970e-01
	 nan	0.60481	1.0001	 6.1238e-01	 1.0000e+00	2.1077	 9.9974e-01
	 nan	0.60543	1.0001	 6.1301e-01	 1.0000e+00	2.1098	 9.9975e-01
	 nan	0.60604	1.0001	 6.1363e-01	 1.0000e+00	2.1117	 9.9979e-01
	 nan	0.60666	1.0001	 6.1426e-01	 1.0001e+00	2.1138	 9.9983e-01
	 nan	0.60728	1.0001	 6.1489e-01	 1.0001e+00	2.1158	 9.9987e-01
	 nan	0.6079	1.0001	 6.1551e-01	 1.0001e+00	2.1178	 9.9992e-01
	 nan	0.60851	1.0001	 6.1614e-01	 1.0001e+00	2.1198	 9.9994e-01
	 nan	0.60913	1.0	 6.1677e-01	 1.0001e+00	2.1218	 1.0000e+00
	 nan	0.60975	1.0	 6.1740e-01	 1.0001e+00	2.1238	 1.0000e+00
	 nan	0.61038	0.99999	 6.1803e-01	 1.0001e+00	2.1258	 1.0001e+00
	 nan	0.611	0.99996	 6.1866e-01	 1.0002e+00	2.1279	 1.0001e+00
	 nan	0.61162	0.99994	 6.1929e-01	 1.0002e+00	2.1299	 1.0001e+00
	 nan	0.61224	0.99991	 6.1992e-01	 1.0002e+00	2.1319	 1.0002e+00
	 nan	0.61286	0.99988	 6.2055e-01	 1.0002e+00	2.1339	 1.0002e+00
	 nan	0.61349	0.99985	 6.2118e-01	 1.0002e+00	2.136	 1.0002e+00
	 nan	0.61411	0.99983	 6.2181e-01	 1.0003e+00	2.138	 1.0003e+00
	 nan	0.61474	0.99981	 6.2245e-01	 1.0003e+00	2.14	 1.0003e+00
	 nan	0.61536	0.99979	 6.2308e-01	 1.0003e+00	2.1421	 1.0003e+00
	 nan	0.61599	0.99977	 6.2371e-01	 1.0003e+00	2.1441	 1.0004e+00
	 nan	0.61662	0.99976	 6.2435e-01	 1.0003e+00	2.1461	 1.0004e+00
	 nan	0.61724	0.99976	 6.2498e-01	 1.0003e+00	2.1482	 1.0005e+00
	 nan	0.61787	0.99974	 6.2562e-01	 1.0003e+00	2.1502	 1.0005e+00
	 nan	0.6185	0.99974	 6.2626e-01	 1.0003e+00	2.1523	 1.0005e+00
	 nan	0.61913	0.99974	 6.2689e-01	 1.0003e+00	2.1543	 1.0006e+00
	 nan	0.61976	0.99974	 6.2753e-01	 1.0004e+00	2.1564	 1.0006e+00
	 nan	0.62039	0.99975	 6.2817e-01	 1.0004e+00	2.1584	 1.0006e+00
	 nan	0.62102	0.99976	 6.2881e-01	 1.0004e+00	2.1605	 1.0006e+00
	 nan	0.62165	0.99978	 6.2945e-01	 1.0004e+00	2.1625	 1.0006e+00
	 nan	0.62228	0.99979	 6.3009e-01	 1.0004e+00	2.1646	 1.0006e+00
	 nan	0.62291	0.99981	 6.3073e-01	 1.0004e+00	2.1666	 1.0006e+00
	 nan	0.62355	0.99983	 6.3137e-01	 1.0004e+00	2.1687	 1.0006e+00
	 nan	0.62418	0.99986	 6.3201e-01	 1.0004e+00	2.1707	 1.0005e+00
	 nan	0.62481	0.99989	 6.3265e-01	 1.0004e+00	2.1728	 1.0005e+00
	 nan	0.62545	0.99992	 6.3330e-01	 1.0004e+00	2.1749	 1.0004e+00
	 nan	0.62608	0.99996	 6.3394e-01	 1.0004e+00	2.177	 1.0004e+00
	 nan	0.62672	0.99998	 6.3459e-01	 1.0004e+00	2.179	 1.0004e+00
	 nan	0.62736	1.0	 6.3523e-01	 1.0005e+00	2.1811	 1.0003e+00
	 nan	0.62799	1.0	 6.3588e-01	 1.0005e+00	2.1832	 1.0003e+00
	 nan	0.62863	1.0001	 6.3652e-01	 1.0005e+00	2.1852	 1.0002e+00
	 nan	0.62927	1.0001	 6.3717e-01	 1.0005e+00	2.1873	 1.0002e+00
	 nan	0.62991	1.0001	 6.3782e-01	 1.0005e+00	2.1894	 1.0001e+00
	 nan	0.63055	1.0001	 6.3846e-01	 1.0005e+00	2.1915	 1.0001e+00
	 nan	0.63119	1.0002	 6.3911e-01	 1.0005e+00	2.1935	 1.0001e+00
	 nan	0.63183	1.0002	 6.3976e-01	 1.0005e+00	2.1956	 1.0000e+00
	 nan	0.63247	1.0002	 6.4041e-01	 1.0004e+00	2.1977	 1.0000e+00
	 nan	0.63311	1.0002	 6.4106e-01	 1.0004e+00	2.1998	 9.9997e-01
	 nan	0.63376	1.0002	 6.4171e-01	 1.0004e+00	2.2019	 9.9996e-01
	 nan	0.6344	1.0002	 6.4236e-01	 1.0004e+00	2.204	 9.9996e-01
	 nan	0.63504	1.0003	 6.4301e-01	 1.0004e+00	2.2061	 9.9996e-01
	 nan	0.63569	1.0003	 6.4367e-01	 1.0003e+00	2.2082	 9.9999e-01
	 nan	0.63633	1.0003	 6.4432e-01	 1.0003e+00	2.2102	 1.0000e+00
	 nan	0.63698	1.0003	 6.4497e-01	 1.0003e+00	2.2123	 1.0000e+00
	 nan	0.63762	1.0003	 6.4563e-01	 1.0002e+00	2.2144	 1.0001e+00
	 nan	0.63827	1.0003	 6.4628e-01	 1.0002e+00	2.2165	 1.0001e+00
	 nan	0.63892	1.0003	 6.4694e-01	 1.0002e+00	2.2187	 1.0002e+00
	 nan	0.63957	1.0003	 6.4759e-01	 1.0002e+00	2.2208	 1.0002e+00
	 nan	0.64021	1.0002	 6.4825e-01	 1.0001e+00	2.2229	 1.0003e+00
	 nan	0.64086	1.0002	 6.4891e-01	 1.0001e+00	2.225	 1.0003e+00
	 nan	0.64151	1.0002	 6.4956e-01	 1.0001e+00	2.2271	 1.0004e+00
	 nan	0.64216	1.0002	 6.5022e-01	 1.0001e+00	2.2292	 1.0004e+00
	 nan	0.64281	1.0002	 6.5088e-01	 1.0001e+00	2.2313	 1.0005e+00
	 nan	0.64346	1.0001	 6.5154e-01	 1.0001e+00	2.2334	 1.0005e+00
	 nan	0.64412	1.0001	 6.5220e-01	 1.0001e+00	2.2356	 1.0005e+00
	 nan	0.64477	1.0001	 6.5286e-01	 1.0001e+00	2.2377	 1.0006e+00
	 nan	0.64542	1.0	 6.5352e-01	 1.0000e+00	2.2398	 1.0006e+00
	 nan	0.64607	1.0	 6.5419e-01	 1.0000e+00	2.2419	 1.0007e+00
	 nan	0.64673	0.99998	 6.5485e-01	 1.0000e+00	2.2441	 1.0007e+00
	 nan	0.64738	0.99995	 6.5551e-01	 1.0000e+00	2.2462	 1.0007e+00
	 nan	0.64804	0.99993	 6.5618e-01	 1.0000e+00	2.2483	 1.0007e+00
	 nan	0.6487	0.99991	 6.5684e-01	 1.0000e+00	2.2504	 1.0007e+00
	 nan	0.64935	0.99989	 6.5751e-01	 1.0000e+00	2.2526	 1.0008e+00
	 nan	0.65001	0.99988	 6.5817e-01	 1.0000e+00	2.2547	 1.0007e+00
	 nan	0.65067	0.99986	 6.5884e-01	 1.0000e+00	2.2569	 1.0008e+00
	 nan	0.65133	0.99985	 6.5951e-01	 1.0000e+00	2.259	 1.0007e+00
	 nan	0.65199	0.99983	 6.6017e-01	 1.0000e+00	2.2612	 1.0007e+00
	 nan	0.65264	0.99981	 6.6084e-01	 1.0000e+00	2.2633	 1.0007e+00
	 nan	0.6533	0.9998	 6.6151e-01	 1.0000e+00	2.2654	 1.0007e+00
	 nan	0.65397	0.99978	 6.6218e-01	 1.0000e+00	2.2676	 1.0007e+00
	 nan	0.65463	0.99977	 6.6285e-01	 1.0000e+00	2.2697	 1.0007e+00
	 nan	0.65529	0.99974	 6.6352e-01	 1.0000e+00	2.2719	 1.0007e+00
	 nan	0.65595	0.99974	 6.6419e-01	 1.0000e+00	2.274	 1.0007e+00
	 nan	0.65661	0.99972	 6.6486e-01	 1.0000e+00	2.2762	 1.0007e+00
	 nan	0.65728	0.99972	 6.6554e-01	 1.0001e+00	2.2784	 1.0007e+00
	 nan	0.65794	0.99972	 6.6621e-01	 1.0001e+00	2.2805	 1.0007e+00
	 nan	0.65861	0.99971	 6.6688e-01	 1.0001e+00	2.2827	 1.0007e+00
	 nan	0.65927	0.99973	 6.6756e-01	 1.0001e+00	2.2848	 1.0007e+00
	 nan	0.65994	0.99973	 6.6823e-01	 1.0001e+00	2.287	 1.0007e+00
	 nan	0.6606	0.99974	 6.6891e-01	 1.0001e+00	2.2892	 1.0006e+00
	 nan	0.66127	0.99975	 6.6958e-01	 1.0001e+00	2.2913	 1.0006e+00
	 nan	0.66194	0.99976	 6.7026e-01	 1.0001e+00	2.2935	 1.0006e+00
	 nan	0.66261	0.99978	 6.7094e-01	 1.0001e+00	2.2957	 1.0006e+00
	 nan	0.66328	0.99979	 6.7162e-01	 1.0001e+00	2.2979	 1.0005e+00
	 nan	0.66395	0.99981	 6.7230e-01	 1.0001e+00	2.3	 1.0005e+00
	 nan	0.66462	0.99983	 6.7297e-01	 1.0001e+00	2.3022	 1.0005e+00
	 nan	0.66529	0.99986	 6.7366e-01	 1.0001e+00	2.3044	 1.0005e+00
	 nan	0.66596	0.99989	 6.7434e-01	 1.0001e+00	2.3066	 1.0004e+00
	 nan	0.66663	0.99993	 6.7502e-01	 1.0001e+00	2.3088	 1.0004e+00
	 nan	0.66731	0.99998	 6.7570e-01	 1.0001e+00	2.311	 1.0004e+00
	 nan	0.66798	1.0	 6.7638e-01	 1.0001e+00	2.3131	 1.0004e+00
	 nan	0.66865	1.0001	 6.7706e-01	 1.0000e+00	2.3153	 1.0004e+00
	 nan	0.66933	1.0001	 6.7775e-01	 1.0000e+00	2.3175	 1.0005e+00
	 nan	0.67	1.0002	 6.7843e-01	 1.0000e+00	2.3197	 1.0005e+00
	 nan	0.67068	1.0003	 6.7912e-01	 1.0000e+00	2.3219	 1.0005e+00
	 nan	0.67136	1.0003	 6.7980e-01	 1.0000e+00	2.3241	 1.0005e+00
	 nan	0.67203	1.0004	 6.8049e-01	 1.0000e+00	2.3263	 1.0005e+00
	 nan	0.67271	1.0005	 6.8117e-01	 1.0000e+00	2.3285	 1.0006e+00
	 nan	0.67339	1.0006	 6.8186e-01	 1.0000e+00	2.3307	 1.0006e+00
	 nan	0.67407	1.0006	 6.8255e-01	 1.0000e+00	2.3329	 1.0007e+00
	 nan	0.67475	1.0007	 6.8324e-01	 1.0000e+00	2.3351	 1.0007e+00
	 nan	0.67543	1.0008	 6.8393e-01	 1.0000e+00	2.3373	 1.0007e+00
	 nan	0.67611	1.0008	 6.8461e-01	 1.0000e+00	2.3396	 1.0007e+00
	 nan	0.67679	1.0009	 6.8530e-01	 1.0000e+00	2.3418	 1.0008e+00
	 nan	0.67747	1.0009	 6.8600e-01	 1.0000e+00	2.344	 1.0008e+00
	 nan	0.67815	1.001	 6.8669e-01	 1.0000e+00	2.3462	 1.0008e+00
	 nan	0.67884	1.001	 6.8738e-01	 1.0000e+00	2.3484	 1.0008e+00
	 nan	0.67952	1.001	 6.8807e-01	 1.0000e+00	2.3507	 1.0008e+00
	 nan	0.68021	1.0011	 6.8877e-01	 1.0000e+00	2.3529	 1.0008e+00
	 nan	0.68089	1.0011	 6.8946e-01	 1.0000e+00	2.3551	 1.0008e+00
	 nan	0.68158	1.0011	 6.9016e-01	 1.0000e+00	2.3573	 1.0008e+00
	 nan	0.68227	1.0011	 6.9085e-01	 9.9999e-01	2.3596	 1.0008e+00
	 nan	0.68295	1.0011	 6.9155e-01	 9.9998e-01	2.3618	 1.0007e+00
	 nan	0.68364	1.001	 6.9225e-01	 9.9996e-01	2.3641	 1.0007e+00
	 nan	0.68433	1.001	 6.9295e-01	 9.9995e-01	2.3663	 1.0006e+00
	 nan	0.68502	1.001	 6.9365e-01	 9.9993e-01	2.3685	 1.0006e+00
	 nan	0.68571	1.0009	 6.9434e-01	 9.9992e-01	2.3708	 1.0005e+00
	 nan	0.6864	1.0009	 6.9505e-01	 9.9991e-01	2.373	 1.0005e+00
	 nan	0.68709	1.0008	 6.9575e-01	 9.9990e-01	2.3753	 1.0005e+00
	 nan	0.68778	1.0008	 6.9645e-01	 9.9990e-01	2.3775	 1.0004e+00
	 nan	0.68847	1.0007	 6.9715e-01	 9.9989e-01	2.3798	 1.0004e+00
	 nan	0.68917	1.0006	 6.9785e-01	 9.9990e-01	2.382	 1.0003e+00
	 nan	0.68986	1.0006	 6.9855e-01	 9.9991e-01	2.3843	 1.0003e+00
	 nan	0.69055	1.0005	 6.9926e-01	 9.9992e-01	2.3865	 1.0003e+00
	 nan	0.69125	1.0005	 6.9996e-01	 9.9994e-01	2.3888	 1.0003e+00
	 nan	0.69194	1.0004	 7.0066e-01	 9.9996e-01	2.391	 1.0003e+00
	 nan	0.69264	1.0004	 7.0137e-01	 9.9998e-01	2.3933	 1.0003e+00
	 nan	0.69334	1.0003	 7.0208e-01	 1.0000e+00	2.3956	 1.0003e+00
	 nan	0.69403	1.0003	 7.0278e-01	 1.0000e+00	2.3978	 1.0002e+00
	 nan	0.69473	1.0002	 7.0349e-01	 1.0001e+00	2.4001	 1.0003e+00
	 nan	0.69543	1.0002	 7.0420e-01	 1.0001e+00	2.4024	 1.0002e+00
	 nan	0.69613	1.0002	 7.0491e-01	 1.0001e+00	2.4047	 1.0003e+00
	 nan	0.69683	1.0002	 7.0561e-01	 1.0002e+00	2.4069	 1.0003e+00
	 nan	0.69753	1.0002	 7.0632e-01	 1.0002e+00	2.4092	 1.0003e+00
	 nan	0.69823	1.0002	 7.0703e-01	 1.0002e+00	2.4115	 1.0004e+00
	 nan	0.69893	1.0002	 7.0774e-01	 1.0002e+00	2.4138	 1.0004e+00
	 nan	0.69963	1.0001	 7.0845e-01	 1.0003e+00	2.416	 1.0004e+00
	 nan	0.70033	1.0001	 7.0917e-01	 1.0003e+00	2.4183	 1.0004e+00
	 nan	0.70104	1.0001	 7.0988e-01	 1.0003e+00	2.4206	 1.0005e+00
	 nan	0.70174	1.0001	 7.1059e-01	 1.0003e+00	2.4229	 1.0005e+00
	 nan	0.70244	1.0001	 7.1131e-01	 1.0003e+00	2.4252	 1.0005e+00
	 nan	0.70315	1.0001	 7.1202e-01	 1.0003e+00	2.4275	 1.0005e+00
	 nan	0.70386	1.0001	 7.1274e-01	 1.0003e+00	2.4298	 1.0005e+00
	 nan	0.70456	1.0001	 7.1345e-01	 1.0003e+00	2.4321	 1.0006e+00
	 nan	0.70527	1.0001	 7.1417e-01	 1.0004e+00	2.4344	 1.0006e+00
	 nan	0.70598	1.0001	 7.1489e-01	 1.0003e+00	2.4367	 1.0007e+00
	 nan	0.70669	1.0002	 7.1561e-01	 1.0004e+00	2.439	 1.0007e+00
	 nan	0.70739	1.0002	 7.1633e-01	 1.0003e+00	2.4413	 1.0008e+00
	 nan	0.7081	1.0002	 7.1705e-01	 1.0003e+00	2.4436	 1.0008e+00
	 nan	0.70881	1.0002	 7.1777e-01	 1.0003e+00	2.4459	 1.0008e+00
	 nan	0.70952	1.0002	 7.1849e-01	 1.0003e+00	2.4482	 1.0009e+00
	 nan	0.71024	1.0003	 7.1921e-01	 1.0003e+00	2.4505	 1.0009e+00
	 nan	0.71095	1.0003	 7.1993e-01	 1.0003e+00	2.4529	 1.0010e+00
	 nan	0.71166	1.0003	 7.2065e-01	 1.0003e+00	2.4552	 1.0010e+00
	 nan	0.71237	1.0003	 7.2137e-01	 1.0003e+00	2.4575	 1.0010e+00
	 nan	0.71309	1.0003	 7.2210e-01	 1.0002e+00	2.4598	 1.0011e+00
	 nan	0.71381	1.0004	 7.2282e-01	 1.0002e+00	2.4621	 1.0011e+00
	 nan	0.71452	1.0004	 7.2355e-01	 1.0002e+00	2.4645	 1.0011e+00
	 nan	0.71524	1.0004	 7.2427e-01	 1.0002e+00	2.4668	 1.0011e+00
	 nan	0.71595	1.0004	 7.2500e-01	 1.0001e+00	2.4691	 1.0012e+00
	 nan	0.71667	1.0004	 7.2573e-01	 1.0001e+00	2.4715	 1.0012e+00
	 nan	0.71739	1.0004	 7.2646e-01	 1.0001e+00	2.4738	 1.0012e+00
	 nan	0.71811	1.0004	 7.2719e-01	 1.0001e+00	2.4761	 1.0012e+00
	 nan	0.71883	1.0004	 7.2791e-01	 1.0000e+00	2.4785	 1.0013e+00
	 nan	0.71955	1.0004	 7.2865e-01	 1.0000e+00	2.4808	 1.0013e+00
	 nan	0.72027	1.0003	 7.2938e-01	 9.9999e-01	2.4832	 1.0013e+00
	 nan	0.72099	1.0003	 7.3011e-01	 9.9996e-01	2.4855	 1.0013e+00
	 nan	0.72171	1.0003	 7.3084e-01	 9.9995e-01	2.4879	 1.0013e+00
	 nan	0.72244	1.0002	 7.3157e-01	 9.9992e-01	2.4902	 1.0014e+00
	 nan	0.72316	1.0002	 7.3231e-01	 9.9990e-01	2.4926	 1.0014e+00
	 nan	0.72389	1.0001	 7.3304e-01	 9.9989e-01	2.4949	 1.0014e+00
	 nan	0.72461	1.0001	 7.3377e-01	 9.9987e-01	2.4973	 1.0014e+00
	 nan	0.72534	1.0	 7.3451e-01	 9.9986e-01	2.4996	 1.0014e+00
	 nan	0.72606	0.99999	 7.3525e-01	 9.9983e-01	2.502	 1.0014e+00
	 nan	0.72679	0.99996	 7.3598e-01	 9.9982e-01	2.5044	 1.0014e+00
	 nan	0.72752	0.99994	 7.3672e-01	 9.9981e-01	2.5067	 1.0014e+00
	 nan	0.72825	0.99993	 7.3746e-01	 9.9980e-01	2.5091	 1.0014e+00
	 nan	0.72897	0.99994	 7.3820e-01	 9.9979e-01	2.5114	 1.0014e+00
	 nan	0.7297	0.99994	 7.3894e-01	 9.9977e-01	2.5138	 1.0014e+00
	 nan	0.73043	0.99998	 7.3968e-01	 9.9977e-01	2.5162	 1.0013e+00
	 nan	0.73116	1.0	 7.4042e-01	 9.9975e-01	2.5186	 1.0013e+00
	 nan	0.7319	1.0	 7.4116e-01	 9.9975e-01	2.521	 1.0012e+00
	 nan	0.73263	1.0001	 7.4190e-01	 9.9975e-01	2.5233	 1.0012e+00
	 nan	0.73336	1.0001	 7.4264e-01	 9.9975e-01	2.5257	 1.0011e+00
	 nan	0.7341	1.0002	 7.4339e-01	 9.9975e-01	2.5281	 1.0011e+00
	 nan	0.73483	1.0002	 7.4413e-01	 9.9975e-01	2.5305	 1.0010e+00
	 nan	0.73557	1.0003	 7.4487e-01	 9.9977e-01	2.5329	 1.0010e+00
	 nan	0.7363	1.0003	 7.4562e-01	 9.9977e-01	2.5353	 1.0009e+00
	 nan	0.73704	1.0004	 7.4637e-01	 9.9979e-01	2.5377	 1.0009e+00
	 nan	0.73778	1.0004	 7.4711e-01	 9.9980e-01	2.5401	 1.0008e+00
	 nan	0.73852	1.0004	 7.4786e-01	 9.9982e-01	2.5425	 1.0008e+00
	 nan	0.73925	1.0004	 7.4861e-01	 9.9983e-01	2.5449	 1.0008e+00
	 nan	0.73999	1.0005	 7.4936e-01	 9.9985e-01	2.5473	 1.0008e+00
	 nan	0.74073	1.0005	 7.5011e-01	 9.9988e-01	2.5497	 1.0008e+00
	 nan	0.74147	1.0005	 7.5086e-01	 9.9990e-01	2.5521	 1.0008e+00
	 nan	0.74221	1.0004	 7.5161e-01	 9.9993e-01	2.5545	 1.0009e+00
	 nan	0.74296	1.0004	 7.5236e-01	 9.9996e-01	2.5569	 1.0009e+00
	 nan	0.7437	1.0004	 7.5311e-01	 9.9999e-01	2.5593	 1.0009e+00
	 nan	0.74444	1.0004	 7.5386e-01	 1.0000e+00	2.5617	 1.0010e+00
	 nan	0.74519	1.0004	 7.5462e-01	 1.0001e+00	2.5641	 1.0011e+00
	 nan	0.74593	1.0004	 7.5537e-01	 1.0001e+00	2.5665	 1.0011e+00
	 nan	0.74668	1.0003	 7.5613e-01	 1.0001e+00	2.569	 1.0012e+00
	 nan	0.74742	1.0003	 7.5688e-01	 1.0002e+00	2.5714	 1.0012e+00
	 nan	0.74817	1.0003	 7.5764e-01	 1.0002e+00	2.5738	 1.0013e+00
	 nan	0.74892	1.0003	 7.5840e-01	 1.0002e+00	2.5762	 1.0014e+00
	 nan	0.74966	1.0003	 7.5915e-01	 1.0003e+00	2.5787	 1.0015e+00
	 nan	0.75041	1.0003	 7.5991e-01	 1.0003e+00	2.5811	 1.0016e+00
	 nan	0.75116	1.0003	 7.6067e-01	 1.0003e+00	2.5835	 1.0016e+00
	 nan	0.75191	1.0002	 7.6143e-01	 1.0003e+00	2.586	 1.0017e+00
	 nan	0.75266	1.0002	 7.6219e-01	 1.0003e+00	2.5884	 1.0018e+00
	 nan	0.75341	1.0002	 7.6295e-01	 1.0003e+00	2.5909	 1.0019e+00
	 nan	0.75417	1.0002	 7.6372e-01	 1.0004e+00	2.5933	 1.0020e+00
	 nan	0.75492	1.0002	 7.6448e-01	 1.0004e+00	2.5957	 1.0020e+00
	 nan	0.75567	1.0002	 7.6524e-01	 1.0004e+00	2.5982	 1.0021e+00
	 nan	0.75643	1.0002	 7.6601e-01	 1.0004e+00	2.6006	 1.0022e+00
	 nan	0.75718	1.0002	 7.6677e-01	 1.0004e+00	2.6031	 1.0023e+00
	 nan	0.75794	1.0002	 7.6753e-01	 1.0004e+00	2.6056	 1.0024e+00
	 nan	0.75869	1.0002	 7.6830e-01	 1.0004e+00	2.608	 1.0024e+00
	 nan	0.75945	1.0002	 7.6907e-01	 1.0004e+00	2.6105	 1.0025e+00
	 nan	0.76021	1.0001	 7.6984e-01	 1.0003e+00	2.6129	 1.0026e+00
	 nan	0.76097	1.0001	 7.7060e-01	 1.0003e+00	2.6154	 1.0026e+00
	 nan	0.76173	1.0001	 7.7137e-01	 1.0003e+00	2.6179	 1.0027e+00
	 nan	0.76249	1.0001	 7.7214e-01	 1.0003e+00	2.6203	 1.0027e+00
	 nan	0.76325	1.0	 7.7291e-01	 1.0003e+00	2.6228	 1.0028e+00
	 nan	0.76401	1.0	 7.7368e-01	 1.0003e+00	2.6253	 1.0028e+00
	 nan	0.76477	0.99997	 7.7445e-01	 1.0003e+00	2.6277	 1.0029e+00
	 nan	0.76553	0.99993	 7.7523e-01	 1.0002e+00	2.6302	 1.0029e+00
	 nan	0.7663	0.99989	 7.7600e-01	 1.0002e+00	2.6327	 1.0029e+00
	 nan	0.76706	0.99985	 7.7677e-01	 1.0002e+00	2.6352	 1.0029e+00
	 nan	0.76783	0.99979	 7.7755e-01	 1.0002e+00	2.6377	 1.0030e+00
	 nan	0.76859	0.99975	 7.7833e-01	 1.0002e+00	2.6401	 1.0029e+00
	 nan	0.76936	0.99969	 7.7910e-01	 1.0002e+00	2.6426	 1.0030e+00
	 nan	0.77013	0.99965	 7.7988e-01	 1.0002e+00	2.6451	 1.0029e+00
	 nan	0.77089	0.99961	 7.8066e-01	 1.0002e+00	2.6476	 1.0029e+00
	 nan	0.77166	0.99957	 7.8144e-01	 1.0002e+00	2.6501	 1.0029e+00
	 nan	0.77243	0.99955	 7.8222e-01	 1.0002e+00	2.6526	 1.0029e+00
	 nan	0.7732	0.99953	 7.8300e-01	 1.0002e+00	2.6551	 1.0029e+00
	 nan	0.77397	0.99954	 7.8378e-01	 1.0002e+00	2.6576	 1.0029e+00
	 nan	0.77474	0.99954	 7.8456e-01	 1.0002e+00	2.6601	 1.0029e+00
	 nan	0.77551	0.99956	 7.8534e-01	 1.0002e+00	2.6626	 1.0029e+00
	 nan	0.77629	0.99959	 7.8612e-01	 1.0002e+00	2.6651	 1.0029e+00
	 nan	0.77706	0.99962	 7.8691e-01	 1.0002e+00	2.6676	 1.0029e+00
	 nan	0.77784	0.99967	 7.8769e-01	 1.0002e+00	2.6701	 1.0028e+00
	 nan	0.77861	0.9997	 7.8848e-01	 1.0002e+00	2.6726	 1.0028e+00
	 nan	0.77938	0.99976	 7.8926e-01	 1.0003e+00	2.6752	 1.0028e+00
	 nan	0.78016	0.9998	 7.9005e-01	 1.0003e+00	2.6777	 1.0028e+00
	 nan	0.78094	0.99985	 7.9084e-01	 1.0003e+00	2.6802	 1.0028e+00
	 nan	0.78172	0.9999	 7.9163e-01	 1.0003e+00	2.6827	 1.0028e+00
	 nan	0.7825	0.99995	 7.9241e-01	 1.0003e+00	2.6853	 1.0027e+00
	 nan	0.78328	1.0	 7.9320e-01	 1.0003e+00	2.6878	 1.0027e+00
	 nan	0.78405	1.0001	 7.9399e-01	 1.0003e+00	2.6903	 1.0027e+00
	 nan	0.78483	1.0001	 7.9478e-01	 1.0003e+00	2.6928	 1.0026e+00
	 nan	0.78562	1.0002	 7.9558e-01	 1.0003e+00	2.6954	 1.0026e+00
	 nan	0.7864	1.0002	 7.9637e-01	 1.0003e+00	2.6979	 1.0025e+00
	 nan	0.78718	1.0002	 7.9716e-01	 1.0003e+00	2.7005	 1.0025e+00
	 nan	0.78796	1.0003	 7.9795e-01	 1.0003e+00	2.703	 1.0024e+00
	 nan	0.78875	1.0003	 7.9875e-01	 1.0003e+00	2.7056	 1.0024e+00
	 nan	0.78953	1.0003	 7.9954e-01	 1.0003e+00	2.7081	 1.0023e+00
	 nan	0.79032	1.0004	 8.0034e-01	 1.0003e+00	2.7106	 1.0023e+00
	 nan	0.7911	1.0004	 8.0114e-01	 1.0002e+00	2.7132	 1.0023e+00
	 nan	0.79189	1.0004	 8.0193e-01	 1.0002e+00	2.7157	 1.0022e+00
	 nan	0.79268	1.0004	 8.0273e-01	 1.0002e+00	2.7183	 1.0022e+00
	 nan	0.79347	1.0004	 8.0353e-01	 1.0002e+00	2.7209	 1.0022e+00
	 nan	0.79426	1.0003	 8.0433e-01	 1.0001e+00	2.7234	 1.0022e+00
	 nan	0.79505	1.0003	 8.0513e-01	 1.0001e+00	2.726	 1.0022e+00
	 nan	0.79584	1.0003	 8.0593e-01	 1.0001e+00	2.7286	 1.0022e+00
	 nan	0.79663	1.0003	 8.0673e-01	 1.0000e+00	2.7311	 1.0023e+00
	 nan	0.79742	1.0003	 8.0753e-01	 1.0000e+00	2.7337	 1.0023e+00
	 nan	0.79821	1.0002	 8.0834e-01	 9.9998e-01	2.7363	 1.0023e+00
	 nan	0.79901	1.0002	 8.0914e-01	 9.9996e-01	2.7388	 1.0024e+00
	 nan	0.7998	1.0002	 8.0994e-01	 9.9993e-01	2.7414	 1.0024e+00
	 nan	0.8006	1.0002	 8.1075e-01	 9.9990e-01	2.744	 1.0024e+00
	 nan	0.80139	1.0002	 8.1155e-01	 9.9988e-01	2.7466	 1.0025e+00
	 nan	0.80219	1.0001	 8.1236e-01	 9.9985e-01	2.7492	 1.0025e+00
	 nan	0.80298	1.0001	 8.1317e-01	 9.9983e-01	2.7517	 1.0025e+00
	 nan	0.80378	1.0001	 8.1398e-01	 9.9981e-01	2.7543	 1.0025e+00
	 nan	0.80458	1.0001	 8.1478e-01	 9.9979e-01	2.7569	 1.0026e+00
	 nan	0.80538	1.0001	 8.1559e-01	 9.9978e-01	2.7595	 1.0026e+00
	 nan	0.80618	1.0001	 8.1640e-01	 9.9976e-01	2.7621	 1.0026e+00
	 nan	0.80698	1.0001	 8.1721e-01	 9.9975e-01	2.7647	 1.0026e+00
	 nan	0.80778	1.0001	 8.1803e-01	 9.9974e-01	2.7673	 1.0026e+00
	 nan	0.80858	1.0001	 8.1884e-01	 9.9975e-01	2.7699	 1.0025e+00
	 nan	0.80939	1.0001	 8.1965e-01	 9.9975e-01	2.7725	 1.0025e+00
	 nan	0.81019	1.0002	 8.2046e-01	 9.9976e-01	2.7751	 1.0025e+00
	 nan	0.81099	1.0002	 8.2128e-01	 9.9977e-01	2.7777	 1.0024e+00
	 nan	0.8118	1.0002	 8.2210e-01	 9.9979e-01	2.7803	 1.0024e+00
	 nan	0.81261	1.0003	 8.2291e-01	 9.9982e-01	2.783	 1.0023e+00
	 nan	0.81341	1.0003	 8.2373e-01	 9.9984e-01	2.7856	 1.0023e+00
	 nan	0.81422	1.0004	 8.2454e-01	 9.9988e-01	2.7882	 1.0022e+00
	 nan	0.81503	1.0004	 8.2536e-01	 9.9991e-01	2.7908	 1.0022e+00
	 nan	0.81584	1.0005	 8.2618e-01	 9.9995e-01	2.7934	 1.0021e+00
	 nan	0.81665	1.0006	 8.2700e-01	 9.9998e-01	2.7961	 1.0021e+00
	 nan	0.81746	1.0006	 8.2782e-01	 1.0000e+00	2.7987	 1.0021e+00
	 nan	0.81827	1.0007	 8.2865e-01	 1.0000e+00	2.8013	 1.0021e+00
	 nan	0.81908	1.0007	 8.2947e-01	 1.0001e+00	2.8039	 1.0021e+00
	 nan	0.81989	1.0008	 8.3029e-01	 1.0001e+00	2.8066	 1.0020e+00
	 nan	0.82071	1.0008	 8.3112e-01	 1.0001e+00	2.8092	 1.0020e+00
	 nan	0.82152	1.0009	 8.3194e-01	 1.0002e+00	2.8119	 1.0020e+00
	 nan	0.82233	1.0009	 8.3276e-01	 1.0002e+00	2.8145	 1.0020e+00
	 nan	0.82315	1.001	 8.3359e-01	 1.0002e+00	2.8171	 1.0020e+00
	 nan	0.82397	1.001	 8.3442e-01	 1.0002e+00	2.8198	 1.0020e+00
	 nan	0.82478	1.001	 8.3525e-01	 1.0003e+00	2.8224	 1.0020e+00
	 nan	0.8256	1.001	 8.3607e-01	 1.0003e+00	2.8251	 1.0020e+00
	 nan	0.82642	1.001	 8.3690e-01	 1.0003e+00	2.8277	 1.0021e+00
	 nan	0.82724	1.001	 8.3773e-01	 1.0003e+00	2.8304	 1.0021e+00
	 nan	0.82806	1.001	 8.3856e-01	 1.0003e+00	2.8331	 1.0021e+00
	 nan	0.82888	1.001	 8.3939e-01	 1.0004e+00	2.8357	 1.0021e+00
	 nan	0.8297	1.001	 8.4022e-01	 1.0004e+00	2.8384	 1.0021e+00
	 nan	0.83052	1.001	 8.4106e-01	 1.0004e+00	2.8411	 1.0021e+00
	 nan	0.83135	1.0009	 8.4189e-01	 1.0004e+00	2.8437	 1.0022e+00
	 nan	0.83217	1.0009	 8.4272e-01	 1.0004e+00	2.8464	 1.0022e+00
	 nan	0.83299	1.0009	 8.4356e-01	 1.0004e+00	2.8491	 1.0022e+00
	 nan	0.83382	1.0009	 8.4440e-01	 1.0004e+00	2.8518	 1.0023e+00
	 nan	0.83464	1.0008	 8.4523e-01	 1.0004e+00	2.8544	 1.0023e+00
	 nan	0.83547	1.0008	 8.4607e-01	 1.0004e+00	2.8571	 1.0023e+00
	 nan	0.8363	1.0008	 8.4691e-01	 1.0004e+00	2.8598	 1.0023e+00
	 nan	0.83713	1.0007	 8.4775e-01	 1.0004e+00	2.8625	 1.0023e+00
	 nan	0.83795	1.0007	 8.4859e-01	 1.0004e+00	2.8652	 1.0024e+00
	 nan	0.83878	1.0006	 8.4943e-01	 1.0004e+00	2.8679	 1.0024e+00
	 nan	0.83961	1.0006	 8.5027e-01	 1.0004e+00	2.8706	 1.0024e+00
	 nan	0.84044	1.0006	 8.5111e-01	 1.0004e+00	2.8733	 1.0024e+00
	 nan	0.84128	1.0005	 8.5195e-01	 1.0004e+00	2.8759	 1.0024e+00
	 nan	0.84211	1.0005	 8.5279e-01	 1.0004e+00	2.8786	 1.0024e+00
	 nan	0.84294	1.0004	 8.5364e-01	 1.0004e+00	2.8813	 1.0024e+00
	 nan	0.84378	1.0004	 8.5449e-01	 1.0004e+00	2.884	 1.0025e+00
	 nan	0.84461	1.0004	 8.5533e-01	 1.0004e+00	2.8868	 1.0024e+00
	 nan	0.84545	1.0003	 8.5618e-01	 1.0004e+00	2.8895	 1.0025e+00
	 nan	0.84628	1.0003	 8.5703e-01	 1.0004e+00	2.8922	 1.0024e+00
	 nan	0.84712	1.0003	 8.5787e-01	 1.0004e+00	2.8949	 1.0024e+00
	 nan	0.84796	1.0003	 8.5872e-01	 1.0004e+00	2.8976	 1.0024e+00
	 nan	0.8488	1.0003	 8.5957e-01	 1.0004e+00	2.9003	 1.0024e+00
	 nan	0.84964	1.0003	 8.6042e-01	 1.0004e+00	2.9031	 1.0024e+00
	 nan	0.85048	1.0003	 8.6127e-01	 1.0004e+00	2.9058	 1.0024e+00
	 nan	0.85132	1.0003	 8.6212e-01	 1.0003e+00	2.9085	 1.0024e+00
	 nan	0.85216	1.0003	 8.6298e-01	 1.0003e+00	2.9112	 1.0023e+00
	 nan	0.85301	1.0003	 8.6383e-01	 1.0003e+00	2.914	 1.0023e+00
	 nan	0.85385	1.0003	 8.6468e-01	 1.0003e+00	2.9167	 1.0023e+00
	 nan	0.85469	1.0004	 8.6554e-01	 1.0002e+00	2.9194	 1.0023e+00
	 nan	0.85554	1.0004	 8.6639e-01	 1.0002e+00	2.9222	 1.0023e+00
	 nan	0.85638	1.0004	 8.6725e-01	 1.0002e+00	2.9249	 1.0023e+00
	 nan	0.85723	1.0004	 8.6811e-01	 1.0002e+00	2.9277	 1.0023e+00
	 nan	0.85808	1.0005	 8.6897e-01	 1.0001e+00	2.9304	 1.0023e+00
	 nan	0.85893	1.0005	 8.6982e-01	 1.0001e+00	2.9332	 1.0023e+00
	 nan	0.85978	1.0005	 8.7069e-01	 1.0001e+00	2.9359	 1.0023e+00
	 nan	0.86063	1.0006	 8.7155e-01	 1.0001e+00	2.9387	 1.0023e+00
	 nan	0.86148	1.0006	 8.7241e-01	 1.0000e+00	2.9414	 1.0024e+00
	 nan	0.86233	1.0006	 8.7327e-01	 1.0000e+00	2.9442	 1.0023e+00
	 nan	0.86318	1.0007	 8.7413e-01	 1.0000e+00	2.9469	 1.0024e+00
	 nan	0.86403	1.0007	 8.7499e-01	 1.0000e+00	2.9497	 1.0024e+00
	 nan	0.86489	1.0007	 8.7586e-01	 1.0000e+00	2.9525	 1.0024e+00
	 nan	0.86574	1.0007	 8.7672e-01	 1.0000e+00	2.9552	 1.0024e+00
	 nan	0.8666	1.0007	 8.7759e-01	 1.0000e+00	2.958	 1.0023e+00
	 nan	0.86745	1.0007	 8.7846e-01	 1.0000e+00	2.9608	 1.0024e+00
	 nan	0.86831	1.0007	 8.7932e-01	 1.0001e+00	2.9636	 1.0023e+00
	 nan	0.86916	1.0007	 8.8019e-01	 1.0001e+00	2.9663	 1.0024e+00
	 nan	0.87002	1.0007	 8.8106e-01	 1.0001e+00	2.9691	 1.0023e+00
	 nan	0.87088	1.0007	 8.8193e-01	 1.0001e+00	2.9719	 1.0023e+00
	 nan	0.87174	1.0007	 8.8280e-01	 1.0001e+00	2.9747	 1.0023e+00
	 nan	0.8726	1.0007	 8.8367e-01	 1.0002e+00	2.9775	 1.0023e+00
	 nan	0.87346	1.0007	 8.8454e-01	 1.0002e+00	2.9803	 1.0023e+00
	 nan	0.87433	1.0008	 8.8542e-01	 1.0002e+00	2.9831	 1.0023e+00
	 nan	0.87519	1.0008	 8.8629e-01	 1.0002e+00	2.9859	 1.0023e+00
	 nan	0.87605	1.0008	 8.8717e-01	 1.0002e+00	2.9887	 1.0022e+00
	 nan	0.87692	1.0008	 8.8804e-01	 1.0002e+00	2.9915	 1.0022e+00
	 nan	0.87778	1.0008	 8.8892e-01	 1.0002e+00	2.9943	 1.0022e+00
	 nan	0.87865	1.0009	 8.8980e-01	 1.0003e+00	2.9971	 1.0022e+00
	 nan	0.87951	1.0009	 8.9067e-01	 1.0003e+00	2.9999	 1.0022e+00
	 nan	0.88038	1.0009	 8.9155e-01	 1.0003e+00	3.0027	 1.0022e+00
	 nan	0.88125	1.0009	 8.9243e-01	 1.0003e+00	3.0055	 1.0022e+00
	 nan	0.88212	1.001	 8.9331e-01	 1.0003e+00	3.0083	 1.0022e+00
	 nan	0.88299	1.001	 8.9419e-01	 1.0003e+00	3.0112	 1.0022e+00
	 nan	0.88386	1.001	 8.9508e-01	 1.0003e+00	3.014	 1.0022e+00
	 nan	0.88473	1.0011	 8.9596e-01	 1.0003e+00	3.0168	 1.0022e+00
	 nan	0.8856	1.0011	 8.9684e-01	 1.0003e+00	3.0196	 1.0023e+00
	 nan	0.88648	1.0012	 8.9773e-01	 1.0003e+00	3.0225	 1.0023e+00
	 nan	0.88735	1.0012	 8.9861e-01	 1.0002e+00	3.0253	 1.0023e+00
	 nan	0.88822	1.0012	 8.9950e-01	 1.0002e+00	3.0281	 1.0023e+00
	 nan	0.8891	1.0013	 9.0039e-01	 1.0002e+00	3.0309	 1.0023e+00
	 nan	0.88998	1.0013	 9.0128e-01	 1.0002e+00	3.0338	 1.0023e+00
	 nan	0.89085	1.0013	 9.0216e-01	 1.0002e+00	3.0366	 1.0023e+00
	 nan	0.89173	1.0013	 9.0305e-01	 1.0002e+00	3.0395	 1.0023e+00
	 nan	0.89261	1.0013	 9.0394e-01	 1.0001e+00	3.0423	 1.0023e+00
	 nan	0.89349	1.0013	 9.0483e-01	 1.0001e+00	3.0452	 1.0023e+00
	 nan	0.89437	1.0012	 9.0573e-01	 1.0001e+00	3.048	 1.0023e+00
	 nan	0.89525	1.0012	 9.0662e-01	 1.0001e+00	3.0509	 1.0023e+00
	 nan	0.89613	1.0011	 9.0751e-01	 1.0000e+00	3.0537	 1.0023e+00
	 nan	0.89701	1.0011	 9.0841e-01	 1.0000e+00	3.0566	 1.0023e+00
	 nan	0.8979	1.001	 9.0930e-01	 1.0000e+00	3.0595	 1.0023e+00
	 nan	0.89878	1.001	 9.1020e-01	 9.9998e-01	3.0623	 1.0023e+00
	 nan	0.89967	1.0009	 9.1109e-01	 9.9996e-01	3.0652	 1.0023e+00
	 nan	0.90055	1.0008	 9.1199e-01	 9.9994e-01	3.068	 1.0023e+00
	 nan	0.90144	1.0008	 9.1289e-01	 9.9993e-01	3.0709	 1.0023e+00
	 nan	0.90233	1.0007	 9.1379e-01	 9.9992e-01	3.0738	 1.0023e+00
	 nan	0.90321	1.0006	 9.1469e-01	 9.9991e-01	3.0767	 1.0023e+00
	 nan	0.9041	1.0006	 9.1559e-01	 9.9990e-01	3.0796	 1.0023e+00
	 nan	0.90499	1.0005	 9.1649e-01	 9.9989e-01	3.0824	 1.0023e+00
	 nan	0.90588	1.0004	 9.1739e-01	 9.9988e-01	3.0853	 1.0023e+00
	 nan	0.90677	1.0004	 9.1830e-01	 9.9988e-01	3.0882	 1.0023e+00
	 nan	0.90767	1.0003	 9.1920e-01	 9.9988e-01	3.0911	 1.0023e+00
	 nan	0.90856	1.0003	 9.2011e-01	 9.9988e-01	3.094	 1.0023e+00
	 nan	0.90945	1.0002	 9.2101e-01	 9.9988e-01	3.0969	 1.0023e+00
	 nan	0.91035	1.0002	 9.2192e-01	 9.9988e-01	3.0998	 1.0024e+00
	 nan	0.91124	1.0002	 9.2283e-01	 9.9989e-01	3.1027	 1.0023e+00
	 nan	0.91214	1.0001	 9.2373e-01	 9.9990e-01	3.1056	 1.0024e+00
	 nan	0.91304	1.0001	 9.2464e-01	 9.9992e-01	3.1085	 1.0024e+00
	 nan	0.91393	1.0001	 9.2555e-01	 9.9993e-01	3.1114	 1.0024e+00
	 nan	0.91483	1.0001	 9.2646e-01	 9.9995e-01	3.1143	 1.0025e+00
	 nan	0.91573	1.0002	 9.2737e-01	 9.9996e-01	3.1173	 1.0025e+00
	 nan	0.91663	1.0002	 9.2829e-01	 9.9998e-01	3.1202	 1.0026e+00
	 nan	0.91753	1.0002	 9.2920e-01	 1.0000e+00	3.1231	 1.0026e+00
	 nan	0.91844	1.0003	 9.3011e-01	 1.0000e+00	3.126	 1.0027e+00
	 nan	0.91934	1.0003	 9.3103e-01	 1.0000e+00	3.1289	 1.0027e+00
	 nan	0.92024	1.0004	 9.3194e-01	 1.0000e+00	3.1319	 1.0028e+00
	 nan	0.92115	1.0004	 9.3286e-01	 1.0000e+00	3.1348	 1.0029e+00
	 nan	0.92205	1.0005	 9.3378e-01	 1.0000e+00	3.1377	 1.0029e+00
	 nan	0.92296	1.0006	 9.3470e-01	 1.0000e+00	3.1407	 1.0030e+00
	 nan	0.92387	1.0007	 9.3561e-01	 1.0000e+00	3.1436	 1.0030e+00
	 nan	0.92477	1.0008	 9.3654e-01	 1.0000e+00	3.1465	 1.0031e+00
	 nan	0.92568	1.0009	 9.3746e-01	 1.0000e+00	3.1495	 1.0031e+00
	 nan	0.92659	1.001	 9.3838e-01	 1.0000e+00	3.1524	 1.0031e+00
	 nan	0.9275	1.0011	 9.3930e-01	 1.0000e+00	3.1554	 1.0031e+00
	 nan	0.92841	1.0012	 9.4023e-01	 9.9998e-01	3.1583	 1.0032e+00
	 nan	0.92932	1.0013	 9.4115e-01	 9.9997e-01	3.1613	 1.0032e+00
	 nan	0.93024	1.0014	 9.4208e-01	 9.9996e-01	3.1643	 1.0032e+00
	 nan	0.93115	1.0014	 9.4301e-01	 9.9995e-01	3.1672	 1.0032e+00
	 nan	0.93207	1.0015	 9.4393e-01	 9.9994e-01	3.1702	 1.0032e+00
	 nan	0.93298	1.0016	 9.4486e-01	 9.9993e-01	3.1731	 1.0033e+00
	 nan	0.9339	1.0017	 9.4580e-01	 9.9992e-01	3.1761	 1.0033e+00
	 nan	0.93482	1.0017	 9.4673e-01	 9.9991e-01	3.1791	 1.0033e+00
	 nan	0.93574	1.0017	 9.4766e-01	 9.9991e-01	3.182	 1.0033e+00
	 nan	0.93666	1.0017	 9.4859e-01	 9.9991e-01	3.185	 1.0033e+00
	 nan	0.93758	1.0017	 9.4952e-01	 9.9991e-01	3.188	 1.0033e+00
	 nan	0.9385	1.0017	 9.5046e-01	 9.9992e-01	3.191	 1.0033e+00
	 nan	0.93942	1.0017	 9.5139e-01	 9.9993e-01	3.194	 1.0033e+00
	 nan	0.94034	1.0016	 9.5233e-01	 9.9994e-01	3.197	 1.0033e+00
	 nan	0.94127	1.0016	 9.5326e-01	 9.9995e-01	3.1999	 1.0033e+00
	 nan	0.94219	1.0015	 9.5420e-01	 9.9997e-01	3.2029	 1.0033e+00
	 nan	0.94312	1.0015	 9.5514e-01	 9.9999e-01	3.2059	 1.0033e+00
	 nan	0.94404	1.0014	 9.5607e-01	 1.0000e+00	3.2089	 1.0034e+00
	 nan	0.94497	1.0013	 9.5701e-01	 1.0000e+00	3.2119	 1.0033e+00
	 nan	0.9459	1.0012	 9.5795e-01	 1.0001e+00	3.2149	 1.0034e+00
	 nan	0.94683	1.0012	 9.5889e-01	 1.0001e+00	3.2179	 1.0033e+00
	 nan	0.94775	1.0011	 9.5983e-01	 1.0001e+00	3.2209	 1.0034e+00
	 nan	0.94869	1.001	 9.6078e-01	 1.0001e+00	3.2239	 1.0034e+00
	 nan	0.94962	1.0009	 9.6172e-01	 1.0002e+00	3.2269	 1.0034e+00
	 nan	0.95055	1.0008	 9.6266e-01	 1.0002e+00	3.23	 1.0034e+00
	 nan	0.95148	1.0007	 9.6361e-01	 1.0002e+00	3.233	 1.0034e+00
	 nan	0.95241	1.0006	 9.6455e-01	 1.0002e+00	3.236	 1.0034e+00
	 nan	0.95335	1.0005	 9.6550e-01	 1.0002e+00	3.239	 1.0034e+00
	 nan	0.95428	1.0004	 9.6645e-01	 1.0003e+00	3.242	 1.0034e+00
	 nan	0.95522	1.0004	 9.6740e-01	 1.0003e+00	3.2451	 1.0034e+00
	 nan	0.95616	1.0003	 9.6835e-01	 1.0003e+00	3.2481	 1.0034e+00
	 nan	0.95709	1.0002	 9.6930e-01	 1.0003e+00	3.2511	 1.0034e+00
	 nan	0.95803	1.0002	 9.7025e-01	 1.0003e+00	3.2542	 1.0034e+00
	 nan	0.95897	1.0001	 9.7120e-01	 1.0003e+00	3.2572	 1.0034e+00
	 nan	0.95991	1.0	 9.7215e-01	 1.0003e+00	3.2603	 1.0034e+00
	 nan	0.96085	0.99998	 9.7311e-01	 1.0003e+00	3.2633	 1.0034e+00
	 nan	0.96179	0.99994	 9.7406e-01	 1.0003e+00	3.2664	 1.0034e+00
	 nan	0.96274	0.99991	 9.7502e-01	 1.0003e+00	3.2694	 1.0034e+00
	 nan	0.96368	0.99989	 9.7597e-01	 1.0003e+00	3.2725	 1.0034e+00
	 nan	0.96463	0.99988	 9.7693e-01	 1.0003e+00	3.2755	 1.0034e+00
	 nan	0.96557	0.99988	 9.7789e-01	 1.0003e+00	3.2786	 1.0034e+00
	 nan	0.96652	0.99989	 9.7884e-01	 1.0003e+00	3.2816	 1.0034e+00
	 nan	0.96747	0.99991	 9.7980e-01	 1.0003e+00	3.2847	 1.0034e+00
	 nan	0.96841	0.99993	 9.8076e-01	 1.0003e+00	3.2878	 1.0034e+00
	 nan	0.96936	0.99997	 9.8172e-01	 1.0003e+00	3.2908	 1.0034e+00
	 nan	0.97031	1.0	 9.8269e-01	 1.0003e+00	3.2939	 1.0034e+00
	 nan	0.97126	1.0	 9.8365e-01	 1.0003e+00	3.297	 1.0034e+00
	 nan	0.97221	1.0001	 9.8461e-01	 1.0003e+00	3.3001	 1.0034e+00
	 nan	0.97316	1.0001	 9.8558e-01	 1.0003e+00	3.3032	 1.0034e+00
	 nan	0.97412	1.0002	 9.8654e-01	 1.0003e+00	3.3062	 1.0034e+00
	 nan	0.97507	1.0002	 9.8751e-01	 1.0003e+00	3.3093	 1.0034e+00
	 nan	0.97603	1.0003	 9.8848e-01	 1.0003e+00	3.3124	 1.0034e+00
	 nan	0.97698	1.0003	 9.8945e-01	 1.0003e+00	3.3155	 1.0034e+00
	 nan	0.97794	1.0004	 9.9042e-01	 1.0003e+00	3.3186	 1.0034e+00
	 nan	0.97889	1.0005	 9.9138e-01	 1.0003e+00	3.3217	 1.0035e+00
	 nan	0.97985	1.0005	 9.9236e-01	 1.0003e+00	3.3248	 1.0035e+00
	 nan	0.98081	1.0006	 9.9333e-01	 1.0003e+00	3.3279	 1.0035e+00
	 nan	0.98177	1.0006	 9.9430e-01	 1.0003e+00	3.331	 1.0035e+00
	 nan	0.98273	1.0007	 9.9528e-01	 1.0002e+00	3.3341	 1.0035e+00
	 nan	0.98369	1.0008	 9.9625e-01	 1.0002e+00	3.3372	 1.0035e+00
	 nan	0.98465	1.0008	 9.9723e-01	 1.0002e+00	3.3404	 1.0035e+00
	 nan	0.98562	1.0009	 9.9820e-01	 1.0002e+00	3.3435	 1.0035e+00
	 nan	0.98658	1.0009	 9.9918e-01	 1.0001e+00	3.3466	 1.0035e+00
	 nan	0.98755	1.001	 1.0002e+00	 1.0001e+00	3.3497	 1.0035e+00
	 nan	0.98852	1.001	 1.0011e+00	 1.0001e+00	3.3528	 1.0035e+00
	 nan	0.98948	1.0011	 1.0021e+00	 1.0001e+00	3.356	 1.0035e+00
	 nan	0.99045	1.0011	 1.0031e+00	 1.0000e+00	3.3591	 1.0035e+00
	 nan	0.99142	1.0011	 1.0041e+00	 1.0000e+00	3.3622	 1.0035e+00
	 nan	0.99239	1.0012	 1.0051e+00	 1.0000e+00	3.3654	 1.0035e+00
	 nan	0.99336	1.0012	 1.0061e+00	 9.9998e-01	3.3685	 1.0035e+00
	 nan	0.99433	1.0012	 1.0070e+00	 9.9995e-01	3.3716	 1.0035e+00
	 nan	0.9953	1.0012	 1.0080e+00	 9.9994e-01	3.3748	 1.0034e+00
	 nan	0.99628	1.0012	 1.0090e+00	 9.9992e-01	3.3779	 1.0034e+00
	 nan	0.99725	1.0011	 1.0100e+00	 9.9991e-01	3.3811	 1.0034e+00
	 nan	0.99822	1.0011	 1.0110e+00	 9.9990e-01	3.3843	 1.0034e+00
	 nan	0.9992	1.0011	 1.0120e+00	 9.9989e-01	3.3874	 1.0034e+00
	 nan	1.0002	1.001	 1.0130e+00	 9.9988e-01	3.3906	 1.0034e+00
	 nan	1.0011	1.001	 1.0139e+00	 9.9987e-01	3.3937	 1.0034e+00
	 nan	1.0021	1.0009	 1.0149e+00	 9.9987e-01	3.3969	 1.0033e+00
	 nan	1.0031	1.0008	 1.0159e+00	 9.9986e-01	3.4001	 1.0033e+00
	 nan	1.0041	1.0008	 1.0169e+00	 9.9985e-01	3.4032	 1.0033e+00
	 nan	1.0051	1.0007	 1.0179e+00	 9.9985e-01	3.4064	 1.0032e+00
	 nan	1.0061	1.0006	 1.0189e+00	 9.9984e-01	3.4096	 1.0032e+00
	 nan	1.007	1.0006	 1.0199e+00	 9.9985e-01	3.4128	 1.0032e+00
	 nan	1.008	1.0005	 1.0209e+00	 9.9985e-01	3.416	 1.0032e+00
	 nan	1.009	1.0005	 1.0219e+00	 9.9986e-01	3.4191	 1.0032e+00
	 nan	1.01	1.0004	 1.0229e+00	 9.9987e-01	3.4223	 1.0031e+00
	 nan	1.011	1.0004	 1.0239e+00	 9.9988e-01	3.4255	 1.0031e+00
	 nan	1.012	1.0003	 1.0249e+00	 9.9990e-01	3.4287	 1.0031e+00
	 nan	1.013	1.0003	 1.0259e+00	 9.9992e-01	3.4319	 1.0031e+00
	 nan	1.0139	1.0002	 1.0269e+00	 9.9995e-01	3.4351	 1.0030e+00
	 nan	1.0149	1.0002	 1.0279e+00	 9.9997e-01	3.4383	 1.0030e+00
	 nan	1.0159	1.0001	 1.0289e+00	 1.0000e+00	3.4415	 1.0030e+00
	 nan	1.0169	1.0001	 1.0299e+00	 1.0000e+00	3.4447	 1.0030e+00
	 nan	1.0179	1.0001	 1.0309e+00	 1.0001e+00	3.4479	 1.0030e+00
	 nan	1.0189	1.0	 1.0319e+00	 1.0001e+00	3.4512	 1.0030e+00
	 nan	1.0199	1.0	 1.0329e+00	 1.0001e+00	3.4544	 1.0030e+00
	 nan	1.0209	0.99999	 1.0339e+00	 1.0001e+00	3.4576	 1.0030e+00
	 nan	1.0219	0.99997	 1.0350e+00	 1.0002e+00	3.4608	 1.0031e+00
	 nan	1.0229	0.99998	 1.0360e+00	 1.0002e+00	3.464	 1.0031e+00
	 nan	1.0239	0.99997	 1.0370e+00	 1.0002e+00	3.4673	 1.0031e+00
	 nan	1.0249	0.99998	 1.0380e+00	 1.0002e+00	3.4705	 1.0031e+00
	 nan	1.0259	0.99999	 1.0390e+00	 1.0002e+00	3.4737	 1.0032e+00
	 nan	1.0269	0.99999	 1.0400e+00	 1.0002e+00	3.477	 1.0032e+00
	 nan	1.0279	1.0	 1.0410e+00	 1.0002e+00	3.4802	 1.0032e+00
	 nan	1.0289	1.0	 1.0420e+00	 1.0002e+00	3.4835	 1.0033e+00
	 nan	1.0299	1.0	 1.0431e+00	 1.0002e+00	3.4867	 1.0033e+00
	 nan	1.0309	1.0001	 1.0441e+00	 1.0002e+00	3.49	 1.0033e+00
	 nan	1.0319	1.0001	 1.0451e+00	 1.0002e+00	3.4932	 1.0033e+00
	 nan	1.0329	1.0001	 1.0461e+00	 1.0002e+00	3.4965	 1.0034e+00
	 nan	1.0339	1.0001	 1.0472e+00	 1.0002e+00	3.4997	 1.0034e+00
	 nan	1.0349	1.0001	 1.0482e+00	 1.0002e+00	3.503	 1.0034e+00
	 nan	1.0359	1.0001	 1.0492e+00	 1.0002e+00	3.5062	 1.0034e+00
	 nan	1.0369	1.0001	 1.0502e+00	 1.0002e+00	3.5095	 1.0034e+00
	 nan	1.0379	1.0001	 1.0512e+00	 1.0002e+00	3.5128	 1.0035e+00
	 nan	1.039	1.0001	 1.0523e+00	 1.0002e+00	3.516	 1.0035e+00
	 nan	1.04	1.0002	 1.0533e+00	 1.0002e+00	3.5193	 1.0035e+00
	 nan	1.041	1.0002	 1.0543e+00	 1.0002e+00	3.5226	 1.0035e+00
	 nan	1.042	1.0002	 1.0554e+00	 1.0002e+00	3.5259	 1.0035e+00
	 nan	1.043	1.0002	 1.0564e+00	 1.0002e+00	3.5292	 1.0036e+00
	 nan	1.044	1.0002	 1.0574e+00	 1.0002e+00	3.5324	 1.0036e+00
	 nan	1.0451	1.0002	 1.0584e+00	 1.0002e+00	3.5357	 1.0036e+00
	 nan	1.0461	1.0002	 1.0595e+00	 1.0002e+00	3.539	 1.0036e+00
	 nan	1.0471	1.0002	 1.0605e+00	 1.0002e+00	3.5423	 1.0036e+00
	 nan	1.0481	1.0002	 1.0615e+00	 1.0002e+00	3.5456	 1.0036e+00
	 nan	1.0491	1.0002	 1.0626e+00	 1.0002e+00	3.5489	 1.0036e+00
	 nan	1.0502	1.0002	 1.0636e+00	 1.0002e+00	3.5522	 1.0036e+00
	 nan	1.0512	1.0002	 1.0647e+00	 1.0002e+00	3.5555	 1.0036e+00
	 nan	1.0522	1.0002	 1.0657e+00	 1.0002e+00	3.5589	 1.0037e+00
	 nan	1.0532	1.0002	 1.0667e+00	 1.0003e+00	3.5622	 1.0037e+00
	 nan	1.0542	1.0002	 1.0678e+00	 1.0003e+00	3.5655	 1.0037e+00
	 nan	1.0553	1.0002	 1.0688e+00	 1.0003e+00	3.5688	 1.0037e+00
	 nan	1.0563	1.0002	 1.0698e+00	 1.0003e+00	3.5721	 1.0037e+00
	 nan	1.0573	1.0002	 1.0709e+00	 1.0003e+00	3.5755	 1.0038e+00
	 nan	1.0584	1.0002	 1.0719e+00	 1.0004e+00	3.5788	 1.0038e+00
	 nan	1.0594	1.0002	 1.0730e+00	 1.0004e+00	3.5821	 1.0038e+00
	 nan	1.0604	1.0002	 1.0740e+00	 1.0004e+00	3.5854	 1.0038e+00
	 nan	1.0615	1.0002	 1.0751e+00	 1.0004e+00	3.5888	 1.0038e+00
	 nan	1.0625	1.0002	 1.0761e+00	 1.0004e+00	3.5921	 1.0039e+00
	 nan	1.0635	1.0002	 1.0772e+00	 1.0004e+00	3.5955	 1.0038e+00
	 nan	1.0646	1.0002	 1.0782e+00	 1.0004e+00	3.5988	 1.0039e+00
	 nan	1.0656	1.0002	 1.0793e+00	 1.0005e+00	3.6022	 1.0038e+00
	 nan	1.0666	1.0002	 1.0803e+00	 1.0005e+00	3.6055	 1.0038e+00
	 nan	1.0677	1.0003	 1.0814e+00	 1.0005e+00	3.6089	 1.0038e+00
	 nan	1.0687	1.0003	 1.0824e+00	 1.0005e+00	3.6122	 1.0038e+00
	 nan	1.0698	1.0003	 1.0835e+00	 1.0005e+00	3.6156	 1.0037e+00
	 nan	1.0708	1.0003	 1.0845e+00	 1.0005e+00	3.6189	 1.0037e+00
	 nan	1.0718	1.0003	 1.0856e+00	 1.0005e+00	3.6223	 1.0037e+00
	 nan	1.0729	1.0003	 1.0866e+00	 1.0005e+00	3.6257	 1.0036e+00
	 nan	1.0739	1.0002	 1.0877e+00	 1.0006e+00	3.6291	 1.0036e+00
	 nan	1.075	1.0002	 1.0888e+00	 1.0006e+00	3.6324	 1.0036e+00
	 nan	1.076	1.0002	 1.0898e+00	 1.0006e+00	3.6358	 1.0036e+00
	 nan	1.0771	1.0002	 1.0909e+00	 1.0006e+00	3.6392	 1.0036e+00
	 nan	1.0781	1.0001	 1.0919e+00	 1.0006e+00	3.6426	 1.0036e+00
	 nan	1.0792	1.0001	 1.0930e+00	 1.0006e+00	3.646	 1.0036e+00
	 nan	1.0802	1.0001	 1.0941e+00	 1.0006e+00	3.6494	 1.0036e+00
	 nan	1.0813	1.0	 1.0951e+00	 1.0006e+00	3.6528	 1.0036e+00
	 nan	1.0823	1.0	 1.0962e+00	 1.0006e+00	3.6562	 1.0036e+00
	 nan	1.0834	0.99996	 1.0973e+00	 1.0006e+00	3.6596	 1.0036e+00
	 nan	1.0844	0.99992	 1.0983e+00	 1.0006e+00	3.663	 1.0037e+00
	 nan	1.0855	0.99989	 1.0994e+00	 1.0006e+00	3.6664	 1.0037e+00
	 nan	1.0865	0.99986	 1.1005e+00	 1.0006e+00	3.6698	 1.0037e+00
	 nan	1.0876	0.99985	 1.1015e+00	 1.0006e+00	3.6732	 1.0037e+00
	 nan	1.0886	0.99982	 1.1026e+00	 1.0006e+00	3.6766	 1.0038e+00
	 nan	1.0897	0.99982	 1.1037e+00	 1.0006e+00	3.68	 1.0038e+00
	 nan	1.0908	0.99981	 1.1048e+00	 1.0006e+00	3.6834	 1.0038e+00
	 nan	1.0918	0.99982	 1.1058e+00	 1.0006e+00	3.6869	 1.0038e+00
	 nan	1.0929	0.99983	 1.1069e+00	 1.0005e+00	3.6903	 1.0039e+00
	 nan	1.0939	0.99985	 1.1080e+00	 1.0005e+00	3.6937	 1.0039e+00
	 nan	1.095	0.99989	 1.1091e+00	 1.0005e+00	3.6972	 1.0039e+00
	 nan	1.0961	0.99992	 1.1101e+00	 1.0004e+00	3.7006	 1.0039e+00
	 nan	1.0971	0.99997	 1.1112e+00	 1.0004e+00	3.704	 1.0039e+00
	 nan	1.0982	1.0	 1.1123e+00	 1.0003e+00	3.7075	 1.0039e+00
	 nan	1.0993	1.0001	 1.1134e+00	 1.0003e+00	3.7109	 1.0039e+00
	 nan	1.1003	1.0001	 1.1145e+00	 1.0003e+00	3.7144	 1.0038e+00
	 nan	1.1014	1.0001	 1.1156e+00	 1.0002e+00	3.7178	 1.0038e+00
	 nan	1.1025	1.0002	 1.1166e+00	 1.0002e+00	3.7213	 1.0038e+00
	 nan	1.1035	1.0002	 1.1177e+00	 1.0001e+00	3.7247	 1.0037e+00
	 nan	1.1046	1.0002	 1.1188e+00	 1.0001e+00	3.7282	 1.0037e+00
	 nan	1.1057	1.0002	 1.1199e+00	 1.0001e+00	3.7317	 1.0037e+00
	 nan	1.1068	1.0003	 1.1210e+00	 1.0001e+00	3.7351	 1.0036e+00
	 nan	1.1078	1.0003	 1.1221e+00	 1.0000e+00	3.7386	 1.0036e+00
	 nan	1.1089	1.0003	 1.1232e+00	 1.0000e+00	3.7421	 1.0036e+00
	 nan	1.11	1.0003	 1.1242e+00	 1.0000e+00	3.7455	 1.0035e+00
	 nan	1.1111	1.0003	 1.1253e+00	 9.9999e-01	3.749	 1.0035e+00
	 nan	1.1121	1.0003	 1.1264e+00	 9.9999e-01	3.7525	 1.0035e+00
	 nan	1.1132	1.0003	 1.1275e+00	 9.9998e-01	3.756	 1.0035e+00
	 nan	1.1143	1.0004	 1.1286e+00	 9.9998e-01	3.7595	 1.0035e+00
	 nan	1.1154	1.0004	 1.1297e+00	 9.9997e-01	3.763	 1.0035e+00
	 nan	1.1165	1.0004	 1.1308e+00	 9.9997e-01	3.7665	 1.0036e+00
	 nan	1.1176	1.0005	 1.1319e+00	 9.9997e-01	3.77	 1.0036e+00
	 nan	1.1186	1.0005	 1.1330e+00	 9.9996e-01	3.7735	 1.0037e+00
	 nan	1.1197	1.0005	 1.1341e+00	 9.9996e-01	3.777	 1.0037e+00
	 nan	1.1208	1.0006	 1.1352e+00	 9.9995e-01	3.7805	 1.0037e+00
	 nan	1.1219	1.0006	 1.1363e+00	 9.9994e-01	3.784	 1.0038e+00
	 nan	1.123	1.0006	 1.1374e+00	 9.9993e-01	3.7875	 1.0038e+00
	 nan	1.1241	1.0007	 1.1385e+00	 9.9993e-01	3.791	 1.0039e+00
	 nan	1.1252	1.0007	 1.1396e+00	 9.9993e-01	3.7946	 1.0039e+00
	 nan	1.1262	1.0007	 1.1407e+00	 9.9992e-01	3.7981	 1.0039e+00
	 nan	1.1273	1.0008	 1.1418e+00	 9.9993e-01	3.8016	 1.0039e+00
	 nan	1.1284	1.0008	 1.1429e+00	 9.9993e-01	3.8051	 1.0040e+00
	 nan	1.1295	1.0008	 1.1441e+00	 9.9994e-01	3.8087	 1.0040e+00
	 nan	1.1306	1.0008	 1.1452e+00	 9.9995e-01	3.8122	 1.0040e+00
	 nan	1.1317	1.0008	 1.1463e+00	 9.9997e-01	3.8157	 1.0040e+00
	 nan	1.1328	1.0008	 1.1474e+00	 9.9998e-01	3.8193	 1.0040e+00
	 nan	1.1339	1.0008	 1.1485e+00	 1.0000e+00	3.8228	 1.0041e+00
	 nan	1.135	1.0008	 1.1496e+00	 1.0000e+00	3.8264	 1.0041e+00
	 nan	1.1361	1.0008	 1.1507e+00	 1.0000e+00	3.8299	 1.0041e+00
	 nan	1.1372	1.0008	 1.1519e+00	 1.0001e+00	3.8335	 1.0041e+00
	 nan	1.1383	1.0007	 1.1530e+00	 1.0001e+00	3.837	 1.0041e+00
	 nan	1.1394	1.0007	 1.1541e+00	 1.0001e+00	3.8406	 1.0041e+00
	 nan	1.1405	1.0007	 1.1552e+00	 1.0001e+00	3.8441	 1.0041e+00
	 nan	1.1416	1.0007	 1.1563e+00	 1.0001e+00	3.8477	 1.0042e+00
	 nan	1.1427	1.0007	 1.1575e+00	 1.0001e+00	3.8513	 1.0042e+00
	 nan	1.1438	1.0006	 1.1586e+00	 1.0001e+00	3.8549	 1.0042e+00
	 nan	1.1449	1.0006	 1.1597e+00	 1.0002e+00	3.8584	 1.0042e+00
	 nan	1.1461	1.0006	 1.1608e+00	 1.0002e+00	3.862	 1.0042e+00
	 nan	1.1472	1.0006	 1.1619e+00	 1.0002e+00	3.8656	 1.0043e+00
	 nan	1.1483	1.0006	 1.1631e+00	 1.0002e+00	3.8692	 1.0043e+00
	 nan	1.1494	1.0006	 1.1642e+00	 1.0002e+00	3.8728	 1.0043e+00
	 nan	1.1505	1.0006	 1.1653e+00	 1.0002e+00	3.8764	 1.0043e+00
	 nan	1.1516	1.0006	 1.1664e+00	 1.0002e+00	3.88	 1.0043e+00
	 nan	1.1527	1.0006	 1.1676e+00	 1.0002e+00	3.8836	 1.0043e+00
	 nan	1.1539	1.0006	 1.1687e+00	 1.0002e+00	3.8872	 1.0043e+00
	 nan	1.155	1.0006	 1.1699e+00	 1.0002e+00	3.8908	 1.0043e+00
	 nan	1.1561	1.0006	 1.1710e+00	 1.0002e+00	3.8944	 1.0043e+00
	 nan	1.1572	1.0006	 1.1721e+00	 1.0002e+00	3.898	 1.0043e+00
	 nan	1.1583	1.0006	 1.1732e+00	 1.0002e+00	3.9016	 1.0043e+00
	 nan	1.1595	1.0005	 1.1744e+00	 1.0002e+00	3.9052	 1.0043e+00
	 nan	1.1606	1.0005	 1.1755e+00	 1.0002e+00	3.9089	 1.0043e+00
	 nan	1.1617	1.0005	 1.1767e+00	 1.0002e+00	3.9125	 1.0043e+00
	 nan	1.1628	1.0005	 1.1778e+00	 1.0002e+00	3.9161	 1.0042e+00
	 nan	1.164	1.0004	 1.1789e+00	 1.0002e+00	3.9198	 1.0042e+00
	 nan	1.1651	1.0004	 1.1801e+00	 1.0002e+00	3.9234	 1.0042e+00
	 nan	1.1662	1.0004	 1.1812e+00	 1.0002e+00	3.927	 1.0042e+00
	 nan	1.1673	1.0004	 1.1824e+00	 1.0002e+00	3.9307	 1.0042e+00
	 nan	1.1685	1.0003	 1.1835e+00	 1.0002e+00	3.9343	 1.0042e+00
	 nan	1.1696	1.0003	 1.1847e+00	 1.0002e+00	3.938	 1.0042e+00
	 nan	1.1707	1.0003	 1.1858e+00	 1.0002e+00	3.9416	 1.0042e+00
	 nan	1.1719	1.0002	 1.1870e+00	 1.0002e+00	3.9453	 1.0042e+00
	 nan	1.173	1.0002	 1.1881e+00	 1.0002e+00	3.9489	 1.0042e+00
	 nan	1.1741	1.0002	 1.1893e+00	 1.0002e+00	3.9526	 1.0042e+00
	 nan	1.1753	1.0001	 1.1904e+00	 1.0002e+00	3.9562	 1.0043e+00
	 nan	1.1764	1.0001	 1.1916e+00	 1.0002e+00	3.9599	 1.0042e+00
	 nan	1.1775	1.0001	 1.1927e+00	 1.0003e+00	3.9636	 1.0043e+00
	 nan	1.1787	1.0001	 1.1939e+00	 1.0003e+00	3.9672	 1.0042e+00
	 nan	1.1798	1.0001	 1.1950e+00	 1.0003e+00	3.9709	 1.0042e+00
	 nan	1.1809	1.0	 1.1962e+00	 1.0003e+00	3.9746	 1.0043e+00
	 nan	1.1821	1.0	 1.1973e+00	 1.0004e+00	3.9783	 1.0042e+00
	 nan	1.1832	1.0	 1.1985e+00	 1.0004e+00	3.982	 1.0043e+00
	 nan	1.1844	1.0	 1.1997e+00	 1.0004e+00	3.9857	 1.0042e+00
	 nan	1.1855	1.0	 1.2008e+00	 1.0005e+00	3.9894	 1.0042e+00
	 nan	1.1867	1.0	 1.2020e+00	 1.0005e+00	3.9931	 1.0042e+00
	 nan	1.1878	1.0	 1.2031e+00	 1.0005e+00	3.9968	 1.0042e+00
	 nan	1.189	1.0	 1.2043e+00	 1.0005e+00	4.0005	 1.0042e+00
	 nan	1.1901	1.0	 1.2055e+00	 1.0005e+00	4.0042	 1.0042e+00
	 nan	1.1913	1.0	 1.2066e+00	 1.0005e+00	4.0079	 1.0042e+00
	 nan	1.1924	1.0	 1.2078e+00	 1.0006e+00	4.0116	 1.0042e+00
	 nan	1.1936	1.0	 1.2090e+00	 1.0006e+00	4.0153	 1.0042e+00
	 nan	1.1947	1.0	 1.2101e+00	 1.0006e+00	4.019	 1.0042e+00
	 nan	1.1959	1.0	 1.2113e+00	 1.0006e+00	4.0228	 1.0041e+00
	 nan	1.197	1.0	 1.2125e+00	 1.0006e+00	4.0265	 1.0041e+00
	 nan	1.1982	1.0001	 1.2137e+00	 1.0006e+00	4.0302	 1.0040e+00
	 nan	1.1993	1.0001	 1.2148e+00	 1.0005e+00	4.0339	 1.0040e+00
	 nan	1.2005	1.0001	 1.2160e+00	 1.0005e+00	4.0377	 1.0039e+00
	 nan	1.2017	1.0001	 1.2172e+00	 1.0005e+00	4.0414	 1.0039e+00
	 nan	1.2028	1.0001	 1.2184e+00	 1.0005e+00	4.0452	 1.0038e+00
	 nan	1.204	1.0001	 1.2195e+00	 1.0005e+00	4.0489	 1.0038e+00
	 nan	1.2051	1.0001	 1.2207e+00	 1.0004e+00	4.0527	 1.0038e+00
	 nan	1.2063	1.0001	 1.2219e+00	 1.0004e+00	4.0564	 1.0037e+00
	 nan	1.2075	1.0001	 1.2231e+00	 1.0004e+00	4.0602	 1.0037e+00
	 nan	1.2086	1.0001	 1.2243e+00	 1.0003e+00	4.0639	 1.0036e+00
	 nan	1.2098	1.0001	 1.2254e+00	 1.0003e+00	4.0677	 1.0036e+00
	 nan	1.211	1.0001	 1.2266e+00	 1.0002e+00	4.0715	 1.0036e+00
	 nan	1.2122	1.0001	 1.2278e+00	 1.0002e+00	4.0752	 1.0036e+00
	 nan	1.2133	1.0001	 1.2290e+00	 1.0002e+00	4.079	 1.0036e+00
	 nan	1.2145	1.0001	 1.2302e+00	 1.0001e+00	4.0828	 1.0035e+00
	 nan	1.2157	1.0001	 1.2314e+00	 1.0001e+00	4.0866	 1.0036e+00
	 nan	1.2168	1.0001	 1.2326e+00	 1.0001e+00	4.0904	 1.0035e+00
	 nan	1.218	1.0001	 1.2338e+00	 1.0000e+00	4.0941	 1.0036e+00
	 nan	1.2192	1.0002	 1.2350e+00	 1.0000e+00	4.0979	 1.0035e+00
	 nan	1.2204	1.0002	 1.2362e+00	 9.9997e-01	4.1017	 1.0036e+00
	 nan	1.2215	1.0003	 1.2374e+00	 9.9996e-01	4.1055	 1.0036e+00
	 nan	1.2227	1.0003	 1.2386e+00	 9.9995e-01	4.1093	 1.0036e+00
	 nan	1.2239	1.0004	 1.2397e+00	 9.9994e-01	4.1131	 1.0036e+00
	 nan	1.2251	1.0005	 1.2409e+00	 9.9995e-01	4.117	 1.0036e+00
	 nan	1.2263	1.0005	 1.2422e+00	 9.9995e-01	4.1208	 1.0037e+00
	 nan	1.2274	1.0006	 1.2433e+00	 9.9996e-01	4.1246	 1.0037e+00
	 nan	1.2286	1.0007	 1.2446e+00	 9.9997e-01	4.1284	 1.0037e+00
	 nan	1.2298	1.0008	 1.2457e+00	 9.9999e-01	4.1322	 1.0038e+00
	 nan	1.231	1.0008	 1.2470e+00	 1.0000e+00	4.136	 1.0038e+00
	 nan	1.2322	1.0009	 1.2482e+00	 1.0000e+00	4.1399	 1.0039e+00
	 nan	1.2334	1.001	 1.2494e+00	 1.0000e+00	4.1437	 1.0039e+00
	 nan	1.2346	1.001	 1.2506e+00	 1.0001e+00	4.1475	 1.0040e+00
	 nan	1.2357	1.0011	 1.2518e+00	 1.0001e+00	4.1514	 1.0040e+00
	 nan	1.2369	1.0011	 1.2530e+00	 1.0001e+00	4.1552	 1.0041e+00
	 nan	1.2381	1.0011	 1.2542e+00	 1.0001e+00	4.159	 1.0042e+00
	 nan	1.2393	1.0011	 1.2554e+00	 1.0001e+00	4.1629	 1.0042e+00
	 nan	1.2405	1.0011	 1.2566e+00	 1.0001e+00	4.1667	 1.0043e+00
	 nan	1.2417	1.0011	 1.2578e+00	 1.0001e+00	4.1706	 1.0043e+00
	 nan	1.2429	1.0011	 1.2590e+00	 1.0001e+00	4.1745	 1.0044e+00
	 nan	1.2441	1.0011	 1.2603e+00	 1.0001e+00	4.1783	 1.0044e+00
	 nan	1.2453	1.0011	 1.2615e+00	 1.0000e+00	4.1822	 1.0045e+00
	 nan	1.2465	1.001	 1.2627e+00	 1.0000e+00	4.186	 1.0046e+00
	 nan	1.2477	1.001	 1.2639e+00	 1.0000e+00	4.1899	 1.0046e+00
	 nan	1.2489	1.0009	 1.2651e+00	 9.9997e-01	4.1938	 1.0047e+00
	 nan	1.2501	1.0009	 1.2663e+00	 9.9996e-01	4.1977	 1.0047e+00
	 nan	1.2513	1.0008	 1.2676e+00	 9.9994e-01	4.2016	 1.0048e+00
	 nan	1.2525	1.0008	 1.2688e+00	 9.9992e-01	4.2054	 1.0048e+00
	 nan	1.2537	1.0008	 1.2700e+00	 9.9990e-01	4.2093	 1.0049e+00
	 nan	1.2549	1.0007	 1.2712e+00	 9.9988e-01	4.2132	 1.0049e+00
	 nan	1.2561	1.0007	 1.2725e+00	 9.9986e-01	4.2171	 1.0049e+00
	 nan	1.2573	1.0007	 1.2737e+00	 9.9984e-01	4.221	 1.0050e+00
	 nan	1.2586	1.0007	 1.2749e+00	 9.9983e-01	4.2249	 1.0050e+00
	 nan	1.2598	1.0006	 1.2761e+00	 9.9982e-01	4.2288	 1.0050e+00
	 nan	1.261	1.0006	 1.2774e+00	 9.9981e-01	4.2327	 1.0050e+00
	 nan	1.2622	1.0006	 1.2786e+00	 9.9980e-01	4.2367	 1.0051e+00
	 nan	1.2634	1.0006	 1.2798e+00	 9.9980e-01	4.2406	 1.0051e+00
	 nan	1.2646	1.0006	 1.2811e+00	 9.9979e-01	4.2445	 1.0051e+00
	 nan	1.2658	1.0005	 1.2823e+00	 9.9979e-01	4.2484	 1.0052e+00
	 nan	1.2671	1.0005	 1.2835e+00	 9.9980e-01	4.2523	 1.0052e+00
	 nan	1.2683	1.0005	 1.2848e+00	 9.9979e-01	4.2563	 1.0052e+00
	 nan	1.2695	1.0005	 1.2860e+00	 9.9980e-01	4.2602	 1.0052e+00
	 nan	1.2707	1.0005	 1.2873e+00	 9.9980e-01	4.2641	 1.0053e+00
	 nan	1.272	1.0005	 1.2885e+00	 9.9982e-01	4.2681	 1.0053e+00
	 nan	1.2732	1.0005	 1.2897e+00	 9.9982e-01	4.272	 1.0053e+00
	 nan	1.2744	1.0005	 1.2910e+00	 9.9984e-01	4.276	 1.0053e+00
	 nan	1.2756	1.0006	 1.2922e+00	 9.9985e-01	4.2799	 1.0053e+00
	 nan	1.2769	1.0006	 1.2935e+00	 9.9987e-01	4.2839	 1.0054e+00
	 nan	1.2781	1.0006	 1.2947e+00	 9.9989e-01	4.2878	 1.0054e+00
	 nan	1.2793	1.0006	 1.2960e+00	 9.9990e-01	4.2918	 1.0054e+00
	 nan	1.2806	1.0007	 1.2972e+00	 9.9992e-01	4.2958	 1.0054e+00
	 nan	1.2818	1.0007	 1.2985e+00	 9.9993e-01	4.2998	 1.0054e+00
	 nan	1.283	1.0007	 1.2997e+00	 9.9995e-01	4.3037	 1.0054e+00
	 nan	1.2843	1.0008	 1.3010e+00	 9.9996e-01	4.3077	 1.0054e+00
	 nan	1.2855	1.0008	 1.3022e+00	 9.9997e-01	4.3117	 1.0054e+00
	 nan	1.2867	1.0008	 1.3035e+00	 9.9998e-01	4.3157	 1.0054e+00
	 nan	1.288	1.0009	 1.3047e+00	 9.9998e-01	4.3197	 1.0054e+00
	 nan	1.2892	1.0009	 1.3060e+00	 1.0000e+00	4.3236	 1.0054e+00
	 nan	1.2905	1.001	 1.3073e+00	 1.0000e+00	4.3276	 1.0054e+00
	 nan	1.2917	1.001	 1.3085e+00	 1.0000e+00	4.3316	 1.0054e+00
	 nan	1.2929	1.001	 1.3098e+00	 1.0000e+00	4.3356	 1.0054e+00
	 nan	1.2942	1.0011	 1.3110e+00	 1.0000e+00	4.3396	 1.0054e+00
	 nan	1.2954	1.0011	 1.3123e+00	 1.0000e+00	4.3437	 1.0054e+00
	 nan	1.2967	1.0011	 1.3136e+00	 1.0000e+00	4.3477	 1.0054e+00
	 nan	1.2979	1.0012	 1.3148e+00	 1.0000e+00	4.3517	 1.0054e+00
	 nan	1.2992	1.0012	 1.3161e+00	 1.0000e+00	4.3557	 1.0054e+00
	 nan	1.3004	1.0012	 1.3174e+00	 1.0001e+00	4.3597	 1.0054e+00
	 nan	1.3017	1.0012	 1.3186e+00	 1.0001e+00	4.3637	 1.0054e+00
	 nan	1.3029	1.0012	 1.3199e+00	 1.0001e+00	4.3678	 1.0055e+00
	 nan	1.3042	1.0012	 1.3212e+00	 1.0001e+00	4.3718	 1.0054e+00
	 nan	1.3054	1.0012	 1.3224e+00	 1.0001e+00	4.3758	 1.0055e+00
	 nan	1.3067	1.0012	 1.3237e+00	 1.0001e+00	4.3799	 1.0055e+00
	 nan	1.3079	1.0012	 1.3250e+00	 1.0001e+00	4.3839	 1.0055e+00
	 nan	1.3092	1.0012	 1.3262e+00	 1.0001e+00	4.388	 1.0055e+00
	 nan	1.3104	1.0011	 1.3275e+00	 1.0001e+00	4.392	 1.0055e+00
	 nan	1.3117	1.0011	 1.3288e+00	 1.0001e+00	4.3961	 1.0055e+00
	 nan	1.313	1.0011	 1.3301e+00	 1.0001e+00	4.4001	 1.0054e+00
	 nan	1.3142	1.0011	 1.3314e+00	 1.0001e+00	4.4042	 1.0055e+00
	 nan	1.3155	1.0011	 1.3326e+00	 1.0001e+00	4.4082	 1.0054e+00
	 nan	1.3168	1.001	 1.3339e+00	 1.0001e+00	4.4123	 1.0054e+00
	 nan	1.318	1.001	 1.3352e+00	 1.0001e+00	4.4164	 1.0054e+00
	 nan	1.3193	1.001	 1.3365e+00	 1.0001e+00	4.4205	 1.0053e+00
	 nan	1.3205	1.0009	 1.3378e+00	 1.0001e+00	4.4245	 1.0053e+00
	 nan	1.3218	1.0009	 1.3391e+00	 1.0001e+00	4.4286	 1.0053e+00
	 nan	1.3231	1.0009	 1.3403e+00	 1.0001e+00	4.4327	 1.0053e+00
	 nan	1.3244	1.0008	 1.3416e+00	 1.0001e+00	4.4368	 1.0052e+00
	 nan	1.3256	1.0008	 1.3429e+00	 1.0001e+00	4.4409	 1.0052e+00
	 nan	1.3269	1.0008	 1.3442e+00	 1.0001e+00	4.445	 1.0051e+00
	 nan	1.3282	1.0008	 1.3455e+00	 1.0001e+00	4.4491	 1.0051e+00
	 nan	1.3295	1.0007	 1.3468e+00	 1.0001e+00	4.4532	 1.0051e+00
	 nan	1.3307	1.0007	 1.3481e+00	 1.0002e+00	4.4573	 1.0050e+00
	 nan	1.332	1.0007	 1.3494e+00	 1.0001e+00	4.4614	 1.0050e+00
	 nan	1.3333	1.0007	 1.3507e+00	 1.0002e+00	4.4656	 1.0050e+00
	 nan	1.3346	1.0006	 1.3520e+00	 1.0002e+00	4.4697	 1.0051e+00
	 nan	1.3358	1.0006	 1.3533e+00	 1.0002e+00	4.4738	 1.0051e+00
	 nan	1.3371	1.0006	 1.3546e+00	 1.0002e+00	4.4779	 1.0051e+00
	 nan	1.3384	1.0005	 1.3559e+00	 1.0002e+00	4.4821	 1.0052e+00
	 nan	1.3397	1.0005	 1.3572e+00	 1.0002e+00	4.4862	 1.0052e+00
	 nan	1.341	1.0005	 1.3585e+00	 1.0002e+00	4.4903	 1.0053e+00
	 nan	1.3423	1.0005	 1.3598e+00	 1.0002e+00	4.4945	 1.0053e+00
	 nan	1.3436	1.0004	 1.3611e+00	 1.0002e+00	4.4986	 1.0054e+00
	 nan	1.3448	1.0004	 1.3624e+00	 1.0002e+00	4.5028	 1.0055e+00
	 nan	1.3461	1.0004	 1.3637e+00	 1.0002e+00	4.5069	 1.0055e+00
	 nan	1.3474	1.0004	 1.3651e+00	 1.0002e+00	4.5111	 1.0056e+00
	 nan	1.3487	1.0004	 1.3664e+00	 1.0002e+00	4.5152	 1.0056e+00
	 nan	1.35	1.0004	 1.3677e+00	 1.0002e+00	4.5194	 1.0057e+00
	 nan	1.3513	1.0004	 1.3690e+00	 1.0002e+00	4.5236	 1.0057e+00
	 nan	1.3526	1.0003	 1.3703e+00	 1.0002e+00	4.5278	 1.0058e+00
	 nan	1.3539	1.0003	 1.3716e+00	 1.0002e+00	4.5319	 1.0058e+00
	 nan	1.3552	1.0003	 1.3729e+00	 1.0002e+00	4.5361	 1.0058e+00
	 nan	1.3565	1.0003	 1.3742e+00	 1.0002e+00	4.5403	 1.0058e+00
	 nan	1.3578	1.0003	 1.3756e+00	 1.0002e+00	4.5445	 1.0057e+00
	 nan	1.3591	1.0003	 1.3769e+00	 1.0001e+00	4.5487	 1.0057e+00
	 nan	1.3604	1.0003	 1.3782e+00	 1.0001e+00	4.5529	 1.0057e+00
	 nan	1.3617	1.0003	 1.3795e+00	 1.0001e+00	4.557	 1.0057e+00
	 nan	1.363	1.0003	 1.3809e+00	 1.0001e+00	4.5612	 1.0056e+00
	 nan	1.3643	1.0003	 1.3822e+00	 1.0001e+00	4.5655	 1.0056e+00
	 nan	1.3656	1.0002	 1.3835e+00	 1.0001e+00	4.5697	 1.0056e+00
	 nan	1.3669	1.0002	 1.3848e+00	 1.0000e+00	4.5739	 1.0055e+00
	 nan	1.3682	1.0002	 1.3862e+00	 1.0000e+00	4.5781	 1.0055e+00
	 nan	1.3696	1.0002	 1.3875e+00	 1.0000e+00	4.5823	 1.0054e+00
	 nan	1.3709	1.0002	 1.3888e+00	 9.9997e-01	4.5865	 1.0053e+00
	 nan	1.3722	1.0002	 1.3902e+00	 9.9996e-01	4.5907	 1.0053e+00
	 nan	1.3735	1.0002	 1.3915e+00	 9.9995e-01	4.595	 1.0052e+00
	 nan	1.3748	1.0002	 1.3928e+00	 9.9994e-01	4.5992	 1.0051e+00
	 nan	1.3761	1.0002	 1.3942e+00	 9.9994e-01	4.6034	 1.0050e+00
	 nan	1.3775	1.0002	 1.3955e+00	 9.9994e-01	4.6077	 1.0050e+00
	 nan	1.3788	1.0002	 1.3969e+00	 9.9994e-01	4.6119	 1.0049e+00
	 nan	1.3801	1.0002	 1.3982e+00	 9.9994e-01	4.6162	 1.0048e+00
	 nan	1.3814	1.0002	 1.3995e+00	 9.9995e-01	4.6204	 1.0047e+00
	 nan	1.3827	1.0002	 1.4009e+00	 9.9995e-01	4.6247	 1.0047e+00
	 nan	1.3841	1.0002	 1.4022e+00	 9.9996e-01	4.629	 1.0046e+00
	 nan	1.3854	1.0002	 1.4036e+00	 9.9997e-01	4.6332	 1.0045e+00
	 nan	1.3867	1.0002	 1.4049e+00	 9.9997e-01	4.6375	 1.0045e+00
	 nan	1.3881	1.0003	 1.4063e+00	 9.9998e-01	4.6418	 1.0044e+00
	 nan	1.3894	1.0003	 1.4076e+00	 9.9999e-01	4.646	 1.0044e+00
	 nan	1.3907	1.0003	 1.4090e+00	 1.0000e+00	4.6503	 1.0043e+00
	 nan	1.3921	1.0003	 1.4103e+00	 1.0000e+00	4.6546	 1.0043e+00
	 nan	1.3934	1.0004	 1.4117e+00	 1.0000e+00	4.6589	 1.0043e+00
	 nan	1.3947	1.0004	 1.4130e+00	 1.0000e+00	4.6632	 1.0042e+00
	 nan	1.3961	1.0005	 1.4144e+00	 1.0001e+00	4.6675	 1.0043e+00
	 nan	1.3974	1.0005	 1.4158e+00	 1.0001e+00	4.6718	 1.0042e+00
	 nan	1.3987	1.0006	 1.4171e+00	 1.0001e+00	4.6761	 1.0043e+00
	 nan	1.4001	1.0006	 1.4185e+00	 1.0001e+00	4.6804	 1.0043e+00
	 nan	1.4014	1.0006	 1.4198e+00	 1.0001e+00	4.6847	 1.0043e+00
	 nan	1.4027	1.0007	 1.4212e+00	 1.0001e+00	4.689	 1.0043e+00
	 nan	1.4041	1.0007	 1.4226e+00	 1.0002e+00	4.6933	 1.0044e+00
	 nan	1.4054	1.0007	 1.4239e+00	 1.0002e+00	4.6977	 1.0044e+00
	 nan	1.4068	1.0008	 1.4253e+00	 1.0002e+00	4.702	 1.0044e+00
	 nan	1.4081	1.0008	 1.4267e+00	 1.0002e+00	4.7063	 1.0045e+00
	 nan	1.4095	1.0008	 1.4280e+00	 1.0002e+00	4.7107	 1.0045e+00
	 nan	1.4108	1.0008	 1.4294e+00	 1.0002e+00	4.715	 1.0046e+00
	 nan	1.4122	1.0007	 1.4308e+00	 1.0002e+00	4.7193	 1.0047e+00
	 nan	1.4135	1.0007	 1.4321e+00	 1.0002e+00	4.7237	 1.0048e+00
	 nan	1.4149	1.0007	 1.4335e+00	 1.0002e+00	4.728	 1.0049e+00
	 nan	1.4162	1.0007	 1.4349e+00	 1.0002e+00	4.7324	 1.0049e+00
	 nan	1.4176	1.0007	 1.4363e+00	 1.0002e+00	4.7367	 1.0050e+00
	 nan	1.4189	1.0006	 1.4376e+00	 1.0002e+00	4.7411	 1.0051e+00
	 nan	1.4203	1.0006	 1.4390e+00	 1.0002e+00	4.7454	 1.0052e+00
	 nan	1.4217	1.0006	 1.4404e+00	 1.0002e+00	4.7498	 1.0053e+00
	 nan	1.423	1.0006	 1.4418e+00	 1.0002e+00	4.7542	 1.0053e+00
	 nan	1.4244	1.0006	 1.4432e+00	 1.0001e+00	4.7585	 1.0054e+00
	 nan	1.4258	1.0006	 1.4445e+00	 1.0001e+00	4.7629	 1.0054e+00
	 nan	1.4271	1.0006	 1.4459e+00	 1.0001e+00	4.7673	 1.0055e+00
	 nan	1.4285	1.0006	 1.4473e+00	 1.0001e+00	4.7717	 1.0056e+00
	 nan	1.4298	1.0006	 1.4487e+00	 1.0000e+00	4.7761	 1.0056e+00
	 nan	1.4312	1.0006	 1.4501e+00	 1.0000e+00	4.7805	 1.0057e+00
	 nan	1.4326	1.0006	 1.4515e+00	 1.0000e+00	4.7849	 1.0057e+00
	 nan	1.434	1.0006	 1.4529e+00	 9.9997e-01	4.7893	 1.0058e+00
	 nan	1.4353	1.0007	 1.4543e+00	 9.9996e-01	4.7937	 1.0058e+00
	 nan	1.4367	1.0007	 1.4557e+00	 9.9993e-01	4.7981	 1.0059e+00
	 nan	1.4381	1.0007	 1.4570e+00	 9.9992e-01	4.8025	 1.0059e+00
	 nan	1.4394	1.0007	 1.4584e+00	 9.9990e-01	4.8069	 1.0059e+00
	 nan	1.4408	1.0007	 1.4598e+00	 9.9990e-01	4.8113	 1.0059e+00
	 nan	1.4422	1.0007	 1.4612e+00	 9.9989e-01	4.8158	 1.0059e+00
	 nan	1.4436	1.0008	 1.4626e+00	 9.9989e-01	4.8202	 1.0059e+00
	 nan	1.4449	1.0008	 1.4640e+00	 9.9990e-01	4.8246	 1.0059e+00
	 nan	1.4463	1.0008	 1.4654e+00	 9.9990e-01	4.829	 1.0059e+00
	 nan	1.4477	1.0008	 1.4668e+00	 9.9991e-01	4.8335	 1.0059e+00
	 nan	1.4491	1.0008	 1.4682e+00	 9.9991e-01	4.8379	 1.0059e+00
	 nan	1.4505	1.0008	 1.4696e+00	 9.9992e-01	4.8424	 1.0059e+00
	 nan	1.4519	1.0008	 1.4710e+00	 9.9993e-01	4.8468	 1.0059e+00
	 nan	1.4532	1.0008	 1.4725e+00	 9.9994e-01	4.8513	 1.0059e+00
	 nan	1.4546	1.0008	 1.4739e+00	 9.9995e-01	4.8557	 1.0059e+00
	 nan	1.456	1.0007	 1.4753e+00	 9.9995e-01	4.8602	 1.0059e+00
	 nan	1.4574	1.0007	 1.4767e+00	 9.9997e-01	4.8647	 1.0059e+00
	 nan	1.4588	1.0007	 1.4781e+00	 9.9997e-01	4.8692	 1.0059e+00
	 nan	1.4602	1.0007	 1.4795e+00	 9.9999e-01	4.8736	 1.0059e+00
	 nan	1.4616	1.0007	 1.4809e+00	 1.0000e+00	4.8781	 1.0059e+00
	 nan	1.463	1.0007	 1.4824e+00	 1.0000e+00	4.8826	 1.0059e+00
	 nan	1.4644	1.0006	 1.4838e+00	 1.0000e+00	4.8871	 1.0059e+00
	 nan	1.4658	1.0006	 1.4852e+00	 1.0001e+00	4.8916	 1.0059e+00
	 nan	1.4672	1.0006	 1.4866e+00	 1.0001e+00	4.8961	 1.0059e+00
	 nan	1.4686	1.0006	 1.4880e+00	 1.0001e+00	4.9006	 1.0059e+00
	 nan	1.47	1.0006	 1.4894e+00	 1.0001e+00	4.9051	 1.0058e+00
	 nan	1.4714	1.0006	 1.4909e+00	 1.0002e+00	4.9097	 1.0058e+00
	 nan	1.4728	1.0006	 1.4923e+00	 1.0002e+00	4.9142	 1.0058e+00
	 nan	1.4742	1.0006	 1.4937e+00	 1.0002e+00	4.9187	 1.0058e+00
	 nan	1.4756	1.0006	 1.4951e+00	 1.0003e+00	4.9232	 1.0058e+00
	 nan	1.477	1.0007	 1.4966e+00	 1.0003e+00	4.9277	 1.0058e+00
	 nan	1.4785	1.0007	 1.4980e+00	 1.0003e+00	4.9323	 1.0058e+00
	 nan	1.4799	1.0007	 1.4994e+00	 1.0004e+00	4.9368	 1.0058e+00
	 nan	1.4813	1.0007	 1.5009e+00	 1.0004e+00	4.9413	 1.0058e+00
	 nan	1.4827	1.0008	 1.5023e+00	 1.0004e+00	4.9459	 1.0058e+00
	 nan	1.4841	1.0008	 1.5037e+00	 1.0005e+00	4.9504	 1.0057e+00
	 nan	1.4855	1.0009	 1.5052e+00	 1.0005e+00	4.955	 1.0058e+00
	 nan	1.487	1.0009	 1.5066e+00	 1.0005e+00	4.9595	 1.0057e+00
	 nan	1.4884	1.001	 1.5081e+00	 1.0005e+00	4.9641	 1.0058e+00
	 nan	1.4898	1.0011	 1.5095e+00	 1.0005e+00	4.9687	 1.0057e+00
	 nan	1.4912	1.0011	 1.5109e+00	 1.0005e+00	4.9732	 1.0057e+00
	 nan	1.4927	1.0012	 1.5124e+00	 1.0006e+00	4.9778	 1.0057e+00
	 nan	1.4941	1.0013	 1.5138e+00	 1.0006e+00	4.9824	 1.0057e+00
	 nan	1.4955	1.0013	 1.5153e+00	 1.0006e+00	4.9869	 1.0057e+00
	 nan	1.4969	1.0014	 1.5167e+00	 1.0006e+00	4.9915	 1.0057e+00
	 nan	1.4984	1.0014	 1.5182e+00	 1.0006e+00	4.9961	 1.0057e+00
	 nan	1.4998	1.0014	 1.5196e+00	 1.0006e+00	5.0007	 1.0056e+00
	 nan	1.5012	1.0015	 1.5211e+00	 1.0005e+00	5.0053	 1.0057e+00
	 nan	1.5026	1.0015	 1.5225e+00	 1.0005e+00	5.0099	 1.0057e+00
	 nan	1.5041	1.0015	 1.5240e+00	 1.0005e+00	5.0145	 1.0057e+00
	 nan	1.5055	1.0015	 1.5254e+00	 1.0005e+00	5.0191	 1.0057e+00
	 nan	1.507	1.0015	 1.5269e+00	 1.0005e+00	5.0237	 1.0057e+00
	 nan	1.5084	1.0015	 1.5284e+00	 1.0005e+00	5.0283	 1.0057e+00
	 nan	1.5098	1.0015	 1.5298e+00	 1.0005e+00	5.0329	 1.0057e+00
	 nan	1.5113	1.0015	 1.5313e+00	 1.0005e+00	5.0376	 1.0057e+00
	 nan	1.5127	1.0015	 1.5327e+00	 1.0005e+00	5.0422	 1.0057e+00
	 nan	1.5142	1.0014	 1.5342e+00	 1.0005e+00	5.0468	 1.0057e+00
	 nan	1.5156	1.0014	 1.5357e+00	 1.0005e+00	5.0514	 1.0057e+00
	 nan	1.517	1.0014	 1.5371e+00	 1.0005e+00	5.0561	 1.0057e+00
	 nan	1.5185	1.0013	 1.5386e+00	 1.0005e+00	5.0607	 1.0057e+00
	 nan	1.5199	1.0013	 1.5401e+00	 1.0005e+00	5.0654	 1.0057e+00
	 nan	1.5214	1.0012	 1.5415e+00	 1.0005e+00	5.07	 1.0057e+00
	 nan	1.5228	1.0012	 1.5430e+00	 1.0004e+00	5.0747	 1.0057e+00
	 nan	1.5243	1.0011	 1.5445e+00	 1.0004e+00	5.0793	 1.0057e+00
	 nan	1.5257	1.0011	 1.5459e+00	 1.0004e+00	5.084	 1.0057e+00
	 nan	1.5272	1.001	 1.5474e+00	 1.0004e+00	5.0887	 1.0057e+00
	 nan	1.5287	1.001	 1.5489e+00	 1.0004e+00	5.0933	 1.0057e+00
	 nan	1.5301	1.0009	 1.5504e+00	 1.0004e+00	5.098	 1.0057e+00
	 nan	1.5316	1.0008	 1.5519e+00	 1.0003e+00	5.1027	 1.0057e+00
	 nan	1.533	1.0008	 1.5533e+00	 1.0003e+00	5.1074	 1.0057e+00
	 nan	1.5345	1.0007	 1.5548e+00	 1.0003e+00	5.112	 1.0057e+00
	 nan	1.536	1.0007	 1.5563e+00	 1.0003e+00	5.1167	 1.0057e+00
	 nan	1.5374	1.0006	 1.5578e+00	 1.0003e+00	5.1214	 1.0057e+00
	 nan	1.5389	1.0005	 1.5593e+00	 1.0003e+00	5.1261	 1.0057e+00
	 nan	1.5404	1.0005	 1.5608e+00	 1.0002e+00	5.1308	 1.0057e+00
	 nan	1.5418	1.0004	 1.5623e+00	 1.0002e+00	5.1355	 1.0057e+00
	 nan	1.5433	1.0004	 1.5638e+00	 1.0002e+00	5.1402	 1.0057e+00
	 nan	1.5448	1.0003	 1.5653e+00	 1.0002e+00	5.145	 1.0057e+00
	 nan	1.5462	1.0003	 1.5668e+00	 1.0001e+00	5.1497	 1.0057e+00
	 nan	1.5477	1.0002	 1.5682e+00	 1.0001e+00	5.1544	 1.0057e+00
	 nan	1.5492	1.0002	 1.5697e+00	 1.0001e+00	5.1591	 1.0057e+00
	 nan	1.5507	1.0002	 1.5712e+00	 1.0001e+00	5.1639	 1.0057e+00
	 nan	1.5521	1.0002	 1.5727e+00	 1.0001e+00	5.1686	 1.0057e+00
	 nan	1.5536	1.0002	 1.5742e+00	 1.0001e+00	5.1733	 1.0057e+00
	 nan	1.5551	1.0001	 1.5757e+00	 1.0001e+00	5.1781	 1.0057e+00
	 nan	1.5566	1.0001	 1.5773e+00	 1.0001e+00	5.1828	 1.0057e+00
	 nan	1.5581	1.0001	 1.5788e+00	 1.0001e+00	5.1876	 1.0056e+00
	 nan	1.5595	1.0001	 1.5803e+00	 1.0001e+00	5.1923	 1.0056e+00
	 nan	1.561	1.0002	 1.5818e+00	 1.0001e+00	5.1971	 1.0056e+00
	 nan	1.5625	1.0001	 1.5833e+00	 1.0001e+00	5.2019	 1.0056e+00
	 nan	1.564	1.0002	 1.5848e+00	 1.0001e+00	5.2066	 1.0056e+00
	 nan	1.5655	1.0002	 1.5863e+00	 1.0001e+00	5.2114	 1.0056e+00
	 nan	1.567	1.0002	 1.5878e+00	 1.0002e+00	5.2162	 1.0056e+00
	 nan	1.5685	1.0002	 1.5893e+00	 1.0002e+00	5.221	 1.0057e+00
	 nan	1.57	1.0002	 1.5908e+00	 1.0002e+00	5.2258	 1.0057e+00
	 nan	1.5715	1.0003	 1.5923e+00	 1.0002e+00	5.2306	 1.0057e+00
	 nan	1.573	1.0003	 1.5939e+00	 1.0003e+00	5.2354	 1.0058e+00
	 nan	1.5745	1.0003	 1.5954e+00	 1.0003e+00	5.2401	 1.0058e+00
	 nan	1.5759	1.0003	 1.5969e+00	 1.0003e+00	5.245	 1.0058e+00
	 nan	1.5775	1.0004	 1.5984e+00	 1.0004e+00	5.2498	 1.0059e+00
	 nan	1.579	1.0004	 1.5999e+00	 1.0004e+00	5.2546	 1.0059e+00
	 nan	1.5805	1.0004	 1.6015e+00	 1.0004e+00	5.2594	 1.0060e+00
	 nan	1.582	1.0004	 1.6030e+00	 1.0004e+00	5.2642	 1.0060e+00
	 nan	1.5835	1.0004	 1.6045e+00	 1.0005e+00	5.2691	 1.0061e+00
	 nan	1.585	1.0004	 1.6061e+00	 1.0005e+00	5.2739	 1.0061e+00
	 nan	1.5865	1.0004	 1.6076e+00	 1.0005e+00	5.2787	 1.0061e+00
	 nan	1.588	1.0004	 1.6091e+00	 1.0005e+00	5.2835	 1.0061e+00
	 nan	1.5895	1.0004	 1.6106e+00	 1.0005e+00	5.2884	 1.0062e+00
	 nan	1.591	1.0004	 1.6122e+00	 1.0005e+00	5.2932	 1.0062e+00
	 nan	1.5925	1.0004	 1.6137e+00	 1.0005e+00	5.2981	 1.0062e+00
	 nan	1.594	1.0004	 1.6153e+00	 1.0005e+00	5.3029	 1.0062e+00
	 nan	1.5956	1.0004	 1.6168e+00	 1.0005e+00	5.3078	 1.0062e+00
	 nan	1.5971	1.0004	 1.6183e+00	 1.0005e+00	5.3127	 1.0062e+00
	 nan	1.5986	1.0003	 1.6199e+00	 1.0005e+00	5.3175	 1.0062e+00
	 nan	1.6001	1.0003	 1.6214e+00	 1.0005e+00	5.3224	 1.0063e+00
	 nan	1.6016	1.0003	 1.6230e+00	 1.0005e+00	5.3273	 1.0063e+00
	 nan	1.6032	1.0003	 1.6245e+00	 1.0005e+00	5.3322	 1.0063e+00
	 nan	1.6047	1.0002	 1.6260e+00	 1.0004e+00	5.337	 1.0063e+00
	 nan	1.6062	1.0002	 1.6276e+00	 1.0004e+00	5.3419	 1.0063e+00
	 nan	1.6078	1.0002	 1.6291e+00	 1.0004e+00	5.3468	 1.0063e+00
	 nan	1.6093	1.0002	 1.6307e+00	 1.0004e+00	5.3517	 1.0063e+00
	 nan	1.6108	1.0002	 1.6322e+00	 1.0003e+00	5.3566	 1.0063e+00
	 nan	1.6123	1.0001	 1.6338e+00	 1.0003e+00	5.3615	 1.0064e+00
	 nan	1.6139	1.0001	 1.6354e+00	 1.0003e+00	5.3664	 1.0064e+00
	 nan	1.6154	1.0001	 1.6369e+00	 1.0003e+00	5.3714	 1.0064e+00
	 nan	1.6169	1.0001	 1.6385e+00	 1.0002e+00	5.3763	 1.0064e+00
	 nan	1.6185	1.0001	 1.6400e+00	 1.0002e+00	5.3812	 1.0065e+00
	 nan	1.62	1.0001	 1.6416e+00	 1.0002e+00	5.3861	 1.0065e+00
	 nan	1.6216	1.0001	 1.6432e+00	 1.0002e+00	5.3911	 1.0065e+00
	 nan	1.6231	1.0001	 1.6447e+00	 1.0002e+00	5.396	 1.0065e+00
	 nan	1.6246	1.0001	 1.6463e+00	 1.0002e+00	5.4009	 1.0064e+00
	 nan	1.6262	1.0002	 1.6478e+00	 1.0002e+00	5.4059	 1.0065e+00
	 nan	1.6277	1.0002	 1.6494e+00	 1.0002e+00	5.4108	 1.0064e+00
	 nan	1.6293	1.0002	 1.6510e+00	 1.0002e+00	5.4158	 1.0064e+00
	 nan	1.6308	1.0003	 1.6525e+00	 1.0002e+00	5.4207	 1.0064e+00
	 nan	1.6324	1.0003	 1.6541e+00	 1.0002e+00	5.4257	 1.0064e+00
	 nan	1.6339	1.0003	 1.6557e+00	 1.0002e+00	5.4307	 1.0064e+00
	 nan	1.6355	1.0004	 1.6573e+00	 1.0002e+00	5.4356	 1.0064e+00
	 nan	1.637	1.0004	 1.6588e+00	 1.0002e+00	5.4406	 1.0064e+00
	 nan	1.6386	1.0005	 1.6604e+00	 1.0002e+00	5.4456	 1.0064e+00
	 nan	1.6402	1.0005	 1.6620e+00	 1.0002e+00	5.4506	 1.0064e+00
	 nan	1.6417	1.0005	 1.6636e+00	 1.0002e+00	5.4556	 1.0064e+00
	 nan	1.6433	1.0005	 1.6652e+00	 1.0002e+00	5.4606	 1.0064e+00
	 nan	1.6448	1.0006	 1.6668e+00	 1.0002e+00	5.4656	 1.0064e+00
	 nan	1.6464	1.0006	 1.6683e+00	 1.0002e+00	5.4706	 1.0064e+00
	 nan	1.648	1.0006	 1.6699e+00	 1.0002e+00	5.4756	 1.0064e+00
	 nan	1.6495	1.0006	 1.6715e+00	 1.0002e+00	5.4806	 1.0064e+00
	 nan	1.6511	1.0006	 1.6731e+00	 1.0002e+00	5.4856	 1.0064e+00
	 nan	1.6527	1.0007	 1.6747e+00	 1.0002e+00	5.4906	 1.0064e+00
	 nan	1.6542	1.0007	 1.6763e+00	 1.0002e+00	5.4956	 1.0064e+00
	 nan	1.6558	1.0007	 1.6779e+00	 1.0002e+00	5.5007	 1.0064e+00
	 nan	1.6574	1.0007	 1.6795e+00	 1.0002e+00	5.5057	 1.0064e+00
	 nan	1.659	1.0007	 1.6811e+00	 1.0002e+00	5.5107	 1.0065e+00
	 nan	1.6605	1.0007	 1.6827e+00	 1.0002e+00	5.5158	 1.0065e+00
	 nan	1.6621	1.0006	 1.6843e+00	 1.0003e+00	5.5208	 1.0065e+00
	 nan	1.6637	1.0006	 1.6859e+00	 1.0003e+00	5.5259	 1.0066e+00
	 nan	1.6653	1.0006	 1.6875e+00	 1.0003e+00	5.5309	 1.0066e+00
	 nan	1.6668	1.0006	 1.6891e+00	 1.0003e+00	5.536	 1.0067e+00
	 nan	1.6684	1.0005	 1.6907e+00	 1.0003e+00	5.5411	 1.0067e+00
	 nan	1.67	1.0005	 1.6923e+00	 1.0004e+00	5.5461	 1.0067e+00
	 nan	1.6716	1.0005	 1.6939e+00	 1.0004e+00	5.5512	 1.0067e+00
	 nan	1.6732	1.0004	 1.6955e+00	 1.0004e+00	5.5563	 1.0068e+00
	 nan	1.6748	1.0004	 1.6971e+00	 1.0004e+00	5.5614	 1.0068e+00
	 nan	1.6764	1.0003	 1.6987e+00	 1.0004e+00	5.5664	 1.0068e+00
	 nan	1.678	1.0003	 1.7004e+00	 1.0004e+00	5.5715	 1.0068e+00
	 nan	1.6796	1.0002	 1.7020e+00	 1.0004e+00	5.5766	 1.0068e+00
	 nan	1.6811	1.0002	 1.7036e+00	 1.0004e+00	5.5817	 1.0068e+00
	 nan	1.6827	1.0002	 1.7052e+00	 1.0004e+00	5.5868	 1.0068e+00
	 nan	1.6843	1.0001	 1.7068e+00	 1.0004e+00	5.5919	 1.0068e+00
	 nan	1.6859	1.0001	 1.7084e+00	 1.0004e+00	5.597	 1.0067e+00
	 nan	1.6875	1.0001	 1.7101e+00	 1.0004e+00	5.6021	 1.0067e+00
	 nan	1.6891	1.0001	 1.7117e+00	 1.0004e+00	5.6073	 1.0066e+00
	 nan	1.6907	1.0001	 1.7133e+00	 1.0004e+00	5.6124	 1.0066e+00
	 nan	1.6924	1.0001	 1.7149e+00	 1.0004e+00	5.6175	 1.0065e+00
	 nan	1.694	1.0001	 1.7166e+00	 1.0004e+00	5.6227	 1.0064e+00
	 nan	1.6956	1.0001	 1.7182e+00	 1.0004e+00	5.6278	 1.0064e+00
	 nan	1.6972	1.0001	 1.7198e+00	 1.0004e+00	5.6329	 1.0063e+00
	 nan	1.6988	1.0001	 1.7215e+00	 1.0004e+00	5.6381	 1.0062e+00
	 nan	1.7004	1.0001	 1.7231e+00	 1.0004e+00	5.6432	 1.0061e+00
	 nan	1.702	1.0002	 1.7247e+00	 1.0004e+00	5.6484	 1.0061e+00
	 nan	1.7036	1.0002	 1.7264e+00	 1.0004e+00	5.6536	 1.0060e+00
	 nan	1.7052	1.0003	 1.7280e+00	 1.0004e+00	5.6587	 1.0060e+00
	 nan	1.7068	1.0003	 1.7296e+00	 1.0004e+00	5.6639	 1.0060e+00
	 nan	1.7085	1.0004	 1.7313e+00	 1.0004e+00	5.6691	 1.0059e+00
	 nan	1.7101	1.0004	 1.7329e+00	 1.0004e+00	5.6742	 1.0059e+00
	 nan	1.7117	1.0005	 1.7346e+00	 1.0004e+00	5.6794	 1.0059e+00
	 nan	1.7133	1.0005	 1.7362e+00	 1.0003e+00	5.6846	 1.0059e+00
	 nan	1.715	1.0006	 1.7379e+00	 1.0003e+00	5.6898	 1.0059e+00
	 nan	1.7166	1.0007	 1.7395e+00	 1.0003e+00	5.695	 1.0059e+00
	 nan	1.7182	1.0008	 1.7412e+00	 1.0003e+00	5.7002	 1.0060e+00
	 nan	1.7199	1.0008	 1.7428e+00	 1.0003e+00	5.7054	 1.0060e+00
	 nan	1.7215	1.0009	 1.7445e+00	 1.0002e+00	5.7106	 1.0061e+00
	 nan	1.7231	1.001	 1.7461e+00	 1.0002e+00	5.7158	 1.0061e+00
	 nan	1.7247	1.001	 1.7478e+00	 1.0002e+00	5.7211	 1.0062e+00
	 nan	1.7264	1.0011	 1.7494e+00	 1.0001e+00	5.7263	 1.0063e+00
	 nan	1.728	1.0012	 1.7511e+00	 1.0001e+00	5.7315	 1.0063e+00
	 nan	1.7297	1.0012	 1.7528e+00	 1.0001e+00	5.7367	 1.0064e+00
	 nan	1.7313	1.0013	 1.7544e+00	 1.0001e+00	5.742	 1.0065e+00
	 nan	1.7329	1.0013	 1.7561e+00	 1.0000e+00	5.7472	 1.0066e+00
	 nan	1.7346	1.0014	 1.7577e+00	 1.0000e+00	5.7525	 1.0067e+00
	 nan	1.7362	1.0014	 1.7594e+00	 9.9997e-01	5.7577	 1.0068e+00
	 nan	1.7379	1.0014	 1.7611e+00	 9.9995e-01	5.763	 1.0069e+00
	 nan	1.7395	1.0014	 1.7628e+00	 9.9994e-01	5.7682	 1.0070e+00
	 nan	1.7412	1.0014	 1.7644e+00	 9.9991e-01	5.7735	 1.0071e+00
	 nan	1.7428	1.0014	 1.7661e+00	 9.9990e-01	5.7788	 1.0071e+00
	 nan	1.7445	1.0014	 1.7678e+00	 9.9988e-01	5.784	 1.0072e+00
	 nan	1.7461	1.0014	 1.7694e+00	 9.9987e-01	5.7893	 1.0073e+00
	 nan	1.7478	1.0014	 1.7711e+00	 9.9985e-01	5.7946	 1.0074e+00
	 nan	1.7494	1.0014	 1.7728e+00	 9.9984e-01	5.7999	 1.0075e+00
	 nan	1.7511	1.0014	 1.7745e+00	 9.9984e-01	5.8052	 1.0075e+00
	 nan	1.7528	1.0014	 1.7762e+00	 9.9983e-01	5.8105	 1.0076e+00
	 nan	1.7544	1.0013	 1.7779e+00	 9.9984e-01	5.8158	 1.0076e+00
	 nan	1.7561	1.0013	 1.7795e+00	 9.9983e-01	5.8211	 1.0077e+00
	 nan	1.7577	1.0013	 1.7812e+00	 9.9985e-01	5.8264	 1.0078e+00
	 nan	1.7594	1.0012	 1.7829e+00	 9.9986e-01	5.8317	 1.0078e+00
	 nan	1.7611	1.0012	 1.7846e+00	 9.9987e-01	5.837	 1.0079e+00
	 nan	1.7628	1.0011	 1.7863e+00	 9.9989e-01	5.8424	 1.0079e+00
	 nan	1.7644	1.0011	 1.7880e+00	 9.9990e-01	5.8477	 1.0080e+00
	 nan	1.7661	1.001	 1.7897e+00	 9.9993e-01	5.853	 1.0080e+00
	 nan	1.7678	1.001	 1.7914e+00	 9.9994e-01	5.8584	 1.0080e+00
	 nan	1.7694	1.001	 1.7931e+00	 9.9996e-01	5.8637	 1.0080e+00
	 nan	1.7711	1.0009	 1.7948e+00	 9.9998e-01	5.8691	 1.0080e+00
	 nan	1.7728	1.0009	 1.7965e+00	 1.0000e+00	5.8744	 1.0080e+00
	 nan	1.7745	1.0008	 1.7982e+00	 1.0000e+00	5.8798	 1.0080e+00
	 nan	1.7761	1.0008	 1.7999e+00	 1.0000e+00	5.8852	 1.0079e+00
	 nan	1.7778	1.0008	 1.8016e+00	 1.0001e+00	5.8905	 1.0079e+00
	 nan	1.7795	1.0007	 1.8033e+00	 1.0001e+00	5.8959	 1.0079e+00
	 nan	1.7812	1.0006	 1.8050e+00	 1.0001e+00	5.9013	 1.0078e+00
	 nan	1.7829	1.0006	 1.8067e+00	 1.0001e+00	5.9067	 1.0078e+00
	 nan	1.7846	1.0005	 1.8084e+00	 1.0001e+00	5.912	 1.0077e+00
	 nan	1.7863	1.0005	 1.8102e+00	 1.0001e+00	5.9174	 1.0077e+00
	 nan	1.788	1.0004	 1.8119e+00	 1.0001e+00	5.9228	 1.0077e+00
	 nan	1.7896	1.0003	 1.8136e+00	 1.0002e+00	5.9282	 1.0076e+00
	 nan	1.7913	1.0002	 1.8153e+00	 1.0002e+00	5.9336	 1.0076e+00
	 nan	1.793	1.0002	 1.8170e+00	 1.0002e+00	5.939	 1.0075e+00
	 nan	1.7947	1.0001	 1.8188e+00	 1.0002e+00	5.9444	 1.0075e+00
	 nan	1.7964	1.0001	 1.8205e+00	 1.0002e+00	5.9499	 1.0074e+00
	 nan	1.7981	1.0	 1.8222e+00	 1.0002e+00	5.9553	 1.0074e+00
	 nan	1.7998	0.99994	 1.8239e+00	 1.0002e+00	5.9607	 1.0074e+00
	 nan	1.8015	0.99991	 1.8257e+00	 1.0002e+00	5.9661	 1.0073e+00
	 nan	1.8032	0.99986	 1.8274e+00	 1.0002e+00	5.9716	 1.0073e+00
	 nan	1.805	0.99985	 1.8291e+00	 1.0002e+00	5.977	 1.0072e+00
	 nan	1.8067	0.99982	 1.8309e+00	 1.0002e+00	5.9825	 1.0072e+00
	 nan	1.8084	0.99981	 1.8326e+00	 1.0002e+00	5.9879	 1.0071e+00
	 nan	1.8101	0.99979	 1.8343e+00	 1.0002e+00	5.9934	 1.0071e+00
	 nan	1.8118	0.99978	 1.8360e+00	 1.0002e+00	5.9988	 1.0070e+00
	 nan	1.8135	0.99979	 1.8378e+00	 1.0002e+00	6.0043	 1.0070e+00
	 nan	1.8152	0.99978	 1.8395e+00	 1.0002e+00	6.0098	 1.0070e+00
	 nan	1.8169	0.99979	 1.8413e+00	 1.0002e+00	6.0152	 1.0069e+00
	 nan	1.8187	0.9998	 1.8430e+00	 1.0002e+00	6.0207	 1.0069e+00
	 nan	1.8204	0.99982	 1.8448e+00	 1.0002e+00	6.0262	 1.0069e+00
	 nan	1.8221	0.99984	 1.8465e+00	 1.0002e+00	6.0317	 1.0068e+00
	 nan	1.8238	0.99986	 1.8482e+00	 1.0002e+00	6.0372	 1.0068e+00
	 nan	1.8256	0.9999	 1.8500e+00	 1.0002e+00	6.0427	 1.0068e+00
	 nan	1.8273	0.99992	 1.8518e+00	 1.0002e+00	6.0482	 1.0069e+00
	 nan	1.829	0.99997	 1.8535e+00	 1.0002e+00	6.0537	 1.0068e+00
	 nan	1.8307	1.0	 1.8553e+00	 1.0002e+00	6.0592	 1.0069e+00
	 nan	1.8325	1.0001	 1.8570e+00	 1.0002e+00	6.0648	 1.0069e+00
	 nan	1.8342	1.0001	 1.8588e+00	 1.0002e+00	6.0703	 1.0069e+00
	 nan	1.8359	1.0001	 1.8605e+00	 1.0002e+00	6.0758	 1.0070e+00
	 nan	1.8377	1.0002	 1.8623e+00	 1.0002e+00	6.0813	 1.0070e+00
	 nan	1.8394	1.0002	 1.8640e+00	 1.0002e+00	6.0869	 1.0071e+00
	 nan	1.8411	1.0003	 1.8658e+00	 1.0002e+00	6.0924	 1.0071e+00
	 nan	1.8429	1.0003	 1.8676e+00	 1.0001e+00	6.098	 1.0071e+00
	 nan	1.8446	1.0003	 1.8693e+00	 1.0001e+00	6.1035	 1.0071e+00
	 nan	1.8464	1.0004	 1.8711e+00	 1.0001e+00	6.1091	 1.0072e+00
	 nan	1.8481	1.0004	 1.8729e+00	 1.0001e+00	6.1146	 1.0072e+00
	 nan	1.8499	1.0004	 1.8746e+00	 1.0001e+00	6.1202	 1.0071e+00
	 nan	1.8516	1.0004	 1.8764e+00	 1.0001e+00	6.1258	 1.0072e+00
	 nan	1.8534	1.0005	 1.8782e+00	 1.0001e+00	6.1314	 1.0071e+00
	 nan	1.8551	1.0005	 1.8800e+00	 1.0001e+00	6.1369	 1.0071e+00
	 nan	1.8569	1.0005	 1.8817e+00	 1.0001e+00	6.1425	 1.0071e+00
	 nan	1.8586	1.0005	 1.8835e+00	 1.0001e+00	6.1481	 1.0071e+00
	 nan	1.8604	1.0006	 1.8853e+00	 1.0000e+00	6.1537	 1.0071e+00
	 nan	1.8621	1.0006	 1.8871e+00	 1.0000e+00	6.1593	 1.0070e+00
	 nan	1.8639	1.0006	 1.8889e+00	 1.0000e+00	6.1649	 1.0071e+00
	 nan	1.8657	1.0006	 1.8906e+00	 1.0000e+00	6.1705	 1.0070e+00
	 nan	1.8674	1.0006	 1.8924e+00	 1.0000e+00	6.1761	 1.0071e+00
	 nan	1.8692	1.0006	 1.8942e+00	 1.0000e+00	6.1818	 1.0070e+00
	 nan	1.8709	1.0007	 1.8960e+00	 1.0000e+00	6.1874	 1.0070e+00
	 nan	1.8727	1.0007	 1.8978e+00	 1.0000e+00	6.193	 1.0071e+00
	 nan	1.8745	1.0007	 1.8996e+00	 1.0000e+00	6.1986	 1.0071e+00
	 nan	1.8762	1.0007	 1.9014e+00	 1.0000e+00	6.2043	 1.0071e+00
	 nan	1.878	1.0007	 1.9032e+00	 1.0000e+00	6.2099	 1.0071e+00
	 nan	1.8798	1.0007	 1.9050e+00	 1.0000e+00	6.2156	 1.0071e+00
	 nan	1.8816	1.0007	 1.9068e+00	 1.0000e+00	6.2212	 1.0071e+00
	 nan	1.8834	1.0007	 1.9086e+00	 1.0000e+00	6.2269	 1.0072e+00
	 nan	1.8851	1.0006	 1.9104e+00	 1.0001e+00	6.2326	 1.0072e+00
	 nan	1.8869	1.0006	 1.9122e+00	 1.0001e+00	6.2382	 1.0072e+00
	 nan	1.8887	1.0006	 1.9140e+00	 1.0001e+00	6.2439	 1.0073e+00
	 nan	1.8905	1.0006	 1.9158e+00	 1.0001e+00	6.2496	 1.0073e+00
	 nan	1.8923	1.0006	 1.9176e+00	 1.0001e+00	6.2553	 1.0073e+00
	 nan	1.8941	1.0005	 1.9195e+00	 1.0001e+00	6.261	 1.0073e+00
	 nan	1.8958	1.0005	 1.9213e+00	 1.0001e+00	6.2666	 1.0073e+00
	 nan	1.8976	1.0005	 1.9231e+00	 1.0001e+00	6.2723	 1.0073e+00
	 nan	1.8994	1.0005	 1.9249e+00	 1.0002e+00	6.278	 1.0073e+00
	 nan	1.9012	1.0004	 1.9267e+00	 1.0002e+00	6.2838	 1.0073e+00
	 nan	1.903	1.0004	 1.9285e+00	 1.0002e+00	6.2895	 1.0072e+00
	 nan	1.9048	1.0003	 1.9304e+00	 1.0002e+00	6.2952	 1.0072e+00
	 nan	1.9066	1.0003	 1.9322e+00	 1.0002e+00	6.3009	 1.0071e+00
	 nan	1.9084	1.0003	 1.9340e+00	 1.0002e+00	6.3066	 1.0070e+00
	 nan	1.9102	1.0002	 1.9358e+00	 1.0002e+00	6.3124	 1.0070e+00
	 nan	1.912	1.0002	 1.9377e+00	 1.0002e+00	6.3181	 1.0069e+00
	 nan	1.9138	1.0002	 1.9395e+00	 1.0002e+00	6.3238	 1.0069e+00
	 nan	1.9156	1.0002	 1.9413e+00	 1.0002e+00	6.3296	 1.0068e+00
	 nan	1.9174	1.0001	 1.9432e+00	 1.0002e+00	6.3354	 1.0068e+00
	 nan	1.9192	1.0001	 1.9450e+00	 1.0003e+00	6.3411	 1.0068e+00
	 nan	1.921	1.0001	 1.9468e+00	 1.0003e+00	6.3469	 1.0068e+00
	 nan	1.9229	1.0	 1.9487e+00	 1.0003e+00	6.3526	 1.0068e+00
	 nan	1.9247	1.0	 1.9505e+00	 1.0003e+00	6.3584	 1.0068e+00
	 nan	1.9265	0.99998	 1.9524e+00	 1.0003e+00	6.3642	 1.0069e+00
	 nan	1.9283	0.99997	 1.9542e+00	 1.0003e+00	6.37	 1.0069e+00
	 nan	1.9301	0.99994	 1.9560e+00	 1.0002e+00	6.3758	 1.0070e+00
	 nan	1.932	0.99993	 1.9579e+00	 1.0002e+00	6.3816	 1.0070e+00
	 nan	1.9338	0.99991	 1.9597e+00	 1.0002e+00	6.3874	 1.0071e+00
	 nan	1.9356	0.99991	 1.9616e+00	 1.0002e+00	6.3932	 1.0072e+00
	 nan	1.9374	0.9999	 1.9634e+00	 1.0002e+00	6.399	 1.0073e+00
	 nan	1.9392	0.99989	 1.9653e+00	 1.0002e+00	6.4048	 1.0074e+00
	 nan	1.9411	0.99991	 1.9671e+00	 1.0002e+00	6.4106	 1.0075e+00
	 nan	1.9429	0.99991	 1.9690e+00	 1.0002e+00	6.4164	 1.0077e+00
	 nan	1.9447	0.99993	 1.9709e+00	 1.0002e+00	6.4223	 1.0077e+00
	 nan	1.9466	0.99993	 1.9727e+00	 1.0001e+00	6.4281	 1.0079e+00
	 nan	1.9484	0.99996	 1.9746e+00	 1.0001e+00	6.4339	 1.0080e+00
	 nan	1.9503	0.99997	 1.9765e+00	 1.0001e+00	6.4398	 1.0081e+00
	 nan	1.9521	0.99998	 1.9783e+00	 1.0001e+00	6.4456	 1.0082e+00
	 nan	1.9539	1.0	 1.9802e+00	 1.0001e+00	6.4515	 1.0082e+00
	 nan	1.9558	1.0	 1.9821e+00	 1.0001e+00	6.4573	 1.0083e+00
	 nan	1.9576	1.0001	 1.9839e+00	 1.0001e+00	6.4632	 1.0083e+00
	 nan	1.9595	1.0001	 1.9858e+00	 1.0001e+00	6.469	 1.0084e+00
	 nan	1.9613	1.0001	 1.9877e+00	 1.0001e+00	6.4749	 1.0084e+00
	 nan	1.9631	1.0001	 1.9895e+00	 1.0000e+00	6.4808	 1.0085e+00
	 nan	1.965	1.0002	 1.9914e+00	 1.0000e+00	6.4867	 1.0085e+00
	 nan	1.9669	1.0002	 1.9933e+00	 1.0000e+00	6.4926	 1.0085e+00
	 nan	1.9687	1.0003	 1.9952e+00	 1.0000e+00	6.4985	 1.0085e+00
	 nan	1.9706	1.0003	 1.9971e+00	 1.0000e+00	6.5043	 1.0085e+00
	 nan	1.9724	1.0003	 1.9989e+00	 9.9999e-01	6.5103	 1.0085e+00
	 nan	1.9743	1.0004	 2.0008e+00	 1.0000e+00	6.5162	 1.0084e+00
	 nan	1.9761	1.0004	 2.0027e+00	 9.9999e-01	6.5221	 1.0084e+00
	 nan	1.978	1.0005	 2.0046e+00	 1.0000e+00	6.528	 1.0083e+00
	 nan	1.9799	1.0005	 2.0065e+00	 1.0000e+00	6.5339	 1.0082e+00
	 nan	1.9817	1.0005	 2.0084e+00	 1.0000e+00	6.5399	 1.0082e+00
	 nan	1.9836	1.0005	 2.0103e+00	 1.0000e+00	6.5458	 1.0081e+00
	 nan	1.9855	1.0005	 2.0122e+00	 1.0000e+00	6.5517	 1.0080e+00
	 nan	1.9873	1.0005	 2.0141e+00	 1.0000e+00	6.5577	 1.0079e+00
	 nan	1.9892	1.0005	 2.0160e+00	 1.0000e+00	6.5636	 1.0079e+00
	 nan	1.9911	1.0005	 2.0179e+00	 1.0000e+00	6.5696	 1.0078e+00
	 nan	1.993	1.0005	 2.0198e+00	 1.0000e+00	6.5755	 1.0077e+00
	 nan	1.9949	1.0005	 2.0217e+00	 1.0000e+00	6.5815	 1.0077e+00
	 nan	1.9967	1.0006	 2.0236e+00	 1.0000e+00	6.5875	 1.0076e+00
	 nan	1.9986	1.0005	 2.0255e+00	 9.9999e-01	6.5934	 1.0075e+00
	 nan	2.0005	1.0006	 2.0274e+00	 9.9999e-01	6.5994	 1.0075e+00
	 nan	2.0024	1.0006	 2.0293e+00	 9.9997e-01	6.6054	 1.0075e+00
	 nan	2.0043	1.0006	 2.0312e+00	 9.9996e-01	6.6114	 1.0074e+00
	 nan	2.0061	1.0006	 2.0331e+00	 9.9995e-01	6.6174	 1.0074e+00
	 nan	2.008	1.0006	 2.0350e+00	 9.9993e-01	6.6234	 1.0074e+00
	 nan	2.0099	1.0006	 2.0370e+00	 9.9992e-01	6.6294	 1.0074e+00
	 nan	2.0118	1.0006	 2.0389e+00	 9.9990e-01	6.6354	 1.0074e+00
	 nan	2.0137	1.0006	 2.0408e+00	 9.9990e-01	6.6414	 1.0074e+00
	 nan	2.0156	1.0006	 2.0427e+00	 9.9988e-01	6.6475	 1.0075e+00
	 nan	2.0175	1.0006	 2.0446e+00	 9.9988e-01	6.6535	 1.0075e+00
	 nan	2.0194	1.0006	 2.0466e+00	 9.9987e-01	6.6595	 1.0075e+00
	 nan	2.0213	1.0006	 2.0485e+00	 9.9986e-01	6.6656	 1.0076e+00
	 nan	2.0232	1.0006	 2.0504e+00	 9.9987e-01	6.6716	 1.0076e+00
	 nan	2.0251	1.0006	 2.0524e+00	 9.9986e-01	6.6777	 1.0077e+00
	 nan	2.027	1.0006	 2.0543e+00	 9.9987e-01	6.6837	 1.0078e+00
	 nan	2.0289	1.0006	 2.0562e+00	 9.9987e-01	6.6898	 1.0079e+00
	 nan	2.0308	1.0006	 2.0582e+00	 9.9988e-01	6.6959	 1.0079e+00
	 nan	2.0328	1.0005	 2.0601e+00	 9.9989e-01	6.7019	 1.0080e+00
	 nan	2.0347	1.0005	 2.0620e+00	 9.9991e-01	6.708	 1.0080e+00
	 nan	2.0366	1.0005	 2.0640e+00	 9.9993e-01	6.7141	 1.0081e+00
	 nan	2.0385	1.0004	 2.0659e+00	 9.9993e-01	6.7202	 1.0082e+00
	 nan	2.0404	1.0004	 2.0679e+00	 9.9995e-01	6.7263	 1.0082e+00
	 nan	2.0423	1.0003	 2.0698e+00	 9.9996e-01	6.7324	 1.0083e+00
	 nan	2.0443	1.0003	 2.0718e+00	 9.9998e-01	6.7385	 1.0083e+00
	 nan	2.0462	1.0003	 2.0737e+00	 9.9998e-01	6.7446	 1.0083e+00
	 nan	2.0481	1.0002	 2.0757e+00	 9.9999e-01	6.7507	 1.0084e+00
	 nan	2.05	1.0002	 2.0776e+00	 1.0000e+00	6.7568	 1.0084e+00
	 nan	2.052	1.0002	 2.0796e+00	 1.0000e+00	6.7629	 1.0085e+00
	 nan	2.0539	1.0002	 2.0815e+00	 1.0000e+00	6.769	 1.0084e+00
	 nan	2.0558	1.0002	 2.0835e+00	 1.0000e+00	6.7752	 1.0085e+00
	 nan	2.0577	1.0002	 2.0855e+00	 1.0000e+00	6.7813	 1.0084e+00
	 nan	2.0597	1.0001	 2.0874e+00	 1.0000e+00	6.7875	 1.0084e+00
	 nan	2.0616	1.0001	 2.0894e+00	 1.0000e+00	6.7936	 1.0084e+00
	 nan	2.0636	1.0001	 2.0914e+00	 1.0000e+00	6.7998	 1.0084e+00
	 nan	2.0655	1.0001	 2.0933e+00	 1.0000e+00	6.8059	 1.0084e+00
	 nan	2.0675	1.0001	 2.0953e+00	 1.0000e+00	6.8121	 1.0083e+00
	 nan	2.0694	1.0	 2.0973e+00	 1.0000e+00	6.8183	 1.0084e+00
	 nan	2.0713	1.0	 2.0993e+00	 1.0000e+00	6.8244	 1.0083e+00
	 nan	2.0733	0.99999	 2.1012e+00	 1.0000e+00	6.8306	 1.0083e+00
	 nan	2.0752	0.99997	 2.1032e+00	 1.0000e+00	6.8368	 1.0082e+00
	 nan	2.0772	0.99996	 2.1052e+00	 1.0000e+00	6.843	 1.0082e+00
	 nan	2.0791	0.99994	 2.1072e+00	 1.0000e+00	6.8492	 1.0082e+00
	 nan	2.0811	0.99996	 2.1092e+00	 1.0000e+00	6.8554	 1.0081e+00
	 nan	2.0831	0.99995	 2.1111e+00	 1.0000e+00	6.8616	 1.0081e+00
	 nan	2.085	0.99996	 2.1131e+00	 1.0000e+00	6.8678	 1.0080e+00
	 nan	2.087	0.99998	 2.1151e+00	 1.0000e+00	6.874	 1.0080e+00
	 nan	2.0889	1.0	 2.1171e+00	 1.0000e+00	6.8803	 1.0079e+00
	 nan	2.0909	1.0	 2.1191e+00	 1.0000e+00	6.8865	 1.0079e+00
	 nan	2.0929	1.0001	 2.1211e+00	 1.0001e+00	6.8927	 1.0079e+00
	 nan	2.0948	1.0001	 2.1231e+00	 1.0001e+00	6.899	 1.0078e+00
	 nan	2.0968	1.0001	 2.1251e+00	 1.0001e+00	6.9052	 1.0078e+00
	 nan	2.0988	1.0002	 2.1271e+00	 1.0001e+00	6.9115	 1.0078e+00
	 nan	2.1008	1.0002	 2.1291e+00	 1.0001e+00	6.9177	 1.0078e+00
	 nan	2.1027	1.0002	 2.1311e+00	 1.0002e+00	6.924	 1.0079e+00
	 nan	2.1047	1.0003	 2.1331e+00	 1.0002e+00	6.9302	 1.0079e+00
	 nan	2.1067	1.0003	 2.1351e+00	 1.0002e+00	6.9365	 1.0080e+00
	 nan	2.1087	1.0003	 2.1371e+00	 1.0002e+00	6.9428	 1.0080e+00
	 nan	2.1107	1.0003	 2.1391e+00	 1.0003e+00	6.9491	 1.0081e+00
	 nan	2.1126	1.0004	 2.1411e+00	 1.0003e+00	6.9554	 1.0082e+00
	 nan	2.1146	1.0004	 2.1432e+00	 1.0003e+00	6.9616	 1.0083e+00
	 nan	2.1166	1.0004	 2.1452e+00	 1.0003e+00	6.968	 1.0084e+00
	 nan	2.1186	1.0004	 2.1472e+00	 1.0003e+00	6.9742	 1.0084e+00
	 nan	2.1206	1.0004	 2.1492e+00	 1.0003e+00	6.9806	 1.0085e+00
	 nan	2.1226	1.0004	 2.1512e+00	 1.0004e+00	6.9869	 1.0086e+00
	 nan	2.1246	1.0004	 2.1532e+00	 1.0004e+00	6.9932	 1.0087e+00
	 nan	2.1266	1.0004	 2.1553e+00	 1.0004e+00	6.9995	 1.0087e+00
	 nan	2.1286	1.0003	 2.1573e+00	 1.0004e+00	7.0059	 1.0089e+00
	 nan	2.1306	1.0003	 2.1593e+00	 1.0004e+00	7.0122	 1.0089e+00
	 nan	2.1326	1.0003	 2.1614e+00	 1.0004e+00	7.0185	 1.0090e+00
	 nan	2.1346	1.0003	 2.1634e+00	 1.0004e+00	7.0249	 1.0091e+00
	 nan	2.1366	1.0003	 2.1654e+00	 1.0004e+00	7.0312	 1.0091e+00
	 nan	2.1386	1.0002	 2.1675e+00	 1.0004e+00	7.0376	 1.0092e+00
	 nan	2.1406	1.0002	 2.1695e+00	 1.0004e+00	7.044	 1.0093e+00
	 nan	2.1426	1.0002	 2.1715e+00	 1.0004e+00	7.0503	 1.0093e+00
	 nan	2.1446	1.0002	 2.1736e+00	 1.0004e+00	7.0567	 1.0094e+00
	 nan	2.1466	1.0002	 2.1756e+00	 1.0004e+00	7.0631	 1.0094e+00
	 nan	2.1486	1.0002	 2.1777e+00	 1.0004e+00	7.0695	 1.0095e+00
	 nan	2.1507	1.0002	 2.1797e+00	 1.0005e+00	7.0759	 1.0095e+00
	 nan	2.1527	1.0002	 2.1818e+00	 1.0005e+00	7.0823	 1.0096e+00
	 nan	2.1547	1.0002	 2.1838e+00	 1.0005e+00	7.0887	 1.0096e+00
	 nan	2.1567	1.0002	 2.1859e+00	 1.0005e+00	7.0951	 1.0096e+00
	 nan	2.1588	1.0002	 2.1879e+00	 1.0005e+00	7.1015	 1.0096e+00
	 nan	2.1608	1.0003	 2.1900e+00	 1.0005e+00	7.1079	 1.0096e+00
	 nan	2.1628	1.0003	 2.1920e+00	 1.0005e+00	7.1143	 1.0096e+00
	 nan	2.1648	1.0003	 2.1941e+00	 1.0005e+00	7.1208	 1.0096e+00
	 nan	2.1669	1.0003	 2.1962e+00	 1.0005e+00	7.1272	 1.0096e+00
	 nan	2.1689	1.0004	 2.1982e+00	 1.0005e+00	7.1336	 1.0095e+00
	 nan	2.1709	1.0004	 2.2003e+00	 1.0005e+00	7.1401	 1.0095e+00
	 nan	2.173	1.0004	 2.2024e+00	 1.0005e+00	7.1465	 1.0095e+00
	 nan	2.175	1.0005	 2.2044e+00	 1.0005e+00	7.153	 1.0094e+00
	 nan	2.1771	1.0005	 2.2065e+00	 1.0005e+00	7.1594	 1.0094e+00
	 nan	2.1791	1.0005	 2.2086e+00	 1.0005e+00	7.1659	 1.0093e+00
	 nan	2.1811	1.0006	 2.2106e+00	 1.0005e+00	7.1724	 1.0093e+00
	 nan	2.1832	1.0006	 2.2127e+00	 1.0004e+00	7.1789	 1.0092e+00
	 nan	2.1852	1.0006	 2.2148e+00	 1.0004e+00	7.1853	 1.0091e+00
	 nan	2.1873	1.0007	 2.2169e+00	 1.0004e+00	7.1918	 1.0090e+00
	 nan	2.1893	1.0007	 2.2190e+00	 1.0004e+00	7.1983	 1.0090e+00
	 nan	2.1914	1.0007	 2.2210e+00	 1.0003e+00	7.2048	 1.0089e+00
	 nan	2.1934	1.0008	 2.2231e+00	 1.0003e+00	7.2113	 1.0088e+00
	 nan	2.1955	1.0008	 2.2252e+00	 1.0003e+00	7.2179	 1.0088e+00
	 nan	2.1976	1.0008	 2.2273e+00	 1.0003e+00	7.2244	 1.0087e+00
	 nan	2.1996	1.0008	 2.2294e+00	 1.0002e+00	7.2309	 1.0087e+00
	 nan	2.2017	1.0008	 2.2315e+00	 1.0002e+00	7.2374	 1.0086e+00
	 nan	2.2038	1.0008	 2.2336e+00	 1.0002e+00	7.244	 1.0086e+00
	 nan	2.2058	1.0008	 2.2357e+00	 1.0002e+00	7.2505	 1.0085e+00
	 nan	2.2079	1.0008	 2.2378e+00	 1.0002e+00	7.2571	 1.0085e+00
	 nan	2.21	1.0008	 2.2399e+00	 1.0002e+00	7.2636	 1.0085e+00
	 nan	2.2121	1.0008	 2.2420e+00	 1.0002e+00	7.2702	 1.0084e+00
	 nan	2.2141	1.0008	 2.2441e+00	 1.0001e+00	7.2767	 1.0085e+00
	 nan	2.2162	1.0007	 2.2462e+00	 1.0001e+00	7.2833	 1.0085e+00
	 nan	2.2183	1.0007	 2.2483e+00	 1.0001e+00	7.2899	 1.0085e+00
	 nan	2.2204	1.0007	 2.2504e+00	 1.0001e+00	7.2965	 1.0085e+00
	 nan	2.2224	1.0007	 2.2525e+00	 1.0001e+00	7.303	 1.0085e+00
	 nan	2.2245	1.0006	 2.2546e+00	 1.0001e+00	7.3096	 1.0086e+00
	 nan	2.2266	1.0006	 2.2568e+00	 1.0001e+00	7.3162	 1.0086e+00
	 nan	2.2287	1.0005	 2.2589e+00	 1.0001e+00	7.3228	 1.0087e+00
	 nan	2.2308	1.0005	 2.2610e+00	 1.0001e+00	7.3294	 1.0087e+00
	 nan	2.2329	1.0004	 2.2631e+00	 1.0001e+00	7.336	 1.0088e+00
	 nan	2.235	1.0004	 2.2652e+00	 1.0001e+00	7.3427	 1.0088e+00
	 nan	2.2371	1.0003	 2.2674e+00	 1.0001e+00	7.3493	 1.0089e+00
	 nan	2.2392	1.0003	 2.2695e+00	 1.0001e+00	7.3559	 1.0090e+00
	 nan	2.2413	1.0002	 2.2716e+00	 1.0001e+00	7.3625	 1.0090e+00
	 nan	2.2434	1.0002	 2.2738e+00	 1.0001e+00	7.3692	 1.0091e+00
	 nan	2.2455	1.0001	 2.2759e+00	 1.0002e+00	7.3758	 1.0091e+00
	 nan	2.2476	1.0001	 2.2780e+00	 1.0002e+00	7.3825	 1.0092e+00
	 nan	2.2497	1.0	 2.2802e+00	 1.0002e+00	7.3892	 1.0092e+00
	 nan	2.2518	1.0	 2.2823e+00	 1.0002e+00	7.3958	 1.0092e+00
	 nan	2.2539	0.99996	 2.2845e+00	 1.0002e+00	7.4025	 1.0093e+00
	 nan	2.256	0.99995	 2.2866e+00	 1.0003e+00	7.4092	 1.0093e+00
	 nan	2.2581	0.99991	 2.2887e+00	 1.0003e+00	7.4159	 1.0093e+00
	 nan	2.2603	0.99991	 2.2909e+00	 1.0003e+00	7.4226	 1.0093e+00
	 nan	2.2624	0.99989	 2.2930e+00	 1.0003e+00	7.4292	 1.0093e+00
	 nan	2.2645	0.99989	 2.2952e+00	 1.0003e+00	7.4359	 1.0093e+00
	 nan	2.2666	0.99989	 2.2973e+00	 1.0004e+00	7.4427	 1.0093e+00
	 nan	2.2687	0.99989	 2.2995e+00	 1.0004e+00	7.4494	 1.0093e+00
	 nan	2.2709	0.99992	 2.3016e+00	 1.0004e+00	7.4561	 1.0093e+00
	 nan	2.273	0.99992	 2.3038e+00	 1.0004e+00	7.4628	 1.0093e+00
	 nan	2.2751	0.99995	 2.3060e+00	 1.0004e+00	7.4695	 1.0092e+00
	 nan	2.2772	0.99997	 2.3081e+00	 1.0004e+00	7.4763	 1.0092e+00
	 nan	2.2794	1.0	 2.3103e+00	 1.0005e+00	7.483	 1.0092e+00
	 nan	2.2815	1.0	 2.3125e+00	 1.0005e+00	7.4898	 1.0092e+00
	 nan	2.2837	1.0	 2.3146e+00	 1.0005e+00	7.4965	 1.0092e+00
	 nan	2.2858	1.0001	 2.3168e+00	 1.0005e+00	7.5033	 1.0091e+00
	 nan	2.2879	1.0001	 2.3190e+00	 1.0005e+00	7.51	 1.0091e+00
	 nan	2.2901	1.0002	 2.3211e+00	 1.0005e+00	7.5168	 1.0091e+00
	 nan	2.2922	1.0002	 2.3233e+00	 1.0005e+00	7.5236	 1.0091e+00
	 nan	2.2944	1.0002	 2.3255e+00	 1.0005e+00	7.5304	 1.0091e+00
	 nan	2.2965	1.0003	 2.3277e+00	 1.0005e+00	7.5371	 1.0091e+00
	 nan	2.2987	1.0003	 2.3299e+00	 1.0004e+00	7.5439	 1.0091e+00
	 nan	2.3008	1.0003	 2.3320e+00	 1.0004e+00	7.5507	 1.0091e+00
	 nan	2.303	1.0004	 2.3342e+00	 1.0004e+00	7.5575	 1.0092e+00
	 nan	2.3051	1.0004	 2.3364e+00	 1.0004e+00	7.5643	 1.0092e+00
	 nan	2.3073	1.0004	 2.3386e+00	 1.0004e+00	7.5712	 1.0092e+00
	 nan	2.3095	1.0004	 2.3408e+00	 1.0004e+00	7.578	 1.0093e+00
	 nan	2.3116	1.0005	 2.3430e+00	 1.0005e+00	7.5848	 1.0093e+00
	 nan	2.3138	1.0005	 2.3452e+00	 1.0005e+00	7.5916	 1.0093e+00
	 nan	2.3159	1.0005	 2.3474e+00	 1.0005e+00	7.5985	 1.0093e+00
	 nan	2.3181	1.0005	 2.3496e+00	 1.0005e+00	7.6053	 1.0093e+00
	 nan	2.3203	1.0005	 2.3518e+00	 1.0005e+00	7.6122	 1.0093e+00
	 nan	2.3224	1.0005	 2.3540e+00	 1.0005e+00	7.619	 1.0093e+00
	 nan	2.3246	1.0005	 2.3562e+00	 1.0005e+00	7.6259	 1.0092e+00
	 nan	2.3268	1.0005	 2.3584e+00	 1.0005e+00	7.6327	 1.0092e+00
	 nan	2.329	1.0004	 2.3606e+00	 1.0005e+00	7.6396	 1.0092e+00
	 nan	2.3312	1.0004	 2.3628e+00	 1.0005e+00	7.6465	 1.0091e+00
	 nan	2.3333	1.0004	 2.3650e+00	 1.0005e+00	7.6534	 1.0091e+00
	 nan	2.3355	1.0004	 2.3672e+00	 1.0005e+00	7.6603	 1.0090e+00
	 nan	2.3377	1.0004	 2.3695e+00	 1.0005e+00	7.6672	 1.0090e+00
	 nan	2.3399	1.0004	 2.3717e+00	 1.0005e+00	7.6741	 1.0090e+00
	 nan	2.3421	1.0004	 2.3739e+00	 1.0005e+00	7.681	 1.0090e+00
	 nan	2.3443	1.0004	 2.3761e+00	 1.0005e+00	7.6879	 1.0090e+00
	 nan	2.3465	1.0004	 2.3783e+00	 1.0004e+00	7.6948	 1.0089e+00
	 nan	2.3487	1.0004	 2.3806e+00	 1.0004e+00	7.7017	 1.0090e+00
	 nan	2.3509	1.0004	 2.3828e+00	 1.0004e+00	7.7087	 1.0090e+00
	 nan	2.3531	1.0003	 2.3850e+00	 1.0004e+00	7.7156	 1.0090e+00
	 nan	2.3553	1.0003	 2.3873e+00	 1.0004e+00	7.7226	 1.0090e+00
	 nan	2.3575	1.0003	 2.3895e+00	 1.0003e+00	7.7295	 1.0091e+00
	 nan	2.3597	1.0002	 2.3918e+00	 1.0003e+00	7.7365	 1.0092e+00
	 nan	2.3619	1.0002	 2.3940e+00	 1.0003e+00	7.7434	 1.0092e+00
	 nan	2.3641	1.0002	 2.3962e+00	 1.0003e+00	7.7504	 1.0094e+00
	 nan	2.3663	1.0002	 2.3985e+00	 1.0002e+00	7.7574	 1.0094e+00
	 nan	2.3685	1.0002	 2.4007e+00	 1.0002e+00	7.7643	 1.0095e+00
	 nan	2.3708	1.0002	 2.4030e+00	 1.0002e+00	7.7713	 1.0096e+00
	 nan	2.373	1.0002	 2.4052e+00	 1.0002e+00	7.7783	 1.0097e+00
	 nan	2.3752	1.0002	 2.4075e+00	 1.0001e+00	7.7853	 1.0098e+00
	 nan	2.3774	1.0003	 2.4097e+00	 1.0001e+00	7.7923	 1.0099e+00
	 nan	2.3796	1.0003	 2.4120e+00	 1.0001e+00	7.7993	 1.0100e+00
	 nan	2.3819	1.0003	 2.4143e+00	 1.0001e+00	7.8064	 1.0100e+00
	 nan	2.3841	1.0004	 2.4165e+00	 1.0000e+00	7.8134	 1.0101e+00
	 nan	2.3863	1.0004	 2.4188e+00	 1.0000e+00	7.8204	 1.0102e+00
	 nan	2.3886	1.0005	 2.4211e+00	 9.9999e-01	7.8274	 1.0102e+00
	 nan	2.3908	1.0005	 2.4233e+00	 9.9998e-01	7.8345	 1.0103e+00
	 nan	2.393	1.0006	 2.4256e+00	 9.9996e-01	7.8415	 1.0103e+00
	 nan	2.3953	1.0006	 2.4279e+00	 9.9995e-01	7.8486	 1.0103e+00
	 nan	2.3975	1.0007	 2.4301e+00	 9.9995e-01	7.8556	 1.0103e+00
	 nan	2.3998	1.0007	 2.4324e+00	 9.9994e-01	7.8627	 1.0103e+00
	 nan	2.402	1.0008	 2.4347e+00	 9.9995e-01	7.8697	 1.0103e+00
	 nan	2.4042	1.0008	 2.4370e+00	 9.9995e-01	7.8768	 1.0103e+00
	 nan	2.4065	1.0009	 2.4393e+00	 9.9996e-01	7.8839	 1.0103e+00
	 nan	2.4087	1.001	 2.4416e+00	 9.9998e-01	7.891	 1.0102e+00
	 nan	2.411	1.001	 2.4438e+00	 9.9999e-01	7.8981	 1.0102e+00
	 nan	2.4133	1.0011	 2.4461e+00	 1.0000e+00	7.9052	 1.0101e+00
	 nan	2.4155	1.0011	 2.4484e+00	 1.0000e+00	7.9123	 1.0101e+00
	 nan	2.4178	1.0012	 2.4507e+00	 1.0001e+00	7.9194	 1.0100e+00
	 nan	2.42	1.0012	 2.4530e+00	 1.0001e+00	7.9265	 1.0100e+00
	 nan	2.4223	1.0012	 2.4553e+00	 1.0001e+00	7.9337	 1.0100e+00
	 nan	2.4245	1.0013	 2.4576e+00	 1.0001e+00	7.9408	 1.0099e+00
	 nan	2.4268	1.0013	 2.4599e+00	 1.0001e+00	7.9479	 1.0099e+00
	 nan	2.4291	1.0013	 2.4622e+00	 1.0001e+00	7.9551	 1.0099e+00
	 nan	2.4314	1.0012	 2.4645e+00	 1.0001e+00	7.9622	 1.0099e+00
	 nan	2.4336	1.0012	 2.4668e+00	 1.0002e+00	7.9694	 1.0098e+00
	 nan	2.4359	1.0011	 2.4691e+00	 1.0002e+00	7.9765	 1.0099e+00
	 nan	2.4382	1.0011	 2.4714e+00	 1.0002e+00	7.9837	 1.0099e+00
	 nan	2.4404	1.0011	 2.4737e+00	 1.0002e+00	7.9909	 1.0099e+00
	 nan	2.4427	1.001	 2.4760e+00	 1.0002e+00	7.9981	 1.0099e+00
	 nan	2.445	1.0009	 2.4784e+00	 1.0002e+00	8.0052	 1.0099e+00
	 nan	2.4473	1.0009	 2.4807e+00	 1.0002e+00	8.0124	 1.0100e+00
	 nan	2.4496	1.0008	 2.4830e+00	 1.0002e+00	8.0196	 1.0100e+00
	 nan	2.4519	1.0008	 2.4853e+00	 1.0002e+00	8.0268	 1.0101e+00
	 nan	2.4542	1.0007	 2.4876e+00	 1.0002e+00	8.034	 1.0101e+00
	 nan	2.4564	1.0007	 2.4900e+00	 1.0002e+00	8.0412	 1.0102e+00
	 nan	2.4587	1.0006	 2.4923e+00	 1.0002e+00	8.0485	 1.0103e+00
	 nan	2.461	1.0006	 2.4946e+00	 1.0002e+00	8.0557	 1.0103e+00
	 nan	2.4633	1.0005	 2.4970e+00	 1.0001e+00	8.0629	 1.0104e+00
	 nan	2.4656	1.0005	 2.4993e+00	 1.0001e+00	8.0701	 1.0105e+00
	 nan	2.4679	1.0004	 2.5016e+00	 1.0001e+00	8.0774	 1.0106e+00
	 nan	2.4703	1.0004	 2.5040e+00	 1.0001e+00	8.0846	 1.0106e+00
	 nan	2.4726	1.0004	 2.5063e+00	 1.0001e+00	8.0919	 1.0107e+00
	 nan	2.4749	1.0004	 2.5087e+00	 1.0000e+00	8.0992	 1.0108e+00
	 nan	2.4772	1.0004	 2.5110e+00	 1.0000e+00	8.1065	 1.0109e+00
	 nan	2.4795	1.0004	 2.5134e+00	 9.9999e-01	8.1137	 1.0110e+00
	 nan	2.4818	1.0004	 2.5157e+00	 9.9997e-01	8.121	 1.0110e+00
	 nan	2.4841	1.0004	 2.5181e+00	 9.9993e-01	8.1283	 1.0111e+00
	 nan	2.4864	1.0004	 2.5204e+00	 9.9991e-01	8.1356	 1.0112e+00
	 nan	2.4888	1.0004	 2.5228e+00	 9.9988e-01	8.1429	 1.0112e+00
	 nan	2.4911	1.0004	 2.5251e+00	 9.9986e-01	8.1502	 1.0113e+00
	 nan	2.4934	1.0004	 2.5275e+00	 9.9984e-01	8.1575	 1.0113e+00
	 nan	2.4957	1.0004	 2.5299e+00	 9.9981e-01	8.1648	 1.0114e+00
	 nan	2.4981	1.0004	 2.5322e+00	 9.9981e-01	8.1722	 1.0113e+00
	 nan	2.5004	1.0004	 2.5346e+00	 9.9979e-01	8.1795	 1.0114e+00
	 nan	2.5027	1.0004	 2.5370e+00	 9.9979e-01	8.1868	 1.0113e+00
	 nan	2.5051	1.0004	 2.5393e+00	 9.9979e-01	8.1942	 1.0114e+00
	 nan	2.5074	1.0005	 2.5417e+00	 9.9979e-01	8.2015	 1.0113e+00
	 nan	2.5097	1.0005	 2.5441e+00	 9.9980e-01	8.2089	 1.0113e+00
	 nan	2.5121	1.0005	 2.5464e+00	 9.9981e-01	8.2162	 1.0113e+00
	 nan	2.5144	1.0005	 2.5488e+00	 9.9983e-01	8.2236	 1.0113e+00
	 nan	2.5168	1.0006	 2.5512e+00	 9.9984e-01	8.231	 1.0113e+00
	 nan	2.5191	1.0006	 2.5536e+00	 9.9988e-01	8.2383	 1.0113e+00
	 nan	2.5215	1.0006	 2.5560e+00	 9.9990e-01	8.2457	 1.0113e+00
	 nan	2.5238	1.0006	 2.5584e+00	 9.9994e-01	8.2531	 1.0113e+00
	 nan	2.5262	1.0007	 2.5608e+00	 9.9998e-01	8.2605	 1.0113e+00
	 nan	2.5286	1.0007	 2.5631e+00	 1.0000e+00	8.2679	 1.0113e+00
	 nan	2.5309	1.0007	 2.5655e+00	 1.0001e+00	8.2753	 1.0113e+00
	 nan	2.5333	1.0007	 2.5679e+00	 1.0001e+00	8.2827	 1.0114e+00
	 nan	2.5356	1.0008	 2.5703e+00	 1.0002e+00	8.2902	 1.0113e+00
	 nan	2.538	1.0008	 2.5727e+00	 1.0002e+00	8.2976	 1.0114e+00
	 nan	2.5404	1.0008	 2.5751e+00	 1.0002e+00	8.305	 1.0114e+00
	 nan	2.5427	1.0008	 2.5775e+00	 1.0003e+00	8.3125	 1.0114e+00
	 nan	2.5451	1.0008	 2.5800e+00	 1.0003e+00	8.3199	 1.0115e+00
	 nan	2.5475	1.0009	 2.5824e+00	 1.0003e+00	8.3274	 1.0114e+00
	 nan	2.5499	1.0008	 2.5848e+00	 1.0003e+00	8.3348	 1.0115e+00
	 nan	2.5522	1.0009	 2.5872e+00	 1.0003e+00	8.3423	 1.0115e+00
	 nan	2.5546	1.0009	 2.5896e+00	 1.0003e+00	8.3498	 1.0115e+00
	 nan	2.557	1.0009	 2.5920e+00	 1.0004e+00	8.3573	 1.0115e+00
	 nan	2.5594	1.0009	 2.5944e+00	 1.0004e+00	8.3648	 1.0115e+00
	 nan	2.5618	1.0008	 2.5969e+00	 1.0004e+00	8.3722	 1.0116e+00
	 nan	2.5642	1.0009	 2.5993e+00	 1.0004e+00	8.3797	 1.0115e+00
	 nan	2.5666	1.0009	 2.6017e+00	 1.0004e+00	8.3872	 1.0116e+00
	 nan	2.569	1.0009	 2.6042e+00	 1.0004e+00	8.3948	 1.0116e+00
	 nan	2.5714	1.0009	 2.6066e+00	 1.0004e+00	8.4023	 1.0116e+00
	 nan	2.5738	1.0009	 2.6090e+00	 1.0004e+00	8.4098	 1.0116e+00
	 nan	2.5762	1.0009	 2.6115e+00	 1.0004e+00	8.4173	 1.0117e+00
	 nan	2.5786	1.0009	 2.6139e+00	 1.0004e+00	8.4249	 1.0117e+00
	 nan	2.581	1.001	 2.6163e+00	 1.0004e+00	8.4324	 1.0117e+00
	 nan	2.5834	1.001	 2.6188e+00	 1.0004e+00	8.44	 1.0117e+00
	 nan	2.5858	1.001	 2.6212e+00	 1.0004e+00	8.4475	 1.0117e+00
	 nan	2.5882	1.0011	 2.6237e+00	 1.0004e+00	8.4551	 1.0117e+00
	 nan	2.5906	1.0011	 2.6261e+00	 1.0004e+00	8.4627	 1.0117e+00
	 nan	2.593	1.0011	 2.6286e+00	 1.0004e+00	8.4702	 1.0117e+00
	 nan	2.5954	1.0011	 2.6310e+00	 1.0004e+00	8.4778	 1.0117e+00
	 nan	2.5979	1.0012	 2.6335e+00	 1.0004e+00	8.4854	 1.0116e+00
	 nan	2.6003	1.0012	 2.6359e+00	 1.0004e+00	8.493	 1.0117e+00
	 nan	2.6027	1.0012	 2.6384e+00	 1.0004e+00	8.5006	 1.0116e+00
	 nan	2.6051	1.0012	 2.6408e+00	 1.0004e+00	8.5082	 1.0116e+00
	 nan	2.6076	1.0012	 2.6433e+00	 1.0004e+00	8.5158	 1.0116e+00
	 nan	2.61	1.0013	 2.6458e+00	 1.0004e+00	8.5234	 1.0116e+00
	 nan	2.6124	1.0013	 2.6482e+00	 1.0004e+00	8.5311	 1.0116e+00
	 nan	2.6149	1.0013	 2.6507e+00	 1.0004e+00	8.5387	 1.0116e+00
	 nan	2.6173	1.0013	 2.6532e+00	 1.0004e+00	8.5463	 1.0116e+00
	 nan	2.6197	1.0013	 2.6557e+00	 1.0004e+00	8.554	 1.0116e+00
	 nan	2.6222	1.0013	 2.6582e+00	 1.0004e+00	8.5616	 1.0116e+00
	 nan	2.6246	1.0014	 2.6606e+00	 1.0004e+00	8.5693	 1.0115e+00
	 nan	2.6271	1.0014	 2.6631e+00	 1.0004e+00	8.577	 1.0115e+00
	 nan	2.6295	1.0014	 2.6656e+00	 1.0003e+00	8.5846	 1.0115e+00
	 nan	2.632	1.0014	 2.6681e+00	 1.0003e+00	8.5923	 1.0115e+00
	 nan	2.6344	1.0014	 2.6706e+00	 1.0003e+00	8.6	 1.0115e+00
	 nan	2.6369	1.0014	 2.6731e+00	 1.0003e+00	8.6077	 1.0114e+00
	 nan	2.6393	1.0014	 2.6755e+00	 1.0003e+00	8.6154	 1.0114e+00
	 nan	2.6418	1.0014	 2.6780e+00	 1.0003e+00	8.6231	 1.0114e+00
	 nan	2.6442	1.0014	 2.6805e+00	 1.0003e+00	8.6308	 1.0114e+00
	 nan	2.6467	1.0014	 2.6830e+00	 1.0003e+00	8.6385	 1.0114e+00
	 nan	2.6492	1.0015	 2.6856e+00	 1.0003e+00	8.6462	 1.0114e+00
	 nan	2.6517	1.0014	 2.6881e+00	 1.0003e+00	8.654	 1.0114e+00
	 nan	2.6541	1.0015	 2.6906e+00	 1.0003e+00	8.6617	 1.0114e+00
	 nan	2.6566	1.0015	 2.6931e+00	 1.0003e+00	8.6694	 1.0114e+00
	 nan	2.6591	1.0015	 2.6956e+00	 1.0003e+00	8.6772	 1.0114e+00
	 nan	2.6616	1.0015	 2.6981e+00	 1.0003e+00	8.685	 1.0114e+00
	 nan	2.664	1.0015	 2.7006e+00	 1.0003e+00	8.6927	 1.0115e+00
	 nan	2.6665	1.0015	 2.7031e+00	 1.0003e+00	8.7005	 1.0115e+00
	 nan	2.669	1.0015	 2.7056e+00	 1.0003e+00	8.7083	 1.0116e+00
	 nan	2.6715	1.0015	 2.7082e+00	 1.0003e+00	8.716	 1.0116e+00
	 nan	2.674	1.0015	 2.7107e+00	 1.0003e+00	8.7238	 1.0117e+00
	 nan	2.6764	1.0015	 2.7132e+00	 1.0003e+00	8.7316	 1.0117e+00
	 nan	2.6789	1.0015	 2.7157e+00	 1.0002e+00	8.7394	 1.0118e+00
	 nan	2.6814	1.0015	 2.7183e+00	 1.0002e+00	8.7472	 1.0118e+00
	 nan	2.6839	1.0015	 2.7208e+00	 1.0002e+00	8.7551	 1.0119e+00
	 nan	2.6864	1.0015	 2.7233e+00	 1.0002e+00	8.7629	 1.0120e+00
	 nan	2.6889	1.0015	 2.7259e+00	 1.0002e+00	8.7707	 1.0121e+00
	 nan	2.6914	1.0015	 2.7284e+00	 1.0002e+00	8.7785	 1.0122e+00
	 nan	2.6939	1.0015	 2.7310e+00	 1.0002e+00	8.7864	 1.0123e+00
	 nan	2.6965	1.0014	 2.7335e+00	 1.0001e+00	8.7942	 1.0124e+00
	 nan	2.699	1.0014	 2.7361e+00	 1.0001e+00	8.8021	 1.0124e+00
	 nan	2.7015	1.0014	 2.7386e+00	 1.0001e+00	8.81	 1.0125e+00
	 nan	2.704	1.0013	 2.7412e+00	 1.0001e+00	8.8178	 1.0126e+00
	 nan	2.7065	1.0013	 2.7437e+00	 1.0001e+00	8.8257	 1.0126e+00
	 nan	2.709	1.0013	 2.7463e+00	 1.0000e+00	8.8336	 1.0127e+00
	 nan	2.7115	1.0013	 2.7489e+00	 1.0000e+00	8.8415	 1.0127e+00
	 nan	2.7141	1.0013	 2.7514e+00	 1.0000e+00	8.8494	 1.0128e+00
	 nan	2.7166	1.0012	 2.7540e+00	 1.0000e+00	8.8573	 1.0128e+00
	 nan	2.7191	1.0012	 2.7565e+00	 1.0000e+00	8.8652	 1.0128e+00
	 nan	2.7216	1.0012	 2.7591e+00	 1.0000e+00	8.8731	 1.0128e+00
	 nan	2.7242	1.0012	 2.7617e+00	 1.0000e+00	8.881	 1.0127e+00
	 nan	2.7267	1.0012	 2.7643e+00	 1.0000e+00	8.8889	 1.0128e+00
	 nan	2.7292	1.0012	 2.7668e+00	 1.0000e+00	8.8969	 1.0127e+00
	 nan	2.7318	1.0011	 2.7694e+00	 1.0001e+00	8.9048	 1.0127e+00
	 nan	2.7343	1.0011	 2.7720e+00	 1.0001e+00	8.9128	 1.0127e+00
	 nan	2.7369	1.0011	 2.7746e+00	 1.0001e+00	8.9207	 1.0127e+00
	 nan	2.7394	1.0011	 2.7772e+00	 1.0001e+00	8.9287	 1.0127e+00
	 nan	2.742	1.0011	 2.7797e+00	 1.0001e+00	8.9366	 1.0126e+00
	 nan	2.7445	1.0011	 2.7823e+00	 1.0002e+00	8.9446	 1.0127e+00
	 nan	2.7471	1.0011	 2.7849e+00	 1.0002e+00	8.9526	 1.0127e+00
	 nan	2.7496	1.0011	 2.7875e+00	 1.0002e+00	8.9606	 1.0128e+00
	 nan	2.7522	1.0011	 2.7901e+00	 1.0002e+00	8.9686	 1.0128e+00
	 nan	2.7548	1.0011	 2.7927e+00	 1.0002e+00	8.9766	 1.0128e+00
	 nan	2.7573	1.0011	 2.7953e+00	 1.0003e+00	8.9846	 1.0129e+00
	 nan	2.7599	1.0011	 2.7979e+00	 1.0003e+00	8.9926	 1.0129e+00
	 nan	2.7624	1.0011	 2.8005e+00	 1.0003e+00	9.0006	 1.0130e+00
	 nan	2.765	1.0011	 2.8031e+00	 1.0003e+00	9.0086	 1.0130e+00
	 nan	2.7676	1.0011	 2.8057e+00	 1.0003e+00	9.0167	 1.0131e+00
	 nan	2.7702	1.0011	 2.8083e+00	 1.0003e+00	9.0247	 1.0131e+00
	 nan	2.7727	1.0011	 2.8110e+00	 1.0003e+00	9.0328	 1.0131e+00
	 nan	2.7753	1.0011	 2.8136e+00	 1.0003e+00	9.0408	 1.0131e+00
	 nan	2.7779	1.0011	 2.8162e+00	 1.0003e+00	9.0489	 1.0131e+00
	 nan	2.7805	1.0011	 2.8188e+00	 1.0003e+00	9.0569	 1.0132e+00
	 nan	2.7831	1.0012	 2.8214e+00	 1.0003e+00	9.065	 1.0131e+00
	 nan	2.7857	1.0012	 2.8241e+00	 1.0003e+00	9.0731	 1.0132e+00
	 nan	2.7883	1.0012	 2.8267e+00	 1.0003e+00	9.0812	 1.0131e+00
	 nan	2.7908	1.0012	 2.8293e+00	 1.0003e+00	9.0893	 1.0131e+00
	 nan	2.7934	1.0012	 2.8319e+00	 1.0003e+00	9.0974	 1.0131e+00
	 nan	2.796	1.0012	 2.8346e+00	 1.0003e+00	9.1055	 1.0131e+00
	 nan	2.7986	1.0012	 2.8372e+00	 1.0003e+00	9.1136	 1.0131e+00
	 nan	2.8012	1.0012	 2.8399e+00	 1.0003e+00	9.1217	 1.0130e+00
	 nan	2.8038	1.0012	 2.8425e+00	 1.0003e+00	9.1299	 1.0130e+00
	 nan	2.8064	1.0012	 2.8452e+00	 1.0003e+00	9.138	 1.0130e+00
	 nan	2.8091	1.0012	 2.8478e+00	 1.0003e+00	9.1462	 1.0130e+00
	 nan	2.8117	1.0012	 2.8504e+00	 1.0003e+00	9.1543	 1.0130e+00
	 nan	2.8143	1.0012	 2.8531e+00	 1.0003e+00	9.1625	 1.0129e+00
	 nan	2.8169	1.0011	 2.8558e+00	 1.0003e+00	9.1706	 1.0129e+00
	 nan	2.8195	1.0011	 2.8584e+00	 1.0003e+00	9.1788	 1.0128e+00
	 nan	2.8221	1.0011	 2.8611e+00	 1.0003e+00	9.187	 1.0129e+00
	 nan	2.8247	1.0011	 2.8637e+00	 1.0002e+00	9.1952	 1.0128e+00
	 nan	2.8274	1.0011	 2.8664e+00	 1.0002e+00	9.2034	 1.0128e+00
	 nan	2.83	1.001	 2.8691e+00	 1.0002e+00	9.2116	 1.0128e+00
	 nan	2.8326	1.001	 2.8717e+00	 1.0002e+00	9.2198	 1.0127e+00
	 nan	2.8353	1.001	 2.8744e+00	 1.0002e+00	9.228	 1.0128e+00
	 nan	2.8379	1.001	 2.8771e+00	 1.0001e+00	9.2362	 1.0127e+00
	 nan	2.8405	1.0009	 2.8798e+00	 1.0001e+00	9.2444	 1.0127e+00
	 nan	2.8432	1.0009	 2.8824e+00	 1.0001e+00	9.2527	 1.0127e+00
	 nan	2.8458	1.0009	 2.8851e+00	 1.0001e+00	9.2609	 1.0128e+00
	 nan	2.8485	1.0009	 2.8878e+00	 1.0000e+00	9.2691	 1.0128e+00
	 nan	2.8511	1.0009	 2.8905e+00	 1.0000e+00	9.2774	 1.0128e+00
	 nan	2.8538	1.0009	 2.8932e+00	 9.9997e-01	9.2857	 1.0129e+00
	 nan	2.8564	1.0009	 2.8959e+00	 9.9996e-01	9.2939	 1.0129e+00
	 nan	2.8591	1.0009	 2.8986e+00	 9.9993e-01	9.3022	 1.0130e+00
	 nan	2.8617	1.0009	 2.9013e+00	 9.9993e-01	9.3105	 1.0130e+00
	 nan	2.8644	1.0009	 2.9040e+00	 9.9992e-01	9.3188	 1.0131e+00
	 nan	2.867	1.001	 2.9067e+00	 9.9992e-01	9.3271	 1.0132e+00
	 nan	2.8697	1.001	 2.9094e+00	 9.9992e-01	9.3354	 1.0132e+00
	 nan	2.8724	1.001	 2.9121e+00	 9.9993e-01	9.3437	 1.0133e+00
	 nan	2.875	1.0011	 2.9148e+00	 9.9995e-01	9.352	 1.0133e+00
	 nan	2.8777	1.0011	 2.9175e+00	 9.9995e-01	9.3603	 1.0134e+00
	 nan	2.8804	1.0012	 2.9202e+00	 9.9998e-01	9.3687	 1.0134e+00
	 nan	2.8831	1.0012	 2.9229e+00	 1.0000e+00	9.377	 1.0135e+00
	 nan	2.8857	1.0013	 2.9257e+00	 1.0000e+00	9.3853	 1.0135e+00
	 nan	2.8884	1.0013	 2.9284e+00	 1.0001e+00	9.3937	 1.0135e+00
	 nan	2.8911	1.0013	 2.9311e+00	 1.0001e+00	9.402	 1.0136e+00
	 nan	2.8938	1.0014	 2.9338e+00	 1.0001e+00	9.4104	 1.0136e+00
	 nan	2.8965	1.0014	 2.9365e+00	 1.0001e+00	9.4188	 1.0136e+00
	 nan	2.8992	1.0014	 2.9393e+00	 1.0002e+00	9.4272	 1.0136e+00
	 nan	2.9019	1.0014	 2.9420e+00	 1.0002e+00	9.4355	 1.0136e+00
	 nan	2.9045	1.0015	 2.9447e+00	 1.0003e+00	9.4439	 1.0136e+00
	 nan	2.9072	1.0015	 2.9475e+00	 1.0003e+00	9.4523	 1.0136e+00
	 nan	2.9099	1.0015	 2.9502e+00	 1.0003e+00	9.4608	 1.0136e+00
	 nan	2.9127	1.0015	 2.9530e+00	 1.0004e+00	9.4692	 1.0136e+00
	 nan	2.9154	1.0014	 2.9557e+00	 1.0004e+00	9.4776	 1.0136e+00
	 nan	2.9181	1.0014	 2.9585e+00	 1.0005e+00	9.486	 1.0135e+00
	 nan	2.9208	1.0014	 2.9612e+00	 1.0005e+00	9.4944	 1.0135e+00
	 nan	2.9235	1.0014	 2.9640e+00	 1.0005e+00	9.5029	 1.0135e+00
	 nan	2.9262	1.0014	 2.9667e+00	 1.0006e+00	9.5113	 1.0134e+00
	 nan	2.9289	1.0013	 2.9695e+00	 1.0006e+00	9.5198	 1.0134e+00
	 nan	2.9316	1.0013	 2.9722e+00	 1.0006e+00	9.5282	 1.0134e+00
	 nan	2.9343	1.0013	 2.9750e+00	 1.0006e+00	9.5367	 1.0134e+00
	 nan	2.9371	1.0013	 2.9777e+00	 1.0007e+00	9.5452	 1.0134e+00
	 nan	2.9398	1.0012	 2.9805e+00	 1.0007e+00	9.5537	 1.0134e+00
	 nan	2.9425	1.0012	 2.9833e+00	 1.0007e+00	9.5622	 1.0134e+00
	 nan	2.9453	1.0012	 2.9860e+00	 1.0007e+00	9.5707	 1.0134e+00
	 nan	2.948	1.0012	 2.9888e+00	 1.0007e+00	9.5792	 1.0134e+00
	 nan	2.9507	1.0012	 2.9916e+00	 1.0007e+00	9.5877	 1.0133e+00
	 nan	2.9535	1.0012	 2.9944e+00	 1.0007e+00	9.5962	 1.0134e+00
	 nan	2.9562	1.0012	 2.9971e+00	 1.0007e+00	9.6047	 1.0133e+00
	 nan	2.9589	1.0012	 2.9999e+00	 1.0007e+00	9.6133	 1.0134e+00
	 nan	2.9617	1.0012	 3.0027e+00	 1.0007e+00	9.6218	 1.0133e+00
	 nan	2.9644	1.0012	 3.0055e+00	 1.0007e+00	9.6304	 1.0133e+00
	 nan	2.9672	1.0012	 3.0083e+00	 1.0007e+00	9.6389	 1.0133e+00
	 nan	2.9699	1.0012	 3.0111e+00	 1.0007e+00	9.6475	 1.0133e+00
	 nan	2.9727	1.0012	 3.0139e+00	 1.0007e+00	9.6561	 1.0133e+00
	 nan	2.9754	1.0013	 3.0167e+00	 1.0007e+00	9.6646	 1.0133e+00
	 nan	2.9782	1.0013	 3.0195e+00	 1.0007e+00	9.6732	 1.0133e+00
	 nan	2.981	1.0013	 3.0223e+00	 1.0007e+00	9.6818	 1.0133e+00
	 nan	2.9837	1.0013	 3.0251e+00	 1.0007e+00	9.6904	 1.0133e+00
	 nan	2.9865	1.0013	 3.0279e+00	 1.0006e+00	9.699	 1.0133e+00
	 nan	2.9893	1.0014	 3.0307e+00	 1.0006e+00	9.7076	 1.0132e+00
	 nan	2.992	1.0014	 3.0335e+00	 1.0006e+00	9.7162	 1.0133e+00
	 nan	2.9948	1.0014	 3.0364e+00	 1.0006e+00	9.7248	 1.0132e+00
	 nan	2.9976	1.0014	 3.0392e+00	 1.0006e+00	9.7335	 1.0133e+00
	 nan	3.0004	1.0015	 3.0420e+00	 1.0006e+00	9.7421	 1.0133e+00
	 nan	3.0032	1.0015	 3.0448e+00	 1.0005e+00	9.7508	 1.0133e+00
	 nan	3.0059	1.0015	 3.0477e+00	 1.0005e+00	9.7594	 1.0134e+00
	 nan	3.0087	1.0015	 3.0505e+00	 1.0005e+00	9.7681	 1.0134e+00
	 nan	3.0115	1.0015	 3.0533e+00	 1.0004e+00	9.7768	 1.0135e+00
	 nan	3.0143	1.0015	 3.0562e+00	 1.0004e+00	9.7855	 1.0135e+00
	 nan	3.0171	1.0015	 3.0590e+00	 1.0004e+00	9.7941	 1.0136e+00
	 nan	3.0199	1.0015	 3.0619e+00	 1.0004e+00	9.8028	 1.0137e+00
	 nan	3.0227	1.0015	 3.0647e+00	 1.0004e+00	9.8115	 1.0138e+00
	 nan	3.0255	1.0015	 3.0676e+00	 1.0003e+00	9.8202	 1.0139e+00
	 nan	3.0283	1.0015	 3.0704e+00	 1.0003e+00	9.829	 1.0139e+00
	 nan	3.0311	1.0014	 3.0732e+00	 1.0003e+00	9.8377	 1.0140e+00
	 nan	3.0339	1.0014	 3.0761e+00	 1.0003e+00	9.8464	 1.0141e+00
	 nan	3.0368	1.0014	 3.0790e+00	 1.0003e+00	9.8551	 1.0142e+00
	 nan	3.0396	1.0014	 3.0818e+00	 1.0003e+00	9.8639	 1.0143e+00
	 nan	3.0424	1.0014	 3.0847e+00	 1.0003e+00	9.8726	 1.0144e+00
	 nan	3.0452	1.0014	 3.0875e+00	 1.0003e+00	9.8814	 1.0144e+00
	 nan	3.048	1.0014	 3.0904e+00	 1.0003e+00	9.8902	 1.0145e+00
	 nan	3.0509	1.0014	 3.0933e+00	 1.0003e+00	9.8989	 1.0147e+00
	 nan	3.0537	1.0014	 3.0962e+00	 1.0003e+00	9.9077	 1.0147e+00
	 nan	3.0565	1.0014	 3.0990e+00	 1.0003e+00	9.9165	 1.0149e+00
	 nan	3.0593	1.0014	 3.1019e+00	 1.0003e+00	9.9253	 1.0149e+00
	 nan	3.0622	1.0014	 3.1048e+00	 1.0003e+00	9.9341	 1.0150e+00
	 nan	3.065	1.0014	 3.1077e+00	 1.0003e+00	9.9429	 1.0151e+00
	 nan	3.0678	1.0013	 3.1105e+00	 1.0003e+00	9.9517	 1.0152e+00
	 nan	3.0707	1.0013	 3.1134e+00	 1.0003e+00	9.9605	 1.0153e+00
	 nan	3.0735	1.0013	 3.1163e+00	 1.0003e+00	9.9694	 1.0153e+00
	 nan	3.0764	1.0013	 3.1192e+00	 1.0003e+00	9.9782	 1.0154e+00
	 nan	3.0792	1.0013	 3.1221e+00	 1.0003e+00	9.987	 1.0154e+00
	 nan	3.0821	1.0013	 3.1250e+00	 1.0003e+00	9.9959	 1.0155e+00
	 nan	3.085	1.0012	 3.1279e+00	 1.0003e+00	10.005	 1.0155e+00
	 nan	3.0878	1.0012	 3.1308e+00	 1.0004e+00	10.014	 1.0155e+00
	 nan	3.0907	1.0012	 3.1337e+00	 1.0004e+00	10.023	 1.0155e+00
	 nan	3.0935	1.0013	 3.1366e+00	 1.0004e+00	10.031	 1.0155e+00
	 nan	3.0964	1.0012	 3.1395e+00	 1.0004e+00	10.04	 1.0155e+00
	 nan	3.0993	1.0013	 3.1424e+00	 1.0004e+00	10.049	 1.0155e+00
	 nan	3.1021	1.0013	 3.1453e+00	 1.0004e+00	10.058	 1.0155e+00
	 nan	3.105	1.0013	 3.1483e+00	 1.0004e+00	10.067	 1.0155e+00
	 nan	3.1079	1.0013	 3.1512e+00	 1.0004e+00	10.076	 1.0155e+00
	 nan	3.1108	1.0013	 3.1541e+00	 1.0004e+00	10.085	 1.0155e+00
	 nan	3.1136	1.0013	 3.1570e+00	 1.0005e+00	10.094	 1.0155e+00
	 nan	3.1165	1.0013	 3.1599e+00	 1.0005e+00	10.103	 1.0155e+00
	 nan	3.1194	1.0013	 3.1629e+00	 1.0005e+00	10.112	 1.0154e+00
	 nan	3.1223	1.0013	 3.1658e+00	 1.0005e+00	10.121	 1.0155e+00
	 nan	3.1252	1.0013	 3.1687e+00	 1.0005e+00	10.13	 1.0155e+00
	 nan	3.1281	1.0013	 3.1717e+00	 1.0005e+00	10.139	 1.0155e+00
	 nan	3.131	1.0013	 3.1746e+00	 1.0005e+00	10.148	 1.0155e+00
	 nan	3.1339	1.0013	 3.1776e+00	 1.0005e+00	10.156	 1.0154e+00
	 nan	3.1368	1.0013	 3.1805e+00	 1.0005e+00	10.165	 1.0155e+00
	 nan	3.1397	1.0013	 3.1835e+00	 1.0005e+00	10.174	 1.0155e+00
	 nan	3.1426	1.0012	 3.1864e+00	 1.0004e+00	10.184	 1.0155e+00
	 nan	3.1455	1.0012	 3.1894e+00	 1.0004e+00	10.193	 1.0155e+00
	 nan	3.1484	1.0012	 3.1923e+00	 1.0004e+00	10.201	 1.0155e+00
	 nan	3.1513	1.0011	 3.1953e+00	 1.0004e+00	10.21	 1.0155e+00
	 nan	3.1543	1.0011	 3.1982e+00	 1.0004e+00	10.22	 1.0155e+00
	 nan	3.1572	1.0011	 3.2012e+00	 1.0004e+00	10.229	 1.0155e+00
	 nan	3.1601	1.001	 3.2042e+00	 1.0004e+00	10.238	 1.0155e+00
	 nan	3.163	1.001	 3.2071e+00	 1.0004e+00	10.247	 1.0155e+00
	 nan	3.1659	1.001	 3.2101e+00	 1.0004e+00	10.256	 1.0155e+00
	 nan	3.1689	1.0009	 3.2131e+00	 1.0003e+00	10.265	 1.0155e+00
	 nan	3.1718	1.0009	 3.2161e+00	 1.0003e+00	10.274	 1.0155e+00
	 nan	3.1747	1.0009	 3.2190e+00	 1.0003e+00	10.283	 1.0155e+00
	 nan	3.1777	1.0009	 3.2220e+00	 1.0003e+00	10.292	 1.0156e+00
	 nan	3.1806	1.0009	 3.2250e+00	 1.0003e+00	10.301	 1.0155e+00
	 nan	3.1836	1.0009	 3.2280e+00	 1.0003e+00	10.31	 1.0156e+00
	 nan	3.1865	1.0009	 3.2310e+00	 1.0003e+00	10.319	 1.0156e+00
	 nan	3.1894	1.0009	 3.2340e+00	 1.0003e+00	10.329	 1.0157e+00
	 nan	3.1924	1.0009	 3.2370e+00	 1.0003e+00	10.338	 1.0157e+00
	 nan	3.1954	1.0009	 3.2400e+00	 1.0003e+00	10.347	 1.0157e+00
	 nan	3.1983	1.0009	 3.2430e+00	 1.0003e+00	10.356	 1.0158e+00
	 nan	3.2013	1.0009	 3.2460e+00	 1.0003e+00	10.365	 1.0158e+00
	 nan	3.2042	1.0009	 3.2490e+00	 1.0002e+00	10.374	 1.0159e+00
	 nan	3.2072	1.001	 3.2520e+00	 1.0003e+00	10.383	 1.0159e+00
	 nan	3.2102	1.001	 3.2550e+00	 1.0002e+00	10.393	 1.0160e+00
	 nan	3.2131	1.001	 3.2580e+00	 1.0003e+00	10.402	 1.0160e+00
	 nan	3.2161	1.001	 3.2611e+00	 1.0003e+00	10.411	 1.0160e+00
	 nan	3.2191	1.001	 3.2641e+00	 1.0002e+00	10.42	 1.0161e+00
	 nan	3.222	1.001	 3.2671e+00	 1.0003e+00	10.429	 1.0160e+00
	 nan	3.225	1.001	 3.2701e+00	 1.0002e+00	10.439	 1.0161e+00
	 nan	3.228	1.001	 3.2731e+00	 1.0003e+00	10.448	 1.0161e+00
	 nan	3.231	1.001	 3.2762e+00	 1.0002e+00	10.457	 1.0161e+00
	 nan	3.234	1.001	 3.2792e+00	 1.0002e+00	10.466	 1.0160e+00
	 nan	3.237	1.001	 3.2822e+00	 1.0002e+00	10.476	 1.0160e+00
	 nan	3.24	1.001	 3.2853e+00	 1.0002e+00	10.485	 1.0160e+00
	 nan	3.243	1.001	 3.2883e+00	 1.0002e+00	10.494	 1.0159e+00
	 nan	3.246	1.001	 3.2914e+00	 1.0002e+00	10.503	 1.0158e+00
	 nan	3.2489	1.001	 3.2944e+00	 1.0002e+00	10.513	 1.0157e+00
	 nan	3.252	1.0009	 3.2975e+00	 1.0002e+00	10.522	 1.0157e+00
	 nan	3.255	1.0009	 3.3005e+00	 1.0002e+00	10.531	 1.0156e+00
	 nan	3.258	1.0009	 3.3036e+00	 1.0002e+00	10.54	 1.0155e+00
	 nan	3.261	1.0009	 3.3066e+00	 1.0002e+00	10.55	 1.0154e+00
	 nan	3.264	1.0009	 3.3097e+00	 1.0002e+00	10.559	 1.0153e+00
	 nan	3.267	1.0008	 3.3127e+00	 1.0002e+00	10.569	 1.0153e+00
	 nan	3.27	1.0008	 3.3158e+00	 1.0002e+00	10.578	 1.0152e+00
	 nan	3.2731	1.0008	 3.3189e+00	 1.0002e+00	10.587	 1.0153e+00
	 nan	3.2761	1.0008	 3.3220e+00	 1.0002e+00	10.597	 1.0152e+00
	 nan	3.2791	1.0008	 3.3250e+00	 1.0002e+00	10.606	 1.0152e+00
	 nan	3.2822	1.0007	 3.3281e+00	 1.0002e+00	10.615	 1.0153e+00
	 nan	3.2852	1.0007	 3.3312e+00	 1.0002e+00	10.625	 1.0152e+00
	 nan	3.2882	1.0007	 3.3343e+00	 1.0002e+00	10.634	 1.0153e+00
	 nan	3.2913	1.0006	 3.3373e+00	 1.0002e+00	10.643	 1.0153e+00
	 nan	3.2943	1.0006	 3.3404e+00	 1.0002e+00	10.653	 1.0155e+00
	 nan	3.2974	1.0006	 3.3435e+00	 1.0002e+00	10.662	 1.0155e+00
	 nan	3.3004	1.0006	 3.3466e+00	 1.0002e+00	10.672	 1.0156e+00
	 nan	3.3035	1.0006	 3.3497e+00	 1.0002e+00	10.681	 1.0157e+00
	 nan	3.3065	1.0006	 3.3528e+00	 1.0002e+00	10.69	 1.0158e+00
	 nan	3.3096	1.0006	 3.3559e+00	 1.0001e+00	10.7	 1.0159e+00
	 nan	3.3126	1.0006	 3.3590e+00	 1.0001e+00	10.709	 1.0159e+00
	 nan	3.3157	1.0006	 3.3621e+00	 1.0001e+00	10.719	 1.0161e+00
	 nan	3.3188	1.0006	 3.3652e+00	 1.0001e+00	10.728	 1.0161e+00
	 nan	3.3218	1.0006	 3.3683e+00	 1.0001e+00	10.738	 1.0162e+00
	 nan	3.3249	1.0006	 3.3715e+00	 1.0001e+00	10.747	 1.0162e+00
	 nan	3.328	1.0006	 3.3746e+00	 1.0001e+00	10.757	 1.0163e+00
	 nan	3.331	1.0006	 3.3777e+00	 1.0000e+00	10.766	 1.0163e+00
	 nan	3.3341	1.0006	 3.3808e+00	 1.0000e+00	10.776	 1.0163e+00
	 nan	3.3372	1.0006	 3.3840e+00	 1.0000e+00	10.785	 1.0164e+00
	 nan	3.3403	1.0007	 3.3871e+00	 1.0000e+00	10.795	 1.0164e+00
	 nan	3.3434	1.0007	 3.3902e+00	 1.0000e+00	10.804	 1.0164e+00
	 nan	3.3464	1.0007	 3.3934e+00	 1.0000e+00	10.814	 1.0164e+00
	 nan	3.3495	1.0007	 3.3965e+00	 1.0000e+00	10.823	 1.0164e+00
	 nan	3.3526	1.0008	 3.3996e+00	 1.0000e+00	10.833	 1.0164e+00
	 nan	3.3557	1.0008	 3.4028e+00	 1.0000e+00	10.842	 1.0164e+00
	 nan	3.3588	1.0008	 3.4059e+00	 1.0000e+00	10.852	 1.0164e+00
	 nan	3.3619	1.0009	 3.4091e+00	 1.0000e+00	10.861	 1.0164e+00
	 nan	3.365	1.0009	 3.4122e+00	 1.0001e+00	10.871	 1.0164e+00
	 nan	3.3681	1.0009	 3.4154e+00	 1.0001e+00	10.88	 1.0163e+00
	 nan	3.3713	1.0009	 3.4186e+00	 1.0001e+00	10.89	 1.0163e+00
	 nan	3.3744	1.0009	 3.4217e+00	 1.0001e+00	10.9	 1.0163e+00
	 nan	3.3775	1.001	 3.4249e+00	 1.0001e+00	10.909	 1.0162e+00
	 nan	3.3806	1.001	 3.4280e+00	 1.0001e+00	10.919	 1.0162e+00
	 nan	3.3837	1.001	 3.4312e+00	 1.0001e+00	10.928	 1.0161e+00
	 nan	3.3868	1.001	 3.4344e+00	 1.0001e+00	10.938	 1.0161e+00
	 nan	3.39	1.001	 3.4376e+00	 1.0002e+00	10.948	 1.0160e+00
	 nan	3.3931	1.0011	 3.4407e+00	 1.0002e+00	10.957	 1.0160e+00
	 nan	3.3962	1.0011	 3.4439e+00	 1.0002e+00	10.967	 1.0159e+00
	 nan	3.3994	1.0011	 3.4471e+00	 1.0002e+00	10.977	 1.0158e+00
	 nan	3.4025	1.0011	 3.4503e+00	 1.0002e+00	10.986	 1.0158e+00
	 nan	3.4057	1.0012	 3.4535e+00	 1.0002e+00	10.996	 1.0158e+00
	 nan	3.4088	1.0012	 3.4567e+00	 1.0002e+00	11.006	 1.0158e+00
	 nan	3.412	1.0012	 3.4599e+00	 1.0002e+00	11.015	 1.0157e+00
	 nan	3.4151	1.0013	 3.4631e+00	 1.0002e+00	11.025	 1.0157e+00
	 nan	3.4183	1.0013	 3.4663e+00	 1.0002e+00	11.035	 1.0157e+00
	 nan	3.4214	1.0013	 3.4695e+00	 1.0002e+00	11.044	 1.0157e+00
	 nan	3.4246	1.0013	 3.4727e+00	 1.0002e+00	11.054	 1.0157e+00
	 nan	3.4277	1.0014	 3.4759e+00	 1.0002e+00	11.064	 1.0157e+00
	 nan	3.4309	1.0014	 3.4792e+00	 1.0002e+00	11.074	 1.0157e+00
	 nan	3.4341	1.0015	 3.4824e+00	 1.0002e+00	11.083	 1.0157e+00
	 nan	3.4372	1.0015	 3.4856e+00	 1.0002e+00	11.093	 1.0158e+00
	 nan	3.4404	1.0015	 3.4888e+00	 1.0002e+00	11.103	 1.0159e+00
	 nan	3.4436	1.0016	 3.4920e+00	 1.0003e+00	11.113	 1.0159e+00
	 nan	3.4468	1.0016	 3.4952e+00	 1.0003e+00	11.123	 1.0160e+00
	 nan	3.4499	1.0017	 3.4985e+00	 1.0003e+00	11.132	 1.0161e+00
	 nan	3.4531	1.0017	 3.5017e+00	 1.0003e+00	11.142	 1.0162e+00
	 nan	3.4563	1.0018	 3.5049e+00	 1.0003e+00	11.152	 1.0163e+00
	 nan	3.4595	1.0018	 3.5082e+00	 1.0003e+00	11.162	 1.0164e+00
	 nan	3.4627	1.0018	 3.5114e+00	 1.0004e+00	11.171	 1.0166e+00
	 nan	3.4659	1.0019	 3.5147e+00	 1.0004e+00	11.181	 1.0167e+00
	 nan	3.4691	1.0019	 3.5179e+00	 1.0004e+00	11.191	 1.0169e+00
	 nan	3.4723	1.002	 3.5212e+00	 1.0004e+00	11.201	 1.0170e+00
	 nan	3.4755	1.002	 3.5244e+00	 1.0005e+00	11.211	 1.0171e+00
	 nan	3.4787	1.002	 3.5277e+00	 1.0005e+00	11.221	 1.0173e+00
	 nan	3.4819	1.002	 3.5309e+00	 1.0005e+00	11.23	 1.0174e+00
	 nan	3.4851	1.002	 3.5342e+00	 1.0005e+00	11.24	 1.0175e+00
	 nan	3.4883	1.002	 3.5374e+00	 1.0006e+00	11.25	 1.0176e+00
	 nan	3.4915	1.002	 3.5407e+00	 1.0006e+00	11.26	 1.0178e+00
	 nan	3.4947	1.002	 3.5440e+00	 1.0006e+00	11.27	 1.0179e+00
	 nan	3.498	1.0019	 3.5472e+00	 1.0006e+00	11.28	 1.0180e+00
	 nan	3.5012	1.0019	 3.5505e+00	 1.0006e+00	11.29	 1.0181e+00
	 nan	3.5044	1.0018	 3.5538e+00	 1.0006e+00	11.3	 1.0182e+00
	 nan	3.5076	1.0018	 3.5571e+00	 1.0006e+00	11.31	 1.0183e+00
	 nan	3.5109	1.0017	 3.5604e+00	 1.0006e+00	11.32	 1.0183e+00
	 nan	3.5141	1.0016	 3.5636e+00	 1.0006e+00	11.33	 1.0185e+00
	 nan	3.5174	1.0016	 3.5669e+00	 1.0006e+00	11.34	 1.0185e+00
	 nan	3.5206	1.0015	 3.5702e+00	 1.0006e+00	11.35	 1.0186e+00
	 nan	3.5238	1.0014	 3.5735e+00	 1.0007e+00	11.36	 1.0186e+00
	 nan	3.5271	1.0013	 3.5768e+00	 1.0007e+00	11.37	 1.0187e+00
	 nan	3.5303	1.0012	 3.5801e+00	 1.0007e+00	11.379	 1.0187e+00
	 nan	3.5336	1.0012	 3.5834e+00	 1.0007e+00	11.389	 1.0187e+00
	 nan	3.5368	1.0011	 3.5867e+00	 1.0007e+00	11.399	 1.0188e+00
	 nan	3.5401	1.001	 3.5900e+00	 1.0007e+00	11.409	 1.0188e+00
	 nan	3.5434	1.001	 3.5933e+00	 1.0007e+00	11.419	 1.0189e+00
	 nan	3.5466	1.0009	 3.5967e+00	 1.0007e+00	11.43	 1.0189e+00
	 nan	3.5499	1.0009	 3.6000e+00	 1.0006e+00	11.44	 1.0190e+00
	 nan	3.5532	1.0009	 3.6033e+00	 1.0006e+00	11.45	 1.0190e+00
	 nan	3.5565	1.0009	 3.6066e+00	 1.0006e+00	11.46	 1.0190e+00
	 nan	3.5597	1.0008	 3.6099e+00	 1.0006e+00	11.47	 1.0191e+00
	 nan	3.563	1.0008	 3.6133e+00	 1.0006e+00	11.48	 1.0190e+00
	 nan	3.5663	1.0008	 3.6166e+00	 1.0006e+00	11.49	 1.0191e+00
	 nan	3.5696	1.0008	 3.6200e+00	 1.0005e+00	11.5	 1.0191e+00
	 nan	3.5729	1.0009	 3.6233e+00	 1.0005e+00	11.51	 1.0191e+00
	 nan	3.5762	1.0009	 3.6267e+00	 1.0005e+00	11.52	 1.0191e+00
	 nan	3.5795	1.0009	 3.6300e+00	 1.0004e+00	11.53	 1.0191e+00
	 nan	3.5828	1.001	 3.6334e+00	 1.0004e+00	11.54	 1.0191e+00
	 nan	3.5861	1.001	 3.6367e+00	 1.0004e+00	11.55	 1.0190e+00
	 nan	3.5894	1.0011	 3.6401e+00	 1.0004e+00	11.56	 1.0190e+00
	 nan	3.5927	1.0012	 3.6434e+00	 1.0003e+00	11.571	 1.0189e+00
	 nan	3.596	1.0012	 3.6468e+00	 1.0003e+00	11.581	 1.0189e+00
	 nan	3.5993	1.0013	 3.6502e+00	 1.0003e+00	11.591	 1.0189e+00
	 nan	3.6026	1.0014	 3.6535e+00	 1.0003e+00	11.601	 1.0188e+00
	 nan	3.6059	1.0014	 3.6569e+00	 1.0003e+00	11.611	 1.0188e+00
	 nan	3.6093	1.0015	 3.6603e+00	 1.0003e+00	11.621	 1.0187e+00
	 nan	3.6126	1.0015	 3.6636e+00	 1.0002e+00	11.632	 1.0187e+00
	 nan	3.6159	1.0016	 3.6670e+00	 1.0002e+00	11.642	 1.0186e+00
	 nan	3.6193	1.0017	 3.6704e+00	 1.0002e+00	11.652	 1.0186e+00
	 nan	3.6226	1.0017	 3.6738e+00	 1.0002e+00	11.662	 1.0186e+00
	 nan	3.6259	1.0017	 3.6772e+00	 1.0002e+00	11.672	 1.0185e+00
	 nan	3.6293	1.0017	 3.6806e+00	 1.0002e+00	11.683	 1.0186e+00
	 nan	3.6326	1.0018	 3.6839e+00	 1.0002e+00	11.693	 1.0185e+00
	 nan	3.6359	1.0018	 3.6873e+00	 1.0002e+00	11.703	 1.0186e+00
	 nan	3.6393	1.0018	 3.6907e+00	 1.0002e+00	11.713	 1.0186e+00
	 nan	3.6427	1.0017	 3.6942e+00	 1.0002e+00	11.724	 1.0186e+00
	 nan	3.646	1.0017	 3.6976e+00	 1.0002e+00	11.734	 1.0187e+00
	 nan	3.6494	1.0017	 3.7010e+00	 1.0002e+00	11.744	 1.0187e+00
	 nan	3.6527	1.0016	 3.7044e+00	 1.0002e+00	11.755	 1.0188e+00
	 nan	3.6561	1.0016	 3.7078e+00	 1.0002e+00	11.765	 1.0188e+00
	 nan	3.6595	1.0016	 3.7112e+00	 1.0002e+00	11.775	 1.0189e+00
	 nan	3.6628	1.0015	 3.7146e+00	 1.0002e+00	11.786	 1.0189e+00
	 nan	3.6662	1.0015	 3.7180e+00	 1.0002e+00	11.796	 1.0190e+00
	 nan	3.6696	1.0015	 3.7215e+00	 1.0002e+00	11.806	 1.0190e+00
	 nan	3.6729	1.0014	 3.7249e+00	 1.0002e+00	11.816	 1.0191e+00
	 nan	3.6763	1.0014	 3.7283e+00	 1.0002e+00	11.827	 1.0192e+00
	 nan	3.6797	1.0014	 3.7318e+00	 1.0002e+00	11.837	 1.0192e+00
	 nan	3.6831	1.0014	 3.7352e+00	 1.0001e+00	11.848	 1.0193e+00
	 nan	3.6865	1.0014	 3.7386e+00	 1.0001e+00	11.858	 1.0194e+00
	 nan	3.6899	1.0014	 3.7421e+00	 1.0001e+00	11.868	 1.0195e+00
	 nan	3.6933	1.0015	 3.7455e+00	 1.0001e+00	11.879	 1.0195e+00
	 nan	3.6967	1.0015	 3.7490e+00	 1.0001e+00	11.889	 1.0196e+00
	 nan	3.7001	1.0015	 3.7524e+00	 1.0001e+00	11.899	 1.0197e+00
	 nan	3.7035	1.0016	 3.7559e+00	 1.0001e+00	11.91	 1.0197e+00
	 nan	3.7069	1.0016	 3.7593e+00	 1.0001e+00	11.92	 1.0199e+00
	 nan	3.7103	1.0016	 3.7628e+00	 1.0001e+00	11.931	 1.0199e+00
	 nan	3.7137	1.0016	 3.7663e+00	 1.0001e+00	11.941	 1.0200e+00
	 nan	3.7171	1.0017	 3.7698e+00	 1.0001e+00	11.952	 1.0201e+00
	 nan	3.7205	1.0017	 3.7732e+00	 1.0002e+00	11.962	 1.0201e+00
	 nan	3.724	1.0018	 3.7767e+00	 1.0002e+00	11.973	 1.0202e+00
	 nan	3.7274	1.0018	 3.7802e+00	 1.0002e+00	11.983	 1.0202e+00
	 nan	3.7308	1.0018	 3.7837e+00	 1.0002e+00	11.993	 1.0203e+00
	 nan	3.7342	1.0019	 3.7872e+00	 1.0002e+00	12.004	 1.0203e+00
	 nan	3.7377	1.0019	 3.7906e+00	 1.0002e+00	12.014	 1.0204e+00
	 nan	3.7411	1.0019	 3.7941e+00	 1.0002e+00	12.025	 1.0204e+00
	 nan	3.7446	1.0019	 3.7976e+00	 1.0003e+00	12.036	 1.0204e+00
	 nan	3.748	1.0019	 3.8011e+00	 1.0003e+00	12.046	 1.0205e+00
	 nan	3.7515	1.0019	 3.8046e+00	 1.0003e+00	12.056	 1.0205e+00
	 nan	3.7549	1.0019	 3.8081e+00	 1.0003e+00	12.067	 1.0205e+00
	 nan	3.7584	1.0019	 3.8117e+00	 1.0003e+00	12.078	 1.0205e+00
	 nan	3.7618	1.0018	 3.8152e+00	 1.0003e+00	12.088	 1.0206e+00
	 nan	3.7653	1.0018	 3.8187e+00	 1.0003e+00	12.099	 1.0205e+00
	 nan	3.7687	1.0018	 3.8222e+00	 1.0003e+00	12.109	 1.0206e+00
	 nan	3.7722	1.0017	 3.8258e+00	 1.0003e+00	12.12	 1.0206e+00
	 nan	3.7757	1.0017	 3.8293e+00	 1.0003e+00	12.13	 1.0206e+00
	 nan	3.7792	1.0016	 3.8328e+00	 1.0003e+00	12.141	 1.0207e+00
	 nan	3.7826	1.0016	 3.8363e+00	 1.0004e+00	12.152	 1.0206e+00
	 nan	3.7861	1.0015	 3.8399e+00	 1.0004e+00	12.162	 1.0207e+00
	 nan	3.7896	1.0015	 3.8434e+00	 1.0004e+00	12.173	 1.0207e+00
	 nan	3.7931	1.0014	 3.8469e+00	 1.0004e+00	12.184	 1.0207e+00
	 nan	3.7966	1.0014	 3.8505e+00	 1.0004e+00	12.194	 1.0207e+00
	 nan	3.8001	1.0014	 3.8540e+00	 1.0004e+00	12.205	 1.0207e+00
	 nan	3.8035	1.0013	 3.8576e+00	 1.0004e+00	12.216	 1.0208e+00
	 nan	3.807	1.0013	 3.8611e+00	 1.0004e+00	12.226	 1.0207e+00
	 nan	3.8105	1.0013	 3.8647e+00	 1.0004e+00	12.237	 1.0208e+00
	 nan	3.814	1.0013	 3.8682e+00	 1.0005e+00	12.248	 1.0208e+00
	 nan	3.8175	1.0012	 3.8718e+00	 1.0005e+00	12.258	 1.0208e+00
	 nan	3.8211	1.0012	 3.8754e+00	 1.0005e+00	12.269	 1.0208e+00
	 nan	3.8246	1.0012	 3.8789e+00	 1.0005e+00	12.28	 1.0207e+00
	 nan	3.8281	1.0012	 3.8825e+00	 1.0005e+00	12.29	 1.0208e+00
	 nan	3.8316	1.0013	 3.8861e+00	 1.0005e+00	12.301	 1.0207e+00
	 nan	3.8351	1.0012	 3.8896e+00	 1.0005e+00	12.312	 1.0207e+00
	 nan	3.8386	1.0013	 3.8932e+00	 1.0005e+00	12.323	 1.0206e+00
	 nan	3.8422	1.0013	 3.8968e+00	 1.0005e+00	12.333	 1.0206e+00
	 nan	3.8457	1.0013	 3.9004e+00	 1.0005e+00	12.344	 1.0205e+00
	 nan	3.8492	1.0013	 3.9040e+00	 1.0005e+00	12.355	 1.0204e+00
	 nan	3.8527	1.0013	 3.9076e+00	 1.0005e+00	12.366	 1.0204e+00
	 nan	3.8563	1.0013	 3.9112e+00	 1.0005e+00	12.376	 1.0203e+00
	 nan	3.8598	1.0013	 3.9147e+00	 1.0005e+00	12.387	 1.0203e+00
	 nan	3.8634	1.0013	 3.9183e+00	 1.0005e+00	12.398	 1.0201e+00
	 nan	3.8669	1.0014	 3.9219e+00	 1.0004e+00	12.409	 1.0201e+00
	 nan	3.8705	1.0014	 3.9255e+00	 1.0004e+00	12.42	 1.0200e+00
	 nan	3.874	1.0014	 3.9292e+00	 1.0004e+00	12.431	 1.0200e+00
	 nan	3.8776	1.0014	 3.9328e+00	 1.0004e+00	12.441	 1.0200e+00
	 nan	3.8811	1.0015	 3.9364e+00	 1.0004e+00	12.452	 1.0199e+00
	 nan	3.8847	1.0015	 3.9400e+00	 1.0003e+00	12.463	 1.0199e+00
	 nan	3.8883	1.0015	 3.9436e+00	 1.0003e+00	12.474	 1.0198e+00
	 nan	3.8918	1.0015	 3.9472e+00	 1.0003e+00	12.485	 1.0199e+00
	 nan	3.8954	1.0015	 3.9509e+00	 1.0003e+00	12.496	 1.0198e+00
	 nan	3.899	1.0015	 3.9545e+00	 1.0003e+00	12.507	 1.0198e+00
	 nan	3.9026	1.0014	 3.9582e+00	 1.0002e+00	12.517	 1.0199e+00
	 nan	3.9062	1.0014	 3.9618e+00	 1.0002e+00	12.528	 1.0198e+00
	 nan	3.9098	1.0014	 3.9654e+00	 1.0002e+00	12.539	 1.0199e+00
	 nan	3.9134	1.0013	 3.9691e+00	 1.0002e+00	12.55	 1.0199e+00
	 nan	3.917	1.0013	 3.9727e+00	 1.0001e+00	12.561	 1.0200e+00
	 nan	3.9206	1.0013	 3.9764e+00	 1.0001e+00	12.572	 1.0200e+00
	 nan	3.9242	1.0012	 3.9801e+00	 1.0001e+00	12.583	 1.0201e+00
	 nan	3.9278	1.0012	 3.9837e+00	 1.0001e+00	12.594	 1.0202e+00
	 nan	3.9314	1.0012	 3.9874e+00	 1.0001e+00	12.605	 1.0202e+00
	 nan	3.935	1.0011	 3.9911e+00	 1.0001e+00	12.616	 1.0203e+00
	 nan	3.9386	1.0011	 3.9947e+00	 1.0001e+00	12.627	 1.0203e+00
	 nan	3.9423	1.001	 3.9984e+00	 1.0000e+00	12.638	 1.0204e+00
	 nan	3.9459	1.001	 4.0021e+00	 1.0000e+00	12.649	 1.0205e+00
	 nan	3.9495	1.001	 4.0058e+00	 1.0000e+00	12.66	 1.0205e+00
	 nan	3.9531	1.001	 4.0095e+00	 1.0001e+00	12.671	 1.0206e+00
	 nan	3.9568	1.001	 4.0131e+00	 1.0001e+00	12.682	 1.0206e+00
	 nan	3.9604	1.001	 4.0168e+00	 1.0001e+00	12.693	 1.0207e+00
	 nan	3.964	1.001	 4.0205e+00	 1.0001e+00	12.704	 1.0207e+00
	 nan	3.9677	1.001	 4.0242e+00	 1.0001e+00	12.715	 1.0208e+00
	 nan	3.9713	1.0011	 4.0279e+00	 1.0001e+00	12.726	 1.0207e+00
	 nan	3.975	1.0011	 4.0316e+00	 1.0001e+00	12.737	 1.0208e+00
	 nan	3.9786	1.0011	 4.0353e+00	 1.0001e+00	12.748	 1.0208e+00
	 nan	3.9823	1.0012	 4.0390e+00	 1.0002e+00	12.759	 1.0207e+00
	 nan	3.9859	1.0012	 4.0427e+00	 1.0002e+00	12.771	 1.0208e+00
	 nan	3.9896	1.0012	 4.0465e+00	 1.0002e+00	12.782	 1.0207e+00
	 nan	3.9933	1.0013	 4.0502e+00	 1.0002e+00	12.793	 1.0208e+00
	 nan	3.9969	1.0013	 4.0539e+00	 1.0002e+00	12.804	 1.0207e+00
	 nan	4.0006	1.0014	 4.0576e+00	 1.0002e+00	12.815	 1.0207e+00
	 nan	4.0043	1.0014	 4.0614e+00	 1.0002e+00	12.826	 1.0207e+00
	 nan	4.0079	1.0014	 4.0651e+00	 1.0002e+00	12.837	 1.0207e+00
	 nan	4.0116	1.0014	 4.0688e+00	 1.0002e+00	12.848	 1.0208e+00
	 nan	4.0153	1.0015	 4.0725e+00	 1.0002e+00	12.86	 1.0207e+00
	 nan	4.019	1.0015	 4.0763e+00	 1.0002e+00	12.871	 1.0208e+00
	 nan	4.0227	1.0015	 4.0800e+00	 1.0002e+00	12.882	 1.0208e+00
	 nan	4.0263	1.0015	 4.0838e+00	 1.0002e+00	12.893	 1.0209e+00
	 nan	4.03	1.0015	 4.0875e+00	 1.0002e+00	12.905	 1.0209e+00
	 nan	4.0337	1.0015	 4.0913e+00	 1.0002e+00	12.916	 1.0210e+00
	 nan	4.0374	1.0015	 4.0950e+00	 1.0002e+00	12.927	 1.0211e+00
	 nan	4.0411	1.0015	 4.0988e+00	 1.0002e+00	12.938	 1.0211e+00
	 nan	4.0448	1.0015	 4.1026e+00	 1.0002e+00	12.949	 1.0212e+00
	 nan	4.0485	1.0015	 4.1063e+00	 1.0002e+00	12.961	 1.0213e+00
	 nan	4.0523	1.0015	 4.1101e+00	 1.0002e+00	12.972	 1.0214e+00
	 nan	4.056	1.0015	 4.1139e+00	 1.0002e+00	12.983	 1.0215e+00
	 nan	4.0597	1.0015	 4.1177e+00	 1.0003e+00	12.995	 1.0215e+00
	 nan	4.0634	1.0015	 4.1215e+00	 1.0003e+00	13.006	 1.0217e+00
	 nan	4.0671	1.0015	 4.1252e+00	 1.0003e+00	13.017	 1.0217e+00
	 nan	4.0709	1.0015	 4.1290e+00	 1.0003e+00	13.028	 1.0219e+00
	 nan	4.0746	1.0015	 4.1328e+00	 1.0003e+00	13.04	 1.0220e+00
	 nan	4.0783	1.0015	 4.1366e+00	 1.0003e+00	13.051	 1.0221e+00
	 nan	4.0821	1.0016	 4.1404e+00	 1.0003e+00	13.062	 1.0222e+00
	 nan	4.0858	1.0016	 4.1442e+00	 1.0003e+00	13.074	 1.0223e+00
	 nan	4.0896	1.0016	 4.1480e+00	 1.0003e+00	13.085	 1.0225e+00
	 nan	4.0933	1.0016	 4.1518e+00	 1.0003e+00	13.096	 1.0226e+00
	 nan	4.0971	1.0016	 4.1557e+00	 1.0003e+00	13.108	 1.0228e+00
	 nan	4.1009	1.0016	 4.1595e+00	 1.0003e+00	13.119	 1.0228e+00
	 nan	4.1046	1.0016	 4.1633e+00	 1.0003e+00	13.131	 1.0230e+00
	 nan	4.1084	1.0016	 4.1671e+00	 1.0003e+00	13.142	 1.0231e+00
	 nan	4.1121	1.0016	 4.1710e+00	 1.0003e+00	13.153	 1.0232e+00
	 nan	4.1159	1.0016	 4.1748e+00	 1.0003e+00	13.165	 1.0233e+00
	 nan	4.1197	1.0016	 4.1786e+00	 1.0004e+00	13.176	 1.0233e+00
	 nan	4.1235	1.0016	 4.1825e+00	 1.0003e+00	13.188	 1.0235e+00
	 nan	4.1273	1.0016	 4.1863e+00	 1.0004e+00	13.199	 1.0235e+00
	 nan	4.1311	1.0016	 4.1902e+00	 1.0004e+00	13.211	 1.0235e+00
	 nan	4.1348	1.0016	 4.1940e+00	 1.0004e+00	13.222	 1.0236e+00
	 nan	4.1386	1.0016	 4.1978e+00	 1.0004e+00	13.233	 1.0236e+00
	 nan	4.1424	1.0016	 4.2017e+00	 1.0004e+00	13.245	 1.0237e+00
	 nan	4.1462	1.0016	 4.2055e+00	 1.0004e+00	13.256	 1.0236e+00
	 nan	4.15	1.0016	 4.2094e+00	 1.0004e+00	13.268	 1.0237e+00
	 nan	4.1538	1.0016	 4.2133e+00	 1.0004e+00	13.279	 1.0237e+00
	 nan	4.1576	1.0016	 4.2171e+00	 1.0004e+00	13.291	 1.0237e+00
	 nan	4.1614	1.0017	 4.2210e+00	 1.0005e+00	13.303	 1.0237e+00
	 nan	4.1652	1.0017	 4.2249e+00	 1.0005e+00	13.314	 1.0237e+00
	 nan	4.1691	1.0017	 4.2287e+00	 1.0005e+00	13.326	 1.0237e+00
	 nan	4.1729	1.0017	 4.2326e+00	 1.0005e+00	13.337	 1.0237e+00
	 nan	4.1767	1.0017	 4.2365e+00	 1.0005e+00	13.349	 1.0237e+00
	 nan	4.1805	1.0017	 4.2404e+00	 1.0006e+00	13.36	 1.0236e+00
	 nan	4.1844	1.0017	 4.2443e+00	 1.0006e+00	13.372	 1.0236e+00
	 nan	4.1882	1.0017	 4.2482e+00	 1.0006e+00	13.383	 1.0236e+00
	 nan	4.192	1.0017	 4.2521e+00	 1.0006e+00	13.395	 1.0235e+00
	 nan	4.1959	1.0017	 4.2560e+00	 1.0006e+00	13.407	 1.0235e+00
	 nan	4.1997	1.0018	 4.2599e+00	 1.0007e+00	13.418	 1.0234e+00
	 nan	4.2035	1.0017	 4.2638e+00	 1.0007e+00	13.43	 1.0235e+00
	 nan	4.2074	1.0018	 4.2677e+00	 1.0007e+00	13.441	 1.0234e+00
	 nan	4.2112	1.0017	 4.2716e+00	 1.0007e+00	13.453	 1.0234e+00
	 nan	4.2151	1.0017	 4.2755e+00	 1.0007e+00	13.465	 1.0234e+00
	 nan	4.219	1.0017	 4.2794e+00	 1.0007e+00	13.476	 1.0234e+00
	 nan	4.2228	1.0017	 4.2834e+00	 1.0007e+00	13.488	 1.0234e+00
	 nan	4.2267	1.0017	 4.2873e+00	 1.0007e+00	13.5	 1.0233e+00
	 nan	4.2306	1.0017	 4.2912e+00	 1.0007e+00	13.511	 1.0234e+00
	 nan	4.2344	1.0017	 4.2951e+00	 1.0007e+00	13.523	 1.0233e+00
	 nan	4.2383	1.0017	 4.2991e+00	 1.0006e+00	13.535	 1.0234e+00
	 nan	4.2422	1.0017	 4.3030e+00	 1.0006e+00	13.547	 1.0233e+00
	 nan	4.2461	1.0017	 4.3069e+00	 1.0006e+00	13.558	 1.0234e+00
	 nan	4.25	1.0017	 4.3109e+00	 1.0006e+00	13.57	 1.0234e+00
	 nan	4.2538	1.0017	 4.3148e+00	 1.0005e+00	13.582	 1.0234e+00
	 nan	4.2577	1.0017	 4.3188e+00	 1.0005e+00	13.594	 1.0235e+00
	 nan	4.2617	1.0017	 4.3228e+00	 1.0005e+00	13.605	 1.0234e+00
	 nan	4.2656	1.0017	 4.3267e+00	 1.0004e+00	13.617	 1.0235e+00
	 nan	4.2695	1.0018	 4.3307e+00	 1.0004e+00	13.629	 1.0235e+00
	 nan	4.2734	1.0018	 4.3347e+00	 1.0004e+00	13.641	 1.0236e+00
	 nan	4.2773	1.0019	 4.3387e+00	 1.0004e+00	13.652	 1.0237e+00
	 nan	4.2812	1.002	 4.3426e+00	 1.0004e+00	13.664	 1.0237e+00
	 nan	4.2851	1.002	 4.3466e+00	 1.0004e+00	13.676	 1.0238e+00
	 nan	4.289	1.0021	 4.3506e+00	 1.0004e+00	13.688	 1.0238e+00
	 nan	4.293	1.0021	 4.3546e+00	 1.0003e+00	13.7	 1.0239e+00
	 nan	4.2969	1.0022	 4.3586e+00	 1.0004e+00	13.712	 1.0239e+00
	 nan	4.3008	1.0022	 4.3626e+00	 1.0004e+00	13.723	 1.0240e+00
	 nan	4.3048	1.0022	 4.3666e+00	 1.0004e+00	13.735	 1.0240e+00
	 nan	4.3087	1.0023	 4.3706e+00	 1.0004e+00	13.747	 1.0240e+00
	 nan	4.3127	1.0023	 4.3746e+00	 1.0004e+00	13.759	 1.0241e+00
	 nan	4.3166	1.0023	 4.3786e+00	 1.0004e+00	13.771	 1.0241e+00
	 nan	4.3206	1.0023	 4.3826e+00	 1.0004e+00	13.783	 1.0242e+00
	 nan	4.3245	1.0024	 4.3867e+00	 1.0005e+00	13.795	 1.0241e+00
	 nan	4.3285	1.0024	 4.3907e+00	 1.0005e+00	13.807	 1.0242e+00
	 nan	4.3324	1.0023	 4.3947e+00	 1.0005e+00	13.819	 1.0242e+00
	 nan	4.3364	1.0023	 4.3987e+00	 1.0005e+00	13.831	 1.0242e+00
	 nan	4.3404	1.0023	 4.4028e+00	 1.0005e+00	13.843	 1.0243e+00
	 nan	4.3443	1.0023	 4.4068e+00	 1.0005e+00	13.855	 1.0242e+00
	 nan	4.3483	1.0023	 4.4108e+00	 1.0005e+00	13.867	 1.0243e+00
	 nan	4.3523	1.0023	 4.4149e+00	 1.0005e+00	13.879	 1.0243e+00
	 nan	4.3563	1.0022	 4.4189e+00	 1.0005e+00	13.89	 1.0243e+00
	 nan	4.3602	1.0022	 4.4230e+00	 1.0006e+00	13.902	 1.0243e+00
	 nan	4.3642	1.0022	 4.4270e+00	 1.0006e+00	13.915	 1.0243e+00
	 nan	4.3682	1.0021	 4.4311e+00	 1.0006e+00	13.927	 1.0244e+00
	 nan	4.3722	1.0021	 4.4351e+00	 1.0006e+00	13.938	 1.0244e+00
	 nan	4.3762	1.002	 4.4392e+00	 1.0006e+00	13.951	 1.0244e+00
	 nan	4.3802	1.002	 4.4432e+00	 1.0006e+00	13.963	 1.0244e+00
	 nan	4.3842	1.002	 4.4473e+00	 1.0006e+00	13.975	 1.0245e+00
	 nan	4.3882	1.002	 4.4514e+00	 1.0006e+00	13.987	 1.0245e+00
	 nan	4.3922	1.002	 4.4555e+00	 1.0006e+00	13.999	 1.0246e+00
	 nan	4.3963	1.0019	 4.4596e+00	 1.0006e+00	14.011	 1.0247e+00
	 nan	4.4003	1.0019	 4.4636e+00	 1.0007e+00	14.023	 1.0247e+00
	 nan	4.4043	1.0019	 4.4677e+00	 1.0007e+00	14.035	 1.0248e+00
	 nan	4.4083	1.0019	 4.4718e+00	 1.0007e+00	14.047	 1.0248e+00
	 nan	4.4124	1.0018	 4.4759e+00	 1.0007e+00	14.059	 1.0249e+00
	 nan	4.4164	1.0018	 4.4800e+00	 1.0007e+00	14.072	 1.0249e+00
	 nan	4.4204	1.0018	 4.4841e+00	 1.0007e+00	14.084	 1.0250e+00
	 nan	4.4245	1.0018	 4.4882e+00	 1.0007e+00	14.096	 1.0250e+00
	 nan	4.4285	1.0018	 4.4923e+00	 1.0007e+00	14.108	 1.0250e+00
	 nan	4.4326	1.0018	 4.4964e+00	 1.0007e+00	14.12	 1.0251e+00
	 nan	4.4366	1.0018	 4.5006e+00	 1.0007e+00	14.132	 1.0251e+00
	 nan	4.4407	1.0018	 4.5047e+00	 1.0007e+00	14.145	 1.0252e+00
	 nan	4.4447	1.0018	 4.5088e+00	 1.0007e+00	14.157	 1.0252e+00
	 nan	4.4488	1.0018	 4.5129e+00	 1.0007e+00	14.169	 1.0252e+00
	 nan	4.4529	1.0018	 4.5171e+00	 1.0007e+00	14.181	 1.0253e+00
	 nan	4.4569	1.0018	 4.5212e+00	 1.0006e+00	14.193	 1.0252e+00
	 nan	4.461	1.0018	 4.5254e+00	 1.0006e+00	14.206	 1.0253e+00
	 nan	4.4651	1.0019	 4.5295e+00	 1.0006e+00	14.218	 1.0253e+00
	 nan	4.4692	1.0019	 4.5336e+00	 1.0006e+00	14.23	 1.0253e+00
	 nan	4.4733	1.0019	 4.5378e+00	 1.0006e+00	14.242	 1.0253e+00
	 nan	4.4773	1.0019	 4.5419e+00	 1.0005e+00	14.255	 1.0253e+00
	 nan	4.4814	1.0019	 4.5461e+00	 1.0005e+00	14.267	 1.0254e+00
	 nan	4.4855	1.0019	 4.5503e+00	 1.0005e+00	14.279	 1.0253e+00
	 nan	4.4896	1.0019	 4.5544e+00	 1.0004e+00	14.291	 1.0254e+00
	 nan	4.4937	1.002	 4.5586e+00	 1.0004e+00	14.304	 1.0254e+00
	 nan	4.4978	1.0019	 4.5628e+00	 1.0004e+00	14.316	 1.0254e+00
	 nan	4.502	1.002	 4.5669e+00	 1.0003e+00	14.328	 1.0254e+00
	 nan	4.5061	1.002	 4.5711e+00	 1.0003e+00	14.341	 1.0254e+00
	 nan	4.5102	1.002	 4.5753e+00	 1.0003e+00	14.353	 1.0254e+00
	 nan	4.5143	1.002	 4.5795e+00	 1.0002e+00	14.365	 1.0254e+00
	 nan	4.5184	1.0019	 4.5837e+00	 1.0002e+00	14.378	 1.0255e+00
	 nan	4.5226	1.002	 4.5879e+00	 1.0002e+00	14.39	 1.0254e+00
	 nan	4.5267	1.0019	 4.5921e+00	 1.0002e+00	14.403	 1.0255e+00
	 nan	4.5308	1.0019	 4.5963e+00	 1.0001e+00	14.415	 1.0255e+00
	 nan	4.535	1.0019	 4.6005e+00	 1.0001e+00	14.427	 1.0256e+00
	 nan	4.5391	1.0019	 4.6047e+00	 1.0001e+00	14.44	 1.0256e+00
	 nan	4.5433	1.0019	 4.6089e+00	 1.0001e+00	14.452	 1.0256e+00
	 nan	4.5474	1.0018	 4.6131e+00	 1.0001e+00	14.465	 1.0257e+00
	 nan	4.5516	1.0018	 4.6173e+00	 1.0001e+00	14.477	 1.0257e+00
	 nan	4.5557	1.0018	 4.6215e+00	 1.0001e+00	14.49	 1.0259e+00
	 nan	4.5599	1.0018	 4.6257e+00	 1.0002e+00	14.502	 1.0259e+00
	 nan	4.5641	1.0017	 4.6300e+00	 1.0002e+00	14.514	 1.0260e+00
	 nan	4.5682	1.0017	 4.6342e+00	 1.0002e+00	14.527	 1.0260e+00
	 nan	4.5724	1.0017	 4.6384e+00	 1.0002e+00	14.54	 1.0261e+00
	 nan	4.5766	1.0017	 4.6427e+00	 1.0002e+00	14.552	 1.0262e+00
	 nan	4.5808	1.0017	 4.6469e+00	 1.0003e+00	14.565	 1.0262e+00
	 nan	4.5849	1.0017	 4.6512e+00	 1.0003e+00	14.577	 1.0264e+00
	 nan	4.5891	1.0017	 4.6554e+00	 1.0003e+00	14.59	 1.0264e+00
	 nan	4.5933	1.0017	 4.6597e+00	 1.0003e+00	14.602	 1.0265e+00
	 nan	4.5975	1.0017	 4.6639e+00	 1.0004e+00	14.615	 1.0266e+00
	 nan	4.6017	1.0017	 4.6682e+00	 1.0004e+00	14.627	 1.0266e+00
	 nan	4.6059	1.0017	 4.6724e+00	 1.0004e+00	14.64	 1.0267e+00
	 nan	4.6101	1.0018	 4.6767e+00	 1.0004e+00	14.652	 1.0267e+00
	 nan	4.6143	1.0018	 4.6810e+00	 1.0004e+00	14.665	 1.0269e+00
	 nan	4.6185	1.0018	 4.6853e+00	 1.0005e+00	14.678	 1.0269e+00
	 nan	4.6227	1.0018	 4.6895e+00	 1.0005e+00	14.69	 1.0270e+00
	 nan	4.6269	1.0019	 4.6938e+00	 1.0005e+00	14.703	 1.0270e+00
	 nan	4.6312	1.0019	 4.6981e+00	 1.0005e+00	14.715	 1.0271e+00
	 nan	4.6354	1.0019	 4.7024e+00	 1.0005e+00	14.728	 1.0272e+00
	 nan	4.6396	1.002	 4.7067e+00	 1.0005e+00	14.741	 1.0272e+00
	 nan	4.6439	1.002	 4.7111e+00	 1.0005e+00	14.753	 1.0274e+00
	 nan	4.6481	1.002	 4.7154e+00	 1.0005e+00	14.766	 1.0274e+00
	 nan	4.6523	1.002	 4.7197e+00	 1.0005e+00	14.779	 1.0275e+00
	 nan	4.6566	1.002	 4.7240e+00	 1.0005e+00	14.791	 1.0275e+00
	 nan	4.6608	1.0021	 4.7283e+00	 1.0005e+00	14.804	 1.0275e+00
	 nan	4.6651	1.0021	 4.7326e+00	 1.0005e+00	14.817	 1.0276e+00
	 nan	4.6693	1.0021	 4.7370e+00	 1.0005e+00	14.829	 1.0276e+00
	 nan	4.6736	1.0021	 4.7413e+00	 1.0004e+00	14.842	 1.0277e+00
	 nan	4.6779	1.0022	 4.7457e+00	 1.0004e+00	14.855	 1.0276e+00
	 nan	4.6821	1.0022	 4.7500e+00	 1.0004e+00	14.868	 1.0277e+00
	 nan	4.6864	1.0022	 4.7543e+00	 1.0004e+00	14.88	 1.0277e+00
	 nan	4.6907	1.0022	 4.7587e+00	 1.0004e+00	14.893	 1.0277e+00
	 nan	4.695	1.0022	 4.7630e+00	 1.0004e+00	14.906	 1.0278e+00
	 nan	4.6993	1.0022	 4.7674e+00	 1.0004e+00	14.919	 1.0278e+00
	 nan	4.7035	1.0022	 4.7718e+00	 1.0003e+00	14.932	 1.0279e+00
	 nan	4.7078	1.0022	 4.7761e+00	 1.0003e+00	14.944	 1.0278e+00
	 nan	4.7121	1.0022	 4.7805e+00	 1.0003e+00	14.957	 1.0279e+00
	 nan	4.7164	1.0022	 4.7848e+00	 1.0003e+00	14.97	 1.0279e+00
	 nan	4.7207	1.0021	 4.7892e+00	 1.0003e+00	14.983	 1.0280e+00
	 nan	4.725	1.0021	 4.7936e+00	 1.0004e+00	14.996	 1.0280e+00
	 nan	4.7293	1.0021	 4.7980e+00	 1.0004e+00	15.009	 1.0280e+00
	 nan	4.7336	1.002	 4.8023e+00	 1.0004e+00	15.021	 1.0281e+00
	 nan	4.738	1.002	 4.8067e+00	 1.0004e+00	15.034	 1.0281e+00
	 nan	4.7423	1.0019	 4.8111e+00	 1.0004e+00	15.047	 1.0282e+00
	 nan	4.7466	1.0019	 4.8155e+00	 1.0004e+00	15.06	 1.0282e+00
	 nan	4.7509	1.0019	 4.8199e+00	 1.0004e+00	15.073	 1.0283e+00
	 nan	4.7553	1.0019	 4.8243e+00	 1.0004e+00	15.086	 1.0284e+00
	 nan	4.7596	1.0019	 4.8287e+00	 1.0004e+00	15.099	 1.0284e+00
	 nan	4.764	1.0018	 4.8331e+00	 1.0004e+00	15.112	 1.0286e+00
	 nan	4.7683	1.0019	 4.8375e+00	 1.0004e+00	15.125	 1.0286e+00
	 nan	4.7726	1.0018	 4.8419e+00	 1.0004e+00	15.138	 1.0287e+00
	 nan	4.777	1.0018	 4.8464e+00	 1.0004e+00	15.151	 1.0287e+00
	 nan	4.7814	1.0018	 4.8508e+00	 1.0004e+00	15.164	 1.0288e+00
	 nan	4.7857	1.0018	 4.8552e+00	 1.0004e+00	15.177	 1.0289e+00
	 nan	4.7901	1.0018	 4.8596e+00	 1.0004e+00	15.19	 1.0289e+00
	 nan	4.7945	1.0017	 4.8641e+00	 1.0004e+00	15.203	 1.0290e+00
	 nan	4.7988	1.0017	 4.8685e+00	 1.0004e+00	15.216	 1.0289e+00
	 nan	4.8032	1.0017	 4.8730e+00	 1.0004e+00	15.229	 1.0290e+00
	 nan	4.8076	1.0017	 4.8774e+00	 1.0003e+00	15.242	 1.0290e+00
	 nan	4.812	1.0017	 4.8819e+00	 1.0003e+00	15.255	 1.0290e+00
	 nan	4.8163	1.0017	 4.8863e+00	 1.0003e+00	15.268	 1.0290e+00
	 nan	4.8207	1.0017	 4.8908e+00	 1.0003e+00	15.281	 1.0290e+00
	 nan	4.8251	1.0017	 4.8952e+00	 1.0003e+00	15.294	 1.0290e+00
	 nan	4.8295	1.0017	 4.8997e+00	 1.0003e+00	15.307	 1.0289e+00
	 nan	4.8339	1.0017	 4.9042e+00	 1.0003e+00	15.32	 1.0289e+00
	 nan	4.8383	1.0018	 4.9086e+00	 1.0003e+00	15.333	 1.0288e+00
	 nan	4.8427	1.0018	 4.9131e+00	 1.0003e+00	15.346	 1.0289e+00
	 nan	4.8471	1.0018	 4.9176e+00	 1.0003e+00	15.36	 1.0289e+00
	 nan	4.8515	1.0018	 4.9221e+00	 1.0003e+00	15.373	 1.0288e+00
	 nan	4.856	1.0018	 4.9266e+00	 1.0003e+00	15.386	 1.0289e+00
	 nan	4.8604	1.0018	 4.9311e+00	 1.0003e+00	15.399	 1.0288e+00
	 nan	4.8648	1.0018	 4.9356e+00	 1.0003e+00	15.412	 1.0289e+00
	 nan	4.8692	1.0019	 4.9401e+00	 1.0003e+00	15.425	 1.0289e+00
	 nan	4.8737	1.0019	 4.9446e+00	 1.0003e+00	15.438	 1.0289e+00
	 nan	4.8781	1.0019	 4.9491e+00	 1.0004e+00	15.452	 1.0290e+00
	 nan	4.8826	1.0019	 4.9536e+00	 1.0004e+00	15.465	 1.0290e+00
	 nan	4.887	1.0019	 4.9581e+00	 1.0004e+00	15.478	 1.0291e+00
	 nan	4.8914	1.0019	 4.9627e+00	 1.0004e+00	15.491	 1.0291e+00
	 nan	4.8959	1.0019	 4.9672e+00	 1.0004e+00	15.505	 1.0292e+00
	 nan	4.9004	1.002	 4.9718e+00	 1.0005e+00	15.518	 1.0292e+00
	 nan	4.9048	1.002	 4.9763e+00	 1.0005e+00	15.531	 1.0293e+00
	 nan	4.9093	1.002	 4.9808e+00	 1.0005e+00	15.544	 1.0293e+00
	 nan	4.9138	1.002	 4.9854e+00	 1.0006e+00	15.558	 1.0293e+00
	 nan	4.9182	1.002	 4.9899e+00	 1.0006e+00	15.571	 1.0294e+00
	 nan	4.9227	1.002	 4.9945e+00	 1.0006e+00	15.584	 1.0294e+00
	 nan	4.9272	1.002	 4.9991e+00	 1.0006e+00	15.598	 1.0295e+00
	 nan	4.9317	1.0021	 5.0036e+00	 1.0007e+00	15.611	 1.0294e+00
	 nan	4.9361	1.002	 5.0082e+00	 1.0007e+00	15.624	 1.0295e+00
	 nan	4.9406	1.0021	 5.0128e+00	 1.0007e+00	15.637	 1.0295e+00
	 nan	4.9451	1.0021	 5.0173e+00	 1.0007e+00	15.651	 1.0295e+00
	 nan	4.9497	1.0021	 5.0219e+00	 1.0008e+00	15.664	 1.0296e+00
	 nan	4.9542	1.0021	 5.0265e+00	 1.0008e+00	15.678	 1.0296e+00
	 nan	4.9587	1.0021	 5.0311e+00	 1.0008e+00	15.691	 1.0297e+00
	 nan	4.9632	1.0021	 5.0357e+00	 1.0008e+00	15.704	 1.0297e+00
	 nan	4.9677	1.0021	 5.0403e+00	 1.0008e+00	15.718	 1.0298e+00
	 nan	4.9722	1.0021	 5.0449e+00	 1.0008e+00	15.731	 1.0298e+00
	 nan	4.9768	1.0021	 5.0494e+00	 1.0008e+00	15.745	 1.0299e+00
	 nan	4.9813	1.0021	 5.0540e+00	 1.0008e+00	15.758	 1.0300e+00
	 nan	4.9858	1.0022	 5.0587e+00	 1.0008e+00	15.771	 1.0300e+00
	 nan	4.9904	1.0022	 5.0633e+00	 1.0008e+00	15.785	 1.0301e+00
	 nan	4.9949	1.0022	 5.0679e+00	 1.0008e+00	15.798	 1.0302e+00
	 nan	4.9995	1.0022	 5.0725e+00	 1.0008e+00	15.812	 1.0303e+00
	 nan	5.004	1.0023	 5.0771e+00	 1.0008e+00	15.825	 1.0304e+00
	 nan	5.0085	1.0023	 5.0817e+00	 1.0008e+00	15.839	 1.0305e+00
	 nan	5.0131	1.0023	 5.0864e+00	 1.0008e+00	15.852	 1.0306e+00
	 nan	5.0177	1.0023	 5.0910e+00	 1.0008e+00	15.866	 1.0306e+00
	 nan	5.0222	1.0023	 5.0956e+00	 1.0007e+00	15.879	 1.0308e+00
	 nan	5.0268	1.0023	 5.1003e+00	 1.0007e+00	15.893	 1.0308e+00
	 nan	5.0314	1.0023	 5.1049e+00	 1.0007e+00	15.906	 1.0310e+00
	 nan	5.036	1.0024	 5.1096e+00	 1.0007e+00	15.92	 1.0311e+00
	 nan	5.0405	1.0024	 5.1142e+00	 1.0007e+00	15.933	 1.0312e+00
	 nan	5.0451	1.0024	 5.1189e+00	 1.0006e+00	15.947	 1.0313e+00
	 nan	5.0497	1.0024	 5.1235e+00	 1.0006e+00	15.961	 1.0314e+00
	 nan	5.0543	1.0024	 5.1282e+00	 1.0006e+00	15.974	 1.0315e+00
	 nan	5.0589	1.0024	 5.1329e+00	 1.0005e+00	15.988	 1.0315e+00
	 nan	5.0635	1.0024	 5.1376e+00	 1.0005e+00	16.001	 1.0317e+00
	 nan	5.0681	1.0024	 5.1422e+00	 1.0005e+00	16.015	 1.0317e+00
	 nan	5.0727	1.0025	 5.1469e+00	 1.0004e+00	16.029	 1.0318e+00
	 nan	5.0774	1.0025	 5.1516e+00	 1.0004e+00	16.042	 1.0319e+00
	 nan	5.082	1.0025	 5.1563e+00	 1.0004e+00	16.056	 1.0319e+00
	 nan	5.0866	1.0025	 5.1610e+00	 1.0003e+00	16.07	 1.0321e+00
	 nan	5.0912	1.0025	 5.1657e+00	 1.0003e+00	16.083	 1.0320e+00
	 nan	5.0958	1.0025	 5.1704e+00	 1.0003e+00	16.097	 1.0322e+00
	 nan	5.1005	1.0025	 5.1751e+00	 1.0002e+00	16.111	 1.0321e+00
	 nan	5.1051	1.0025	 5.1799e+00	 1.0002e+00	16.124	 1.0322e+00
	 nan	5.1098	1.0025	 5.1846e+00	 1.0002e+00	16.138	 1.0323e+00
	 nan	5.1144	1.0026	 5.1893e+00	 1.0001e+00	16.152	 1.0323e+00
	 nan	5.119	1.0025	 5.1940e+00	 1.0001e+00	16.166	 1.0324e+00
	 nan	5.1237	1.0026	 5.1988e+00	 1.0001e+00	16.179	 1.0323e+00
	 nan	5.1284	1.0025	 5.2035e+00	 1.0000e+00	16.193	 1.0324e+00
	 nan	5.133	1.0026	 5.2082e+00	 1.0000e+00	16.207	 1.0323e+00
	 nan	5.1377	1.0026	 5.2130e+00	 9.9998e-01	16.221	 1.0323e+00
	 nan	5.1424	1.0026	 5.2177e+00	 9.9996e-01	16.234	 1.0323e+00
	 nan	5.147	1.0026	 5.2225e+00	 9.9994e-01	16.248	 1.0322e+00
	 nan	5.1517	1.0025	 5.2272e+00	 9.9991e-01	16.262	 1.0322e+00
	 nan	5.1564	1.0026	 5.2320e+00	 9.9990e-01	16.276	 1.0321e+00
	 nan	5.1611	1.0025	 5.2367e+00	 9.9988e-01	16.29	 1.0321e+00
	 nan	5.1658	1.0026	 5.2415e+00	 9.9988e-01	16.303	 1.0320e+00
	 nan	5.1705	1.0026	 5.2463e+00	 9.9987e-01	16.317	 1.0320e+00
	 nan	5.1752	1.0026	 5.2511e+00	 9.9987e-01	16.331	 1.0319e+00
	 nan	5.1799	1.0026	 5.2558e+00	 9.9987e-01	16.345	 1.0318e+00
	 nan	5.1846	1.0025	 5.2606e+00	 9.9988e-01	16.359	 1.0317e+00
	 nan	5.1893	1.0026	 5.2654e+00	 9.9990e-01	16.373	 1.0316e+00
	 nan	5.194	1.0025	 5.2702e+00	 9.9990e-01	16.387	 1.0316e+00
	 nan	5.1987	1.0025	 5.2750e+00	 9.9994e-01	16.401	 1.0315e+00
	 nan	5.2035	1.0025	 5.2798e+00	 9.9994e-01	16.415	 1.0315e+00
	 nan	5.2082	1.0025	 5.2846e+00	 9.9997e-01	16.428	 1.0315e+00
	 nan	5.2129	1.0025	 5.2894e+00	 9.9999e-01	16.442	 1.0315e+00
	 nan	5.2177	1.0024	 5.2942e+00	 1.0000e+00	16.456	 1.0315e+00
	 nan	5.2224	1.0024	 5.2990e+00	 1.0000e+00	16.47	 1.0315e+00
	 nan	5.2271	1.0024	 5.3038e+00	 1.0000e+00	16.484	 1.0316e+00
	 nan	5.2319	1.0024	 5.3087e+00	 1.0001e+00	16.498	 1.0316e+00
	 nan	5.2366	1.0024	 5.3135e+00	 1.0001e+00	16.512	 1.0317e+00
	 nan	5.2414	1.0024	 5.3183e+00	 1.0001e+00	16.526	 1.0317e+00
	 nan	5.2462	1.0024	 5.3232e+00	 1.0001e+00	16.54	 1.0318e+00
	 nan	5.2509	1.0023	 5.3280e+00	 1.0001e+00	16.554	 1.0319e+00
	 nan	5.2557	1.0024	 5.3329e+00	 1.0002e+00	16.569	 1.0319e+00
	 nan	5.2604	1.0023	 5.3377e+00	 1.0002e+00	16.582	 1.0320e+00
	 nan	5.2652	1.0024	 5.3426e+00	 1.0002e+00	16.597	 1.0320e+00
	 nan	5.27	1.0023	 5.3475e+00	 1.0002e+00	16.611	 1.0322e+00
	 nan	5.2748	1.0023	 5.3523e+00	 1.0002e+00	16.625	 1.0322e+00
	 nan	5.2796	1.0023	 5.3572e+00	 1.0002e+00	16.639	 1.0323e+00
	 nan	5.2844	1.0023	 5.3621e+00	 1.0002e+00	16.653	 1.0325e+00
	 nan	5.2892	1.0023	 5.3669e+00	 1.0002e+00	16.667	 1.0325e+00
	 nan	5.294	1.0023	 5.3718e+00	 1.0002e+00	16.681	 1.0327e+00
	 nan	5.2988	1.0023	 5.3767e+00	 1.0003e+00	16.695	 1.0328e+00
	 nan	5.3036	1.0023	 5.3816e+00	 1.0003e+00	16.709	 1.0330e+00
	 nan	5.3084	1.0023	 5.3865e+00	 1.0003e+00	16.724	 1.0331e+00
	 nan	5.3132	1.0023	 5.3914e+00	 1.0003e+00	16.738	 1.0332e+00
	 nan	5.318	1.0023	 5.3963e+00	 1.0003e+00	16.752	 1.0334e+00
	 nan	5.3229	1.0023	 5.4012e+00	 1.0003e+00	16.766	 1.0335e+00
	 nan	5.3277	1.0023	 5.4061e+00	 1.0003e+00	16.78	 1.0337e+00
	 nan	5.3325	1.0024	 5.4110e+00	 1.0003e+00	16.795	 1.0337e+00
	 nan	5.3374	1.0023	 5.4159e+00	 1.0004e+00	16.809	 1.0339e+00
	 nan	5.3422	1.0024	 5.4209e+00	 1.0004e+00	16.823	 1.0340e+00
	 nan	5.3471	1.0024	 5.4258e+00	 1.0004e+00	16.837	 1.0341e+00
	 nan	5.3519	1.0024	 5.4307e+00	 1.0004e+00	16.852	 1.0342e+00
	 nan	5.3568	1.0024	 5.4357e+00	 1.0004e+00	16.866	 1.0342e+00
	 nan	5.3617	1.0024	 5.4406e+00	 1.0004e+00	16.88	 1.0344e+00
	 nan	5.3665	1.0024	 5.4455e+00	 1.0005e+00	16.894	 1.0344e+00
	 nan	5.3714	1.0024	 5.4505e+00	 1.0005e+00	16.909	 1.0345e+00
	 nan	5.3763	1.0024	 5.4554e+00	 1.0005e+00	16.923	 1.0345e+00
	 nan	5.3811	1.0024	 5.4604e+00	 1.0005e+00	16.937	 1.0345e+00
	 nan	5.386	1.0024	 5.4654e+00	 1.0005e+00	16.952	 1.0345e+00
	 nan	5.3909	1.0024	 5.4703e+00	 1.0005e+00	16.966	 1.0345e+00
	 nan	5.3958	1.0024	 5.4753e+00	 1.0005e+00	16.98	 1.0346e+00
	 nan	5.4007	1.0024	 5.4803e+00	 1.0005e+00	16.995	 1.0345e+00
	 nan	5.4056	1.0024	 5.4852e+00	 1.0005e+00	17.009	 1.0346e+00
	 nan	5.4105	1.0024	 5.4902e+00	 1.0005e+00	17.023	 1.0346e+00
	 nan	5.4154	1.0024	 5.4952e+00	 1.0005e+00	17.038	 1.0347e+00
	 nan	5.4203	1.0024	 5.5002e+00	 1.0005e+00	17.052	 1.0347e+00
	 nan	5.4252	1.0024	 5.5052e+00	 1.0005e+00	17.067	 1.0347e+00
	 nan	5.4302	1.0024	 5.5102e+00	 1.0005e+00	17.081	 1.0348e+00
	 nan	5.4351	1.0024	 5.5152e+00	 1.0005e+00	17.096	 1.0348e+00
	 nan	5.44	1.0024	 5.5202e+00	 1.0005e+00	17.11	 1.0349e+00
	 nan	5.4449	1.0025	 5.5252e+00	 1.0005e+00	17.124	 1.0349e+00
	 nan	5.4499	1.0025	 5.5302e+00	 1.0005e+00	17.139	 1.0350e+00
	 nan	5.4548	1.0025	 5.5352e+00	 1.0005e+00	17.153	 1.0351e+00
	 nan	5.4598	1.0025	 5.5403e+00	 1.0005e+00	17.168	 1.0351e+00
	 nan	5.4647	1.0025	 5.5453e+00	 1.0005e+00	17.182	 1.0352e+00
	 nan	5.4697	1.0025	 5.5503e+00	 1.0005e+00	17.197	 1.0352e+00
	 nan	5.4746	1.0025	 5.5554e+00	 1.0005e+00	17.211	 1.0353e+00
	 nan	5.4796	1.0025	 5.5604e+00	 1.0005e+00	17.226	 1.0353e+00
	 nan	5.4846	1.0025	 5.5655e+00	 1.0005e+00	17.24	 1.0354e+00
	 nan	5.4895	1.0025	 5.5705e+00	 1.0005e+00	17.255	 1.0354e+00
	 nan	5.4945	1.0025	 5.5756e+00	 1.0006e+00	17.27	 1.0354e+00
	 nan	5.4995	1.0024	 5.5806e+00	 1.0006e+00	17.284	 1.0355e+00
	 nan	5.5045	1.0025	 5.5857e+00	 1.0006e+00	17.299	 1.0354e+00
	 nan	5.5095	1.0024	 5.5908e+00	 1.0006e+00	17.313	 1.0355e+00
	 nan	5.5145	1.0024	 5.5959e+00	 1.0006e+00	17.328	 1.0354e+00
	 nan	5.5195	1.0024	 5.6010e+00	 1.0006e+00	17.343	 1.0355e+00
	 nan	5.5245	1.0024	 5.6060e+00	 1.0007e+00	17.357	 1.0355e+00
	 nan	5.5295	1.0024	 5.6111e+00	 1.0007e+00	17.372	 1.0355e+00
	 nan	5.5345	1.0024	 5.6162e+00	 1.0007e+00	17.386	 1.0356e+00
	 nan	5.5395	1.0025	 5.6213e+00	 1.0007e+00	17.401	 1.0356e+00
	 nan	5.5445	1.0025	 5.6265e+00	 1.0007e+00	17.416	 1.0357e+00
	 nan	5.5495	1.0025	 5.6316e+00	 1.0008e+00	17.43	 1.0356e+00
	 nan	5.5546	1.0026	 5.6367e+00	 1.0008e+00	17.445	 1.0357e+00
	 nan	5.5596	1.0026	 5.6418e+00	 1.0008e+00	17.46	 1.0357e+00
	 nan	5.5646	1.0027	 5.6469e+00	 1.0008e+00	17.475	 1.0358e+00
	 nan	5.5697	1.0027	 5.6520e+00	 1.0009e+00	17.489	 1.0358e+00
	 nan	5.5747	1.0028	 5.6572e+00	 1.0009e+00	17.504	 1.0358e+00
	 nan	5.5798	1.0028	 5.6623e+00	 1.0009e+00	17.519	 1.0359e+00
	 nan	5.5848	1.0029	 5.6674e+00	 1.0009e+00	17.534	 1.0358e+00
	 nan	5.5899	1.003	 5.6726e+00	 1.0009e+00	17.548	 1.0359e+00
	 nan	5.595	1.0031	 5.6777e+00	 1.0010e+00	17.563	 1.0359e+00
	 nan	5.6	1.0031	 5.6829e+00	 1.0010e+00	17.578	 1.0359e+00
	 nan	5.6051	1.0032	 5.6880e+00	 1.0010e+00	17.593	 1.0360e+00
	 nan	5.6102	1.0033	 5.6932e+00	 1.0010e+00	17.608	 1.0359e+00
	 nan	5.6153	1.0033	 5.6984e+00	 1.0010e+00	17.622	 1.0361e+00
	 nan	5.6204	1.0034	 5.7035e+00	 1.0010e+00	17.637	 1.0360e+00
	 nan	5.6254	1.0034	 5.7087e+00	 1.0010e+00	17.652	 1.0362e+00
	 nan	5.6305	1.0034	 5.7139e+00	 1.0010e+00	17.667	 1.0362e+00
	 nan	5.6356	1.0034	 5.7191e+00	 1.0009e+00	17.682	 1.0362e+00
	 nan	5.6407	1.0033	 5.7242e+00	 1.0009e+00	17.697	 1.0363e+00
	 nan	5.6459	1.0033	 5.7294e+00	 1.0009e+00	17.712	 1.0363e+00
	 nan	5.651	1.0033	 5.7346e+00	 1.0009e+00	17.726	 1.0365e+00
	 nan	5.6561	1.0033	 5.7398e+00	 1.0009e+00	17.741	 1.0365e+00
	 nan	5.6612	1.0032	 5.7450e+00	 1.0008e+00	17.756	 1.0366e+00
	 nan	5.6663	1.0031	 5.7502e+00	 1.0008e+00	17.771	 1.0367e+00
	 nan	5.6715	1.0031	 5.7554e+00	 1.0008e+00	17.786	 1.0368e+00
	 nan	5.6766	1.003	 5.7607e+00	 1.0008e+00	17.801	 1.0369e+00
	 nan	5.6817	1.003	 5.7659e+00	 1.0008e+00	17.816	 1.0369e+00
	 nan	5.6869	1.003	 5.7711e+00	 1.0007e+00	17.831	 1.0370e+00
	 nan	5.692	1.003	 5.7763e+00	 1.0007e+00	17.846	 1.0369e+00
	 nan	5.6972	1.0029	 5.7816e+00	 1.0007e+00	17.861	 1.0370e+00
	 nan	5.7023	1.0029	 5.7868e+00	 1.0006e+00	17.876	 1.0370e+00
	 nan	5.7075	1.0029	 5.7921e+00	 1.0006e+00	17.891	 1.0370e+00
	 nan	5.7127	1.0029	 5.7973e+00	 1.0006e+00	17.906	 1.0370e+00
	 nan	5.7178	1.0029	 5.8026e+00	 1.0006e+00	17.921	 1.0370e+00
	 nan	5.723	1.0029	 5.8079e+00	 1.0006e+00	17.936	 1.0370e+00
	 nan	5.7282	1.0029	 5.8131e+00	 1.0006e+00	17.951	 1.0369e+00
	 nan	5.7334	1.0029	 5.8184e+00	 1.0005e+00	17.966	 1.0370e+00
	 nan	5.7386	1.003	 5.8237e+00	 1.0005e+00	17.981	 1.0369e+00
	 nan	5.7437	1.003	 5.8289e+00	 1.0005e+00	17.997	 1.0369e+00
	 nan	5.7489	1.003	 5.8342e+00	 1.0005e+00	18.012	 1.0369e+00
	 nan	5.7541	1.003	 5.8395e+00	 1.0005e+00	18.027	 1.0369e+00
	 nan	5.7594	1.003	 5.8448e+00	 1.0005e+00	18.042	 1.0370e+00
	 nan	5.7646	1.0031	 5.8501e+00	 1.0005e+00	18.057	 1.0369e+00
	 nan	5.7698	1.0031	 5.8554e+00	 1.0005e+00	18.072	 1.0370e+00
	 nan	5.775	1.0031	 5.8607e+00	 1.0005e+00	18.087	 1.0370e+00
	 nan	5.7802	1.0031	 5.8660e+00	 1.0005e+00	18.102	 1.0371e+00
	 nan	5.7854	1.0032	 5.8713e+00	 1.0005e+00	18.118	 1.0372e+00
	 nan	5.7907	1.0032	 5.8767e+00	 1.0005e+00	18.133	 1.0372e+00
	 nan	5.7959	1.0032	 5.8820e+00	 1.0005e+00	18.148	 1.0374e+00
	 nan	5.8012	1.0032	 5.8873e+00	 1.0005e+00	18.163	 1.0374e+00
	 nan	5.8064	1.0032	 5.8926e+00	 1.0005e+00	18.179	 1.0376e+00
	 nan	5.8117	1.0032	 5.8980e+00	 1.0005e+00	18.194	 1.0376e+00
	 nan	5.8169	1.0032	 5.9033e+00	 1.0005e+00	18.209	 1.0377e+00
	 nan	5.8222	1.0031	 5.9087e+00	 1.0005e+00	18.224	 1.0378e+00
	 nan	5.8274	1.0031	 5.9140e+00	 1.0005e+00	18.24	 1.0379e+00
	 nan	5.8327	1.0031	 5.9194e+00	 1.0005e+00	18.255	 1.0380e+00
	 nan	5.838	1.0031	 5.9247e+00	 1.0006e+00	18.27	 1.0380e+00
	 nan	5.8433	1.003	 5.9301e+00	 1.0006e+00	18.285	 1.0382e+00
	 nan	5.8486	1.003	 5.9355e+00	 1.0006e+00	18.301	 1.0382e+00
	 nan	5.8538	1.003	 5.9408e+00	 1.0006e+00	18.316	 1.0384e+00
	 nan	5.8591	1.0029	 5.9462e+00	 1.0006e+00	18.332	 1.0384e+00
	 nan	5.8644	1.0029	 5.9516e+00	 1.0006e+00	18.347	 1.0385e+00
	 nan	5.8697	1.0028	 5.9570e+00	 1.0007e+00	18.362	 1.0386e+00
	 nan	5.875	1.0028	 5.9624e+00	 1.0007e+00	18.378	 1.0386e+00
	 nan	5.8804	1.0028	 5.9678e+00	 1.0007e+00	18.393	 1.0388e+00
	 nan	5.8857	1.0028	 5.9732e+00	 1.0007e+00	18.409	 1.0388e+00
	 nan	5.891	1.0027	 5.9786e+00	 1.0007e+00	18.424	 1.0389e+00
	 nan	5.8963	1.0027	 5.9840e+00	 1.0007e+00	18.439	 1.0389e+00
	 nan	5.9016	1.0027	 5.9894e+00	 1.0007e+00	18.455	 1.0389e+00
	 nan	5.907	1.0026	 5.9948e+00	 1.0006e+00	18.47	 1.0390e+00
	 nan	5.9123	1.0026	 6.0003e+00	 1.0006e+00	18.486	 1.0390e+00
	 nan	5.9176	1.0026	 6.0057e+00	 1.0006e+00	18.501	 1.0391e+00
	 nan	5.923	1.0026	 6.0112e+00	 1.0006e+00	18.517	 1.0390e+00
	 nan	5.9283	1.0025	 6.0166e+00	 1.0005e+00	18.532	 1.0391e+00
	 nan	5.9337	1.0025	 6.0221e+00	 1.0005e+00	18.547	 1.0391e+00
	 nan	5.939	1.0025	 6.0275e+00	 1.0005e+00	18.563	 1.0391e+00
	 nan	5.9444	1.0025	 6.0330e+00	 1.0005e+00	18.579	 1.0391e+00
	 nan	5.9498	1.0025	 6.0384e+00	 1.0004e+00	18.594	 1.0390e+00
	 nan	5.9551	1.0024	 6.0439e+00	 1.0004e+00	18.61	 1.0391e+00
	 nan	5.9605	1.0024	 6.0494e+00	 1.0004e+00	18.625	 1.0390e+00
	 nan	5.9659	1.0024	 6.0549e+00	 1.0004e+00	18.641	 1.0391e+00
	 nan	5.9713	1.0024	 6.0603e+00	 1.0004e+00	18.656	 1.0390e+00
	 nan	5.9767	1.0024	 6.0658e+00	 1.0004e+00	18.672	 1.0390e+00
	 nan	5.9821	1.0024	 6.0713e+00	 1.0003e+00	18.688	 1.0390e+00
	 nan	5.9875	1.0025	 6.0768e+00	 1.0003e+00	18.703	 1.0390e+00
	 nan	5.9929	1.0025	 6.0823e+00	 1.0003e+00	18.719	 1.0391e+00
	 nan	5.9983	1.0025	 6.0878e+00	 1.0003e+00	18.735	 1.0390e+00
	 nan	6.0037	1.0025	 6.0933e+00	 1.0003e+00	18.75	 1.0392e+00
	 nan	6.0092	1.0025	 6.0988e+00	 1.0003e+00	18.766	 1.0392e+00
	 nan	6.0146	1.0026	 6.1043e+00	 1.0003e+00	18.781	 1.0392e+00
	 nan	6.02	1.0026	 6.1099e+00	 1.0004e+00	18.797	 1.0393e+00
	 nan	6.0255	1.0026	 6.1154e+00	 1.0004e+00	18.813	 1.0393e+00
	 nan	6.0309	1.0026	 6.1209e+00	 1.0004e+00	18.828	 1.0395e+00
	 nan	6.0364	1.0027	 6.1265e+00	 1.0004e+00	18.844	 1.0395e+00
	 nan	6.0418	1.0027	 6.1320e+00	 1.0004e+00	18.86	 1.0397e+00
	 nan	6.0473	1.0027	 6.1375e+00	 1.0004e+00	18.876	 1.0397e+00
	 nan	6.0527	1.0027	 6.1431e+00	 1.0004e+00	18.892	 1.0398e+00
	 nan	6.0582	1.0027	 6.1486e+00	 1.0004e+00	18.907	 1.0399e+00
	 nan	6.0637	1.0027	 6.1542e+00	 1.0004e+00	18.923	 1.0400e+00
	 nan	6.0691	1.0026	 6.1598e+00	 1.0004e+00	18.939	 1.0401e+00
	 nan	6.0746	1.0027	 6.1653e+00	 1.0004e+00	18.955	 1.0401e+00
	 nan	6.0801	1.0026	 6.1709e+00	 1.0004e+00	18.97	 1.0403e+00
	 nan	6.0856	1.0027	 6.1765e+00	 1.0004e+00	18.986	 1.0403e+00
	 nan	6.0911	1.0026	 6.1821e+00	 1.0004e+00	19.002	 1.0404e+00
	 nan	6.0966	1.0026	 6.1876e+00	 1.0004e+00	19.018	 1.0405e+00
	 nan	6.1021	1.0027	 6.1932e+00	 1.0004e+00	19.034	 1.0405e+00
	 nan	6.1076	1.0027	 6.1988e+00	 1.0004e+00	19.05	 1.0406e+00
	 nan	6.1131	1.0027	 6.2044e+00	 1.0004e+00	19.066	 1.0405e+00
	 nan	6.1186	1.0027	 6.2100e+00	 1.0004e+00	19.081	 1.0406e+00
	 nan	6.1241	1.0027	 6.2157e+00	 1.0005e+00	19.097	 1.0405e+00
	 nan	6.1296	1.0027	 6.2213e+00	 1.0005e+00	19.113	 1.0406e+00
	 nan	6.1352	1.0027	 6.2269e+00	 1.0005e+00	19.129	 1.0405e+00
	 nan	6.1407	1.0028	 6.2325e+00	 1.0005e+00	19.145	 1.0405e+00
	 nan	6.1462	1.0028	 6.2382e+00	 1.0005e+00	19.161	 1.0405e+00
	 nan	6.1518	1.0028	 6.2438e+00	 1.0005e+00	19.177	 1.0404e+00
	 nan	6.1573	1.0028	 6.2494e+00	 1.0005e+00	19.193	 1.0405e+00
	 nan	6.1629	1.0029	 6.2551e+00	 1.0005e+00	19.209	 1.0404e+00
	 nan	6.1685	1.0029	 6.2607e+00	 1.0005e+00	19.225	 1.0405e+00
	 nan	6.174	1.0029	 6.2664e+00	 1.0005e+00	19.241	 1.0405e+00
	 nan	6.1796	1.0029	 6.2721e+00	 1.0005e+00	19.257	 1.0405e+00
	 nan	6.1852	1.0029	 6.2777e+00	 1.0005e+00	19.273	 1.0405e+00
	 nan	6.1908	1.003	 6.2834e+00	 1.0005e+00	19.289	 1.0405e+00
	 nan	6.1964	1.003	 6.2890e+00	 1.0005e+00	19.305	 1.0407e+00
	 nan	6.202	1.0031	 6.2947e+00	 1.0006e+00	19.321	 1.0407e+00
	 nan	6.2076	1.0031	 6.3004e+00	 1.0006e+00	19.337	 1.0408e+00
	 nan	6.2131	1.0031	 6.3061e+00	 1.0006e+00	19.353	 1.0409e+00
	 nan	6.2188	1.0031	 6.3118e+00	 1.0006e+00	19.369	 1.0409e+00
	 nan	6.2244	1.0031	 6.3175e+00	 1.0007e+00	19.385	 1.0411e+00
	 nan	6.23	1.0032	 6.3232e+00	 1.0007e+00	19.401	 1.0411e+00
	 nan	6.2356	1.0032	 6.3289e+00	 1.0007e+00	19.418	 1.0414e+00
	 nan	6.2412	1.0033	 6.3347e+00	 1.0007e+00	19.434	 1.0414e+00
	 nan	6.2468	1.0033	 6.3404e+00	 1.0007e+00	19.45	 1.0416e+00
	 nan	6.2525	1.0033	 6.3461e+00	 1.0008e+00	19.466	 1.0417e+00
	 nan	6.2581	1.0034	 6.3519e+00	 1.0008e+00	19.482	 1.0419e+00
	 nan	6.2637	1.0034	 6.3576e+00	 1.0008e+00	19.498	 1.0420e+00
	 nan	6.2694	1.0035	 6.3634e+00	 1.0008e+00	19.515	 1.0421e+00
	 nan	6.275	1.0035	 6.3691e+00	 1.0008e+00	19.531	 1.0423e+00
	 nan	6.2807	1.0036	 6.3749e+00	 1.0008e+00	19.547	 1.0423e+00
	 nan	6.2863	1.0036	 6.3806e+00	 1.0008e+00	19.563	 1.0424e+00
	 nan	6.292	1.0036	 6.3864e+00	 1.0008e+00	19.579	 1.0425e+00
	 nan	6.2977	1.0036	 6.3922e+00	 1.0008e+00	19.596	 1.0425e+00
	 nan	6.3034	1.0037	 6.3979e+00	 1.0008e+00	19.612	 1.0426e+00
	 nan	6.309	1.0037	 6.4037e+00	 1.0008e+00	19.628	 1.0426e+00
	 nan	6.3147	1.0037	 6.4095e+00	 1.0008e+00	19.645	 1.0427e+00
	 nan	6.3204	1.0037	 6.4153e+00	 1.0008e+00	19.661	 1.0426e+00
	 nan	6.3261	1.0037	 6.4211e+00	 1.0008e+00	19.677	 1.0427e+00
	 nan	6.3318	1.0037	 6.4269e+00	 1.0008e+00	19.694	 1.0427e+00
	 nan	6.3375	1.0037	 6.4326e+00	 1.0008e+00	19.71	 1.0427e+00
	 nan	6.3432	1.0037	 6.4385e+00	 1.0008e+00	19.726	 1.0428e+00
	 nan	6.3489	1.0037	 6.4443e+00	 1.0008e+00	19.743	 1.0427e+00
	 nan	6.3547	1.0037	 6.4501e+00	 1.0007e+00	19.759	 1.0428e+00
	 nan	6.3604	1.0037	 6.4559e+00	 1.0007e+00	19.775	 1.0427e+00
	 nan	6.3661	1.0037	 6.4617e+00	 1.0007e+00	19.792	 1.0428e+00
	 nan	6.3719	1.0037	 6.4676e+00	 1.0007e+00	19.808	 1.0427e+00
	 nan	6.3776	1.0037	 6.4734e+00	 1.0007e+00	19.825	 1.0428e+00
	 nan	6.3833	1.0037	 6.4792e+00	 1.0007e+00	19.841	 1.0428e+00
	 nan	6.3891	1.0037	 6.4851e+00	 1.0006e+00	19.858	 1.0428e+00
	 nan	6.3948	1.0036	 6.4909e+00	 1.0006e+00	19.874	 1.0429e+00
	 nan	6.4006	1.0037	 6.4968e+00	 1.0006e+00	19.89	 1.0429e+00
	 nan	6.4064	1.0036	 6.5027e+00	 1.0006e+00	19.907	 1.0431e+00
	 nan	6.4121	1.0036	 6.5085e+00	 1.0006e+00	19.923	 1.0431e+00
	 nan	6.4179	1.0036	 6.5144e+00	 1.0006e+00	19.94	 1.0432e+00
	 nan	6.4237	1.0036	 6.5203e+00	 1.0006e+00	19.956	 1.0433e+00
	 nan	6.4295	1.0036	 6.5262e+00	 1.0006e+00	19.973	 1.0434e+00
	 nan	6.4353	1.0036	 6.5320e+00	 1.0006e+00	19.989	 1.0436e+00
	 nan	6.4411	1.0036	 6.5379e+00	 1.0006e+00	20.006	 1.0436e+00
	 nan	6.4469	1.0036	 6.5438e+00	 1.0006e+00	20.023	 1.0437e+00
	 nan	6.4527	1.0036	 6.5497e+00	 1.0007e+00	20.039	 1.0437e+00
	 nan	6.4585	1.0036	 6.5556e+00	 1.0007e+00	20.056	 1.0438e+00
	 nan	6.4643	1.0036	 6.5616e+00	 1.0007e+00	20.072	 1.0439e+00
	 nan	6.4701	1.0036	 6.5675e+00	 1.0007e+00	20.089	 1.0439e+00
	 nan	6.476	1.0036	 6.5734e+00	 1.0007e+00	20.105	 1.0440e+00
	 nan	6.4818	1.0037	 6.5793e+00	 1.0007e+00	20.122	 1.0440e+00
	 nan	6.4876	1.0036	 6.5853e+00	 1.0007e+00	20.139	 1.0441e+00
	 nan	6.4935	1.0037	 6.5912e+00	 1.0007e+00	20.155	 1.0440e+00
	 nan	6.4993	1.0037	 6.5971e+00	 1.0007e+00	20.172	 1.0441e+00
	 nan	6.5052	1.0037	 6.6031e+00	 1.0007e+00	20.189	 1.0441e+00
	 nan	6.511	1.0037	 6.6090e+00	 1.0008e+00	20.206	 1.0441e+00
	 nan	6.5169	1.0037	 6.6150e+00	 1.0008e+00	20.222	 1.0442e+00
	 nan	6.5227	1.0038	 6.6209e+00	 1.0008e+00	20.239	 1.0441e+00
	 nan	6.5286	1.0038	 6.6269e+00	 1.0008e+00	20.256	 1.0443e+00
	 nan	6.5345	1.0038	 6.6329e+00	 1.0008e+00	20.272	 1.0442e+00
	 nan	6.5404	1.0038	 6.6389e+00	 1.0008e+00	20.289	 1.0443e+00
	 nan	6.5462	1.0038	 6.6448e+00	 1.0008e+00	20.306	 1.0443e+00
	 nan	6.5521	1.0039	 6.6508e+00	 1.0008e+00	20.323	 1.0443e+00
	 nan	6.558	1.0039	 6.6568e+00	 1.0008e+00	20.339	 1.0444e+00
	 nan	6.5639	1.0039	 6.6628e+00	 1.0008e+00	20.356	 1.0444e+00
	 nan	6.5698	1.0039	 6.6688e+00	 1.0008e+00	20.373	 1.0445e+00
	 nan	6.5757	1.0039	 6.6748e+00	 1.0008e+00	20.39	 1.0445e+00
	 nan	6.5817	1.0039	 6.6808e+00	 1.0008e+00	20.407	 1.0446e+00
	 nan	6.5876	1.0039	 6.6868e+00	 1.0008e+00	20.424	 1.0446e+00
	 nan	6.5935	1.004	 6.6929e+00	 1.0008e+00	20.44	 1.0447e+00
	 nan	6.5994	1.0039	 6.6989e+00	 1.0008e+00	20.457	 1.0448e+00
	 nan	6.6054	1.004	 6.7049e+00	 1.0009e+00	20.474	 1.0447e+00
	 nan	6.6113	1.004	 6.7110e+00	 1.0009e+00	20.491	 1.0449e+00
	 nan	6.6173	1.004	 6.7170e+00	 1.0009e+00	20.508	 1.0448e+00
	 nan	6.6232	1.004	 6.7231e+00	 1.0009e+00	20.525	 1.0449e+00
	 nan	6.6292	1.004	 6.7291e+00	 1.0009e+00	20.542	 1.0449e+00
	 nan	6.6351	1.004	 6.7352e+00	 1.0009e+00	20.559	 1.0449e+00
	 nan	6.6411	1.004	 6.7412e+00	 1.0010e+00	20.576	 1.0450e+00
	 nan	6.6471	1.004	 6.7473e+00	 1.0010e+00	20.593	 1.0450e+00
	 nan	6.653	1.004	 6.7534e+00	 1.0010e+00	20.61	 1.0451e+00
	 nan	6.659	1.004	 6.7595e+00	 1.0010e+00	20.627	 1.0450e+00
	 nan	6.665	1.004	 6.7656e+00	 1.0010e+00	20.644	 1.0451e+00
	 nan	6.671	1.004	 6.7717e+00	 1.0010e+00	20.661	 1.0451e+00
	 nan	6.677	1.0041	 6.7778e+00	 1.0010e+00	20.678	 1.0452e+00
	 nan	6.683	1.0041	 6.7839e+00	 1.0010e+00	20.695	 1.0453e+00
	 nan	6.689	1.0041	 6.7900e+00	 1.0011e+00	20.712	 1.0454e+00
	 nan	6.695	1.0041	 6.7961e+00	 1.0011e+00	20.729	 1.0455e+00
	 nan	6.701	1.0042	 6.8022e+00	 1.0011e+00	20.746	 1.0456e+00
	 nan	6.707	1.0042	 6.8084e+00	 1.0011e+00	20.763	 1.0458e+00
	 nan	6.7131	1.0042	 6.8145e+00	 1.0011e+00	20.78	 1.0459e+00
	 nan	6.7191	1.0043	 6.8206e+00	 1.0011e+00	20.797	 1.0461e+00
	 nan	6.7251	1.0043	 6.8268e+00	 1.0012e+00	20.814	 1.0462e+00
	 nan	6.7312	1.0044	 6.8329e+00	 1.0012e+00	20.831	 1.0464e+00
	 nan	6.7372	1.0044	 6.8391e+00	 1.0012e+00	20.849	 1.0466e+00
	 nan	6.7433	1.0044	 6.8452e+00	 1.0012e+00	20.866	 1.0467e+00
	 nan	6.7493	1.0044	 6.8514e+00	 1.0012e+00	20.883	 1.0470e+00
	 nan	6.7554	1.0045	 6.8576e+00	 1.0012e+00	20.9	 1.0471e+00
	 nan	6.7615	1.0045	 6.8637e+00	 1.0012e+00	20.917	 1.0472e+00
	 nan	6.7675	1.0045	 6.8699e+00	 1.0012e+00	20.934	 1.0474e+00
	 nan	6.7736	1.0045	 6.8761e+00	 1.0012e+00	20.952	 1.0475e+00
	 nan	6.7797	1.0045	 6.8823e+00	 1.0012e+00	20.969	 1.0477e+00
	 nan	6.7858	1.0045	 6.8884e+00	 1.0012e+00	20.986	 1.0477e+00
	 nan	6.7919	1.0044	 6.8947e+00	 1.0012e+00	21.003	 1.0479e+00
	 nan	6.798	1.0045	 6.9009e+00	 1.0012e+00	21.02	 1.0479e+00
	 nan	6.8041	1.0044	 6.9071e+00	 1.0012e+00	21.038	 1.0480e+00
	 nan	6.8102	1.0044	 6.9133e+00	 1.0012e+00	21.055	 1.0481e+00
	 nan	6.8163	1.0044	 6.9195e+00	 1.0012e+00	21.072	 1.0481e+00
	 nan	6.8224	1.0044	 6.9257e+00	 1.0011e+00	21.09	 1.0482e+00
	 nan	6.8286	1.0044	 6.9320e+00	 1.0011e+00	21.107	 1.0482e+00
	 nan	6.8347	1.0044	 6.9382e+00	 1.0011e+00	21.124	 1.0483e+00
	 nan	6.8408	1.0044	 6.9445e+00	 1.0011e+00	21.142	 1.0483e+00
	 nan	6.847	1.0044	 6.9507e+00	 1.0010e+00	21.159	 1.0484e+00
	 nan	6.8531	1.0044	 6.9570e+00	 1.0010e+00	21.176	 1.0484e+00
	 nan	6.8593	1.0044	 6.9632e+00	 1.0010e+00	21.194	 1.0484e+00
	 nan	6.8654	1.0043	 6.9695e+00	 1.0010e+00	21.211	 1.0485e+00
	 nan	6.8716	1.0043	 6.9758e+00	 1.0010e+00	21.229	 1.0485e+00
	 nan	6.8777	1.0043	 6.9820e+00	 1.0010e+00	21.246	 1.0486e+00
	 nan	6.8839	1.0043	 6.9883e+00	 1.0010e+00	21.263	 1.0485e+00
	 nan	6.8901	1.0042	 6.9946e+00	 1.0009e+00	21.281	 1.0485e+00
	 nan	6.8963	1.0042	 7.0009e+00	 1.0009e+00	21.298	 1.0485e+00
	 nan	6.9025	1.0042	 7.0072e+00	 1.0009e+00	21.316	 1.0485e+00
	 nan	6.9087	1.0042	 7.0135e+00	 1.0009e+00	21.333	 1.0486e+00
	 nan	6.9149	1.0042	 7.0198e+00	 1.0009e+00	21.351	 1.0485e+00
	 nan	6.9211	1.0041	 7.0261e+00	 1.0008e+00	21.368	 1.0486e+00
	 nan	6.9273	1.0041	 7.0324e+00	 1.0008e+00	21.386	 1.0485e+00
	 nan	6.9335	1.0041	 7.0387e+00	 1.0008e+00	21.403	 1.0485e+00
	 nan	6.9397	1.004	 7.0450e+00	 1.0007e+00	21.421	 1.0485e+00
	 nan	6.946	1.004	 7.0514e+00	 1.0007e+00	21.438	 1.0485e+00
	 nan	6.9522	1.004	 7.0577e+00	 1.0007e+00	21.456	 1.0485e+00
	 nan	6.9585	1.004	 7.0640e+00	 1.0006e+00	21.474	 1.0484e+00
	 nan	6.9647	1.0039	 7.0704e+00	 1.0006e+00	21.491	 1.0485e+00
	 nan	6.971	1.0039	 7.0767e+00	 1.0006e+00	21.509	 1.0484e+00
	 nan	6.9772	1.0039	 7.0831e+00	 1.0005e+00	21.526	 1.0484e+00
	 nan	6.9835	1.0039	 7.0894e+00	 1.0005e+00	21.544	 1.0484e+00
	 nan	6.9897	1.0039	 7.0958e+00	 1.0004e+00	21.562	 1.0484e+00
	 nan	6.996	1.0039	 7.1022e+00	 1.0004e+00	21.579	 1.0485e+00
	 nan	7.0023	1.0039	 7.1086e+00	 1.0003e+00	21.597	 1.0484e+00
	 nan	7.0086	1.0038	 7.1149e+00	 1.0003e+00	21.615	 1.0485e+00
	 nan	7.0149	1.0039	 7.1213e+00	 1.0003e+00	21.632	 1.0485e+00
	 nan	7.0211	1.0039	 7.1277e+00	 1.0002e+00	21.65	 1.0486e+00
	 nan	7.0274	1.0039	 7.1341e+00	 1.0002e+00	21.668	 1.0486e+00
	 nan	7.0337	1.0039	 7.1406e+00	 1.0002e+00	21.685	 1.0486e+00
	 nan	7.04	1.0039	 7.1470e+00	 1.0002e+00	21.703	 1.0487e+00
	 nan	7.0464	1.0039	 7.1534e+00	 1.0002e+00	21.721	 1.0487e+00
	 nan	7.0527	1.0039	 7.1598e+00	 1.0002e+00	21.739	 1.0489e+00
	 nan	7.059	1.0039	 7.1663e+00	 1.0002e+00	21.756	 1.0488e+00
	 nan	7.0653	1.0039	 7.1727e+00	 1.0002e+00	21.774	 1.0490e+00
	 nan	7.0716	1.004	 7.1791e+00	 1.0002e+00	21.792	 1.0490e+00
	 nan	7.078	1.004	 7.1856e+00	 1.0002e+00	21.81	 1.0492e+00
	 nan	7.0843	1.004	 7.1921e+00	 1.0002e+00	21.828	 1.0493e+00
	 nan	7.0907	1.0041	 7.1985e+00	 1.0003e+00	21.845	 1.0494e+00
	 nan	7.097	1.004	 7.2050e+00	 1.0003e+00	21.863	 1.0496e+00
	 nan	7.1033	1.0041	 7.2114e+00	 1.0003e+00	21.881	 1.0496e+00
	 nan	7.1097	1.0041	 7.2179e+00	 1.0004e+00	21.899	 1.0499e+00
	 nan	7.1161	1.0041	 7.2244e+00	 1.0004e+00	21.917	 1.0499e+00
	 nan	7.1225	1.0041	 7.2309e+00	 1.0004e+00	21.935	 1.0501e+00
	 nan	7.1288	1.0042	 7.2374e+00	 1.0005e+00	21.953	 1.0503e+00
	 nan	7.1353	1.0042	 7.2439e+00	 1.0005e+00	21.971	 1.0504e+00
	 nan	7.1417	1.0042	 7.2504e+00	 1.0006e+00	21.988	 1.0506e+00
	 nan	7.148	1.0042	 7.2569e+00	 1.0006e+00	22.006	 1.0507e+00
	 nan	7.1545	1.0042	 7.2634e+00	 1.0007e+00	22.024	 1.0510e+00
	 nan	7.1609	1.0042	 7.2699e+00	 1.0007e+00	22.042	 1.0511e+00
	 nan	7.1673	1.0042	 7.2764e+00	 1.0008e+00	22.06	 1.0513e+00
	 nan	7.1737	1.0042	 7.2829e+00	 1.0008e+00	22.078	 1.0515e+00
	 nan	7.1802	1.0043	 7.2895e+00	 1.0009e+00	22.096	 1.0516e+00
	 nan	7.1866	1.0042	 7.2960e+00	 1.0009e+00	22.114	 1.0519e+00
	 nan	7.193	1.0042	 7.3025e+00	 1.0009e+00	22.132	 1.0520e+00
	 nan	7.1995	1.0042	 7.3091e+00	 1.0010e+00	22.15	 1.0523e+00
	 nan	7.2059	1.0042	 7.3156e+00	 1.0010e+00	22.168	 1.0524e+00
	 nan	7.2124	1.0042	 7.3222e+00	 1.0010e+00	22.186	 1.0526e+00
	 nan	7.2188	1.0042	 7.3288e+00	 1.0011e+00	22.204	 1.0527e+00
	 nan	7.2253	1.0042	 7.3354e+00	 1.0011e+00	22.223	 1.0528e+00
	 nan	7.2318	1.0041	 7.3419e+00	 1.0011e+00	22.241	 1.0531e+00
	 nan	7.2382	1.0042	 7.3485e+00	 1.0012e+00	22.259	 1.0531e+00
	 nan	7.2447	1.0041	 7.3551e+00	 1.0012e+00	22.277	 1.0533e+00
	 nan	7.2512	1.0041	 7.3617e+00	 1.0012e+00	22.295	 1.0534e+00
	 nan	7.2577	1.0041	 7.3683e+00	 1.0012e+00	22.313	 1.0535e+00
	 nan	7.2642	1.0041	 7.3749e+00	 1.0012e+00	22.331	 1.0536e+00
	 nan	7.2707	1.0041	 7.3816e+00	 1.0012e+00	22.349	 1.0537e+00
	 nan	7.2772	1.004	 7.3882e+00	 1.0012e+00	22.368	 1.0538e+00
	 nan	7.2837	1.004	 7.3948e+00	 1.0013e+00	22.386	 1.0538e+00
	 nan	7.2902	1.004	 7.4014e+00	 1.0012e+00	22.404	 1.0540e+00
	 nan	7.2968	1.004	 7.4081e+00	 1.0013e+00	22.422	 1.0539e+00
	 nan	7.3033	1.0039	 7.4147e+00	 1.0013e+00	22.441	 1.0540e+00
	 nan	7.3098	1.0039	 7.4214e+00	 1.0013e+00	22.459	 1.0540e+00
	 nan	7.3164	1.0039	 7.4280e+00	 1.0013e+00	22.477	 1.0540e+00
	 nan	7.3229	1.0039	 7.4347e+00	 1.0013e+00	22.495	 1.0540e+00
	 nan	7.3295	1.0039	 7.4413e+00	 1.0013e+00	22.514	 1.0539e+00
	 nan	7.336	1.0039	 7.4480e+00	 1.0013e+00	22.532	 1.0540e+00
	 nan	7.3426	1.0039	 7.4547e+00	 1.0014e+00	22.55	 1.0539e+00
	 nan	7.3491	1.0039	 7.4614e+00	 1.0014e+00	22.569	 1.0540e+00
	 nan	7.3557	1.0039	 7.4680e+00	 1.0014e+00	22.587	 1.0539e+00
	 nan	7.3623	1.004	 7.4747e+00	 1.0014e+00	22.605	 1.0539e+00
	 nan	7.3689	1.0039	 7.4814e+00	 1.0013e+00	22.623	 1.0539e+00
	 nan	7.3755	1.004	 7.4881e+00	 1.0014e+00	22.642	 1.0538e+00
	 nan	7.3821	1.004	 7.4948e+00	 1.0013e+00	22.66	 1.0539e+00
	 nan	7.3887	1.004	 7.5015e+00	 1.0013e+00	22.679	 1.0538e+00
	 nan	7.3953	1.004	 7.5083e+00	 1.0013e+00	22.697	 1.0539e+00
	 nan	7.4019	1.004	 7.5150e+00	 1.0013e+00	22.715	 1.0539e+00
	 nan	7.4085	1.004	 7.5217e+00	 1.0013e+00	22.734	 1.0539e+00
	 nan	7.4152	1.004	 7.5285e+00	 1.0012e+00	22.752	 1.0540e+00
	 nan	7.4218	1.004	 7.5352e+00	 1.0012e+00	22.771	 1.0539e+00
	 nan	7.4284	1.004	 7.5419e+00	 1.0012e+00	22.789	 1.0540e+00
	 nan	7.4351	1.0041	 7.5487e+00	 1.0012e+00	22.808	 1.0539e+00
	 nan	7.4417	1.004	 7.5555e+00	 1.0011e+00	22.826	 1.0540e+00
	 nan	7.4484	1.0041	 7.5622e+00	 1.0011e+00	22.845	 1.0539e+00
	 nan	7.455	1.0041	 7.5690e+00	 1.0011e+00	22.863	 1.0539e+00
	 nan	7.4617	1.0041	 7.5758e+00	 1.0010e+00	22.882	 1.0540e+00
	 nan	7.4684	1.0041	 7.5826e+00	 1.0010e+00	22.9	 1.0539e+00
	 nan	7.4751	1.0041	 7.5894e+00	 1.0010e+00	22.919	 1.0540e+00
	 nan	7.4817	1.0042	 7.5961e+00	 1.0010e+00	22.938	 1.0540e+00
	 nan	7.4884	1.0042	 7.6029e+00	 1.0009e+00	22.956	 1.0541e+00
	 nan	7.4951	1.0042	 7.6098e+00	 1.0009e+00	22.975	 1.0541e+00
	 nan	7.5018	1.0043	 7.6166e+00	 1.0009e+00	22.993	 1.0541e+00
	 nan	7.5085	1.0043	 7.6234e+00	 1.0009e+00	23.012	 1.0542e+00
	 nan	7.5152	1.0044	 7.6302e+00	 1.0009e+00	23.03	 1.0542e+00
	 nan	7.522	1.0044	 7.6371e+00	 1.0008e+00	23.049	 1.0544e+00
	 nan	7.5287	1.0044	 7.6439e+00	 1.0009e+00	23.068	 1.0544e+00
	 nan	7.5354	1.0044	 7.6507e+00	 1.0009e+00	23.087	 1.0546e+00
	 nan	7.5421	1.0045	 7.6576e+00	 1.0009e+00	23.105	 1.0546e+00
	 nan	7.5489	1.0045	 7.6644e+00	 1.0009e+00	23.124	 1.0548e+00
	 nan	7.5556	1.0045	 7.6713e+00	 1.0009e+00	23.142	 1.0549e+00
	 nan	7.5624	1.0046	 7.6781e+00	 1.0009e+00	23.161	 1.0550e+00
	 nan	7.5691	1.0046	 7.6850e+00	 1.0009e+00	23.18	 1.0552e+00
	 nan	7.5759	1.0046	 7.6919e+00	 1.0010e+00	23.199	 1.0552e+00
	 nan	7.5827	1.0046	 7.6988e+00	 1.0010e+00	23.218	 1.0554e+00
	 nan	7.5894	1.0047	 7.7057e+00	 1.0010e+00	23.236	 1.0554e+00
	 nan	7.5962	1.0047	 7.7125e+00	 1.0010e+00	23.255	 1.0555e+00
	 nan	7.603	1.0047	 7.7194e+00	 1.0010e+00	23.274	 1.0556e+00
	 nan	7.6098	1.0047	 7.7263e+00	 1.0011e+00	23.293	 1.0556e+00
	 nan	7.6166	1.0047	 7.7332e+00	 1.0011e+00	23.311	 1.0557e+00
	 nan	7.6234	1.0048	 7.7402e+00	 1.0011e+00	23.33	 1.0556e+00
	 nan	7.6302	1.0048	 7.7471e+00	 1.0011e+00	23.349	 1.0558e+00
	 nan	7.637	1.0048	 7.7540e+00	 1.0011e+00	23.368	 1.0557e+00
	 nan	7.6438	1.0048	 7.7610e+00	 1.0011e+00	23.387	 1.0558e+00
	 nan	7.6506	1.0049	 7.7679e+00	 1.0011e+00	23.406	 1.0558e+00
	 nan	7.6575	1.0049	 7.7748e+00	 1.0012e+00	23.424	 1.0557e+00
	 nan	7.6643	1.0049	 7.7818e+00	 1.0011e+00	23.443	 1.0558e+00
	 nan	7.6711	1.005	 7.7888e+00	 1.0012e+00	23.462	 1.0557e+00
	 nan	7.678	1.005	 7.7957e+00	 1.0011e+00	23.481	 1.0558e+00
	 nan	7.6848	1.005	 7.8027e+00	 1.0012e+00	23.5	 1.0558e+00
	 nan	7.6917	1.0051	 7.8097e+00	 1.0012e+00	23.519	 1.0558e+00
	 nan	7.6986	1.0051	 7.8167e+00	 1.0012e+00	23.538	 1.0558e+00
	 nan	7.7054	1.0052	 7.8237e+00	 1.0012e+00	23.557	 1.0558e+00
	 nan	7.7123	1.0052	 7.8307e+00	 1.0012e+00	23.576	 1.0560e+00
	 nan	7.7192	1.0053	 7.8377e+00	 1.0012e+00	23.595	 1.0559e+00
	 nan	7.7261	1.0053	 7.8447e+00	 1.0011e+00	23.614	 1.0560e+00
	 nan	7.733	1.0054	 7.8517e+00	 1.0012e+00	23.633	 1.0560e+00
	 nan	7.7399	1.0054	 7.8587e+00	 1.0011e+00	23.652	 1.0561e+00
	 nan	7.7468	1.0054	 7.8658e+00	 1.0011e+00	23.671	 1.0562e+00
	 nan	7.7537	1.0055	 7.8728e+00	 1.0011e+00	23.69	 1.0562e+00
	 nan	7.7606	1.0055	 7.8798e+00	 1.0011e+00	23.709	 1.0564e+00
	 nan	7.7676	1.0055	 7.8869e+00	 1.0011e+00	23.728	 1.0564e+00
	 nan	7.7745	1.0055	 7.8939e+00	 1.0011e+00	23.747	 1.0566e+00
	 nan	7.7814	1.0055	 7.9010e+00	 1.0011e+00	23.767	 1.0566e+00
	 nan	7.7884	1.0055	 7.9080e+00	 1.0011e+00	23.786	 1.0569e+00
	 nan	7.7953	1.0055	 7.9151e+00	 1.0011e+00	23.805	 1.0570e+00
	 nan	7.8023	1.0055	 7.9222e+00	 1.0011e+00	23.824	 1.0571e+00
	 nan	7.8093	1.0055	 7.9292e+00	 1.0011e+00	23.843	 1.0574e+00
	 nan	7.8162	1.0055	 7.9363e+00	 1.0011e+00	23.862	 1.0574e+00
	 nan	7.8232	1.0055	 7.9434e+00	 1.0011e+00	23.882	 1.0577e+00
	 nan	7.8302	1.0055	 7.9505e+00	 1.0011e+00	23.901	 1.0577e+00
	 nan	7.8372	1.0054	 7.9576e+00	 1.0011e+00	23.92	 1.0580e+00
	 nan	7.8442	1.0054	 7.9647e+00	 1.0012e+00	23.939	 1.0581e+00
	 nan	7.8512	1.0054	 7.9718e+00	 1.0012e+00	23.959	 1.0582e+00
	 nan	7.8582	1.0054	 7.9790e+00	 1.0012e+00	23.978	 1.0583e+00
	 nan	7.8652	1.0054	 7.9861e+00	 1.0012e+00	23.997	 1.0583e+00
	 nan	7.8722	1.0053	 7.9932e+00	 1.0012e+00	24.016	 1.0585e+00
	 nan	7.8792	1.0053	 8.0003e+00	 1.0012e+00	24.036	 1.0585e+00
	 nan	7.8862	1.0053	 8.0075e+00	 1.0012e+00	24.055	 1.0586e+00
	 nan	7.8933	1.0053	 8.0146e+00	 1.0012e+00	24.074	 1.0586e+00
	 nan	7.9003	1.0053	 8.0218e+00	 1.0012e+00	24.093	 1.0586e+00
	 nan	7.9073	1.0053	 8.0289e+00	 1.0012e+00	24.113	 1.0587e+00
	 nan	7.9144	1.0053	 8.0361e+00	 1.0012e+00	24.132	 1.0586e+00
	 nan	7.9214	1.0053	 8.0433e+00	 1.0012e+00	24.152	 1.0587e+00
	 nan	7.9285	1.0053	 8.0504e+00	 1.0012e+00	24.171	 1.0585e+00
	 nan	7.9356	1.0053	 8.0576e+00	 1.0012e+00	24.19	 1.0586e+00
	 nan	7.9426	1.0053	 8.0648e+00	 1.0012e+00	24.21	 1.0586e+00
	 nan	7.9497	1.0053	 8.0720e+00	 1.0012e+00	24.229	 1.0586e+00
	 nan	7.9568	1.0053	 8.0792e+00	 1.0012e+00	24.249	 1.0586e+00
	 nan	7.9639	1.0053	 8.0865e+00	 1.0012e+00	24.268	 1.0585e+00
	 nan	7.971	1.0053	 8.0937e+00	 1.0012e+00	24.288	 1.0587e+00
	 nan	7.9781	1.0054	 8.1009e+00	 1.0012e+00	24.307	 1.0586e+00
	 nan	7.9852	1.0053	 8.1082e+00	 1.0012e+00	24.326	 1.0587e+00
	 nan	7.9923	1.0054	 8.1154e+00	 1.0012e+00	24.346	 1.0587e+00
	 nan	7.9994	1.0054	 8.1227e+00	 1.0011e+00	24.365	 1.0588e+00
	 nan	8.0066	1.0054	 8.1299e+00	 1.0011e+00	24.385	 1.0589e+00
	 nan	8.0137	1.0054	 8.1372e+00	 1.0011e+00	24.404	 1.0590e+00
	 nan	8.0208	1.0054	 8.1444e+00	 1.0011e+00	24.424	 1.0592e+00
	 nan	8.028	1.0055	 8.1517e+00	 1.0011e+00	24.444	 1.0592e+00
	 nan	8.0351	1.0054	 8.1590e+00	 1.0010e+00	24.463	 1.0595e+00
	 nan	8.0423	1.0055	 8.1662e+00	 1.0010e+00	24.483	 1.0596e+00
	 nan	8.0495	1.0055	 8.1735e+00	 1.0010e+00	24.502	 1.0598e+00
	 nan	8.0566	1.0054	 8.1808e+00	 1.0010e+00	24.522	 1.0600e+00
	 nan	8.0638	1.0055	 8.1881e+00	 1.0010e+00	24.541	 1.0601e+00
	 nan	8.071	1.0054	 8.1954e+00	 1.0010e+00	24.561	 1.0604e+00
	 nan	8.0782	1.0054	 8.2027e+00	 1.0010e+00	24.581	 1.0605e+00
	 nan	8.0854	1.0054	 8.2101e+00	 1.0010e+00	24.6	 1.0608e+00
	 nan	8.0925	1.0054	 8.2174e+00	 1.0010e+00	24.62	 1.0609e+00
	 nan	8.0998	1.0054	 8.2247e+00	 1.0010e+00	24.64	 1.0611e+00
	 nan	8.107	1.0053	 8.2320e+00	 1.0011e+00	24.66	 1.0613e+00
	 nan	8.1142	1.0053	 8.2393e+00	 1.0011e+00	24.679	 1.0614e+00
	 nan	8.1214	1.0053	 8.2467e+00	 1.0011e+00	24.699	 1.0616e+00
	 nan	8.1286	1.0053	 8.2540e+00	 1.0011e+00	24.719	 1.0616e+00
	 nan	8.1358	1.0052	 8.2614e+00	 1.0011e+00	24.738	 1.0618e+00
	 nan	8.1431	1.0052	 8.2687e+00	 1.0012e+00	24.758	 1.0618e+00
	 nan	8.1503	1.0052	 8.2761e+00	 1.0012e+00	24.778	 1.0619e+00
	 nan	8.1576	1.0052	 8.2835e+00	 1.0012e+00	24.798	 1.0619e+00
	 nan	8.1648	1.0052	 8.2909e+00	 1.0012e+00	24.817	 1.0619e+00
	 nan	8.1721	1.0051	 8.2982e+00	 1.0012e+00	24.837	 1.0621e+00
	 nan	8.1794	1.0052	 8.3056e+00	 1.0013e+00	24.857	 1.0620e+00
	 nan	8.1867	1.0051	 8.3131e+00	 1.0012e+00	24.877	 1.0621e+00
	 nan	8.1939	1.0051	 8.3205e+00	 1.0013e+00	24.897	 1.0621e+00
	 nan	8.2012	1.0051	 8.3279e+00	 1.0012e+00	24.917	 1.0622e+00
	 nan	8.2085	1.0051	 8.3353e+00	 1.0012e+00	24.936	 1.0622e+00
	 nan	8.2158	1.0051	 8.3427e+00	 1.0012e+00	24.956	 1.0622e+00
	 nan	8.2232	1.0051	 8.3502e+00	 1.0012e+00	24.976	 1.0623e+00
	 nan	8.2305	1.0051	 8.3576e+00	 1.0012e+00	24.996	 1.0622e+00
	 nan	8.2378	1.0051	 8.3651e+00	 1.0012e+00	25.016	 1.0624e+00
	 nan	8.2451	1.0052	 8.3725e+00	 1.0012e+00	25.036	 1.0623e+00
	 nan	8.2525	1.0052	 8.3800e+00	 1.0011e+00	25.056	 1.0624e+00
	 nan	8.2598	1.0052	 8.3875e+00	 1.0011e+00	25.076	 1.0625e+00
	 nan	8.2672	1.0053	 8.3949e+00	 1.0011e+00	25.096	 1.0625e+00
	 nan	8.2745	1.0053	 8.4024e+00	 1.0011e+00	25.116	 1.0626e+00
	 nan	8.2819	1.0054	 8.4099e+00	 1.0011e+00	25.136	 1.0626e+00
	 nan	8.2893	1.0054	 8.4174e+00	 1.0010e+00	25.156	 1.0628e+00
	 nan	8.2966	1.0055	 8.4249e+00	 1.0010e+00	25.176	 1.0628e+00
	 nan	8.304	1.0056	 8.4324e+00	 1.0010e+00	25.196	 1.0629e+00
	 nan	8.3114	1.0056	 8.4399e+00	 1.0010e+00	25.216	 1.0630e+00
	 nan	8.3188	1.0057	 8.4474e+00	 1.0010e+00	25.236	 1.0630e+00
	 nan	8.3262	1.0057	 8.4549e+00	 1.0010e+00	25.256	 1.0632e+00
	 nan	8.3336	1.0058	 8.4625e+00	 1.0010e+00	25.276	 1.0632e+00
	 nan	8.341	1.0057	 8.4700e+00	 1.0010e+00	25.296	 1.0633e+00
	 nan	8.3484	1.0058	 8.4775e+00	 1.0010e+00	25.316	 1.0633e+00
	 nan	8.3558	1.0058	 8.4851e+00	 1.0010e+00	25.337	 1.0635e+00
	 nan	8.3632	1.0059	 8.4926e+00	 1.0010e+00	25.357	 1.0635e+00
	 nan	8.3706	1.0059	 8.5002e+00	 1.0010e+00	25.377	 1.0636e+00
	 nan	8.3781	1.0059	 8.5077e+00	 1.0011e+00	25.397	 1.0637e+00
	 nan	8.3855	1.006	 8.5153e+00	 1.0011e+00	25.417	 1.0637e+00
	 nan	8.393	1.006	 8.5229e+00	 1.0011e+00	25.437	 1.0638e+00
	 nan	8.4004	1.0061	 8.5305e+00	 1.0011e+00	25.458	 1.0638e+00
	 nan	8.4079	1.0061	 8.5381e+00	 1.0011e+00	25.478	 1.0639e+00
	 nan	8.4154	1.0061	 8.5457e+00	 1.0011e+00	25.498	 1.0640e+00
	 nan	8.4228	1.0061	 8.5533e+00	 1.0011e+00	25.518	 1.0640e+00
	 nan	8.4303	1.0061	 8.5609e+00	 1.0011e+00	25.538	 1.0641e+00
	 nan	8.4378	1.0062	 8.5685e+00	 1.0011e+00	25.559	 1.0641e+00
	 nan	8.4453	1.0061	 8.5761e+00	 1.0011e+00	25.579	 1.0643e+00
	 nan	8.4528	1.0061	 8.5837e+00	 1.0011e+00	25.599	 1.0643e+00
	 nan	8.4603	1.0061	 8.5914e+00	 1.0011e+00	25.62	 1.0645e+00
	 nan	8.4678	1.0061	 8.5990e+00	 1.0011e+00	25.64	 1.0645e+00
	 nan	8.4754	1.0061	 8.6067e+00	 1.0011e+00	25.66	 1.0645e+00
	 nan	8.4829	1.006	 8.6143e+00	 1.0011e+00	25.681	 1.0646e+00
	 nan	8.4904	1.006	 8.6220e+00	 1.0011e+00	25.701	 1.0646e+00
	 nan	8.498	1.0059	 8.6296e+00	 1.0011e+00	25.721	 1.0647e+00
	 nan	8.5055	1.0059	 8.6373e+00	 1.0011e+00	25.742	 1.0647e+00
	 nan	8.513	1.0059	 8.6449e+00	 1.0011e+00	25.762	 1.0648e+00
	 nan	8.5206	1.0058	 8.6526e+00	 1.0011e+00	25.782	 1.0648e+00
	 nan	8.5282	1.0058	 8.6603e+00	 1.0010e+00	25.803	 1.0649e+00
	 nan	8.5357	1.0057	 8.6680e+00	 1.0010e+00	25.823	 1.0649e+00
	 nan	8.5433	1.0057	 8.6757e+00	 1.0011e+00	25.844	 1.0649e+00
	 nan	8.5509	1.0056	 8.6834e+00	 1.0010e+00	25.864	 1.0651e+00
	 nan	8.5585	1.0056	 8.6911e+00	 1.0011e+00	25.885	 1.0650e+00
	 nan	8.5661	1.0056	 8.6989e+00	 1.0011e+00	25.905	 1.0652e+00
	 nan	8.5737	1.0056	 8.7066e+00	 1.0011e+00	25.926	 1.0652e+00
	 nan	8.5813	1.0055	 8.7143e+00	 1.0011e+00	25.946	 1.0653e+00
	 nan	8.5889	1.0055	 8.7221e+00	 1.0011e+00	25.967	 1.0653e+00
	 nan	8.5965	1.0055	 8.7298e+00	 1.0011e+00	25.987	 1.0653e+00
	 nan	8.6041	1.0055	 8.7376e+00	 1.0012e+00	26.008	 1.0654e+00
	 nan	8.6117	1.0056	 8.7453e+00	 1.0012e+00	26.028	 1.0653e+00
	 nan	8.6194	1.0056	 8.7531e+00	 1.0012e+00	26.049	 1.0655e+00
	 nan	8.627	1.0056	 8.7609e+00	 1.0012e+00	26.069	 1.0654e+00
	 nan	8.6347	1.0056	 8.7687e+00	 1.0012e+00	26.09	 1.0655e+00
	 nan	8.6424	1.0056	 8.7765e+00	 1.0012e+00	26.111	 1.0655e+00
	 nan	8.65	1.0057	 8.7843e+00	 1.0013e+00	26.131	 1.0655e+00
	 nan	8.6577	1.0057	 8.7921e+00	 1.0013e+00	26.152	 1.0656e+00
	 nan	8.6654	1.0058	 8.7999e+00	 1.0013e+00	26.172	 1.0655e+00
	 nan	8.6731	1.0058	 8.8077e+00	 1.0013e+00	26.193	 1.0656e+00
	 nan	8.6808	1.0058	 8.8155e+00	 1.0013e+00	26.214	 1.0655e+00
	 nan	8.6885	1.0058	 8.8233e+00	 1.0013e+00	26.235	 1.0656e+00
	 nan	8.6962	1.0059	 8.8312e+00	 1.0013e+00	26.255	 1.0656e+00
	 nan	8.7039	1.0059	 8.8390e+00	 1.0013e+00	26.276	 1.0656e+00
	 nan	8.7116	1.006	 8.8469e+00	 1.0013e+00	26.297	 1.0657e+00
	 nan	8.7193	1.0061	 8.8547e+00	 1.0014e+00	26.317	 1.0657e+00
	 nan	8.7271	1.0061	 8.8626e+00	 1.0013e+00	26.338	 1.0659e+00
	 nan	8.7348	1.0062	 8.8705e+00	 1.0014e+00	26.359	 1.0658e+00
	 nan	8.7426	1.0062	 8.8784e+00	 1.0013e+00	26.38	 1.0660e+00
	 nan	8.7503	1.0063	 8.8862e+00	 1.0014e+00	26.401	 1.0661e+00
	 nan	8.7581	1.0063	 8.8941e+00	 1.0014e+00	26.421	 1.0662e+00
	 nan	8.7658	1.0064	 8.9020e+00	 1.0013e+00	26.442	 1.0665e+00
	 nan	8.7736	1.0065	 8.9099e+00	 1.0014e+00	26.463	 1.0666e+00
	 nan	8.7814	1.0065	 8.9178e+00	 1.0013e+00	26.484	 1.0669e+00
	 nan	8.7891	1.0066	 8.9258e+00	 1.0014e+00	26.505	 1.0669e+00
	 nan	8.7969	1.0066	 8.9337e+00	 1.0013e+00	26.526	 1.0672e+00
	 nan	8.8047	1.0067	 8.9416e+00	 1.0013e+00	26.546	 1.0673e+00
	 nan	8.8125	1.0068	 8.9495e+00	 1.0013e+00	26.567	 1.0675e+00
	 nan	8.8203	1.0068	 8.9574e+00	 1.0013e+00	26.588	 1.0677e+00
	 nan	8.8281	1.0069	 8.9654e+00	 1.0014e+00	26.609	 1.0678e+00
	 nan	8.836	1.0069	 8.9733e+00	 1.0013e+00	26.63	 1.0681e+00
	 nan	8.8438	1.007	 8.9813e+00	 1.0014e+00	26.651	 1.0681e+00
	 nan	8.8516	1.007	 8.9893e+00	 1.0013e+00	26.672	 1.0683e+00
	 nan	8.8595	1.007	 8.9972e+00	 1.0014e+00	26.693	 1.0684e+00
	 nan	8.8673	1.0071	 9.0052e+00	 1.0014e+00	26.714	 1.0685e+00
	 nan	8.8752	1.0071	 9.0132e+00	 1.0014e+00	26.735	 1.0686e+00
	 nan	8.883	1.0071	 9.0212e+00	 1.0014e+00	26.756	 1.0687e+00
	 nan	8.8909	1.0071	 9.0292e+00	 1.0014e+00	26.777	 1.0688e+00
	 nan	8.8988	1.0071	 9.0373e+00	 1.0014e+00	26.798	 1.0688e+00
	 nan	8.9067	1.0071	 9.0453e+00	 1.0014e+00	26.819	 1.0690e+00
	 nan	8.9145	1.0071	 9.0533e+00	 1.0014e+00	26.84	 1.0690e+00
	 nan	8.9224	1.0071	 9.0613e+00	 1.0014e+00	26.861	 1.0691e+00
	 nan	8.9304	1.0071	 9.0694e+00	 1.0014e+00	26.882	 1.0691e+00
	 nan	8.9383	1.0071	 9.0774e+00	 1.0015e+00	26.903	 1.0691e+00
	 nan	8.9462	1.0071	 9.0854e+00	 1.0015e+00	26.924	 1.0693e+00
	 nan	8.9541	1.0071	 9.0935e+00	 1.0015e+00	26.945	 1.0693e+00
	 nan	8.962	1.0071	 9.1015e+00	 1.0015e+00	26.966	 1.0694e+00
	 nan	8.97	1.0071	 9.1096e+00	 1.0015e+00	26.988	 1.0695e+00
	 nan	8.9779	1.0071	 9.1177e+00	 1.0015e+00	27.009	 1.0696e+00
	 nan	8.9858	1.0071	 9.1258e+00	 1.0015e+00	27.03	 1.0697e+00
	 nan	8.9938	1.0071	 9.1339e+00	 1.0015e+00	27.051	 1.0697e+00
	 nan	9.0018	1.0071	 9.1420e+00	 1.0015e+00	27.072	 1.0699e+00
	 nan	9.0097	1.0072	 9.1501e+00	 1.0015e+00	27.094	 1.0699e+00
	 nan	9.0177	1.0071	 9.1582e+00	 1.0015e+00	27.115	 1.0701e+00
	 nan	9.0257	1.0072	 9.1663e+00	 1.0015e+00	27.136	 1.0701e+00
	 nan	9.0337	1.0072	 9.1744e+00	 1.0015e+00	27.157	 1.0703e+00
	 nan	9.0417	1.0073	 9.1825e+00	 1.0014e+00	27.178	 1.0704e+00
	 nan	9.0496	1.0073	 9.1907e+00	 1.0014e+00	27.2	 1.0704e+00
	 nan	9.0577	1.0073	 9.1988e+00	 1.0014e+00	27.221	 1.0706e+00
	 nan	9.0657	1.0074	 9.2070e+00	 1.0014e+00	27.242	 1.0706e+00
	 nan	9.0737	1.0074	 9.2151e+00	 1.0014e+00	27.264	 1.0708e+00
	 nan	9.0817	1.0075	 9.2233e+00	 1.0014e+00	27.285	 1.0708e+00
	 nan	9.0898	1.0075	 9.2315e+00	 1.0014e+00	27.306	 1.0709e+00
	 nan	9.0978	1.0076	 9.2396e+00	 1.0014e+00	27.328	 1.0710e+00
	 nan	9.1058	1.0076	 9.2478e+00	 1.0013e+00	27.349	 1.0710e+00
	 nan	9.1139	1.0076	 9.2560e+00	 1.0013e+00	27.37	 1.0711e+00
	 nan	9.122	1.0077	 9.2642e+00	 1.0013e+00	27.392	 1.0711e+00
	 nan	9.13	1.0077	 9.2724e+00	 1.0013e+00	27.413	 1.0712e+00
	 nan	9.1381	1.0077	 9.2806e+00	 1.0013e+00	27.435	 1.0712e+00
	 nan	9.1462	1.0077	 9.2888e+00	 1.0013e+00	27.456	 1.0713e+00
	 nan	9.1543	1.0077	 9.2970e+00	 1.0013e+00	27.477	 1.0713e+00
	 nan	9.1624	1.0077	 9.3052e+00	 1.0013e+00	27.499	 1.0714e+00
	 nan	9.1705	1.0076	 9.3135e+00	 1.0013e+00	27.52	 1.0715e+00
	 nan	9.1786	1.0076	 9.3217e+00	 1.0013e+00	27.542	 1.0715e+00
	 nan	9.1867	1.0076	 9.3300e+00	 1.0013e+00	27.563	 1.0716e+00
	 nan	9.1948	1.0076	 9.3382e+00	 1.0013e+00	27.585	 1.0716e+00
	 nan	9.2029	1.0075	 9.3465e+00	 1.0013e+00	27.607	 1.0717e+00
	 nan	9.2111	1.0075	 9.3548e+00	 1.0013e+00	27.628	 1.0717e+00
	 nan	9.2192	1.0075	 9.3630e+00	 1.0013e+00	27.649	 1.0718e+00
	 nan	9.2274	1.0075	 9.3713e+00	 1.0013e+00	27.671	 1.0719e+00
	 nan	9.2355	1.0075	 9.3796e+00	 1.0013e+00	27.693	 1.0718e+00
	 nan	9.2437	1.0074	 9.3879e+00	 1.0013e+00	27.714	 1.0720e+00
	 nan	9.2519	1.0075	 9.3962e+00	 1.0014e+00	27.736	 1.0719e+00
	 nan	9.26	1.0075	 9.4046e+00	 1.0014e+00	27.757	 1.0721e+00
	 nan	9.2682	1.0075	 9.4129e+00	 1.0014e+00	27.779	 1.0721e+00
	 nan	9.2764	1.0075	 9.4212e+00	 1.0014e+00	27.801	 1.0721e+00
	 nan	9.2846	1.0075	 9.4295e+00	 1.0014e+00	27.822	 1.0722e+00
	 nan	9.2928	1.0076	 9.4379e+00	 1.0014e+00	27.844	 1.0722e+00
	 nan	9.301	1.0076	 9.4462e+00	 1.0014e+00	27.866	 1.0724e+00
	 nan	9.3092	1.0077	 9.4546e+00	 1.0014e+00	27.887	 1.0723e+00
	 nan	9.3175	1.0077	 9.4629e+00	 1.0014e+00	27.909	 1.0725e+00
	 nan	9.3257	1.0078	 9.4713e+00	 1.0014e+00	27.931	 1.0725e+00
	 nan	9.3339	1.0078	 9.4797e+00	 1.0014e+00	27.953	 1.0726e+00
	 nan	9.3422	1.0079	 9.4881e+00	 1.0014e+00	27.974	 1.0727e+00
	 nan	9.3504	1.0079	 9.4965e+00	 1.0014e+00	27.996	 1.0727e+00
	 nan	9.3587	1.008	 9.5049e+00	 1.0014e+00	28.018	 1.0729e+00
	 nan	9.367	1.0081	 9.5133e+00	 1.0014e+00	28.04	 1.0730e+00
	 nan	9.3752	1.0081	 9.5217e+00	 1.0013e+00	28.061	 1.0732e+00
	 nan	9.3835	1.0081	 9.5301e+00	 1.0014e+00	28.083	 1.0733e+00
	 nan	9.3918	1.0082	 9.5385e+00	 1.0013e+00	28.105	 1.0734e+00
	 nan	9.4001	1.0082	 9.5470e+00	 1.0013e+00	28.127	 1.0736e+00
	 nan	9.4084	1.0083	 9.5554e+00	 1.0013e+00	28.149	 1.0737e+00
	 nan	9.4167	1.0083	 9.5638e+00	 1.0013e+00	28.17	 1.0739e+00
	 nan	9.425	1.0084	 9.5723e+00	 1.0014e+00	28.192	 1.0740e+00
	 nan	9.4333	1.0084	 9.5807e+00	 1.0013e+00	28.214	 1.0742e+00
	 nan	9.4416	1.0084	 9.5892e+00	 1.0014e+00	28.236	 1.0743e+00
	 nan	9.4499	1.0084	 9.5977e+00	 1.0014e+00	28.258	 1.0744e+00
	 nan	9.4583	1.0084	 9.6061e+00	 1.0014e+00	28.28	 1.0746e+00
	 nan	9.4666	1.0084	 9.6146e+00	 1.0014e+00	28.302	 1.0747e+00
	 nan	9.475	1.0084	 9.6231e+00	 1.0014e+00	28.324	 1.0749e+00
	 nan	9.4833	1.0084	 9.6316e+00	 1.0015e+00	28.346	 1.0749e+00
	 nan	9.4917	1.0084	 9.6401e+00	 1.0015e+00	28.368	 1.0751e+00
	 nan	9.5001	1.0084	 9.6486e+00	 1.0015e+00	28.39	 1.0752e+00
	 nan	9.5085	1.0084	 9.6571e+00	 1.0015e+00	28.412	 1.0753e+00
	 nan	9.5169	1.0083	 9.6657e+00	 1.0015e+00	28.434	 1.0755e+00
	 nan	9.5253	1.0083	 9.6742e+00	 1.0015e+00	28.456	 1.0755e+00
	 nan	9.5337	1.0083	 9.6828e+00	 1.0015e+00	28.478	 1.0757e+00
	 nan	9.5421	1.0083	 9.6913e+00	 1.0016e+00	28.5	 1.0757e+00
	 nan	9.5505	1.0082	 9.6999e+00	 1.0016e+00	28.522	 1.0759e+00
	 nan	9.5589	1.0082	 9.7084e+00	 1.0016e+00	28.544	 1.0759e+00
	 nan	9.5674	1.0082	 9.7170e+00	 1.0016e+00	28.566	 1.0760e+00
	 nan	9.5758	1.0081	 9.7256e+00	 1.0016e+00	28.588	 1.0761e+00
	 nan	9.5843	1.0081	 9.7342e+00	 1.0017e+00	28.61	 1.0762e+00
	 nan	9.5927	1.0081	 9.7428e+00	 1.0017e+00	28.632	 1.0763e+00
	 nan	9.6012	1.0081	 9.7514e+00	 1.0017e+00	28.654	 1.0763e+00
	 nan	9.6096	1.008	 9.7600e+00	 1.0017e+00	28.677	 1.0765e+00
	 nan	9.6181	1.0081	 9.7686e+00	 1.0017e+00	28.699	 1.0764e+00
	 nan	9.6266	1.008	 9.7772e+00	 1.0017e+00	28.721	 1.0765e+00
	 nan	9.635	1.008	 9.7858e+00	 1.0018e+00	28.743	 1.0766e+00
	 nan	9.6435	1.008	 9.7945e+00	 1.0018e+00	28.765	 1.0766e+00
	 nan	9.652	1.008	 9.8031e+00	 1.0018e+00	28.787	 1.0768e+00
	 nan	9.6605	1.008	 9.8118e+00	 1.0018e+00	28.81	 1.0767e+00
	 nan	9.669	1.008	 9.8204e+00	 1.0018e+00	28.832	 1.0769e+00
	 nan	9.6776	1.008	 9.8291e+00	 1.0018e+00	28.854	 1.0769e+00
	 nan	9.6861	1.008	 9.8377e+00	 1.0018e+00	28.876	 1.0770e+00
	 nan	9.6946	1.008	 9.8464e+00	 1.0018e+00	28.899	 1.0771e+00
	 nan	9.7032	1.008	 9.8551e+00	 1.0018e+00	28.921	 1.0771e+00
	 nan	9.7117	1.0079	 9.8638e+00	 1.0018e+00	28.943	 1.0773e+00
	 nan	9.7203	1.0079	 9.8725e+00	 1.0018e+00	28.965	 1.0772e+00
	 nan	9.7288	1.0078	 9.8812e+00	 1.0018e+00	28.988	 1.0774e+00
	 nan	9.7374	1.0078	 9.8899e+00	 1.0018e+00	29.01	 1.0773e+00
	 nan	9.746	1.0078	 9.8986e+00	 1.0018e+00	29.032	 1.0775e+00
	 nan	9.7546	1.0078	 9.9074e+00	 1.0018e+00	29.055	 1.0775e+00
	 nan	9.7631	1.0077	 9.9161e+00	 1.0018e+00	29.077	 1.0775e+00
	 nan	9.7718	1.0077	 9.9249e+00	 1.0018e+00	29.1	 1.0776e+00
	 nan	9.7804	1.0077	 9.9336e+00	 1.0018e+00	29.122	 1.0775e+00
	 nan	9.789	1.0077	 9.9424e+00	 1.0018e+00	29.144	 1.0777e+00
	 nan	9.7976	1.0077	 9.9512e+00	 1.0018e+00	29.167	 1.0776e+00
	 nan	9.8062	1.0076	 9.9599e+00	 1.0018e+00	29.189	 1.0777e+00
	 nan	9.8148	1.0076	 9.9687e+00	 1.0018e+00	29.212	 1.0777e+00
	 nan	9.8235	1.0076	 9.9775e+00	 1.0018e+00	29.234	 1.0777e+00
	 nan	9.8321	1.0076	 9.9863e+00	 1.0017e+00	29.257	 1.0778e+00
	 nan	9.8408	1.0076	 9.9951e+00	 1.0018e+00	29.279	 1.0777e+00
	 nan	9.8494	1.0076	 1.0004e+01	 1.0017e+00	29.302	 1.0778e+00
	 nan	9.8581	1.0076	 1.0013e+01	 1.0018e+00	29.324	 1.0777e+00
	 nan	9.8668	1.0076	 1.0022e+01	 1.0017e+00	29.347	 1.0779e+00
	 nan	9.8755	1.0076	 1.0030e+01	 1.0017e+00	29.369	 1.0778e+00
	 nan	9.8842	1.0076	 1.0039e+01	 1.0017e+00	29.392	 1.0779e+00
	 nan	9.8929	1.0076	 1.0048e+01	 1.0017e+00	29.414	 1.0780e+00
	 nan	9.9016	1.0077	 1.0057e+01	 1.0017e+00	29.437	 1.0779e+00
	 nan	9.9103	1.0076	 1.0066e+01	 1.0017e+00	29.459	 1.0781e+00
	 nan	9.919	1.0077	 1.0075e+01	 1.0017e+00	29.482	 1.0780e+00
	 nan	9.9277	1.0076	 1.0084e+01	 1.0017e+00	29.505	 1.0781e+00
	 nan	9.9365	1.0077	 1.0092e+01	 1.0017e+00	29.527	 1.0781e+00
	 nan	9.9452	1.0077	 1.0101e+01	 1.0017e+00	29.55	 1.0782e+00
	 nan	9.954	1.0076	 1.0110e+01	 1.0017e+00	29.573	 1.0783e+00
	 nan	9.9627	1.0077	 1.0119e+01	 1.0018e+00	29.595	 1.0783e+00
	 nan	9.9715	1.0076	 1.0128e+01	 1.0018e+00	29.618	 1.0786e+00
	 nan	9.9802	1.0077	 1.0137e+01	 1.0018e+00	29.641	 1.0785e+00
	 nan	9.989	1.0076	 1.0146e+01	 1.0018e+00	29.663	 1.0788e+00
	 nan	9.9978	1.0077	 1.0155e+01	 1.0018e+00	29.686	 1.0788e+00
	 nan	10.007	1.0076	 1.0164e+01	 1.0018e+00	29.709	 1.0790e+00
	 nan	10.015	1.0076	 1.0173e+01	 1.0018e+00	29.732	 1.0791e+00
	 nan	10.024	1.0077	 1.0182e+01	 1.0018e+00	29.754	 1.0792e+00
	 nan	10.033	1.0076	 1.0191e+01	 1.0018e+00	29.777	 1.0794e+00
	 nan	10.042	1.0077	 1.0200e+01	 1.0018e+00	29.8	 1.0795e+00
	 nan	10.051	1.0077	 1.0209e+01	 1.0018e+00	29.823	 1.0798e+00
	 nan	10.059	1.0077	 1.0217e+01	 1.0018e+00	29.846	 1.0798e+00
	 nan	10.068	1.0077	 1.0226e+01	 1.0018e+00	29.868	 1.0800e+00
	 nan	10.077	1.0077	 1.0236e+01	 1.0018e+00	29.891	 1.0802e+00
	 nan	10.086	1.0077	 1.0245e+01	 1.0019e+00	29.914	 1.0803e+00
	 nan	10.095	1.0077	 1.0254e+01	 1.0018e+00	29.937	 1.0806e+00
	 nan	10.104	1.0078	 1.0262e+01	 1.0019e+00	29.96	 1.0806e+00
	 nan	10.113	1.0077	 1.0271e+01	 1.0018e+00	29.983	 1.0809e+00
	 nan	10.121	1.0078	 1.0281e+01	 1.0019e+00	30.006	 1.0809e+00
	 nan	10.13	1.0077	 1.0290e+01	 1.0018e+00	30.029	 1.0811e+00
	 nan	10.139	1.0077	 1.0299e+01	 1.0018e+00	30.051	 1.0812e+00
	 nan	10.148	1.0077	 1.0308e+01	 1.0018e+00	30.074	 1.0812e+00
	 nan	10.157	1.0077	 1.0317e+01	 1.0018e+00	30.097	 1.0814e+00
	 nan	10.166	1.0077	 1.0326e+01	 1.0018e+00	30.12	 1.0814e+00
	 nan	10.175	1.0076	 1.0335e+01	 1.0018e+00	30.143	 1.0816e+00
	 nan	10.184	1.0076	 1.0344e+01	 1.0018e+00	30.166	 1.0816e+00
	 nan	10.193	1.0076	 1.0353e+01	 1.0018e+00	30.189	 1.0818e+00
	 nan	10.202	1.0076	 1.0362e+01	 1.0018e+00	30.212	 1.0819e+00
	 nan	10.211	1.0075	 1.0371e+01	 1.0018e+00	30.235	 1.0819e+00
	 nan	10.22	1.0075	 1.0380e+01	 1.0018e+00	30.258	 1.0821e+00
	 nan	10.229	1.0075	 1.0390e+01	 1.0018e+00	30.281	 1.0821e+00
	 nan	10.238	1.0074	 1.0399e+01	 1.0017e+00	30.304	 1.0823e+00
	 nan	10.247	1.0074	 1.0408e+01	 1.0018e+00	30.327	 1.0823e+00
	 nan	10.256	1.0073	 1.0417e+01	 1.0017e+00	30.351	 1.0824e+00
	 nan	10.265	1.0073	 1.0426e+01	 1.0018e+00	30.374	 1.0825e+00
	 nan	10.274	1.0073	 1.0435e+01	 1.0017e+00	30.397	 1.0826e+00
	 nan	10.283	1.0073	 1.0444e+01	 1.0017e+00	30.42	 1.0827e+00
	 nan	10.292	1.0074	 1.0454e+01	 1.0017e+00	30.443	 1.0827e+00
	 nan	10.301	1.0074	 1.0463e+01	 1.0017e+00	30.466	 1.0829e+00
	 nan	10.31	1.0075	 1.0472e+01	 1.0017e+00	30.489	 1.0829e+00
	 nan	10.319	1.0075	 1.0481e+01	 1.0017e+00	30.512	 1.0831e+00
	 nan	10.328	1.0076	 1.0490e+01	 1.0017e+00	30.536	 1.0831e+00
	 nan	10.337	1.0077	 1.0500e+01	 1.0017e+00	30.559	 1.0832e+00
	 nan	10.346	1.0078	 1.0509e+01	 1.0017e+00	30.582	 1.0834e+00
	 nan	10.355	1.0079	 1.0518e+01	 1.0017e+00	30.605	 1.0834e+00
	 nan	10.364	1.008	 1.0527e+01	 1.0017e+00	30.629	 1.0836e+00
	 nan	10.373	1.0081	 1.0537e+01	 1.0017e+00	30.652	 1.0836e+00
	 nan	10.382	1.0082	 1.0546e+01	 1.0017e+00	30.675	 1.0838e+00
	 nan	10.392	1.0083	 1.0555e+01	 1.0017e+00	30.698	 1.0839e+00
	 nan	10.401	1.0084	 1.0564e+01	 1.0017e+00	30.722	 1.0840e+00
	 nan	10.41	1.0085	 1.0574e+01	 1.0017e+00	30.745	 1.0841e+00
	 nan	10.419	1.0087	 1.0583e+01	 1.0017e+00	30.768	 1.0841e+00
	 nan	10.428	1.0088	 1.0592e+01	 1.0017e+00	30.792	 1.0843e+00
	 nan	10.437	1.0089	 1.0601e+01	 1.0017e+00	30.815	 1.0843e+00
	 nan	10.446	1.009	 1.0611e+01	 1.0017e+00	30.838	 1.0845e+00
	 nan	10.456	1.0091	 1.0620e+01	 1.0017e+00	30.862	 1.0846e+00
	 nan	10.465	1.0093	 1.0629e+01	 1.0017e+00	30.885	 1.0847e+00
	 nan	10.474	1.0093	 1.0639e+01	 1.0017e+00	30.908	 1.0848e+00
	 nan	10.483	1.0095	 1.0648e+01	 1.0018e+00	30.932	 1.0848e+00
	 nan	10.492	1.0095	 1.0657e+01	 1.0018e+00	30.955	 1.0850e+00
	 nan	10.501	1.0097	 1.0667e+01	 1.0018e+00	30.979	 1.0849e+00
	 nan	10.511	1.0097	 1.0676e+01	 1.0018e+00	31.002	 1.0851e+00
	 nan	10.52	1.0098	 1.0685e+01	 1.0018e+00	31.026	 1.0851e+00
	 nan	10.529	1.0098	 1.0695e+01	 1.0018e+00	31.049	 1.0852e+00
	 nan	10.538	1.0099	 1.0704e+01	 1.0018e+00	31.073	 1.0853e+00
	 nan	10.547	1.0099	 1.0714e+01	 1.0018e+00	31.096	 1.0853e+00
	 nan	10.557	1.0099	 1.0723e+01	 1.0018e+00	31.119	 1.0855e+00
	 nan	10.566	1.01	 1.0732e+01	 1.0018e+00	31.143	 1.0854e+00
	 nan	10.575	1.01	 1.0742e+01	 1.0018e+00	31.167	 1.0856e+00
	 nan	10.585	1.01	 1.0751e+01	 1.0019e+00	31.19	 1.0856e+00
	 nan	10.594	1.01	 1.0761e+01	 1.0019e+00	31.214	 1.0858e+00
	 nan	10.603	1.01	 1.0770e+01	 1.0019e+00	31.237	 1.0859e+00
	 nan	10.612	1.01	 1.0780e+01	 1.0019e+00	31.261	 1.0859e+00
	 nan	10.622	1.01	 1.0789e+01	 1.0019e+00	31.284	 1.0861e+00
	 nan	10.631	1.01	 1.0799e+01	 1.0019e+00	31.308	 1.0861e+00
	 nan	10.64	1.01	 1.0808e+01	 1.0019e+00	31.332	 1.0863e+00
	 nan	10.65	1.01	 1.0817e+01	 1.0019e+00	31.355	 1.0863e+00
	 nan	10.659	1.01	 1.0827e+01	 1.0019e+00	31.379	 1.0864e+00
	 nan	10.668	1.0099	 1.0836e+01	 1.0020e+00	31.402	 1.0865e+00
	 nan	10.678	1.01	 1.0846e+01	 1.0020e+00	31.426	 1.0865e+00
	 nan	10.687	1.0099	 1.0855e+01	 1.0020e+00	31.45	 1.0867e+00
	 nan	10.696	1.01	 1.0865e+01	 1.0020e+00	31.474	 1.0867e+00
	 nan	10.706	1.0099	 1.0874e+01	 1.0020e+00	31.497	 1.0869e+00
	 nan	10.715	1.01	 1.0884e+01	 1.0020e+00	31.521	 1.0869e+00
	 nan	10.724	1.0099	 1.0893e+01	 1.0020e+00	31.545	 1.0871e+00
	 nan	10.734	1.01	 1.0903e+01	 1.0020e+00	31.568	 1.0872e+00
	 nan	10.743	1.01	 1.0912e+01	 1.0020e+00	31.592	 1.0873e+00
	 nan	10.753	1.01	 1.0922e+01	 1.0020e+00	31.616	 1.0875e+00
	 nan	10.762	1.0101	 1.0932e+01	 1.0020e+00	31.64	 1.0875e+00
	 nan	10.771	1.0101	 1.0941e+01	 1.0020e+00	31.663	 1.0878e+00
	 nan	10.781	1.0101	 1.0951e+01	 1.0020e+00	31.687	 1.0878e+00
	 nan	10.79	1.0101	 1.0960e+01	 1.0020e+00	31.711	 1.0881e+00
	 nan	10.8	1.0102	 1.0970e+01	 1.0021e+00	31.735	 1.0882e+00
	 nan	10.809	1.0102	 1.0980e+01	 1.0021e+00	31.759	 1.0883e+00
	 nan	10.819	1.0102	 1.0989e+01	 1.0021e+00	31.783	 1.0886e+00
	 nan	10.828	1.0103	 1.0999e+01	 1.0021e+00	31.806	 1.0886e+00
	 nan	10.838	1.0102	 1.1008e+01	 1.0021e+00	31.83	 1.0889e+00
	 nan	10.847	1.0103	 1.1018e+01	 1.0021e+00	31.854	 1.0890e+00
	 nan	10.857	1.0102	 1.1028e+01	 1.0021e+00	31.878	 1.0892e+00
	 nan	10.866	1.0102	 1.1037e+01	 1.0022e+00	31.902	 1.0894e+00
	 nan	10.876	1.0102	 1.1047e+01	 1.0022e+00	31.926	 1.0895e+00
	 nan	10.885	1.0102	 1.1057e+01	 1.0022e+00	31.95	 1.0898e+00
	 nan	10.895	1.0102	 1.1066e+01	 1.0022e+00	31.974	 1.0898e+00
	 nan	10.904	1.0101	 1.1076e+01	 1.0022e+00	31.998	 1.0902e+00
	 nan	10.914	1.0101	 1.1086e+01	 1.0022e+00	32.022	 1.0902e+00
	 nan	10.923	1.01	 1.1095e+01	 1.0021e+00	32.046	 1.0905e+00
	 nan	10.933	1.01	 1.1105e+01	 1.0021e+00	32.07	 1.0906e+00
	 nan	10.942	1.01	 1.1115e+01	 1.0021e+00	32.094	 1.0907e+00
	 nan	10.952	1.0099	 1.1125e+01	 1.0021e+00	32.118	 1.0910e+00
	 nan	10.961	1.0099	 1.1134e+01	 1.0021e+00	32.142	 1.0910e+00
	 nan	10.971	1.0098	 1.1144e+01	 1.0020e+00	32.166	 1.0913e+00
	 nan	10.98	1.0098	 1.1154e+01	 1.0020e+00	32.19	 1.0913e+00
	 nan	10.99	1.0098	 1.1164e+01	 1.0020e+00	32.214	 1.0915e+00
	 nan	11.0	1.0097	 1.1173e+01	 1.0020e+00	32.238	 1.0916e+00
	 nan	11.009	1.0097	 1.1183e+01	 1.0019e+00	32.262	 1.0917e+00
	 nan	11.019	1.0097	 1.1193e+01	 1.0019e+00	32.286	 1.0918e+00
	 nan	11.028	1.0097	 1.1203e+01	 1.0019e+00	32.31	 1.0918e+00
	 nan	11.038	1.0097	 1.1212e+01	 1.0018e+00	32.335	 1.0921e+00
	 nan	11.048	1.0097	 1.1222e+01	 1.0018e+00	32.359	 1.0921e+00
	 nan	11.057	1.0097	 1.1232e+01	 1.0018e+00	32.383	 1.0923e+00
	 nan	11.067	1.0097	 1.1242e+01	 1.0018e+00	32.407	 1.0923e+00
	 nan	11.077	1.0097	 1.1252e+01	 1.0018e+00	32.431	 1.0924e+00
	 nan	11.086	1.0097	 1.1262e+01	 1.0018e+00	32.455	 1.0925e+00
	 nan	11.096	1.0097	 1.1271e+01	 1.0018e+00	32.48	 1.0925e+00
	 nan	11.106	1.0097	 1.1281e+01	 1.0017e+00	32.504	 1.0926e+00
	 nan	11.116	1.0097	 1.1291e+01	 1.0017e+00	32.528	 1.0926e+00
	 nan	11.125	1.0097	 1.1301e+01	 1.0017e+00	32.552	 1.0927e+00
	 nan	11.135	1.0097	 1.1311e+01	 1.0017e+00	32.577	 1.0927e+00
	 nan	11.145	1.0097	 1.1321e+01	 1.0017e+00	32.601	 1.0927e+00
	 nan	11.154	1.0097	 1.1331e+01	 1.0017e+00	32.625	 1.0928e+00
	 nan	11.164	1.0097	 1.1341e+01	 1.0017e+00	32.649	 1.0927e+00
	 nan	11.174	1.0097	 1.1350e+01	 1.0017e+00	32.674	 1.0929e+00
	 nan	11.184	1.0098	 1.1360e+01	 1.0018e+00	32.698	 1.0927e+00
	 nan	11.193	1.0098	 1.1370e+01	 1.0018e+00	32.722	 1.0929e+00
	 nan	11.203	1.0098	 1.1380e+01	 1.0018e+00	32.747	 1.0928e+00
	 nan	11.213	1.0098	 1.1390e+01	 1.0018e+00	32.771	 1.0929e+00
	 nan	11.223	1.0099	 1.1400e+01	 1.0018e+00	32.795	 1.0930e+00
	 nan	11.233	1.0099	 1.1410e+01	 1.0019e+00	32.82	 1.0929e+00
	 nan	11.242	1.0099	 1.1420e+01	 1.0019e+00	32.844	 1.0931e+00
	 nan	11.252	1.01	 1.1430e+01	 1.0019e+00	32.869	 1.0930e+00
	 nan	11.262	1.0099	 1.1440e+01	 1.0019e+00	32.893	 1.0932e+00
	 nan	11.272	1.01	 1.1450e+01	 1.0020e+00	32.917	 1.0932e+00
	 nan	11.282	1.01	 1.1460e+01	 1.0020e+00	32.942	 1.0934e+00
	 nan	11.291	1.01	 1.1470e+01	 1.0020e+00	32.966	 1.0935e+00
	 nan	11.301	1.0101	 1.1480e+01	 1.0020e+00	32.991	 1.0935e+00
	 nan	11.311	1.0101	 1.1490e+01	 1.0020e+00	33.015	 1.0937e+00
	 nan	11.321	1.0102	 1.1500e+01	 1.0021e+00	33.04	 1.0937e+00
	 nan	11.331	1.0102	 1.1510e+01	 1.0020e+00	33.064	 1.0939e+00
	 nan	11.341	1.0102	 1.1520e+01	 1.0021e+00	33.089	 1.0939e+00
	 nan	11.351	1.0103	 1.1530e+01	 1.0021e+00	33.113	 1.0941e+00
	 nan	11.361	1.0103	 1.1540e+01	 1.0021e+00	33.138	 1.0942e+00
	 nan	11.37	1.0104	 1.1550e+01	 1.0021e+00	33.162	 1.0942e+00
	 nan	11.38	1.0104	 1.1560e+01	 1.0021e+00	33.187	 1.0944e+00
	 nan	11.39	1.0105	 1.1570e+01	 1.0021e+00	33.212	 1.0944e+00
	 nan	11.4	1.0105	 1.1580e+01	 1.0021e+00	33.236	 1.0947e+00
	 nan	11.41	1.0106	 1.1591e+01	 1.0021e+00	33.261	 1.0947e+00
	 nan	11.42	1.0107	 1.1601e+01	 1.0021e+00	33.285	 1.0948e+00
	 nan	11.43	1.0107	 1.1611e+01	 1.0021e+00	33.31	 1.0949e+00
	 nan	11.44	1.0108	 1.1621e+01	 1.0021e+00	33.334	 1.0950e+00
	 nan	11.45	1.0108	 1.1631e+01	 1.0021e+00	33.359	 1.0952e+00
	 nan	11.46	1.011	 1.1641e+01	 1.0021e+00	33.384	 1.0952e+00
	 nan	11.47	1.011	 1.1651e+01	 1.0021e+00	33.408	 1.0954e+00
	 nan	11.48	1.0111	 1.1661e+01	 1.0021e+00	33.433	 1.0954e+00
	 nan	11.49	1.0111	 1.1672e+01	 1.0021e+00	33.458	 1.0956e+00
	 nan	11.5	1.0112	 1.1682e+01	 1.0021e+00	33.483	 1.0957e+00
	 nan	11.51	1.0113	 1.1692e+01	 1.0021e+00	33.507	 1.0958e+00
	 nan	11.52	1.0113	 1.1702e+01	 1.0021e+00	33.532	 1.0961e+00
	 nan	11.53	1.0115	 1.1712e+01	 1.0021e+00	33.557	 1.0961e+00
	 nan	11.54	1.0115	 1.1723e+01	 1.0020e+00	33.581	 1.0964e+00
	 nan	11.55	1.0116	 1.1733e+01	 1.0021e+00	33.606	 1.0964e+00
	 nan	11.56	1.0116	 1.1743e+01	 1.0020e+00	33.631	 1.0967e+00
	 nan	11.57	1.0117	 1.1753e+01	 1.0020e+00	33.656	 1.0968e+00
	 nan	11.58	1.0118	 1.1763e+01	 1.0020e+00	33.681	 1.0969e+00
	 nan	11.59	1.0118	 1.1774e+01	 1.0020e+00	33.705	 1.0971e+00
	 nan	11.601	1.0119	 1.1784e+01	 1.0020e+00	33.73	 1.0971e+00
	 nan	11.611	1.0119	 1.1794e+01	 1.0020e+00	33.755	 1.0974e+00
	 nan	11.621	1.012	 1.1805e+01	 1.0020e+00	33.78	 1.0973e+00
	 nan	11.631	1.012	 1.1815e+01	 1.0020e+00	33.805	 1.0975e+00
	 nan	11.641	1.012	 1.1825e+01	 1.0021e+00	33.83	 1.0976e+00
	 nan	11.651	1.012	 1.1835e+01	 1.0021e+00	33.855	 1.0977e+00
	 nan	11.661	1.012	 1.1846e+01	 1.0021e+00	33.88	 1.0978e+00
	 nan	11.671	1.012	 1.1856e+01	 1.0021e+00	33.904	 1.0978e+00
	 nan	11.681	1.0119	 1.1866e+01	 1.0021e+00	33.929	 1.0980e+00
	 nan	11.692	1.012	 1.1877e+01	 1.0022e+00	33.954	 1.0979e+00
	 nan	11.702	1.0119	 1.1887e+01	 1.0022e+00	33.979	 1.0981e+00
	 nan	11.712	1.0119	 1.1897e+01	 1.0022e+00	34.004	 1.0981e+00
	 nan	11.722	1.0118	 1.1908e+01	 1.0022e+00	34.029	 1.0981e+00
	 nan	11.732	1.0118	 1.1918e+01	 1.0023e+00	34.054	 1.0983e+00
	 nan	11.742	1.0118	 1.1928e+01	 1.0023e+00	34.079	 1.0982e+00
	 nan	11.753	1.0117	 1.1939e+01	 1.0023e+00	34.104	 1.0984e+00
	 nan	11.763	1.0117	 1.1949e+01	 1.0024e+00	34.129	 1.0984e+00
	 nan	11.773	1.0116	 1.1960e+01	 1.0024e+00	34.154	 1.0986e+00
	 nan	11.783	1.0116	 1.1970e+01	 1.0024e+00	34.179	 1.0986e+00
	 nan	11.794	1.0115	 1.1980e+01	 1.0024e+00	34.204	 1.0987e+00
	 nan	11.804	1.0115	 1.1991e+01	 1.0024e+00	34.229	 1.0988e+00
	 nan	11.814	1.0115	 1.2001e+01	 1.0025e+00	34.254	 1.0988e+00
	 nan	11.825	1.0115	 1.2012e+01	 1.0024e+00	34.279	 1.0990e+00
	 nan	11.835	1.0115	 1.2022e+01	 1.0025e+00	34.305	 1.0990e+00
	 nan	11.845	1.0115	 1.2033e+01	 1.0025e+00	34.33	 1.0992e+00
	 nan	11.855	1.0115	 1.2043e+01	 1.0025e+00	34.355	 1.0992e+00
	 nan	11.866	1.0115	 1.2053e+01	 1.0025e+00	34.38	 1.0993e+00
	 nan	11.876	1.0116	 1.2064e+01	 1.0025e+00	34.405	 1.0995e+00
	 nan	11.886	1.0116	 1.2074e+01	 1.0025e+00	34.43	 1.0995e+00
	 nan	11.896	1.0116	 1.2085e+01	 1.0024e+00	34.456	 1.0998e+00
	 nan	11.907	1.0116	 1.2095e+01	 1.0025e+00	34.481	 1.0998e+00
	 nan	11.917	1.0116	 1.2106e+01	 1.0024e+00	34.506	 1.1001e+00
	 nan	11.928	1.0116	 1.2116e+01	 1.0024e+00	34.531	 1.1001e+00
	 nan	11.938	1.0116	 1.2127e+01	 1.0024e+00	34.556	 1.1003e+00
	 nan	11.948	1.0116	 1.2137e+01	 1.0024e+00	34.581	 1.1005e+00
	 nan	11.959	1.0116	 1.2148e+01	 1.0024e+00	34.607	 1.1005e+00
	 nan	11.969	1.0115	 1.2159e+01	 1.0023e+00	34.632	 1.1008e+00
	 nan	11.979	1.0116	 1.2169e+01	 1.0023e+00	34.657	 1.1008e+00
	 nan	11.99	1.0115	 1.2180e+01	 1.0023e+00	34.682	 1.1011e+00
	 nan	12.0	1.0115	 1.2190e+01	 1.0023e+00	34.708	 1.1012e+00
	 nan	12.011	1.0115	 1.2201e+01	 1.0022e+00	34.733	 1.1013e+00
	 nan	12.021	1.0115	 1.2211e+01	 1.0022e+00	34.758	 1.1015e+00
	 nan	12.031	1.0115	 1.2222e+01	 1.0022e+00	34.784	 1.1015e+00
	 nan	12.042	1.0115	 1.2233e+01	 1.0022e+00	34.809	 1.1018e+00
	 nan	12.052	1.0116	 1.2243e+01	 1.0022e+00	34.834	 1.1018e+00
	 nan	12.063	1.0115	 1.2254e+01	 1.0021e+00	34.86	 1.1020e+00
	 nan	12.073	1.0116	 1.2264e+01	 1.0021e+00	34.885	 1.1020e+00
	 nan	12.084	1.0116	 1.2275e+01	 1.0021e+00	34.91	 1.1021e+00
	 nan	12.094	1.0117	 1.2286e+01	 1.0021e+00	34.936	 1.1022e+00
	 nan	12.105	1.0118	 1.2296e+01	 1.0021e+00	34.961	 1.1022e+00
	 nan	12.115	1.0118	 1.2307e+01	 1.0021e+00	34.987	 1.1024e+00
	 nan	12.126	1.0119	 1.2318e+01	 1.0022e+00	35.012	 1.1023e+00
	 nan	12.136	1.0119	 1.2329e+01	 1.0021e+00	35.038	 1.1025e+00
	 nan	12.147	1.0119	 1.2339e+01	 1.0022e+00	35.063	 1.1024e+00
	 nan	12.157	1.012	 1.2350e+01	 1.0022e+00	35.089	 1.1025e+00
	 nan	12.168	1.012	 1.2361e+01	 1.0022e+00	35.114	 1.1026e+00
	 nan	12.178	1.012	 1.2371e+01	 1.0022e+00	35.139	 1.1026e+00
	 nan	12.189	1.012	 1.2382e+01	 1.0023e+00	35.165	 1.1028e+00
	 nan	12.2	1.0121	 1.2393e+01	 1.0023e+00	35.191	 1.1028e+00
	 nan	12.21	1.0121	 1.2404e+01	 1.0023e+00	35.216	 1.1030e+00
	 nan	12.221	1.0121	 1.2414e+01	 1.0024e+00	35.242	 1.1030e+00
	 nan	12.231	1.0121	 1.2425e+01	 1.0024e+00	35.267	 1.1033e+00
	 nan	12.242	1.0121	 1.2436e+01	 1.0025e+00	35.293	 1.1034e+00
	 nan	12.253	1.0121	 1.2447e+01	 1.0025e+00	35.318	 1.1035e+00
	 nan	12.263	1.0121	 1.2457e+01	 1.0025e+00	35.344	 1.1038e+00
	 nan	12.274	1.0122	 1.2468e+01	 1.0026e+00	35.369	 1.1038e+00
	 nan	12.284	1.0121	 1.2479e+01	 1.0026e+00	35.395	 1.1042e+00
	 nan	12.295	1.0122	 1.2490e+01	 1.0026e+00	35.421	 1.1042e+00
	 nan	12.306	1.0121	 1.2501e+01	 1.0026e+00	35.446	 1.1045e+00
	 nan	12.316	1.0121	 1.2511e+01	 1.0027e+00	35.472	 1.1047e+00
	 nan	12.327	1.0122	 1.2522e+01	 1.0027e+00	35.498	 1.1049e+00
	 nan	12.338	1.0121	 1.2533e+01	 1.0027e+00	35.523	 1.1051e+00
	 nan	12.348	1.0122	 1.2544e+01	 1.0027e+00	35.549	 1.1052e+00
	 nan	12.359	1.0121	 1.2555e+01	 1.0026e+00	35.575	 1.1055e+00
	 nan	12.37	1.0122	 1.2566e+01	 1.0027e+00	35.6	 1.1055e+00
	 nan	12.381	1.0122	 1.2577e+01	 1.0026e+00	35.626	 1.1058e+00
	 nan	12.391	1.0122	 1.2588e+01	 1.0026e+00	35.652	 1.1058e+00
	 nan	12.402	1.0123	 1.2598e+01	 1.0026e+00	35.677	 1.1059e+00
	 nan	12.413	1.0123	 1.2609e+01	 1.0025e+00	35.703	 1.1060e+00
	 nan	12.424	1.0124	 1.2620e+01	 1.0025e+00	35.729	 1.1060e+00
	 nan	12.434	1.0124	 1.2631e+01	 1.0025e+00	35.755	 1.1062e+00
	 nan	12.445	1.0124	 1.2642e+01	 1.0025e+00	35.78	 1.1061e+00
	 nan	12.456	1.0124	 1.2653e+01	 1.0024e+00	35.806	 1.1062e+00
	 nan	12.467	1.0125	 1.2664e+01	 1.0024e+00	35.832	 1.1062e+00
	 nan	12.477	1.0125	 1.2675e+01	 1.0024e+00	35.858	 1.1062e+00
	 nan	12.488	1.0125	 1.2686e+01	 1.0023e+00	35.884	 1.1063e+00
	 nan	12.499	1.0125	 1.2697e+01	 1.0023e+00	35.91	 1.1063e+00
	 nan	12.51	1.0125	 1.2708e+01	 1.0023e+00	35.935	 1.1065e+00
	 nan	12.521	1.0126	 1.2719e+01	 1.0023e+00	35.961	 1.1064e+00
	 nan	12.531	1.0125	 1.2730e+01	 1.0023e+00	35.987	 1.1067e+00
	 nan	12.542	1.0125	 1.2741e+01	 1.0023e+00	36.013	 1.1067e+00
	 nan	12.553	1.0125	 1.2752e+01	 1.0022e+00	36.039	 1.1069e+00
	 nan	12.564	1.0125	 1.2763e+01	 1.0022e+00	36.065	 1.1071e+00
	 nan	12.575	1.0125	 1.2774e+01	 1.0022e+00	36.091	 1.1071e+00
	 nan	12.586	1.0124	 1.2785e+01	 1.0022e+00	36.117	 1.1074e+00
	 nan	12.597	1.0125	 1.2796e+01	 1.0022e+00	36.142	 1.1075e+00
	 nan	12.607	1.0124	 1.2807e+01	 1.0021e+00	36.168	 1.1078e+00
	 nan	12.618	1.0124	 1.2818e+01	 1.0022e+00	36.194	 1.1079e+00
	 nan	12.629	1.0123	 1.2829e+01	 1.0021e+00	36.22	 1.1081e+00
	 nan	12.64	1.0122	 1.2841e+01	 1.0021e+00	36.246	 1.1082e+00
	 nan	12.651	1.0122	 1.2852e+01	 1.0022e+00	36.272	 1.1083e+00
	 nan	12.662	1.0121	 1.2863e+01	 1.0021e+00	36.298	 1.1086e+00
	 nan	12.673	1.0121	 1.2874e+01	 1.0022e+00	36.324	 1.1086e+00
	 nan	12.684	1.012	 1.2885e+01	 1.0022e+00	36.35	 1.1088e+00
	 nan	12.695	1.012	 1.2896e+01	 1.0022e+00	36.376	 1.1088e+00
	 nan	12.706	1.012	 1.2907e+01	 1.0022e+00	36.402	 1.1089e+00
	 nan	12.717	1.0119	 1.2918e+01	 1.0022e+00	36.428	 1.1090e+00
	 nan	12.728	1.012	 1.2930e+01	 1.0023e+00	36.455	 1.1090e+00
	 nan	12.739	1.0119	 1.2941e+01	 1.0023e+00	36.481	 1.1092e+00
	 nan	12.75	1.012	 1.2952e+01	 1.0024e+00	36.507	 1.1092e+00
	 nan	12.761	1.0119	 1.2963e+01	 1.0024e+00	36.533	 1.1094e+00
	 nan	12.772	1.012	 1.2974e+01	 1.0024e+00	36.559	 1.1093e+00
	 nan	12.783	1.012	 1.2986e+01	 1.0025e+00	36.585	 1.1094e+00
	 nan	12.794	1.012	 1.2997e+01	 1.0025e+00	36.611	 1.1095e+00
	 nan	12.805	1.012	 1.3008e+01	 1.0026e+00	36.637	 1.1095e+00
	 nan	12.816	1.012	 1.3019e+01	 1.0026e+00	36.663	 1.1097e+00
	 nan	12.827	1.0121	 1.3031e+01	 1.0027e+00	36.69	 1.1097e+00
	 nan	12.838	1.0121	 1.3042e+01	 1.0027e+00	36.716	 1.1099e+00
	 nan	12.849	1.0121	 1.3053e+01	 1.0027e+00	36.742	 1.1099e+00
	 nan	12.861	1.0121	 1.3064e+01	 1.0027e+00	36.768	 1.1101e+00
	 nan	12.872	1.0122	 1.3076e+01	 1.0028e+00	36.794	 1.1102e+00
	 nan	12.883	1.0122	 1.3087e+01	 1.0028e+00	36.821	 1.1102e+00
	 nan	12.894	1.0122	 1.3098e+01	 1.0028e+00	36.847	 1.1104e+00
	 nan	12.905	1.0122	 1.3110e+01	 1.0029e+00	36.873	 1.1104e+00
	 nan	12.916	1.0122	 1.3121e+01	 1.0029e+00	36.899	 1.1107e+00
	 nan	12.927	1.0122	 1.3132e+01	 1.0029e+00	36.926	 1.1107e+00
	 nan	12.938	1.0122	 1.3143e+01	 1.0029e+00	36.952	 1.1109e+00
	 nan	12.95	1.0122	 1.3155e+01	 1.0029e+00	36.978	 1.1109e+00
	 nan	12.961	1.0123	 1.3166e+01	 1.0029e+00	37.005	 1.1110e+00
	 nan	12.972	1.0122	 1.3178e+01	 1.0029e+00	37.031	 1.1111e+00
	 nan	12.983	1.0123	 1.3189e+01	 1.0029e+00	37.057	 1.1111e+00
	 nan	12.994	1.0123	 1.3200e+01	 1.0029e+00	37.083	 1.1113e+00
	 nan	13.005	1.0124	 1.3212e+01	 1.0029e+00	37.11	 1.1113e+00
	 nan	13.017	1.0124	 1.3223e+01	 1.0029e+00	37.136	 1.1115e+00
	 nan	13.028	1.0125	 1.3235e+01	 1.0029e+00	37.163	 1.1115e+00
	 nan	13.039	1.0125	 1.3246e+01	 1.0028e+00	37.189	 1.1115e+00
	 nan	13.05	1.0126	 1.3257e+01	 1.0028e+00	37.215	 1.1117e+00
	 nan	13.062	1.0127	 1.3269e+01	 1.0028e+00	37.242	 1.1116e+00
	 nan	13.073	1.0127	 1.3280e+01	 1.0028e+00	37.268	 1.1118e+00
	 nan	13.084	1.0128	 1.3292e+01	 1.0028e+00	37.294	 1.1117e+00
	 nan	13.096	1.0129	 1.3303e+01	 1.0028e+00	37.321	 1.1119e+00
	 nan	13.107	1.013	 1.3315e+01	 1.0028e+00	37.347	 1.1118e+00
	 nan	13.118	1.013	 1.3326e+01	 1.0028e+00	37.374	 1.1119e+00
	 nan	13.129	1.013	 1.3338e+01	 1.0028e+00	37.4	 1.1120e+00
	 nan	13.141	1.0131	 1.3349e+01	 1.0028e+00	37.427	 1.1119e+00
	 nan	13.152	1.0131	 1.3361e+01	 1.0028e+00	37.453	 1.1121e+00
	 nan	13.163	1.0132	 1.3372e+01	 1.0029e+00	37.48	 1.1120e+00
	 nan	13.175	1.0132	 1.3384e+01	 1.0028e+00	37.506	 1.1122e+00
	 nan	13.186	1.0133	 1.3395e+01	 1.0029e+00	37.533	 1.1122e+00
	 nan	13.197	1.0133	 1.3407e+01	 1.0029e+00	37.559	 1.1123e+00
	 nan	13.209	1.0133	 1.3418e+01	 1.0029e+00	37.586	 1.1125e+00
	 nan	13.22	1.0134	 1.3430e+01	 1.0029e+00	37.612	 1.1125e+00
	 nan	13.232	1.0134	 1.3441e+01	 1.0029e+00	37.639	 1.1127e+00
	 nan	13.243	1.0134	 1.3453e+01	 1.0029e+00	37.665	 1.1127e+00
	 nan	13.254	1.0134	 1.3464e+01	 1.0029e+00	37.692	 1.1129e+00
	 nan	13.266	1.0134	 1.3476e+01	 1.0030e+00	37.719	 1.1129e+00
	 nan	13.277	1.0134	 1.3488e+01	 1.0030e+00	37.745	 1.1131e+00
	 nan	13.289	1.0134	 1.3499e+01	 1.0030e+00	37.772	 1.1132e+00
	 nan	13.3	1.0135	 1.3511e+01	 1.0030e+00	37.798	 1.1133e+00
	 nan	13.312	1.0135	 1.3523e+01	 1.0030e+00	37.825	 1.1135e+00
	 nan	13.323	1.0135	 1.3534e+01	 1.0030e+00	37.852	 1.1135e+00
	 nan	13.335	1.0135	 1.3546e+01	 1.0030e+00	37.878	 1.1137e+00
	 nan	13.346	1.0136	 1.3558e+01	 1.0030e+00	37.905	 1.1138e+00
	 nan	13.357	1.0136	 1.3569e+01	 1.0030e+00	37.932	 1.1139e+00
	 nan	13.369	1.0136	 1.3581e+01	 1.0030e+00	37.958	 1.1141e+00
	 nan	13.38	1.0136	 1.3593e+01	 1.0030e+00	37.985	 1.1142e+00
	 nan	13.392	1.0136	 1.3604e+01	 1.0030e+00	38.012	 1.1144e+00
	 nan	13.403	1.0137	 1.3616e+01	 1.0030e+00	38.038	 1.1144e+00
	 nan	13.415	1.0137	 1.3628e+01	 1.0030e+00	38.065	 1.1147e+00
	 nan	13.427	1.0138	 1.3639e+01	 1.0030e+00	38.092	 1.1147e+00
	 nan	13.438	1.0138	 1.3651e+01	 1.0030e+00	38.119	 1.1149e+00
	 nan	13.45	1.0139	 1.3663e+01	 1.0030e+00	38.145	 1.1151e+00
	 nan	13.461	1.0139	 1.3675e+01	 1.0030e+00	38.172	 1.1151e+00
	 nan	13.473	1.0139	 1.3686e+01	 1.0029e+00	38.199	 1.1154e+00
	 nan	13.484	1.014	 1.3698e+01	 1.0029e+00	38.226	 1.1154e+00
	 nan	13.496	1.014	 1.3710e+01	 1.0029e+00	38.253	 1.1156e+00
	 nan	13.508	1.0141	 1.3722e+01	 1.0029e+00	38.279	 1.1156e+00
	 nan	13.519	1.0141	 1.3734e+01	 1.0028e+00	38.306	 1.1158e+00
	 nan	13.531	1.0141	 1.3745e+01	 1.0028e+00	38.333	 1.1159e+00
	 nan	13.543	1.0141	 1.3757e+01	 1.0028e+00	38.36	 1.1159e+00
	 nan	13.554	1.0141	 1.3769e+01	 1.0027e+00	38.387	 1.1162e+00
	 nan	13.566	1.0142	 1.3781e+01	 1.0027e+00	38.413	 1.1161e+00
	 nan	13.577	1.0141	 1.3793e+01	 1.0027e+00	38.44	 1.1164e+00
	 nan	13.589	1.0142	 1.3805e+01	 1.0026e+00	38.467	 1.1164e+00
	 nan	13.601	1.0142	 1.3816e+01	 1.0026e+00	38.494	 1.1166e+00
	 nan	13.613	1.0142	 1.3828e+01	 1.0026e+00	38.521	 1.1166e+00
	 nan	13.624	1.0142	 1.3840e+01	 1.0025e+00	38.548	 1.1167e+00
	 nan	13.636	1.0142	 1.3852e+01	 1.0025e+00	38.575	 1.1169e+00
	 nan	13.648	1.0143	 1.3864e+01	 1.0024e+00	38.602	 1.1169e+00
	 nan	13.659	1.0143	 1.3876e+01	 1.0024e+00	38.629	 1.1171e+00
	 nan	13.671	1.0143	 1.3888e+01	 1.0023e+00	38.656	 1.1171e+00
	 nan	13.683	1.0143	 1.3900e+01	 1.0023e+00	38.683	 1.1173e+00
	 nan	13.694	1.0144	 1.3912e+01	 1.0022e+00	38.71	 1.1173e+00
	 nan	13.706	1.0144	 1.3924e+01	 1.0022e+00	38.737	 1.1174e+00
	 nan	13.718	1.0145	 1.3936e+01	 1.0021e+00	38.764	 1.1176e+00
	 nan	13.73	1.0146	 1.3947e+01	 1.0021e+00	38.791	 1.1176e+00
	 nan	13.742	1.0145	 1.3960e+01	 1.0021e+00	38.818	 1.1179e+00
	 nan	13.753	1.0146	 1.3972e+01	 1.0020e+00	38.845	 1.1178e+00
	 nan	13.765	1.0147	 1.3983e+01	 1.0020e+00	38.872	 1.1181e+00
	 nan	13.777	1.0147	 1.3995e+01	 1.0020e+00	38.899	 1.1181e+00
	 nan	13.789	1.0148	 1.4008e+01	 1.0020e+00	38.926	 1.1182e+00
	 nan	13.801	1.0148	 1.4020e+01	 1.0019e+00	38.953	 1.1184e+00
	 nan	13.812	1.0149	 1.4032e+01	 1.0019e+00	38.98	 1.1184e+00
	 nan	13.824	1.0148	 1.4044e+01	 1.0019e+00	39.007	 1.1186e+00
	 nan	13.836	1.0149	 1.4056e+01	 1.0020e+00	39.034	 1.1186e+00
	 nan	13.848	1.0149	 1.4068e+01	 1.0019e+00	39.061	 1.1188e+00
	 nan	13.86	1.015	 1.4080e+01	 1.0020e+00	39.088	 1.1188e+00
	 nan	13.872	1.015	 1.4092e+01	 1.0020e+00	39.115	 1.1189e+00
	 nan	13.884	1.015	 1.4104e+01	 1.0020e+00	39.142	 1.1191e+00
	 nan	13.896	1.0151	 1.4116e+01	 1.0021e+00	39.17	 1.1190e+00
	 nan	13.908	1.0151	 1.4128e+01	 1.0021e+00	39.197	 1.1193e+00
	 nan	13.919	1.0152	 1.4140e+01	 1.0021e+00	39.224	 1.1192e+00
	 nan	13.931	1.0152	 1.4152e+01	 1.0022e+00	39.251	 1.1194e+00
	 nan	13.943	1.0152	 1.4165e+01	 1.0022e+00	39.278	 1.1194e+00
	 nan	13.955	1.0152	 1.4177e+01	 1.0023e+00	39.305	 1.1195e+00
	 nan	13.967	1.0152	 1.4189e+01	 1.0023e+00	39.333	 1.1196e+00
	 nan	13.979	1.0152	 1.4201e+01	 1.0024e+00	39.36	 1.1196e+00
	 nan	13.991	1.0152	 1.4213e+01	 1.0024e+00	39.387	 1.1198e+00
	 nan	14.003	1.0152	 1.4225e+01	 1.0025e+00	39.414	 1.1198e+00
	 nan	14.015	1.0152	 1.4238e+01	 1.0025e+00	39.441	 1.1200e+00
	 nan	14.027	1.0152	 1.4250e+01	 1.0026e+00	39.469	 1.1200e+00
	 nan	14.039	1.0152	 1.4262e+01	 1.0026e+00	39.496	 1.1201e+00
	 nan	14.051	1.0152	 1.4274e+01	 1.0026e+00	39.523	 1.1202e+00
	 nan	14.063	1.0152	 1.4286e+01	 1.0027e+00	39.55	 1.1203e+00
	 nan	14.075	1.0152	 1.4299e+01	 1.0027e+00	39.578	 1.1205e+00
	 nan	14.088	1.0153	 1.4311e+01	 1.0027e+00	39.605	 1.1205e+00
	 nan	14.1	1.0152	 1.4323e+01	 1.0027e+00	39.632	 1.1207e+00
	 nan	14.112	1.0153	 1.4335e+01	 1.0028e+00	39.66	 1.1207e+00
	 nan	14.124	1.0153	 1.4348e+01	 1.0028e+00	39.687	 1.1209e+00
	 nan	14.136	1.0153	 1.4360e+01	 1.0028e+00	39.714	 1.1211e+00
	 nan	14.148	1.0154	 1.4372e+01	 1.0029e+00	39.742	 1.1211e+00
	 nan	14.16	1.0154	 1.4384e+01	 1.0029e+00	39.769	 1.1214e+00
	 nan	14.172	1.0155	 1.4397e+01	 1.0029e+00	39.796	 1.1214e+00
	 nan	14.184	1.0155	 1.4409e+01	 1.0029e+00	39.824	 1.1217e+00
	 nan	14.196	1.0156	 1.4421e+01	 1.0030e+00	39.851	 1.1218e+00
	 nan	14.209	1.0156	 1.4434e+01	 1.0030e+00	39.878	 1.1220e+00
	 nan	14.221	1.0156	 1.4446e+01	 1.0030e+00	39.906	 1.1222e+00
	 nan	14.233	1.0157	 1.4459e+01	 1.0030e+00	39.933	 1.1223e+00
	 nan	14.245	1.0156	 1.4471e+01	 1.0030e+00	39.961	 1.1227e+00
	 nan	14.257	1.0157	 1.4483e+01	 1.0031e+00	39.988	 1.1227e+00
	 nan	14.27	1.0157	 1.4496e+01	 1.0031e+00	40.016	 1.1230e+00
	 nan	14.282	1.0157	 1.4508e+01	 1.0031e+00	40.043	 1.1231e+00
	 nan	14.294	1.0157	 1.4521e+01	 1.0031e+00	40.07	 1.1234e+00
	 nan	14.306	1.0157	 1.4533e+01	 1.0032e+00	40.098	 1.1235e+00
	 nan	14.318	1.0158	 1.4545e+01	 1.0032e+00	40.125	 1.1236e+00
	 nan	14.331	1.0158	 1.4558e+01	 1.0032e+00	40.153	 1.1239e+00
	 nan	14.343	1.0158	 1.4570e+01	 1.0032e+00	40.18	 1.1239e+00
	 nan	14.355	1.0158	 1.4583e+01	 1.0032e+00	40.208	 1.1242e+00
	 nan	14.367	1.0159	 1.4595e+01	 1.0032e+00	40.235	 1.1242e+00
	 nan	14.38	1.0159	 1.4608e+01	 1.0032e+00	40.263	 1.1244e+00
	 nan	14.392	1.0159	 1.4620e+01	 1.0032e+00	40.29	 1.1245e+00
	 nan	14.404	1.016	 1.4633e+01	 1.0032e+00	40.318	 1.1245e+00
	 nan	14.417	1.016	 1.4645e+01	 1.0032e+00	40.345	 1.1247e+00
	 nan	14.429	1.0161	 1.4658e+01	 1.0032e+00	40.373	 1.1247e+00
	 nan	14.441	1.0161	 1.4670e+01	 1.0032e+00	40.4	 1.1249e+00
	 nan	14.454	1.0163	 1.4683e+01	 1.0032e+00	40.428	 1.1249e+00
	 nan	14.466	1.0163	 1.4695e+01	 1.0032e+00	40.456	 1.1251e+00
	 nan	14.478	1.0164	 1.4708e+01	 1.0032e+00	40.483	 1.1251e+00
	 nan	14.491	1.0165	 1.4720e+01	 1.0032e+00	40.511	 1.1251e+00
	 nan	14.503	1.0165	 1.4733e+01	 1.0032e+00	40.538	 1.1253e+00
	 nan	14.515	1.0166	 1.4745e+01	 1.0032e+00	40.566	 1.1252e+00
	 nan	14.528	1.0166	 1.4758e+01	 1.0032e+00	40.593	 1.1254e+00
	 nan	14.54	1.0167	 1.4771e+01	 1.0033e+00	40.621	 1.1253e+00
	 nan	14.553	1.0167	 1.4783e+01	 1.0032e+00	40.649	 1.1254e+00
	 nan	14.565	1.0167	 1.4796e+01	 1.0033e+00	40.676	 1.1254e+00
	 nan	14.578	1.0167	 1.4809e+01	 1.0033e+00	40.704	 1.1254e+00
	 nan	14.59	1.0166	 1.4821e+01	 1.0033e+00	40.732	 1.1255e+00
	 nan	14.602	1.0166	 1.4834e+01	 1.0033e+00	40.759	 1.1254e+00
	 nan	14.615	1.0165	 1.4847e+01	 1.0033e+00	40.787	 1.1255e+00
	 nan	14.627	1.0165	 1.4859e+01	 1.0033e+00	40.815	 1.1254e+00
	 nan	14.64	1.0164	 1.4872e+01	 1.0033e+00	40.842	 1.1255e+00
	 nan	14.652	1.0163	 1.4884e+01	 1.0033e+00	40.87	 1.1254e+00
	 nan	14.665	1.0163	 1.4897e+01	 1.0033e+00	40.898	 1.1254e+00
	 nan	14.677	1.0162	 1.4910e+01	 1.0033e+00	40.925	 1.1255e+00
	 nan	14.69	1.0161	 1.4923e+01	 1.0034e+00	40.953	 1.1254e+00
	 nan	14.702	1.016	 1.4935e+01	 1.0033e+00	40.981	 1.1255e+00
	 nan	14.715	1.016	 1.4948e+01	 1.0034e+00	41.009	 1.1254e+00
	 nan	14.727	1.0159	 1.4961e+01	 1.0034e+00	41.036	 1.1255e+00
	 nan	14.74	1.0159	 1.4974e+01	 1.0034e+00	41.064	 1.1255e+00
	 nan	14.753	1.0159	 1.4986e+01	 1.0034e+00	41.092	 1.1256e+00
	 nan	14.765	1.0159	 1.4999e+01	 1.0034e+00	41.12	 1.1257e+00
	 nan	14.778	1.0159	 1.5012e+01	 1.0035e+00	41.148	 1.1257e+00
	 nan	14.79	1.0159	 1.5025e+01	 1.0034e+00	41.175	 1.1260e+00
	 nan	14.803	1.016	 1.5037e+01	 1.0035e+00	41.203	 1.1260e+00
	 nan	14.816	1.016	 1.5050e+01	 1.0035e+00	41.231	 1.1263e+00
	 nan	14.828	1.016	 1.5063e+01	 1.0035e+00	41.259	 1.1263e+00
	 nan	14.841	1.0161	 1.5076e+01	 1.0035e+00	41.287	 1.1265e+00
	 nan	14.854	1.0161	 1.5089e+01	 1.0036e+00	41.314	 1.1267e+00
	 nan	14.866	1.0162	 1.5102e+01	 1.0036e+00	41.342	 1.1268e+00
	 nan	14.879	1.0161	 1.5115e+01	 1.0036e+00	41.37	 1.1271e+00
	 nan	14.892	1.0162	 1.5127e+01	 1.0037e+00	41.398	 1.1272e+00
	 nan	14.904	1.0162	 1.5140e+01	 1.0036e+00	41.426	 1.1275e+00
	 nan	14.917	1.0163	 1.5153e+01	 1.0037e+00	41.454	 1.1276e+00
	 nan	14.93	1.0164	 1.5166e+01	 1.0037e+00	41.481	 1.1278e+00
	 nan	14.942	1.0164	 1.5179e+01	 1.0037e+00	41.509	 1.1280e+00
	 nan	14.955	1.0165	 1.5192e+01	 1.0038e+00	41.537	 1.1281e+00
	 nan	14.968	1.0166	 1.5205e+01	 1.0038e+00	41.565	 1.1284e+00
	 nan	14.981	1.0167	 1.5218e+01	 1.0038e+00	41.593	 1.1285e+00
	 nan	14.993	1.0167	 1.5231e+01	 1.0038e+00	41.621	 1.1288e+00
	 nan	15.006	1.0169	 1.5244e+01	 1.0039e+00	41.649	 1.1289e+00
	 nan	15.019	1.017	 1.5257e+01	 1.0039e+00	41.677	 1.1292e+00
	 nan	15.032	1.0171	 1.5270e+01	 1.0039e+00	41.705	 1.1294e+00
	 nan	15.044	1.0172	 1.5283e+01	 1.0039e+00	41.733	 1.1295e+00
	 nan	15.057	1.0173	 1.5296e+01	 1.0039e+00	41.761	 1.1298e+00
	 nan	15.07	1.0174	 1.5309e+01	 1.0040e+00	41.789	 1.1298e+00
	 nan	15.083	1.0175	 1.5322e+01	 1.0039e+00	41.817	 1.1302e+00
	 nan	15.096	1.0176	 1.5335e+01	 1.0040e+00	41.845	 1.1302e+00
	 nan	15.109	1.0177	 1.5348e+01	 1.0039e+00	41.873	 1.1305e+00
	 nan	15.121	1.0177	 1.5361e+01	 1.0039e+00	41.901	 1.1306e+00
	 nan	15.134	1.0178	 1.5374e+01	 1.0039e+00	41.929	 1.1307e+00
	 nan	15.147	1.0178	 1.5387e+01	 1.0039e+00	41.957	 1.1309e+00
	 nan	15.16	1.018	 1.5400e+01	 1.0039e+00	41.985	 1.1309e+00
	 nan	15.173	1.0179	 1.5413e+01	 1.0038e+00	42.013	 1.1311e+00
	 nan	15.186	1.018	 1.5426e+01	 1.0038e+00	42.041	 1.1311e+00
	 nan	15.199	1.018	 1.5440e+01	 1.0038e+00	42.069	 1.1313e+00
	 nan	15.212	1.018	 1.5453e+01	 1.0038e+00	42.097	 1.1313e+00
	 nan	15.225	1.0181	 1.5466e+01	 1.0037e+00	42.125	 1.1313e+00
	 nan	15.238	1.0181	 1.5479e+01	 1.0037e+00	42.153	 1.1315e+00
	 nan	15.251	1.0181	 1.5492e+01	 1.0037e+00	42.181	 1.1314e+00
	 nan	15.264	1.0181	 1.5505e+01	 1.0036e+00	42.209	 1.1316e+00
	 nan	15.277	1.0182	 1.5518e+01	 1.0036e+00	42.237	 1.1316e+00
	 nan	15.289	1.0181	 1.5531e+01	 1.0036e+00	42.265	 1.1318e+00
	 nan	15.302	1.0181	 1.5545e+01	 1.0036e+00	42.293	 1.1318e+00
	 nan	15.315	1.0182	 1.5558e+01	 1.0036e+00	42.321	 1.1319e+00
	 nan	15.329	1.0181	 1.5571e+01	 1.0035e+00	42.349	 1.1321e+00
	 nan	15.341	1.0182	 1.5584e+01	 1.0035e+00	42.378	 1.1321e+00
	 nan	15.354	1.0182	 1.5598e+01	 1.0035e+00	42.406	 1.1324e+00
	 nan	15.368	1.0183	 1.5611e+01	 1.0035e+00	42.434	 1.1324e+00
	 nan	15.381	1.0182	 1.5624e+01	 1.0035e+00	42.462	 1.1326e+00
	 nan	15.394	1.0183	 1.5637e+01	 1.0035e+00	42.49	 1.1328e+00
	 nan	15.407	1.0183	 1.5651e+01	 1.0034e+00	42.518	 1.1329e+00
	 nan	15.42	1.0183	 1.5664e+01	 1.0034e+00	42.547	 1.1332e+00
	 nan	15.433	1.0184	 1.5677e+01	 1.0034e+00	42.575	 1.1332e+00
	 nan	15.446	1.0184	 1.5691e+01	 1.0034e+00	42.603	 1.1336e+00
	 nan	15.459	1.0185	 1.5704e+01	 1.0034e+00	42.631	 1.1336e+00
	 nan	15.472	1.0185	 1.5717e+01	 1.0034e+00	42.659	 1.1340e+00
	 nan	15.485	1.0186	 1.5730e+01	 1.0034e+00	42.687	 1.1341e+00
	 nan	15.498	1.0186	 1.5744e+01	 1.0034e+00	42.716	 1.1343e+00
	 nan	15.512	1.0187	 1.5757e+01	 1.0034e+00	42.744	 1.1345e+00
	 nan	15.525	1.0188	 1.5771e+01	 1.0034e+00	42.772	 1.1346e+00
	 nan	15.538	1.0188	 1.5784e+01	 1.0034e+00	42.8	 1.1349e+00
	 nan	15.551	1.0189	 1.5797e+01	 1.0034e+00	42.828	 1.1349e+00
	 nan	15.564	1.0189	 1.5811e+01	 1.0034e+00	42.857	 1.1352e+00
	 nan	15.578	1.019	 1.5824e+01	 1.0034e+00	42.885	 1.1353e+00
	 nan	15.591	1.0191	 1.5838e+01	 1.0034e+00	42.913	 1.1354e+00
	 nan	15.604	1.0192	 1.5851e+01	 1.0034e+00	42.941	 1.1356e+00
	 nan	15.617	1.0193	 1.5864e+01	 1.0035e+00	42.97	 1.1356e+00
	 nan	15.63	1.0193	 1.5878e+01	 1.0034e+00	42.998	 1.1358e+00
	 nan	15.644	1.0194	 1.5891e+01	 1.0035e+00	43.026	 1.1357e+00
	 nan	15.657	1.0195	 1.5905e+01	 1.0035e+00	43.055	 1.1359e+00
	 nan	15.67	1.0196	 1.5918e+01	 1.0035e+00	43.083	 1.1359e+00
	 nan	15.684	1.0196	 1.5932e+01	 1.0035e+00	43.111	 1.1360e+00
	 nan	15.697	1.0196	 1.5945e+01	 1.0035e+00	43.139	 1.1361e+00
	 nan	15.71	1.0197	 1.5959e+01	 1.0036e+00	43.168	 1.1360e+00
	 nan	15.723	1.0196	 1.5972e+01	 1.0036e+00	43.196	 1.1362e+00
	 nan	15.737	1.0197	 1.5986e+01	 1.0036e+00	43.224	 1.1361e+00
	 nan	15.75	1.0196	 1.5999e+01	 1.0036e+00	43.253	 1.1363e+00
	 nan	15.764	1.0196	 1.6013e+01	 1.0036e+00	43.281	 1.1362e+00
	 nan	15.777	1.0196	 1.6026e+01	 1.0037e+00	43.309	 1.1363e+00
	 nan	15.79	1.0195	 1.6040e+01	 1.0037e+00	43.338	 1.1364e+00
	 nan	15.804	1.0195	 1.6053e+01	 1.0037e+00	43.366	 1.1364e+00
	 nan	15.817	1.0194	 1.6067e+01	 1.0037e+00	43.395	 1.1365e+00
	 nan	15.83	1.0194	 1.6081e+01	 1.0037e+00	43.423	 1.1365e+00
	 nan	15.844	1.0193	 1.6094e+01	 1.0037e+00	43.451	 1.1367e+00
	 nan	15.857	1.0193	 1.6108e+01	 1.0038e+00	43.48	 1.1366e+00
	 nan	15.871	1.0192	 1.6122e+01	 1.0037e+00	43.508	 1.1368e+00
	 nan	15.884	1.0192	 1.6135e+01	 1.0038e+00	43.536	 1.1369e+00
	 nan	15.898	1.0191	 1.6149e+01	 1.0037e+00	43.565	 1.1370e+00
	 nan	15.911	1.0191	 1.6163e+01	 1.0037e+00	43.593	 1.1372e+00
	 nan	15.924	1.0191	 1.6176e+01	 1.0037e+00	43.622	 1.1372e+00
	 nan	15.938	1.019	 1.6190e+01	 1.0037e+00	43.65	 1.1375e+00
	 nan	15.951	1.0191	 1.6203e+01	 1.0037e+00	43.678	 1.1376e+00
	 nan	15.965	1.0191	 1.6217e+01	 1.0036e+00	43.707	 1.1379e+00
	 nan	15.978	1.0191	 1.6231e+01	 1.0036e+00	43.735	 1.1380e+00
	 nan	15.992	1.0192	 1.6245e+01	 1.0035e+00	43.764	 1.1382e+00
	 nan	16.005	1.0192	 1.6258e+01	 1.0035e+00	43.792	 1.1385e+00
	 nan	16.019	1.0193	 1.6272e+01	 1.0035e+00	43.821	 1.1386e+00
	 nan	16.032	1.0193	 1.6286e+01	 1.0034e+00	43.849	 1.1390e+00
	 nan	16.046	1.0194	 1.6300e+01	 1.0034e+00	43.878	 1.1391e+00
	 nan	16.06	1.0194	 1.6313e+01	 1.0033e+00	43.906	 1.1395e+00
	 nan	16.073	1.0195	 1.6327e+01	 1.0033e+00	43.934	 1.1397e+00
	 nan	16.087	1.0195	 1.6341e+01	 1.0033e+00	43.963	 1.1399e+00
	 nan	16.1	1.0196	 1.6355e+01	 1.0032e+00	43.992	 1.1403e+00
	 nan	16.114	1.0197	 1.6369e+01	 1.0032e+00	44.02	 1.1404e+00
	 nan	16.128	1.0197	 1.6382e+01	 1.0032e+00	44.048	 1.1408e+00
	 nan	16.141	1.0198	 1.6396e+01	 1.0032e+00	44.077	 1.1409e+00
	 nan	16.155	1.0198	 1.6410e+01	 1.0032e+00	44.105	 1.1412e+00
	 nan	16.169	1.0199	 1.6424e+01	 1.0032e+00	44.134	 1.1414e+00
	 nan	16.182	1.02	 1.6438e+01	 1.0032e+00	44.163	 1.1416e+00
	 nan	16.196	1.02	 1.6452e+01	 1.0032e+00	44.191	 1.1420e+00
	 nan	16.209	1.0201	 1.6466e+01	 1.0032e+00	44.219	 1.1421e+00
	 nan	16.223	1.0201	 1.6480e+01	 1.0032e+00	44.248	 1.1424e+00
	 nan	16.237	1.0202	 1.6493e+01	 1.0033e+00	44.277	 1.1425e+00
	 nan	16.251	1.0202	 1.6507e+01	 1.0033e+00	44.305	 1.1428e+00
	 nan	16.264	1.0203	 1.6521e+01	 1.0034e+00	44.334	 1.1430e+00
	 nan	16.278	1.0204	 1.6535e+01	 1.0034e+00	44.362	 1.1431e+00
	 nan	16.292	1.0204	 1.6549e+01	 1.0035e+00	44.391	 1.1434e+00
	 nan	16.305	1.0205	 1.6563e+01	 1.0035e+00	44.419	 1.1434e+00
	 nan	16.319	1.0205	 1.6577e+01	 1.0036e+00	44.448	 1.1437e+00
	 nan	16.333	1.0206	 1.6591e+01	 1.0037e+00	44.477	 1.1436e+00
	 nan	16.347	1.0206	 1.6605e+01	 1.0037e+00	44.505	 1.1438e+00
	 nan	16.361	1.0206	 1.6619e+01	 1.0038e+00	44.534	 1.1438e+00
	 nan	16.374	1.0206	 1.6633e+01	 1.0038e+00	44.562	 1.1439e+00
	 nan	16.388	1.0206	 1.6647e+01	 1.0039e+00	44.591	 1.1440e+00
	 nan	16.402	1.0206	 1.6661e+01	 1.0039e+00	44.62	 1.1439e+00
	 nan	16.416	1.0205	 1.6675e+01	 1.0039e+00	44.648	 1.1441e+00
	 nan	16.43	1.0206	 1.6689e+01	 1.0040e+00	44.677	 1.1440e+00
	 nan	16.444	1.0205	 1.6703e+01	 1.0040e+00	44.705	 1.1441e+00
	 nan	16.457	1.0205	 1.6717e+01	 1.0041e+00	44.734	 1.1441e+00
	 nan	16.471	1.0204	 1.6731e+01	 1.0041e+00	44.763	 1.1442e+00
	 nan	16.485	1.0203	 1.6745e+01	 1.0041e+00	44.791	 1.1443e+00
	 nan	16.499	1.0203	 1.6760e+01	 1.0041e+00	44.82	 1.1442e+00
	 nan	16.513	1.0202	 1.6774e+01	 1.0041e+00	44.849	 1.1444e+00
	 nan	16.527	1.0203	 1.6788e+01	 1.0041e+00	44.877	 1.1444e+00
	 nan	16.541	1.0202	 1.6802e+01	 1.0041e+00	44.906	 1.1446e+00
	 nan	16.555	1.0202	 1.6816e+01	 1.0041e+00	44.934	 1.1446e+00
	 nan	16.569	1.0202	 1.6830e+01	 1.0041e+00	44.963	 1.1447e+00
	 nan	16.583	1.0202	 1.6845e+01	 1.0041e+00	44.992	 1.1448e+00
	 nan	16.597	1.0203	 1.6859e+01	 1.0040e+00	45.02	 1.1448e+00
	 nan	16.611	1.0202	 1.6873e+01	 1.0040e+00	45.049	 1.1449e+00
	 nan	16.625	1.0203	 1.6887e+01	 1.0040e+00	45.078	 1.1448e+00
	 nan	16.639	1.0203	 1.6901e+01	 1.0039e+00	45.107	 1.1450e+00
	 nan	16.653	1.0205	 1.6916e+01	 1.0039e+00	45.135	 1.1450e+00
	 nan	16.667	1.0205	 1.6930e+01	 1.0039e+00	45.164	 1.1451e+00
	 nan	16.681	1.0206	 1.6944e+01	 1.0039e+00	45.193	 1.1451e+00
	 nan	16.695	1.0207	 1.6958e+01	 1.0039e+00	45.221	 1.1451e+00
	 nan	16.709	1.0207	 1.6973e+01	 1.0038e+00	45.25	 1.1453e+00
	 nan	16.723	1.0208	 1.6987e+01	 1.0039e+00	45.279	 1.1452e+00
	 nan	16.737	1.0208	 1.7001e+01	 1.0038e+00	45.307	 1.1455e+00
	 nan	16.751	1.021	 1.7015e+01	 1.0038e+00	45.336	 1.1455e+00
	 nan	16.765	1.021	 1.7030e+01	 1.0038e+00	45.365	 1.1457e+00
	 nan	16.779	1.021	 1.7044e+01	 1.0038e+00	45.394	 1.1458e+00
	 nan	16.793	1.0211	 1.7058e+01	 1.0038e+00	45.422	 1.1459e+00
	 nan	16.808	1.0211	 1.7073e+01	 1.0038e+00	45.451	 1.1462e+00
	 nan	16.822	1.0212	 1.7087e+01	 1.0038e+00	45.48	 1.1462e+00
	 nan	16.836	1.0212	 1.7101e+01	 1.0038e+00	45.509	 1.1465e+00
	 nan	16.85	1.0213	 1.7116e+01	 1.0038e+00	45.537	 1.1466e+00
	 nan	16.864	1.0212	 1.7130e+01	 1.0038e+00	45.566	 1.1469e+00
	 nan	16.878	1.0213	 1.7145e+01	 1.0038e+00	45.595	 1.1470e+00
	 nan	16.892	1.0213	 1.7159e+01	 1.0038e+00	45.624	 1.1472e+00
	 nan	16.907	1.0212	 1.7173e+01	 1.0038e+00	45.652	 1.1475e+00
	 nan	16.921	1.0213	 1.7188e+01	 1.0038e+00	45.681	 1.1475e+00
	 nan	16.935	1.0212	 1.7202e+01	 1.0038e+00	45.71	 1.1479e+00
	 nan	16.949	1.0213	 1.7217e+01	 1.0039e+00	45.739	 1.1479e+00
	 nan	16.964	1.0212	 1.7231e+01	 1.0039e+00	45.767	 1.1482e+00
	 nan	16.978	1.0212	 1.7245e+01	 1.0039e+00	45.796	 1.1483e+00
	 nan	16.992	1.0212	 1.7260e+01	 1.0040e+00	45.825	 1.1484e+00
	 nan	17.006	1.0212	 1.7274e+01	 1.0040e+00	45.854	 1.1486e+00
	 nan	17.021	1.0212	 1.7289e+01	 1.0041e+00	45.883	 1.1486e+00
	 nan	17.035	1.0212	 1.7303e+01	 1.0041e+00	45.911	 1.1488e+00
	 nan	17.049	1.0212	 1.7318e+01	 1.0041e+00	45.94	 1.1487e+00
	 nan	17.064	1.0212	 1.7332e+01	 1.0041e+00	45.969	 1.1489e+00
	 nan	17.078	1.0213	 1.7347e+01	 1.0042e+00	45.998	 1.1489e+00
	 nan	17.092	1.0213	 1.7362e+01	 1.0042e+00	46.027	 1.1490e+00
	 nan	17.107	1.0214	 1.7376e+01	 1.0042e+00	46.056	 1.1491e+00
	 nan	17.121	1.0215	 1.7391e+01	 1.0043e+00	46.084	 1.1491e+00
	 nan	17.135	1.0215	 1.7405e+01	 1.0043e+00	46.113	 1.1493e+00
	 nan	17.15	1.0217	 1.7420e+01	 1.0043e+00	46.142	 1.1492e+00
	 nan	17.164	1.0217	 1.7434e+01	 1.0043e+00	46.171	 1.1494e+00
	 nan	17.178	1.0219	 1.7449e+01	 1.0044e+00	46.2	 1.1494e+00
	 nan	17.193	1.022	 1.7464e+01	 1.0044e+00	46.228	 1.1495e+00
	 nan	17.207	1.0221	 1.7478e+01	 1.0044e+00	46.257	 1.1497e+00
	 nan	17.222	1.0223	 1.7493e+01	 1.0044e+00	46.286	 1.1497e+00
	 nan	17.236	1.0223	 1.7508e+01	 1.0044e+00	46.315	 1.1500e+00
	 nan	17.251	1.0225	 1.7522e+01	 1.0045e+00	46.344	 1.1501e+00
	 nan	17.265	1.0226	 1.7537e+01	 1.0045e+00	46.373	 1.1504e+00
	 nan	17.28	1.0227	 1.7552e+01	 1.0045e+00	46.401	 1.1506e+00
	 nan	17.294	1.0228	 1.7567e+01	 1.0045e+00	46.43	 1.1508e+00
	 nan	17.309	1.0229	 1.7581e+01	 1.0045e+00	46.459	 1.1511e+00
	 nan	17.323	1.023	 1.7596e+01	 1.0046e+00	46.488	 1.1512e+00
	 nan	17.338	1.023	 1.7611e+01	 1.0046e+00	46.517	 1.1516e+00
	 nan	17.352	1.0232	 1.7625e+01	 1.0046e+00	46.546	 1.1517e+00
	 nan	17.367	1.0232	 1.7640e+01	 1.0046e+00	46.575	 1.1521e+00
	 nan	17.381	1.0233	 1.7655e+01	 1.0047e+00	46.603	 1.1522e+00
	 nan	17.396	1.0233	 1.7670e+01	 1.0047e+00	46.632	 1.1525e+00
	 nan	17.41	1.0233	 1.7684e+01	 1.0047e+00	46.661	 1.1528e+00
	 nan	17.425	1.0234	 1.7699e+01	 1.0047e+00	46.69	 1.1529e+00
	 nan	17.44	1.0234	 1.7714e+01	 1.0047e+00	46.719	 1.1533e+00
	 nan	17.454	1.0234	 1.7729e+01	 1.0047e+00	46.748	 1.1534e+00
	 nan	17.469	1.0234	 1.7744e+01	 1.0047e+00	46.777	 1.1537e+00
	 nan	17.483	1.0234	 1.7759e+01	 1.0047e+00	46.806	 1.1539e+00
	 nan	17.498	1.0233	 1.7773e+01	 1.0047e+00	46.835	 1.1542e+00
	 nan	17.513	1.0233	 1.7788e+01	 1.0047e+00	46.864	 1.1544e+00
	 nan	17.527	1.0233	 1.7803e+01	 1.0047e+00	46.892	 1.1546e+00
	 nan	17.542	1.0231	 1.7818e+01	 1.0046e+00	46.921	 1.1549e+00
	 nan	17.557	1.0231	 1.7833e+01	 1.0047e+00	46.95	 1.1549e+00
	 nan	17.571	1.023	 1.7848e+01	 1.0046e+00	46.979	 1.1553e+00
	 nan	17.586	1.023	 1.7863e+01	 1.0046e+00	47.008	 1.1554e+00
	 nan	17.601	1.0229	 1.7878e+01	 1.0046e+00	47.037	 1.1556e+00
	 nan	17.616	1.0228	 1.7893e+01	 1.0046e+00	47.066	 1.1558e+00
	 nan	17.63	1.0228	 1.7908e+01	 1.0046e+00	47.095	 1.1559e+00
	 nan	17.645	1.0227	 1.7923e+01	 1.0045e+00	47.124	 1.1562e+00
	 nan	17.66	1.0227	 1.7938e+01	 1.0046e+00	47.153	 1.1563e+00
	 nan	17.674	1.0226	 1.7953e+01	 1.0045e+00	47.181	 1.1566e+00
	 nan	17.689	1.0227	 1.7968e+01	 1.0045e+00	47.21	 1.1566e+00
	 nan	17.704	1.0227	 1.7983e+01	 1.0045e+00	47.239	 1.1568e+00
	 nan	17.719	1.0227	 1.7998e+01	 1.0045e+00	47.268	 1.1570e+00
	 nan	17.734	1.0227	 1.8013e+01	 1.0045e+00	47.297	 1.1571e+00
	 nan	17.749	1.0227	 1.8028e+01	 1.0044e+00	47.326	 1.1574e+00
	 nan	17.763	1.0228	 1.8043e+01	 1.0045e+00	47.355	 1.1574e+00
	 nan	17.778	1.0228	 1.8058e+01	 1.0044e+00	47.384	 1.1576e+00
	 nan	17.793	1.0229	 1.8073e+01	 1.0044e+00	47.413	 1.1576e+00
	 nan	17.808	1.0229	 1.8088e+01	 1.0044e+00	47.442	 1.1578e+00
	 nan	17.823	1.023	 1.8103e+01	 1.0044e+00	47.471	 1.1579e+00
	 nan	17.838	1.023	 1.8118e+01	 1.0044e+00	47.5	 1.1579e+00
	 nan	17.853	1.0231	 1.8133e+01	 1.0044e+00	47.529	 1.1580e+00
	 nan	17.867	1.0232	 1.8148e+01	 1.0044e+00	47.557	 1.1579e+00
	 nan	17.883	1.0232	 1.8164e+01	 1.0044e+00	47.587	 1.1581e+00
	 nan	17.897	1.0233	 1.8179e+01	 1.0044e+00	47.615	 1.1580e+00
	 nan	17.912	1.0233	 1.8194e+01	 1.0044e+00	47.644	 1.1581e+00
	 nan	17.927	1.0234	 1.8209e+01	 1.0044e+00	47.673	 1.1581e+00
	 nan	17.942	1.0235	 1.8224e+01	 1.0044e+00	47.702	 1.1581e+00
	 nan	17.957	1.0235	 1.8239e+01	 1.0044e+00	47.731	 1.1583e+00
	 nan	17.972	1.0236	 1.8255e+01	 1.0045e+00	47.76	 1.1582e+00
	 nan	17.987	1.0236	 1.8270e+01	 1.0044e+00	47.789	 1.1584e+00
	 nan	18.002	1.0237	 1.8285e+01	 1.0045e+00	47.818	 1.1583e+00
	 nan	18.017	1.0237	 1.8300e+01	 1.0045e+00	47.847	 1.1584e+00
	 nan	18.032	1.0238	 1.8316e+01	 1.0045e+00	47.876	 1.1585e+00
	 nan	18.047	1.0238	 1.8331e+01	 1.0046e+00	47.905	 1.1585e+00
	 nan	18.062	1.0238	 1.8346e+01	 1.0046e+00	47.934	 1.1587e+00
	 nan	18.077	1.0239	 1.8361e+01	 1.0046e+00	47.963	 1.1586e+00
	 nan	18.092	1.0238	 1.8377e+01	 1.0046e+00	47.992	 1.1589e+00
	 nan	18.108	1.0239	 1.8392e+01	 1.0047e+00	48.021	 1.1588e+00
	 nan	18.123	1.0239	 1.8407e+01	 1.0047e+00	48.05	 1.1590e+00
	 nan	18.138	1.024	 1.8423e+01	 1.0047e+00	48.079	 1.1590e+00
	 nan	18.153	1.024	 1.8438e+01	 1.0047e+00	48.108	 1.1590e+00
	 nan	18.168	1.024	 1.8453e+01	 1.0048e+00	48.136	 1.1591e+00
	 nan	18.183	1.0242	 1.8469e+01	 1.0048e+00	48.165	 1.1591e+00
	 nan	18.198	1.0242	 1.8484e+01	 1.0048e+00	48.194	 1.1593e+00
	 nan	18.213	1.0243	 1.8500e+01	 1.0048e+00	48.223	 1.1591e+00
	 nan	18.229	1.0243	 1.8515e+01	 1.0048e+00	48.252	 1.1593e+00
	 nan	18.244	1.0245	 1.8530e+01	 1.0048e+00	48.281	 1.1592e+00
	 nan	18.259	1.0245	 1.8546e+01	 1.0048e+00	48.31	 1.1592e+00
	 nan	18.274	1.0246	 1.8561e+01	 1.0049e+00	48.339	 1.1592e+00
	 nan	18.289	1.0247	 1.8576e+01	 1.0049e+00	48.368	 1.1591e+00
	 nan	18.305	1.0248	 1.8592e+01	 1.0049e+00	48.397	 1.1592e+00
	 nan	18.32	1.025	 1.8607e+01	 1.0049e+00	48.426	 1.1591e+00
	 nan	18.335	1.025	 1.8623e+01	 1.0049e+00	48.455	 1.1592e+00
	 nan	18.35	1.0251	 1.8638e+01	 1.0049e+00	48.484	 1.1591e+00
	 nan	18.366	1.0252	 1.8654e+01	 1.0049e+00	48.513	 1.1591e+00
	 nan	18.381	1.0253	 1.8669e+01	 1.0049e+00	48.542	 1.1592e+00
	 nan	18.396	1.0255	 1.8685e+01	 1.0049e+00	48.571	 1.1591e+00
	 nan	18.412	1.0255	 1.8700e+01	 1.0048e+00	48.6	 1.1593e+00
	 nan	18.427	1.0257	 1.8716e+01	 1.0049e+00	48.629	 1.1593e+00
	 nan	18.442	1.0257	 1.8732e+01	 1.0048e+00	48.658	 1.1596e+00
	 nan	18.458	1.0259	 1.8747e+01	 1.0048e+00	48.687	 1.1596e+00
	 nan	18.473	1.0259	 1.8763e+01	 1.0048e+00	48.716	 1.1599e+00
	 nan	18.488	1.026	 1.8778e+01	 1.0048e+00	48.745	 1.1601e+00
	 nan	18.504	1.026	 1.8794e+01	 1.0048e+00	48.773	 1.1603e+00
	 nan	18.519	1.026	 1.8809e+01	 1.0047e+00	48.802	 1.1606e+00
	 nan	18.534	1.0261	 1.8825e+01	 1.0048e+00	48.831	 1.1607e+00
	 nan	18.55	1.026	 1.8841e+01	 1.0047e+00	48.86	 1.1611e+00
	 nan	18.565	1.0261	 1.8856e+01	 1.0048e+00	48.889	 1.1613e+00
	 nan	18.581	1.026	 1.8872e+01	 1.0048e+00	48.918	 1.1616e+00
	 nan	18.596	1.0259	 1.8888e+01	 1.0048e+00	48.947	 1.1618e+00
	 nan	18.612	1.0259	 1.8903e+01	 1.0048e+00	48.976	 1.1620e+00
	 nan	18.627	1.0258	 1.8919e+01	 1.0048e+00	49.005	 1.1624e+00
	 nan	18.642	1.0257	 1.8935e+01	 1.0048e+00	49.034	 1.1625e+00
	 nan	18.658	1.0256	 1.8951e+01	 1.0048e+00	49.063	 1.1629e+00
	 nan	18.674	1.0255	 1.8966e+01	 1.0048e+00	49.092	 1.1630e+00
	 nan	18.689	1.0254	 1.8982e+01	 1.0048e+00	49.121	 1.1633e+00
	 nan	18.704	1.0253	 1.8998e+01	 1.0048e+00	49.15	 1.1635e+00
	 nan	18.72	1.0253	 1.9013e+01	 1.0049e+00	49.179	 1.1636e+00
	 nan	18.735	1.0252	 1.9029e+01	 1.0048e+00	49.208	 1.1639e+00
	 nan	18.751	1.0252	 1.9045e+01	 1.0049e+00	49.236	 1.1640e+00
	 nan	18.767	1.0251	 1.9061e+01	 1.0049e+00	49.265	 1.1643e+00
	 nan	18.782	1.0251	 1.9077e+01	 1.0049e+00	49.294	 1.1643e+00
	 nan	18.798	1.0251	 1.9092e+01	 1.0049e+00	49.323	 1.1645e+00
	 nan	18.813	1.0251	 1.9108e+01	 1.0049e+00	49.352	 1.1646e+00
	 nan	18.829	1.0251	 1.9124e+01	 1.0049e+00	49.381	 1.1647e+00
	 nan	18.845	1.025	 1.9140e+01	 1.0049e+00	49.41	 1.1649e+00
	 nan	18.86	1.0251	 1.9156e+01	 1.0050e+00	49.439	 1.1648e+00
	 nan	18.876	1.0251	 1.9172e+01	 1.0050e+00	49.468	 1.1650e+00
	 nan	18.892	1.0252	 1.9188e+01	 1.0050e+00	49.497	 1.1650e+00
	 nan	18.907	1.0252	 1.9203e+01	 1.0050e+00	49.526	 1.1651e+00
	 nan	18.923	1.0252	 1.9219e+01	 1.0051e+00	49.555	 1.1651e+00
	 nan	18.939	1.0253	 1.9235e+01	 1.0051e+00	49.584	 1.1651e+00
	 nan	18.954	1.0253	 1.9251e+01	 1.0051e+00	49.612	 1.1653e+00
	 nan	18.97	1.0254	 1.9267e+01	 1.0052e+00	49.641	 1.1652e+00
	 nan	18.986	1.0254	 1.9283e+01	 1.0052e+00	49.67	 1.1654e+00
	 nan	19.002	1.0256	 1.9299e+01	 1.0052e+00	49.699	 1.1653e+00
	 nan	19.017	1.0256	 1.9315e+01	 1.0052e+00	49.728	 1.1654e+00
	 nan	19.033	1.0257	 1.9331e+01	 1.0053e+00	49.757	 1.1654e+00
	 nan	19.049	1.0258	 1.9347e+01	 1.0053e+00	49.786	 1.1654e+00
	 nan	19.064	1.0258	 1.9363e+01	 1.0053e+00	49.815	 1.1655e+00
	 nan	19.08	1.026	 1.9379e+01	 1.0053e+00	49.843	 1.1654e+00
	 nan	19.096	1.026	 1.9395e+01	 1.0053e+00	49.872	 1.1655e+00
	 nan	19.112	1.0262	 1.9411e+01	 1.0054e+00	49.901	 1.1654e+00
	 nan	19.128	1.0262	 1.9427e+01	 1.0054e+00	49.93	 1.1655e+00
	 nan	19.144	1.0263	 1.9443e+01	 1.0054e+00	49.959	 1.1654e+00
	 nan	19.159	1.0264	 1.9459e+01	 1.0054e+00	49.988	 1.1654e+00
	 nan	19.175	1.0265	 1.9475e+01	 1.0054e+00	50.017	 1.1654e+00
	 nan	19.191	1.0267	 1.9491e+01	 1.0055e+00	50.046	 1.1653e+00
	 nan	19.207	1.0267	 1.9508e+01	 1.0054e+00	50.075	 1.1654e+00
	 nan	19.223	1.0269	 1.9524e+01	 1.0055e+00	50.103	 1.1652e+00
	 nan	19.239	1.027	 1.9540e+01	 1.0054e+00	50.132	 1.1652e+00
	 nan	19.255	1.0271	 1.9556e+01	 1.0055e+00	50.161	 1.1651e+00
	 nan	19.271	1.0272	 1.9572e+01	 1.0054e+00	50.19	 1.1650e+00
	 nan	19.287	1.0273	 1.9588e+01	 1.0054e+00	50.219	 1.1650e+00
	 nan	19.302	1.0275	 1.9604e+01	 1.0054e+00	50.248	 1.1648e+00
	 nan	19.319	1.0276	 1.9621e+01	 1.0054e+00	50.276	 1.1649e+00
	 nan	19.334	1.0278	 1.9637e+01	 1.0054e+00	50.305	 1.1647e+00
	 nan	19.35	1.0279	 1.9653e+01	 1.0053e+00	50.334	 1.1648e+00
	 nan	19.366	1.028	 1.9669e+01	 1.0053e+00	50.363	 1.1647e+00
	 nan	19.382	1.0281	 1.9686e+01	 1.0053e+00	50.392	 1.1647e+00
	 nan	19.398	1.0282	 1.9702e+01	 1.0052e+00	50.421	 1.1648e+00
	 nan	19.415	1.0283	 1.9718e+01	 1.0052e+00	50.449	 1.1647e+00
	 nan	19.43	1.0283	 1.9734e+01	 1.0051e+00	50.478	 1.1649e+00
	 nan	19.447	1.0285	 1.9750e+01	 1.0052e+00	50.507	 1.1648e+00
	 nan	19.463	1.0285	 1.9767e+01	 1.0051e+00	50.536	 1.1651e+00
	 nan	19.479	1.0286	 1.9783e+01	 1.0051e+00	50.565	 1.1651e+00
	 nan	19.495	1.0287	 1.9799e+01	 1.0050e+00	50.593	 1.1652e+00
	 nan	19.511	1.0287	 1.9816e+01	 1.0050e+00	50.622	 1.1654e+00
	 nan	19.527	1.0288	 1.9832e+01	 1.0050e+00	50.651	 1.1655e+00
	 nan	19.543	1.0288	 1.9849e+01	 1.0050e+00	50.68	 1.1657e+00
	 nan	19.559	1.0289	 1.9865e+01	 1.0050e+00	50.709	 1.1658e+00
	 nan	19.575	1.0288	 1.9881e+01	 1.0050e+00	50.737	 1.1661e+00
	 nan	19.592	1.0288	 1.9898e+01	 1.0050e+00	50.766	 1.1662e+00
	 nan	19.608	1.0287	 1.9914e+01	 1.0050e+00	50.795	 1.1665e+00
	 nan	19.624	1.0287	 1.9930e+01	 1.0050e+00	50.824	 1.1668e+00
	 nan	19.64	1.0286	 1.9947e+01	 1.0050e+00	50.852	 1.1670e+00
	 nan	19.656	1.0285	 1.9963e+01	 1.0049e+00	50.881	 1.1674e+00
	 nan	19.672	1.0284	 1.9980e+01	 1.0050e+00	50.91	 1.1675e+00
	 nan	19.689	1.0282	 1.9996e+01	 1.0049e+00	50.939	 1.1680e+00
	 nan	19.705	1.0282	 2.0013e+01	 1.0049e+00	50.967	 1.1682e+00
	 nan	19.721	1.028	 2.0029e+01	 1.0049e+00	50.996	 1.1686e+00
	 nan	19.738	1.0279	 2.0046e+01	 1.0049e+00	51.025	 1.1689e+00
	 nan	19.754	1.0279	 2.0062e+01	 1.0050e+00	51.054	 1.1691e+00
	 nan	19.77	1.0277	 2.0079e+01	 1.0050e+00	51.082	 1.1695e+00
	 nan	19.786	1.0277	 2.0095e+01	 1.0050e+00	51.111	 1.1697e+00
	 nan	19.803	1.0276	 2.0112e+01	 1.0050e+00	51.14	 1.1701e+00
	 nan	19.819	1.0276	 2.0128e+01	 1.0051e+00	51.168	 1.1702e+00
	 nan	19.835	1.0275	 2.0145e+01	 1.0051e+00	51.197	 1.1705e+00
	 nan	19.852	1.0275	 2.0161e+01	 1.0051e+00	51.226	 1.1706e+00
	 nan	19.868	1.0275	 2.0178e+01	 1.0052e+00	51.255	 1.1707e+00
	 nan	19.884	1.0275	 2.0195e+01	 1.0052e+00	51.283	 1.1710e+00
	 nan	19.901	1.0276	 2.0211e+01	 1.0053e+00	51.312	 1.1710e+00
	 nan	19.917	1.0275	 2.0228e+01	 1.0053e+00	51.34	 1.1713e+00
	 nan	19.933	1.0277	 2.0244e+01	 1.0053e+00	51.369	 1.1713e+00
	 nan	19.95	1.0277	 2.0261e+01	 1.0054e+00	51.398	 1.1715e+00
	 nan	19.966	1.0278	 2.0278e+01	 1.0054e+00	51.426	 1.1715e+00
	 nan	19.983	1.0279	 2.0294e+01	 1.0055e+00	51.455	 1.1716e+00
	 nan	19.999	1.028	 2.0311e+01	 1.0055e+00	51.484	 1.1717e+00
	 nan	20.016	1.0282	 2.0328e+01	 1.0056e+00	51.512	 1.1717e+00
	 nan	20.032	1.0283	 2.0344e+01	 1.0056e+00	51.541	 1.1719e+00
	 nan	20.049	1.0286	 2.0361e+01	 1.0057e+00	51.57	 1.1719e+00
	 nan	20.065	1.0287	 2.0378e+01	 1.0057e+00	51.598	 1.1720e+00
	 nan	20.082	1.0289	 2.0395e+01	 1.0057e+00	51.627	 1.1720e+00
	 nan	20.098	1.0291	 2.0411e+01	 1.0058e+00	51.655	 1.1721e+00
	 nan	20.115	1.0292	 2.0428e+01	 1.0058e+00	51.684	 1.1722e+00
	 nan	20.131	1.0295	 2.0445e+01	 1.0058e+00	51.713	 1.1721e+00
	 nan	20.148	1.0296	 2.0462e+01	 1.0058e+00	51.741	 1.1723e+00
	 nan	20.164	1.0298	 2.0479e+01	 1.0059e+00	51.77	 1.1722e+00
	 nan	20.181	1.0299	 2.0495e+01	 1.0059e+00	51.798	 1.1723e+00
	 nan	20.197	1.0301	 2.0512e+01	 1.0059e+00	51.827	 1.1723e+00
	 nan	20.214	1.0302	 2.0529e+01	 1.0060e+00	51.855	 1.1724e+00
	 nan	20.231	1.0303	 2.0546e+01	 1.0060e+00	51.884	 1.1725e+00
	 nan	20.247	1.0305	 2.0563e+01	 1.0060e+00	51.913	 1.1725e+00
	 nan	20.264	1.0305	 2.0579e+01	 1.0060e+00	51.941	 1.1728e+00
	 nan	20.28	1.0307	 2.0596e+01	 1.0060e+00	51.969	 1.1728e+00
	 nan	20.297	1.0308	 2.0613e+01	 1.0060e+00	51.998	 1.1731e+00
	 nan	20.314	1.0309	 2.0630e+01	 1.0060e+00	52.026	 1.1731e+00
	 nan	20.331	1.031	 2.0647e+01	 1.0060e+00	52.055	 1.1733e+00
	 nan	20.347	1.0311	 2.0664e+01	 1.0060e+00	52.084	 1.1735e+00
	 nan	20.364	1.0312	 2.0681e+01	 1.0061e+00	52.112	 1.1735e+00
	 nan	20.381	1.0312	 2.0698e+01	 1.0060e+00	52.141	 1.1738e+00
	 nan	20.397	1.0314	 2.0715e+01	 1.0061e+00	52.169	 1.1738e+00
	 nan	20.414	1.0314	 2.0732e+01	 1.0060e+00	52.197	 1.1741e+00
	 nan	20.431	1.0315	 2.0749e+01	 1.0060e+00	52.226	 1.1741e+00
	 nan	20.448	1.0315	 2.0766e+01	 1.0060e+00	52.254	 1.1742e+00
	 nan	20.464	1.0315	 2.0783e+01	 1.0060e+00	52.283	 1.1743e+00
	 nan	20.481	1.0316	 2.0800e+01	 1.0060e+00	52.311	 1.1743e+00
	 nan	20.498	1.0315	 2.0817e+01	 1.0059e+00	52.34	 1.1745e+00
	 nan	20.515	1.0316	 2.0834e+01	 1.0060e+00	52.368	 1.1743e+00
	 nan	20.532	1.0316	 2.0851e+01	 1.0059e+00	52.396	 1.1745e+00
	 nan	20.548	1.0316	 2.0868e+01	 1.0059e+00	52.425	 1.1744e+00
	 nan	20.565	1.0316	 2.0885e+01	 1.0059e+00	52.453	 1.1744e+00
	 nan	20.582	1.0315	 2.0902e+01	 1.0059e+00	52.481	 1.1744e+00
	 nan	20.599	1.0316	 2.0919e+01	 1.0059e+00	52.51	 1.1743e+00
	 nan	20.616	1.0315	 2.0936e+01	 1.0058e+00	52.538	 1.1745e+00
	 nan	20.633	1.0315	 2.0954e+01	 1.0059e+00	52.566	 1.1743e+00
	 nan	20.649	1.0314	 2.0971e+01	 1.0059e+00	52.595	 1.1744e+00
	 nan	20.666	1.0314	 2.0988e+01	 1.0059e+00	52.623	 1.1743e+00
	 nan	20.683	1.0314	 2.1005e+01	 1.0059e+00	52.651	 1.1743e+00
	 nan	20.7	1.0314	 2.1022e+01	 1.0060e+00	52.68	 1.1744e+00
	 nan	20.717	1.0314	 2.1039e+01	 1.0060e+00	52.708	 1.1744e+00
	 nan	20.734	1.0313	 2.1057e+01	 1.0060e+00	52.736	 1.1746e+00
	 nan	20.751	1.0314	 2.1074e+01	 1.0061e+00	52.765	 1.1746e+00
	 nan	20.768	1.0313	 2.1091e+01	 1.0061e+00	52.793	 1.1749e+00
	 nan	20.785	1.0313	 2.1108e+01	 1.0062e+00	52.821	 1.1750e+00
	 nan	20.802	1.0313	 2.1125e+01	 1.0062e+00	52.849	 1.1754e+00
	 nan	20.819	1.0313	 2.1143e+01	 1.0062e+00	52.878	 1.1757e+00
	 nan	20.836	1.0313	 2.1160e+01	 1.0063e+00	52.906	 1.1760e+00
	 nan	20.853	1.0313	 2.1177e+01	 1.0063e+00	52.934	 1.1765e+00
	 nan	20.87	1.0313	 2.1195e+01	 1.0064e+00	52.962	 1.1768e+00
	 nan	20.887	1.0313	 2.1212e+01	 1.0064e+00	52.99	 1.1774e+00
	 nan	20.904	1.0313	 2.1229e+01	 1.0064e+00	53.019	 1.1777e+00
	 nan	20.922	1.0313	 2.1247e+01	 1.0064e+00	53.047	 1.1782e+00
	 nan	20.939	1.0313	 2.1264e+01	 1.0065e+00	53.075	 1.1787e+00
	 nan	20.956	1.0312	 2.1281e+01	 1.0065e+00	53.103	 1.1791e+00
	 nan	20.973	1.0312	 2.1299e+01	 1.0065e+00	53.131	 1.1797e+00
	 nan	20.99	1.0312	 2.1316e+01	 1.0066e+00	53.16	 1.1800e+00
	 nan	21.007	1.0311	 2.1333e+01	 1.0065e+00	53.188	 1.1806e+00
	 nan	21.024	1.0311	 2.1351e+01	 1.0066e+00	53.216	 1.1809e+00
	 nan	21.041	1.031	 2.1368e+01	 1.0066e+00	53.244	 1.1814e+00
	 nan	21.059	1.031	 2.1386e+01	 1.0066e+00	53.272	 1.1818e+00
	 nan	21.076	1.0309	 2.1403e+01	 1.0066e+00	53.3	 1.1822e+00
	 nan	21.093	1.0308	 2.1420e+01	 1.0066e+00	53.328	 1.1826e+00
	 nan	21.11	1.0309	 2.1438e+01	 1.0067e+00	53.356	 1.1829e+00
	 nan	21.127	1.0308	 2.1455e+01	 1.0066e+00	53.384	 1.1834e+00
	 nan	21.145	1.0308	 2.1473e+01	 1.0067e+00	53.412	 1.1836e+00
	 nan	21.162	1.0307	 2.1490e+01	 1.0066e+00	53.44	 1.1840e+00
	 nan	21.179	1.0307	 2.1508e+01	 1.0067e+00	53.468	 1.1842e+00
	 nan	21.197	1.0307	 2.1525e+01	 1.0066e+00	53.496	 1.1845e+00
	 nan	21.214	1.0307	 2.1543e+01	 1.0066e+00	53.524	 1.1848e+00
	 nan	21.231	1.0307	 2.1560e+01	 1.0066e+00	53.552	 1.1849e+00
	 nan	21.248	1.0307	 2.1578e+01	 1.0066e+00	53.58	 1.1853e+00
	 nan	21.266	1.0307	 2.1596e+01	 1.0066e+00	53.608	 1.1854e+00
	 nan	21.283	1.0307	 2.1613e+01	 1.0065e+00	53.636	 1.1858e+00
	 nan	21.3	1.0307	 2.1631e+01	 1.0066e+00	53.664	 1.1860e+00
	 nan	21.318	1.0308	 2.1648e+01	 1.0065e+00	53.692	 1.1863e+00
	 nan	21.335	1.0308	 2.1666e+01	 1.0065e+00	53.72	 1.1867e+00
	 nan	21.352	1.0309	 2.1684e+01	 1.0065e+00	53.748	 1.1870e+00
	 nan	21.37	1.0308	 2.1701e+01	 1.0064e+00	53.776	 1.1875e+00
	 nan	21.387	1.0309	 2.1719e+01	 1.0065e+00	53.804	 1.1878e+00
	 nan	21.405	1.0309	 2.1736e+01	 1.0064e+00	53.831	 1.1883e+00
	 nan	21.422	1.031	 2.1754e+01	 1.0064e+00	53.859	 1.1886e+00
	 nan	21.44	1.0311	 2.1772e+01	 1.0064e+00	53.887	 1.1890e+00
	 nan	21.457	1.0311	 2.1790e+01	 1.0064e+00	53.915	 1.1894e+00
	 nan	21.474	1.0313	 2.1807e+01	 1.0064e+00	53.943	 1.1896e+00
	 nan	21.492	1.0313	 2.1825e+01	 1.0064e+00	53.971	 1.1901e+00
	 nan	21.509	1.0315	 2.1843e+01	 1.0064e+00	53.998	 1.1903e+00
	 nan	21.527	1.0315	 2.1860e+01	 1.0064e+00	54.026	 1.1908e+00
	 nan	21.544	1.0317	 2.1878e+01	 1.0064e+00	54.054	 1.1910e+00
	 nan	21.562	1.0318	 2.1896e+01	 1.0064e+00	54.082	 1.1913e+00
	 nan	21.579	1.0319	 2.1914e+01	 1.0064e+00	54.109	 1.1915e+00
	 nan	21.597	1.0321	 2.1932e+01	 1.0065e+00	54.137	 1.1917e+00
	 nan	21.615	1.0321	 2.1949e+01	 1.0065e+00	54.165	 1.1920e+00
	 nan	21.632	1.0323	 2.1967e+01	 1.0065e+00	54.193	 1.1920e+00
	 nan	21.65	1.0323	 2.1985e+01	 1.0065e+00	54.22	 1.1923e+00
	 nan	21.667	1.0325	 2.2003e+01	 1.0065e+00	54.248	 1.1923e+00
	 nan	21.685	1.0326	 2.2021e+01	 1.0065e+00	54.276	 1.1924e+00
	 nan	21.703	1.0327	 2.2039e+01	 1.0066e+00	54.303	 1.1925e+00
	 nan	21.72	1.0329	 2.2056e+01	 1.0066e+00	54.331	 1.1924e+00
	 nan	21.738	1.033	 2.2074e+01	 1.0066e+00	54.358	 1.1924e+00
	 nan	21.756	1.0332	 2.2092e+01	 1.0066e+00	54.386	 1.1921e+00
	 nan	21.773	1.0333	 2.2110e+01	 1.0066e+00	54.414	 1.1920e+00
	 nan	21.791	1.0335	 2.2128e+01	 1.0067e+00	54.441	 1.1917e+00
	 nan	21.809	1.0336	 2.2146e+01	 1.0067e+00	54.469	 1.1914e+00
	 nan	21.826	1.0338	 2.2164e+01	 1.0067e+00	54.496	 1.1910e+00
	 nan	21.844	1.034	 2.2182e+01	 1.0067e+00	54.524	 1.1906e+00
	 nan	21.862	1.0341	 2.2200e+01	 1.0067e+00	54.551	 1.1904e+00
	 nan	21.88	1.0344	 2.2218e+01	 1.0068e+00	54.579	 1.1899e+00
	 nan	21.897	1.0345	 2.2236e+01	 1.0067e+00	54.606	 1.1897e+00
	 nan	21.915	1.0347	 2.2254e+01	 1.0068e+00	54.634	 1.1892e+00
	 nan	21.933	1.0349	 2.2272e+01	 1.0068e+00	54.661	 1.1889e+00
	 nan	21.951	1.0351	 2.2290e+01	 1.0068e+00	54.689	 1.1886e+00
	 nan	21.968	1.0354	 2.2308e+01	 1.0068e+00	54.716	 1.1883e+00
	 nan	21.986	1.0355	 2.2326e+01	 1.0068e+00	54.743	 1.1882e+00
	 nan	22.004	1.0358	 2.2344e+01	 1.0069e+00	54.771	 1.1879e+00
	 nan	22.022	1.036	 2.2362e+01	 1.0068e+00	54.798	 1.1879e+00
	 nan	22.04	1.0362	 2.2381e+01	 1.0069e+00	54.826	 1.1877e+00
	 nan	22.058	1.0364	 2.2399e+01	 1.0069e+00	54.853	 1.1877e+00
	 nan	22.076	1.0365	 2.2417e+01	 1.0069e+00	54.88	 1.1877e+00
	 nan	22.093	1.0367	 2.2435e+01	 1.0069e+00	54.907	 1.1877e+00
	 nan	22.111	1.0367	 2.2453e+01	 1.0069e+00	54.935	 1.1878e+00
	 nan	22.129	1.0368	 2.2471e+01	 1.0069e+00	54.962	 1.1877e+00
	 nan	22.147	1.0367	 2.2489e+01	 1.0069e+00	54.989	 1.1879e+00
	 nan	22.165	1.0368	 2.2508e+01	 1.0070e+00	55.017	 1.1878e+00
	 nan	22.183	1.0366	 2.2526e+01	 1.0069e+00	55.044	 1.1881e+00
	 nan	22.201	1.0366	 2.2544e+01	 1.0070e+00	55.071	 1.1882e+00
	 nan	22.219	1.0365	 2.2562e+01	 1.0070e+00	55.098	 1.1884e+00
	 nan	22.237	1.0363	 2.2580e+01	 1.0070e+00	55.125	 1.1887e+00
	 nan	22.255	1.0362	 2.2599e+01	 1.0070e+00	55.153	 1.1888e+00
	 nan	22.273	1.036	 2.2617e+01	 1.0069e+00	55.18	 1.1893e+00
	 nan	22.291	1.0359	 2.2635e+01	 1.0070e+00	55.207	 1.1894e+00
	 nan	22.309	1.0357	 2.2653e+01	 1.0069e+00	55.234	 1.1899e+00
	 nan	22.327	1.0356	 2.2672e+01	 1.0069e+00	55.261	 1.1901e+00
	 nan	22.345	1.0355	 2.2690e+01	 1.0069e+00	55.288	 1.1904e+00
	 nan	22.363	1.0353	 2.2708e+01	 1.0069e+00	55.315	 1.1908e+00
	 nan	22.381	1.0352	 2.2727e+01	 1.0069e+00	55.342	 1.1911e+00
	 nan	22.399	1.0351	 2.2745e+01	 1.0068e+00	55.369	 1.1915e+00
	 nan	22.417	1.0351	 2.2763e+01	 1.0069e+00	55.396	 1.1917e+00
	 nan	22.436	1.035	 2.2782e+01	 1.0068e+00	55.423	 1.1922e+00
	 nan	22.454	1.035	 2.2800e+01	 1.0068e+00	55.45	 1.1925e+00
	 nan	22.472	1.035	 2.2819e+01	 1.0068e+00	55.477	 1.1929e+00
	 nan	22.49	1.035	 2.2837e+01	 1.0067e+00	55.504	 1.1932e+00
	 nan	22.508	1.0351	 2.2855e+01	 1.0067e+00	55.531	 1.1935e+00
	 nan	22.526	1.0351	 2.2874e+01	 1.0066e+00	55.558	 1.1940e+00
	 nan	22.544	1.0353	 2.2892e+01	 1.0067e+00	55.585	 1.1942e+00
	 nan	22.563	1.0353	 2.2911e+01	 1.0066e+00	55.611	 1.1946e+00
	 nan	22.581	1.0354	 2.2929e+01	 1.0066e+00	55.638	 1.1948e+00
	 nan	22.599	1.0355	 2.2948e+01	 1.0066e+00	55.665	 1.1951e+00
	 nan	22.617	1.0356	 2.2966e+01	 1.0065e+00	55.692	 1.1953e+00
	 nan	22.636	1.0357	 2.2985e+01	 1.0065e+00	55.719	 1.1954e+00
	 nan	22.654	1.0357	 2.3003e+01	 1.0065e+00	55.745	 1.1956e+00
	 nan	22.672	1.0359	 2.3022e+01	 1.0065e+00	55.772	 1.1956e+00
	 nan	22.691	1.0359	 2.3040e+01	 1.0065e+00	55.799	 1.1958e+00
	 nan	22.709	1.036	 2.3059e+01	 1.0065e+00	55.826	 1.1957e+00
	 nan	22.727	1.036	 2.3077e+01	 1.0065e+00	55.852	 1.1958e+00
	 nan	22.745	1.0361	 2.3096e+01	 1.0065e+00	55.879	 1.1957e+00
	 nan	22.764	1.0362	 2.3114e+01	 1.0065e+00	55.906	 1.1956e+00
	 nan	22.782	1.0362	 2.3133e+01	 1.0065e+00	55.932	 1.1957e+00
	 nan	22.8	1.0364	 2.3152e+01	 1.0066e+00	55.959	 1.1956e+00
	 nan	22.819	1.0364	 2.3170e+01	 1.0066e+00	55.985	 1.1957e+00
	 nan	22.837	1.0365	 2.3189e+01	 1.0066e+00	56.012	 1.1957e+00
	 nan	22.856	1.0365	 2.3208e+01	 1.0066e+00	56.038	 1.1958e+00
	 nan	22.874	1.0365	 2.3226e+01	 1.0067e+00	56.065	 1.1959e+00
	 nan	22.892	1.0366	 2.3245e+01	 1.0067e+00	56.091	 1.1960e+00
	 nan	22.911	1.0366	 2.3264e+01	 1.0067e+00	56.118	 1.1963e+00
	 nan	22.929	1.0366	 2.3282e+01	 1.0067e+00	56.144	 1.1964e+00
	 nan	22.948	1.0365	 2.3301e+01	 1.0067e+00	56.171	 1.1968e+00
	 nan	22.966	1.0366	 2.3320e+01	 1.0068e+00	56.197	 1.1969e+00
	 nan	22.985	1.0365	 2.3339e+01	 1.0068e+00	56.224	 1.1973e+00
	 nan	23.003	1.0365	 2.3357e+01	 1.0068e+00	56.25	 1.1976e+00
	 nan	23.022	1.0364	 2.3376e+01	 1.0069e+00	56.276	 1.1979e+00
	 nan	23.04	1.0363	 2.3395e+01	 1.0069e+00	56.303	 1.1983e+00
	 nan	23.059	1.0363	 2.3414e+01	 1.0069e+00	56.329	 1.1986e+00
	 nan	23.077	1.0362	 2.3432e+01	 1.0069e+00	56.355	 1.1990e+00
	 nan	23.096	1.0362	 2.3451e+01	 1.0070e+00	56.382	 1.1992e+00
	 nan	23.115	1.0361	 2.3470e+01	 1.0070e+00	56.408	 1.1996e+00
	 nan	23.133	1.036	 2.3489e+01	 1.0071e+00	56.434	 1.1998e+00
	 nan	23.152	1.0359	 2.3508e+01	 1.0071e+00	56.46	 1.2000e+00
	 nan	23.17	1.0358	 2.3527e+01	 1.0071e+00	56.486	 1.2003e+00
	 nan	23.189	1.0358	 2.3546e+01	 1.0072e+00	56.512	 1.2004e+00
	 nan	23.208	1.0356	 2.3564e+01	 1.0072e+00	56.539	 1.2006e+00
	 nan	23.226	1.0355	 2.3583e+01	 1.0072e+00	56.565	 1.2007e+00
	 nan	23.245	1.0353	 2.3602e+01	 1.0072e+00	56.591	 1.2009e+00
	 nan	23.264	1.0352	 2.3621e+01	 1.0073e+00	56.617	 1.2009e+00
	 nan	23.282	1.035	 2.3640e+01	 1.0073e+00	56.643	 1.2010e+00
	 nan	23.301	1.0348	 2.3659e+01	 1.0073e+00	56.669	 1.2011e+00
	 nan	23.32	1.0347	 2.3678e+01	 1.0073e+00	56.695	 1.2010e+00
	 nan	23.338	1.0345	 2.3697e+01	 1.0073e+00	56.721	 1.2012e+00
	 nan	23.357	1.0344	 2.3716e+01	 1.0073e+00	56.747	 1.2011e+00
	 nan	23.376	1.0341	 2.3735e+01	 1.0073e+00	56.773	 1.2012e+00
	 nan	23.395	1.034	 2.3754e+01	 1.0073e+00	56.799	 1.2012e+00
	 nan	23.413	1.0339	 2.3773e+01	 1.0072e+00	56.825	 1.2012e+00
	 nan	23.432	1.0338	 2.3792e+01	 1.0072e+00	56.85	 1.2013e+00
	 nan	23.451	1.0338	 2.3811e+01	 1.0072e+00	56.876	 1.2013e+00
	 nan	23.47	1.0337	 2.3830e+01	 1.0071e+00	56.902	 1.2015e+00
	 nan	23.489	1.0338	 2.3849e+01	 1.0072e+00	56.928	 1.2015e+00
	 nan	23.507	1.0338	 2.3868e+01	 1.0071e+00	56.954	 1.2018e+00
	 nan	23.526	1.0339	 2.3887e+01	 1.0071e+00	56.979	 1.2019e+00
	 nan	23.545	1.0341	 2.3906e+01	 1.0071e+00	57.005	 1.2020e+00
	 nan	23.564	1.0342	 2.3925e+01	 1.0070e+00	57.031	 1.2023e+00
	 nan	23.583	1.0345	 2.3945e+01	 1.0070e+00	57.056	 1.2023e+00
	 nan	23.602	1.0347	 2.3964e+01	 1.0070e+00	57.082	 1.2027e+00
	 nan	23.621	1.0351	 2.3983e+01	 1.0070e+00	57.108	 1.2027e+00
	 nan	23.64	1.0353	 2.4002e+01	 1.0070e+00	57.133	 1.2030e+00
	 nan	23.659	1.0357	 2.4021e+01	 1.0071e+00	57.159	 1.2031e+00
	 nan	23.677	1.036	 2.4041e+01	 1.0071e+00	57.184	 1.2033e+00
	 nan	23.696	1.0363	 2.4060e+01	 1.0071e+00	57.21	 1.2035e+00
	 nan	23.715	1.0366	 2.4079e+01	 1.0072e+00	57.236	 1.2036e+00
	 nan	23.734	1.0368	 2.4098e+01	 1.0072e+00	57.261	 1.2038e+00
	 nan	23.753	1.0372	 2.4117e+01	 1.0073e+00	57.286	 1.2038e+00
	 nan	23.772	1.0373	 2.4137e+01	 1.0073e+00	57.312	 1.2040e+00
	 nan	23.791	1.0376	 2.4156e+01	 1.0074e+00	57.337	 1.2040e+00
	 nan	23.81	1.0378	 2.4175e+01	 1.0074e+00	57.363	 1.2041e+00
	 nan	23.829	1.038	 2.4195e+01	 1.0075e+00	57.388	 1.2042e+00
	 nan	23.849	1.0383	 2.4214e+01	 1.0075e+00	57.413	 1.2041e+00
	 nan	23.868	1.0384	 2.4233e+01	 1.0075e+00	57.439	 1.2042e+00
	 nan	23.887	1.0387	 2.4253e+01	 1.0076e+00	57.464	 1.2040e+00
	 nan	23.906	1.0388	 2.4272e+01	 1.0076e+00	57.489	 1.2041e+00
	 nan	23.925	1.039	 2.4291e+01	 1.0077e+00	57.514	 1.2039e+00
	 nan	23.944	1.0391	 2.4311e+01	 1.0077e+00	57.539	 1.2038e+00
	 nan	23.963	1.0393	 2.4330e+01	 1.0077e+00	57.565	 1.2036e+00
	 nan	23.982	1.0395	 2.4349e+01	 1.0077e+00	57.59	 1.2033e+00
	 nan	24.001	1.0395	 2.4369e+01	 1.0077e+00	57.615	 1.2032e+00
	 nan	24.02	1.0398	 2.4388e+01	 1.0077e+00	57.64	 1.2027e+00
	 nan	24.04	1.0399	 2.4408e+01	 1.0076e+00	57.665	 1.2024e+00
	 nan	24.059	1.04	 2.4427e+01	 1.0076e+00	57.69	 1.2020e+00
	 nan	24.078	1.0401	 2.4447e+01	 1.0075e+00	57.715	 1.2016e+00
	 nan	24.097	1.0402	 2.4466e+01	 1.0075e+00	57.74	 1.2012e+00
	 nan	24.116	1.0404	 2.4485e+01	 1.0075e+00	57.765	 1.2008e+00
	 nan	24.136	1.0404	 2.4505e+01	 1.0074e+00	57.79	 1.2006e+00
	 nan	24.155	1.0406	 2.4524e+01	 1.0074e+00	57.815	 1.2002e+00
	 nan	24.174	1.0406	 2.4544e+01	 1.0073e+00	57.84	 1.2001e+00
	 nan	24.194	1.0407	 2.4564e+01	 1.0073e+00	57.864	 1.1998e+00
	 nan	24.213	1.0408	 2.4583e+01	 1.0072e+00	57.889	 1.1997e+00
	 nan	24.232	1.0408	 2.4603e+01	 1.0072e+00	57.914	 1.1996e+00
	 nan	24.252	1.0409	 2.4622e+01	 1.0072e+00	57.939	 1.1995e+00
	 nan	24.271	1.0409	 2.4642e+01	 1.0072e+00	57.964	 1.1997e+00
	 nan	24.29	1.041	 2.4661e+01	 1.0073e+00	57.988	 1.1996e+00
	 nan	24.309	1.041	 2.4681e+01	 1.0072e+00	58.013	 1.1998e+00
	 nan	24.329	1.0411	 2.4701e+01	 1.0073e+00	58.038	 1.1999e+00
	 nan	24.348	1.0411	 2.4720e+01	 1.0073e+00	58.062	 1.2001e+00
	 nan	24.368	1.0411	 2.4740e+01	 1.0074e+00	58.087	 1.2003e+00
	 nan	24.387	1.0412	 2.4759e+01	 1.0075e+00	58.111	 1.2004e+00
	 nan	24.406	1.041	 2.4779e+01	 1.0075e+00	58.136	 1.2007e+00
	 nan	24.426	1.0411	 2.4799e+01	 1.0076e+00	58.16	 1.2009e+00
	 nan	24.445	1.0409	 2.4819e+01	 1.0076e+00	58.185	 1.2013e+00
	 nan	24.465	1.0409	 2.4838e+01	 1.0077e+00	58.209	 1.2014e+00
	 nan	24.484	1.0407	 2.4858e+01	 1.0078e+00	58.233	 1.2017e+00
	 nan	24.504	1.0405	 2.4878e+01	 1.0079e+00	58.258	 1.2020e+00
	 nan	24.523	1.0404	 2.4898e+01	 1.0080e+00	58.282	 1.2022e+00
	 nan	24.543	1.0402	 2.4917e+01	 1.0080e+00	58.306	 1.2026e+00
	 nan	24.562	1.0401	 2.4937e+01	 1.0081e+00	58.331	 1.2027e+00
	 nan	24.582	1.0398	 2.4957e+01	 1.0082e+00	58.355	 1.2031e+00
	 nan	24.601	1.0398	 2.4977e+01	 1.0083e+00	58.379	 1.2032e+00
	 nan	24.621	1.0396	 2.4996e+01	 1.0083e+00	58.403	 1.2035e+00
	 nan	24.64	1.0396	 2.5016e+01	 1.0084e+00	58.428	 1.2037e+00
	 nan	24.66	1.0397	 2.5036e+01	 1.0084e+00	58.452	 1.2039e+00
	 nan	24.68	1.0397	 2.5056e+01	 1.0085e+00	58.476	 1.2041e+00
	 nan	24.699	1.0399	 2.5076e+01	 1.0086e+00	58.5	 1.2042e+00
	 nan	24.719	1.04	 2.5096e+01	 1.0086e+00	58.524	 1.2044e+00
	 nan	24.738	1.0403	 2.5116e+01	 1.0086e+00	58.548	 1.2045e+00
	 nan	24.758	1.0405	 2.5135e+01	 1.0086e+00	58.572	 1.2047e+00
	 nan	24.778	1.0408	 2.5155e+01	 1.0087e+00	58.596	 1.2048e+00
	 nan	24.797	1.041	 2.5175e+01	 1.0087e+00	58.62	 1.2049e+00
	 nan	24.817	1.0412	 2.5195e+01	 1.0087e+00	58.643	 1.2051e+00
	 nan	24.837	1.0416	 2.5215e+01	 1.0087e+00	58.667	 1.2051e+00
	 nan	24.856	1.0418	 2.5235e+01	 1.0087e+00	58.691	 1.2054e+00
	 nan	24.876	1.0421	 2.5255e+01	 1.0087e+00	58.715	 1.2054e+00
	 nan	24.896	1.0423	 2.5275e+01	 1.0087e+00	58.739	 1.2055e+00
	 nan	24.916	1.0425	 2.5295e+01	 1.0087e+00	58.762	 1.2056e+00
	 nan	24.935	1.0428	 2.5315e+01	 1.0087e+00	58.786	 1.2057e+00
	 nan	24.955	1.043	 2.5335e+01	 1.0086e+00	58.809	 1.2058e+00
	 nan	24.975	1.0432	 2.5355e+01	 1.0087e+00	58.833	 1.2058e+00
	 nan	24.995	1.0433	 2.5375e+01	 1.0086e+00	58.857	 1.2060e+00
	 nan	25.015	1.0436	 2.5395e+01	 1.0086e+00	58.88	 1.2060e+00
	 nan	25.034	1.0437	 2.5415e+01	 1.0086e+00	58.904	 1.2061e+00
	 nan	25.054	1.0438	 2.5435e+01	 1.0086e+00	58.927	 1.2061e+00
	 nan	25.074	1.0439	 2.5456e+01	 1.0086e+00	58.951	 1.2062e+00
	 nan	25.094	1.044	 2.5476e+01	 1.0086e+00	58.974	 1.2063e+00
	 nan	25.114	1.0442	 2.5496e+01	 1.0086e+00	58.997	 1.2062e+00
	 nan	25.134	1.0442	 2.5516e+01	 1.0086e+00	59.021	 1.2064e+00
	 nan	25.154	1.0444	 2.5536e+01	 1.0087e+00	59.044	 1.2063e+00
	 nan	25.173	1.0444	 2.5556e+01	 1.0086e+00	59.067	 1.2064e+00
	 nan	25.193	1.0445	 2.5576e+01	 1.0087e+00	59.09	 1.2064e+00
	 nan	25.213	1.0446	 2.5597e+01	 1.0087e+00	59.114	 1.2064e+00
	 nan	25.233	1.0446	 2.5617e+01	 1.0087e+00	59.137	 1.2065e+00
	 nan	25.253	1.0447	 2.5637e+01	 1.0087e+00	59.16	 1.2064e+00
	 nan	25.273	1.0447	 2.5657e+01	 1.0087e+00	59.183	 1.2065e+00
	 nan	25.293	1.0449	 2.5677e+01	 1.0088e+00	59.206	 1.2064e+00
	 nan	25.313	1.0448	 2.5698e+01	 1.0088e+00	59.229	 1.2066e+00
	 nan	25.333	1.0449	 2.5718e+01	 1.0089e+00	59.252	 1.2065e+00
	 nan	25.353	1.045	 2.5738e+01	 1.0089e+00	59.275	 1.2066e+00
	 nan	25.373	1.045	 2.5759e+01	 1.0089e+00	59.298	 1.2067e+00
	 nan	25.393	1.0451	 2.5779e+01	 1.0090e+00	59.321	 1.2067e+00
	 nan	25.413	1.045	 2.5799e+01	 1.0090e+00	59.344	 1.2068e+00
	 nan	25.433	1.0451	 2.5819e+01	 1.0091e+00	59.367	 1.2068e+00
	 nan	25.453	1.0451	 2.5840e+01	 1.0091e+00	59.389	 1.2070e+00
	 nan	25.474	1.0452	 2.5860e+01	 1.0091e+00	59.412	 1.2069e+00
	 nan	25.494	1.0451	 2.5881e+01	 1.0091e+00	59.435	 1.2071e+00
	 nan	25.514	1.0451	 2.5901e+01	 1.0091e+00	59.458	 1.2072e+00
	 nan	25.534	1.0452	 2.5921e+01	 1.0092e+00	59.48	 1.2073e+00
	 nan	25.554	1.0451	 2.5942e+01	 1.0091e+00	59.503	 1.2075e+00
	 nan	25.574	1.0452	 2.5962e+01	 1.0092e+00	59.525	 1.2075e+00
	 nan	25.594	1.0451	 2.5983e+01	 1.0091e+00	59.548	 1.2077e+00
	 nan	25.614	1.0452	 2.6003e+01	 1.0092e+00	59.57	 1.2077e+00
	 nan	25.635	1.0451	 2.6023e+01	 1.0091e+00	59.593	 1.2079e+00
	 nan	25.655	1.0451	 2.6044e+01	 1.0091e+00	59.615	 1.2080e+00
	 nan	25.675	1.045	 2.6064e+01	 1.0091e+00	59.637	 1.2081e+00
	 nan	25.695	1.0449	 2.6085e+01	 1.0091e+00	59.66	 1.2082e+00
	 nan	25.716	1.0449	 2.6105e+01	 1.0091e+00	59.682	 1.2082e+00
	 nan	25.736	1.0447	 2.6126e+01	 1.0091e+00	59.704	 1.2084e+00
	 nan	25.756	1.0447	 2.6146e+01	 1.0091e+00	59.726	 1.2084e+00
	 nan	25.776	1.0446	 2.6167e+01	 1.0091e+00	59.748	 1.2086e+00
	 nan	25.797	1.0445	 2.6188e+01	 1.0091e+00	59.771	 1.2086e+00
	 nan	25.817	1.0444	 2.6208e+01	 1.0091e+00	59.793	 1.2087e+00
	 nan	25.837	1.0443	 2.6229e+01	 1.0091e+00	59.815	 1.2088e+00
	 nan	25.858	1.0443	 2.6249e+01	 1.0092e+00	59.837	 1.2088e+00
	 nan	25.878	1.0442	 2.6270e+01	 1.0091e+00	59.859	 1.2090e+00
	 nan	25.898	1.0442	 2.6291e+01	 1.0092e+00	59.881	 1.2090e+00
	 nan	25.919	1.0441	 2.6311e+01	 1.0092e+00	59.903	 1.2092e+00
	 nan	25.939	1.0441	 2.6332e+01	 1.0092e+00	59.924	 1.2092e+00
	 nan	25.96	1.044	 2.6352e+01	 1.0092e+00	59.946	 1.2093e+00
	 nan	25.98	1.044	 2.6373e+01	 1.0092e+00	59.968	 1.2094e+00
	 nan	26.0	1.044	 2.6394e+01	 1.0093e+00	59.99	 1.2095e+00
	 nan	26.021	1.0439	 2.6414e+01	 1.0092e+00	60.011	 1.2097e+00
	 nan	26.041	1.044	 2.6435e+01	 1.0093e+00	60.033	 1.2097e+00
	 nan	26.062	1.044	 2.6456e+01	 1.0093e+00	60.054	 1.2099e+00
	 nan	26.082	1.044	 2.6477e+01	 1.0093e+00	60.076	 1.2100e+00
	 nan	26.103	1.044	 2.6497e+01	 1.0093e+00	60.098	 1.2101e+00
	 nan	26.123	1.044	 2.6518e+01	 1.0093e+00	60.119	 1.2103e+00
	 nan	26.144	1.0441	 2.6539e+01	 1.0093e+00	60.141	 1.2103e+00
	 nan	26.164	1.0441	 2.6560e+01	 1.0093e+00	60.162	 1.2106e+00
	 nan	26.185	1.0442	 2.6580e+01	 1.0093e+00	60.183	 1.2106e+00
	 nan	26.205	1.0442	 2.6601e+01	 1.0092e+00	60.205	 1.2108e+00
	 nan	26.226	1.0443	 2.6622e+01	 1.0093e+00	60.226	 1.2109e+00
	 nan	26.247	1.0444	 2.6643e+01	 1.0092e+00	60.247	 1.2111e+00
	 nan	26.267	1.0444	 2.6664e+01	 1.0092e+00	60.268	 1.2113e+00
	 nan	26.288	1.0446	 2.6685e+01	 1.0092e+00	60.289	 1.2113e+00
	 nan	26.308	1.0446	 2.6706e+01	 1.0092e+00	60.31	 1.2116e+00
	 nan	26.329	1.0448	 2.6726e+01	 1.0092e+00	60.332	 1.2116e+00
	 nan	26.35	1.0448	 2.6747e+01	 1.0091e+00	60.353	 1.2119e+00
	 nan	26.37	1.045	 2.6768e+01	 1.0092e+00	60.374	 1.2120e+00
	 nan	26.391	1.0451	 2.6789e+01	 1.0091e+00	60.395	 1.2122e+00
	 nan	26.412	1.0452	 2.6810e+01	 1.0091e+00	60.415	 1.2123e+00
	 nan	26.432	1.0454	 2.6831e+01	 1.0092e+00	60.436	 1.2124e+00
	 nan	26.453	1.0454	 2.6852e+01	 1.0091e+00	60.457	 1.2127e+00
	 nan	26.474	1.0456	 2.6873e+01	 1.0092e+00	60.478	 1.2128e+00
	 nan	26.494	1.0456	 2.6894e+01	 1.0091e+00	60.499	 1.2130e+00
	 nan	26.515	1.0458	 2.6915e+01	 1.0092e+00	60.519	 1.2131e+00
	 nan	26.536	1.0458	 2.6936e+01	 1.0092e+00	60.54	 1.2133e+00
	 nan	26.557	1.0459	 2.6957e+01	 1.0092e+00	60.56	 1.2135e+00
	 nan	26.578	1.0461	 2.6978e+01	 1.0092e+00	60.581	 1.2135e+00
	 nan	26.598	1.0461	 2.6999e+01	 1.0092e+00	60.601	 1.2138e+00
	 nan	26.619	1.0463	 2.7020e+01	 1.0093e+00	60.622	 1.2138e+00
	 nan	26.64	1.0463	 2.7041e+01	 1.0092e+00	60.642	 1.2140e+00
	 nan	26.661	1.0465	 2.7062e+01	 1.0093e+00	60.663	 1.2140e+00
	 nan	26.682	1.0465	 2.7083e+01	 1.0093e+00	60.683	 1.2142e+00
	 nan	26.702	1.0466	 2.7105e+01	 1.0093e+00	60.703	 1.2143e+00
	 nan	26.723	1.0468	 2.7126e+01	 1.0093e+00	60.723	 1.2143e+00
	 nan	26.744	1.0468	 2.7147e+01	 1.0093e+00	60.743	 1.2145e+00
	 nan	26.765	1.047	 2.7168e+01	 1.0093e+00	60.764	 1.2145e+00
	 nan	26.786	1.047	 2.7189e+01	 1.0093e+00	60.784	 1.2147e+00
	 nan	26.807	1.0471	 2.7210e+01	 1.0093e+00	60.804	 1.2148e+00
	 nan	26.828	1.0472	 2.7232e+01	 1.0092e+00	60.824	 1.2149e+00
	 nan	26.849	1.0473	 2.7253e+01	 1.0092e+00	60.843	 1.2150e+00
	 nan	26.87	1.0475	 2.7274e+01	 1.0092e+00	60.863	 1.2151e+00
	 nan	26.891	1.0475	 2.7295e+01	 1.0092e+00	60.883	 1.2152e+00
	 nan	26.912	1.0477	 2.7316e+01	 1.0092e+00	60.903	 1.2152e+00
	 nan	26.933	1.0478	 2.7338e+01	 1.0091e+00	60.923	 1.2154e+00
	 nan	26.954	1.048	 2.7359e+01	 1.0092e+00	60.942	 1.2153e+00
	 nan	26.975	1.0482	 2.7380e+01	 1.0091e+00	60.962	 1.2155e+00
	 nan	26.996	1.0483	 2.7401e+01	 1.0091e+00	60.982	 1.2155e+00
	 nan	27.017	1.0485	 2.7423e+01	 1.0091e+00	61.001	 1.2155e+00
	 nan	27.038	1.0486	 2.7444e+01	 1.0091e+00	61.021	 1.2156e+00
	 nan	27.059	1.0489	 2.7465e+01	 1.0092e+00	61.04	 1.2155e+00
	 nan	27.08	1.0489	 2.7487e+01	 1.0092e+00	61.059	 1.2157e+00
	 nan	27.101	1.0491	 2.7508e+01	 1.0093e+00	61.079	 1.2156e+00
	 nan	27.122	1.0492	 2.7529e+01	 1.0093e+00	61.098	 1.2157e+00
	 nan	27.143	1.0494	 2.7551e+01	 1.0094e+00	61.117	 1.2157e+00
	 nan	27.165	1.0495	 2.7572e+01	 1.0094e+00	61.137	 1.2157e+00
	 nan	27.186	1.0496	 2.7594e+01	 1.0095e+00	61.156	 1.2158e+00
	 nan	27.207	1.0498	 2.7615e+01	 1.0096e+00	61.175	 1.2158e+00
	 nan	27.228	1.0498	 2.7637e+01	 1.0096e+00	61.194	 1.2159e+00
	 nan	27.249	1.0499	 2.7658e+01	 1.0098e+00	61.213	 1.2159e+00
	 nan	27.27	1.0499	 2.7680e+01	 1.0098e+00	61.232	 1.2160e+00
	 nan	27.292	1.05	 2.7701e+01	 1.0099e+00	61.251	 1.2160e+00
	 nan	27.313	1.0501	 2.7722e+01	 1.0100e+00	61.27	 1.2160e+00
	 nan	27.334	1.0501	 2.7744e+01	 1.0101e+00	61.288	 1.2162e+00
	 nan	27.355	1.0502	 2.7765e+01	 1.0102e+00	61.307	 1.2161e+00
	 nan	27.377	1.0501	 2.7787e+01	 1.0102e+00	61.326	 1.2163e+00
	 nan	27.398	1.0502	 2.7808e+01	 1.0103e+00	61.344	 1.2163e+00
	 nan	27.419	1.0501	 2.7830e+01	 1.0104e+00	61.363	 1.2165e+00
	 nan	27.441	1.0502	 2.7852e+01	 1.0105e+00	61.382	 1.2165e+00
	 nan	27.462	1.0501	 2.7873e+01	 1.0105e+00	61.4	 1.2166e+00
	 nan	27.483	1.0501	 2.7895e+01	 1.0106e+00	61.419	 1.2167e+00
	 nan	27.505	1.0501	 2.7916e+01	 1.0107e+00	61.437	 1.2167e+00
	 nan	27.526	1.05	 2.7938e+01	 1.0107e+00	61.455	 1.2169e+00
	 nan	27.547	1.0501	 2.7960e+01	 1.0107e+00	61.474	 1.2170e+00
	 nan	27.569	1.05	 2.7981e+01	 1.0107e+00	61.492	 1.2171e+00
	 nan	27.59	1.05	 2.8003e+01	 1.0108e+00	61.51	 1.2172e+00
	 nan	27.611	1.05	 2.8024e+01	 1.0108e+00	61.528	 1.2174e+00
	 nan	27.633	1.05	 2.8046e+01	 1.0108e+00	61.546	 1.2175e+00
	 nan	27.654	1.0501	 2.8068e+01	 1.0108e+00	61.564	 1.2176e+00
	 nan	27.676	1.05	 2.8090e+01	 1.0108e+00	61.582	 1.2178e+00
	 nan	27.697	1.0502	 2.8111e+01	 1.0108e+00	61.6	 1.2178e+00
	 nan	27.719	1.0502	 2.8133e+01	 1.0108e+00	61.618	 1.2180e+00
	 nan	27.74	1.0503	 2.8155e+01	 1.0108e+00	61.636	 1.2181e+00
	 nan	27.762	1.0503	 2.8177e+01	 1.0108e+00	61.653	 1.2182e+00
	 nan	27.783	1.0504	 2.8198e+01	 1.0107e+00	61.671	 1.2184e+00
	 nan	27.805	1.0506	 2.8220e+01	 1.0107e+00	61.689	 1.2184e+00
	 nan	27.826	1.0506	 2.8242e+01	 1.0106e+00	61.706	 1.2186e+00
	 nan	27.848	1.0508	 2.8264e+01	 1.0107e+00	61.724	 1.2186e+00
	 nan	27.869	1.0508	 2.8285e+01	 1.0106e+00	61.741	 1.2187e+00
	 nan	27.891	1.051	 2.8307e+01	 1.0106e+00	61.759	 1.2187e+00
	 nan	27.912	1.051	 2.8329e+01	 1.0105e+00	61.776	 1.2188e+00
	 nan	27.934	1.0511	 2.8351e+01	 1.0105e+00	61.794	 1.2188e+00
	 nan	27.956	1.0512	 2.8373e+01	 1.0105e+00	61.811	 1.2188e+00
	 nan	27.977	1.0512	 2.8395e+01	 1.0104e+00	61.828	 1.2189e+00
	 nan	27.999	1.0514	 2.8417e+01	 1.0105e+00	61.845	 1.2188e+00
	 nan	28.02	1.0513	 2.8439e+01	 1.0104e+00	61.862	 1.2189e+00
	 nan	28.042	1.0514	 2.8460e+01	 1.0104e+00	61.879	 1.2188e+00
	 nan	28.064	1.0514	 2.8482e+01	 1.0104e+00	61.897	 1.2189e+00
	 nan	28.085	1.0514	 2.8504e+01	 1.0104e+00	61.913	 1.2189e+00
	 nan	28.107	1.0515	 2.8526e+01	 1.0104e+00	61.93	 1.2188e+00
	 nan	28.129	1.0514	 2.8548e+01	 1.0104e+00	61.947	 1.2189e+00
	 nan	28.151	1.0515	 2.8570e+01	 1.0104e+00	61.964	 1.2188e+00
	 nan	28.172	1.0514	 2.8592e+01	 1.0104e+00	61.981	 1.2190e+00
	 nan	28.194	1.0515	 2.8614e+01	 1.0104e+00	61.998	 1.2189e+00
	 nan	28.216	1.0514	 2.8636e+01	 1.0104e+00	62.014	 1.2190e+00
	 nan	28.238	1.0514	 2.8658e+01	 1.0104e+00	62.031	 1.2190e+00
	 nan	28.259	1.0515	 2.8680e+01	 1.0104e+00	62.047	 1.2191e+00
	 nan	28.281	1.0514	 2.8702e+01	 1.0104e+00	62.064	 1.2192e+00
	 nan	28.303	1.0515	 2.8724e+01	 1.0104e+00	62.08	 1.2192e+00
	 nan	28.325	1.0514	 2.8747e+01	 1.0104e+00	62.097	 1.2194e+00
	 nan	28.347	1.0515	 2.8769e+01	 1.0105e+00	62.113	 1.2194e+00
	 nan	28.369	1.0515	 2.8791e+01	 1.0104e+00	62.13	 1.2195e+00
	 nan	28.39	1.0516	 2.8813e+01	 1.0105e+00	62.146	 1.2196e+00
	 nan	28.412	1.0516	 2.8835e+01	 1.0105e+00	62.162	 1.2197e+00
	 nan	28.434	1.0516	 2.8857e+01	 1.0105e+00	62.178	 1.2199e+00
	 nan	28.456	1.0518	 2.8879e+01	 1.0106e+00	62.194	 1.2199e+00
	 nan	28.478	1.0517	 2.8901e+01	 1.0106e+00	62.21	 1.2201e+00
	 nan	28.5	1.0519	 2.8924e+01	 1.0107e+00	62.226	 1.2201e+00
	 nan	28.522	1.0519	 2.8946e+01	 1.0107e+00	62.242	 1.2203e+00
	 nan	28.544	1.052	 2.8968e+01	 1.0107e+00	62.258	 1.2203e+00
	 nan	28.566	1.0522	 2.8990e+01	 1.0108e+00	62.274	 1.2204e+00
	 nan	28.588	1.0522	 2.9013e+01	 1.0108e+00	62.29	 1.2205e+00
	 nan	28.61	1.0524	 2.9035e+01	 1.0109e+00	62.305	 1.2205e+00
	 nan	28.632	1.0524	 2.9057e+01	 1.0109e+00	62.321	 1.2207e+00
	 nan	28.654	1.0526	 2.9079e+01	 1.0109e+00	62.337	 1.2207e+00
	 nan	28.676	1.0526	 2.9102e+01	 1.0109e+00	62.352	 1.2208e+00
	 nan	28.698	1.0527	 2.9124e+01	 1.0110e+00	62.368	 1.2208e+00
	 nan	28.72	1.0528	 2.9146e+01	 1.0110e+00	62.383	 1.2208e+00
	 nan	28.742	1.0528	 2.9169e+01	 1.0110e+00	62.398	 1.2209e+00
	 nan	28.764	1.053	 2.9191e+01	 1.0111e+00	62.414	 1.2209e+00
	 nan	28.786	1.0529	 2.9213e+01	 1.0110e+00	62.429	 1.2210e+00
	 nan	28.808	1.0531	 2.9236e+01	 1.0111e+00	62.444	 1.2209e+00
	 nan	28.831	1.0531	 2.9258e+01	 1.0110e+00	62.459	 1.2210e+00
	 nan	28.853	1.0532	 2.9280e+01	 1.0111e+00	62.474	 1.2210e+00
	 nan	28.875	1.0533	 2.9303e+01	 1.0111e+00	62.49	 1.2210e+00
	 nan	28.897	1.0533	 2.9325e+01	 1.0111e+00	62.505	 1.2210e+00
	 nan	28.919	1.0535	 2.9348e+01	 1.0111e+00	62.52	 1.2210e+00
	 nan	28.941	1.0535	 2.9370e+01	 1.0110e+00	62.535	 1.2211e+00
	 nan	28.964	1.0536	 2.9393e+01	 1.0111e+00	62.549	 1.2211e+00
	 nan	28.986	1.0536	 2.9415e+01	 1.0111e+00	62.564	 1.2212e+00
	 nan	29.008	1.0538	 2.9438e+01	 1.0111e+00	62.579	 1.2212e+00
	 nan	29.03	1.0538	 2.9460e+01	 1.0111e+00	62.593	 1.2213e+00
	 nan	29.052	1.0538	 2.9483e+01	 1.0111e+00	62.608	 1.2214e+00
	 nan	29.075	1.054	 2.9505e+01	 1.0112e+00	62.623	 1.2214e+00
	 nan	29.097	1.0539	 2.9527e+01	 1.0111e+00	62.637	 1.2216e+00
	 nan	29.119	1.0541	 2.9550e+01	 1.0112e+00	62.652	 1.2217e+00
	 nan	29.142	1.054	 2.9573e+01	 1.0112e+00	62.666	 1.2219e+00
	 nan	29.164	1.0541	 2.9595e+01	 1.0112e+00	62.681	 1.2220e+00
	 nan	29.186	1.0541	 2.9618e+01	 1.0112e+00	62.695	 1.2222e+00
	 nan	29.209	1.0541	 2.9640e+01	 1.0112e+00	62.709	 1.2223e+00
	 nan	29.231	1.0542	 2.9663e+01	 1.0113e+00	62.723	 1.2224e+00
	 nan	29.253	1.0542	 2.9686e+01	 1.0112e+00	62.737	 1.2227e+00
	 nan	29.276	1.0543	 2.9708e+01	 1.0113e+00	62.751	 1.2227e+00
	 nan	29.298	1.0542	 2.9731e+01	 1.0112e+00	62.765	 1.2230e+00
	 nan	29.32	1.0543	 2.9753e+01	 1.0113e+00	62.779	 1.2230e+00
	 nan	29.343	1.0543	 2.9776e+01	 1.0113e+00	62.793	 1.2232e+00
	 nan	29.365	1.0543	 2.9799e+01	 1.0113e+00	62.807	 1.2233e+00
	 nan	29.388	1.0543	 2.9822e+01	 1.0113e+00	62.821	 1.2234e+00
	 nan	29.41	1.0542	 2.9844e+01	 1.0113e+00	62.835	 1.2235e+00
	 nan	29.433	1.0543	 2.9867e+01	 1.0114e+00	62.848	 1.2235e+00
	 nan	29.455	1.0543	 2.9890e+01	 1.0114e+00	62.862	 1.2237e+00
	 nan	29.478	1.0543	 2.9912e+01	 1.0115e+00	62.876	 1.2236e+00
	 nan	29.5	1.0543	 2.9935e+01	 1.0115e+00	62.889	 1.2237e+00
	 nan	29.523	1.0543	 2.9958e+01	 1.0115e+00	62.903	 1.2237e+00
	 nan	29.545	1.0544	 2.9981e+01	 1.0116e+00	62.916	 1.2237e+00
	 nan	29.568	1.0543	 3.0003e+01	 1.0116e+00	62.929	 1.2237e+00
	 nan	29.59	1.0544	 3.0026e+01	 1.0116e+00	62.943	 1.2237e+00
	 nan	29.613	1.0543	 3.0049e+01	 1.0116e+00	62.956	 1.2237e+00
	 nan	29.635	1.0544	 3.0072e+01	 1.0117e+00	62.969	 1.2236e+00
	 nan	29.658	1.0543	 3.0095e+01	 1.0117e+00	62.982	 1.2236e+00
	 nan	29.681	1.0543	 3.0118e+01	 1.0117e+00	62.995	 1.2236e+00
	 nan	29.703	1.0544	 3.0140e+01	 1.0117e+00	63.008	 1.2235e+00
	 nan	29.726	1.0543	 3.0163e+01	 1.0117e+00	63.021	 1.2235e+00
	 nan	29.748	1.0544	 3.0186e+01	 1.0117e+00	63.034	 1.2234e+00
	 nan	29.771	1.0543	 3.0209e+01	 1.0117e+00	63.047	 1.2234e+00
	 nan	29.794	1.0544	 3.0232e+01	 1.0117e+00	63.06	 1.2233e+00
	 nan	29.816	1.0544	 3.0255e+01	 1.0117e+00	63.073	 1.2232e+00
	 nan	29.839	1.0545	 3.0278e+01	 1.0117e+00	63.086	 1.2232e+00
	 nan	29.862	1.0545	 3.0301e+01	 1.0117e+00	63.098	 1.2232e+00
	 nan	29.885	1.0545	 3.0324e+01	 1.0116e+00	63.111	 1.2232e+00
	 nan	29.907	1.0547	 3.0347e+01	 1.0117e+00	63.123	 1.2231e+00
	 nan	29.93	1.0547	 3.0370e+01	 1.0116e+00	63.136	 1.2232e+00
	 nan	29.953	1.0549	 3.0393e+01	 1.0117e+00	63.148	 1.2232e+00
	 nan	29.976	1.055	 3.0416e+01	 1.0116e+00	63.161	 1.2233e+00
	 nan	29.998	1.0551	 3.0439e+01	 1.0117e+00	63.173	 1.2233e+00
	 nan	30.021	1.0553	 3.0462e+01	 1.0117e+00	63.185	 1.2234e+00
	 nan	30.044	1.0554	 3.0485e+01	 1.0116e+00	63.197	 1.2235e+00
	 nan	30.067	1.0556	 3.0508e+01	 1.0117e+00	63.21	 1.2235e+00
	 nan	30.09	1.0557	 3.0531e+01	 1.0116e+00	63.222	 1.2236e+00
	 nan	30.112	1.056	 3.0554e+01	 1.0117e+00	63.234	 1.2237e+00
	 nan	30.135	1.0561	 3.0578e+01	 1.0117e+00	63.246	 1.2238e+00
	 nan	30.158	1.0563	 3.0601e+01	 1.0117e+00	63.258	 1.2239e+00
	 nan	30.181	1.0564	 3.0624e+01	 1.0117e+00	63.27	 1.2241e+00
	 nan	30.204	1.0565	 3.0647e+01	 1.0117e+00	63.281	 1.2242e+00
	 nan	30.227	1.0568	 3.0670e+01	 1.0117e+00	63.293	 1.2243e+00
	 nan	30.25	1.0568	 3.0693e+01	 1.0117e+00	63.305	 1.2245e+00
	 nan	30.273	1.057	 3.0716e+01	 1.0118e+00	63.316	 1.2245e+00
	 nan	30.296	1.0571	 3.0740e+01	 1.0117e+00	63.328	 1.2247e+00
	 nan	30.319	1.0572	 3.0763e+01	 1.0118e+00	63.34	 1.2248e+00
	 nan	30.341	1.0573	 3.0786e+01	 1.0118e+00	63.351	 1.2249e+00
	 nan	30.364	1.0574	 3.0809e+01	 1.0118e+00	63.363	 1.2251e+00
	 nan	30.387	1.0575	 3.0833e+01	 1.0118e+00	63.374	 1.2251e+00
	 nan	30.41	1.0575	 3.0856e+01	 1.0118e+00	63.385	 1.2253e+00
	 nan	30.433	1.0577	 3.0879e+01	 1.0118e+00	63.397	 1.2253e+00
	 nan	30.456	1.0577	 3.0902e+01	 1.0118e+00	63.408	 1.2255e+00
	 nan	30.48	1.0578	 3.0926e+01	 1.0119e+00	63.419	 1.2255e+00
	 nan	30.503	1.0579	 3.0949e+01	 1.0119e+00	63.43	 1.2256e+00
	 nan	30.526	1.0579	 3.0972e+01	 1.0119e+00	63.441	 1.2257e+00
	 nan	30.549	1.0581	 3.0996e+01	 1.0119e+00	63.452	 1.2257e+00
	 nan	30.572	1.058	 3.1019e+01	 1.0119e+00	63.463	 1.2259e+00
	 nan	30.595	1.0582	 3.1042e+01	 1.0120e+00	63.474	 1.2259e+00
	 nan	30.618	1.0582	 3.1066e+01	 1.0120e+00	63.485	 1.2260e+00
	 nan	30.641	1.0583	 3.1089e+01	 1.0121e+00	63.496	 1.2260e+00
	 nan	30.664	1.0584	 3.1113e+01	 1.0121e+00	63.506	 1.2260e+00
	 nan	30.688	1.0584	 3.1136e+01	 1.0121e+00	63.517	 1.2261e+00
	 nan	30.711	1.0586	 3.1159e+01	 1.0122e+00	63.528	 1.2261e+00
	 nan	30.734	1.0586	 3.1183e+01	 1.0122e+00	63.538	 1.2262e+00
	 nan	30.757	1.0588	 3.1206e+01	 1.0123e+00	63.549	 1.2261e+00
	 nan	30.78	1.0588	 3.1230e+01	 1.0123e+00	63.559	 1.2262e+00
	 nan	30.803	1.059	 3.1253e+01	 1.0124e+00	63.569	 1.2262e+00
	 nan	30.827	1.0591	 3.1277e+01	 1.0124e+00	63.58	 1.2262e+00
	 nan	30.85	1.0592	 3.1300e+01	 1.0124e+00	63.59	 1.2262e+00
	 nan	30.873	1.0593	 3.1324e+01	 1.0125e+00	63.6	 1.2262e+00
	 nan	30.896	1.0594	 3.1347e+01	 1.0125e+00	63.61	 1.2263e+00
	 nan	30.92	1.0596	 3.1371e+01	 1.0126e+00	63.62	 1.2263e+00
	 nan	30.943	1.0597	 3.1394e+01	 1.0126e+00	63.63	 1.2263e+00
	 nan	30.966	1.0599	 3.1418e+01	 1.0126e+00	63.641	 1.2263e+00
	 nan	30.99	1.06	 3.1441e+01	 1.0127e+00	63.65	 1.2263e+00
	 nan	31.013	1.0602	 3.1465e+01	 1.0127e+00	63.66	 1.2264e+00
	 nan	31.036	1.0603	 3.1489e+01	 1.0127e+00	63.67	 1.2264e+00
	 nan	31.06	1.0604	 3.1512e+01	 1.0127e+00	63.68	 1.2264e+00
	 nan	31.083	1.0607	 3.1536e+01	 1.0128e+00	63.69	 1.2264e+00
	 nan	31.106	1.0607	 3.1559e+01	 1.0128e+00	63.699	 1.2265e+00
	 nan	31.13	1.0609	 3.1583e+01	 1.0128e+00	63.709	 1.2265e+00
	 nan	31.153	1.061	 3.1607e+01	 1.0128e+00	63.718	 1.2265e+00
	 nan	31.177	1.0611	 3.1630e+01	 1.0128e+00	63.728	 1.2266e+00
	 nan	31.2	1.0612	 3.1654e+01	 1.0128e+00	63.737	 1.2266e+00
	 nan	31.224	1.0612	 3.1678e+01	 1.0128e+00	63.746	 1.2267e+00
	 nan	31.247	1.0613	 3.1701e+01	 1.0128e+00	63.756	 1.2267e+00
	 nan	31.27	1.0613	 3.1725e+01	 1.0128e+00	63.765	 1.2268e+00
	 nan	31.294	1.0614	 3.1749e+01	 1.0128e+00	63.774	 1.2268e+00
	 nan	31.317	1.0613	 3.1773e+01	 1.0128e+00	63.783	 1.2268e+00
	 nan	31.341	1.0614	 3.1797e+01	 1.0128e+00	63.792	 1.2269e+00
	 nan	31.364	1.0614	 3.1820e+01	 1.0128e+00	63.801	 1.2269e+00
	 nan	31.388	1.0613	 3.1844e+01	 1.0128e+00	63.81	 1.2270e+00
	 nan	31.412	1.0614	 3.1868e+01	 1.0129e+00	63.819	 1.2270e+00
	 nan	31.435	1.0613	 3.1892e+01	 1.0129e+00	63.828	 1.2271e+00
	 nan	31.459	1.0614	 3.1916e+01	 1.0129e+00	63.837	 1.2271e+00
	 nan	31.482	1.0613	 3.1939e+01	 1.0129e+00	63.846	 1.2271e+00
	 nan	31.506	1.0614	 3.1963e+01	 1.0130e+00	63.854	 1.2272e+00
	 nan	31.529	1.0614	 3.1987e+01	 1.0131e+00	63.863	 1.2272e+00
	 nan	31.553	1.0613	 3.2011e+01	 1.0131e+00	63.871	 1.2272e+00
	 nan	31.577	1.0614	 3.2035e+01	 1.0132e+00	63.88	 1.2273e+00
	 nan	31.6	1.0613	 3.2059e+01	 1.0132e+00	63.888	 1.2273e+00
	 nan	31.624	1.0615	 3.2083e+01	 1.0133e+00	63.897	 1.2273e+00
	 nan	31.648	1.0614	 3.2106e+01	 1.0133e+00	63.905	 1.2274e+00
	 nan	31.671	1.0615	 3.2130e+01	 1.0134e+00	63.913	 1.2274e+00
	 nan	31.695	1.0616	 3.2154e+01	 1.0134e+00	63.922	 1.2275e+00
	 nan	31.719	1.0616	 3.2178e+01	 1.0134e+00	63.93	 1.2275e+00
	 nan	31.742	1.0617	 3.2202e+01	 1.0135e+00	63.938	 1.2275e+00
	 nan	31.766	1.0617	 3.2226e+01	 1.0135e+00	63.946	 1.2275e+00
	 nan	31.79	1.0619	 3.2250e+01	 1.0136e+00	63.954	 1.2275e+00
	 nan	31.814	1.0619	 3.2274e+01	 1.0136e+00	63.962	 1.2276e+00
	 nan	31.837	1.062	 3.2298e+01	 1.0136e+00	63.97	 1.2276e+00
	 nan	31.861	1.0621	 3.2322e+01	 1.0136e+00	63.977	 1.2276e+00
	 nan	31.885	1.0621	 3.2346e+01	 1.0136e+00	63.985	 1.2276e+00
	 nan	31.909	1.0623	 3.2370e+01	 1.0136e+00	63.993	 1.2275e+00
	 nan	31.933	1.0623	 3.2395e+01	 1.0136e+00	64.001	 1.2276e+00
	 nan	31.956	1.0624	 3.2419e+01	 1.0136e+00	64.008	 1.2275e+00
	 nan	31.98	1.0624	 3.2443e+01	 1.0136e+00	64.016	 1.2275e+00
	 nan	32.004	1.0625	 3.2467e+01	 1.0136e+00	64.023	 1.2275e+00
	 nan	32.028	1.0626	 3.2491e+01	 1.0136e+00	64.031	 1.2275e+00
	 nan	32.052	1.0626	 3.2515e+01	 1.0135e+00	64.038	 1.2275e+00
	 nan	32.076	1.0627	 3.2539e+01	 1.0135e+00	64.045	 1.2274e+00
	 nan	32.099	1.0627	 3.2563e+01	 1.0134e+00	64.052	 1.2274e+00
	 nan	32.123	1.0628	 3.2587e+01	 1.0135e+00	64.06	 1.2274e+00
	 nan	32.147	1.0628	 3.2612e+01	 1.0134e+00	64.067	 1.2274e+00
	 nan	32.171	1.0629	 3.2636e+01	 1.0134e+00	64.074	 1.2274e+00
	 nan	32.195	1.0629	 3.2660e+01	 1.0133e+00	64.081	 1.2274e+00
	 nan	32.219	1.063	 3.2684e+01	 1.0133e+00	64.088	 1.2274e+00
	 nan	32.243	1.0631	 3.2709e+01	 1.0133e+00	64.095	 1.2274e+00
	 nan	32.267	1.0631	 3.2733e+01	 1.0132e+00	64.102	 1.2274e+00
	 nan	32.291	1.0633	 3.2757e+01	 1.0133e+00	64.108	 1.2274e+00
	 nan	32.315	1.0633	 3.2781e+01	 1.0132e+00	64.115	 1.2275e+00
	 nan	32.339	1.0635	 3.2806e+01	 1.0133e+00	64.122	 1.2275e+00
	 nan	32.363	1.0636	 3.2830e+01	 1.0132e+00	64.128	 1.2276e+00
	 nan	32.387	1.0637	 3.2854e+01	 1.0132e+00	64.135	 1.2276e+00
	 nan	32.411	1.0638	 3.2879e+01	 1.0133e+00	64.141	 1.2277e+00
	 nan	32.435	1.0638	 3.2903e+01	 1.0133e+00	64.148	 1.2278e+00
	 nan	32.459	1.064	 3.2927e+01	 1.0133e+00	64.154	 1.2278e+00
	 nan	32.483	1.064	 3.2952e+01	 1.0133e+00	64.16	 1.2279e+00
	 nan	32.508	1.0642	 3.2976e+01	 1.0134e+00	64.167	 1.2280e+00
	 nan	32.532	1.0642	 3.3000e+01	 1.0134e+00	64.173	 1.2281e+00
	 nan	32.556	1.0643	 3.3025e+01	 1.0134e+00	64.179	 1.2282e+00
	 nan	32.58	1.0644	 3.3049e+01	 1.0135e+00	64.185	 1.2283e+00
	 nan	32.604	1.0644	 3.3073e+01	 1.0135e+00	64.191	 1.2284e+00
	 nan	32.628	1.0645	 3.3098e+01	 1.0135e+00	64.197	 1.2285e+00
	 nan	32.653	1.0645	 3.3122e+01	 1.0135e+00	64.203	 1.2286e+00
	 nan	32.677	1.0646	 3.3147e+01	 1.0136e+00	64.209	 1.2287e+00
	 nan	32.701	1.0646	 3.3171e+01	 1.0136e+00	64.215	 1.2289e+00
	 nan	32.725	1.0646	 3.3196e+01	 1.0136e+00	64.22	 1.2290e+00
	 nan	32.749	1.0647	 3.3220e+01	 1.0137e+00	64.226	 1.2291e+00
	 nan	32.773	1.0647	 3.3245e+01	 1.0136e+00	64.231	 1.2292e+00
	 nan	32.798	1.0648	 3.3269e+01	 1.0137e+00	64.237	 1.2293e+00
	 nan	32.822	1.0647	 3.3294e+01	 1.0137e+00	64.243	 1.2294e+00
	 nan	32.846	1.0649	 3.3318e+01	 1.0138e+00	64.248	 1.2295e+00
	 nan	32.871	1.0649	 3.3343e+01	 1.0137e+00	64.253	 1.2296e+00
	 nan	32.895	1.065	 3.3367e+01	 1.0138e+00	64.259	 1.2297e+00
	 nan	32.919	1.0651	 3.3392e+01	 1.0138e+00	64.264	 1.2298e+00
	 nan	32.944	1.0651	 3.3416e+01	 1.0138e+00	64.269	 1.2299e+00
	 nan	32.968	1.0653	 3.3441e+01	 1.0138e+00	64.274	 1.2299e+00
	 nan	32.992	1.0653	 3.3466e+01	 1.0138e+00	64.279	 1.2300e+00
	 nan	33.017	1.0655	 3.3490e+01	 1.0138e+00	64.284	 1.2301e+00
	 nan	33.041	1.0655	 3.3515e+01	 1.0138e+00	64.289	 1.2302e+00
	 nan	33.065	1.0657	 3.3540e+01	 1.0139e+00	64.294	 1.2302e+00
	 nan	33.09	1.0659	 3.3564e+01	 1.0139e+00	64.299	 1.2303e+00
	 nan	33.114	1.066	 3.3589e+01	 1.0139e+00	64.304	 1.2304e+00
	 nan	33.139	1.0662	 3.3614e+01	 1.0139e+00	64.309	 1.2304e+00
	 nan	33.163	1.0663	 3.3638e+01	 1.0139e+00	64.313	 1.2305e+00
	 nan	33.187	1.0666	 3.3663e+01	 1.0140e+00	64.318	 1.2305e+00
	 nan	33.212	1.0667	 3.3688e+01	 1.0139e+00	64.323	 1.2306e+00
	 nan	33.236	1.0669	 3.3712e+01	 1.0140e+00	64.327	 1.2306e+00
	 nan	33.261	1.0671	 3.3737e+01	 1.0140e+00	64.331	 1.2306e+00
	 nan	33.285	1.0672	 3.3762e+01	 1.0140e+00	64.336	 1.2307e+00
	 nan	33.31	1.0675	 3.3787e+01	 1.0140e+00	64.34	 1.2307e+00
	 nan	33.334	1.0675	 3.3812e+01	 1.0140e+00	64.344	 1.2307e+00
	 nan	33.359	1.0677	 3.3836e+01	 1.0141e+00	64.349	 1.2307e+00
	 nan	33.383	1.0678	 3.3861e+01	 1.0141e+00	64.353	 1.2308e+00
	 nan	33.408	1.0679	 3.3886e+01	 1.0142e+00	64.357	 1.2307e+00
	 nan	33.432	1.068	 3.3911e+01	 1.0142e+00	64.361	 1.2307e+00
	 nan	33.457	1.0681	 3.3936e+01	 1.0142e+00	64.365	 1.2307e+00
	 nan	33.482	1.0683	 3.3960e+01	 1.0143e+00	64.369	 1.2306e+00
	 nan	33.506	1.0682	 3.3985e+01	 1.0143e+00	64.373	 1.2306e+00
	 nan	33.531	1.0684	 3.4010e+01	 1.0144e+00	64.376	 1.2305e+00
	 nan	33.555	1.0683	 3.4035e+01	 1.0144e+00	64.38	 1.2304e+00
	 nan	33.58	1.0684	 3.4060e+01	 1.0145e+00	64.384	 1.2302e+00
	 nan	33.605	1.0684	 3.4085e+01	 1.0145e+00	64.387	 1.2301e+00
	 nan	33.629	1.0684	 3.4110e+01	 1.0146e+00	64.391	 1.2300e+00
	 nan	33.654	1.0685	 3.4135e+01	 1.0146e+00	64.394	 1.2298e+00
	 nan	33.679	1.0684	 3.4160e+01	 1.0146e+00	64.398	 1.2297e+00
	 nan	33.703	1.0685	 3.4185e+01	 1.0147e+00	64.401	 1.2295e+00
	 nan	33.728	1.0683	 3.4210e+01	 1.0147e+00	64.404	 1.2294e+00
	 nan	33.753	1.0684	 3.4234e+01	 1.0147e+00	64.408	 1.2292e+00
	 nan	33.778	1.0683	 3.4260e+01	 1.0147e+00	64.411	 1.2291e+00
	 nan	33.802	1.0682	 3.4285e+01	 1.0147e+00	64.414	 1.2290e+00
	 nan	33.827	1.0683	 3.4309e+01	 1.0148e+00	64.417	 1.2289e+00
	 nan	33.852	1.0682	 3.4335e+01	 1.0147e+00	64.42	 1.2288e+00
	 nan	33.877	1.0682	 3.4360e+01	 1.0148e+00	64.423	 1.2287e+00
	 nan	33.901	1.0681	 3.4385e+01	 1.0147e+00	64.426	 1.2286e+00
	 nan	33.926	1.0682	 3.4410e+01	 1.0147e+00	64.429	 1.2285e+00
	 nan	33.951	1.0682	 3.4435e+01	 1.0147e+00	64.431	 1.2284e+00
	 nan	33.976	1.0682	 3.4460e+01	 1.0147e+00	64.434	 1.2283e+00
	 nan	34.001	1.0683	 3.4485e+01	 1.0147e+00	64.437	 1.2282e+00
	 nan	34.026	1.0682	 3.4510e+01	 1.0146e+00	64.439	 1.2281e+00
	 nan	34.05	1.0684	 3.4535e+01	 1.0146e+00	64.442	 1.2281e+00
	 nan	34.075	1.0683	 3.4560e+01	 1.0146e+00	64.445	 1.2280e+00
	 nan	34.1	1.0685	 3.4586e+01	 1.0146e+00	64.447	 1.2280e+00
	 nan	34.125	1.0685	 3.4611e+01	 1.0145e+00	64.449	 1.2280e+00
	 nan	34.15	1.0686	 3.4636e+01	 1.0145e+00	64.452	 1.2280e+00
	 nan	34.175	1.0688	 3.4661e+01	 1.0145e+00	64.454	 1.2280e+00
	 nan	34.2	1.0688	 3.4686e+01	 1.0145e+00	64.456	 1.2280e+00
	 nan	34.225	1.069	 3.4711e+01	 1.0145e+00	64.458	 1.2280e+00
	 nan	34.25	1.069	 3.4737e+01	 1.0145e+00	64.46	 1.2281e+00
	 nan	34.275	1.0692	 3.4762e+01	 1.0146e+00	64.462	 1.2282e+00
	 nan	34.3	1.0693	 3.4787e+01	 1.0145e+00	64.464	 1.2282e+00
	 nan	34.325	1.0694	 3.4812e+01	 1.0146e+00	64.466	 1.2283e+00
	 nan	34.35	1.0695	 3.4838e+01	 1.0146e+00	64.468	 1.2284e+00
	 nan	34.375	1.0696	 3.4863e+01	 1.0146e+00	64.469	 1.2285e+00
	 nan	34.4	1.0697	 3.4888e+01	 1.0147e+00	64.471	 1.2285e+00
	 nan	34.425	1.0697	 3.4913e+01	 1.0147e+00	64.473	 1.2286e+00
	 nan	34.45	1.0698	 3.4939e+01	 1.0148e+00	64.475	 1.2287e+00
	 nan	34.475	1.0698	 3.4964e+01	 1.0148e+00	64.476	 1.2288e+00
	 nan	34.5	1.0699	 3.4989e+01	 1.0148e+00	64.477	 1.2289e+00
	 nan	34.525	1.07	 3.5015e+01	 1.0149e+00	64.479	 1.2290e+00
	 nan	34.55	1.07	 3.5040e+01	 1.0149e+00	64.48	 1.2291e+00
	 nan	34.575	1.0701	 3.5066e+01	 1.0150e+00	64.481	 1.2292e+00
	 nan	34.6	1.0701	 3.5091e+01	 1.0150e+00	64.483	 1.2293e+00
	 nan	34.626	1.0702	 3.5116e+01	 1.0151e+00	64.484	 1.2294e+00
	 nan	34.651	1.0702	 3.5142e+01	 1.0151e+00	64.485	 1.2294e+00
	 nan	34.676	1.0703	 3.5167e+01	 1.0152e+00	64.486	 1.2295e+00
	 nan	34.701	1.0703	 3.5193e+01	 1.0152e+00	64.487	 1.2295e+00
	 nan	34.726	1.0703	 3.5218e+01	 1.0152e+00	64.488	 1.2296e+00
	 nan	34.752	1.0704	 3.5243e+01	 1.0153e+00		 nan
	 nan	34.777	1.0704	 3.5269e+01	 1.0152e+00		 nan
	 nan	34.802	1.0705	 3.5294e+01	 1.0153e+00		 nan
	 nan	34.827	1.0705	 3.5320e+01	 1.0152e+00		 nan
	 nan	34.852	1.0706	 3.5345e+01	 1.0153e+00		 nan
	 nan	34.878	1.0707	 3.5371e+01	 1.0152e+00		 nan
	 nan	34.903	1.0707	 3.5396e+01	 1.0152e+00		 nan
	 nan	34.928	1.0709	 3.5422e+01	 1.0152e+00		 nan
	 nan	34.953	1.0708	 3.5447e+01	 1.0151e+00		 nan
	 nan	34.979	1.0711	 3.5473e+01	 1.0152e+00		 nan
	 nan	35.004	1.0711	 3.5499e+01	 1.0151e+00		 nan
	 nan	35.029	1.0713	 3.5524e+01	 1.0151e+00		 nan
	 nan	35.055	1.0715	 3.5550e+01	 1.0151e+00		 nan
	 nan	35.08	1.0716	 3.5575e+01	 1.0150e+00		 nan
	 nan	35.105	1.0719	 3.5601e+01	 1.0151e+00		 nan
	 nan	35.131	1.072	 3.5627e+01	 1.0150e+00		 nan
	 nan	35.156	1.0723	 3.5652e+01	 1.0151e+00		 nan
	 nan	35.182	1.0725	 3.5678e+01	 1.0150e+00		 nan
	 nan	35.207	1.0727	 3.5704e+01	 1.0151e+00		 nan
	 nan	35.233	1.0729	 3.5729e+01	 1.0151e+00		 nan
	 nan	35.258	1.073	 3.5755e+01	 1.0151e+00		 nan
	 nan	35.283	1.0733	 3.5781e+01	 1.0152e+00		 nan
	 nan	35.309	1.0734	 3.5806e+01	 1.0152e+00		 nan
	 nan	35.334	1.0736	 3.5832e+01	 1.0153e+00		 nan
	 nan	35.36	1.0737	 3.5858e+01	 1.0153e+00		 nan
	 nan	35.385	1.0739	 3.5883e+01	 1.0154e+00		 nan
	 nan	35.411	1.074	 3.5909e+01	 1.0154e+00		 nan
	 nan	35.436	1.0741	 3.5935e+01	 1.0154e+00		 nan
	 nan	35.462	1.0742	 3.5961e+01	 1.0155e+00		 nan
	 nan	35.487	1.0742	 3.5987e+01	 1.0155e+00		 nan
	 nan	35.513	1.0744	 3.6012e+01	 1.0156e+00		 nan
	 nan	35.538	1.0744	 3.6038e+01	 1.0155e+00		 nan
	 nan	35.564	1.0745	 3.6064e+01	 1.0156e+00		 nan
	 nan	35.59	1.0745	 3.6090e+01	 1.0156e+00		 nan
	 nan	35.615	1.0745	 3.6116e+01	 1.0157e+00		 nan
	 nan	35.641	1.0746	 3.6142e+01	 1.0157e+00		 nan
	 nan	35.666	1.0745	 3.6167e+01	 1.0157e+00		 nan
	 nan	35.692	1.0747	 3.6193e+01	 1.0158e+00		 nan
	 nan	35.718	1.0746	 3.6219e+01	 1.0158e+00		 nan
	 nan	35.743	1.0747	 3.6245e+01	 1.0159e+00		 nan
	 nan	35.769	1.0746	 3.6271e+01	 1.0159e+00		 nan
	 nan	35.795	1.0746	 3.6297e+01	 1.0159e+00		 nan
	 nan	35.82	1.0747	 3.6323e+01	 1.0159e+00		 nan
	 nan	35.846	1.0747	 3.6349e+01	 1.0159e+00		 nan
	 nan	35.872	1.0748	 3.6375e+01	 1.0160e+00		 nan
	 nan	35.897	1.0747	 3.6401e+01	 1.0160e+00		 nan
	 nan	35.923	1.0749	 3.6427e+01	 1.0161e+00		 nan
	 nan	35.949	1.0749	 3.6453e+01	 1.0161e+00		 nan
	 nan	35.975	1.075	 3.6479e+01	 1.0161e+00		 nan
	 nan	36.0	1.0751	 3.6505e+01	 1.0161e+00		 nan
	 nan	36.026	1.0751	 3.6531e+01	 1.0161e+00		 nan
	 nan	36.052	1.0753	 3.6557e+01	 1.0162e+00		 nan
	 nan	36.078	1.0752	 3.6583e+01	 1.0161e+00		 nan
	 nan	36.104	1.0754	 3.6609e+01	 1.0162e+00		 nan
	 nan	36.129	1.0754	 3.6635e+01	 1.0162e+00		 nan
	 nan	36.155	1.0755	 3.6661e+01	 1.0162e+00		 nan
	 nan	36.181	1.0756	 3.6687e+01	 1.0162e+00		 nan
	 nan	36.207	1.0756	 3.6713e+01	 1.0162e+00		 nan
	 nan	36.233	1.0758	 3.6739e+01	 1.0162e+00		 nan
	 nan	36.259	1.0757	 3.6765e+01	 1.0161e+00		 nan
	 nan	36.285	1.0759	 3.6791e+01	 1.0162e+00		 nan
	 nan	36.31	1.0758	 3.6818e+01	 1.0161e+00		 nan
	 nan	36.336	1.0759	 3.6844e+01	 1.0162e+00		 nan
	 nan	36.362	1.076	 3.6870e+01	 1.0162e+00		 nan
	 nan	36.388	1.076	 3.6896e+01	 1.0161e+00		 nan
	 nan	36.414	1.0762	 3.6922e+01	 1.0162e+00		 nan
	 nan	36.44	1.0762	 3.6949e+01	 1.0161e+00		 nan
	 nan	36.466	1.0764	 3.6975e+01	 1.0162e+00		 nan
	 nan	36.492	1.0764	 3.7001e+01	 1.0162e+00		 nan
	 nan	36.518	1.0766	 3.7027e+01	 1.0162e+00		 nan
	 nan	36.544	1.0767	 3.7053e+01	 1.0162e+00		 nan
	 nan	36.57	1.0768	 3.7080e+01	 1.0162e+00		 nan
	 nan	36.596	1.077	 3.7106e+01	 1.0162e+00		 nan
	 nan	36.622	1.077	 3.7132e+01	 1.0162e+00		 nan
	 nan	36.648	1.0773	 3.7158e+01	 1.0163e+00		 nan
	 nan	36.674	1.0774	 3.7185e+01	 1.0163e+00		 nan
	 nan	36.7	1.0776	 3.7211e+01	 1.0163e+00		 nan
	 nan	36.726	1.0778	 3.7237e+01	 1.0163e+00		 nan
	 nan	36.752	1.0779	 3.7264e+01	 1.0163e+00		 nan
	 nan	36.779	1.0781	 3.7290e+01	 1.0164e+00		 nan
	 nan	36.805	1.0782	 3.7316e+01	 1.0164e+00		 nan
	 nan	36.831	1.0785	 3.7343e+01	 1.0165e+00		 nan
	 nan	36.857	1.0785	 3.7369e+01	 1.0164e+00		 nan
	 nan	36.883	1.0788	 3.7396e+01	 1.0165e+00		 nan
	 nan	36.909	1.0789	 3.7422e+01	 1.0165e+00		 nan
	 nan	36.935	1.079	 3.7449e+01	 1.0165e+00		 nan
	 nan	36.962	1.0792	 3.7475e+01	 1.0166e+00		 nan
	 nan	36.988	1.0793	 3.7501e+01	 1.0165e+00		 nan
	 nan	37.014	1.0795	 3.7528e+01	 1.0166e+00		 nan
	 nan	37.04	1.0795	 3.7554e+01	 1.0166e+00		 nan
	 nan	37.066	1.0797	 3.7581e+01	 1.0167e+00		 nan
	 nan	37.093	1.0798	 3.7607e+01	 1.0167e+00		 nan
	 nan	37.119	1.0799	 3.7634e+01	 1.0167e+00		 nan
	 nan	37.145	1.08	 3.7660e+01	 1.0167e+00		 nan
	 nan	37.171	1.08	 3.7687e+01	 1.0167e+00		 nan
	 nan	37.197	1.0802	 3.7713e+01	 1.0168e+00		 nan
	 nan	37.224	1.0802	 3.7740e+01	 1.0168e+00		 nan
	 nan	37.25	1.0803	 3.7766e+01	 1.0168e+00		 nan
	 nan	37.276	1.0803	 3.7793e+01	 1.0168e+00		 nan
	 nan	37.303	1.0804	 3.7819e+01	 1.0169e+00		 nan
	 nan	37.329	1.0805	 3.7846e+01	 1.0169e+00		 nan
	 nan	37.355	1.0804	 3.7873e+01	 1.0169e+00		 nan
	 nan	37.382	1.0806	 3.7899e+01	 1.0169e+00		 nan
	 nan	37.408	1.0805	 3.7926e+01	 1.0169e+00		 nan
	 nan	37.434	1.0805	 3.7952e+01	 1.0170e+00		 nan
	 nan	37.461	1.0805	 3.7979e+01	 1.0169e+00		 nan
	 nan	37.487	1.0804	 3.8006e+01	 1.0169e+00		 nan
	 nan	37.514	1.0804	 3.8032e+01	 1.0169e+00		 nan
	 nan	37.54	1.0803	 3.8059e+01	 1.0169e+00		 nan
	 nan	37.566	1.0803	 3.8086e+01	 1.0170e+00		 nan
	 nan	37.593	1.0802	 3.8112e+01	 1.0169e+00		 nan
	 nan	37.619	1.0802	 3.8139e+01	 1.0169e+00		 nan
	 nan	37.646	1.0801	 3.8166e+01	 1.0169e+00		 nan
	 nan	37.672	1.08	 3.8192e+01	 1.0169e+00		 nan
	 nan	37.699	1.08	 3.8219e+01	 1.0169e+00		 nan
	 nan	37.725	1.0799	 3.8246e+01	 1.0169e+00		 nan
	 nan	37.752	1.08	 3.8273e+01	 1.0169e+00		 nan
	 nan	37.778	1.0799	 3.8299e+01	 1.0168e+00		 nan
	 nan	37.804	1.08	 3.8326e+01	 1.0169e+00		 nan
	 nan	37.831	1.0799	 3.8353e+01	 1.0169e+00		 nan
	 nan	37.858	1.08	 3.8380e+01	 1.0169e+00		 nan
	 nan	37.884	1.08	 3.8406e+01	 1.0169e+00		 nan
	 nan	37.911	1.08	 3.8433e+01	 1.0169e+00		 nan
	 nan	37.937	1.0802	 3.8460e+01	 1.0169e+00		 nan
	 nan	37.964	1.0801	 3.8487e+01	 1.0168e+00		 nan
	 nan	37.99	1.0803	 3.8514e+01	 1.0169e+00		 nan
	 nan	38.017	1.0803	 3.8540e+01	 1.0169e+00		 nan
	 nan	38.044	1.0805	 3.8567e+01	 1.0169e+00		 nan
	 nan	38.07	1.0806	 3.8594e+01	 1.0169e+00		 nan
	 nan	38.097	1.0807	 3.8621e+01	 1.0169e+00		 nan
	 nan	38.123	1.0809	 3.8648e+01	 1.0170e+00		 nan
	 nan	38.15	1.0809	 3.8675e+01	 1.0169e+00		 nan
	 nan	38.177	1.0812	 3.8702e+01	 1.0170e+00		 nan
	 nan	38.203	1.0813	 3.8728e+01	 1.0170e+00		 nan
	 nan	38.23	1.0815	 3.8755e+01	 1.0171e+00		 nan
	 nan	38.257	1.0817	 3.8782e+01	 1.0171e+00		 nan
	 nan	38.283	1.0818	 3.8809e+01	 1.0172e+00		 nan
	 nan	38.31	1.082	 3.8836e+01	 1.0173e+00		 nan
	 nan	38.337	1.0821	 3.8863e+01	 1.0173e+00		 nan
	 nan	38.364	1.0824	 3.8890e+01	 1.0174e+00		 nan
	 nan	38.39	1.0824	 3.8917e+01	 1.0174e+00		 nan
	 nan	38.417	1.0826	 3.8944e+01	 1.0175e+00		 nan
	 nan	38.444	1.0828	 3.8971e+01	 1.0176e+00		 nan
	 nan	38.471	1.0829	 3.8998e+01	 1.0177e+00		 nan
	 nan	38.498	1.0831	 3.9025e+01	 1.0178e+00		 nan
	 nan	38.524	1.0832	 3.9052e+01	 1.0178e+00		 nan
	 nan	38.551	1.0835	 3.9079e+01	 1.0180e+00		 nan
	 nan	38.578	1.0835	 3.9106e+01	 1.0180e+00		 nan
	 nan	38.605	1.0838	 3.9133e+01	 1.0182e+00		 nan
	 nan	38.632	1.0839	 3.9160e+01	 1.0183e+00		 nan
	 nan	38.658	1.084	 3.9187e+01	 1.0184e+00		 nan
	 nan	38.685	1.0843	 3.9215e+01	 1.0185e+00		 nan
	 nan	38.712	1.0843	 3.9242e+01	 1.0185e+00		 nan
	 nan	38.739	1.0846	 3.9269e+01	 1.0186e+00		 nan
	 nan	38.766	1.0846	 3.9296e+01	 1.0187e+00		 nan
	 nan	38.793	1.0848	 3.9323e+01	 1.0188e+00		 nan
	 nan	38.82	1.0849	 3.9350e+01	 1.0188e+00		 nan
	 nan	38.846	1.0851	 3.9377e+01	 1.0188e+00		 nan
	 nan	38.873	1.0853	 3.9404e+01	 1.0189e+00		 nan
	 nan	38.9	1.0853	 3.9431e+01	 1.0189e+00		 nan
	 nan	38.927	1.0856	 3.9459e+01	 1.0190e+00		 nan
	 nan	38.954	1.0856	 3.9486e+01	 1.0190e+00		 nan
	 nan	38.981	1.0859	 3.9513e+01	 1.0190e+00		 nan
	 nan	39.008	1.086	 3.9540e+01	 1.0190e+00		 nan
	 nan	39.035	1.0861	 3.9568e+01	 1.0190e+00		 nan
	 nan	39.062	1.0863	 3.9595e+01	 1.0191e+00		 nan
	 nan	39.089	1.0864	 3.9622e+01	 1.0190e+00		 nan
	 nan	39.116	1.0866	 3.9649e+01	 1.0191e+00		 nan
	 nan	39.143	1.0866	 3.9676e+01	 1.0190e+00		 nan
	 nan	39.17	1.0869	 3.9704e+01	 1.0191e+00		 nan
	 nan	39.197	1.087	 3.9731e+01	 1.0191e+00		 nan
	 nan	39.224	1.0871	 3.9758e+01	 1.0191e+00		 nan
	 nan	39.251	1.0873	 3.9786e+01	 1.0191e+00		 nan
	 nan	39.278	1.0873	 3.9813e+01	 1.0191e+00		 nan
	 nan	39.305	1.0875	 3.9840e+01	 1.0191e+00		 nan
	 nan	39.332	1.0875	 3.9867e+01	 1.0191e+00		 nan
	 nan	39.359	1.0877	 3.9895e+01	 1.0191e+00		 nan
	 nan	39.387	1.0877	 3.9922e+01	 1.0190e+00		 nan
	 nan	39.414	1.0878	 3.9950e+01	 1.0190e+00		 nan
	 nan	39.441	1.0879	 3.9977e+01	 1.0190e+00		 nan
	 nan	39.468	1.0878	 4.0004e+01	 1.0190e+00		 nan
	 nan	39.495	1.088	 4.0032e+01	 1.0190e+00		 nan
	 nan	39.522	1.0879	 4.0059e+01	 1.0189e+00		 nan
	 nan	39.549	1.088	 4.0086e+01	 1.0189e+00		 nan
	 nan	39.577	1.088	 4.0114e+01	 1.0189e+00		 nan
	 nan	39.604	1.088	 4.0141e+01	 1.0189e+00		 nan
	 nan	39.631	1.088	 4.0169e+01	 1.0188e+00		 nan
	 nan	39.658	1.0879	 4.0196e+01	 1.0188e+00		 nan
	 nan	39.685	1.088	 4.0224e+01	 1.0188e+00		 nan
	 nan	39.712	1.0879	 4.0251e+01	 1.0187e+00		 nan
	 nan	39.74	1.0879	 4.0278e+01	 1.0188e+00		 nan
	 nan	39.767	1.0878	 4.0306e+01	 1.0187e+00		 nan
	 nan	39.794	1.0878	 4.0333e+01	 1.0187e+00		 nan
	 nan	39.821	1.0877	 4.0361e+01	 1.0187e+00		 nan
	 nan	39.849	1.0876	 4.0388e+01	 1.0186e+00		 nan
	 nan	39.876	1.0877	 4.0416e+01	 1.0186e+00		 nan
	 nan	39.903	1.0875	 4.0443e+01	 1.0186e+00		 nan
	 nan	39.931	1.0876	 4.0471e+01	 1.0186e+00		 nan
	 nan	39.958	1.0874	 4.0498e+01	 1.0186e+00		 nan
	 nan	39.985	1.0874	 4.0526e+01	 1.0186e+00		 nan
	 nan	40.012	1.0874	 4.0553e+01	 1.0186e+00		 nan
	 nan	40.04	1.0874	 4.0581e+01	 1.0186e+00		 nan
	 nan	40.067	1.0874	 4.0609e+01	 1.0187e+00		 nan
	 nan	40.094	1.0873	 4.0636e+01	 1.0187e+00		 nan
	 nan	40.122	1.0875	 4.0664e+01	 1.0188e+00		 nan
	 nan	40.149	1.0874	 4.0691e+01	 1.0188e+00		 nan
	 nan	40.176	1.0875	 4.0719e+01	 1.0189e+00		 nan
	 nan	40.204	1.0875	 4.0747e+01	 1.0189e+00		 nan
	 nan	40.231	1.0875	 4.0774e+01	 1.0190e+00		 nan
	 nan	40.259	1.0876	 4.0802e+01	 1.0190e+00		 nan
	 nan	40.286	1.0876	 4.0830e+01	 1.0191e+00		 nan
	 nan	40.313	1.0878	 4.0857e+01	 1.0192e+00		 nan
	 nan	40.341	1.0877	 4.0885e+01	 1.0192e+00		 nan
	 nan	40.368	1.0878	 4.0912e+01	 1.0193e+00		 nan
	 nan	40.396	1.0879	 4.0940e+01	 1.0194e+00		 nan
	 nan	40.423	1.088	 4.0968e+01	 1.0194e+00		 nan
	 nan	40.451	1.0881	 4.0995e+01	 1.0195e+00		 nan
	 nan	40.478	1.0881	 4.1023e+01	 1.0196e+00		 nan
	 nan	40.506	1.0883	 4.1051e+01	 1.0197e+00		 nan
	 nan	40.533	1.0883	 4.1078e+01	 1.0197e+00		 nan
	 nan	40.561	1.0885	 4.1106e+01	 1.0199e+00		 nan
	 nan	40.588	1.0886	 4.1134e+01	 1.0199e+00		 nan
	 nan	40.616	1.0886	 4.1162e+01	 1.0200e+00		 nan
	 nan	40.643	1.0888	 4.1189e+01	 1.0201e+00		 nan
	 nan	40.671	1.0888	 4.1217e+01	 1.0201e+00		 nan
	 nan	40.698	1.089	 4.1245e+01	 1.0203e+00		 nan
	 nan	40.726	1.089	 4.1273e+01	 1.0203e+00		 nan
	 nan	40.753	1.0892	 4.1300e+01	 1.0204e+00		 nan
	 nan	40.781	1.0892	 4.1328e+01	 1.0204e+00		 nan
	 nan	40.808	1.0893	 4.1356e+01	 1.0205e+00		 nan
	 nan	40.836	1.0896	 4.1384e+01	 1.0206e+00		 nan
	 nan	40.864	1.0896	 4.1412e+01	 1.0206e+00		 nan
	 nan	40.891	1.0899	 4.1440e+01	 1.0207e+00		 nan
	 nan	40.919	1.09	 4.1467e+01	 1.0207e+00		 nan
	 nan	40.946	1.0903	 4.1495e+01	 1.0208e+00		 nan
	 nan	40.974	1.0905	 4.1523e+01	 1.0208e+00		 nan
	 nan	41.002	1.0907	 4.1551e+01	 1.0209e+00		 nan
	 nan	41.029	1.091	 4.1579e+01	 1.0209e+00		 nan
	 nan	41.057	1.0911	 4.1606e+01	 1.0209e+00		 nan
	 nan	41.085	1.0915	 4.1634e+01	 1.0210e+00		 nan
	 nan	41.112	1.0915	 4.1662e+01	 1.0209e+00		 nan
	 nan	41.14	1.0918	 4.1690e+01	 1.0210e+00		 nan
	 nan	41.168	1.0919	 4.1718e+01	 1.0210e+00		 nan
	 nan	41.195	1.0921	 4.1746e+01	 1.0210e+00		 nan
	 nan	41.223	1.0922	 4.1774e+01	 1.0211e+00		 nan
	 nan	41.251	1.0923	 4.1802e+01	 1.0210e+00		 nan
	 nan	41.278	1.0925	 4.1830e+01	 1.0211e+00		 nan
	 nan	41.306	1.0925	 4.1858e+01	 1.0211e+00		 nan
	 nan	41.334	1.0926	 4.1886e+01	 1.0211e+00		 nan
	 nan	41.361	1.0926	 4.1914e+01	 1.0211e+00		 nan
	 nan	41.389	1.0927	 4.1942e+01	 1.0211e+00		 nan
	 nan	41.417	1.0928	 4.1969e+01	 1.0211e+00		 nan
	 nan	41.445	1.0928	 4.1998e+01	 1.0211e+00		 nan
	 nan	41.472	1.093	 4.2026e+01	 1.0212e+00		 nan
	 nan	41.5	1.0929	 4.2053e+01	 1.0211e+00		 nan
	 nan	41.528	1.093	 4.2081e+01	 1.0212e+00		 nan
	 nan	41.556	1.093	 4.2109e+01	 1.0211e+00		 nan
	 nan	41.584	1.0931	 4.2138e+01	 1.0212e+00		 nan
	 nan	41.611	1.0931	 4.2166e+01	 1.0212e+00		 nan
	 nan	41.639	1.0931	 4.2194e+01	 1.0211e+00		 nan
	 nan	41.667	1.0932	 4.2222e+01	 1.0212e+00		 nan
	 nan	41.695	1.0932	 4.2250e+01	 1.0211e+00		 nan
	 nan	41.723	1.0933	 4.2278e+01	 1.0211e+00		 nan
	 nan	41.751	1.0933	 4.2306e+01	 1.0211e+00		 nan
	 nan	41.778	1.0934	 4.2334e+01	 1.0211e+00		 nan
	 nan	41.806	1.0934	 4.2362e+01	 1.0210e+00		 nan
	 nan	41.834	1.0935	 4.2390e+01	 1.0210e+00		 nan
	 nan	41.862	1.0936	 4.2418e+01	 1.0210e+00		 nan
	 nan	41.89	1.0936	 4.2446e+01	 1.0210e+00		 nan
	 nan	41.918	1.0938	 4.2474e+01	 1.0210e+00		 nan
	 nan	41.946	1.0937	 4.2502e+01	 1.0210e+00		 nan
	 nan	41.974	1.0939	 4.2531e+01	 1.0210e+00		 nan
	 nan	42.002	1.094	 4.2559e+01	 1.0210e+00		 nan
	 nan	42.029	1.0941	 4.2587e+01	 1.0211e+00		 nan
	 nan	42.057	1.0944	 4.2615e+01	 1.0211e+00		 nan
	 nan	42.085	1.0944	 4.2643e+01	 1.0211e+00		 nan
	 nan	42.113	1.0947	 4.2671e+01	 1.0212e+00		 nan
	 nan	42.141	1.0948	 4.2699e+01	 1.0212e+00		 nan
	 nan	42.169	1.0951	 4.2728e+01	 1.0213e+00		 nan
	 nan	42.197	1.0953	 4.2756e+01	 1.0214e+00		 nan
	 nan	42.225	1.0954	 4.2784e+01	 1.0214e+00		 nan
	 nan	42.253	1.0957	 4.2812e+01	 1.0215e+00		 nan
	 nan	42.281	1.0958	 4.2840e+01	 1.0215e+00		 nan
	 nan	42.309	1.0961	 4.2869e+01	 1.0217e+00		 nan
	 nan	42.337	1.0962	 4.2897e+01	 1.0217e+00		 nan
	 nan	42.365	1.0964	 4.2925e+01	 1.0218e+00		 nan
	 nan	42.393	1.0965	 4.2953e+01	 1.0219e+00		 nan
	 nan	42.421	1.0967	 4.2981e+01	 1.0220e+00		 nan
	 nan	42.449	1.0969	 4.3010e+01	 1.0221e+00		 nan
	 nan	42.477	1.0969	 4.3038e+01	 1.0221e+00		 nan
	 nan	42.505	1.0971	 4.3066e+01	 1.0222e+00		 nan
	 nan	42.533	1.0971	 4.3094e+01	 1.0222e+00		 nan
	 nan	42.561	1.0973	 4.3123e+01	 1.0224e+00		 nan
	 nan	42.589	1.0973	 4.3151e+01	 1.0224e+00		 nan
	 nan	42.617	1.0974	 4.3179e+01	 1.0225e+00		 nan
	 nan	42.645	1.0975	 4.3208e+01	 1.0226e+00		 nan
	 nan	42.674	1.0975	 4.3236e+01	 1.0226e+00		 nan
	 nan	42.702	1.0977	 4.3264e+01	 1.0227e+00		 nan
	 nan	42.73	1.0976	 4.3292e+01	 1.0227e+00		 nan
	 nan	42.758	1.0978	 4.3321e+01	 1.0228e+00		 nan
	 nan	42.786	1.0977	 4.3349e+01	 1.0228e+00		 nan
	 nan	42.814	1.0978	 4.3377e+01	 1.0228e+00		 nan
	 nan	42.842	1.0978	 4.3406e+01	 1.0228e+00		 nan
	 nan	42.87	1.0978	 4.3434e+01	 1.0228e+00		 nan
	 nan	42.898	1.0979	 4.3462e+01	 1.0229e+00		 nan
	 nan	42.927	1.0978	 4.3491e+01	 1.0229e+00		 nan
	 nan	42.955	1.0979	 4.3519e+01	 1.0229e+00		 nan
	 nan	42.983	1.0978	 4.3547e+01	 1.0229e+00		 nan
	 nan	43.011	1.0979	 4.3576e+01	 1.0229e+00		 nan
	 nan	43.039	1.0979	 4.3604e+01	 1.0229e+00		 nan
	 nan	43.068	1.0978	 4.3633e+01	 1.0229e+00		 nan
	 nan	43.096	1.098	 4.3661e+01	 1.0229e+00		 nan
	 nan	43.124	1.0978	 4.3689e+01	 1.0228e+00		 nan
	 nan	43.152	1.098	 4.3718e+01	 1.0229e+00		 nan
	 nan	43.18	1.0979	 4.3746e+01	 1.0228e+00		 nan
	 nan	43.209	1.098	 4.3775e+01	 1.0228e+00		 nan
	 nan	43.237	1.0981	 4.3803e+01	 1.0228e+00		 nan
	 nan	43.265	1.0981	 4.3831e+01	 1.0227e+00		 nan
	 nan	43.293	1.0983	 4.3860e+01	 1.0227e+00		 nan
	 nan	43.321	1.0982	 4.3888e+01	 1.0227e+00		 nan
	 nan	43.35	1.0984	 4.3917e+01	 1.0227e+00		 nan
	 nan	43.378	1.0984	 4.3945e+01	 1.0227e+00		 nan
	 nan	43.406	1.0986	 4.3974e+01	 1.0227e+00		 nan
	 nan	43.434	1.0987	 4.4002e+01	 1.0227e+00		 nan
	 nan	43.463	1.0988	 4.4031e+01	 1.0227e+00		 nan
	 nan	43.491	1.099	 4.4059e+01	 1.0227e+00		 nan
	 nan	43.519	1.099	 4.4088e+01	 1.0226e+00		 nan
	 nan	43.548	1.0992	 4.4116e+01	 1.0227e+00		 nan
	 nan	43.576	1.0993	 4.4145e+01	 1.0227e+00		 nan
	 nan	43.604	1.0994	 4.4173e+01	 1.0227e+00		 nan
	 nan	43.633	1.0996	 4.4202e+01	 1.0228e+00		 nan
	 nan	43.661	1.0997	 4.4230e+01	 1.0228e+00		 nan
	 nan	43.689	1.0999	 4.4259e+01	 1.0228e+00		 nan
	 nan	43.718	1.0999	 4.4287e+01	 1.0228e+00		 nan
	 nan	43.746	1.1002	 4.4316e+01	 1.0229e+00		 nan
	 nan	43.774	1.1003	 4.4344e+01	 1.0229e+00		 nan
	 nan	43.803	1.1005	 4.4373e+01	 1.0229e+00		 nan
	 nan	43.831	1.1007	 4.4401e+01	 1.0230e+00		 nan
	 nan	43.859	1.1008	 4.4430e+01	 1.0230e+00		 nan
	 nan	43.888	1.1011	 4.4458e+01	 1.0230e+00		 nan
	 nan	43.916	1.1011	 4.4487e+01	 1.0230e+00		 nan
	 nan	43.944	1.1014	 4.4516e+01	 1.0231e+00		 nan
	 nan	43.973	1.1015	 4.4544e+01	 1.0231e+00		 nan
	 nan	44.001	1.1017	 4.4573e+01	 1.0231e+00		 nan
	 nan	44.029	1.1018	 4.4601e+01	 1.0231e+00		 nan
	 nan	44.058	1.102	 4.4630e+01	 1.0231e+00		 nan
	 nan	44.086	1.1022	 4.4658e+01	 1.0232e+00		 nan
	 nan	44.115	1.1022	 4.4687e+01	 1.0231e+00		 nan
	 nan	44.143	1.1025	 4.4716e+01	 1.0232e+00		 nan
	 nan	44.172	1.1025	 4.4744e+01	 1.0231e+00		 nan
	 nan	44.2	1.1027	 4.4773e+01	 1.0232e+00		 nan
	 nan	44.228	1.1028	 4.4801e+01	 1.0231e+00		 nan
	 nan	44.257	1.1029	 4.4830e+01	 1.0231e+00		 nan
	 nan	44.285	1.1031	 4.4859e+01	 1.0231e+00		 nan
	 nan	44.314	1.1031	 4.4887e+01	 1.0230e+00		 nan
	 nan	44.342	1.1034	 4.4916e+01	 1.0231e+00		 nan
	 nan	44.371	1.1034	 4.4945e+01	 1.0230e+00		 nan
	 nan	44.399	1.1035	 4.4973e+01	 1.0231e+00		 nan
	 nan	44.428	1.1036	 4.5002e+01	 1.0230e+00		 nan
	 nan	44.456	1.1036	 4.5031e+01	 1.0231e+00		 nan
	 nan	44.485	1.1037	 4.5059e+01	 1.0231e+00		 nan
	 nan	44.513	1.1037	 4.5088e+01	 1.0231e+00		 nan
	 nan	44.541	1.1038	 4.5117e+01	 1.0232e+00		 nan
	 nan	44.57	1.1037	 4.5145e+01	 1.0232e+00		 nan
	 nan	44.599	1.1038	 4.5174e+01	 1.0233e+00		 nan
	 nan	44.627	1.1037	 4.5203e+01	 1.0233e+00		 nan
	 nan	44.656	1.1038	 4.5231e+01	 1.0233e+00		 nan
	 nan	44.684	1.1038	 4.5260e+01	 1.0234e+00		 nan
	 nan	44.713	1.1037	 4.5289e+01	 1.0234e+00		 nan
	 nan	44.741	1.1038	 4.5317e+01	 1.0235e+00		 nan
	 nan	44.77	1.1037	 4.5346e+01	 1.0235e+00		 nan
	 nan	44.798	1.1038	 4.5375e+01	 1.0236e+00		 nan
	 nan	44.827	1.1038	 4.5404e+01	 1.0236e+00		 nan
	 nan	44.855	1.1038	 4.5432e+01	 1.0237e+00		 nan
	 nan	44.884	1.1039	 4.5461e+01	 1.0237e+00		 nan
	 nan	44.912	1.1038	 4.5490e+01	 1.0237e+00		 nan
	 nan	44.941	1.104	 4.5518e+01	 1.0238e+00		 nan
	 nan	44.969	1.1039	 4.5547e+01	 1.0238e+00		 nan
	 nan	44.998	1.104	 4.5576e+01	 1.0239e+00		 nan
	 nan	45.027	1.104	 4.5605e+01	 1.0238e+00		 nan
	 nan	45.055	1.104	 4.5633e+01	 1.0239e+00		 nan
	 nan	45.084	1.1041	 4.5662e+01	 1.0239e+00		 nan
	 nan	45.112	1.1041	 4.5691e+01	 1.0239e+00		 nan
	 nan	45.141	1.1042	 4.5720e+01	 1.0239e+00		 nan
	 nan	45.17	1.1041	 4.5748e+01	 1.0239e+00		 nan
	 nan	45.198	1.1043	 4.5777e+01	 1.0239e+00		 nan
	 nan	45.227	1.1042	 4.5806e+01	 1.0239e+00		 nan
	 nan	45.255	1.1043	 4.5835e+01	 1.0239e+00		 nan
	 nan	45.284	1.1044	 4.5864e+01	 1.0239e+00		 nan
	 nan	45.313	1.1044	 4.5892e+01	 1.0239e+00		 nan
	 nan	45.341	1.1046	 4.5921e+01	 1.0239e+00		 nan
	 nan	45.37	1.1046	 4.5950e+01	 1.0239e+00		 nan
	 nan	45.398	1.1048	 4.5979e+01	 1.0239e+00		 nan
	 nan	45.427	1.1049	 4.6008e+01	 1.0239e+00		 nan
	 nan	45.456	1.1051	 4.6036e+01	 1.0240e+00		 nan
	 nan	45.484	1.1052	 4.6065e+01	 1.0240e+00		 nan
	 nan	45.513	1.1053	 4.6094e+01	 1.0240e+00		 nan
	 nan	45.542	1.1055	 4.6123e+01	 1.0241e+00		 nan
	 nan	45.57	1.1055	 4.6152e+01	 1.0241e+00		 nan
	 nan	45.599	1.1058	 4.6180e+01	 1.0242e+00		 nan
	 nan	45.628	1.1058	 4.6209e+01	 1.0242e+00		 nan
	 nan	45.656	1.106	 4.6238e+01	 1.0243e+00		 nan
	 nan	45.685	1.1061	 4.6267e+01	 1.0243e+00		 nan
	 nan	45.714	1.1062	 4.6296e+01	 1.0244e+00		 nan
	 nan	45.742	1.1064	 4.6325e+01	 1.0245e+00		 nan
	 nan	45.771	1.1064	 4.6353e+01	 1.0245e+00		 nan
	 nan	45.8	1.1067	 4.6382e+01	 1.0246e+00		 nan
	 nan	45.829	1.1068	 4.6411e+01	 1.0246e+00		 nan
	 nan	45.857	1.107	 4.6440e+01	 1.0247e+00		 nan
	 nan	45.886	1.1072	 4.6469e+01	 1.0248e+00		 nan
	 nan	45.915	1.1074	 4.6498e+01	 1.0249e+00		 nan
	 nan	45.943	1.1077	 4.6526e+01	 1.0250e+00		 nan
	 nan	45.972	1.1078	 4.6555e+01	 1.0250e+00		 nan
	 nan	46.001	1.1082	 4.6584e+01	 1.0251e+00		 nan
	 nan	46.029	1.1083	 4.6613e+01	 1.0251e+00		 nan
	 nan	46.058	1.1085	 4.6642e+01	 1.0253e+00		 nan
	 nan	46.087	1.1087	 4.6671e+01	 1.0253e+00		 nan
	 nan	46.116	1.1088	 4.6700e+01	 1.0254e+00		 nan
	 nan	46.144	1.109	 4.6729e+01	 1.0254e+00		 nan
	 nan	46.173	1.109	 4.6758e+01	 1.0254e+00		 nan
	 nan	46.202	1.1092	 4.6786e+01	 1.0255e+00		 nan
	 nan	46.231	1.1091	 4.6815e+01	 1.0255e+00		 nan
	 nan	46.259	1.1092	 4.6844e+01	 1.0256e+00		 nan
	 nan	46.288	1.1092	 4.6873e+01	 1.0256e+00		 nan
	 nan	46.317	1.1092	 4.6902e+01	 1.0256e+00		 nan
	 nan	46.346	1.1093	 4.6931e+01	 1.0256e+00		 nan
	 nan	46.374	1.1091	 4.6960e+01	 1.0256e+00		 nan
	 nan	46.403	1.1092	 4.6989e+01	 1.0256e+00		 nan
	 nan	46.432	1.1091	 4.7018e+01	 1.0255e+00		 nan
	 nan	46.461	1.1092	 4.7047e+01	 1.0256e+00		 nan
	 nan	46.489	1.1091	 4.7075e+01	 1.0255e+00		 nan
	 nan	46.518	1.1091	 4.7104e+01	 1.0256e+00		 nan
	 nan	46.547	1.1091	 4.7133e+01	 1.0256e+00		 nan
	 nan	46.576	1.1091	 4.7162e+01	 1.0255e+00		 nan
	 nan	46.605	1.1092	 4.7191e+01	 1.0256e+00		 nan
	 nan	46.633	1.1092	 4.7220e+01	 1.0255e+00		 nan
	 nan	46.662	1.1094	 4.7249e+01	 1.0256e+00		 nan
	 nan	46.691	1.1094	 4.7278e+01	 1.0255e+00		 nan
	 nan	46.72	1.1095	 4.7307e+01	 1.0256e+00		 nan
	 nan	46.749	1.1097	 4.7336e+01	 1.0256e+00		 nan
	 nan	46.778	1.1097	 4.7365e+01	 1.0256e+00		 nan
	 nan	46.806	1.11	 4.7394e+01	 1.0257e+00		 nan
	 nan	46.835	1.11	 4.7422e+01	 1.0257e+00		 nan
	 nan	46.864	1.1103	 4.7451e+01	 1.0258e+00		 nan
	 nan	46.893	1.1103	 4.7480e+01	 1.0258e+00		 nan
	 nan	46.922	1.1105	 4.7509e+01	 1.0259e+00		 nan
	 nan	46.95	1.1107	 4.7538e+01	 1.0259e+00		 nan
	 nan	46.979	1.1108	 4.7567e+01	 1.0259e+00		 nan
	 nan	47.008	1.111	 4.7596e+01	 1.0260e+00		 nan
	 nan	47.037	1.111	 4.7625e+01	 1.0260e+00		 nan
	 nan	47.066	1.1112	 4.7654e+01	 1.0261e+00		 nan
	 nan	47.094	1.1113	 4.7683e+01	 1.0261e+00		 nan
	 nan	47.123	1.1114	 4.7712e+01	 1.0262e+00		 nan
	 nan	47.152	1.1115	 4.7741e+01	 1.0262e+00		 nan
	 nan	47.181	1.1116	 4.7770e+01	 1.0263e+00		 nan
	 nan	47.21	1.1118	 4.7799e+01	 1.0264e+00		 nan
	 nan	47.239	1.1118	 4.7828e+01	 1.0264e+00		 nan
	 nan	47.267	1.112	 4.7857e+01	 1.0265e+00		 nan
	 nan	47.296	1.112	 4.7886e+01	 1.0265e+00		 nan
	 nan	47.325	1.1121	 4.7915e+01	 1.0266e+00		 nan
	 nan	47.354	1.1122	 4.7944e+01	 1.0266e+00		 nan
	 nan	47.383	1.1122	 4.7972e+01	 1.0266e+00		 nan
	 nan	47.412	1.1124	 4.8002e+01	 1.0267e+00		 nan
	 nan	47.441	1.1123	 4.8030e+01	 1.0267e+00		 nan
	 nan	47.469	1.1125	 4.8059e+01	 1.0268e+00		 nan
	 nan	47.498	1.1124	 4.8088e+01	 1.0267e+00		 nan
	 nan	47.527	1.1125	 4.8117e+01	 1.0268e+00		 nan
	 nan	47.556	1.1126	 4.8146e+01	 1.0268e+00		 nan
	 nan	47.585	1.1126	 4.8175e+01	 1.0268e+00		 nan
	 nan	47.614	1.1127	 4.8204e+01	 1.0268e+00		 nan
	 nan	47.643	1.1127	 4.8233e+01	 1.0268e+00		 nan
	 nan	47.671	1.1129	 4.8262e+01	 1.0268e+00		 nan
	 nan	47.7	1.1128	 4.8291e+01	 1.0268e+00		 nan
	 nan	47.729	1.113	 4.8320e+01	 1.0268e+00		 nan
	 nan	47.758	1.113	 4.8349e+01	 1.0267e+00		 nan
	 nan	47.787	1.113	 4.8378e+01	 1.0267e+00		 nan
	 nan	47.816	1.1132	 4.8407e+01	 1.0267e+00		 nan
	 nan	47.845	1.1131	 4.8436e+01	 1.0266e+00		 nan
	 nan	47.873	1.1133	 4.8465e+01	 1.0266e+00		 nan
	 nan	47.902	1.1133	 4.8494e+01	 1.0265e+00		 nan
	 nan	47.931	1.1135	 4.8523e+01	 1.0265e+00		 nan
	 nan	47.96	1.1136	 4.8552e+01	 1.0264e+00		 nan
	 nan	47.989	1.1137	 4.8581e+01	 1.0264e+00		 nan
	 nan	48.018	1.1138	 4.8610e+01	 1.0264e+00		 nan
	 nan	48.047	1.1139	 4.8639e+01	 1.0263e+00		 nan
	 nan	48.076	1.1141	 4.8668e+01	 1.0264e+00		 nan
	 nan	48.105	1.1141	 4.8697e+01	 1.0263e+00		 nan
	 nan	48.133	1.1144	 4.8726e+01	 1.0263e+00		 nan
	 nan	48.162	1.1145	 4.8755e+01	 1.0263e+00		 nan
	 nan	48.191	1.1147	 4.8784e+01	 1.0263e+00		 nan
	 nan	48.22	1.115	 4.8813e+01	 1.0263e+00		 nan
	 nan	48.249	1.1151	 4.8842e+01	 1.0263e+00		 nan
	 nan	48.278	1.1154	 4.8871e+01	 1.0264e+00		 nan
	 nan	48.307	1.1154	 4.8900e+01	 1.0264e+00		 nan
	 nan	48.336	1.1157	 4.8929e+01	 1.0265e+00		 nan
	 nan	48.364	1.1158	 4.8958e+01	 1.0265e+00		 nan
	 nan	48.393	1.116	 4.8986e+01	 1.0265e+00		 nan
	 nan	48.422	1.1161	 4.9016e+01	 1.0266e+00		 nan
	 nan	48.451	1.1162	 4.9044e+01	 1.0266e+00		 nan
	 nan	48.48	1.1164	 4.9073e+01	 1.0267e+00		 nan
	 nan	48.509	1.1164	 4.9102e+01	 1.0267e+00		 nan
	 nan	48.538	1.1166	 4.9131e+01	 1.0268e+00		 nan
	 nan	48.567	1.1166	 4.9160e+01	 1.0268e+00		 nan
	 nan	48.596	1.1167	 4.9189e+01	 1.0269e+00		 nan
	 nan	48.624	1.1167	 4.9218e+01	 1.0269e+00		 nan
	 nan	48.653	1.1167	 4.9247e+01	 1.0270e+00		 nan
	 nan	48.682	1.1169	 4.9276e+01	 1.0270e+00		 nan
	 nan	48.711	1.1168	 4.9305e+01	 1.0270e+00		 nan
	 nan	48.74	1.117	 4.9334e+01	 1.0271e+00		 nan
	 nan	48.769	1.1169	 4.9363e+01	 1.0270e+00		 nan
	 nan	48.798	1.1171	 4.9392e+01	 1.0271e+00		 nan
	 nan	48.827	1.1172	 4.9421e+01	 1.0271e+00		 nan
	 nan	48.856	1.1172	 4.9450e+01	 1.0271e+00		 nan
	 nan	48.885	1.1174	 4.9479e+01	 1.0271e+00		 nan
	 nan	48.913	1.1174	 4.9508e+01	 1.0271e+00		 nan
	 nan	48.942	1.1177	 4.9537e+01	 1.0271e+00		 nan
	 nan	48.971	1.1178	 4.9566e+01	 1.0271e+00		 nan
	 nan	49.0	1.118	 4.9595e+01	 1.0271e+00		 nan
	 nan	49.029	1.1182	 4.9623e+01	 1.0271e+00		 nan
	 nan	49.058	1.1183	 4.9653e+01	 1.0271e+00		 nan
	 nan	49.087	1.1185	 4.9681e+01	 1.0272e+00		 nan
	 nan	49.115	1.1186	 4.9710e+01	 1.0272e+00		 nan
	 nan	49.144	1.1189	 4.9739e+01	 1.0273e+00		 nan
	 nan	49.173	1.119	 4.9768e+01	 1.0272e+00		 nan
	 nan	49.202	1.1193	 4.9797e+01	 1.0273e+00		 nan
	 nan	49.231	1.1195	 4.9826e+01	 1.0273e+00		 nan
	 nan	49.26	1.1196	 4.9855e+01	 1.0274e+00		 nan
	 nan	49.289	1.1199	 4.9884e+01	 1.0274e+00		 nan
	 nan	49.318	1.1199	 4.9913e+01	 1.0274e+00		 nan
	 nan	49.347	1.1201	 4.9942e+01	 1.0275e+00		 nan
	 nan	49.376	1.1201	 4.9971e+01	 1.0275e+00		 nan
	 nan	49.404	1.1203	 5.0000e+01	 1.0276e+00		 nan
	 nan	49.433	1.1203	 5.0029e+01	 1.0277e+00		 nan
	 nan	49.462	1.1204	 5.0057e+01	 1.0277e+00		 nan
	 nan	49.491	1.1205	 5.0086e+01	 1.0278e+00		 nan
	 nan	49.52	1.1205	 5.0115e+01	 1.0278e+00		 nan
	 nan	49.549	1.1207	 5.0144e+01	 1.0280e+00		 nan
	 nan	49.578	1.1207	 5.0173e+01	 1.0280e+00		 nan
	 nan	49.606	1.1208	 5.0202e+01	 1.0281e+00		 nan
	 nan	49.635	1.1209	 5.0231e+01	 1.0281e+00		 nan
	 nan	49.664	1.121	 5.0260e+01	 1.0282e+00		 nan
	 nan	49.693	1.1212	 5.0289e+01	 1.0282e+00		 nan
	 nan	49.722	1.1212	 5.0318e+01	 1.0283e+00		 nan
	 nan	49.751	1.1214	 5.0346e+01	 1.0284e+00		 nan
	 nan	49.78	1.1213	 5.0375e+01	 1.0283e+00		 nan
	 nan	49.808	1.1215	 5.0404e+01	 1.0284e+00		 nan
	 nan	49.837	1.1215	 5.0433e+01	 1.0284e+00		 nan
	 nan	49.866	1.1216	 5.0462e+01	 1.0285e+00		 nan
	 nan	49.895	1.1217	 5.0491e+01	 1.0285e+00		 nan
	 nan	49.924	1.1217	 5.0520e+01	 1.0285e+00		 nan
	 nan	49.953	1.1218	 5.0548e+01	 1.0285e+00		 nan
	 nan	49.981	1.1218	 5.0577e+01	 1.0285e+00		 nan
	 nan	50.01	1.122	 5.0606e+01	 1.0285e+00		 nan
	 nan	50.039	1.122	 5.0635e+01	 1.0285e+00		 nan
	 nan	50.068	1.1221	 5.0664e+01	 1.0285e+00		 nan
	 nan	50.097	1.1222	 5.0693e+01	 1.0285e+00		 nan
	 nan	50.126	1.1222	 5.0721e+01	 1.0285e+00		 nan
	 nan	50.154	1.1224	 5.0750e+01	 1.0285e+00		 nan
	 nan	50.183	1.1224	 5.0779e+01	 1.0285e+00		 nan
	 nan	50.212	1.1226	 5.0808e+01	 1.0286e+00		 nan
	 nan	50.241	1.1227	 5.0837e+01	 1.0285e+00		 nan
	 nan	50.27	1.1228	 5.0866e+01	 1.0286e+00		 nan
	 nan	50.298	1.123	 5.0894e+01	 1.0286e+00		 nan
	 nan	50.327	1.123	 5.0923e+01	 1.0286e+00		 nan
	 nan	50.356	1.1232	 5.0952e+01	 1.0287e+00		 nan
	 nan	50.385	1.1232	 5.0981e+01	 1.0287e+00		 nan
	 nan	50.413	1.1234	 5.1010e+01	 1.0288e+00		 nan
	 nan	50.442	1.1235	 5.1038e+01	 1.0288e+00		 nan
	 nan	50.471	1.1236	 5.1067e+01	 1.0289e+00		 nan
	 nan	50.5	1.1238	 5.1096e+01	 1.0290e+00		 nan
	 nan	50.529	1.1238	 5.1125e+01	 1.0290e+00		 nan
	 nan	50.557	1.124	 5.1154e+01	 1.0291e+00		 nan
	 nan	50.586	1.1239	 5.1182e+01	 1.0291e+00		 nan
	 nan	50.615	1.1241	 5.1211e+01	 1.0293e+00		 nan
	 nan	50.644	1.124	 5.1240e+01	 1.0293e+00		 nan
	 nan	50.672	1.1241	 5.1269e+01	 1.0294e+00		 nan
	 nan	50.701	1.1241	 5.1297e+01	 1.0294e+00		 nan
	 nan	50.73	1.1241	 5.1326e+01	 1.0294e+00		 nan
	 nan	50.759	1.1242	 5.1355e+01	 1.0295e+00		 nan
	 nan	50.788	1.1241	 5.1383e+01	 1.0295e+00		 nan
	 nan	50.816	1.1242	 5.1412e+01	 1.0296e+00		 nan
	 nan	50.845	1.1241	 5.1441e+01	 1.0296e+00		 nan
	 nan	50.874	1.1242	 5.1470e+01	 1.0297e+00		 nan
	 nan	50.902	1.1242	 5.1498e+01	 1.0297e+00		 nan
	 nan	50.931	1.1241	 5.1527e+01	 1.0297e+00		 nan
	 nan	50.96	1.1242	 5.1556e+01	 1.0298e+00		 nan
	 nan	50.989	1.1241	 5.1584e+01	 1.0297e+00		 nan
	 nan	51.017	1.1243	 5.1613e+01	 1.0298e+00		 nan
	 nan	51.046	1.1242	 5.1642e+01	 1.0298e+00		 nan
	 nan	51.075	1.1243	 5.1670e+01	 1.0298e+00		 nan
	 nan	51.103	1.1244	 5.1699e+01	 1.0298e+00		 nan
	 nan	51.132	1.1244	 5.1728e+01	 1.0298e+00		 nan
	 nan	51.161	1.1246	 5.1756e+01	 1.0299e+00		 nan
	 nan	51.189	1.1245	 5.1785e+01	 1.0298e+00		 nan
	 nan	51.218	1.1248	 5.1814e+01	 1.0299e+00		 nan
	 nan	51.247	1.1247	 5.1842e+01	 1.0298e+00		 nan
	 nan	51.275	1.1249	 5.1871e+01	 1.0299e+00		 nan
	 nan	51.304	1.125	 5.1899e+01	 1.0298e+00		 nan
	 nan	51.333	1.125	 5.1928e+01	 1.0298e+00		 nan
	 nan	51.361	1.1252	 5.1957e+01	 1.0299e+00		 nan
	 nan	51.39	1.1251	 5.1985e+01	 1.0298e+00		 nan
	 nan	51.418	1.1253	 5.2014e+01	 1.0299e+00		 nan
	 nan	51.447	1.1253	 5.2042e+01	 1.0299e+00		 nan
	 nan	51.476	1.1254	 5.2071e+01	 1.0299e+00		 nan
	 nan	51.504	1.1254	 5.2099e+01	 1.0299e+00		 nan
	 nan	51.533	1.1254	 5.2128e+01	 1.0300e+00		 nan
	 nan	51.561	1.1255	 5.2157e+01	 1.0300e+00		 nan
	 nan	51.59	1.1254	 5.2185e+01	 1.0300e+00		 nan
	 nan	51.619	1.1256	 5.2214e+01	 1.0301e+00		 nan
	 nan	51.647	1.1255	 5.2242e+01	 1.0301e+00		 nan
	 nan	51.676	1.1256	 5.2271e+01	 1.0302e+00		 nan
	 nan	51.704	1.1256	 5.2299e+01	 1.0302e+00		 nan
	 nan	51.733	1.1257	 5.2328e+01	 1.0302e+00		 nan
	 nan	51.761	1.1258	 5.2356e+01	 1.0302e+00		 nan
	 nan	51.79	1.1257	 5.2385e+01	 1.0302e+00		 nan
	 nan	51.819	1.1259	 5.2413e+01	 1.0303e+00		 nan
	 nan	51.847	1.1258	 5.2442e+01	 1.0303e+00		 nan
	 nan	51.876	1.1259	 5.2470e+01	 1.0303e+00		 nan
	 nan	51.904	1.1259	 5.2499e+01	 1.0303e+00		 nan
	 nan	51.933	1.126	 5.2527e+01	 1.0303e+00		 nan
	 nan	51.961	1.1261	 5.2556e+01	 1.0303e+00		 nan
	 nan	51.99	1.1261	 5.2584e+01	 1.0303e+00		 nan
	 nan	52.018	1.1263	 5.2612e+01	 1.0304e+00		 nan
	 nan	52.047	1.1263	 5.2641e+01	 1.0303e+00		 nan
	 nan	52.075	1.1265	 5.2669e+01	 1.0304e+00		 nan
	 nan	52.103	1.1266	 5.2697e+01	 1.0303e+00		 nan
	 nan	52.132	1.1268	 5.2726e+01	 1.0304e+00		 nan
	 nan	52.16	1.127	 5.2754e+01	 1.0304e+00		 nan
	 nan	52.189	1.1272	 5.2783e+01	 1.0304e+00		 nan
	 nan	52.217	1.1275	 5.2811e+01	 1.0305e+00		 nan
	 nan	52.246	1.1276	 5.2839e+01	 1.0305e+00		 nan
	 nan	52.274	1.1279	 5.2868e+01	 1.0306e+00		 nan
	 nan	52.302	1.1281	 5.2896e+01	 1.0306e+00		 nan
	 nan	52.331	1.1283	 5.2924e+01	 1.0307e+00		 nan
	 nan	52.359	1.1286	 5.2953e+01	 1.0308e+00		 nan
	 nan	52.388	1.1287	 5.2981e+01	 1.0308e+00		 nan
	 nan	52.416	1.129	 5.3009e+01	 1.0310e+00		 nan
	 nan	52.444	1.1291	 5.3038e+01	 1.0310e+00		 nan
	 nan	52.473	1.1294	 5.3066e+01	 1.0311e+00		 nan
	 nan	52.501	1.1295	 5.3094e+01	 1.0312e+00		 nan
	 nan	52.529	1.1297	 5.3123e+01	 1.0313e+00		 nan
	 nan	52.558	1.1299	 5.3151e+01	 1.0313e+00		 nan
	 nan	52.586	1.13	 5.3179e+01	 1.0314e+00		 nan
	 nan	52.614	1.1302	 5.3207e+01	 1.0315e+00		 nan
	 nan	52.643	1.1302	 5.3236e+01	 1.0315e+00		 nan
	 nan	52.671	1.1305	 5.3264e+01	 1.0316e+00		 nan
	 nan	52.699	1.1305	 5.3292e+01	 1.0316e+00		 nan
	 nan	52.728	1.1307	 5.3320e+01	 1.0317e+00		 nan
	 nan	52.756	1.1308	 5.3348e+01	 1.0317e+00		 nan
	 nan	52.784	1.1309	 5.3377e+01	 1.0318e+00		 nan
	 nan	52.812	1.1312	 5.3405e+01	 1.0318e+00		 nan
	 nan	52.841	1.1312	 5.3433e+01	 1.0318e+00		 nan
	 nan	52.869	1.1315	 5.3461e+01	 1.0318e+00		 nan
	 nan	52.897	1.1315	 5.3489e+01	 1.0318e+00		 nan
	 nan	52.925	1.1318	 5.3517e+01	 1.0318e+00		 nan
	 nan	52.954	1.1319	 5.3545e+01	 1.0317e+00		 nan
	 nan	52.982	1.1321	 5.3574e+01	 1.0317e+00		 nan
	 nan	53.01	1.1324	 5.3602e+01	 1.0317e+00		 nan
	 nan	53.038	1.1324	 5.3630e+01	 1.0316e+00		 nan
	 nan	53.066	1.1327	 5.3658e+01	 1.0316e+00		 nan
	 nan	53.094	1.1328	 5.3686e+01	 1.0315e+00		 nan
	 nan	53.123	1.133	 5.3714e+01	 1.0315e+00		 nan
	 nan	53.151	1.1332	 5.3742e+01	 1.0314e+00		 nan
	 nan	53.179	1.1333	 5.3770e+01	 1.0314e+00		 nan
	 nan	53.207	1.1335	 5.3798e+01	 1.0314e+00		 nan
	 nan	53.235	1.1335	 5.3826e+01	 1.0313e+00		 nan
	 nan	53.263	1.1337	 5.3854e+01	 1.0313e+00		 nan
	 nan	53.291	1.1337	 5.3882e+01	 1.0312e+00		 nan
	 nan	53.319	1.1338	 5.3910e+01	 1.0313e+00		 nan
	 nan	53.347	1.1338	 5.3938e+01	 1.0312e+00		 nan
	 nan	53.376	1.1339	 5.3966e+01	 1.0312e+00		 nan
	 nan	53.404	1.1339	 5.3994e+01	 1.0312e+00		 nan
	 nan	53.432	1.1338	 5.4022e+01	 1.0312e+00		 nan
	 nan	53.46	1.134	 5.4049e+01	 1.0313e+00		 nan
	 nan	53.488	1.1338	 5.4077e+01	 1.0312e+00		 nan
	 nan	53.516	1.1339	 5.4105e+01	 1.0313e+00		 nan
	 nan	53.544	1.1338	 5.4133e+01	 1.0313e+00		 nan
	 nan	53.572	1.1338	 5.4161e+01	 1.0314e+00		 nan
	 nan	53.599	1.1338	 5.4189e+01	 1.0314e+00		 nan
	 nan	53.627	1.1337	 5.4217e+01	 1.0314e+00		 nan
	 nan	53.655	1.1337	 5.4244e+01	 1.0315e+00		 nan
	 nan	53.683	1.1335	 5.4272e+01	 1.0315e+00		 nan
	 nan	53.711	1.1336	 5.4300e+01	 1.0315e+00		 nan
	 nan	53.739	1.1334	 5.4328e+01	 1.0315e+00		 nan
	 nan	53.767	1.1334	 5.4355e+01	 1.0316e+00		 nan
	 nan	53.795	1.1334	 5.4383e+01	 1.0316e+00		 nan
	 nan	53.823	1.1332	 5.4411e+01	 1.0316e+00		 nan
	 nan	53.851	1.1333	 5.4439e+01	 1.0316e+00		 nan
	 nan	53.879	1.1332	 5.4466e+01	 1.0316e+00		 nan
	 nan	53.907	1.1332	 5.4494e+01	 1.0316e+00		 nan
	 nan	53.934	1.1332	 5.4522e+01	 1.0316e+00		 nan
	 nan	53.962	1.1333	 5.4549e+01	 1.0316e+00		 nan
	 nan	53.99	1.1333	 5.4577e+01	 1.0316e+00		 nan
	 nan	54.018	1.1333	 5.4605e+01	 1.0315e+00		 nan
	 nan	54.045	1.1335	 5.4632e+01	 1.0316e+00		 nan
	 nan	54.073	1.1335	 5.4660e+01	 1.0315e+00		 nan
	 nan	54.101	1.1338	 5.4687e+01	 1.0315e+00		 nan
	 nan	54.129	1.1338	 5.4715e+01	 1.0314e+00		 nan
	 nan	54.157	1.134	 5.4742e+01	 1.0314e+00		 nan
	 nan	54.184	1.1342	 5.4770e+01	 1.0314e+00		 nan
	 nan	54.212	1.1343	 5.4798e+01	 1.0314e+00		 nan
	 nan	54.24	1.1345	 5.4825e+01	 1.0314e+00		 nan
	 nan	54.267	1.1346	 5.4853e+01	 1.0314e+00		 nan
	 nan	54.295	1.1349	 5.4880e+01	 1.0315e+00		 nan
	 nan	54.323	1.1349	 5.4908e+01	 1.0314e+00		 nan
	 nan	54.35	1.1351	 5.4935e+01	 1.0315e+00		 nan
	 nan	54.378	1.1353	 5.4962e+01	 1.0315e+00		 nan
	 nan	54.406	1.1353	 5.4990e+01	 1.0315e+00		 nan
	 nan	54.433	1.1356	 5.5017e+01	 1.0316e+00		 nan
	 nan	54.461	1.1357	 5.5045e+01	 1.0316e+00		 nan
	 nan	54.488	1.1359	 5.5072e+01	 1.0317e+00		 nan
	 nan	54.516	1.136	 5.5099e+01	 1.0317e+00		 nan
	 nan	54.543	1.1363	 5.5127e+01	 1.0318e+00		 nan
	 nan	54.571	1.1365	 5.5154e+01	 1.0319e+00		 nan
	 nan	54.598	1.1367	 5.5181e+01	 1.0319e+00		 nan
	 nan	54.626	1.137	 5.5209e+01	 1.0320e+00		 nan
	 nan	54.653	1.1371	 5.5236e+01	 1.0320e+00		 nan
	 nan	54.681	1.1374	 5.5263e+01	 1.0321e+00		 nan
	 nan	54.708	1.1376	 5.5291e+01	 1.0322e+00		 nan
	 nan	54.736	1.1378	 5.5318e+01	 1.0323e+00		 nan
	 nan	54.763	1.138	 5.5345e+01	 1.0323e+00		 nan
	 nan	54.79	1.1382	 5.5372e+01	 1.0324e+00		 nan
	 nan	54.818	1.1384	 5.5399e+01	 1.0325e+00		 nan
	 nan	54.845	1.1385	 5.5427e+01	 1.0325e+00		 nan
	 nan	54.872	1.1387	 5.5454e+01	 1.0326e+00		 nan
	 nan	54.9	1.1388	 5.5481e+01	 1.0326e+00		 nan
	 nan	54.927	1.139	 5.5508e+01	 1.0328e+00		 nan
	 nan	54.954	1.1391	 5.5535e+01	 1.0328e+00		 nan
	 nan	54.982	1.1392	 5.5562e+01	 1.0329e+00		 nan
	 nan	55.009	1.1393	 5.5589e+01	 1.0329e+00		 nan
	 nan	55.036	1.1393	 5.5616e+01	 1.0330e+00		 nan
	 nan	55.063	1.1395	 5.5643e+01	 1.0331e+00		 nan
	 nan	55.091	1.1394	 5.5670e+01	 1.0331e+00		 nan
	 nan	55.118	1.1396	 5.5697e+01	 1.0331e+00		 nan
	 nan	55.145	1.1396	 5.5724e+01	 1.0331e+00		 nan
	 nan	55.172	1.1396	 5.5751e+01	 1.0332e+00		 nan
	 nan	55.2	1.1397	 5.5778e+01	 1.0332e+00		 nan
	 nan	55.227	1.1396	 5.5805e+01	 1.0332e+00		 nan
	 nan	55.254	1.1398	 5.5832e+01	 1.0332e+00		 nan
	 nan	55.281	1.1397	 5.5859e+01	 1.0331e+00		 nan
	 nan	55.308	1.1398	 5.5886e+01	 1.0332e+00		 nan
	 nan	55.335	1.1397	 5.5913e+01	 1.0331e+00		 nan
	 nan	55.362	1.1397	 5.5939e+01	 1.0331e+00		 nan
	 nan	55.389	1.1398	 5.5966e+01	 1.0332e+00		 nan
	 nan	55.416	1.1397	 5.5993e+01	 1.0331e+00		 nan
	 nan	55.443	1.1398	 5.6020e+01	 1.0332e+00		 nan
	 nan	55.47	1.1397	 5.6047e+01	 1.0331e+00		 nan
	 nan	55.497	1.1398	 5.6073e+01	 1.0332e+00		 nan
	 nan	55.524	1.1399	 5.6100e+01	 1.0332e+00		 nan
	 nan	55.551	1.14	 5.6127e+01	 1.0332e+00		 nan
	 nan	55.578	1.1401	 5.6153e+01	 1.0333e+00		 nan
	 nan	55.605	1.1401	 5.6180e+01	 1.0333e+00		 nan
	 nan	55.632	1.1404	 5.6207e+01	 1.0334e+00		 nan
	 nan	55.659	1.1404	 5.6233e+01	 1.0333e+00		 nan
	 nan	55.685	1.1407	 5.6260e+01	 1.0334e+00		 nan
	 nan	55.712	1.1408	 5.6286e+01	 1.0334e+00		 nan
	 nan	55.739	1.1409	 5.6313e+01	 1.0334e+00		 nan
	 nan	55.766	1.1411	 5.6339e+01	 1.0334e+00		 nan
	 nan	55.793	1.1412	 5.6366e+01	 1.0334e+00		 nan
	 nan	55.819	1.1415	 5.6392e+01	 1.0334e+00		 nan
	 nan	55.846	1.1416	 5.6419e+01	 1.0334e+00		 nan
	 nan	55.873	1.1419	 5.6445e+01	 1.0335e+00		 nan
	 nan	55.9	1.142	 5.6472e+01	 1.0334e+00		 nan
	 nan	55.926	1.1421	 5.6498e+01	 1.0335e+00		 nan
	 nan	55.953	1.1423	 5.6525e+01	 1.0335e+00		 nan
	 nan	55.98	1.1424	 5.6551e+01	 1.0334e+00		 nan
	 nan	56.006	1.1427	 5.6577e+01	 1.0335e+00		 nan
	 nan	56.033	1.1427	 5.6604e+01	 1.0334e+00		 nan
	 nan	56.059	1.143	 5.6630e+01	 1.0335e+00		 nan
	 nan	56.086	1.143	 5.6656e+01	 1.0335e+00		 nan
	 nan	56.113	1.1432	 5.6682e+01	 1.0335e+00		 nan
	 nan	56.139	1.1433	 5.6709e+01	 1.0335e+00		 nan
	 nan	56.166	1.1433	 5.6735e+01	 1.0335e+00		 nan
	 nan	56.192	1.1435	 5.6761e+01	 1.0336e+00		 nan
	 nan	56.219	1.1434	 5.6787e+01	 1.0336e+00		 nan
	 nan	56.245	1.1436	 5.6813e+01	 1.0337e+00		 nan
	 nan	56.272	1.1436	 5.6840e+01	 1.0336e+00		 nan
	 nan	56.298	1.1436	 5.6866e+01	 1.0337e+00		 nan
	 nan	56.324	1.1437	 5.6892e+01	 1.0338e+00		 nan
	 nan	56.351	1.1436	 5.6918e+01	 1.0338e+00		 nan
	 nan	56.377	1.1438	 5.6944e+01	 1.0339e+00		 nan
	 nan	56.403	1.1437	 5.6970e+01	 1.0339e+00		 nan
	 nan	56.43	1.1439	 5.6996e+01	 1.0340e+00		 nan
	 nan	56.456	1.1438	 5.7022e+01	 1.0341e+00		 nan
	 nan	56.482	1.1439	 5.7048e+01	 1.0342e+00		 nan
	 nan	56.508	1.144	 5.7074e+01	 1.0343e+00		 nan
	 nan	56.535	1.1441	 5.7100e+01	 1.0343e+00		 nan
	 nan	56.561	1.1443	 5.7126e+01	 1.0345e+00		 nan
	 nan	56.587	1.1443	 5.7151e+01	 1.0345e+00		 nan
	 nan	56.613	1.1445	 5.7177e+01	 1.0347e+00		 nan
	 nan	56.639	1.1445	 5.7203e+01	 1.0347e+00		 nan
	 nan	56.665	1.1447	 5.7229e+01	 1.0348e+00		 nan
	 nan	56.691	1.1448	 5.7255e+01	 1.0349e+00		 nan
	 nan	56.717	1.145	 5.7280e+01	 1.0350e+00		 nan
	 nan	56.743	1.1452	 5.7306e+01	 1.0351e+00		 nan
	 nan	56.769	1.1452	 5.7332e+01	 1.0352e+00		 nan
	 nan	56.795	1.1455	 5.7357e+01	 1.0353e+00		 nan
	 nan	56.821	1.1455	 5.7383e+01	 1.0354e+00		 nan
	 nan	56.847	1.1457	 5.7409e+01	 1.0355e+00		 nan
	 nan	56.873	1.1459	 5.7434e+01	 1.0356e+00		 nan
	 nan	56.899	1.146	 5.7460e+01	 1.0357e+00		 nan
	 nan	56.925	1.1461	 5.7485e+01	 1.0357e+00		 nan
	 nan	56.951	1.1462	 5.7511e+01	 1.0358e+00		 nan
	 nan	56.977	1.1464	 5.7536e+01	 1.0359e+00		 nan
	 nan	57.002	1.1464	 5.7562e+01	 1.0359e+00		 nan
	 nan	57.028	1.1466	 5.7587e+01	 1.0359e+00		 nan
	 nan	57.054	1.1466	 5.7613e+01	 1.0359e+00		 nan
	 nan	57.08	1.1467	 5.7638e+01	 1.0360e+00		 nan
	 nan	57.105	1.1469	 5.7663e+01	 1.0360e+00		 nan
	 nan	57.131	1.1468	 5.7689e+01	 1.0360e+00		 nan
	 nan	57.157	1.147	 5.7714e+01	 1.0361e+00		 nan
	 nan	57.182	1.1469	 5.7739e+01	 1.0360e+00		 nan
	 nan	57.208	1.1471	 5.7764e+01	 1.0360e+00		 nan
	 nan	57.234	1.1471	 5.7790e+01	 1.0360e+00		 nan
	 nan	57.259	1.1471	 5.7815e+01	 1.0360e+00		 nan
	 nan	57.285	1.1472	 5.7840e+01	 1.0360e+00		 nan
	 nan	57.31	1.1472	 5.7865e+01	 1.0359e+00		 nan
	 nan	57.336	1.1474	 5.7890e+01	 1.0359e+00		 nan
	 nan	57.361	1.1474	 5.7916e+01	 1.0358e+00		 nan
	 nan	57.387	1.1476	 5.7941e+01	 1.0359e+00		 nan
	 nan	57.412	1.1477	 5.7966e+01	 1.0358e+00		 nan
	 nan	57.438	1.1478	 5.7991e+01	 1.0358e+00		 nan
	 nan	57.463	1.1479	 5.8016e+01	 1.0357e+00		 nan
	 nan	57.489	1.148	 5.8041e+01	 1.0357e+00		 nan
	 nan	57.514	1.1482	 5.8066e+01	 1.0357e+00		 nan
	 nan	57.539	1.1483	 5.8090e+01	 1.0356e+00		 nan
	 nan	57.565	1.1485	 5.8115e+01	 1.0356e+00		 nan
	 nan	57.59	1.1486	 5.8140e+01	 1.0355e+00		 nan
	 nan	57.615	1.1488	 5.8165e+01	 1.0355e+00		 nan
	 nan	57.64	1.149	 5.8190e+01	 1.0355e+00		 nan
	 nan	57.665	1.1491	 5.8214e+01	 1.0355e+00		 nan
	 nan	57.69	1.1494	 5.8239e+01	 1.0355e+00		 nan
	 nan	57.715	1.1495	 5.8264e+01	 1.0354e+00		 nan
	 nan	57.741	1.1498	 5.8288e+01	 1.0355e+00		 nan
	 nan	57.766	1.1499	 5.8313e+01	 1.0355e+00		 nan
	 nan	57.791	1.1501	 5.8338e+01	 1.0355e+00		 nan
	 nan	57.816	1.1502	 5.8362e+01	 1.0355e+00		 nan
	 nan	57.841	1.1503	 5.8387e+01	 1.0356e+00		 nan
	 nan	57.866	1.1505	 5.8411e+01	 1.0356e+00		 nan
	 nan	57.891	1.1505	 5.8436e+01	 1.0357e+00		 nan
	 nan	57.916	1.1508	 5.8460e+01	 1.0358e+00		 nan
	 nan	57.94	1.1508	 5.8485e+01	 1.0358e+00		 nan
	 nan	57.965	1.1509	 5.8509e+01	 1.0359e+00		 nan
	 nan	57.99	1.151	 5.8534e+01	 1.0359e+00		 nan
	 nan	58.015	1.151	 5.8558e+01	 1.0360e+00		 nan
	 nan	58.04	1.1512	 5.8582e+01	 1.0361e+00		 nan
	 nan	58.064	1.1512	 5.8606e+01	 1.0361e+00		 nan
	 nan	58.089	1.1513	 5.8631e+01	 1.0363e+00		 nan
	 nan	58.114	1.1512	 5.8655e+01	 1.0363e+00		 nan
	 nan	58.138	1.1512	 5.8679e+01	 1.0364e+00		 nan
	 nan	58.163	1.1511	 5.8703e+01	 1.0364e+00		 nan
	 nan	58.188	1.151	 5.8727e+01	 1.0365e+00		 nan
	 nan	58.212	1.1509	 5.8752e+01	 1.0366e+00		 nan
	 nan	58.237	1.1506	 5.8776e+01	 1.0366e+00		 nan
	 nan	58.261	1.1506	 5.8800e+01	 1.0368e+00		 nan
	 nan	58.285	1.1503	 5.8824e+01	 1.0368e+00		 nan
	 nan	58.31	1.1502	 5.8848e+01	 1.0369e+00		 nan
	 nan	58.334	1.1501	 5.8872e+01	 1.0369e+00		 nan
	 nan	58.359	1.15	 5.8896e+01	 1.0369e+00		 nan
	 nan	58.383	1.1499	 5.8919e+01	 1.0370e+00		 nan
	 nan	58.407	1.1497	 5.8943e+01	 1.0370e+00		 nan
	 nan	58.432	1.1498	 5.8967e+01	 1.0370e+00		 nan
	 nan	58.456	1.1496	 5.8991e+01	 1.0370e+00		 nan
	 nan	58.48	1.1496	 5.9015e+01	 1.0370e+00		 nan
	 nan	58.505	1.1496	 5.9038e+01	 1.0370e+00		 nan
	 nan	58.529	1.1496	 5.9062e+01	 1.0370e+00		 nan
	 nan	58.553	1.1497	 5.9086e+01	 1.0370e+00		 nan
	 nan	58.577	1.1496	 5.9109e+01	 1.0370e+00		 nan
	 nan	58.601	1.1497	 5.9133e+01	 1.0370e+00		 nan
	 nan	58.625	1.1497	 5.9157e+01	 1.0369e+00		 nan
	 nan	58.649	1.1499	 5.9180e+01	 1.0370e+00		 nan
	 nan	58.673	1.15	 5.9203e+01	 1.0369e+00		 nan
	 nan	58.697	1.1501	 5.9227e+01	 1.0369e+00		 nan
	 nan	58.721	1.1504	 5.9250e+01	 1.0369e+00		 nan
	 nan	58.745	1.1505	 5.9274e+01	 1.0369e+00		 nan
	 nan	58.769	1.1508	 5.9297e+01	 1.0369e+00		 nan
	 nan	58.793	1.1509	 5.9320e+01	 1.0369e+00		 nan
	 nan	58.816	1.1512	 5.9344e+01	 1.0369e+00		 nan
	 nan	58.84	1.1514	 5.9367e+01	 1.0369e+00		 nan
	 nan	58.864	1.1517	 5.9390e+01	 1.0369e+00		 nan
	 nan	58.888	1.152	 5.9413e+01	 1.0369e+00		 nan
	 nan	58.911	1.1521	 5.9436e+01	 1.0369e+00		 nan
	 nan	58.935	1.1525	 5.9459e+01	 1.0370e+00		 nan
	 nan	58.959	1.1526	 5.9482e+01	 1.0370e+00		 nan
	 nan	58.982	1.1529	 5.9505e+01	 1.0371e+00		 nan
	 nan	59.006	1.1531	 5.9528e+01	 1.0371e+00		 nan
	 nan	59.029	1.1532	 5.9551e+01	 1.0371e+00		 nan
	 nan	59.053	1.1534	 5.9574e+01	 1.0371e+00		 nan
	 nan	59.076	1.1535	 5.9597e+01	 1.0372e+00		 nan
	 nan	59.099	1.1537	 5.9620e+01	 1.0372e+00		 nan
	 nan	59.123	1.1537	 5.9643e+01	 1.0372e+00		 nan
	 nan	59.146	1.1539	 5.9666e+01	 1.0372e+00		 nan
	 nan	59.17	1.1539	 5.9688e+01	 1.0372e+00		 nan
	 nan	59.193	1.154	 5.9711e+01	 1.0372e+00		 nan
	 nan	59.216	1.154	 5.9734e+01	 1.0372e+00		 nan
	 nan	59.239	1.154	 5.9756e+01	 1.0372e+00		 nan
	 nan	59.262	1.1541	 5.9779e+01	 1.0372e+00		 nan
	 nan	59.286	1.154	 5.9801e+01	 1.0372e+00		 nan
	 nan	59.309	1.1541	 5.9824e+01	 1.0372e+00		 nan
	 nan	59.332	1.1541	 5.9847e+01	 1.0371e+00		 nan
	 nan	59.355	1.1542	 5.9869e+01	 1.0371e+00		 nan
	 nan	59.378	1.1542	 5.9892e+01	 1.0371e+00		 nan
	 nan	59.401	1.1542	 5.9914e+01	 1.0371e+00		 nan
	 nan	59.424	1.1542	 5.9936e+01	 1.0371e+00		 nan
	 nan	59.447	1.1542	 5.9959e+01	 1.0371e+00		 nan
	 nan	59.469	1.1543	 5.9981e+01	 1.0371e+00		 nan
	 nan	59.492	1.1542	 6.0003e+01	 1.0371e+00		 nan
	 nan	59.515	1.1543	 6.0025e+01	 1.0371e+00		 nan
	 nan	59.538	1.1544	 6.0047e+01	 1.0371e+00		 nan
	 nan	59.561	1.1544	 6.0069e+01	 1.0371e+00		 nan
	 nan	59.583	1.1545	 6.0092e+01	 1.0372e+00		 nan
	 nan	59.606	1.1544	 6.0114e+01	 1.0372e+00		 nan
	 nan	59.629	1.1546	 6.0136e+01	 1.0373e+00		 nan
	 nan	59.651	1.1546	 6.0157e+01	 1.0373e+00		 nan
	 nan	59.674	1.1547	 6.0179e+01	 1.0373e+00		 nan
	 nan	59.696	1.1547	 6.0201e+01	 1.0374e+00		 nan
	 nan	59.719	1.1548	 6.0223e+01	 1.0374e+00		 nan
	 nan	59.741	1.1549	 6.0245e+01	 1.0375e+00		 nan
	 nan	59.764	1.1548	 6.0267e+01	 1.0376e+00		 nan
	 nan	59.786	1.155	 6.0288e+01	 1.0377e+00		 nan
	 nan	59.808	1.155	 6.0310e+01	 1.0377e+00		 nan
	 nan	59.831	1.155	 6.0332e+01	 1.0378e+00		 nan
	 nan	59.853	1.155	 6.0353e+01	 1.0379e+00		 nan
	 nan	59.875	1.155	 6.0375e+01	 1.0380e+00		 nan
	 nan	59.897	1.1551	 6.0396e+01	 1.0380e+00		 nan
	 nan	59.919	1.155	 6.0418e+01	 1.0381e+00		 nan
	 nan	59.941	1.1551	 6.0439e+01	 1.0382e+00		 nan
	 nan	59.963	1.155	 6.0460e+01	 1.0382e+00		 nan
	 nan	59.985	1.1551	 6.0482e+01	 1.0383e+00		 nan
	 nan	60.007	1.1551	 6.0503e+01	 1.0383e+00		 nan
	 nan	60.029	1.1551	 6.0524e+01	 1.0384e+00		 nan
	 nan	60.051	1.1552	 6.0545e+01	 1.0384e+00		 nan
	 nan	60.073	1.1551	 6.0567e+01	 1.0384e+00		 nan
	 nan	60.094	1.1553	 6.0588e+01	 1.0385e+00		 nan
	 nan	60.116	1.1552	 6.0609e+01	 1.0385e+00		 nan
	 nan	60.138	1.1554	 6.0630e+01	 1.0386e+00		 nan
	 nan	60.16	1.1554	 6.0651e+01	 1.0386e+00		 nan
	 nan	60.181	1.1555	 6.0672e+01	 1.0386e+00		 nan
	 nan	60.203	1.1556	 6.0693e+01	 1.0387e+00		 nan
	 nan	60.224	1.1557	 6.0714e+01	 1.0387e+00		 nan
	 nan	60.246	1.1559	 6.0734e+01	 1.0388e+00		 nan
	 nan	60.267	1.1559	 6.0755e+01	 1.0388e+00		 nan
	 nan	60.289	1.1561	 6.0776e+01	 1.0388e+00		 nan
	 nan	60.31	1.1561	 6.0796e+01	 1.0388e+00		 nan
	 nan	60.331	1.1563	 6.0817e+01	 1.0389e+00		 nan
	 nan	60.353	1.1564	 6.0838e+01	 1.0390e+00		 nan
	 nan	60.374	1.1565	 6.0858e+01	 1.0390e+00		 nan
	 nan	60.395	1.1567	 6.0879e+01	 1.0391e+00		 nan
	 nan	60.416	1.1568	 6.0899e+01	 1.0391e+00		 nan
	 nan	60.438	1.1571	 6.0919e+01	 1.0392e+00		 nan
	 nan	60.459	1.1572	 6.0940e+01	 1.0392e+00		 nan
	 nan	60.48	1.1573	 6.0960e+01	 1.0393e+00		 nan
	 nan	60.501	1.1575	 6.0980e+01	 1.0394e+00		 nan
	 nan	60.522	1.1576	 6.1001e+01	 1.0394e+00		 nan
	 nan	60.543	1.1579	 6.1021e+01	 1.0395e+00		 nan
	 nan	60.563	1.1579	 6.1041e+01	 1.0395e+00		 nan
	 nan	60.584	1.1582	 6.1061e+01	 1.0396e+00		 nan
	 nan	60.605	1.1582	 6.1081e+01	 1.0396e+00		 nan
	 nan	60.626	1.1584	 6.1101e+01	 1.0396e+00		 nan
	 nan	60.647	1.1585	 6.1121e+01	 1.0397e+00		 nan
	 nan	60.667	1.1585	 6.1141e+01	 1.0397e+00		 nan
	 nan	60.688	1.1587	 6.1161e+01	 1.0398e+00		 nan
	 nan	60.708	1.1587	 6.1180e+01	 1.0397e+00		 nan
	 nan	60.729	1.1588	 6.1200e+01	 1.0398e+00		 nan
	 nan	60.749	1.1588	 6.1220e+01	 1.0398e+00		 nan
	 nan	60.77	1.1588	 6.1239e+01	 1.0398e+00		 nan
	 nan	60.79	1.1589	 6.1259e+01	 1.0398e+00		 nan
	 nan	60.811	1.1588	 6.1278e+01	 1.0398e+00		 nan
	 nan	60.831	1.1589	 6.1298e+01	 1.0398e+00		 nan
	 nan	60.851	1.1588	 6.1317e+01	 1.0397e+00		 nan
	 nan	60.871	1.1588	 6.1337e+01	 1.0397e+00		 nan
	 nan	60.891	1.1588	 6.1356e+01	 1.0396e+00		 nan
	 nan	60.911	1.1588	 6.1375e+01	 1.0396e+00		 nan
	 nan	60.932	1.1587	 6.1395e+01	 1.0395e+00		 nan
	 nan	60.952	1.1587	 6.1414e+01	 1.0395e+00		 nan
	 nan	60.971	1.1587	 6.1433e+01	 1.0395e+00		 nan
	 nan	60.991	1.1586	 6.1452e+01	 1.0394e+00		 nan
	 nan	61.011	1.1587	 6.1471e+01	 1.0394e+00		 nan
	 nan	61.031	1.1586	 6.1490e+01	 1.0394e+00		 nan
	 nan	61.051	1.1587	 6.1509e+01	 1.0394e+00		 nan
	 nan	61.071	1.1586	 6.1528e+01	 1.0393e+00		 nan
	 nan	61.09	1.1586	 6.1547e+01	 1.0393e+00		 nan
	 nan	61.11	1.1587	 6.1566e+01	 1.0394e+00		 nan
	 nan	61.13	1.1587	 6.1584e+01	 1.0393e+00		 nan
	 nan	61.149	1.1588	 6.1603e+01	 1.0394e+00		 nan
	 nan	61.169	1.1587	 6.1622e+01	 1.0393e+00		 nan
	 nan	61.188	1.1588	 6.1640e+01	 1.0394e+00		 nan
	 nan	61.207	1.1589	 6.1659e+01	 1.0394e+00		 nan
	 nan	61.227	1.1589	 6.1677e+01	 1.0394e+00		 nan
	 nan	61.246	1.159	 6.1696e+01	 1.0395e+00		 nan
	 nan	61.265	1.159	 6.1714e+01	 1.0395e+00		 nan
	 nan	61.285	1.1592	 6.1733e+01	 1.0395e+00		 nan
	 nan	61.304	1.1592	 6.1751e+01	 1.0395e+00		 nan
	 nan	61.323	1.1593	 6.1769e+01	 1.0396e+00		 nan
	 nan	61.342	1.1594	 6.1787e+01	 1.0396e+00		 nan
	 nan	61.361	1.1595	 6.1805e+01	 1.0397e+00		 nan
	 nan	61.38	1.1597	 6.1824e+01	 1.0397e+00		 nan
	 nan	61.399	1.1597	 6.1842e+01	 1.0398e+00		 nan
	 nan	61.418	1.16	 6.1859e+01	 1.0398e+00		 nan
	 nan	61.437	1.16	 6.1877e+01	 1.0398e+00		 nan
	 nan	61.455	1.1602	 6.1895e+01	 1.0399e+00		 nan
	 nan	61.474	1.1604	 6.1913e+01	 1.0399e+00		 nan
	 nan	61.493	1.1605	 6.1931e+01	 1.0399e+00		 nan
	 nan	61.511	1.1607	 6.1949e+01	 1.0400e+00		 nan
	 nan	61.53	1.1608	 6.1966e+01	 1.0400e+00		 nan
	 nan	61.548	1.161	 6.1984e+01	 1.0400e+00		 nan
	 nan	61.567	1.161	 6.2001e+01	 1.0400e+00		 nan
	 nan	61.585	1.1612	 6.2019e+01	 1.0401e+00		 nan
	 nan	61.604	1.1613	 6.2036e+01	 1.0400e+00		 nan
	 nan	61.622	1.1614	 6.2054e+01	 1.0401e+00		 nan
	 nan	61.64	1.1616	 6.2071e+01	 1.0401e+00		 nan
	 nan	61.658	1.1616	 6.2088e+01	 1.0400e+00		 nan
	 nan	61.676	1.1618	 6.2106e+01	 1.0401e+00		 nan
	 nan	61.694	1.1618	 6.2123e+01	 1.0400e+00		 nan
	 nan	61.712	1.1619	 6.2140e+01	 1.0401e+00		 nan
	 nan	61.73	1.1619	 6.2157e+01	 1.0400e+00		 nan
	 nan	61.748	1.162	 6.2174e+01	 1.0400e+00		 nan
	 nan	61.766	1.162	 6.2191e+01	 1.0400e+00		 nan
	 nan	61.784	1.162	 6.2208e+01	 1.0400e+00		 nan
	 nan	61.802	1.1621	 6.2225e+01	 1.0401e+00		 nan
	 nan	61.82	1.1621	 6.2242e+01	 1.0400e+00		 nan
	 nan	61.837	1.1621	 6.2258e+01	 1.0401e+00		 nan
	 nan	61.855	1.1621	 6.2275e+01	 1.0400e+00		 nan
	 nan	61.872	1.1621	 6.2292e+01	 1.0401e+00		 nan
	 nan	61.89	1.1622	 6.2308e+01	 1.0401e+00		 nan
	 nan	61.907	1.1622	 6.2325e+01	 1.0401e+00		 nan
	 nan	61.925	1.1623	 6.2342e+01	 1.0401e+00		 nan
	 nan	61.942	1.1623	 6.2358e+01	 1.0401e+00		 nan
	 nan	61.959	1.1624	 6.2374e+01	 1.0401e+00		 nan
	 nan	61.977	1.1624	 6.2391e+01	 1.0401e+00		 nan
	 nan	61.994	1.1625	 6.2407e+01	 1.0401e+00		 nan
	 nan	62.011	1.1626	 6.2423e+01	 1.0401e+00		 nan
	 nan	62.028	1.1626	 6.2439e+01	 1.0401e+00		 nan
	 nan	62.045	1.1628	 6.2456e+01	 1.0402e+00		 nan
	 nan	62.062	1.1628	 6.2472e+01	 1.0402e+00		 nan
	 nan	62.079	1.163	 6.2488e+01	 1.0402e+00		 nan
	 nan	62.096	1.163	 6.2504e+01	 1.0402e+00		 nan
	 nan	62.113	1.1632	 6.2520e+01	 1.0403e+00		 nan
	 nan	62.129	1.1633	 6.2535e+01	 1.0403e+00		 nan
	 nan	62.146	1.1634	 6.2551e+01	 1.0403e+00		 nan
	 nan	62.163	1.1635	 6.2567e+01	 1.0403e+00		 nan
	 nan	62.179	1.1636	 6.2583e+01	 1.0403e+00		 nan
	 nan	62.196	1.1637	 6.2598e+01	 1.0403e+00		 nan
	 nan	62.212	1.1638	 6.2614e+01	 1.0402e+00		 nan
	 nan	62.229	1.1639	 6.2629e+01	 1.0402e+00		 nan
	 nan	62.245	1.1639	 6.2645e+01	 1.0402e+00		 nan
	 nan	62.262	1.164	 6.2660e+01	 1.0402e+00		 nan
	 nan	62.278	1.1641	 6.2676e+01	 1.0402e+00		 nan
	 nan	62.294	1.1641	 6.2691e+01	 1.0401e+00		 nan
	 nan	62.31	1.1642	 6.2706e+01	 1.0401e+00		 nan
	 nan	62.327	1.1641	 6.2721e+01	 1.0400e+00		 nan
	 nan	62.343	1.1642	 6.2736e+01	 1.0400e+00		 nan
	 nan	62.359	1.1642	 6.2752e+01	 1.0400e+00		 nan
	 nan	62.375	1.1641	 6.2767e+01	 1.0399e+00		 nan
	 nan	62.391	1.1641	 6.2782e+01	 1.0399e+00		 nan
	 nan	62.406	1.164	 6.2797e+01	 1.0399e+00		 nan
	 nan	62.422	1.1641	 6.2812e+01	 1.0399e+00		 nan
	 nan	62.438	1.1639	 6.2826e+01	 1.0398e+00		 nan
	 nan	62.454	1.1639	 6.2841e+01	 1.0399e+00		 nan
	 nan	62.469	1.1638	 6.2856e+01	 1.0399e+00		 nan
	 nan	62.485	1.1638	 6.2870e+01	 1.0399e+00		 nan
	 nan	62.501	1.1637	 6.2885e+01	 1.0399e+00		 nan
	 nan	62.516	1.1636	 6.2900e+01	 1.0399e+00		 nan
	 nan	62.532	1.1637	 6.2914e+01	 1.0400e+00		 nan
	 nan	62.547	1.1636	 6.2928e+01	 1.0400e+00		 nan
	 nan	62.562	1.1636	 6.2943e+01	 1.0401e+00		 nan
	 nan	62.578	1.1635	 6.2957e+01	 1.0401e+00		 nan
	 nan	62.593	1.1635	 6.2971e+01	 1.0402e+00		 nan
	 nan	62.608	1.1636	 6.2986e+01	 1.0402e+00		 nan
	 nan	62.623	1.1636	 6.3000e+01	 1.0403e+00		 nan
	 nan	62.638	1.1637	 6.3014e+01	 1.0404e+00		 nan
	 nan	62.653	1.1636	 6.3028e+01	 1.0405e+00		 nan
	 nan	62.668	1.1637	 6.3042e+01	 1.0406e+00		 nan
	 nan	62.683	1.1638	 6.3056e+01	 1.0406e+00		 nan
	 nan	62.698	1.1639	 6.3070e+01	 1.0407e+00		 nan
	 nan	62.713	1.1639	 6.3084e+01	 1.0408e+00		 nan
	 nan	62.728	1.164	 6.3098e+01	 1.0409e+00		 nan
	 nan	62.742	1.1641	 6.3111e+01	 1.0410e+00		 nan
	 nan	62.757	1.1641	 6.3125e+01	 1.0410e+00		 nan
	 nan	62.772	1.1643	 6.3139e+01	 1.0411e+00		 nan
	 nan	62.786	1.1643	 6.3152e+01	 1.0412e+00		 nan
	 nan	62.8	1.1644	 6.3166e+01	 1.0412e+00		 nan
	 nan	62.815	1.1645	 6.3179e+01	 1.0413e+00		 nan
	 nan	62.829	1.1646	 6.3193e+01	 1.0413e+00		 nan
	 nan	62.844	1.1648	 6.3206e+01	 1.0413e+00		 nan
	 nan	62.858	1.1649	 6.3219e+01	 1.0413e+00		 nan
	 nan	62.872	1.1651	 6.3233e+01	 1.0414e+00		 nan
	 nan	62.886	1.1653	 6.3246e+01	 1.0413e+00		 nan
	 nan	62.9	1.1654	 6.3259e+01	 1.0414e+00		 nan
	 nan	62.914	1.1656	 6.3272e+01	 1.0413e+00		 nan
	 nan	62.928	1.1658	 6.3285e+01	 1.0413e+00		 nan
	 nan	62.942	1.166	 6.3298e+01	 1.0413e+00		 nan
	 nan	62.956	1.1661	 6.3311e+01	 1.0413e+00		 nan
	 nan	62.97	1.1663	 6.3324e+01	 1.0413e+00		 nan
	 nan	62.984	1.1664	 6.3337e+01	 1.0413e+00		 nan
	 nan	62.998	1.1666	 6.3349e+01	 1.0412e+00		 nan
	 nan	63.011	1.1667	 6.3362e+01	 1.0412e+00		 nan
	 nan	63.025	1.1668	 6.3375e+01	 1.0412e+00		 nan
	 nan	63.038	1.167	 6.3387e+01	 1.0412e+00		 nan
	 nan	63.052	1.167	 6.3400e+01	 1.0411e+00		 nan
	 nan	63.065	1.1671	 6.3412e+01	 1.0411e+00		 nan
	 nan	63.079	1.1671	 6.3425e+01	 1.0411e+00		 nan
	 nan	63.092	1.1671	 6.3437e+01	 1.0411e+00		 nan
	 nan	63.105	1.1671	 6.3449e+01	 1.0411e+00		 nan
	 nan	63.118	1.1671	 6.3462e+01	 1.0411e+00		 nan
	 nan	63.132	1.1671	 6.3474e+01	 1.0411e+00		 nan
	 nan	63.145	1.167	 6.3486e+01	 1.0411e+00		 nan
	 nan	63.158	1.167	 6.3498e+01	 1.0411e+00		 nan
	 nan	63.17	1.1669	 6.3510e+01	 1.0411e+00		 nan
	 nan	63.184	1.1669	 6.3522e+01	 1.0411e+00		 nan
	 nan	63.196	1.1669	 6.3534e+01	 1.0411e+00		 nan
	 nan	63.209	1.1668	 6.3546e+01	 1.0412e+00		 nan
	 nan	63.222	1.1668	 6.3558e+01	 1.0412e+00		 nan
	 nan	63.235	1.1667	 6.3569e+01	 1.0412e+00		 nan
	 nan	63.247	1.1668	 6.3581e+01	 1.0413e+00		 nan
	 nan	63.26	1.1667	 6.3593e+01	 1.0413e+00		 nan
	 nan	63.272	1.1667	 6.3604e+01	 1.0413e+00		 nan
	 nan	63.285	1.1667	 6.3616e+01	 1.0413e+00		 nan
	 nan	63.297	1.1667	 6.3627e+01	 1.0414e+00		 nan
	 nan	63.31	1.1667	 6.3639e+01	 1.0414e+00		 nan
	 nan	63.322	1.1667	 6.3650e+01	 1.0414e+00		 nan
	 nan	63.334	1.1667	 6.3661e+01	 1.0415e+00		 nan
	 nan	63.346	1.1667	 6.3673e+01	 1.0415e+00		 nan
	 nan	63.359	1.1667	 6.3684e+01	 1.0415e+00		 nan
	 nan	63.371	1.1667	 6.3695e+01	 1.0415e+00		 nan
	 nan	63.383	1.1667	 6.3706e+01	 1.0415e+00		 nan
	 nan	63.395	1.1668	 6.3717e+01	 1.0416e+00		 nan
	 nan	63.407	1.1668	 6.3728e+01	 1.0416e+00		 nan
	 nan	63.419	1.1669	 6.3739e+01	 1.0416e+00		 nan
	 nan	63.431	1.1669	 6.3750e+01	 1.0416e+00		 nan
	 nan	63.442	1.167	 6.3761e+01	 1.0417e+00		 nan
	 nan	63.454	1.167	 6.3772e+01	 1.0417e+00		 nan
	 nan	63.466	1.1671	 6.3782e+01	 1.0417e+00		 nan
	 nan	63.477	1.1673	 6.3793e+01	 1.0417e+00		 nan
	 nan	63.489	1.1674	 6.3803e+01	 1.0417e+00		 nan
	 nan	63.5	1.1675	 6.3814e+01	 1.0417e+00		 nan
	 nan	63.512	1.1676	 6.3824e+01	 1.0417e+00		 nan
	 nan	63.523	1.1678	 6.3835e+01	 1.0417e+00		 nan
	 nan	63.534	1.1679	 6.3845e+01	 1.0417e+00		 nan
	 nan	63.546	1.1681	 6.3855e+01	 1.0417e+00		 nan
	 nan	63.557	1.1682	 6.3866e+01	 1.0417e+00		 nan
	 nan	63.568	1.1683	 6.3876e+01	 1.0417e+00		 nan
	 nan	63.579	1.1685	 6.3886e+01	 1.0418e+00		 nan
	 nan	63.59	1.1685	 6.3896e+01	 1.0417e+00		 nan
	 nan	63.601	1.1687	 6.3906e+01	 1.0417e+00		 nan
	 nan	63.612	1.1687	 6.3916e+01	 1.0417e+00		 nan
	 nan	63.623	1.1688	 6.3926e+01	 1.0417e+00		 nan
	 nan	63.634	1.1689	 6.3936e+01	 1.0417e+00		 nan
	 nan	63.645	1.1689	 6.3946e+01	 1.0417e+00		 nan
	 nan	63.655	1.1689	 6.3955e+01	 1.0417e+00		 nan
	 nan	63.666	1.1689	 6.3965e+01	 1.0417e+00		 nan
	 nan	63.676	1.169	 6.3975e+01	 1.0417e+00		 nan
	 nan	63.687	1.1689	 6.3984e+01	 1.0416e+00		 nan
	 nan	63.697	1.169	 6.3994e+01	 1.0417e+00		 nan
	 nan	63.708	1.1689	 6.4003e+01	 1.0416e+00		 nan
	 nan	63.718	1.1689	 6.4013e+01	 1.0416e+00		 nan
	 nan	63.729	1.1689	 6.4022e+01	 1.0417e+00		 nan
	 nan	63.739	1.1689	 6.4031e+01	 1.0417e+00		 nan
	 nan	63.749	1.1689	 6.4040e+01	 1.0417e+00		 nan
	 nan	63.759	1.1688	 6.4049e+01	 1.0417e+00		 nan
	 nan	63.769	1.1688	 6.4058e+01	 1.0417e+00		 nan
	 nan	63.779	1.1687	 6.4068e+01	 1.0417e+00		 nan
	 nan	63.789	1.1687	 6.4077e+01	 1.0418e+00		 nan
	 nan	63.799	1.1687	 6.4085e+01	 1.0418e+00		 nan
	 nan	63.809	1.1686	 6.4094e+01	 1.0418e+00		 nan
	 nan	63.819	1.1686	 6.4103e+01	 1.0419e+00		 nan
	 nan	63.829	1.1686	 6.4112e+01	 1.0419e+00		 nan
	 nan	63.838	1.1686	 6.4121e+01	 1.0419e+00		 nan
	 nan	63.848	1.1686	 6.4129e+01	 1.0419e+00		 nan
	 nan	63.857	1.1687	 6.4138e+01	 1.0419e+00		 nan
	 nan	63.867	1.1687	 6.4147e+01	 1.0419e+00		 nan
	 nan	63.876	1.1687	 6.4155e+01	 1.0419e+00		 nan
	 nan	63.886	1.1688	 6.4163e+01	 1.0419e+00		 nan
	 nan	63.895	1.1688	 6.4172e+01	 1.0419e+00		 nan
	 nan	63.904	1.1689	 6.4180e+01	 1.0419e+00		 nan
	 nan	63.914	1.169	 6.4188e+01	 1.0419e+00		 nan
	 nan	63.923	1.1691	 6.4197e+01	 1.0419e+00		 nan
	 nan	63.932	1.1692	 6.4205e+01	 1.0419e+00		 nan
	 nan	63.941	1.1693	 6.4213e+01	 1.0419e+00		 nan
	 nan	63.95	1.1694	 6.4221e+01	 1.0419e+00		 nan
	 nan	63.959	1.1695	 6.4229e+01	 1.0419e+00		 nan
	 nan	63.968	1.1696	 6.4237e+01	 1.0419e+00		 nan
	 nan	63.977	1.1697	 6.4244e+01	 1.0418e+00		 nan
	 nan	63.986	1.1698	 6.4252e+01	 1.0418e+00		 nan
	 nan	63.994	1.17	 6.4260e+01	 1.0418e+00		 nan
	 nan	64.003	1.1701	 6.4267e+01	 1.0418e+00		 nan
	 nan	64.011	1.1702	 6.4275e+01	 1.0418e+00		 nan
	 nan	64.02	1.1703	 6.4283e+01	 1.0418e+00		 nan
	 nan	64.028	1.1704	 6.4290e+01	 1.0418e+00		 nan
	 nan	64.037	1.1705	 6.4298e+01	 1.0418e+00		 nan
	 nan	64.045	1.1706	 6.4305e+01	 1.0418e+00		 nan
	 nan	64.054	1.1707	 6.4312e+01	 1.0418e+00		 nan
	 nan	64.062	1.1707	 6.4320e+01	 1.0418e+00		 nan
	 nan	64.07	1.1708	 6.4327e+01	 1.0418e+00		 nan
	 nan	64.078	1.1709	 6.4334e+01	 1.0418e+00		 nan
	 nan	64.086	1.171	 6.4341e+01	 1.0418e+00		 nan
	 nan	64.094	1.171	 6.4348e+01	 1.0419e+00		 nan
	 nan	64.102	1.1711	 6.4355e+01	 1.0419e+00		 nan
	 nan	64.11	1.1711	 6.4362e+01	 1.0419e+00		 nan
	 nan	64.118	1.1711	 6.4369e+01	 1.0419e+00		 nan
	 nan	64.126	1.1712	 6.4376e+01	 1.0420e+00		 nan
	 nan	64.134	1.1712	 6.4382e+01	 1.0420e+00		 nan
	 nan	64.141	1.1712	 6.4389e+01	 1.0420e+00		 nan
	 nan	64.149	1.1712	 6.4396e+01	 1.0421e+00		 nan
	 nan	64.156	1.1712	 6.4402e+01	 1.0421e+00		 nan
	 nan	64.164	1.1712	 6.4409e+01	 1.0422e+00		 nan
	 nan	64.171	1.1712	 6.4415e+01	 1.0422e+00		 nan
	 nan	64.179	1.1712	 6.4421e+01	 1.0422e+00		 nan
	 nan	64.186	1.1711	 6.4428e+01	 1.0423e+00		 nan
	 nan	64.194	1.171	 6.4434e+01	 1.0423e+00		 nan
	 nan	64.201	1.171	 6.4440e+01	 1.0423e+00		 nan
	 nan	64.208	1.1709	 6.4447e+01	 1.0424e+00		 nan
	 nan	64.215	1.1709	 6.4453e+01	 1.0424e+00		 nan
	 nan	64.222	1.1708	 6.4459e+01	 1.0424e+00		 nan
	 nan	64.229	1.1708	 6.4465e+01	 1.0424e+00		 nan
	 nan	64.236	1.1708	 6.4471e+01	 1.0424e+00		 nan
	 nan	64.243	1.1708	 6.4476e+01	 1.0425e+00		 nan
	 nan	64.25	1.1708	 6.4482e+01	 1.0425e+00		 nan
	 nan	64.256	1.1708	 6.4488e+01	 1.0425e+00		 nan
	 nan	64.263	1.1708	 6.4494e+01	 1.0425e+00		 nan
	 nan	64.27	1.1708	 6.4499e+01	 1.0425e+00		 nan
	 nan	64.276	1.1709	 6.4505e+01	 1.0425e+00		 nan
	 nan	64.283	1.1709	 6.4510e+01	 1.0425e+00		 nan
	 nan	64.289	1.171	 6.4516e+01	 1.0425e+00		 nan
	 nan	64.296	1.171	 6.4521e+01	 1.0425e+00		 nan
	 nan	64.302	1.1711	 6.4526e+01	 1.0425e+00		 nan
	 nan	64.308	1.1712	 6.4532e+01	 1.0426e+00		 nan
	 nan	64.315	1.1712	 6.4537e+01	 1.0426e+00		 nan
	 nan	64.321	1.1713	 6.4542e+01	 1.0426e+00		 nan
	 nan	64.327	1.1713	 6.4547e+01	 1.0426e+00		 nan
	 nan	64.333	1.1714	 6.4552e+01	 1.0427e+00		 nan
	 nan	64.339	1.1714	 6.4557e+01	 1.0427e+00		 nan
	 nan	64.345	1.1715	 6.4562e+01	 1.0427e+00		 nan
	 nan	64.351	1.1715	 6.4567e+01	 1.0428e+00		 nan
	 nan	64.357	1.1715	 6.4572e+01	 1.0428e+00		 nan
	 nan	64.363	1.1715	 6.4577e+01	 1.0428e+00		 nan
	 nan	64.368	1.1715	 6.4581e+01	 1.0428e+00		 nan
	 nan	64.374	1.1715	 6.4586e+01	 1.0428e+00		 nan
	 nan	64.38	1.1714	 6.4591e+01	 1.0428e+00		 nan
	 nan	64.385	1.1714	 6.4595e+01	 1.0429e+00		 nan
	 nan	64.391	1.1713	 6.4600e+01	 1.0429e+00		 nan
	 nan	64.396	1.1713	 6.4604e+01	 1.0429e+00		 nan
	 nan	64.401	1.1712	 6.4608e+01	 1.0429e+00		 nan
	 nan	64.407	1.1711	 6.4612e+01	 1.0429e+00		 nan
	 nan	64.412	1.1711	 6.4617e+01	 1.0429e+00		 nan
	 nan	64.417	1.171	 6.4621e+01	 1.0428e+00		 nan
	 nan	64.422	1.171	 6.4625e+01	 1.0428e+00		 nan
	 nan	64.427	1.171	 6.4629e+01	 1.0428e+00		 nan
	 nan	64.432	1.171	 6.4633e+01	 1.0428e+00		 nan
	 nan	64.437	1.171	 6.4637e+01	 1.0427e+00		 nan
	 nan	64.442	1.1709	 6.4641e+01	 1.0427e+00		 nan
	 nan	64.447	1.171	 6.4645e+01	 1.0426e+00		 nan
	 nan	64.452	1.171	 6.4648e+01	 1.0425e+00		 nan
	 nan	64.457	1.1711	 6.4652e+01	 1.0425e+00		 nan
	 nan	64.461	1.1711	 6.4656e+01	 1.0424e+00		 nan
	 nan	64.466	1.1711	 6.4659e+01	 1.0423e+00		 nan
	 nan	64.47	1.1711	 6.4663e+01	 1.0423e+00		 nan
	 nan	64.475	1.1711	 6.4666e+01	 1.0422e+00		 nan
	 nan	64.479	1.1711	 6.4670e+01	 1.0422e+00		 nan
	 nan	64.484	1.1711	 6.4673e+01	 1.0421e+00		 nan
	 nan	64.488	1.171	 6.4676e+01	 1.0421e+00		 nan
	 nan	64.492	1.171	 6.4679e+01	 1.0421e+00		 nan
	 nan	64.496	1.1709	 6.4683e+01	 1.0420e+00		 nan
	 nan	64.5	1.1708	 6.4686e+01	 1.0420e+00		 nan
	 nan	64.504	1.1706	 6.4689e+01	 1.0420e+00		 nan
	 nan	64.508	1.1705	 6.4692e+01	 1.0420e+00		 nan
	 nan	64.512	1.1703	 6.4695e+01	 1.0420e+00		 nan
	 nan	64.516	1.1701	 6.4697e+01	 1.0420e+00		 nan
	 nan	64.52	1.17	 6.4700e+01	 1.0420e+00		 nan
	 nan	64.524	1.1698	 6.4703e+01	 1.0420e+00		 nan
	 nan	64.528	1.1696	 6.4706e+01	 1.0421e+00		 nan
	 nan	64.531	1.1694	 6.4708e+01	 1.0421e+00		 nan
	 nan	64.535	1.1692	 6.4711e+01	 1.0422e+00		 nan
	 nan	64.538	1.169	 6.4713e+01	 1.0422e+00		 nan
	 nan	64.542	1.1689	 6.4716e+01	 1.0422e+00		 nan
	 nan	64.545	1.1688	 6.4718e+01	 1.0423e+00		 nan
	 nan	64.549	1.1687	 6.4720e+01	 1.0423e+00		 nan
	 nan	64.552	1.1686	 6.4722e+01	 1.0424e+00		 nan
	 nan	64.555	1.1686	 6.4725e+01	 1.0424e+00		 nan
	 nan	64.558	1.1686	 6.4727e+01	 1.0425e+00		 nan
	 nan	64.561	1.1686	 6.4729e+01	 1.0425e+00		 nan
	 nan	64.564	1.1686	 6.4731e+01	 1.0426e+00		 nan
	 nan	64.567	1.1686	 6.4733e+01	 1.0426e+00		 nan
	 nan	64.57	1.1686	 6.4735e+01	 1.0427e+00		 nan
	 nan	64.573	1.1687	 6.4736e+01	 1.0427e+00		 nan
	 nan	64.576	1.1688	 6.4738e+01	 1.0427e+00		 nan
	 nan	64.579	1.1689	 6.4740e+01	 1.0428e+00		 nan
	 nan	64.581	1.169	 6.4742e+01	 1.0428e+00		 nan
	 nan	64.584	1.1691	 6.4743e+01	 1.0429e+00		 nan
	 nan	64.587	1.1693	 6.4745e+01	 1.0429e+00		 nan
	 nan	64.589	1.1694	 6.4746e+01	 1.0429e+00		 nan
	 nan	64.591	1.1696	 6.4748e+01	 1.0429e+00		 nan
	 nan	64.594	1.1697	 6.4749e+01	 1.0429e+00		 nan
	 nan	64.596	1.1698	 6.4750e+01	 1.0429e+00		 nan
	 nan	64.599	1.1699	 6.4751e+01	 1.0429e+00		 nan
	 nan	64.601	1.17	 6.4752e+01	 1.0429e+00		 nan
	 nan	64.603	1.1701	 6.4754e+01	 1.0429e+00		 nan
	 nan	64.605	1.1701	 6.4755e+01	 1.0428e+00		 nan
	 nan	64.607	1.1702	 6.4756e+01	 1.0428e+00		 nan
	 nan	64.609	1.1702	 6.4757e+01	 1.0428e+00		 nan
	 nan	64.611	1.1703	 6.4757e+01	 1.0427e+00		 nan
	 nan	64.613	1.1703	 6.4758e+01	 1.0427e+00		 nan
	 nan	64.615	1.1703	 nan	 nan		 nan
	 nan	64.616	1.1703	 nan	 nan		 nan
	 nan	64.618	1.1704	 nan	 nan		 nan
	 nan	64.62	1.1704	 nan	 nan		 nan
	 nan	64.621	1.1705	 nan	 nan		 nan
	 nan	64.623	1.1706	 nan	 nan		 nan
	 nan	64.624	1.1706	 nan	 nan		 nan
	 nan	64.625	1.1708	 nan	 nan		 nan
	 nan	64.627	1.1709	 nan	 nan		 nan
	 nan	64.628	1.1711	 nan	 nan		 nan
	 nan	64.629	1.1713	 nan	 nan		 nan
	 nan	64.63	1.1716	 nan	 nan		 nan
	 nan	64.631	1.1719	 nan	 nan		 nan
	 nan	64.632	1.1722	 nan	 nan		 nan
	 nan	64.633	1.1726	 nan	 nan		 nan
	 nan	64.634	1.1729	 nan	 nan		 nan
	 nan	64.635	1.1733	 nan	 nan		 nan
	 nan	64.636	1.1736	 nan	 nan		 nan
							 nan
							 nan
							 nan
							 nan
							 nan
							 nan
							 nan
							 nan
							 nan
							 nan
							 nan
							 nan
							 nan
							 nan
							 nan
							 nan
							 nan
							 nan
							 nan
							 nan
							 nan
							 nan
							 nan
							 nan
							 nan
							 nan
							 nan
							 nan
							 nan
							 nan
							 nan
							 nan
							 nan
							 nan
							 nan
							 nan
							 nan
							 nan
							 nan
							 nan
							 nan
							 nan
							 nan
							 nan
							 nan
							 nan
							 nan
							 nan
							 nan
							 nan
							 nan
							 nan
							 nan
							 nan
							 nan
							 nan
							 nan
							 nan
							 nan
							 nan
							 nan
							 nan
							 nan
							 nan
							 nan
							 nan
							 nan
							 nan
							 nan
							 nan
							 nan
							 nan
							 nan
							 nan
							 nan
							 nan
							 nan
							 nan
							 nan
							 nan
							 nan
							 nan
							 nan
							 nan
							 nan
							 nan
							 nan
							 nan
							 nan
							 nan
							 nan
							 nan
							 nan
							 nan
							 nan
							 nan
							 nan
							 nan
							 nan
							 nan
							 nan
							 nan
							 nan
							 nan
							 nan
							 nan
							 nan
							 nan
							 nan
							 nan
							 nan
							 nan
							 nan
							 nan
							 nan
							 nan
							 nan
							 nan
							 nan
							 nan
							 nan
							 nan
							 nan
							 nan
							 nan
							 nan
							 nan
							 nan
							 nan
							 nan
							 nan
							 nan
							 nan
							 nan
							 nan
							 nan
							 nan
							 nan
							 nan
							 nan
							 nan
							 nan
							 nan
							 nan
							 nan
							 nan
							 nan
							 nan
							 nan
							 nan
							 nan
							 nan
							 nan
							 nan
							 nan
							 nan
							 nan
							 nan
							 nan
							 nan
							 nan
							 nan
							 nan
							 nan
							 nan
							 nan
							 nan
							 nan
							 nan
							 nan
							 nan
							 nan
							 nan
							 nan
							 nan
							 nan
							 nan
							 nan
							 nan
							 nan
							 nan
							 nan
							 nan
							 nan
							 nan
							 nan
							 nan
							 nan
							 nan
							 nan
							 nan
							 nan
							 nan
							 nan
							 nan
							 nan
							 nan
							 nan
							 nan
							 nan
							 nan
							 nan
							 nan
							 nan
							 nan
							 nan
							 nan
							 nan
							 nan
							 nan
							 nan
							 nan
							 nan
							 nan
							 nan
							 nan
							 nan
							 nan
							 nan
							 nan
							 nan
							 nan
							 nan
							 nan
							 nan
							 nan
							 nan
							 nan
							 nan
							 nan
							 nan
							 nan
							 nan
							 nan
							 nan
							 nan
							 nan
							 nan
							 nan
							 nan
							 nan
							 nan
							 nan
							 nan
							 nan
							 nan
							 nan
							 nan
							 nan
							 nan
							 nan
							 nan
							 nan
							 nan
							 nan
							 nan
							 nan
							 nan
							 nan
							 nan
							 nan
							 nan
							 nan
							 nan
							 nan
							 nan
							 nan
							 nan
							 nan
							 nan
							 nan
							 nan
							 nan
							 nan
							 nan
							 nan
							 nan
							 nan
							 nan
							 nan
							 nan
							 nan
							 nan
							 nan
							 nan
							 nan
							 nan
							 nan
							 nan
							 nan
							 nan
							 nan
							 nan
							 nan
							 nan
							 nan
							 nan
							 nan
							 nan
							 nan
							 nan
							 nan
							 nan
							 nan
							 nan
							 nan
							 nan
							 nan
							 nan
							 nan
							 nan
							 nan
							 nan
							 nan
							 nan
							 nan
							 nan
							 nan
							 nan
							 nan
							 nan
							 nan
							 nan
							 nan
							 nan
							 nan
							 nan
							 nan
							 nan
							 nan
							 nan
							 nan
							 nan
							 nan
							 nan
							 nan
							 nan
							 nan
							 nan
							 nan
							 nan
							 nan
							 nan
							 nan
							 nan
							 nan
							 nan
							 nan
							 nan
							 nan
							 nan
							 nan
							 nan
							 nan
							 nan
							 nan
							 nan
							 nan
							 nan
							 nan
							 nan
							 nan
							 nan
							 nan
							 nan
							 nan
							 nan
							 nan
							 nan
							 nan
							 nan
							 nan
							 nan
							 nan
							 nan
							 nan
							 nan
							 nan
							 nan
							 nan
							 nan
							 nan
							 nan
							 nan
							 nan
							 nan
							 nan
							 nan
							 nan
							 nan
							 nan
							 nan
							 nan
							 nan
							 nan
							 nan
							 nan
							 nan
							 nan
							 nan
							 nan
							 nan
							 nan
							 nan
							 nan
							 nan
							 nan
							 nan
							 nan
							 nan
							 nan
							 nan
							 nan
							 nan
							 nan
							 nan
							 nan
							 nan
							 nan
							 nan
							 nan
							 nan
							 nan
							 nan
							 nan
							 nan
							 nan
							 nan
							 nan
							 nan
							 nan
							 nan
							 nan
							 nan
							 nan
							 nan
							 nan
							 nan
							 nan
							 nan
							 nan
							 nan
							 nan
							 nan
							 nan
							 nan
							 nan
							 nan
							 nan
							 nan
							 nan
							 nan
							 nan
							 nan
							 nan
							 nan
							 nan
							 nan
							 nan
							 nan
							 nan
							 nan
							 nan
							 nan
							 nan
							 nan
							 nan
							 nan
							 nan
							 nan
							 nan
							 nan
							 nan
							 nan
							 nan
							 nan
							 nan
							 nan
							 nan
							 nan
							 nan
							 nan
							 nan
							 nan
							 nan
							 nan
							 nan
							 nan
							 nan
							 nan
							 nan
							 nan
							 nan
							 nan
							 nan
							 nan
							 nan
							 nan
							 nan
							 nan
							 nan
							 nan
							 nan
							 nan
							 nan
							 nan
							 nan
							 nan
							 nan
							 nan
							 nan
							 nan
							 nan
							 nan
							 nan
							 nan
							 nan
							 nan
							 nan
							 nan
							 nan
							 nan
							 nan
							 nan
							 nan
							 nan
							 nan
							 nan
							 nan
							 nan
							 nan
							 nan
							 nan
							 nan
							 nan
							 nan
							 nan
							 nan
							 nan
							 nan
							 nan
							 nan
							 nan
							 nan
							 nan
							 nan
							 nan
							 nan
							 nan
							 nan
							 nan
							 nan
							 nan
							 nan
							 nan
							 nan
							 nan
							 nan
							 nan
							 nan
							 nan
							 nan
							 nan
							 nan
							 nan
							 nan
							 nan
							 nan
							 nan
							 nan
							 nan
							 nan
							 nan
							 nan
							 nan
							 nan
							 nan
							 nan
							 nan
							 nan
							 nan
							 nan
							 nan
							 nan
							 nan
							 nan
							 nan
							 nan
							 nan
							 nan
							 nan
							 nan
							 nan
							 nan
							 nan
							 nan
							 nan
							 nan
							 nan
							 nan
							 nan
							 nan
							 nan
							 nan
							 nan
							 nan
							 nan
							 nan
							 nan
							 nan
							 nan
							 nan
							 nan
							 nan
							 nan
							 nan
							 nan
							 nan
							 nan
							 nan
							 nan
							 nan
							 nan
							 nan
							 nan
							 nan
							 nan
							 nan
							 nan
							 nan
							 nan
							 nan
							 nan
							 nan
							 nan
							 nan
							 nan
							 nan
							 nan
							 nan
							 nan
							 nan
							 nan
							 nan
							 nan
							 nan
							 nan
							 nan
							 nan
							 nan
							 nan
							 nan
							 nan
							 nan
							 nan
							 nan
							 nan
							 nan
							 nan
							 nan
							 nan
							 nan
							 nan
							 nan
							 nan
							 nan
							 nan
							 nan
							 nan
							 nan
							 nan
							 nan
							 nan
							 nan
							 nan
							 nan
							 nan
							 nan
							 nan
							 nan
							 nan
							 nan
							 nan
							 nan
							 nan
							 nan
							 nan
							 nan
							 nan
							 nan
							 nan
							 nan
							 nan
							 nan
							 nan
							 nan
							 nan
							 nan
							 nan
							 nan
							 nan
							 nan
							 nan
							 nan
							 nan
							 nan
							 nan
							 nan
							 nan
							 nan
							 nan
							 nan
							 nan
							 nan
							 nan
							 nan
							 nan
							 nan
							 nan
							 nan
							 nan
							 nan
							 nan
							 nan
							 nan
							 nan
							 nan
							 nan
							 nan
							 nan
							 nan
							 nan
							 nan
							 nan
							 nan
							 nan
							 nan
							 nan
							 nan
							 nan
							 nan
							 nan
							 nan
							 nan
							 nan
							 nan
							 nan
							 nan
							 nan
							 nan
							 nan
							 nan
							 nan
							 nan
							 nan
							 nan
							 nan
							 nan
							 nan
							 nan
							 nan
							 nan
							 nan
							 nan
							 nan
							 nan
							 nan
							 nan
							 nan
							 nan
							 nan
							 nan
							 nan
							 nan
							 nan
							 nan
							 nan
							 nan
							 nan
							 nan
							 nan
							 nan
							 nan
							 nan
							 nan
							 nan
							 nan
							 nan
							 nan
							 nan
							 nan
							 nan
							 nan
							 nan
							 nan
							 nan
							 nan
							 nan
							 nan
							 nan
							 nan
							 nan
							 nan
							 nan
							 nan
							 nan
							 nan
							 nan
							 nan
							 nan
							 nan
							 nan
							 nan
							 nan
							 nan
							 nan
							 nan
							 nan
							 nan
							 nan
							 nan
							 nan
							 nan
							 nan
							 nan
							 nan
							 nan
							 nan
							 nan
							 nan
							 nan
							 nan
							 nan
							 nan
							 nan
							 nan
							 nan
							 nan
							 nan
							 nan
							 nan
							 nan
							 nan
							 nan
							 nan
							 nan
							 nan
							 nan
							 nan
							 nan
							 nan
							 nan
							 nan
							 nan
							 nan
							 nan
							 nan
							 nan
							 nan
							 nan
							 nan
							 nan
							 nan
							 nan
							 nan
							 nan
							 nan
							 nan
							 nan
							 nan
							 nan
							 nan
							 nan
							 nan
							 nan
							 nan
							 nan
							 nan
							 nan
							 nan
							 nan
							 nan
							 nan
							 nan
							 nan
							 nan
							 nan
							 nan
							 nan
							 nan
							 nan
							 nan
							 nan
							 nan
							 nan
							 nan
							 nan
							 nan
							 nan
							 nan
							 nan
							 nan
							 nan
							 nan
							 nan
							 nan
							 nan
							 nan
							 nan
							 nan
							 nan
							 nan
							 nan
							 nan
							 nan
							 nan
							 nan
							 nan
							 nan
							 nan
							 nan
							 nan
							 nan
							 nan
							 nan
							 nan
							 nan
							 nan
							 nan
							 nan
							 nan
							 nan
							 nan
							 nan
							 nan
							 nan
							 nan
							 nan
							 nan
							 nan
							 nan
							 nan
							 nan
							 nan
							 nan
							 nan
							 nan
							 nan
							 nan
							 nan
							 nan
							 nan
							 nan
							 nan
							 nan
							 nan
							 nan
							 nan
							 nan
							 nan
							 nan
							 nan
							 nan
							 nan
							 nan
							 nan
							 nan
							 nan
							 nan
							 nan
							 nan
							 nan
							 nan
							 nan
							 nan
							 nan
							 nan
							 nan
							 nan
							 nan
							 nan
							 nan
							 nan
							 nan
							 nan
							 nan
							 nan
							 nan
							 nan
							 nan
							 nan
							 nan
							 nan
							 nan
							 nan
							 nan
							 nan
							 nan
							 nan
							 nan
							 nan
							 nan
							 nan
							 nan
							 nan
							 nan
							 nan
							 nan
							 nan
							 nan
							 nan
							 nan
							 nan
							 nan
							 nan
							 nan
							 nan
							 nan
							 nan
							 nan
							 nan
							 nan
							 nan
							 nan
							 nan
							 nan
							 nan
							 nan
							 nan
							 nan
							 nan
							 nan
							 nan
							 nan
							 nan
							 nan
							 nan
							 nan
							 nan
							 nan
							 nan
							 nan
							 nan
							 nan
							 nan
							 nan
							 nan
							 nan
							 nan
							 nan
							 nan
							 nan
							 nan
							 nan
							 nan
							 nan
							 nan
							 nan
							 nan
							 nan
							 nan
							 nan
							 nan
							 nan
							 nan
							 nan
							 nan
							 nan
							 nan
							 nan
							 nan
							 nan
							 nan
							 nan
							 nan
							 nan
							 nan
							 nan
							 nan
							 nan
							 nan
							 nan
							 nan
							 nan
							 nan
							 nan
							 nan
							 nan
							 nan
							 nan
							 nan
							 nan
							 nan
							 nan
							 nan
							 nan
							 nan
							 nan
							 nan
							 nan
							 nan
							 nan
							 nan
							 nan
							 nan
							 nan
							 nan
							 nan
							 nan
							 nan
							 nan
							 nan
							 nan
							 nan
							 nan
							 nan
							 nan
							 nan
							 nan
							 nan
							 nan
							 nan
							 nan
							 nan
							 nan
							 nan
							 nan
							 nan
							 nan
							 nan
							 nan
							 nan
							 nan
							 nan
							 nan
							 nan
							 nan
							 nan
							 nan
							 nan
							 nan
							 nan
							 nan
							 nan
							 nan
							 nan
							 nan
							 nan
							 nan
							 nan
							 nan
							 nan
							 nan
							 nan
							 nan
							 nan
							 nan
							 nan
							 nan
							 nan
							 nan
							 nan
							 nan
							 nan
							 nan
							 nan
							 nan
							 nan
							 nan
							 nan
							 nan
							 nan
							 nan
							 nan
							 nan
							 nan
							 nan
							 nan
							 nan
							 nan
							 nan
							 nan
							 nan
							 nan
							 nan
							 nan
							 nan
							 nan
							 nan
							 nan
							 nan
							 nan
							 nan
							 nan
							 nan
							 nan
							 nan
							 nan
							 nan
							 nan
							 nan
							 nan
							 nan
							 nan
							 nan
							 nan
							 nan
							 nan
							 nan
							 nan
							 nan
							 nan
							 nan
							 nan
							 nan
							 nan
							 nan
							 nan
							 nan
							 nan
							 nan
							 nan
							 nan
							 nan
							 nan
							 nan
							 nan
							 nan
							 nan
							 nan
							 nan
							 nan
							 nan
							 nan
							 nan
							 nan
							 nan
							 nan
							 nan
							 nan
							 nan
							 nan
							 nan
							 nan
							 nan
							 nan
							 nan
							 nan
							 nan
							 nan
							 nan
							 nan
							 nan
							 nan
							 nan
							 nan
							 nan
							 nan
							 nan
							 nan
							 nan
							 nan
							 nan
							 nan
							 nan
							 nan
							 nan
							 nan
							 nan
							 nan
							 nan
							 nan
							 nan
							 nan
							 nan
							 nan
							 nan
							 nan
							 nan
							 nan
							 nan
							 nan
							 nan
							 nan
							 nan
							 nan
							 nan
							 nan
							 nan
							 nan
							 nan
							 nan
							 nan
							 nan
							 nan
							 nan
							 nan
							 nan
							 nan
							 nan
							 nan
							 nan
							 nan
							 nan
							 nan
							 nan
							 nan
							 nan
							 nan
							 nan
							 nan
							 nan
							 nan
							 nan
							 nan
							 nan
							 nan
							 nan
							 nan
							 nan
							 nan
							 nan
							 nan
							 nan
							 nan
							 nan
							 nan
							 nan
							 nan
							 nan
							 nan
							 nan
							 nan
							 nan
							 nan
							 nan
							 nan
							 nan
							 nan
							 nan
							 nan
							 nan
							 nan
							 nan
							 nan
							 nan
							 nan
							 nan
							 nan
							 nan
							 nan
							 nan
							 nan
							 nan
							 nan
							 nan
							 nan
							 nan
							 nan
