B_4K	rho_4K	B_40K	rho_40K	B_80K	rho_80K	B_Nd_30K	rho_Nd_30K
13.406	 9.0745e-01	0.1026	1.0009	 1.0006e-01	 9.9997e-01	 8.4879e+01	 1.1598e+00
13.415	 9.0960e-01	0.10271	1.0003	 1.0019e-01	 9.9997e-01	 8.4878e+01	 1.1600e+00
13.425	 9.1018e-01	0.10282	1.001	 1.0033e-01	 9.9991e-01	 8.4877e+01	 1.1601e+00
13.435	 9.1152e-01	0.10293	1.0006	 1.0047e-01	 9.9991e-01	 8.4876e+01	 1.1601e+00
13.445	 9.1274e-01	0.10304	1.0007	 1.0061e-01	 9.9991e-01	 8.4876e+01	 1.1599e+00
13.454	 9.1105e-01	0.10315	1.0005	 1.0075e-01	 9.9993e-01	 8.4875e+01	 1.1593e+00
13.464	 9.1373e-01	0.10326	0.99989	 1.0089e-01	 9.9999e-01	 8.4874e+01	 1.1586e+00
13.474	 9.1251e-01	0.10337	1.0011	 1.0103e-01	 1.0001e+00	 8.4873e+01	 1.1579e+00
13.484	 9.1518e-01	0.10348	0.99963	 1.0117e-01	 1.0002e+00	 8.4872e+01	 1.1574e+00
13.493	 9.1419e-01	0.10359	1.0	 1.0131e-01	 1.0002e+00	 8.4871e+01	 1.1572e+00
13.503	 9.1518e-01	0.10371	0.99959	 1.0145e-01	 1.0001e+00	 8.4870e+01	 1.1571e+00
13.513	 9.1617e-01	0.10382	1.001	 1.0159e-01	 1.0000e+00	 8.4869e+01	 1.1572e+00
13.523	 9.1698e-01	0.10393	1.0008	 1.0174e-01	 9.9999e-01	 8.4867e+01	 1.1570e+00
13.532	 9.1983e-01	0.10404	1.0004	 1.0188e-01	 9.9999e-01	 8.4866e+01	 1.1567e+00
13.542	 9.1838e-01	0.10415	1.0007	 1.0202e-01	 9.9999e-01	 8.4865e+01	 1.1560e+00
13.552	 9.2001e-01	0.10426	0.99956	 1.0217e-01	 1.0000e+00	 8.4864e+01	 1.1553e+00
13.562	 9.1942e-01	0.10437	1.0008	 1.0231e-01	 9.9995e-01	 8.4862e+01	 1.1547e+00
13.572	 9.2216e-01	0.10448	0.99989	 1.0246e-01	 9.9995e-01	 8.4861e+01	 1.1543e+00
13.581	 9.2134e-01	0.1046	1.0007	 1.0261e-01	 9.9997e-01	 8.4859e+01	 1.1543e+00
13.591	 9.2187e-01	0.10471	0.99996	 1.0275e-01	 1.0001e+00	 8.4858e+01	 1.1545e+00
13.601	 9.2315e-01	0.10483	1.0005	 1.0290e-01	 1.0001e+00	 8.4856e+01	 1.1549e+00
13.611	 9.2309e-01	0.10494	1.0003	 1.0304e-01	 1.0001e+00	 8.4854e+01	 1.1551e+00
13.621	 9.2512e-01	0.10505	0.99966	 1.0318e-01	 1.0001e+00	 8.4853e+01	 1.1551e+00
13.631	 9.2402e-01	0.10517	1.0005	 1.0332e-01	 1.0000e+00	 8.4851e+01	 1.1549e+00
13.641	 9.2727e-01	0.10528	0.99933	 1.0347e-01	 9.9997e-01	 8.4849e+01	 1.1545e+00
13.65	 9.2594e-01	0.10539	1.0006	 1.0361e-01	 9.9985e-01	 8.4848e+01	 1.1542e+00
13.66	 9.2855e-01	0.1055	0.99946	 1.0375e-01	 9.9981e-01	 8.4846e+01	 1.1542e+00
13.67	 9.2791e-01	0.10561	1.0003	 1.0390e-01	 9.9983e-01	 8.4844e+01	 1.1545e+00
13.68	 9.2942e-01	0.10572	0.99989	 1.0404e-01	 9.9993e-01	 8.4842e+01	 1.1551e+00
13.69	 9.3099e-01	0.10584	1.0002	 1.0418e-01	 1.0000e+00	 8.4840e+01	 1.1557e+00
13.7	 9.2925e-01	0.10595	1.0008	 1.0433e-01	 1.0000e+00	 8.4838e+01	 1.1562e+00
13.71	 9.3140e-01	0.10606	1.0005	 1.0447e-01	 1.0000e+00	 8.4836e+01	 1.1564e+00
13.72	 9.3030e-01	0.10617	1.0007	 1.0461e-01	 1.0000e+00	 8.4834e+01	 1.1563e+00
13.73	 9.3297e-01	0.10629	0.99946	 1.0475e-01	 1.0001e+00	 8.4831e+01	 1.1561e+00
13.74	 9.3163e-01	0.1064	1.0007	 1.0489e-01	 1.0000e+00	 8.4829e+01	 1.1560e+00
13.75	 9.3390e-01	0.10651	0.99986	 1.0503e-01	 9.9999e-01	 8.4827e+01	 1.1560e+00
13.759	 9.3489e-01	0.10663	1.001	 1.0518e-01	 9.9993e-01	 8.4825e+01	 1.1564e+00
13.769	 9.3483e-01	0.10674	1.0006	 1.0532e-01	 9.9993e-01	 8.4822e+01	 1.1569e+00
13.779	 9.3634e-01	0.10685	1.0002	 1.0546e-01	 9.9993e-01	 8.4820e+01	 1.1574e+00
13.789	 9.3594e-01	0.10697	1.0007	 1.0561e-01	 9.9991e-01	 8.4817e+01	 1.1578e+00
13.799	 9.3797e-01	0.10708	0.99999	 1.0575e-01	 9.9991e-01	 8.4815e+01	 1.1578e+00
13.809	 9.3599e-01	0.1072	1.0006	 1.0590e-01	 9.9989e-01	 8.4812e+01	 1.1575e+00
13.819	 9.3908e-01	0.10732	0.9992	 1.0604e-01	 9.9991e-01	 8.4810e+01	 1.1570e+00
13.829	 9.3884e-01	0.10743	1.0002	 1.0619e-01	 9.9991e-01	 8.4807e+01	 1.1565e+00
13.839	 9.4001e-01	0.10755	0.99936	 1.0633e-01	 9.9999e-01	 8.4804e+01	 1.1563e+00
13.849	 9.3995e-01	0.10766	1.0006	 1.0648e-01	 1.0001e+00	 8.4802e+01	 1.1563e+00
13.859	 9.4001e-01	0.10777	1.0003	 1.0662e-01	 1.0000e+00	 8.4799e+01	 1.1565e+00
13.869	 9.4187e-01	0.10788	0.99949	 1.0677e-01	 9.9997e-01	 8.4796e+01	 1.1568e+00
13.879	 9.4099e-01	0.108	1.0003	 1.0692e-01	 9.9983e-01	 8.4793e+01	 1.1569e+00
13.889	 9.4402e-01	0.10811	0.99992	 1.0706e-01	 9.9975e-01	 8.4790e+01	 1.1567e+00
13.899	 9.4227e-01	0.10822	1.0007	 1.0721e-01	 9.9969e-01	 8.4787e+01	 1.1563e+00
13.909	 9.4367e-01	0.10833	0.9992	 1.0736e-01	 9.9969e-01	 8.4784e+01	 1.1558e+00
13.92	 9.4408e-01	0.10844	1.0005	 1.0750e-01	 9.9971e-01	 8.4781e+01	 1.1553e+00
13.93	 9.4628e-01	0.10855	1.0001	 1.0765e-01	 9.9975e-01	 8.4778e+01	 1.1551e+00
13.94	 9.4681e-01	0.10866	1.0002	 1.0779e-01	 9.9983e-01	 8.4775e+01	 1.1551e+00
13.95	 9.4518e-01	0.10878	1.0	 1.0794e-01	 9.9993e-01	 8.4771e+01	 1.1554e+00
13.96	 9.4762e-01	0.10889	0.99949	 1.0808e-01	 1.0000e+00	 8.4768e+01	 1.1558e+00
13.97	 9.4663e-01	0.10901	1.0004	 1.0823e-01	 1.0001e+00	 8.4765e+01	 1.1559e+00
13.98	 9.4948e-01	0.10912	0.99943	 1.0837e-01	 1.0001e+00	 8.4761e+01	 1.1558e+00
13.99	 9.4855e-01	0.10923	1.0009	 1.0852e-01	 1.0001e+00	 8.4758e+01	 1.1555e+00
14.0	 9.5059e-01	0.10935	0.99966	 1.0866e-01	 9.9995e-01	 8.4754e+01	 1.1549e+00
14.01	 9.5059e-01	0.10946	1.0002	 1.0881e-01	 9.9983e-01	 8.4751e+01	 1.1545e+00
14.02	 9.5094e-01	0.10958	1.0	 1.0896e-01	 9.9977e-01	 8.4747e+01	 1.1544e+00
14.03	 9.5268e-01	0.10969	1.0006	 1.0910e-01	 9.9975e-01	 8.4744e+01	 1.1545e+00
14.041	 9.5152e-01	0.1098	1.0002	 1.0925e-01	 9.9981e-01	 8.4740e+01	 1.1548e+00
14.051	 9.5309e-01	0.10992	0.99963	 1.0939e-01	 9.9991e-01	 8.4736e+01	 1.1552e+00
14.061	 9.5192e-01	0.11003	1.0009	 1.0954e-01	 9.9997e-01	 8.4733e+01	 1.1554e+00
14.071	 9.5442e-01	0.11015	0.99979	 1.0969e-01	 1.0000e+00	 8.4729e+01	 1.1554e+00
14.081	 9.5373e-01	0.11026	1.0009	 1.0984e-01	 9.9997e-01	 8.4725e+01	 1.1551e+00
14.091	 9.5570e-01	0.11037	1.0001	 1.0998e-01	 9.9999e-01	 8.4721e+01	 1.1547e+00
14.102	 9.5617e-01	0.11049	1.001	 1.1013e-01	 1.0001e+00	 8.4717e+01	 1.1544e+00
14.112	 9.5628e-01	0.1106	1.0001	 1.1028e-01	 1.0001e+00	 8.4713e+01	 1.1543e+00
14.122	 9.5809e-01	0.11071	0.99996	 1.1042e-01	 1.0001e+00	 8.4709e+01	 1.1545e+00
14.132	 9.5803e-01	0.11083	1.0002	 1.1057e-01	 1.0001e+00	 8.4705e+01	 1.1549e+00
14.142	 9.6018e-01	0.11095	0.99903	 1.1072e-01	 1.0001e+00	 8.4701e+01	 1.1554e+00
14.152	 9.5803e-01	0.11106	1.0006	 1.1087e-01	 9.9993e-01	 8.4697e+01	 1.1557e+00
14.163	 9.6018e-01	0.11118	1.0001	 1.1101e-01	 9.9987e-01	 8.4692e+01	 1.1557e+00
14.173	 9.5966e-01	0.11129	1.0006	 1.1116e-01	 9.9983e-01	 8.4688e+01	 1.1555e+00
14.183	 9.6059e-01	0.11141	0.99979	 1.1130e-01	 9.9987e-01	 8.4684e+01	 1.1552e+00
14.193	 9.6117e-01	0.11153	1.0006	 1.1145e-01	 9.9991e-01	 8.4679e+01	 1.1549e+00
14.204	 9.6128e-01	0.11164	0.99996	 1.1159e-01	 9.9993e-01	 8.4675e+01	 1.1549e+00
14.214	 9.6361e-01	0.11175	0.99976	 1.1174e-01	 9.9995e-01	 8.4670e+01	 1.1552e+00
14.224	 9.6251e-01	0.11187	1.0007	 1.1189e-01	 9.9997e-01	 8.4666e+01	 1.1557e+00
14.234	 9.6454e-01	0.11198	1.0003	 1.1204e-01	 1.0000e+00	 8.4661e+01	 1.1562e+00
14.245	 9.6280e-01	0.11209	1.0014	 1.1219e-01	 9.9999e-01	 8.4657e+01	 1.1566e+00
14.255	 9.6512e-01	0.11221	0.99969	 1.1233e-01	 9.9997e-01	 8.4652e+01	 1.1566e+00
14.265	 9.6448e-01	0.11233	1.0003	 1.1248e-01	 9.9991e-01	 8.4647e+01	 1.1564e+00
14.275	 9.6489e-01	0.11244	0.99976	 1.1263e-01	 9.9987e-01	 8.4643e+01	 1.1560e+00
14.286	 9.6623e-01	0.11256	1.0001	 1.1278e-01	 9.9983e-01	 8.4638e+01	 1.1558e+00
14.296	 9.6629e-01	0.11267	1.0003	 1.1293e-01	 9.9983e-01	 8.4633e+01	 1.1558e+00
14.306	 9.6832e-01	0.11279	1.0001	 1.1309e-01	 9.9985e-01	 8.4628e+01	 1.1561e+00
14.317	 9.6687e-01	0.1129	1.0012	 1.1324e-01	 9.9989e-01	 8.4623e+01	 1.1566e+00
14.327	 9.6983e-01	0.11302	0.99982	 1.1339e-01	 9.9997e-01	 8.4618e+01	 1.1572e+00
14.337	 9.6855e-01	0.11313	1.0004	 1.1354e-01	 9.9999e-01	 8.4613e+01	 1.1575e+00
14.348	 9.6989e-01	0.11325	0.99979	 1.1369e-01	 9.9999e-01	 8.4608e+01	 1.1576e+00
14.358	 9.7024e-01	0.11337	1.0007	 1.1384e-01	 9.9997e-01	 8.4603e+01	 1.1574e+00
14.368	 9.7163e-01	0.11349	1.0002	 1.1399e-01	 9.9999e-01	 8.4598e+01	 1.1571e+00
14.379	 9.7320e-01	0.11361	1.0004	 1.1414e-01	 1.0000e+00	 8.4592e+01	 1.1568e+00
14.389	 9.7134e-01	0.11372	1.0005	 1.1429e-01	 1.0000e+00	 8.4587e+01	 1.1568e+00
14.399	 9.7303e-01	0.11384	0.99959	 1.1443e-01	 9.9999e-01	 8.4582e+01	 1.1570e+00
14.41	 9.7187e-01	0.11396	1.0009	 1.1458e-01	 9.9991e-01	 8.4577e+01	 1.1574e+00
14.42	 9.7384e-01	0.11408	1.0003	 1.1473e-01	 9.9991e-01	 8.4571e+01	 1.1578e+00
14.43	 9.7338e-01	0.11419	1.0009	 1.1488e-01	 9.9993e-01	 8.4566e+01	 1.1579e+00
14.441	 9.7553e-01	0.11431	0.99946	 1.1503e-01	 1.0000e+00	 8.4560e+01	 1.1577e+00
14.451	 9.7576e-01	0.11443	1.0003	 1.1519e-01	 1.0001e+00	 8.4555e+01	 1.1573e+00
14.462	 9.7565e-01	0.11454	0.99999	 1.1534e-01	 1.0001e+00	 8.4549e+01	 1.1566e+00
14.472	 9.7692e-01	0.11466	0.99992	 1.1549e-01	 1.0000e+00	 8.4543e+01	 1.1561e+00
14.482	 9.7570e-01	0.11478	1.0006	 1.1564e-01	 9.9993e-01	 8.4538e+01	 1.1558e+00
14.493	 9.7873e-01	0.1149	0.99976	 1.1579e-01	 9.9993e-01	 8.4532e+01	 1.1557e+00
14.503	 9.7803e-01	0.11502	1.0007	 1.1595e-01	 9.9997e-01	 8.4526e+01	 1.1559e+00
14.514	 9.7966e-01	0.11514	1.0001	 1.1610e-01	 1.0000e+00	 8.4520e+01	 1.1560e+00
14.524	 9.7832e-01	0.11526	1.001	 1.1625e-01	 9.9997e-01	 8.4515e+01	 1.1560e+00
14.534	 9.7913e-01	0.11537	0.99979	 1.1641e-01	 9.9989e-01	 8.4509e+01	 1.1556e+00
14.545	 9.7995e-01	0.11549	1.0001	 1.1656e-01	 9.9977e-01	 8.4503e+01	 1.1551e+00
14.555	 9.8041e-01	0.11561	0.99992	 1.1671e-01	 9.9975e-01	 8.4497e+01	 1.1544e+00
14.566	 9.8245e-01	0.11573	1.0004	 1.1687e-01	 9.9979e-01	 8.4491e+01	 1.1538e+00
14.576	 9.7913e-01	0.11585	1.0011	 1.1702e-01	 9.9987e-01	 8.4484e+01	 1.1535e+00
14.587	 9.8286e-01	0.11597	0.9993	 1.1717e-01	 9.9997e-01	 8.4478e+01	 1.1535e+00
14.597	 9.8280e-01	0.11608	1.0003	 1.1732e-01	 1.0000e+00	 8.4472e+01	 1.1537e+00
14.608	 9.8373e-01	0.11621	0.99959	 1.1748e-01	 1.0001e+00	 8.4466e+01	 1.1539e+00
14.618	 9.8268e-01	0.11632	1.0006	 1.1763e-01	 1.0001e+00	 8.4460e+01	 1.1540e+00
14.629	 9.8483e-01	0.11644	0.99963	 1.1777e-01	 1.0001e+00	 8.4453e+01	 1.1538e+00
14.639	 9.8588e-01	0.11656	1.0001	 1.1792e-01	 1.0000e+00	 8.4447e+01	 1.1533e+00
14.65	 9.8361e-01	0.11667	1.0004	 1.1807e-01	 9.9993e-01	 8.4440e+01	 1.1528e+00
14.66	 9.8536e-01	0.11678	0.99956	 1.1822e-01	 9.9987e-01	 8.4434e+01	 1.1524e+00
14.671	 9.8437e-01	0.1169	1.0006	 1.1837e-01	 9.9985e-01	 8.4428e+01	 1.1523e+00
14.681	 9.8658e-01	0.11701	0.99986	 1.1853e-01	 9.9989e-01	 8.4421e+01	 1.1525e+00
14.692	 9.8692e-01	0.11713	1.001	 1.1868e-01	 9.9995e-01	 8.4414e+01	 1.1529e+00
14.703	 9.8762e-01	0.11724	0.99992	 1.1883e-01	 1.0001e+00	 8.4408e+01	 1.1533e+00
14.713	 9.8692e-01	0.11735	1.0005	 1.1898e-01	 1.0001e+00	 8.4401e+01	 1.1535e+00
14.724	 9.8832e-01	0.11746	0.99996	 1.1914e-01	 1.0001e+00	 8.4394e+01	 1.1534e+00
14.734	 9.9018e-01	0.11757	1.0001	 1.1929e-01	 1.0001e+00	 8.4387e+01	 1.1531e+00
14.745	 9.8873e-01	0.11768	1.0004	 1.1944e-01	 1.0001e+00	 8.4381e+01	 1.1527e+00
14.755	 9.9099e-01	0.1178	0.99992	 1.1960e-01	 1.0001e+00	 8.4374e+01	 1.1525e+00
14.766	 9.8931e-01	0.11791	1.0013	 1.1975e-01	 1.0001e+00	 8.4367e+01	 1.1524e+00
14.777	 9.9239e-01	0.11802	1.0001	 1.1990e-01	 1.0001e+00	 8.4360e+01	 1.1527e+00
14.787	 9.9123e-01	0.11814	1.0006	 1.2006e-01	 1.0001e+00	 8.4353e+01	 1.1531e+00
14.798	 9.9216e-01	0.11825	0.99956	 1.2021e-01	 1.0001e+00	 8.4346e+01	 1.1536e+00
14.808	 9.9169e-01	0.11837	1.0004	 1.2036e-01	 1.0001e+00	 8.4339e+01	 1.1538e+00
14.819	 9.9163e-01	0.11849	0.99996	 1.2052e-01	 1.0001e+00	 8.4332e+01	 1.1538e+00
14.83	 9.9408e-01	0.1186	1.0	 1.2067e-01	 1.0001e+00	 8.4325e+01	 1.1535e+00
14.84	 9.9274e-01	0.11872	1.0007	 1.2082e-01	 9.9997e-01	 8.4317e+01	 1.1531e+00
14.851	 9.9582e-01	0.11883	0.99976	 1.2097e-01	 9.9993e-01	 8.4310e+01	 1.1529e+00
14.862	 9.9419e-01	0.11895	1.0007	 1.2112e-01	 9.9985e-01	 8.4303e+01	 1.1529e+00
14.872	 9.9570e-01	0.11906	0.99939	 1.2128e-01	 9.9983e-01	 8.4295e+01	 1.1531e+00
14.883	 9.9536e-01	0.11918	1.0005	 1.2143e-01	 9.9983e-01	 8.4288e+01	 1.1536e+00
14.894	 9.9646e-01	0.11929	0.99966	 1.2158e-01	 9.9993e-01	 8.4281e+01	 1.1541e+00
14.904	 9.9663e-01	0.11941	1.0001	 1.2174e-01	 1.0001e+00	 8.4273e+01	 1.1544e+00
14.915	 9.9582e-01	0.11952	1.0001	 1.2189e-01	 1.0001e+00	 8.4266e+01	 1.1544e+00
14.926	 9.9791e-01	0.11963	0.99976	 1.2204e-01	 1.0002e+00	 8.4258e+01	 1.1541e+00
14.936	 9.9698e-01	0.11975	1.0004	 1.2220e-01	 1.0001e+00	 8.4250e+01	 1.1538e+00
14.947	 9.9989e-01	0.11986	0.99956	 1.2236e-01	 9.9999e-01	 8.4243e+01	 1.1535e+00
14.958	 9.9844e-01	0.11997	1.0014	 1.2251e-01	 9.9989e-01	 8.4235e+01	 1.1536e+00
14.969	 9.9931e-01	0.12009	0.99979	 1.2266e-01	 9.9987e-01	 8.4227e+01	 1.1538e+00
14.979	 9.9855e-01	0.1202	1.0005	 1.2282e-01	 9.9985e-01	 8.4219e+01	 1.1543e+00
14.99	 9.9954e-01	0.12032	0.99996	 1.2298e-01	 9.9989e-01	 8.4211e+01	 1.1548e+00
15.001	 1.0011e+00	0.12044	1.0002	 1.2313e-01	 9.9991e-01	 8.4204e+01	 1.1550e+00
15.012	 1.0001e+00	0.12055	1.0005	 1.2329e-01	 9.9993e-01	 8.4196e+01	 1.1550e+00
15.022	 1.0023e+00	0.12066	1.0002	 1.2344e-01	 9.9997e-01	 8.4188e+01	 1.1547e+00
15.033	 1.0005e+00	0.12078	1.0007	 1.2360e-01	 9.9997e-01	 8.4180e+01	 1.1543e+00
15.044	 1.0034e+00	0.12089	0.99956	 1.2375e-01	 9.9999e-01	 8.4172e+01	 1.1541e+00
15.055	 1.0036e+00	0.121	1.0007	 1.2391e-01	 9.9999e-01	 8.4163e+01	 1.1540e+00
15.065	 1.0041e+00	0.12111	0.99946	 1.2406e-01	 1.0000e+00	 8.4155e+01	 1.1543e+00
15.076	 1.0032e+00	0.12122	1.0002	 1.2422e-01	 1.0001e+00	 8.4147e+01	 1.1548e+00
15.087	 1.0040e+00	0.12134	1.0002	 1.2437e-01	 1.0001e+00	 8.4139e+01	 1.1552e+00
15.098	 1.0045e+00	0.12145	1.0007	 1.2454e-01	 1.0001e+00	 8.4131e+01	 1.1555e+00
15.109	 1.0023e+00	0.12157	1.0005	 1.2470e-01	 1.0001e+00	 8.4122e+01	 1.1555e+00
15.12	 1.0047e+00	0.12168	0.99943	 1.2485e-01	 1.0000e+00	 8.4114e+01	 1.1552e+00
15.13	 1.0033e+00	0.12179	1.0007	 1.2501e-01	 9.9997e-01	 8.4105e+01	 1.1549e+00
15.141	 1.0078e+00	0.1219	0.99946	 1.2517e-01	 1.0000e+00	 8.4097e+01	 1.1547e+00
15.152	 1.0065e+00	0.12202	1.0006	 1.2533e-01	 1.0000e+00	 8.4088e+01	 1.1548e+00
15.163	 1.0060e+00	0.12213	0.99956	 1.2549e-01	 1.0001e+00	 8.4080e+01	 1.1551e+00
15.174	 1.0074e+00	0.12225	1.0003	 1.2565e-01	 1.0001e+00	 8.4071e+01	 1.1557e+00
15.185	 1.0075e+00	0.12236	1.0002	 1.2580e-01	 1.0001e+00	 8.4063e+01	 1.1562e+00
15.195	 1.0089e+00	0.12248	1.0001	 1.2596e-01	 1.0001e+00	 8.4054e+01	 1.1566e+00
15.206	 1.0074e+00	0.12259	1.0006	 1.2612e-01	 1.0000e+00	 8.4045e+01	 1.1566e+00
15.217	 1.0092e+00	0.1227	0.99933	 1.2627e-01	 9.9995e-01	 8.4037e+01	 1.1564e+00
15.228	 1.0083e+00	0.12281	1.0007	 1.2643e-01	 9.9991e-01	 8.4028e+01	 1.1561e+00
15.239	 1.0115e+00	0.12292	0.99989	 1.2658e-01	 9.9995e-01	 8.4019e+01	 1.1559e+00
15.25	 1.0093e+00	0.12304	1.0006	 1.2674e-01	 1.0000e+00	 8.4010e+01	 1.1559e+00
15.261	 1.0102e+00	0.12315	1.0001	 1.2689e-01	 1.0001e+00	 8.4001e+01	 1.1562e+00
15.272	 1.0102e+00	0.12326	1.0008	 1.2705e-01	 1.0001e+00	 8.3992e+01	 1.1567e+00
15.283	 1.0112e+00	0.12337	1.0007	 1.2721e-01	 1.0001e+00	 8.3983e+01	 1.1570e+00
15.294	 1.0127e+00	0.12348	1.0001	 1.2737e-01	 1.0001e+00	 8.3974e+01	 1.1572e+00
15.305	 1.0099e+00	0.1236	1.0005	 1.2753e-01	 1.0000e+00	 8.3965e+01	 1.1571e+00
15.316	 1.0130e+00	0.12372	0.99949	 1.2770e-01	 1.0001e+00	 8.3956e+01	 1.1567e+00
15.326	 1.0124e+00	0.12384	1.0007	 1.2785e-01	 1.0001e+00	 8.3946e+01	 1.1563e+00
15.337	 1.0142e+00	0.12396	0.99979	 1.2802e-01	 1.0002e+00	 8.3937e+01	 1.1559e+00
15.348	 1.0140e+00	0.12407	1.0008	 1.2818e-01	 1.0002e+00	 8.3928e+01	 1.1559e+00
15.359	 1.0134e+00	0.12418	1.0002	 1.2834e-01	 1.0002e+00	 8.3918e+01	 1.1561e+00
15.37	 1.0145e+00	0.12429	1.0002	 1.2851e-01	 1.0002e+00	 8.3909e+01	 1.1565e+00
15.381	 1.0154e+00	0.12441	1.0004	 1.2867e-01	 1.0001e+00	 8.3900e+01	 1.1569e+00
15.392	 1.0158e+00	0.12452	1.0001	 1.2882e-01	 1.0001e+00	 8.3890e+01	 1.1570e+00
15.403	 1.0147e+00	0.12464	1.0008	 1.2899e-01	 9.9997e-01	 8.3881e+01	 1.1569e+00
15.414	 1.0181e+00	0.12476	0.99926	 1.2915e-01	 9.9993e-01	 8.3871e+01	 1.1566e+00
15.425	 1.0158e+00	0.12488	1.0004	 1.2930e-01	 9.9987e-01	 8.3861e+01	 1.1562e+00
15.436	 1.0169e+00	0.125	0.99996	 1.2946e-01	 9.9989e-01	 8.3852e+01	 1.1560e+00
15.447	 1.0179e+00	0.12513	1.0004	 1.2962e-01	 9.9991e-01	 8.3842e+01	 1.1560e+00
15.458	 1.0176e+00	0.12525	0.99966	 1.2978e-01	 9.9993e-01	 8.3832e+01	 1.1564e+00
15.469	 1.0190e+00	0.12538	0.99959	 1.2994e-01	 9.9991e-01	 8.3823e+01	 1.1569e+00
15.481	 1.0173e+00	0.1255	1.0005	 1.3010e-01	 9.9989e-01	 8.3813e+01	 1.1573e+00
15.492	 1.0188e+00	0.12562	0.99982	 1.3026e-01	 9.9995e-01	 8.3803e+01	 1.1576e+00
15.503	 1.0173e+00	0.12575	1.0006	 1.3042e-01	 1.0000e+00	 8.3793e+01	 1.1576e+00
15.514	 1.0205e+00	0.12587	0.99963	 1.3058e-01	 1.0001e+00	 8.3783e+01	 1.1573e+00
15.525	 1.0197e+00	0.12599	1.0007	 1.3074e-01	 1.0002e+00	 8.3773e+01	 1.1570e+00
15.536	 1.0205e+00	0.12611	0.99996	 1.3090e-01	 1.0002e+00	 8.3763e+01	 1.1568e+00
15.547	 1.0208e+00	0.12624	1.0006	 1.3107e-01	 1.0001e+00	 8.3753e+01	 1.1569e+00
15.558	 1.0203e+00	0.12636	1.0001	 1.3123e-01	 1.0000e+00	 8.3743e+01	 1.1572e+00
15.569	 1.0214e+00	0.12649	0.99996	 1.3139e-01	 9.9991e-01	 8.3733e+01	 1.1577e+00
15.58	 1.0196e+00	0.12661	1.0007	 1.3155e-01	 9.9983e-01	 8.3722e+01	 1.1581e+00
15.591	 1.0225e+00	0.12674	0.9992	 1.3171e-01	 9.9991e-01	 8.3712e+01	 1.1583e+00
15.603	 1.0212e+00	0.12687	0.99999	 1.3187e-01	 9.9999e-01	 8.3702e+01	 1.1581e+00
15.614	 1.0226e+00	0.12699	0.99953	 1.3204e-01	 1.0001e+00	 8.3691e+01	 1.1578e+00
15.625	 1.0219e+00	0.12712	1.0008	 1.3220e-01	 1.0000e+00	 8.3681e+01	 1.1574e+00
15.636	 1.0230e+00	0.12724	0.99992	 1.3236e-01	 9.9997e-01	 8.3671e+01	 1.1570e+00
15.647	 1.0240e+00	0.12737	1.0004	 1.3252e-01	 9.9991e-01	 8.3660e+01	 1.1570e+00
15.658	 1.0230e+00	0.12749	1.0004	 1.3268e-01	 9.9987e-01	 8.3650e+01	 1.1572e+00
15.669	 1.0245e+00	0.12761	1.0	 1.3284e-01	 9.9987e-01	 8.3639e+01	 1.1575e+00
15.681	 1.0239e+00	0.12773	1.0006	 1.3300e-01	 9.9985e-01	 8.3628e+01	 1.1578e+00
15.692	 1.0262e+00	0.12785	0.99923	 1.3316e-01	 9.9987e-01	 8.3618e+01	 1.1578e+00
15.703	 1.0231e+00	0.12798	1.0009	 1.3332e-01	 9.9983e-01	 8.3607e+01	 1.1576e+00
15.714	 1.0248e+00	0.1281	0.99979	 1.3348e-01	 9.9987e-01	 8.3596e+01	 1.1571e+00
15.725	 1.0261e+00	0.12823	1.0003	 1.3364e-01	 9.9991e-01	 8.3586e+01	 1.1565e+00
15.737	 1.0266e+00	0.12836	0.99996	 1.3380e-01	 9.9999e-01	 8.3575e+01	 1.1561e+00
15.748	 1.0270e+00	0.12848	1.0003	 1.3396e-01	 1.0001e+00	 8.3564e+01	 1.1559e+00
15.759	 1.0257e+00	0.12861	1.0008	 1.3412e-01	 1.0001e+00	 8.3553e+01	 1.1560e+00
15.77	 1.0291e+00	0.12873	0.99992	 1.3429e-01	 1.0000e+00	 8.3542e+01	 1.1562e+00
15.782	 1.0281e+00	0.12886	1.0008	 1.3445e-01	 9.9995e-01	 8.3531e+01	 1.1564e+00
15.793	 1.0290e+00	0.12898	0.99956	 1.3461e-01	 9.9989e-01	 8.3520e+01	 1.1563e+00
15.804	 1.0268e+00	0.1291	1.0005	 1.3477e-01	 9.9983e-01	 8.3509e+01	 1.1560e+00
15.815	 1.0286e+00	0.12923	0.99992	 1.3494e-01	 9.9991e-01	 8.3498e+01	 1.1555e+00
15.827	 1.0286e+00	0.12935	1.0007	 1.3510e-01	 1.0000e+00	 8.3487e+01	 1.1548e+00
15.838	 1.0277e+00	0.12948	0.99999	 1.3526e-01	 1.0001e+00	 8.3475e+01	 1.1544e+00
15.849	 1.0302e+00	0.12961	0.99986	 1.3543e-01	 1.0001e+00	 8.3464e+01	 1.1542e+00
15.861	 1.0300e+00	0.12974	1.0005	 1.3559e-01	 9.9999e-01	 8.3453e+01	 1.1543e+00
15.872	 1.0328e+00	0.12987	0.99976	 1.3576e-01	 9.9993e-01	 8.3442e+01	 1.1546e+00
15.883	 1.0306e+00	0.13	1.0009	 1.3592e-01	 9.9985e-01	 8.3430e+01	 1.1547e+00
15.894	 1.0309e+00	0.13013	0.99972	 1.3609e-01	 9.9983e-01	 8.3419e+01	 1.1548e+00
15.906	 1.0301e+00	0.13026	1.0006	 1.3626e-01	 9.9979e-01	 8.3407e+01	 1.1544e+00
15.917	 1.0310e+00	0.13039	0.99956	 1.3642e-01	 9.9977e-01	 8.3396e+01	 1.1539e+00
15.928	 1.0324e+00	0.13052	1.0001	 1.3658e-01	 9.9979e-01	 8.3384e+01	 1.1534e+00
15.94	 1.0321e+00	0.13065	1.0001	 1.3675e-01	 9.9989e-01	 8.3373e+01	 1.1530e+00
15.951	 1.0325e+00	0.13077	0.99959	 1.3692e-01	 1.0000e+00	 8.3361e+01	 1.1529e+00
15.962	 1.0309e+00	0.1309	1.0004	 1.3708e-01	 1.0001e+00	 8.3350e+01	 1.1530e+00
15.974	 1.0344e+00	0.13102	0.9993	 1.3725e-01	 1.0001e+00	 8.3338e+01	 1.1534e+00
15.985	 1.0334e+00	0.13115	1.0006	 1.3742e-01	 9.9999e-01	 8.3326e+01	 1.1537e+00
15.997	 1.0341e+00	0.13128	1.0001	 1.3759e-01	 9.9991e-01	 8.3314e+01	 1.1538e+00
16.008	 1.0317e+00	0.13141	1.0006	 1.3776e-01	 9.9983e-01	 8.3303e+01	 1.1536e+00
16.019	 1.0331e+00	0.13153	0.99949	 1.3792e-01	 9.9981e-01	 8.3291e+01	 1.1531e+00
16.031	 1.0353e+00	0.13166	1.0003	 1.3809e-01	 9.9985e-01	 8.3279e+01	 1.1527e+00
16.042	 1.0329e+00	0.13179	1.0007	 1.3825e-01	 9.9993e-01	 8.3267e+01	 1.1524e+00
16.053	 1.0356e+00	0.13192	0.99996	 1.3842e-01	 1.0000e+00	 8.3255e+01	 1.1524e+00
16.065	 1.0336e+00	0.13204	1.0004	 1.3858e-01	 1.0001e+00	 8.3243e+01	 1.1528e+00
16.076	 1.0357e+00	0.13217	0.99966	 1.3875e-01	 1.0001e+00	 8.3231e+01	 1.1532e+00
16.088	 1.0354e+00	0.1323	1.0009	 1.3891e-01	 1.0000e+00	 8.3219e+01	 1.1536e+00
16.099	 1.0361e+00	0.13242	0.99949	 1.3908e-01	 1.0000e+00	 8.3207e+01	 1.1538e+00
16.111	 1.0361e+00	0.13254	1.0001	 1.3924e-01	 1.0000e+00	 8.3194e+01	 1.1537e+00
16.122	 1.0369e+00	0.13267	0.99972	 1.3941e-01	 1.0001e+00	 8.3182e+01	 1.1534e+00
16.134	 1.0376e+00	0.1328	0.99986	 1.3957e-01	 1.0001e+00	 8.3170e+01	 1.1531e+00
16.145	 1.0362e+00	0.13293	1.0006	 1.3974e-01	 1.0000e+00	 8.3158e+01	 1.1530e+00
16.156	 1.0373e+00	0.13306	0.99982	 1.3990e-01	 1.0001e+00	 8.3145e+01	 1.1530e+00
16.168	 1.0358e+00	0.1332	1.0009	 1.4006e-01	 1.0001e+00	 8.3133e+01	 1.1534e+00
16.179	 1.0393e+00	0.13333	1.0001	 1.4023e-01	 1.0002e+00	 8.3120e+01	 1.1539e+00
16.191	 1.0381e+00	0.13346	1.0011	 1.4040e-01	 1.0002e+00	 8.3108e+01	 1.1543e+00
16.202	 1.0378e+00	0.13359	1.0001	 1.4056e-01	 1.0002e+00	 8.3095e+01	 1.1545e+00
16.214	 1.0381e+00	0.13372	1.0008	 1.4073e-01	 1.0001e+00	 8.3083e+01	 1.1544e+00
16.225	 1.0396e+00	0.13385	1.0006	 1.4089e-01	 9.9997e-01	 8.3070e+01	 1.1541e+00
16.237	 1.0410e+00	0.13398	0.99972	 1.4106e-01	 9.9985e-01	 8.3058e+01	 1.1536e+00
16.248	 1.0394e+00	0.1341	1.0	 1.4123e-01	 9.9981e-01	 8.3045e+01	 1.1534e+00
16.26	 1.0402e+00	0.13423	0.99963	 1.4139e-01	 9.9987e-01	 8.3032e+01	 1.1534e+00
16.272	 1.0382e+00	0.13436	1.0007	 1.4156e-01	 9.9993e-01	 8.3019e+01	 1.1536e+00
16.283	 1.0405e+00	0.13448	0.99926	 1.4173e-01	 1.0000e+00	 8.3007e+01	 1.1540e+00
16.295	 1.0397e+00	0.13461	1.0005	 1.4190e-01	 1.0000e+00	 8.2994e+01	 1.1542e+00
16.306	 1.0403e+00	0.13474	0.99992	 1.4207e-01	 1.0001e+00	 8.2981e+01	 1.1543e+00
16.318	 1.0404e+00	0.13487	1.0002	 1.4224e-01	 1.0001e+00	 8.2968e+01	 1.1540e+00
16.329	 1.0399e+00	0.135	1.0002	 1.4240e-01	 1.0000e+00	 8.2955e+01	 1.1535e+00
16.341	 1.0429e+00	0.13512	0.99979	 1.4257e-01	 1.0001e+00	 8.2942e+01	 1.1530e+00
16.352	 1.0422e+00	0.13525	1.0002	 1.4274e-01	 1.0000e+00	 8.2929e+01	 1.1526e+00
16.364	 1.0437e+00	0.13538	0.99966	 1.4290e-01	 9.9995e-01	 8.2916e+01	 1.1525e+00
16.376	 1.0408e+00	0.1355	1.0005	 1.4307e-01	 9.9983e-01	 8.2903e+01	 1.1527e+00
16.387	 1.0431e+00	0.13563	0.99916	 1.4324e-01	 9.9979e-01	 8.2889e+01	 1.1530e+00
16.399	 1.0424e+00	0.13576	1.0008	 1.4341e-01	 9.9979e-01	 8.2876e+01	 1.1533e+00
16.411	 1.0426e+00	0.13588	1.0002	 1.4358e-01	 9.9987e-01	 8.2863e+01	 1.1532e+00
16.422	 1.0437e+00	0.13601	0.99956	 1.4375e-01	 9.9995e-01	 8.2850e+01	 1.1530e+00
16.434	 1.0429e+00	0.13614	0.99996	 1.4391e-01	 9.9997e-01	 8.2836e+01	 1.1525e+00
16.446	 1.0445e+00	0.13627	1.0	 1.4408e-01	 9.9997e-01	 8.2823e+01	 1.1520e+00
16.457	 1.0426e+00	0.1364	1.0008	 1.4425e-01	 9.9993e-01	 8.2810e+01	 1.1517e+00
16.469	 1.0452e+00	0.13653	0.99939	 1.4441e-01	 9.9995e-01	 8.2796e+01	 1.1516e+00
16.481	 1.0439e+00	0.13665	1.0005	 1.4458e-01	 9.9993e-01	 8.2783e+01	 1.1519e+00
16.492	 1.0452e+00	0.13678	0.99986	 1.4475e-01	 9.9997e-01	 8.2769e+01	 1.1522e+00
16.504	 1.0447e+00	0.1369	1.0002	 1.4492e-01	 9.9997e-01	 8.2755e+01	 1.1525e+00
16.516	 1.0453e+00	0.13703	0.99959	 1.4509e-01	 9.9999e-01	 8.2742e+01	 1.1527e+00
16.527	 1.0461e+00	0.13717	0.99992	 1.4526e-01	 1.0000e+00	 8.2728e+01	 1.1525e+00
16.539	 1.0450e+00	0.1373	1.0004	 1.4543e-01	 1.0001e+00	 8.2715e+01	 1.1522e+00
16.551	 1.0470e+00	0.13743	0.99959	 1.4560e-01	 1.0001e+00	 8.2701e+01	 1.1518e+00
16.562	 1.0448e+00	0.13756	1.0007	 1.4576e-01	 1.0000e+00	 8.2687e+01	 1.1517e+00
16.574	 1.0475e+00	0.13768	0.99943	 1.4593e-01	 9.9999e-01	 8.2673e+01	 1.1518e+00
16.586	 1.0470e+00	0.13781	1.0003	 1.4610e-01	 9.9997e-01	 8.2659e+01	 1.1522e+00
16.598	 1.0476e+00	0.13794	0.99959	 1.4627e-01	 9.9999e-01	 8.2645e+01	 1.1528e+00
16.609	 1.0469e+00	0.13807	1.0003	 1.4644e-01	 9.9999e-01	 8.2632e+01	 1.1532e+00
16.621	 1.0466e+00	0.1382	1.0001	 1.4661e-01	 9.9999e-01	 8.2618e+01	 1.1535e+00
16.633	 1.0493e+00	0.13833	0.99999	 1.4678e-01	 9.9999e-01	 8.2604e+01	 1.1535e+00
16.645	 1.0481e+00	0.13845	1.0001	 1.4695e-01	 9.9993e-01	 8.2589e+01	 1.1532e+00
16.657	 1.0502e+00	0.13858	0.99939	 1.4712e-01	 9.9991e-01	 8.2575e+01	 1.1529e+00
16.668	 1.0480e+00	0.13871	1.0007	 1.4728e-01	 9.9987e-01	 8.2561e+01	 1.1527e+00
16.68	 1.0497e+00	0.13884	0.99972	 1.4745e-01	 9.9989e-01	 8.2547e+01	 1.1529e+00
16.692	 1.0492e+00	0.13896	1.0009	 1.4762e-01	 9.9993e-01	 8.2533e+01	 1.1532e+00
16.704	 1.0486e+00	0.13909	1.0002	 1.4779e-01	 1.0000e+00	 8.2519e+01	 1.1538e+00
16.716	 1.0485e+00	0.13922	1.0005	 1.4796e-01	 1.0001e+00	 8.2504e+01	 1.1542e+00
16.727	 1.0492e+00	0.13934	1.0005	 1.4813e-01	 1.0001e+00	 8.2490e+01	 1.1543e+00
16.739	 1.0508e+00	0.13947	0.99976	 1.4830e-01	 1.0001e+00	 8.2476e+01	 1.1542e+00
16.751	 1.0482e+00	0.1396	1.0003	 1.4847e-01	 1.0000e+00	 8.2461e+01	 1.1538e+00
16.763	 1.0505e+00	0.13973	0.99982	 1.4865e-01	 1.0000e+00	 8.2447e+01	 1.1535e+00
16.775	 1.0491e+00	0.13986	1.0009	 1.4882e-01	 9.9997e-01	 8.2432e+01	 1.1532e+00
16.787	 1.0509e+00	0.13998	0.99949	 1.4900e-01	 9.9999e-01	 8.2418e+01	 1.1532e+00
16.798	 1.0505e+00	0.14011	1.0003	 1.4917e-01	 9.9997e-01	 8.2403e+01	 1.1536e+00
16.81	 1.0516e+00	0.14024	0.99963	 1.4935e-01	 9.9993e-01	 8.2388e+01	 1.1539e+00
16.822	 1.0523e+00	0.14036	1.0	 1.4952e-01	 9.9987e-01	 8.2374e+01	 1.1542e+00
16.834	 1.0505e+00	0.14049	1.0003	 1.4970e-01	 9.9987e-01	 8.2359e+01	 1.1543e+00
16.846	 1.0526e+00	0.14062	1.0001	 1.4987e-01	 9.9995e-01	 8.2344e+01	 1.1540e+00
16.858	 1.0511e+00	0.14075	1.0011	 1.5005e-01	 1.0000e+00	 8.2330e+01	 1.1536e+00
16.87	 1.0537e+00	0.14088	0.99959	 1.5023e-01	 1.0001e+00	 8.2315e+01	 1.1531e+00
16.882	 1.0519e+00	0.14102	1.0007	 1.5040e-01	 1.0002e+00	 8.2300e+01	 1.1528e+00
16.894	 1.0533e+00	0.14115	0.9993	 1.5058e-01	 1.0001e+00	 8.2285e+01	 1.1528e+00
16.906	 1.0535e+00	0.14128	0.99986	 1.5075e-01	 1.0001e+00	 8.2270e+01	 1.1530e+00
16.918	 1.0534e+00	0.14141	0.99959	 1.5093e-01	 1.0001e+00	 8.2255e+01	 1.1534e+00
16.93	 1.0543e+00	0.14154	0.99963	 1.5110e-01	 9.9999e-01	 8.2240e+01	 1.1535e+00
16.941	 1.0530e+00	0.14167	1.0005	 1.5128e-01	 9.9993e-01	 8.2225e+01	 1.1535e+00
16.953	 1.0548e+00	0.1418	0.99996	 1.5145e-01	 9.9993e-01	 8.2210e+01	 1.1531e+00
16.965	 1.0536e+00	0.14193	1.0008	 1.5163e-01	 9.9995e-01	 8.2195e+01	 1.1526e+00
16.977	 1.0556e+00	0.14206	0.9991	 1.5180e-01	 1.0000e+00	 8.2180e+01	 1.1520e+00
16.989	 1.0541e+00	0.14219	1.0004	 1.5198e-01	 1.0001e+00	 8.2164e+01	 1.1516e+00
17.001	 1.0551e+00	0.14232	0.99982	 1.5216e-01	 1.0001e+00	 8.2149e+01	 1.1515e+00
17.013	 1.0548e+00	0.14245	1.0004	 1.5233e-01	 1.0001e+00	 8.2134e+01	 1.1515e+00
17.025	 1.0539e+00	0.14258	1.0001	 1.5250e-01	 1.0002e+00	 8.2119e+01	 1.1518e+00
17.037	 1.0561e+00	0.14271	0.99972	 1.5268e-01	 1.0002e+00	 8.2103e+01	 1.1518e+00
17.049	 1.0545e+00	0.14284	1.0006	 1.5286e-01	 1.0001e+00	 8.2088e+01	 1.1517e+00
17.061	 1.0560e+00	0.14297	0.99953	 1.5303e-01	 1.0001e+00	 8.2072e+01	 1.1513e+00
17.073	 1.0550e+00	0.1431	1.0005	 1.5321e-01	 1.0001e+00	 8.2057e+01	 1.1507e+00
17.085	 1.0570e+00	0.14323	0.99949	 1.5338e-01	 1.0001e+00	 8.2041e+01	 1.1501e+00
17.098	 1.0562e+00	0.14337	1.0003	 1.5355e-01	 9.9997e-01	 8.2026e+01	 1.1497e+00
17.11	 1.0569e+00	0.1435	0.99982	 1.5373e-01	 9.9995e-01	 8.2010e+01	 1.1496e+00
17.122	 1.0576e+00	0.14363	1.0002	 1.5391e-01	 9.9991e-01	 8.1995e+01	 1.1497e+00
17.134	 1.0562e+00	0.14376	1.0003	 1.5409e-01	 9.9995e-01	 8.1979e+01	 1.1500e+00
17.146	 1.0579e+00	0.14389	0.99969	 1.5427e-01	 1.0001e+00	 8.1963e+01	 1.1502e+00
17.158	 1.0569e+00	0.14403	1.0006	 1.5445e-01	 1.0001e+00	 8.1947e+01	 1.1501e+00
17.17	 1.0598e+00	0.14416	0.99979	 1.5463e-01	 1.0001e+00	 8.1932e+01	 1.1498e+00
17.182	 1.0568e+00	0.14429	1.0006	 1.5481e-01	 1.0000e+00	 8.1916e+01	 1.1493e+00
17.194	 1.0577e+00	0.14442	0.99933	 1.5499e-01	 9.9993e-01	 8.1900e+01	 1.1487e+00
17.206	 1.0576e+00	0.14456	1.0007	 1.5516e-01	 9.9981e-01	 8.1884e+01	 1.1485e+00
17.218	 1.0581e+00	0.14469	1.0003	 1.5534e-01	 9.9979e-01	 8.1868e+01	 1.1484e+00
17.231	 1.0595e+00	0.14482	1.0001	 1.5552e-01	 9.9987e-01	 8.1852e+01	 1.1487e+00
17.243	 1.0586e+00	0.14496	1.0005	 1.5570e-01	 9.9997e-01	 8.1836e+01	 1.1491e+00
17.255	 1.0593e+00	0.14509	0.99966	 1.5588e-01	 1.0001e+00	 8.1820e+01	 1.1493e+00
17.267	 1.0580e+00	0.14522	1.0006	 1.5606e-01	 1.0001e+00	 8.1804e+01	 1.1495e+00
17.279	 1.0611e+00	0.14535	0.99959	 1.5624e-01	 1.0001e+00	 8.1788e+01	 1.1492e+00
17.291	 1.0602e+00	0.14549	1.0008	 1.5641e-01	 9.9993e-01	 8.1772e+01	 1.1488e+00
17.304	 1.0593e+00	0.14562	0.99982	 1.5659e-01	 9.9987e-01	 8.1756e+01	 1.1484e+00
17.316	 1.0586e+00	0.14575	1.0005	 1.5677e-01	 9.9979e-01	 8.1739e+01	 1.1482e+00
17.328	 1.0583e+00	0.14589	1.0001	 1.5695e-01	 9.9977e-01	 8.1723e+01	 1.1483e+00
17.34	 1.0605e+00	0.14602	0.99953	 1.5713e-01	 9.9977e-01	 8.1707e+01	 1.1486e+00
17.352	 1.0569e+00	0.14615	1.0003	 1.5732e-01	 9.9977e-01	 8.1690e+01	 1.1491e+00
17.365	 1.0622e+00	0.14629	0.99959	 1.5750e-01	 9.9981e-01	 8.1674e+01	 1.1494e+00
17.377	 1.0577e+00	0.14642	1.0006	 1.5768e-01	 9.9981e-01	 8.1658e+01	 1.1495e+00
17.389	 1.0613e+00	0.14655	0.99969	 1.5787e-01	 9.9983e-01	 8.1641e+01	 1.1492e+00
17.401	 1.0600e+00	0.14669	1.0007	 1.5805e-01	 9.9981e-01	 8.1625e+01	 1.1488e+00
17.413	 1.0601e+00	0.14682	0.99946	 1.5823e-01	 9.9981e-01	 8.1608e+01	 1.1483e+00
17.426	 1.0605e+00	0.14696	1.0004	 1.5841e-01	 9.9979e-01	 8.1591e+01	 1.1480e+00
17.438	 1.0608e+00	0.14709	1.0002	 1.5860e-01	 9.9977e-01	 8.1575e+01	 1.1481e+00
17.45	 1.0628e+00	0.14722	0.99933	 1.5878e-01	 9.9979e-01	 8.1558e+01	 1.1483e+00
17.462	 1.0621e+00	0.14736	1.0006	 1.5896e-01	 9.9979e-01	 8.1541e+01	 1.1487e+00
17.475	 1.0633e+00	0.14749	1.0001	 1.5914e-01	 9.9983e-01	 8.1525e+01	 1.1490e+00
17.487	 1.0599e+00	0.14763	1.0009	 1.5932e-01	 9.9985e-01	 8.1508e+01	 1.1489e+00
17.499	 1.0618e+00	0.14777	0.99963	 1.5951e-01	 9.9989e-01	 8.1491e+01	 1.1487e+00
17.512	 1.0615e+00	0.14791	1.0005	 1.5969e-01	 9.9987e-01	 8.1474e+01	 1.1481e+00
17.524	 1.0631e+00	0.14805	0.99986	 1.5988e-01	 9.9985e-01	 8.1457e+01	 1.1477e+00
17.536	 1.0625e+00	0.14819	1.0001	 1.6006e-01	 9.9987e-01	 8.1441e+01	 1.1474e+00
17.549	 1.0601e+00	0.14833	0.99996	 1.6025e-01	 9.9993e-01	 8.1424e+01	 1.1474e+00
17.561	 1.0626e+00	0.14847	0.99956	 1.6043e-01	 9.9999e-01	 8.1407e+01	 1.1478e+00
17.573	 1.0622e+00	0.14861	1.0003	 1.6061e-01	 9.9999e-01	 8.1390e+01	 1.1481e+00
17.586	 1.0649e+00	0.14875	0.99916	 1.6080e-01	 1.0000e+00	 8.1373e+01	 1.1484e+00
17.598	 1.0628e+00	0.14889	1.0008	 1.6098e-01	 9.9995e-01	 8.1356e+01	 1.1485e+00
17.61	 1.0644e+00	0.14904	0.99989	 1.6116e-01	 9.9997e-01	 8.1338e+01	 1.1482e+00
17.623	 1.0642e+00	0.14918	1.0006	 1.6134e-01	 9.9997e-01	 8.1321e+01	 1.1478e+00
17.635	 1.0641e+00	0.14932	1.0002	 1.6152e-01	 9.9999e-01	 8.1304e+01	 1.1474e+00
17.647	 1.0652e+00	0.14946	1.0004	 1.6170e-01	 1.0000e+00	 8.1287e+01	 1.1473e+00
17.66	 1.0632e+00	0.1496	1.0005	 1.6188e-01	 9.9995e-01	 8.1269e+01	 1.1474e+00
17.672	 1.0647e+00	0.14974	0.99966	 1.6206e-01	 9.9991e-01	 8.1252e+01	 1.1478e+00
17.685	 1.0635e+00	0.14989	1.0007	 1.6224e-01	 9.9989e-01	 8.1235e+01	 1.1483e+00
17.697	 1.0653e+00	0.15003	0.99963	 1.6242e-01	 9.9993e-01	 8.1217e+01	 1.1486e+00
17.709	 1.0638e+00	0.15018	1.0004	 1.6260e-01	 9.9997e-01	 8.1200e+01	 1.1487e+00
17.722	 1.0647e+00	0.15032	0.9992	 1.6279e-01	 1.0000e+00	 8.1183e+01	 1.1485e+00
17.734	 1.0645e+00	0.15045	1.0001	 1.6297e-01	 1.0000e+00	 8.1165e+01	 1.1481e+00
17.747	 1.0648e+00	0.15059	0.99999	 1.6315e-01	 9.9995e-01	 8.1148e+01	 1.1478e+00
17.759	 1.0666e+00	0.15074	0.99989	 1.6333e-01	 9.9993e-01	 8.1130e+01	 1.1475e+00
17.772	 1.0647e+00	0.15088	1.0004	 1.6351e-01	 9.9993e-01	 8.1112e+01	 1.1477e+00
17.784	 1.0663e+00	0.15102	0.99966	 1.6369e-01	 9.9997e-01	 8.1095e+01	 1.1480e+00
17.797	 1.0649e+00	0.15116	1.0007	 1.6388e-01	 9.9993e-01	 8.1077e+01	 1.1485e+00
17.809	 1.0674e+00	0.1513	0.99959	 1.6406e-01	 9.9991e-01	 8.1059e+01	 1.1488e+00
17.822	 1.0668e+00	0.15144	1.0007	 1.6425e-01	 9.9983e-01	 8.1042e+01	 1.1488e+00
17.834	 1.0665e+00	0.15159	0.99963	 1.6443e-01	 9.9981e-01	 8.1024e+01	 1.1486e+00
17.847	 1.0656e+00	0.15173	1.0001	 1.6462e-01	 9.9983e-01	 8.1006e+01	 1.1481e+00
17.859	 1.0651e+00	0.15188	1.0002	 1.6480e-01	 9.9987e-01	 8.0988e+01	 1.1477e+00
17.872	 1.0673e+00	0.15202	0.99982	 1.6498e-01	 9.9995e-01	 8.0970e+01	 1.1475e+00
17.884	 1.0662e+00	0.15217	1.0	 1.6517e-01	 9.9999e-01	 8.0952e+01	 1.1475e+00
17.897	 1.0686e+00	0.15231	0.99916	 1.6535e-01	 1.0001e+00	 8.0934e+01	 1.1479e+00
17.909	 1.0662e+00	0.15246	1.0006	 1.6553e-01	 1.0000e+00	 8.0916e+01	 1.1482e+00
17.922	 1.0680e+00	0.1526	0.9992	 1.6572e-01	 1.0000e+00	 8.0898e+01	 1.1485e+00
17.934	 1.0677e+00	0.15275	0.99999	 1.6591e-01	 9.9997e-01	 8.0880e+01	 1.1484e+00
17.947	 1.0676e+00	0.15289	0.99999	 1.6609e-01	 9.9997e-01	 8.0862e+01	 1.1481e+00
17.959	 1.0677e+00	0.15303	1.0003	 1.6627e-01	 9.9997e-01	 8.0844e+01	 1.1477e+00
17.972	 1.0673e+00	0.15318	0.99996	 1.6645e-01	 9.9995e-01	 8.0826e+01	 1.1472e+00
17.985	 1.0702e+00	0.15332	0.9993	 1.6664e-01	 9.9991e-01	 8.0808e+01	 1.1470e+00
17.997	 1.0676e+00	0.15346	1.0005	 1.6683e-01	 9.9985e-01	 8.0789e+01	 1.1470e+00
18.01	 1.0693e+00	0.15361	0.99966	 1.6701e-01	 9.9987e-01	 8.0771e+01	 1.1474e+00
18.022	 1.0678e+00	0.15376	1.0005	 1.6720e-01	 9.9989e-01	 8.0753e+01	 1.1477e+00
18.035	 1.0695e+00	0.1539	0.99949	 1.6738e-01	 9.9993e-01	 8.0735e+01	 1.1479e+00
18.048	 1.0697e+00	0.15404	1.0004	 1.6756e-01	 9.9989e-01	 8.0716e+01	 1.1479e+00
18.06	 1.0690e+00	0.15419	0.99976	 1.6775e-01	 9.9985e-01	 8.0698e+01	 1.1476e+00
18.073	 1.0701e+00	0.15433	0.99982	 1.6794e-01	 9.9983e-01	 8.0679e+01	 1.1472e+00
18.086	 1.0690e+00	0.15447	0.99996	 1.6812e-01	 9.9983e-01	 8.0661e+01	 1.1467e+00
18.098	 1.0713e+00	0.15462	0.99933	 1.6831e-01	 9.9987e-01	 8.0642e+01	 1.1465e+00
18.111	 1.0694e+00	0.15476	1.0006	 1.6850e-01	 9.9987e-01	 8.0624e+01	 1.1466e+00
18.124	 1.0694e+00	0.1549	0.9993	 1.6869e-01	 9.9991e-01	 8.0605e+01	 1.1468e+00
18.136	 1.0686e+00	0.15505	1.0005	 1.6888e-01	 9.9993e-01	 8.0587e+01	 1.1473e+00
18.149	 1.0706e+00	0.15519	0.99926	 1.6907e-01	 9.9999e-01	 8.0568e+01	 1.1475e+00
18.162	 1.0704e+00	0.15534	1.0001	 1.6926e-01	 1.0001e+00	 8.0549e+01	 1.1475e+00
18.174	 1.0695e+00	0.15548	1.0002	 1.6945e-01	 1.0001e+00	 8.0531e+01	 1.1472e+00
18.187	 1.0712e+00	0.15563	1.0002	 1.6964e-01	 1.0002e+00	 8.0512e+01	 1.1467e+00
18.2	 1.0701e+00	0.15577	1.0008	 1.6983e-01	 1.0001e+00	 8.0493e+01	 1.1462e+00
18.212	 1.0715e+00	0.15592	0.99979	 1.7002e-01	 1.0001e+00	 8.0474e+01	 1.1459e+00
18.225	 1.0681e+00	0.15607	1.0007	 1.7022e-01	 9.9995e-01	 8.0455e+01	 1.1460e+00
18.238	 1.0693e+00	0.15621	0.99926	 1.7041e-01	 9.9995e-01	 8.0436e+01	 1.1462e+00
18.251	 1.0689e+00	0.15636	1.0001	 1.7060e-01	 9.9993e-01	 8.0417e+01	 1.1464e+00
18.263	 1.0707e+00	0.15651	1.0	 1.7079e-01	 9.9997e-01	 8.0398e+01	 1.1467e+00
18.276	 1.0719e+00	0.15665	1.0005	 1.7098e-01	 9.9999e-01	 8.0379e+01	 1.1464e+00
18.289	 1.0719e+00	0.1568	0.99999	 1.7117e-01	 9.9997e-01	 8.0360e+01	 1.1461e+00
18.302	 1.0737e+00	0.15695	0.99949	 1.7137e-01	 9.9993e-01	 8.0341e+01	 1.1455e+00
18.315	 1.0712e+00	0.1571	1.0007	 1.7156e-01	 9.9989e-01	 8.0322e+01	 1.1450e+00
18.327	 1.0722e+00	0.15724	0.99969	 1.7175e-01	 9.9995e-01	 8.0303e+01	 1.1448e+00
18.34	 1.0710e+00	0.15738	1.0007	 1.7195e-01	 1.0000e+00	 8.0284e+01	 1.1447e+00
18.353	 1.0725e+00	0.15753	0.99959	 1.7214e-01	 1.0001e+00	 8.0265e+01	 1.1451e+00
18.366	 1.0711e+00	0.15767	1.0002	 1.7233e-01	 9.9999e-01	 8.0245e+01	 1.1454e+00
18.379	 1.0723e+00	0.15782	0.99946	 1.7253e-01	 9.9991e-01	 8.0226e+01	 1.1456e+00
18.391	 1.0731e+00	0.15796	1.0	 1.7272e-01	 9.9983e-01	 8.0207e+01	 1.1456e+00
18.404	 1.0719e+00	0.15811	1.0003	 1.7291e-01	 9.9977e-01	 8.0187e+01	 1.1453e+00
18.417	 1.0740e+00	0.15826	0.99936	 1.7311e-01	 9.9979e-01	 8.0168e+01	 1.1449e+00
18.43	 1.0727e+00	0.1584	1.0005	 1.7330e-01	 9.9983e-01	 8.0149e+01	 1.1444e+00
18.443	 1.0742e+00	0.15855	0.99979	 1.7348e-01	 9.9993e-01	 8.0129e+01	 1.1443e+00
18.456	 1.0729e+00	0.1587	1.0005	 1.7368e-01	 9.9999e-01	 8.0110e+01	 1.1445e+00
18.469	 1.0737e+00	0.15884	0.99933	 1.7387e-01	 1.0000e+00	 8.0090e+01	 1.1449e+00
18.481	 1.0719e+00	0.15899	1.0006	 1.7405e-01	 1.0000e+00	 8.0071e+01	 1.1455e+00
18.494	 1.0733e+00	0.15914	0.99992	 1.7425e-01	 1.0000e+00	 8.0051e+01	 1.1457e+00
18.507	 1.0745e+00	0.15929	0.99969	 1.7444e-01	 1.0000e+00	 8.0032e+01	 1.1459e+00
18.52	 1.0726e+00	0.15943	1.0002	 1.7463e-01	 1.0000e+00	 8.0012e+01	 1.1457e+00
18.533	 1.0749e+00	0.15958	0.99946	 1.7482e-01	 1.0001e+00	 7.9992e+01	 1.1454e+00
18.546	 1.0723e+00	0.15972	1.0006	 1.7501e-01	 1.0001e+00	 7.9973e+01	 1.1451e+00
18.559	 1.0754e+00	0.15987	0.99939	 1.7521e-01	 1.0001e+00	 7.9953e+01	 1.1450e+00
18.572	 1.0737e+00	0.16002	1.0006	 1.7540e-01	 9.9995e-01	 7.9933e+01	 1.1453e+00
18.585	 1.0729e+00	0.16017	0.99972	 1.7560e-01	 9.9993e-01	 7.9913e+01	 1.1457e+00
18.598	 1.0738e+00	0.16032	1.0003	 1.7579e-01	 9.9991e-01	 7.9893e+01	 1.1462e+00
18.611	 1.0729e+00	0.16047	0.99972	 1.7599e-01	 9.9991e-01	 7.9874e+01	 1.1465e+00
18.624	 1.0747e+00	0.16062	0.99946	 1.7618e-01	 9.9989e-01	 7.9854e+01	 1.1465e+00
18.637	 1.0740e+00	0.16076	1.0003	 1.7638e-01	 9.9987e-01	 7.9834e+01	 1.1464e+00
18.649	 1.0741e+00	0.16091	0.9993	 1.7657e-01	 9.9991e-01	 7.9814e+01	 1.1459e+00
18.662	 1.0715e+00	0.16106	1.0006	 1.7677e-01	 9.9993e-01	 7.9794e+01	 1.1456e+00
18.675	 1.0755e+00	0.16121	0.99963	 1.7696e-01	 1.0000e+00	 7.9774e+01	 1.1454e+00
18.688	 1.0751e+00	0.16137	1.0004	 1.7716e-01	 1.0001e+00	 7.9754e+01	 1.1455e+00
18.701	 1.0743e+00	0.16152	0.99963	 1.7735e-01	 1.0001e+00	 7.9734e+01	 1.1460e+00
18.715	 1.0749e+00	0.16167	0.99996	 1.7754e-01	 1.0000e+00	 7.9713e+01	 1.1463e+00
18.728	 1.0748e+00	0.16182	0.99979	 1.7773e-01	 9.9989e-01	 7.9693e+01	 1.1466e+00
18.741	 1.0765e+00	0.16197	0.99946	 1.7793e-01	 9.9981e-01	 7.9673e+01	 1.1465e+00
18.754	 1.0749e+00	0.16212	1.0004	 1.7813e-01	 9.9981e-01	 7.9653e+01	 1.1462e+00
18.767	 1.0768e+00	0.16227	0.99906	 1.7833e-01	 9.9993e-01	 7.9633e+01	 1.1458e+00
18.78	 1.0752e+00	0.16242	1.0002	 1.7852e-01	 1.0000e+00	 7.9612e+01	 1.1454e+00
18.793	 1.0765e+00	0.16257	0.99933	 1.7872e-01	 1.0002e+00	 7.9592e+01	 1.1453e+00
18.806	 1.0752e+00	0.16273	1.0006	 1.7891e-01	 1.0003e+00	 7.9572e+01	 1.1453e+00
18.819	 1.0747e+00	0.16288	1.0002	 1.7911e-01	 1.0003e+00	 7.9551e+01	 1.1456e+00
18.832	 1.0765e+00	0.16303	1.0001	 1.7931e-01	 1.0003e+00	 7.9531e+01	 1.1460e+00
18.845	 1.0762e+00	0.16318	1.0003	 1.7950e-01	 1.0002e+00	 7.9510e+01	 1.1461e+00
18.858	 1.0783e+00	0.16333	0.99959	 1.7971e-01	 1.0001e+00	 7.9490e+01	 1.1460e+00
18.871	 1.0768e+00	0.16348	1.0005	 1.7990e-01	 9.9999e-01	 7.9469e+01	 1.1455e+00
18.884	 1.0771e+00	0.16364	0.99913	 1.8011e-01	 9.9999e-01	 7.9449e+01	 1.1450e+00
18.897	 1.0744e+00	0.16379	1.0003	 1.8031e-01	 9.9999e-01	 7.9428e+01	 1.1445e+00
18.911	 1.0783e+00	0.16394	0.99916	 1.8051e-01	 1.0000e+00	 7.9408e+01	 1.1442e+00
18.924	 1.0779e+00	0.16409	1.0002	 1.8071e-01	 1.0000e+00	 7.9387e+01	 1.1444e+00
18.937	 1.0765e+00	0.16424	1.0002	 1.8091e-01	 9.9997e-01	 7.9366e+01	 1.1446e+00
18.95	 1.0771e+00	0.1644	0.99966	 1.8111e-01	 9.9991e-01	 7.9346e+01	 1.1450e+00
18.963	 1.0762e+00	0.16455	0.99986	 1.8130e-01	 9.9981e-01	 7.9325e+01	 1.1451e+00
18.976	 1.0791e+00	0.1647	0.9993	 1.8151e-01	 9.9975e-01	 7.9304e+01	 1.1450e+00
18.99	 1.0772e+00	0.16485	1.0005	 1.8170e-01	 9.9975e-01	 7.9283e+01	 1.1447e+00
19.003	 1.0793e+00	0.165	0.99939	 1.8190e-01	 9.9985e-01	 7.9262e+01	 1.1441e+00
19.016	 1.0771e+00	0.16515	1.0005	 1.8210e-01	 9.9991e-01	 7.9242e+01	 1.1439e+00
19.029	 1.0779e+00	0.16531	0.99996	 1.8230e-01	 9.9999e-01	 7.9221e+01	 1.1436e+00
19.042	 1.0782e+00	0.16546	1.0005	 1.8249e-01	 9.9997e-01	 7.9200e+01	 1.1437e+00
19.055	 1.0766e+00	0.16562	1.0004	 1.8269e-01	 9.9989e-01	 7.9179e+01	 1.1440e+00
19.069	 1.0787e+00	0.16577	0.99969	 1.8289e-01	 9.9983e-01	 7.9158e+01	 1.1443e+00
19.082	 1.0777e+00	0.16593	0.99986	 1.8309e-01	 9.9977e-01	 7.9137e+01	 1.1446e+00
19.095	 1.0795e+00	0.16608	0.99893	 1.8328e-01	 9.9981e-01	 7.9116e+01	 1.1443e+00
19.108	 1.0782e+00	0.16624	1.0006	 1.8348e-01	 9.9985e-01	 7.9095e+01	 1.1440e+00
19.122	 1.0799e+00	0.16639	0.99939	 1.8368e-01	 9.9993e-01	 7.9073e+01	 1.1435e+00
19.135	 1.0784e+00	0.16654	1.0001	 1.8388e-01	 9.9991e-01	 7.9052e+01	 1.1430e+00
19.148	 1.0788e+00	0.16669	0.99956	 1.8408e-01	 9.9989e-01	 7.9031e+01	 1.1430e+00
19.161	 1.0797e+00	0.16685	1.0001	 1.8428e-01	 9.9987e-01	 7.9010e+01	 1.1430e+00
19.175	 1.0786e+00	0.167	0.99986	 1.8448e-01	 9.9989e-01	 7.8989e+01	 1.1435e+00
19.188	 1.0798e+00	0.16715	0.99956	 1.8468e-01	 9.9995e-01	 7.8967e+01	 1.1439e+00
19.201	 1.0787e+00	0.1673	1.0003	 1.8488e-01	 9.9999e-01	 7.8946e+01	 1.1441e+00
19.215	 1.0810e+00	0.16746	0.9986	 1.8508e-01	 1.0001e+00	 7.8925e+01	 1.1442e+00
19.228	 1.0787e+00	0.16761	0.99996	 1.8528e-01	 1.0001e+00	 7.8903e+01	 1.1439e+00
19.241	 1.0795e+00	0.16777	0.99949	 1.8548e-01	 1.0001e+00	 7.8882e+01	 1.1436e+00
19.254	 1.0789e+00	0.16792	1.0005	 1.8567e-01	 9.9997e-01	 7.8860e+01	 1.1432e+00
19.268	 1.0792e+00	0.16808	1.0001	 1.8588e-01	 9.9995e-01	 7.8839e+01	 1.1432e+00
19.281	 1.0802e+00	0.16823	1.0004	 1.8607e-01	 9.9995e-01	 7.8817e+01	 1.1434e+00
19.294	 1.0788e+00	0.16839	1.0001	 1.8627e-01	 9.9995e-01	 7.8796e+01	 1.1438e+00
19.308	 1.0810e+00	0.16855	0.999	 1.8647e-01	 9.9997e-01	 7.8774e+01	 1.1443e+00
19.321	 1.0792e+00	0.1687	1.0003	 1.8667e-01	 9.9995e-01	 7.8753e+01	 1.1445e+00
19.335	 1.0808e+00	0.16886	0.99923	 1.8687e-01	 9.9993e-01	 7.8731e+01	 1.1445e+00
19.348	 1.0794e+00	0.16901	1.0002	 1.8707e-01	 9.9989e-01	 7.8709e+01	 1.1441e+00
19.361	 1.0805e+00	0.16916	0.99936	 1.8727e-01	 9.9991e-01	 7.8688e+01	 1.1436e+00
19.375	 1.0804e+00	0.16932	1.0	 1.8747e-01	 9.9997e-01	 7.8666e+01	 1.1433e+00
19.388	 1.0807e+00	0.16948	0.99989	 1.8768e-01	 1.0000e+00	 7.8644e+01	 1.1430e+00
19.402	 1.0817e+00	0.16963	0.99996	 1.8787e-01	 1.0000e+00	 7.8623e+01	 1.1431e+00
19.415	 1.0792e+00	0.16979	1.0003	 1.8807e-01	 9.9995e-01	 7.8601e+01	 1.1433e+00
19.428	 1.0818e+00	0.16994	0.99943	 1.8827e-01	 9.9991e-01	 7.8579e+01	 1.1435e+00
19.442	 1.0806e+00	0.17009	1.0007	 1.8847e-01	 9.9985e-01	 7.8557e+01	 1.1436e+00
19.455	 1.0811e+00	0.17025	0.99953	 1.8866e-01	 9.9985e-01	 7.8535e+01	 1.1433e+00
19.469	 1.0798e+00	0.17041	1.0005	 1.8887e-01	 9.9979e-01	 7.8513e+01	 1.1429e+00
19.482	 1.0807e+00	0.17056	0.99969	 1.8907e-01	 9.9977e-01	 7.8491e+01	 1.1422e+00
19.496	 1.0810e+00	0.17072	1.0002	 1.8927e-01	 9.9981e-01	 7.8469e+01	 1.1417e+00
19.509	 1.0812e+00	0.17088	1.0002	 1.8947e-01	 9.9987e-01	 7.8447e+01	 1.1414e+00
19.522	 1.0823e+00	0.17103	1.0001	 1.8967e-01	 9.9993e-01	 7.8425e+01	 1.1413e+00
19.536	 1.0791e+00	0.17119	1.0002	 1.8988e-01	 9.9993e-01	 7.8403e+01	 1.1416e+00
19.549	 1.0816e+00	0.17135	0.99893	 1.9008e-01	 9.9993e-01	 7.8381e+01	 1.1418e+00
19.563	 1.0806e+00	0.1715	0.99996	 1.9028e-01	 9.9991e-01	 7.8359e+01	 1.1420e+00
19.576	 1.0820e+00	0.17166	0.9993	 1.9048e-01	 9.9991e-01	 7.8336e+01	 1.1418e+00
19.59	 1.0813e+00	0.17182	1.0005	 1.9069e-01	 9.9991e-01	 7.8314e+01	 1.1413e+00
19.603	 1.0812e+00	0.17198	0.99972	 1.9089e-01	 9.9993e-01	 7.8292e+01	 1.1408e+00
19.617	 1.0820e+00	0.17213	0.99992	 1.9109e-01	 9.9993e-01	 7.8270e+01	 1.1403e+00
19.631	 1.0813e+00	0.1723	0.99982	 1.9129e-01	 9.9991e-01	 7.8247e+01	 1.1402e+00
19.644	 1.0833e+00	0.17245	0.99939	 1.9150e-01	 9.9993e-01	 7.8225e+01	 1.1402e+00
19.658	 1.0804e+00	0.17261	1.0003	 1.9170e-01	 9.9987e-01	 7.8203e+01	 1.1405e+00
19.671	 1.0824e+00	0.17277	0.9992	 1.9190e-01	 9.9985e-01	 7.8180e+01	 1.1409e+00
19.685	 1.0819e+00	0.17292	1.0008	 1.9211e-01	 9.9981e-01	 7.8158e+01	 1.1410e+00
19.698	 1.0835e+00	0.17308	0.99956	 1.9231e-01	 9.9983e-01	 7.8135e+01	 1.1409e+00
19.712	 1.0822e+00	0.17325	1.0001	 1.9252e-01	 9.9983e-01	 7.8113e+01	 1.1405e+00
19.725	 1.0809e+00	0.17341	0.99979	 1.9272e-01	 9.9983e-01	 7.8090e+01	 1.1401e+00
19.739	 1.0832e+00	0.17356	0.99992	 1.9292e-01	 9.9983e-01	 7.8068e+01	 1.1397e+00
19.753	 1.0827e+00	0.17373	1.0003	 1.9312e-01	 9.9981e-01	 7.8045e+01	 1.1396e+00
19.766	 1.0842e+00	0.17389	0.99943	 1.9333e-01	 9.9985e-01	 7.8023e+01	 1.1399e+00
19.78	 1.0827e+00	0.17405	1.0003	 1.9353e-01	 9.9987e-01	 7.8000e+01	 1.1402e+00
19.793	 1.0849e+00	0.17421	0.99903	 1.9373e-01	 9.9989e-01	 7.7978e+01	 1.1408e+00
19.807	 1.0830e+00	0.17437	0.99989	 1.9393e-01	 9.9985e-01	 7.7955e+01	 1.1411e+00
19.821	 1.0836e+00	0.17453	0.99943	 1.9414e-01	 9.9981e-01	 7.7932e+01	 1.1411e+00
19.834	 1.0836e+00	0.17469	1.0004	 1.9434e-01	 9.9977e-01	 7.7909e+01	 1.1410e+00
19.848	 1.0834e+00	0.17485	1.0002	 1.9455e-01	 9.9979e-01	 7.7887e+01	 1.1406e+00
19.862	 1.0848e+00	0.175	0.99992	 1.9475e-01	 9.9987e-01	 7.7864e+01	 1.1405e+00
19.875	 1.0825e+00	0.17517	1.0006	 1.9496e-01	 9.9993e-01	 7.7841e+01	 1.1406e+00
19.889	 1.0845e+00	0.17533	0.99992	 1.9516e-01	 9.9999e-01	 7.7818e+01	 1.1409e+00
19.903	 1.0829e+00	0.17549	1.0009	 1.9537e-01	 9.9997e-01	 7.7795e+01	 1.1415e+00
19.916	 1.0848e+00	0.17565	0.99949	 1.9557e-01	 9.9995e-01	 7.7772e+01	 1.1419e+00
19.93	 1.0832e+00	0.17581	1.0003	 1.9578e-01	 9.9987e-01	 7.7749e+01	 1.1423e+00
19.944	 1.0839e+00	0.17597	0.9993	 1.9598e-01	 9.9985e-01	 7.7727e+01	 1.1423e+00
19.957	 1.0845e+00	0.17613	0.99992	 1.9619e-01	 9.9987e-01	 7.7704e+01	 1.1420e+00
19.971	 1.0833e+00	0.17628	0.99992	 1.9640e-01	 9.9997e-01	 7.7680e+01	 1.1416e+00
19.985	 1.0843e+00	0.17644	0.99959	 1.9660e-01	 1.0001e+00	 7.7657e+01	 1.1412e+00
19.999	 1.0829e+00	0.1766	1.0003	 1.9680e-01	 1.0001e+00	 7.7634e+01	 1.1412e+00
20.012	 1.0858e+00	0.17676	0.99936	 1.9701e-01	 1.0001e+00	 7.7611e+01	 1.1413e+00
20.026	 1.0844e+00	0.17692	1.0006	 1.9721e-01	 1.0000e+00	 7.7588e+01	 1.1417e+00
20.04	 1.0863e+00	0.17708	0.99986	 1.9742e-01	 1.0000e+00	 7.7565e+01	 1.1420e+00
20.054	 1.0849e+00	0.17725	1.0007	 1.9763e-01	 9.9997e-01	 7.7542e+01	 1.1422e+00
20.067	 1.0844e+00	0.17741	0.99963	 1.9784e-01	 9.9997e-01	 7.7519e+01	 1.1421e+00
20.081	 1.0856e+00	0.17758	0.99959	 1.9804e-01	 9.9995e-01	 7.7495e+01	 1.1416e+00
20.095	 1.0845e+00	0.17774	1.0	 1.9825e-01	 9.9993e-01	 7.7472e+01	 1.1412e+00
20.109	 1.0862e+00	0.1779	0.99959	 1.9846e-01	 9.9999e-01	 7.7449e+01	 1.1407e+00
20.123	 1.0847e+00	0.17806	1.0004	 1.9867e-01	 1.0001e+00	 7.7425e+01	 1.1406e+00
20.136	 1.0866e+00	0.17822	0.99943	 1.9888e-01	 1.0001e+00	 7.7402e+01	 1.1408e+00
20.15	 1.0854e+00	0.17838	1.0007	 1.9909e-01	 1.0001e+00	 7.7379e+01	 1.1410e+00
20.164	 1.0870e+00	0.17855	0.99949	 1.9930e-01	 1.0002e+00	 7.7355e+01	 1.1414e+00
20.178	 1.0861e+00	0.17871	1.0003	 1.9951e-01	 1.0001e+00	 7.7332e+01	 1.1415e+00
20.192	 1.0861e+00	0.17887	1.0002	 1.9972e-01	 1.0001e+00	 7.7308e+01	 1.1413e+00
20.206	 1.0852e+00	0.17903	1.0004	 1.9993e-01	 1.0000e+00	 7.7285e+01	 1.1410e+00
20.219	 1.0836e+00	0.17919	1.0008	 2.0014e-01	 9.9993e-01	 7.7261e+01	 1.1404e+00
20.233	 1.0858e+00	0.17936	0.99956	 2.0036e-01	 9.9991e-01	 7.7238e+01	 1.1402e+00
20.247	 1.0841e+00	0.17952	1.0003	 2.0057e-01	 9.9987e-01	 7.7214e+01	 1.1399e+00
20.261	 1.0874e+00	0.17968	0.99936	 2.0079e-01	 9.9991e-01	 7.7190e+01	 1.1402e+00
20.275	 1.0862e+00	0.17984	1.0007	 2.0100e-01	 9.9991e-01	 7.7167e+01	 1.1406e+00
20.289	 1.0854e+00	0.18001	0.99986	 2.0121e-01	 9.9991e-01	 7.7143e+01	 1.1409e+00
20.303	 1.0852e+00	0.18017	1.0007	 2.0142e-01	 9.9985e-01	 7.7119e+01	 1.1411e+00
20.317	 1.0859e+00	0.18034	1.0002	 2.0164e-01	 9.9981e-01	 7.7096e+01	 1.1409e+00
20.331	 1.0874e+00	0.1805	1.0001	 2.0185e-01	 9.9983e-01	 7.7072e+01	 1.1406e+00
20.345	 1.0872e+00	0.18067	1.0	 2.0206e-01	 9.9985e-01	 7.7048e+01	 1.1400e+00
20.358	 1.0890e+00	0.18083	0.99903	 2.0227e-01	 9.9989e-01	 7.7024e+01	 1.1396e+00
20.372	 1.0859e+00	0.18101	1.0008	 2.0248e-01	 9.9985e-01	 7.7001e+01	 1.1394e+00
20.386	 1.0857e+00	0.18117	0.99986	 2.0269e-01	 9.9987e-01	 7.6977e+01	 1.1394e+00
20.4	 1.0842e+00	0.18134	1.0003	 2.0291e-01	 9.9991e-01	 7.6953e+01	 1.1398e+00
20.414	 1.0865e+00	0.18151	0.99936	 2.0312e-01	 9.9997e-01	 7.6929e+01	 1.1400e+00
20.428	 1.0890e+00	0.18167	0.99969	 2.0333e-01	 1.0000e+00	 7.6905e+01	 1.1401e+00
20.442	 1.0887e+00	0.18184	0.99986	 2.0355e-01	 1.0000e+00	 7.6881e+01	 1.1399e+00
20.456	 1.0903e+00	0.182	0.99953	 2.0376e-01	 1.0000e+00	 7.6857e+01	 1.1394e+00
20.47	 1.0860e+00	0.18217	1.0001	 2.0397e-01	 9.9997e-01	 7.6833e+01	 1.1390e+00
20.484	 1.0890e+00	0.18234	0.99943	 2.0418e-01	 9.9999e-01	 7.6809e+01	 1.1384e+00
20.498	 1.0861e+00	0.18251	1.0006	 2.0439e-01	 9.9995e-01	 7.6785e+01	 1.1384e+00
20.512	 1.0867e+00	0.18267	0.99923	 2.0460e-01	 9.9997e-01	 7.6761e+01	 1.1385e+00
20.526	 1.0879e+00	0.18284	0.99969	 2.0481e-01	 9.9999e-01	 7.6736e+01	 1.1388e+00
20.54	 1.0874e+00	0.18301	0.99936	 2.0503e-01	 1.0001e+00	 7.6712e+01	 1.1392e+00
20.554	 1.0883e+00	0.18317	0.99986	 2.0524e-01	 1.0001e+00	 7.6688e+01	 1.1392e+00
20.568	 1.0867e+00	0.18334	1.0002	 2.0546e-01	 1.0001e+00	 7.6664e+01	 1.1392e+00
20.583	 1.0877e+00	0.18351	0.9993	 2.0567e-01	 1.0001e+00	 7.6640e+01	 1.1387e+00
20.597	 1.0861e+00	0.18368	1.0004	 2.0588e-01	 1.0001e+00	 7.6615e+01	 1.1383e+00
20.611	 1.0894e+00	0.18384	0.99933	 2.0609e-01	 1.0000e+00	 7.6591e+01	 1.1380e+00
20.625	 1.0880e+00	0.18401	1.0004	 2.0630e-01	 1.0000e+00	 7.6567e+01	 1.1378e+00
20.639	 1.0897e+00	0.18417	0.99949	 2.0651e-01	 1.0001e+00	 7.6542e+01	 1.1381e+00
20.653	 1.0885e+00	0.18433	1.0002	 2.0673e-01	 1.0001e+00	 7.6518e+01	 1.1384e+00
20.667	 1.0872e+00	0.1845	0.99976	 2.0694e-01	 9.9999e-01	 7.6494e+01	 1.1389e+00
20.681	 1.0877e+00	0.18466	0.99976	 2.0715e-01	 9.9987e-01	 7.6469e+01	 1.1391e+00
20.695	 1.0867e+00	0.18482	0.99982	 2.0737e-01	 9.9979e-01	 7.6445e+01	 1.1390e+00
20.709	 1.0898e+00	0.18499	0.99953	 2.0758e-01	 9.9975e-01	 7.6420e+01	 1.1388e+00
20.724	 1.0862e+00	0.18515	1.0005	 2.0780e-01	 9.9971e-01	 7.6396e+01	 1.1383e+00
20.738	 1.0891e+00	0.18532	0.99946	 2.0801e-01	 9.9975e-01	 7.6371e+01	 1.1380e+00
20.752	 1.0882e+00	0.18548	1.0008	 2.0822e-01	 9.9985e-01	 7.6347e+01	 1.1380e+00
20.766	 1.0887e+00	0.18565	0.99943	 2.0843e-01	 9.9997e-01	 7.6322e+01	 1.1382e+00
20.78	 1.0895e+00	0.18581	0.99989	 2.0865e-01	 1.0000e+00	 7.6297e+01	 1.1387e+00
20.794	 1.0889e+00	0.18598	0.99949	 2.0887e-01	 9.9999e-01	 7.6273e+01	 1.1390e+00
20.808	 1.0894e+00	0.18614	0.99933	 2.0908e-01	 9.9991e-01	 7.6248e+01	 1.1393e+00
20.823	 1.0880e+00	0.18631	1.0002	 2.0930e-01	 9.9985e-01	 7.6223e+01	 1.1391e+00
20.837	 1.0928e+00	0.18648	0.99943	 2.0952e-01	 9.9987e-01	 7.6199e+01	 1.1388e+00
20.851	 1.0903e+00	0.18665	1.0007	 2.0973e-01	 9.9991e-01	 7.6174e+01	 1.1384e+00
20.865	 1.0911e+00	0.18682	0.99969	 2.0994e-01	 9.9995e-01	 7.6149e+01	 1.1380e+00
20.879	 1.0893e+00	0.18698	1.0003	 2.1016e-01	 9.9997e-01	 7.6124e+01	 1.1380e+00
20.894	 1.0893e+00	0.18714	0.99956	 2.1038e-01	 9.9999e-01	 7.6100e+01	 1.1381e+00
20.908	 1.0901e+00	0.18731	0.99996	 2.1059e-01	 9.9997e-01	 7.6075e+01	 1.1385e+00
20.922	 1.0890e+00	0.18748	1.0002	 2.1081e-01	 9.9999e-01	 7.6050e+01	 1.1388e+00
20.936	 1.0919e+00	0.18764	0.99982	 2.1103e-01	 1.0001e+00	 7.6025e+01	 1.1388e+00
20.951	 1.0904e+00	0.18781	1.0003	 2.1124e-01	 1.0001e+00	 7.6000e+01	 1.1387e+00
20.965	 1.0912e+00	0.18798	0.99916	 2.1146e-01	 1.0001e+00	 7.5975e+01	 1.1381e+00
20.979	 1.0895e+00	0.18814	1.0004	 2.1168e-01	 1.0001e+00	 7.5950e+01	 1.1377e+00
20.993	 1.0913e+00	0.18831	0.99943	 2.1190e-01	 1.0001e+00	 7.5925e+01	 1.1373e+00
21.008	 1.0899e+00	0.18847	1.0004	 2.1212e-01	 9.9999e-01	 7.5900e+01	 1.1372e+00
21.022	 1.0895e+00	0.18864	1.0002	 2.1234e-01	 9.9997e-01	 7.5875e+01	 1.1375e+00
21.036	 1.0912e+00	0.18881	1.0006	 2.1256e-01	 9.9995e-01	 7.5850e+01	 1.1377e+00
21.051	 1.0905e+00	0.18898	1.0004	 2.1278e-01	 9.9995e-01	 7.5825e+01	 1.1381e+00
21.065	 1.0922e+00	0.18914	0.99939	 2.1300e-01	 9.9995e-01	 7.5800e+01	 1.1381e+00
21.079	 1.0898e+00	0.18931	1.0007	 2.1321e-01	 9.9989e-01	 7.5775e+01	 1.1379e+00
21.094	 1.0918e+00	0.18948	0.99943	 2.1343e-01	 9.9989e-01	 7.5750e+01	 1.1375e+00
21.108	 1.0910e+00	0.18965	1.0002	 2.1365e-01	 9.9987e-01	 7.5724e+01	 1.1368e+00
21.122	 1.0922e+00	0.18982	0.99933	 2.1387e-01	 9.9987e-01	 7.5699e+01	 1.1365e+00
21.137	 1.0917e+00	0.18999	1.0002	 2.1409e-01	 9.9987e-01	 7.5674e+01	 1.1362e+00
21.151	 1.0911e+00	0.19016	0.99946	 2.1432e-01	 9.9987e-01	 7.5649e+01	 1.1364e+00
21.165	 1.0927e+00	0.19033	0.99936	 2.1454e-01	 9.9989e-01	 7.5623e+01	 1.1367e+00
21.18	 1.0909e+00	0.1905	0.99969	 2.1476e-01	 9.9989e-01	 7.5598e+01	 1.1369e+00
21.194	 1.0923e+00	0.19068	0.9993	 2.1499e-01	 9.9987e-01	 7.5573e+01	 1.1371e+00
21.208	 1.0902e+00	0.19085	1.0007	 2.1521e-01	 9.9979e-01	 7.5547e+01	 1.1367e+00
21.223	 1.0936e+00	0.19101	0.99923	 2.1543e-01	 9.9977e-01	 7.5522e+01	 1.1364e+00
21.237	 1.0923e+00	0.19119	0.99989	 2.1566e-01	 9.9975e-01	 7.5497e+01	 1.1359e+00
21.252	 1.0926e+00	0.19136	0.99949	 2.1588e-01	 9.9979e-01	 7.5471e+01	 1.1355e+00
21.266	 1.0919e+00	0.19153	0.99992	 2.1611e-01	 9.9981e-01	 7.5446e+01	 1.1355e+00
21.281	 1.0913e+00	0.1917	0.99979	 2.1634e-01	 9.9981e-01	 7.5420e+01	 1.1356e+00
21.295	 1.0930e+00	0.19187	0.99963	 2.1656e-01	 9.9981e-01	 7.5395e+01	 1.1360e+00
21.309	 1.0911e+00	0.19203	0.99999	 2.1679e-01	 9.9981e-01	 7.5369e+01	 1.1363e+00
21.324	 1.0930e+00	0.1922	0.99883	 2.1702e-01	 9.9983e-01	 7.5344e+01	 1.1364e+00
21.338	 1.0911e+00	0.19236	1.0003	 2.1724e-01	 9.9979e-01	 7.5318e+01	 1.1362e+00
21.353	 1.0931e+00	0.19252	0.99949	 2.1747e-01	 9.9975e-01	 7.5293e+01	 1.1357e+00
21.367	 1.0923e+00	0.19268	1.0005	 2.1770e-01	 9.9971e-01	 7.5267e+01	 1.1353e+00
21.382	 1.0922e+00	0.19285	0.99999	 2.1792e-01	 9.9975e-01	 7.5242e+01	 1.1349e+00
21.396	 1.0927e+00	0.19301	1.0004	 2.1814e-01	 9.9983e-01	 7.5216e+01	 1.1348e+00
21.411	 1.0922e+00	0.19318	0.99992	 2.1837e-01	 9.9993e-01	 7.5190e+01	 1.1350e+00
21.425	 1.0935e+00	0.19335	0.99936	 2.1859e-01	 9.9999e-01	 7.5165e+01	 1.1352e+00
21.44	 1.0914e+00	0.19352	0.99989	 2.1881e-01	 9.9999e-01	 7.5139e+01	 1.1355e+00
21.454	 1.0946e+00	0.19368	0.99887	 2.1903e-01	 9.9999e-01	 7.5113e+01	 1.1355e+00
21.469	 1.0934e+00	0.19385	1.0003	 2.1926e-01	 1.0000e+00	 7.5087e+01	 1.1353e+00
21.483	 1.0943e+00	0.19401	0.99926	 2.1948e-01	 1.0001e+00	 7.5062e+01	 1.1348e+00
21.498	 1.0933e+00	0.19418	1.0002	 2.1971e-01	 1.0001e+00	 7.5036e+01	 1.1342e+00
21.512	 1.0932e+00	0.19435	0.99943	 2.1994e-01	 1.0000e+00	 7.5010e+01	 1.1339e+00
21.527	 1.0936e+00	0.19452	0.99976	 2.2016e-01	 9.9987e-01	 7.4984e+01	 1.1337e+00
21.541	 1.0926e+00	0.19469	1.0006	 2.2039e-01	 9.9971e-01	 7.4958e+01	 1.1340e+00
21.556	 1.0956e+00	0.19486	0.99956	 2.2062e-01	 9.9963e-01	 7.4932e+01	 1.1343e+00
21.571	 1.0933e+00	0.19503	1.0004	 2.2085e-01	 9.9963e-01	 7.4907e+01	 1.1346e+00
21.585	 1.0951e+00	0.19521	0.99943	 2.2107e-01	 9.9973e-01	 7.4881e+01	 1.1347e+00
21.6	 1.0930e+00	0.19538	1.0006	 2.2130e-01	 9.9985e-01	 7.4855e+01	 1.1343e+00
21.614	 1.0943e+00	0.19555	0.99959	 2.2153e-01	 9.9997e-01	 7.4829e+01	 1.1341e+00
21.629	 1.0950e+00	0.19572	1.0003	 2.2177e-01	 1.0000e+00	 7.4803e+01	 1.1335e+00
21.644	 1.0937e+00	0.19589	1.0003	 2.2199e-01	 1.0000e+00	 7.4777e+01	 1.1332e+00
21.658	 1.0941e+00	0.19606	1.0003	 2.2222e-01	 1.0000e+00	 7.4751e+01	 1.1331e+00
21.673	 1.0930e+00	0.19623	1.0003	 2.2245e-01	 1.0000e+00	 7.4725e+01	 1.1333e+00
21.688	 1.0948e+00	0.1964	0.99897	 2.2268e-01	 1.0001e+00	 7.4699e+01	 1.1338e+00
21.702	 1.0931e+00	0.19657	1.0003	 2.2291e-01	 1.0001e+00	 7.4672e+01	 1.1341e+00
21.717	 1.0955e+00	0.19675	0.99943	 2.2314e-01	 1.0002e+00	 7.4646e+01	 1.1344e+00
21.731	 1.0946e+00	0.19691	1.0003	 2.2337e-01	 1.0001e+00	 7.4620e+01	 1.1342e+00
21.746	 1.0948e+00	0.19709	0.99946	 2.2360e-01	 1.0001e+00	 7.4594e+01	 1.1339e+00
21.761	 1.0944e+00	0.19726	0.99986	 2.2384e-01	 1.0001e+00	 7.4568e+01	 1.1337e+00
21.776	 1.0943e+00	0.19743	0.99992	 2.2407e-01	 9.9995e-01	 7.4542e+01	 1.1334e+00
21.79	 1.0960e+00	0.19761	0.99956	 2.2430e-01	 9.9987e-01	 7.4515e+01	 1.1336e+00
21.805	 1.0941e+00	0.19778	1.0	 2.2453e-01	 9.9981e-01	 7.4489e+01	 1.1339e+00
21.82	 1.0962e+00	0.19795	0.99923	 2.2476e-01	 9.9983e-01	 7.4463e+01	 1.1344e+00
21.834	 1.0937e+00	0.19813	1.0006	 2.2499e-01	 9.9983e-01	 7.4437e+01	 1.1349e+00
21.849	 1.0955e+00	0.1983	0.99959	 2.2522e-01	 9.9989e-01	 7.4410e+01	 1.1350e+00
21.864	 1.0952e+00	0.19847	1.0004	 2.2545e-01	 9.9991e-01	 7.4384e+01	 1.1350e+00
21.879	 1.0959e+00	0.19864	0.99982	 2.2568e-01	 9.9991e-01	 7.4358e+01	 1.1345e+00
21.893	 1.0955e+00	0.19882	1.0002	 2.2591e-01	 9.9991e-01	 7.4331e+01	 1.1342e+00
21.908	 1.0942e+00	0.19899	0.99996	 2.2615e-01	 9.9989e-01	 7.4305e+01	 1.1339e+00
21.923	 1.0965e+00	0.19915	0.99946	 2.2638e-01	 9.9989e-01	 7.4278e+01	 1.1338e+00
21.938	 1.0947e+00	0.19933	1.0004	 2.2661e-01	 9.9991e-01	 7.4252e+01	 1.1342e+00
21.952	 1.0963e+00	0.1995	0.99906	 2.2685e-01	 9.9999e-01	 7.4226e+01	 1.1345e+00
21.967	 1.0943e+00	0.19967	1.0003	 2.2708e-01	 1.0000e+00	 7.4199e+01	 1.1349e+00
21.982	 1.0961e+00	0.19984	0.99986	 2.2731e-01	 1.0001e+00	 7.4173e+01	 1.1349e+00
21.997	 1.0954e+00	0.20002	1.0005	 2.2755e-01	 1.0001e+00	 7.4146e+01	 1.1347e+00
22.011	 1.0947e+00	0.20019	0.99956	 2.2778e-01	 1.0000e+00	 7.4120e+01	 1.1344e+00
22.026	 1.0963e+00	0.20036	0.99933	 2.2802e-01	 9.9997e-01	 7.4093e+01	 1.1338e+00
22.041	 1.0958e+00	0.20054	0.99999	 2.2826e-01	 9.9991e-01	 7.4067e+01	 1.1336e+00
22.056	 1.0974e+00	0.20071	0.99939	 2.2849e-01	 9.9983e-01	 7.4040e+01	 1.1335e+00
22.071	 1.0952e+00	0.20088	1.0001	 2.2872e-01	 9.9971e-01	 7.4013e+01	 1.1337e+00
22.086	 1.0971e+00	0.20106	0.9993	 2.2895e-01	 9.9967e-01	 7.3987e+01	 1.1341e+00
22.1	 1.0959e+00	0.20123	1.0007	 2.2919e-01	 9.9965e-01	 7.3960e+01	 1.1342e+00
22.115	 1.0971e+00	0.2014	0.99986	 2.2942e-01	 9.9977e-01	 7.3933e+01	 1.1344e+00
22.13	 1.0967e+00	0.20157	1.0006	 2.2965e-01	 9.9995e-01	 7.3907e+01	 1.1340e+00
22.145	 1.0965e+00	0.20175	1.0006	 2.2988e-01	 1.0001e+00	 7.3880e+01	 1.1336e+00
22.16	 1.0976e+00	0.20192	1.0003	 2.3011e-01	 1.0002e+00	 7.3853e+01	 1.1331e+00
22.175	 1.0959e+00	0.20209	1.0002	 2.3034e-01	 1.0001e+00	 7.3826e+01	 1.1326e+00
22.19	 1.0974e+00	0.20226	0.99906	 2.3057e-01	 9.9993e-01	 7.3800e+01	 1.1327e+00
22.205	 1.0954e+00	0.20243	1.0002	 2.3080e-01	 9.9973e-01	 7.3773e+01	 1.1328e+00
22.22	 1.0978e+00	0.2026	0.99956	 2.3103e-01	 9.9969e-01	 7.3746e+01	 1.1333e+00
22.234	 1.0966e+00	0.20277	1.0006	 2.3127e-01	 9.9975e-01	 7.3719e+01	 1.1336e+00
22.249	 1.0970e+00	0.20295	0.99939	 2.3150e-01	 9.9989e-01	 7.3692e+01	 1.1337e+00
22.264	 1.0982e+00	0.20312	0.99963	 2.3173e-01	 9.9999e-01	 7.3666e+01	 1.1337e+00
22.279	 1.0972e+00	0.20329	0.99939	 2.3196e-01	 9.9999e-01	 7.3639e+01	 1.1332e+00
22.294	 1.0978e+00	0.20347	0.99933	 2.3220e-01	 9.9995e-01	 7.3612e+01	 1.1330e+00
22.309	 1.0959e+00	0.20364	1.0004	 2.3243e-01	 9.9987e-01	 7.3585e+01	 1.1327e+00
22.324	 1.0984e+00	0.20381	0.99893	 2.3267e-01	 9.9985e-01	 7.3558e+01	 1.1328e+00
22.339	 1.0966e+00	0.20398	1.0002	 2.3290e-01	 9.9985e-01	 7.3531e+01	 1.1332e+00
22.354	 1.0984e+00	0.20415	0.99959	 2.3314e-01	 9.9991e-01	 7.3504e+01	 1.1336e+00
22.369	 1.0981e+00	0.20432	1.0005	 2.3337e-01	 9.9995e-01	 7.3477e+01	 1.1341e+00
22.384	 1.0994e+00	0.2045	0.99933	 2.3361e-01	 9.9999e-01	 7.3450e+01	 1.1341e+00
22.399	 1.0993e+00	0.20467	0.99923	 2.3384e-01	 9.9995e-01	 7.3423e+01	 1.1340e+00
22.414	 1.0969e+00	0.20484	0.99989	 2.3408e-01	 9.9991e-01	 7.3396e+01	 1.1336e+00
22.429	 1.0987e+00	0.20501	0.99999	 2.3432e-01	 9.9991e-01	 7.3369e+01	 1.1332e+00
22.444	 1.0968e+00	0.20518	1.0005	 2.3455e-01	 9.9993e-01	 7.3342e+01	 1.1331e+00
22.459	 1.0985e+00	0.20536	0.99873	 2.3479e-01	 9.9997e-01	 7.3315e+01	 1.1330e+00
22.474	 1.0972e+00	0.20553	1.0001	 2.3502e-01	 9.9993e-01	 7.3288e+01	 1.1334e+00
22.489	 1.0987e+00	0.2057	0.99956	 2.3525e-01	 9.9987e-01	 7.3261e+01	 1.1338e+00
22.504	 1.0988e+00	0.20587	1.0005	 2.3548e-01	 9.9981e-01	 7.3234e+01	 1.1341e+00
22.519	 1.0987e+00	0.20605	0.99976	 2.3572e-01	 9.9981e-01	 7.3206e+01	 1.1343e+00
22.534	 1.0997e+00	0.20622	0.99956	 2.3595e-01	 9.9985e-01	 7.3179e+01	 1.1340e+00
22.549	 1.0977e+00	0.20639	0.99986	 2.3618e-01	 9.9991e-01	 7.3152e+01	 1.1337e+00
22.565	 1.0988e+00	0.20656	0.99939	 2.3641e-01	 1.0000e+00	 7.3125e+01	 1.1331e+00
22.58	 1.0980e+00	0.20674	1.0007	 2.3665e-01	 1.0000e+00	 7.3098e+01	 1.1328e+00
22.595	 1.0999e+00	0.20692	0.99963	 2.3689e-01	 1.0001e+00	 7.3070e+01	 1.1329e+00
22.61	 1.0976e+00	0.20709	1.0005	 2.3712e-01	 1.0001e+00	 7.3043e+01	 1.1330e+00
22.625	 1.0991e+00	0.20727	0.99956	 2.3735e-01	 1.0002e+00	 7.3016e+01	 1.1335e+00
22.64	 1.0995e+00	0.20744	1.0002	 2.3759e-01	 1.0002e+00	 7.2989e+01	 1.1337e+00
22.655	 1.0994e+00	0.20761	1.0001	 2.3782e-01	 1.0002e+00	 7.2961e+01	 1.1338e+00
22.67	 1.1001e+00	0.20779	0.99999	 2.3806e-01	 1.0002e+00	 7.2934e+01	 1.1336e+00
22.686	 1.0987e+00	0.20797	1.0005	 2.3830e-01	 9.9999e-01	 7.2906e+01	 1.1332e+00
22.701	 1.1006e+00	0.20814	0.99963	 2.3853e-01	 9.9987e-01	 7.2879e+01	 1.1329e+00
22.716	 1.0994e+00	0.20831	1.0005	 2.3876e-01	 9.9979e-01	 7.2852e+01	 1.1325e+00
22.731	 1.1014e+00	0.20849	0.99903	 2.3900e-01	 9.9979e-01	 7.2824e+01	 1.1327e+00
22.746	 1.0990e+00	0.20866	1.0002	 2.3923e-01	 9.9981e-01	 7.2797e+01	 1.1330e+00
22.761	 1.0986e+00	0.20884	0.99953	 2.3947e-01	 9.9993e-01	 7.2769e+01	 1.1335e+00
22.777	 1.0999e+00	0.20902	1.0001	 2.3971e-01	 1.0000e+00	 7.2742e+01	 1.1339e+00
22.792	 1.0988e+00	0.2092	1.0001	 2.3994e-01	 1.0001e+00	 7.2715e+01	 1.1339e+00
22.807	 1.0986e+00	0.20938	0.99959	 2.4018e-01	 1.0001e+00	 7.2687e+01	 1.1339e+00
22.822	 1.0980e+00	0.20956	1.0	 2.4042e-01	 1.0000e+00	 7.2660e+01	 1.1334e+00
22.837	 1.1024e+00	0.20974	0.9991	 2.4065e-01	 9.9999e-01	 7.2632e+01	 1.1331e+00
22.853	 1.0994e+00	0.20992	1.0005	 2.4089e-01	 9.9993e-01	 7.2604e+01	 1.1328e+00
22.868	 1.1008e+00	0.2101	0.99949	 2.4113e-01	 9.9995e-01	 7.2577e+01	 1.1328e+00
22.883	 1.0998e+00	0.21027	1.0004	 2.4137e-01	 1.0000e+00	 7.2549e+01	 1.1331e+00
22.898	 1.1009e+00	0.21045	0.99969	 2.4161e-01	 1.0001e+00	 7.2522e+01	 1.1334e+00
22.914	 1.1033e+00	0.21063	1.0004	 2.4185e-01	 1.0001e+00	 7.2494e+01	 1.1337e+00
22.929	 1.1005e+00	0.21081	1.0001	 2.4209e-01	 1.0001e+00	 7.2467e+01	 1.1337e+00
22.944	 1.1023e+00	0.21099	0.99926	 2.4233e-01	 1.0001e+00	 7.2439e+01	 1.1334e+00
22.959	 1.0995e+00	0.21117	1.0003	 2.4257e-01	 1.0000e+00	 7.2411e+01	 1.1330e+00
22.975	 1.1007e+00	0.21135	0.99936	 2.4281e-01	 1.0000e+00	 7.2384e+01	 1.1324e+00
22.99	 1.0986e+00	0.21153	1.0006	 2.4305e-01	 9.9999e-01	 7.2356e+01	 1.1321e+00
23.005	 1.1012e+00	0.2117	0.99943	 2.4329e-01	 1.0000e+00	 7.2328e+01	 1.1320e+00
23.021	 1.1008e+00	0.21188	1.0001	 2.4352e-01	 9.9997e-01	 7.2301e+01	 1.1322e+00
23.036	 1.1005e+00	0.21206	0.99972	 2.4376e-01	 9.9991e-01	 7.2273e+01	 1.1326e+00
23.051	 1.1017e+00	0.21224	0.99949	 2.4400e-01	 9.9987e-01	 7.2245e+01	 1.1327e+00
23.067	 1.0987e+00	0.21243	0.99992	 2.4425e-01	 9.9983e-01	 7.2217e+01	 1.1327e+00
23.082	 1.1020e+00	0.21261	0.99893	 2.4448e-01	 9.9985e-01	 7.2190e+01	 1.1323e+00
23.097	 1.1011e+00	0.2128	1.0001	 2.4472e-01	 9.9985e-01	 7.2162e+01	 1.1318e+00
23.113	 1.1020e+00	0.21298	0.99926	 2.4497e-01	 9.9993e-01	 7.2134e+01	 1.1313e+00
23.128	 1.0999e+00	0.21317	1.0005	 2.4521e-01	 9.9997e-01	 7.2106e+01	 1.1307e+00
23.143	 1.1018e+00	0.21335	0.99966	 2.4545e-01	 9.9997e-01	 7.2078e+01	 1.1307e+00
23.159	 1.1029e+00	0.21354	1.0	 2.4569e-01	 9.9991e-01	 7.2050e+01	 1.1308e+00
23.174	 1.1022e+00	0.21372	0.99959	 2.4593e-01	 9.9989e-01	 7.2022e+01	 1.1311e+00
23.189	 1.1035e+00	0.2139	0.99939	 2.4617e-01	 9.9991e-01	 7.1995e+01	 1.1313e+00
23.205	 1.1019e+00	0.21408	1.0001	 2.4641e-01	 9.9995e-01	 7.1967e+01	 1.1311e+00
23.22	 1.1027e+00	0.21427	0.99903	 2.4665e-01	 1.0000e+00	 7.1939e+01	 1.1308e+00
23.236	 1.1004e+00	0.21445	1.0	 2.4689e-01	 1.0000e+00	 7.1911e+01	 1.1302e+00
23.251	 1.1031e+00	0.21464	0.9992	 2.4713e-01	 1.0000e+00	 7.1883e+01	 1.1297e+00
23.266	 1.1031e+00	0.21482	1.0002	 2.4738e-01	 9.9997e-01	 7.1855e+01	 1.1293e+00
23.282	 1.1030e+00	0.21501	0.9992	 2.4762e-01	 9.9993e-01	 7.1827e+01	 1.1292e+00
23.297	 1.1029e+00	0.21519	0.99963	 2.4786e-01	 9.9991e-01	 7.1799e+01	 1.1294e+00
23.313	 1.1020e+00	0.21537	0.99992	 2.4810e-01	 9.9993e-01	 7.1771e+01	 1.1296e+00
23.328	 1.1030e+00	0.21555	0.99953	 2.4835e-01	 9.9997e-01	 7.1743e+01	 1.1299e+00
23.344	 1.1008e+00	0.21574	1.0002	 2.4859e-01	 9.9995e-01	 7.1715e+01	 1.1298e+00
23.359	 1.1027e+00	0.21593	0.9989	 2.4883e-01	 9.9993e-01	 7.1687e+01	 1.1295e+00
23.375	 1.1013e+00	0.21612	1.0002	 2.4908e-01	 9.9991e-01	 7.1659e+01	 1.1291e+00
23.39	 1.1038e+00	0.21631	0.99943	 2.4932e-01	 9.9993e-01	 7.1631e+01	 1.1285e+00
23.405	 1.1033e+00	0.2165	1.0004	 2.4957e-01	 9.9991e-01	 7.1603e+01	 1.1283e+00
23.421	 1.1024e+00	0.21669	0.99982	 2.4981e-01	 9.9993e-01	 7.1575e+01	 1.1282e+00
23.436	 1.1027e+00	0.21688	0.99959	 2.5006e-01	 9.9997e-01	 7.1547e+01	 1.1285e+00
23.452	 1.1023e+00	0.21707	0.99966	 2.5031e-01	 1.0000e+00	 7.1518e+01	 1.1289e+00
23.467	 1.1047e+00	0.21726	0.99949	 2.5055e-01	 1.0000e+00	 7.1490e+01	 1.1290e+00
23.483	 1.1019e+00	0.21745	1.0004	 2.5080e-01	 9.9999e-01	 7.1462e+01	 1.1292e+00
23.498	 1.1044e+00	0.21763	0.99913	 2.5105e-01	 9.9997e-01	 7.1434e+01	 1.1287e+00
23.514	 1.1030e+00	0.21782	1.0006	 2.5129e-01	 9.9989e-01	 7.1406e+01	 1.1283e+00
23.53	 1.1042e+00	0.21801	0.99982	 2.5154e-01	 9.9981e-01	 7.1378e+01	 1.1278e+00
23.545	 1.1047e+00	0.2182	1.0002	 2.5179e-01	 9.9973e-01	 7.1349e+01	 1.1274e+00
23.561	 1.1041e+00	0.21839	0.99989	 2.5203e-01	 9.9973e-01	 7.1321e+01	 1.1275e+00
23.576	 1.1053e+00	0.21859	0.99943	 2.5228e-01	 9.9983e-01	 7.1293e+01	 1.1276e+00
23.592	 1.1017e+00	0.21877	0.99982	 2.5253e-01	 9.9993e-01	 7.1265e+01	 1.1280e+00
23.607	 1.1040e+00	0.21896	0.99956	 2.5278e-01	 1.0001e+00	 7.1236e+01	 1.1282e+00
23.623	 1.1036e+00	0.21915	1.0002	 2.5303e-01	 1.0001e+00	 7.1208e+01	 1.1282e+00
23.638	 1.1060e+00	0.21934	0.9989	 2.5328e-01	 1.0001e+00	 7.1180e+01	 1.1279e+00
23.654	 1.1057e+00	0.21953	1.0003	 2.5353e-01	 9.9999e-01	 7.1152e+01	 1.1273e+00
23.67	 1.1062e+00	0.21972	0.9992	 2.5378e-01	 9.9995e-01	 7.1123e+01	 1.1270e+00
23.685	 1.1055e+00	0.21991	0.99963	 2.5403e-01	 9.9993e-01	 7.1095e+01	 1.1266e+00
23.701	 1.1044e+00	0.2201	0.99972	 2.5428e-01	 9.9991e-01	 7.1067e+01	 1.1267e+00
23.716	 1.1051e+00	0.22029	0.99979	 2.5453e-01	 9.9995e-01	 7.1038e+01	 1.1270e+00
23.732	 1.1029e+00	0.22048	1.0004	 2.5478e-01	 9.9997e-01	 7.1010e+01	 1.1273e+00
23.748	 1.1061e+00	0.22067	0.99949	 2.5503e-01	 9.9997e-01	 7.0981e+01	 1.1276e+00
23.763	 1.1041e+00	0.22087	1.0005	 2.5528e-01	 9.9989e-01	 7.0953e+01	 1.1275e+00
23.779	 1.1069e+00	0.22105	0.99897	 2.5553e-01	 9.9985e-01	 7.0925e+01	 1.1273e+00
23.795	 1.1073e+00	0.22124	0.99996	 2.5578e-01	 9.9977e-01	 7.0896e+01	 1.1268e+00
23.81	 1.1037e+00	0.22143	0.99926	 2.5603e-01	 9.9975e-01	 7.0868e+01	 1.1262e+00
23.826	 1.1045e+00	0.22162	0.99949	 2.5628e-01	 9.9971e-01	 7.0839e+01	 1.1261e+00
23.842	 1.1024e+00	0.22181	0.99969	 2.5654e-01	 9.9967e-01	 7.0811e+01	 1.1260e+00
23.857	 1.1063e+00	0.22201	0.99926	 2.5679e-01	 9.9967e-01	 7.0782e+01	 1.1264e+00
23.873	 1.1036e+00	0.2222	1.0001	 2.5705e-01	 9.9969e-01	 7.0754e+01	 1.1268e+00
23.889	 1.1038e+00	0.22239	0.99943	 2.5730e-01	 9.9979e-01	 7.0725e+01	 1.1271e+00
23.904	 1.1033e+00	0.22258	1.0006	 2.5755e-01	 9.9987e-01	 7.0697e+01	 1.1272e+00
23.92	 1.1051e+00	0.22277	0.999	 2.5780e-01	 9.9995e-01	 7.0668e+01	 1.1269e+00
23.936	 1.1073e+00	0.22297	0.99989	 2.5805e-01	 9.9997e-01	 7.0640e+01	 1.1266e+00
23.951	 1.1070e+00	0.22316	0.9993	 2.5830e-01	 9.9993e-01	 7.0611e+01	 1.1262e+00
23.967	 1.1077e+00	0.22335	0.99949	 2.5855e-01	 9.9985e-01	 7.0583e+01	 1.1261e+00
23.983	 1.1060e+00	0.22354	0.99989	 2.5881e-01	 9.9977e-01	 7.0554e+01	 1.1263e+00
23.999	 1.1068e+00	0.22374	0.9993	 2.5906e-01	 9.9977e-01	 7.0526e+01	 1.1267e+00
24.014	 1.1070e+00	0.22393	1.0004	 2.5931e-01	 9.9979e-01	 7.0497e+01	 1.1273e+00
24.03	 1.1080e+00	0.22413	0.99926	 2.5957e-01	 9.9987e-01	 7.0469e+01	 1.1276e+00
24.046	 1.1070e+00	0.22432	0.99979	 2.5982e-01	 9.9991e-01	 7.0440e+01	 1.1279e+00
24.062	 1.1080e+00	0.22451	0.99897	 2.6008e-01	 9.9993e-01	 7.0411e+01	 1.1277e+00
24.077	 1.1086e+00	0.2247	1.0001	 2.6033e-01	 9.9989e-01	 7.0383e+01	 1.1274e+00
24.093	 1.1072e+00	0.2249	0.99959	 2.6058e-01	 9.9985e-01	 7.0354e+01	 1.1272e+00
24.109	 1.1040e+00	0.22509	0.9991	 2.6084e-01	 9.9987e-01	 7.0325e+01	 1.1269e+00
24.125	 1.1032e+00	0.22528	0.99996	 2.6110e-01	 9.9987e-01	 7.0297e+01	 1.1272e+00
24.141	 1.1063e+00	0.22547	0.9991	 2.6135e-01	 9.9985e-01	 7.0268e+01	 1.1275e+00
24.156	 1.1065e+00	0.22567	1.0001	 2.6161e-01	 9.9979e-01	 7.0239e+01	 1.1279e+00
24.172	 1.1064e+00	0.22586	0.99936	 2.6187e-01	 9.9977e-01	 7.0211e+01	 1.1283e+00
24.188	 1.1044e+00	0.22606	1.0001	 2.6212e-01	 9.9975e-01	 7.0182e+01	 1.1282e+00
24.204	 1.1084e+00	0.22625	0.99897	 2.6238e-01	 9.9979e-01	 7.0153e+01	 1.1280e+00
24.22	 1.1077e+00	0.22645	0.99999	 2.6263e-01	 9.9985e-01	 7.0124e+01	 1.1274e+00
24.235	 1.1049e+00	0.22665	1.0001	 2.6288e-01	 9.9995e-01	 7.0096e+01	 1.1270e+00
24.251	 1.1080e+00	0.22685	0.99956	 2.6314e-01	 1.0000e+00	 7.0067e+01	 1.1267e+00
24.267	 1.1063e+00	0.22704	1.0007	 2.6340e-01	 1.0000e+00	 7.0038e+01	 1.1266e+00
24.283	 1.1091e+00	0.22724	0.99956	 2.6365e-01	 1.0001e+00	 7.0009e+01	 1.1269e+00
24.299	 1.1091e+00	0.22743	1.0002	 2.6391e-01	 1.0000e+00	 6.9981e+01	 1.1271e+00
24.315	 1.1095e+00	0.22763	0.99903	 2.6416e-01	 1.0000e+00	 6.9952e+01	 1.1273e+00
24.331	 1.1080e+00	0.22782	1.0	 2.6441e-01	 9.9997e-01	 6.9923e+01	 1.1272e+00
24.347	 1.1075e+00	0.22802	0.99939	 2.6466e-01	 9.9993e-01	 6.9894e+01	 1.1268e+00
24.362	 1.1061e+00	0.22821	1.0002	 2.6491e-01	 9.9989e-01	 6.9865e+01	 1.1263e+00
24.378	 1.1083e+00	0.2284	1.0003	 2.6516e-01	 9.9985e-01	 6.9837e+01	 1.1257e+00
24.394	 1.1099e+00	0.2286	0.99969	 2.6541e-01	 9.9985e-01	 6.9808e+01	 1.1255e+00
24.41	 1.1067e+00	0.22879	1.0003	 2.6566e-01	 9.9987e-01	 6.9779e+01	 1.1254e+00
24.426	 1.1101e+00	0.22899	0.99926	 2.6591e-01	 9.9991e-01	 6.9750e+01	 1.1257e+00
24.442	 1.1040e+00	0.22919	1.0002	 2.6616e-01	 9.9985e-01	 6.9721e+01	 1.1260e+00
24.458	 1.0998e+00	0.22938	0.99923	 2.6642e-01	 9.9981e-01	 6.9692e+01	 1.1261e+00
24.474	 1.1074e+00	0.22958	1.0001	 2.6667e-01	 9.9971e-01	 6.9663e+01	 1.1261e+00
24.49	 1.1168e+00	0.22977	0.99933	 2.6692e-01	 9.9967e-01	 6.9634e+01	 1.1257e+00
24.506	 1.1101e+00	0.22997	0.99982	 2.6717e-01	 9.9965e-01	 6.9605e+01	 1.1252e+00
24.522	 1.1061e+00	0.23016	1.0004	 2.6742e-01	 9.9969e-01	 6.9576e+01	 1.1247e+00
24.538	 1.1090e+00	0.23036	0.99939	 2.6768e-01	 9.9975e-01	 6.9547e+01	 1.1244e+00
24.554	 1.1077e+00	0.23055	1.0003	 2.6793e-01	 9.9977e-01	 6.9519e+01	 1.1245e+00
24.57	 1.1105e+00	0.23075	0.99946	 2.6818e-01	 9.9983e-01	 6.9490e+01	 1.1247e+00
24.586	 1.1086e+00	0.23094	1.0007	 2.6843e-01	 9.9983e-01	 6.9461e+01	 1.1251e+00
24.602	 1.1087e+00	0.23114	0.99982	 2.6869e-01	 9.9981e-01	 6.9432e+01	 1.1252e+00
24.618	 1.1090e+00	0.23133	1.0005	 2.6894e-01	 9.9975e-01	 6.9403e+01	 1.1251e+00
24.634	 1.1087e+00	0.23153	0.99982	 2.6919e-01	 9.9973e-01	 6.9374e+01	 1.1248e+00
24.65	 1.1097e+00	0.23173	0.9989	 2.6945e-01	 9.9981e-01	 6.9345e+01	 1.1241e+00
24.666	 1.1082e+00	0.23192	0.99979	 2.6971e-01	 9.9991e-01	 6.9316e+01	 1.1237e+00
24.682	 1.1100e+00	0.23212	0.99956	 2.6996e-01	 1.0000e+00	 6.9287e+01	 1.1234e+00
24.698	 1.1085e+00	0.23232	1.0002	 2.7022e-01	 1.0000e+00	 6.9258e+01	 1.1234e+00
24.714	 1.1099e+00	0.23252	0.99906	 2.7048e-01	 1.0000e+00	 6.9228e+01	 1.1236e+00
24.73	 1.1081e+00	0.23272	1.0003	 2.7074e-01	 9.9993e-01	 6.9199e+01	 1.1238e+00
24.746	 1.1087e+00	0.23292	0.99943	 2.7099e-01	 9.9985e-01	 6.9170e+01	 1.1241e+00
24.762	 1.1086e+00	0.23312	0.99989	 2.7125e-01	 9.9975e-01	 6.9141e+01	 1.1239e+00
24.778	 1.1086e+00	0.23332	0.99986	 2.7151e-01	 9.9967e-01	 6.9112e+01	 1.1236e+00
24.794	 1.1118e+00	0.23352	0.99936	 2.7177e-01	 9.9967e-01	 6.9083e+01	 1.1231e+00
24.81	 1.1104e+00	0.23372	1.0003	 2.7203e-01	 9.9973e-01	 6.9054e+01	 1.1225e+00
24.826	 1.1112e+00	0.23392	0.99956	 2.7228e-01	 9.9985e-01	 6.9025e+01	 1.1224e+00
24.842	 1.1084e+00	0.23412	0.99986	 2.7254e-01	 9.9987e-01	 6.8996e+01	 1.1223e+00
24.858	 1.1119e+00	0.23432	0.9984	 2.7280e-01	 9.9987e-01	 6.8967e+01	 1.1227e+00
24.874	 1.1122e+00	0.23453	1.0	 2.7306e-01	 9.9979e-01	 6.8937e+01	 1.1230e+00
24.89	 1.1114e+00	0.23473	0.99963	 2.7332e-01	 9.9977e-01	 6.8908e+01	 1.1231e+00
24.906	 1.1113e+00	0.23493	0.99992	 2.7358e-01	 9.9977e-01	 6.8879e+01	 1.1231e+00
24.922	 1.1095e+00	0.23513	0.99996	 2.7384e-01	 9.9979e-01	 6.8850e+01	 1.1225e+00
24.939	 1.1124e+00	0.23533	0.99923	 2.7410e-01	 9.9987e-01	 6.8821e+01	 1.1221e+00
24.955	 1.1102e+00	0.23553	0.99989	 2.7437e-01	 9.9989e-01	 6.8792e+01	 1.1215e+00
24.971	 1.1121e+00	0.23574	0.99933	 2.7463e-01	 9.9993e-01	 6.8762e+01	 1.1213e+00
24.987	 1.1103e+00	0.23593	1.0004	 2.7489e-01	 9.9989e-01	 6.8733e+01	 1.1213e+00
25.003	 1.1106e+00	0.23613	0.9987	 2.7515e-01	 9.9989e-01	 6.8704e+01	 1.1215e+00
25.019	 1.1123e+00	0.23633	0.99989	 2.7541e-01	 9.9983e-01	 6.8675e+01	 1.1220e+00
25.035	 1.1118e+00	0.23653	0.99996	 2.7567e-01	 9.9981e-01	 6.8645e+01	 1.1221e+00
25.051	 1.1119e+00	0.23673	0.99963	 2.7593e-01	 9.9979e-01	 6.8616e+01	 1.1222e+00
25.068	 1.1105e+00	0.23693	1.0003	 2.7619e-01	 9.9979e-01	 6.8587e+01	 1.1219e+00
25.084	 1.1126e+00	0.23713	0.99972	 2.7645e-01	 9.9981e-01	 6.8558e+01	 1.1214e+00
25.1	 1.1108e+00	0.23733	1.0002	 2.7672e-01	 9.9985e-01	 6.8528e+01	 1.1211e+00
25.116	 1.1122e+00	0.23753	0.999	 2.7697e-01	 9.9995e-01	 6.8499e+01	 1.1208e+00
25.132	 1.1105e+00	0.23774	1.0004	 2.7723e-01	 9.9999e-01	 6.8470e+01	 1.1211e+00
25.148	 1.1125e+00	0.23794	0.99946	 2.7749e-01	 1.0000e+00	 6.8441e+01	 1.1214e+00
25.165	 1.1134e+00	0.23814	1.0001	 2.7775e-01	 1.0000e+00	 6.8411e+01	 1.1218e+00
25.181	 1.1128e+00	0.23835	0.99939	 2.7801e-01	 9.9997e-01	 6.8382e+01	 1.1222e+00
25.197	 1.1120e+00	0.23855	0.99936	 2.7827e-01	 9.9997e-01	 6.8353e+01	 1.1220e+00
25.213	 1.1108e+00	0.23876	1.0002	 2.7853e-01	 9.9997e-01	 6.8323e+01	 1.1219e+00
25.229	 1.1114e+00	0.23896	0.99933	 2.7879e-01	 9.9999e-01	 6.8294e+01	 1.1213e+00
25.246	 1.1088e+00	0.23917	1.0004	 2.7905e-01	 9.9995e-01	 6.8265e+01	 1.1210e+00
25.262	 1.1118e+00	0.23937	0.99857	 2.7931e-01	 9.9993e-01	 6.8235e+01	 1.1209e+00
25.278	 1.1118e+00	0.23957	0.99972	 2.7957e-01	 9.9991e-01	 6.8206e+01	 1.1209e+00
25.294	 1.1134e+00	0.23977	0.99953	 2.7983e-01	 9.9993e-01	 6.8177e+01	 1.1215e+00
25.311	 1.1116e+00	0.23997	0.99989	 2.8009e-01	 9.9997e-01	 6.8147e+01	 1.1218e+00
25.327	 1.1113e+00	0.24017	0.99966	 2.8035e-01	 9.9997e-01	 6.8118e+01	 1.1221e+00
25.343	 1.1150e+00	0.24038	0.99913	 2.8062e-01	 9.9995e-01	 6.8089e+01	 1.1220e+00
25.359	 1.1137e+00	0.24058	1.0002	 2.8089e-01	 9.9993e-01	 6.8059e+01	 1.1217e+00
25.376	 1.1151e+00	0.24079	0.99923	 2.8115e-01	 9.9993e-01	 6.8030e+01	 1.1214e+00
25.392	 1.1122e+00	0.24099	1.0002	 2.8142e-01	 9.9989e-01	 6.8000e+01	 1.1208e+00
25.408	 1.1124e+00	0.2412	0.99933	 2.8168e-01	 9.9989e-01	 6.7971e+01	 1.1208e+00
25.424	 1.1115e+00	0.2414	1.0004	 2.8195e-01	 9.9987e-01	 6.7942e+01	 1.1208e+00
25.441	 1.1123e+00	0.24161	0.99963	 2.8221e-01	 9.9985e-01	 6.7912e+01	 1.1212e+00
25.457	 1.1140e+00	0.24181	0.99996	 2.8248e-01	 9.9985e-01	 6.7883e+01	 1.1216e+00
25.473	 1.1129e+00	0.24202	1.0001	 2.8275e-01	 9.9987e-01	 6.7853e+01	 1.1218e+00
25.49	 1.1147e+00	0.24223	0.9992	 2.8302e-01	 9.9987e-01	 6.7824e+01	 1.1219e+00
25.506	 1.1120e+00	0.24243	1.0002	 2.8328e-01	 9.9985e-01	 6.7794e+01	 1.1215e+00
25.522	 1.1138e+00	0.24264	0.99913	 2.8355e-01	 9.9989e-01	 6.7765e+01	 1.1212e+00
25.539	 1.1120e+00	0.24284	1.0006	 2.8381e-01	 9.9989e-01	 6.7735e+01	 1.1209e+00
25.555	 1.1136e+00	0.24305	0.9992	 2.8408e-01	 9.9991e-01	 6.7706e+01	 1.1206e+00
25.571	 1.1133e+00	0.24326	0.99946	 2.8435e-01	 9.9991e-01	 6.7677e+01	 1.1210e+00
25.588	 1.1135e+00	0.24347	0.99916	 2.8462e-01	 9.9995e-01	 6.7647e+01	 1.1212e+00
25.604	 1.1153e+00	0.24368	0.99939	 2.8489e-01	 9.9999e-01	 6.7618e+01	 1.1218e+00
25.62	 1.1139e+00	0.24389	0.99986	 2.8516e-01	 1.0000e+00	 6.7588e+01	 1.1220e+00
25.637	 1.1161e+00	0.2441	0.9991	 2.8542e-01	 1.0000e+00	 6.7559e+01	 1.1219e+00
25.653	 1.1135e+00	0.24431	1.0004	 2.8569e-01	 9.9999e-01	 6.7529e+01	 1.1218e+00
25.669	 1.1141e+00	0.24452	0.99906	 2.8596e-01	 9.9999e-01	 6.7500e+01	 1.1212e+00
25.686	 1.1135e+00	0.24474	0.99982	 2.8623e-01	 9.9997e-01	 6.7470e+01	 1.1209e+00
25.702	 1.1154e+00	0.24495	0.9993	 2.8650e-01	 1.0000e+00	 6.7440e+01	 1.1207e+00
25.718	 1.1141e+00	0.24516	0.99979	 2.8676e-01	 1.0001e+00	 6.7411e+01	 1.1208e+00
25.735	 1.1128e+00	0.24538	0.99953	 2.8703e-01	 1.0001e+00	 6.7381e+01	 1.1213e+00
25.751	 1.1151e+00	0.24559	0.99963	 2.8730e-01	 1.0001e+00	 6.7352e+01	 1.1215e+00
25.767	 1.1134e+00	0.2458	0.99976	 2.8757e-01	 9.9993e-01	 6.7322e+01	 1.1219e+00
25.784	 1.1149e+00	0.246	0.9985	 2.8784e-01	 9.9981e-01	 6.7293e+01	 1.1217e+00
25.8	 1.1112e+00	0.24621	0.99986	 2.8812e-01	 9.9967e-01	 6.7263e+01	 1.1214e+00
25.817	 1.1136e+00	0.24642	0.99923	 2.8839e-01	 9.9967e-01	 6.7234e+01	 1.1209e+00
25.833	 1.1148e+00	0.24663	1.0001	 2.8866e-01	 9.9969e-01	 6.7204e+01	 1.1204e+00
25.849	 1.1155e+00	0.24683	0.9993	 2.8893e-01	 9.9979e-01	 6.7175e+01	 1.1204e+00
25.866	 1.1158e+00	0.24704	0.99966	 2.8920e-01	 9.9985e-01	 6.7145e+01	 1.1203e+00
25.882	 1.1148e+00	0.24724	0.99936	 2.8947e-01	 9.9991e-01	 6.7115e+01	 1.1207e+00
25.898	 1.1162e+00	0.24745	0.99949	 2.8975e-01	 1.0000e+00	 6.7086e+01	 1.1210e+00
25.915	 1.1146e+00	0.24766	1.0004	 2.9002e-01	 1.0001e+00	 6.7056e+01	 1.1212e+00
25.931	 1.1161e+00	0.24787	0.999	 2.9029e-01	 1.0001e+00	 6.7027e+01	 1.1212e+00
25.948	 1.1138e+00	0.24808	1.0002	 2.9056e-01	 1.0001e+00	 6.6997e+01	 1.1207e+00
25.964	 1.1155e+00	0.24829	0.99933	 2.9083e-01	 1.0000e+00	 6.6967e+01	 1.1204e+00
25.98	 1.1156e+00	0.2485	0.99979	 2.9111e-01	 9.9987e-01	 6.6938e+01	 1.1199e+00
25.997	 1.1159e+00	0.24871	0.9991	 2.9138e-01	 9.9979e-01	 6.6908e+01	 1.1198e+00
26.013	 1.1151e+00	0.24892	0.99976	 2.9165e-01	 9.9979e-01	 6.6878e+01	 1.1201e+00
26.03	 1.1134e+00	0.24913	0.99982	 2.9192e-01	 9.9983e-01	 6.6849e+01	 1.1203e+00
26.046	 1.1170e+00	0.24935	0.9992	 2.9220e-01	 9.9989e-01	 6.6819e+01	 1.1208e+00
26.062	 1.1169e+00	0.24955	1.0005	 2.9247e-01	 9.9993e-01	 6.6789e+01	 1.1210e+00
26.079	 1.1186e+00	0.24977	0.99956	 2.9274e-01	 9.9995e-01	 6.6760e+01	 1.1209e+00
26.095	 1.1137e+00	0.24998	1.0004	 2.9302e-01	 9.9991e-01	 6.6730e+01	 1.1206e+00
26.112	 1.1143e+00	0.25019	0.99953	 2.9329e-01	 9.9989e-01	 6.6700e+01	 1.1201e+00
26.128	 1.1152e+00	0.25041	1.0005	 2.9356e-01	 9.9987e-01	 6.6671e+01	 1.1198e+00
26.144	 1.1174e+00	0.25062	0.99986	 2.9384e-01	 9.9987e-01	 6.6641e+01	 1.1196e+00
26.161	 1.1203e+00	0.25083	1.0001	 2.9411e-01	 9.9985e-01	 6.6611e+01	 1.1198e+00
26.177	 1.1165e+00	0.25105	1.0005	 2.9439e-01	 9.9985e-01	 6.6582e+01	 1.1201e+00
26.194	 1.1159e+00	0.25126	0.99903	 2.9466e-01	 9.9993e-01	 6.6552e+01	 1.1204e+00
26.21	 1.1161e+00	0.25147	0.99972	 2.9494e-01	 9.9997e-01	 6.6522e+01	 1.1207e+00
26.227	 1.1206e+00	0.25168	0.99916	 2.9521e-01	 1.0000e+00	 6.6493e+01	 1.1205e+00
26.243	 1.1174e+00	0.2519	0.99992	 2.9549e-01	 9.9997e-01	 6.6463e+01	 1.1202e+00
26.259	 1.1165e+00	0.25211	0.99887	 2.9577e-01	 9.9999e-01	 6.6433e+01	 1.1197e+00
26.276	 1.1150e+00	0.25232	0.99979	 2.9604e-01	 1.0000e+00	 6.6403e+01	 1.1192e+00
26.292	 1.1148e+00	0.25253	0.99969	 2.9632e-01	 1.0001e+00	 6.6374e+01	 1.1192e+00
26.309	 1.1204e+00	0.25274	0.99923	 2.9660e-01	 1.0001e+00	 6.6344e+01	 1.1191e+00
26.325	 1.1191e+00	0.25295	0.99996	 2.9687e-01	 9.9999e-01	 6.6314e+01	 1.1196e+00
26.341	 1.1188e+00	0.25316	0.99913	 2.9715e-01	 9.9999e-01	 6.6285e+01	 1.1198e+00
26.358	 1.1198e+00	0.25338	1.0003	 2.9742e-01	 9.9997e-01	 6.6255e+01	 1.1199e+00
26.374	 1.1229e+00	0.25359	0.99949	 2.9770e-01	 1.0001e+00	 6.6225e+01	 1.1198e+00
26.391	 1.1172e+00	0.25381	1.0005	 2.9798e-01	 1.0001e+00	 6.6195e+01	 1.1193e+00
26.407	 1.1168e+00	0.25402	0.99933	 2.9826e-01	 1.0001e+00	 6.6166e+01	 1.1188e+00
26.424	 1.1176e+00	0.25423	0.99923	 2.9854e-01	 1.0001e+00	 6.6136e+01	 1.1183e+00
26.44	 1.1165e+00	0.25445	0.99966	 2.9881e-01	 9.9997e-01	 6.6106e+01	 1.1181e+00
26.456	 1.1184e+00	0.25466	0.99979	 2.9909e-01	 9.9989e-01	 6.6076e+01	 1.1181e+00
26.473	 1.1170e+00	0.25488	1.0007	 2.9938e-01	 9.9979e-01	 6.6047e+01	 1.1183e+00
26.489	 1.1185e+00	0.25509	0.99913	 2.9966e-01	 9.9981e-01	 6.6017e+01	 1.1187e+00
26.506	 1.1168e+00	0.25531	0.99969	 2.9994e-01	 9.9985e-01	 6.5987e+01	 1.1186e+00
26.522	 1.1180e+00	0.25552	0.99906	 3.0022e-01	 9.9995e-01	 6.5957e+01	 1.1185e+00
26.538	 1.1171e+00	0.25574	1.0002	 3.0051e-01	 9.9999e-01	 6.5927e+01	 1.1180e+00
26.555	 1.1177e+00	0.25595	0.99976	 3.0079e-01	 1.0000e+00	 6.5898e+01	 1.1174e+00
26.571	 1.1181e+00	0.25617	0.99969	 3.0107e-01	 1.0000e+00	 6.5868e+01	 1.1170e+00
26.588	 1.1169e+00	0.25639	0.99996	 3.0135e-01	 1.0001e+00	 6.5838e+01	 1.1166e+00
26.604	 1.1197e+00	0.25661	0.99903	 3.0163e-01	 1.0001e+00	 6.5808e+01	 1.1167e+00
26.62	 1.1177e+00	0.25682	0.99979	 3.0191e-01	 1.0000e+00	 6.5778e+01	 1.1169e+00
26.637	 1.1193e+00	0.25704	0.99897	 3.0220e-01	 9.9997e-01	 6.5749e+01	 1.1171e+00
26.653	 1.1183e+00	0.25726	1.0004	 3.0248e-01	 9.9991e-01	 6.5719e+01	 1.1172e+00
26.67	 1.1199e+00	0.25748	0.99943	 3.0276e-01	 9.9991e-01	 6.5689e+01	 1.1168e+00
26.686	 1.1197e+00	0.2577	0.99966	 3.0304e-01	 9.9993e-01	 6.5659e+01	 1.1164e+00
26.702	 1.1184e+00	0.25792	0.99923	 3.0332e-01	 9.9997e-01	 6.5629e+01	 1.1157e+00
26.719	 1.1198e+00	0.25814	0.9991	 3.0360e-01	 1.0000e+00	 6.5599e+01	 1.1152e+00
26.735	 1.1190e+00	0.25836	1.0001	 3.0389e-01	 1.0000e+00	 6.5570e+01	 1.1149e+00
26.752	 1.1202e+00	0.25858	0.99979	 3.0417e-01	 1.0000e+00	 6.5540e+01	 1.1149e+00
26.768	 1.1178e+00	0.2588	1.0007	 3.0446e-01	 9.9999e-01	 6.5510e+01	 1.1152e+00
26.784	 1.1199e+00	0.25902	0.99893	 3.0474e-01	 9.9997e-01	 6.5480e+01	 1.1153e+00
26.801	 1.1186e+00	0.25924	0.99969	 3.0502e-01	 9.9993e-01	 6.5450e+01	 1.1156e+00
26.817	 1.1188e+00	0.25947	0.9991	 3.0531e-01	 9.9995e-01	 6.5420e+01	 1.1153e+00
26.833	 1.1201e+00	0.25968	0.99979	 3.0559e-01	 9.9993e-01	 6.5390e+01	 1.1150e+00
26.85	 1.1198e+00	0.2599	0.99976	 3.0587e-01	 9.9995e-01	 6.5361e+01	 1.1146e+00
26.866	 1.1210e+00	0.26013	0.99946	 3.0616e-01	 9.9995e-01	 6.5331e+01	 1.1142e+00
26.882	 1.1192e+00	0.26035	0.99996	 3.0644e-01	 9.9995e-01	 6.5301e+01	 1.1144e+00
26.899	 1.1205e+00	0.26057	0.9991	 3.0673e-01	 9.9999e-01	 6.5271e+01	 1.1146e+00
26.915	 1.1181e+00	0.2608	1.0001	 3.0702e-01	 1.0000e+00	 6.5241e+01	 1.1152e+00
26.932	 1.1203e+00	0.26102	0.99906	 3.0730e-01	 1.0000e+00	 6.5211e+01	 1.1158e+00
26.948	 1.1208e+00	0.26124	1.0002	 3.0759e-01	 9.9995e-01	 6.5181e+01	 1.1160e+00
26.964	 1.1207e+00	0.26146	0.99949	 3.0787e-01	 9.9989e-01	 6.5152e+01	 1.1163e+00
26.981	 1.1198e+00	0.26168	0.99989	 3.0815e-01	 9.9985e-01	 6.5122e+01	 1.1160e+00
26.997	 1.1195e+00	0.2619	0.99999	 3.0844e-01	 9.9985e-01	 6.5092e+01	 1.1158e+00
27.013	 1.1217e+00	0.26213	0.99913	 3.0872e-01	 9.9985e-01	 6.5062e+01	 1.1156e+00
27.03	 1.1201e+00	0.26235	0.99979	 3.0901e-01	 9.9983e-01	 6.5032e+01	 1.1156e+00
27.046	 1.1227e+00	0.26257	0.99913	 3.0929e-01	 9.9985e-01	 6.5002e+01	 1.1160e+00
27.062	 1.1204e+00	0.2628	1.0002	 3.0958e-01	 9.9985e-01	 6.4972e+01	 1.1164e+00
27.079	 1.1209e+00	0.26302	0.9989	 3.0987e-01	 9.9989e-01	 6.4942e+01	 1.1169e+00
27.095	 1.1204e+00	0.26325	1.0	 3.1016e-01	 9.9991e-01	 6.4912e+01	 1.1171e+00
27.111	 1.1211e+00	0.26347	0.99976	 3.1044e-01	 9.9993e-01	 6.4883e+01	 1.1170e+00
27.128	 1.1215e+00	0.26369	0.99916	 3.1073e-01	 9.9997e-01	 6.4853e+01	 1.1167e+00
27.144	 1.1204e+00	0.26391	0.99959	 3.1101e-01	 9.9997e-01	 6.4823e+01	 1.1162e+00
27.16	 1.1229e+00	0.26413	0.99943	 3.1130e-01	 9.9993e-01	 6.4793e+01	 1.1159e+00
27.177	 1.1198e+00	0.26435	1.0001	 3.1158e-01	 9.9985e-01	 6.4763e+01	 1.1157e+00
27.193	 1.1217e+00	0.26458	0.99877	 3.1186e-01	 9.9981e-01	 6.4733e+01	 1.1158e+00
27.21	 1.1212e+00	0.2648	0.99982	 3.1215e-01	 9.9977e-01	 6.4703e+01	 1.1162e+00
27.226	 1.1219e+00	0.26502	0.999	 3.1244e-01	 9.9981e-01	 6.4673e+01	 1.1163e+00
27.242	 1.1222e+00	0.26524	0.99959	 3.1272e-01	 9.9985e-01	 6.4643e+01	 1.1165e+00
27.259	 1.1222e+00	0.26547	0.99939	 3.1301e-01	 9.9991e-01	 6.4613e+01	 1.1162e+00
27.276	 1.1230e+00	0.26569	0.99936	 3.1331e-01	 9.9997e-01	 6.4583e+01	 1.1157e+00
27.292	 1.1208e+00	0.26591	0.99976	 3.1360e-01	 9.9999e-01	 6.4554e+01	 1.1152e+00
27.309	 1.1229e+00	0.26614	0.999	 3.1388e-01	 1.0000e+00	 6.4524e+01	 1.1146e+00
27.326	 1.1203e+00	0.26636	1.0006	 3.1417e-01	 9.9997e-01	 6.4494e+01	 1.1145e+00
27.343	 1.1228e+00	0.26659	0.99913	 3.1446e-01	 9.9993e-01	 6.4464e+01	 1.1145e+00
27.36	 1.1216e+00	0.26681	0.99949	 3.1475e-01	 9.9987e-01	 6.4434e+01	 1.1148e+00
27.378	 1.1227e+00	0.26704	0.99906	 3.1504e-01	 9.9985e-01	 6.4404e+01	 1.1150e+00
27.396	 1.1225e+00	0.26726	0.99976	 3.1533e-01	 9.9985e-01	 6.4374e+01	 1.1151e+00
27.414	 1.1219e+00	0.26749	0.99963	 3.1562e-01	 9.9985e-01	 6.4344e+01	 1.1150e+00
27.434	 1.1229e+00	0.26771	0.9993	 3.1590e-01	 9.9987e-01	 6.4314e+01	 1.1144e+00
27.455	 1.1202e+00	0.26794	1.0001	 3.1620e-01	 9.9985e-01	 6.4284e+01	 1.1140e+00
27.477	 1.1284e+00	0.26817	0.9993	 3.1649e-01	 9.9985e-01	 6.4254e+01	 1.1135e+00
27.501	 1.1244e+00	0.2684	1.0002	 3.1678e-01	 9.9983e-01	 6.4224e+01	 1.1134e+00
27.528	 1.0942e+00	0.26862	0.99873	 3.1707e-01	 9.9989e-01	 6.4194e+01	 1.1136e+00
27.53	 1.0908e+00	0.26884	0.99943	 3.1736e-01	 9.9995e-01	 6.4164e+01	 1.1139e+00
27.532	 1.0876e+00	0.26906	0.99913	 3.1765e-01	 1.0000e+00	 6.4134e+01	 1.1144e+00
27.534	 1.0850e+00	0.26929	0.99972	 3.1794e-01	 1.0000e+00	 6.4104e+01	 1.1145e+00
27.537	 1.0831e+00	0.26951	1.0001	 3.1824e-01	 9.9999e-01	 6.4075e+01	 1.1145e+00
27.539	 1.0821e+00	0.26973	0.99887	 3.1853e-01	 9.9999e-01	 6.4045e+01	 1.1141e+00
27.541	 1.0817e+00	0.26995	1.0001	 3.1882e-01	 9.9999e-01	 6.4015e+01	 1.1136e+00
27.545	 1.0818e+00	0.27017	0.99949	 3.1912e-01	 1.0000e+00	 6.3985e+01	 1.1134e+00
27.553	 1.0822e+00	0.2704	1.0007	 3.1941e-01	 1.0001e+00	 6.3955e+01	 1.1132e+00
27.561	 1.0829e+00	0.27062	0.99959	 3.1971e-01	 1.0001e+00	 6.3925e+01	 1.1135e+00
27.569	 1.0838e+00	0.27085	0.99992	 3.2001e-01	 1.0001e+00	 6.3895e+01	 1.1138e+00
27.577	 1.0853e+00	0.27107	0.9992	 3.2031e-01	 1.0001e+00	 6.3865e+01	 1.1140e+00
27.585	 1.0874e+00	0.2713	0.99949	 3.2060e-01	 9.9995e-01	 6.3835e+01	 1.1142e+00
27.593	 1.0903e+00	0.27152	1.0	 3.2090e-01	 9.9985e-01	 6.3805e+01	 1.1138e+00
27.602	 1.0938e+00	0.27174	0.99916	 3.2119e-01	 9.9981e-01	 6.3775e+01	 1.1134e+00
27.61	 1.0975e+00	0.27197	1.0001	 3.2149e-01	 9.9977e-01	 6.3745e+01	 1.1127e+00
27.618	 1.1012e+00	0.27219	0.99913	 3.2178e-01	 9.9979e-01	 6.3715e+01	 1.1122e+00
27.626	 1.1043e+00	0.27241	1.0001	 3.2208e-01	 9.9979e-01	 6.3685e+01	 1.1120e+00
27.634	 1.1070e+00	0.27264	0.99966	 3.2238e-01	 9.9983e-01	 6.3655e+01	 1.1118e+00
27.642	 1.1093e+00	0.27287	1.0004	 3.2268e-01	 9.9985e-01	 6.3625e+01	 1.1121e+00
27.651	 1.1115e+00	0.27309	0.99979	 3.2297e-01	 9.9991e-01	 6.3595e+01	 1.1121e+00
27.659	 1.1138e+00	0.27332	0.99953	 3.2327e-01	 9.9995e-01	 6.3565e+01	 1.1121e+00
27.667	 1.1165e+00	0.27355	1.0003	 3.2357e-01	 9.9997e-01	 6.3535e+01	 1.1117e+00
27.675	 1.1194e+00	0.27377	0.9992	 3.2387e-01	 9.9995e-01	 6.3505e+01	 1.1110e+00
27.684	 1.1220e+00	0.27399	1.0004	 3.2417e-01	 9.9985e-01	 6.3475e+01	 1.1104e+00
27.692	 1.1243e+00	0.27422	0.99887	 3.2447e-01	 9.9983e-01	 6.3445e+01	 1.1096e+00
27.7	 1.1259e+00	0.27444	0.99966	 3.2477e-01	 9.9985e-01	 6.3415e+01	 1.1095e+00
27.708	 1.1268e+00	0.27467	0.99913	 3.2507e-01	 9.9993e-01	 6.3386e+01	 1.1094e+00
27.717	 1.1273e+00	0.2749	0.99972	 3.2538e-01	 1.0000e+00	 6.3356e+01	 1.1097e+00
27.725	 1.1276e+00	0.27513	0.99966	 3.2569e-01	 1.0001e+00	 6.3326e+01	 1.1100e+00
27.733	 1.1280e+00	0.27535	0.99913	 3.2600e-01	 1.0001e+00	 6.3296e+01	 1.1100e+00
27.742	 1.1287e+00	0.27558	0.99999	 3.2631e-01	 1.0000e+00	 6.3266e+01	 1.1099e+00
27.75	 1.1295e+00	0.27581	0.99936	 3.2662e-01	 1.0000e+00	 6.3236e+01	 1.1094e+00
27.758	 1.1304e+00	0.27603	1.0002	 3.2692e-01	 9.9993e-01	 6.3206e+01	 1.1090e+00
27.767	 1.1308e+00	0.27626	0.99906	 3.2723e-01	 9.9993e-01	 6.3176e+01	 1.1087e+00
27.775	 1.1308e+00	0.27649	0.99992	 3.2754e-01	 9.9993e-01	 6.3146e+01	 1.1086e+00
27.783	 1.1301e+00	0.27671	0.9991	 3.2785e-01	 9.9997e-01	 6.3116e+01	 1.1090e+00
27.792	 1.1291e+00	0.27694	0.99949	 3.2815e-01	 9.9999e-01	 6.3086e+01	 1.1093e+00
27.8	 1.1281e+00	0.27717	0.99996	 3.2846e-01	 9.9997e-01	 6.3056e+01	 1.1098e+00
27.809	 1.1274e+00	0.2774	0.99933	 3.2876e-01	 9.9991e-01	 6.3026e+01	 1.1100e+00
27.817	 1.1272e+00	0.27763	1.0001	 3.2907e-01	 9.9981e-01	 6.2996e+01	 1.1099e+00
27.826	 1.1272e+00	0.27786	0.99916	 3.2938e-01	 9.9977e-01	 6.2966e+01	 1.1097e+00
27.834	 1.1274e+00	0.27809	1.0002	 3.2969e-01	 9.9973e-01	 6.2936e+01	 1.1092e+00
27.842	 1.1274e+00	0.27832	0.999	 3.2999e-01	 9.9973e-01	 6.2906e+01	 1.1091e+00
27.851	 1.1269e+00	0.27854	1.0002	 3.3031e-01	 9.9975e-01	 6.2876e+01	 1.1091e+00
27.859	 1.1261e+00	0.27877	0.99999	 3.3062e-01	 9.9981e-01	 6.2846e+01	 1.1094e+00
27.868	 1.1249e+00	0.279	0.99966	 3.3093e-01	 9.9985e-01	 6.2816e+01	 1.1100e+00
27.876	 1.1240e+00	0.27924	0.99996	 3.3124e-01	 9.9987e-01	 6.2786e+01	 1.1104e+00
27.885	 1.1235e+00	0.27946	0.99887	 3.3155e-01	 9.9987e-01	 6.2756e+01	 1.1108e+00
27.893	 1.1234e+00	0.27969	0.99992	 3.3186e-01	 9.9981e-01	 6.2726e+01	 1.1107e+00
27.902	 1.1238e+00	0.27992	0.999	 3.3217e-01	 9.9979e-01	 6.2696e+01	 1.1105e+00
27.911	 1.1243e+00	0.28015	1.0003	 3.3248e-01	 9.9979e-01	 6.2666e+01	 1.1102e+00
27.919	 1.1247e+00	0.28038	0.99939	 3.3279e-01	 9.9985e-01	 6.2636e+01	 1.1099e+00
27.928	 1.1247e+00	0.28061	0.99999	 3.3310e-01	 9.9991e-01	 6.2606e+01	 1.1101e+00
27.936	 1.1242e+00	0.28084	0.99986	 3.3341e-01	 9.9995e-01	 6.2576e+01	 1.1104e+00
27.945	 1.1235e+00	0.28107	0.99936	 3.3372e-01	 9.9993e-01	 6.2547e+01	 1.1109e+00
27.954	 1.1229e+00	0.2813	0.99969	 3.3402e-01	 9.9987e-01	 6.2517e+01	 1.1113e+00
27.962	 1.1227e+00	0.28152	0.99916	 3.3433e-01	 9.9989e-01	 6.2487e+01	 1.1115e+00
27.971	 1.1229e+00	0.28175	1.0004	 3.3464e-01	 9.9989e-01	 6.2457e+01	 1.1114e+00
27.98	 1.1235e+00	0.28198	0.99893	 3.3495e-01	 9.9997e-01	 6.2427e+01	 1.1109e+00
27.988	 1.1242e+00	0.28221	1.0001	 3.3526e-01	 1.0000e+00	 6.2397e+01	 1.1106e+00
27.997	 1.1246e+00	0.28244	0.99933	 3.3557e-01	 1.0001e+00	 6.2367e+01	 1.1102e+00
28.006	 1.1247e+00	0.28267	0.99976	 3.3587e-01	 1.0001e+00	 6.2337e+01	 1.1101e+00
28.014	 1.1241e+00	0.2829	0.99992	 3.3618e-01	 1.0000e+00	 6.2307e+01	 1.1104e+00
28.023	 1.1234e+00	0.28313	0.99956	 3.3649e-01	 9.9995e-01	 6.2277e+01	 1.1107e+00
28.032	 1.1227e+00	0.28336	1.0003	 3.3680e-01	 9.9985e-01	 6.2247e+01	 1.1111e+00
28.041	 1.1224e+00	0.28359	0.9991	 3.3711e-01	 9.9985e-01	 6.2217e+01	 1.1111e+00
28.049	 1.1226e+00	0.28382	1.0001	 3.3741e-01	 9.9985e-01	 6.2187e+01	 1.1109e+00
28.058	 1.1231e+00	0.28405	0.9985	 3.3772e-01	 9.9993e-01	 6.2157e+01	 1.1105e+00
28.067	 1.1237e+00	0.28428	0.99966	 3.3803e-01	 9.9993e-01	 6.2127e+01	 1.1099e+00
28.076	 1.1241e+00	0.28451	0.99969	 3.3833e-01	 9.9991e-01	 6.2097e+01	 1.1097e+00
28.084	 1.1240e+00	0.28474	0.99989	 3.3864e-01	 9.9987e-01	 6.2067e+01	 1.1094e+00
28.093	 1.1235e+00	0.28497	0.99963	 3.3895e-01	 9.9983e-01	 6.2037e+01	 1.1097e+00
28.102	 1.1227e+00	0.2852	0.99903	 3.3926e-01	 9.9979e-01	 6.2007e+01	 1.1099e+00
28.111	 1.1221e+00	0.28544	0.99999	 3.3957e-01	 9.9975e-01	 6.1978e+01	 1.1101e+00
28.12	 1.1218e+00	0.28567	0.999	 3.3989e-01	 9.9979e-01	 6.1948e+01	 1.1102e+00
28.129	 1.1220e+00	0.2859	1.0003	 3.4020e-01	 9.9981e-01	 6.1918e+01	 1.1097e+00
28.138	 1.1227e+00	0.28613	0.99906	 3.4051e-01	 9.9989e-01	 6.1888e+01	 1.1093e+00
28.146	 1.1233e+00	0.28636	0.99953	 3.4082e-01	 9.9991e-01	 6.1858e+01	 1.1085e+00
28.155	 1.1239e+00	0.28659	0.99939	 3.4114e-01	 9.9993e-01	 6.1828e+01	 1.1080e+00
28.164	 1.1239e+00	0.28682	0.99943	 3.4145e-01	 9.9999e-01	 6.1798e+01	 1.1078e+00
28.173	 1.1236e+00	0.28706	0.99992	 3.4176e-01	 1.0000e+00	 6.1768e+01	 1.1076e+00
28.182	 1.1231e+00	0.28729	0.999	 3.4207e-01	 1.0000e+00	 6.1738e+01	 1.1078e+00
28.191	 1.1226e+00	0.28752	1.0001	 3.4238e-01	 9.9997e-01	 6.1708e+01	 1.1078e+00
28.2	 1.1226e+00	0.28776	0.99916	 3.4270e-01	 9.9991e-01	 6.1678e+01	 1.1076e+00
28.209	 1.1230e+00	0.28799	1.0003	 3.4301e-01	 9.9977e-01	 6.1648e+01	 1.1072e+00
28.218	 1.1239e+00	0.28822	0.99936	 3.4332e-01	 9.9973e-01	 6.1619e+01	 1.1065e+00
28.227	 1.1248e+00	0.28846	0.99969	 3.4363e-01	 9.9977e-01	 6.1589e+01	 1.1059e+00
28.236	 1.1255e+00	0.28869	0.99939	 3.4395e-01	 9.9985e-01	 6.1559e+01	 1.1053e+00
28.245	 1.1258e+00	0.28892	0.99943	 3.4426e-01	 9.9993e-01	 6.1529e+01	 1.1052e+00
28.254	 1.1255e+00	0.28916	0.99999	 3.4457e-01	 9.9997e-01	 6.1499e+01	 1.1053e+00
28.263	 1.1252e+00	0.28939	0.99913	 3.4489e-01	 1.0000e+00	 6.1469e+01	 1.1055e+00
28.272	 1.1249e+00	0.28962	1.0001	 3.4520e-01	 1.0000e+00	 6.1439e+01	 1.1059e+00
28.281	 1.1250e+00	0.28985	0.99903	 3.4552e-01	 1.0000e+00	 6.1409e+01	 1.1058e+00
28.29	 1.1256e+00	0.29008	1.0002	 3.4584e-01	 9.9997e-01	 6.1379e+01	 1.1057e+00
28.299	 1.1265e+00	0.29032	0.99939	 3.4616e-01	 9.9993e-01	 6.1349e+01	 1.1052e+00
28.308	 1.1276e+00	0.29056	0.99939	 3.4647e-01	 9.9989e-01	 6.1320e+01	 1.1048e+00
28.318	 1.1282e+00	0.29079	0.99963	 3.4679e-01	 9.9985e-01	 6.1290e+01	 1.1046e+00
28.327	 1.1285e+00	0.29103	0.99923	 3.4711e-01	 9.9987e-01	 6.1260e+01	 1.1045e+00
28.336	 1.1283e+00	0.29126	0.99992	 3.4743e-01	 9.9983e-01	 6.1230e+01	 1.1050e+00
28.345	 1.1279e+00	0.2915	0.9989	 3.4775e-01	 9.9983e-01	 6.1200e+01	 1.1053e+00
28.354	 1.1276e+00	0.29174	1.0	 3.4807e-01	 9.9977e-01	 6.1170e+01	 1.1058e+00
28.363	 1.1275e+00	0.29198	0.99893	 3.4839e-01	 9.9975e-01	 6.1140e+01	 1.1060e+00
28.373	 1.1280e+00	0.29222	1.0001	 3.4871e-01	 9.9977e-01	 6.1110e+01	 1.1058e+00
28.382	 1.1288e+00	0.29245	0.99969	 3.4903e-01	 9.9983e-01	 6.1081e+01	 1.1056e+00
28.391	 1.1297e+00	0.29269	0.99923	 3.4935e-01	 9.9987e-01	 6.1051e+01	 1.1050e+00
28.4	 1.1302e+00	0.29293	0.9993	 3.4967e-01	 9.9985e-01	 6.1021e+01	 1.1048e+00
28.409	 1.1302e+00	0.29317	0.99883	 3.4999e-01	 9.9981e-01	 6.0991e+01	 1.1048e+00
28.419	 1.1299e+00	0.29341	0.99972	 3.5031e-01	 9.9979e-01	 6.0961e+01	 1.1049e+00
28.428	 1.1293e+00	0.29364	0.9987	 3.5063e-01	 9.9981e-01	 6.0931e+01	 1.1054e+00
28.437	 1.1287e+00	0.29388	1.0003	 3.5095e-01	 9.9979e-01	 6.0901e+01	 1.1055e+00
28.447	 1.1286e+00	0.29412	0.99936	 3.5127e-01	 9.9983e-01	 6.0871e+01	 1.1056e+00
28.456	 1.1288e+00	0.29435	0.99949	 3.5158e-01	 9.9987e-01	 6.0842e+01	 1.1052e+00
28.465	 1.1295e+00	0.29459	0.99873	 3.5191e-01	 9.9991e-01	 6.0812e+01	 1.1047e+00
28.474	 1.1301e+00	0.29484	0.9987	 3.5223e-01	 9.9993e-01	 6.0782e+01	 1.1042e+00
28.484	 1.1305e+00	0.29508	0.99976	 3.5255e-01	 9.9991e-01	 6.0752e+01	 1.1037e+00
28.493	 1.1303e+00	0.29532	0.9989	 3.5287e-01	 9.9989e-01	 6.0722e+01	 1.1037e+00
28.503	 1.1297e+00	0.29556	0.99989	 3.5319e-01	 9.9985e-01	 6.0692e+01	 1.1037e+00
28.512	 1.1290e+00	0.2958	0.99863	 3.5352e-01	 9.9987e-01	 6.0663e+01	 1.1041e+00
28.521	 1.1282e+00	0.29604	0.99996	 3.5384e-01	 9.9987e-01	 6.0633e+01	 1.1044e+00
28.531	 1.1279e+00	0.29628	0.99966	 3.5416e-01	 9.9995e-01	 6.0603e+01	 1.1043e+00
28.54	 1.1280e+00	0.29652	0.99982	 3.5448e-01	 1.0000e+00	 6.0573e+01	 1.1042e+00
28.55	 1.1284e+00	0.29676	0.99936	 3.5480e-01	 1.0001e+00	 6.0543e+01	 1.1036e+00
28.559	 1.1290e+00	0.297	0.99949	 3.5512e-01	 1.0001e+00	 6.0513e+01	 1.1032e+00
28.568	 1.1291e+00	0.29724	1.0003	 3.5544e-01	 9.9999e-01	 6.0484e+01	 1.1029e+00
28.578	 1.1289e+00	0.29748	0.99873	 3.5577e-01	 9.9995e-01	 6.0454e+01	 1.1029e+00
28.587	 1.1282e+00	0.29772	0.99969	 3.5609e-01	 9.9987e-01	 6.0424e+01	 1.1033e+00
28.597	 1.1273e+00	0.29796	0.999	 3.5642e-01	 9.9983e-01	 6.0394e+01	 1.1036e+00
28.606	 1.1266e+00	0.2982	0.99989	 3.5674e-01	 9.9983e-01	 6.0364e+01	 1.1040e+00
28.616	 1.1263e+00	0.29845	0.9992	 3.5707e-01	 9.9989e-01	 6.0334e+01	 1.1041e+00
28.625	 1.1265e+00	0.29868	0.99953	 3.5739e-01	 9.9993e-01	 6.0305e+01	 1.1040e+00
28.635	 1.1270e+00	0.29892	0.99976	 3.5772e-01	 9.9995e-01	 6.0275e+01	 1.1038e+00
28.644	 1.1277e+00	0.29916	0.9991	 3.5804e-01	 9.9995e-01	 6.0245e+01	 1.1033e+00
28.654	 1.1281e+00	0.2994	1.0002	 3.5836e-01	 9.9991e-01	 6.0215e+01	 1.1033e+00
28.664	 1.1280e+00	0.29964	0.9993	 3.5869e-01	 9.9993e-01	 6.0185e+01	 1.1033e+00
28.673	 1.1277e+00	0.29989	1.0001	 3.5902e-01	 9.9995e-01	 6.0156e+01	 1.1037e+00
28.683	 1.1270e+00	0.30013	0.999	 3.5934e-01	 1.0000e+00	 6.0126e+01	 1.1043e+00
28.692	 1.1267e+00	0.30037	1.0002	 3.5967e-01	 1.0000e+00	 6.0096e+01	 1.1047e+00
28.702	 1.1267e+00	0.30061	0.99986	 3.6000e-01	 1.0000e+00	 6.0066e+01	 1.1051e+00
28.712	 1.1273e+00	0.30085	0.9992	 3.6032e-01	 9.9999e-01	 6.0037e+01	 1.1049e+00
28.721	 1.1283e+00	0.30109	0.99939	 3.6065e-01	 9.9993e-01	 6.0007e+01	 1.1047e+00
28.731	 1.1292e+00	0.30133	0.9987	 3.6097e-01	 9.9993e-01	 5.9977e+01	 1.1044e+00
28.741	 1.1299e+00	0.30157	1.0001	 3.6130e-01	 9.9993e-01	 5.9947e+01	 1.1043e+00
28.75	 1.1302e+00	0.30181	0.9993	 3.6163e-01	 9.9997e-01	 5.9918e+01	 1.1047e+00
28.76	 1.1301e+00	0.30206	1.0001	 3.6196e-01	 9.9997e-01	 5.9888e+01	 1.1051e+00
28.77	 1.1298e+00	0.3023	0.9985	 3.6229e-01	 9.9995e-01	 5.9858e+01	 1.1058e+00
28.779	 1.1295e+00	0.30255	0.99939	 3.6262e-01	 9.9987e-01	 5.9828e+01	 1.1064e+00
28.789	 1.1297e+00	0.30279	0.99943	 3.6296e-01	 9.9981e-01	 5.9799e+01	 1.1067e+00
28.799	 1.1303e+00	0.30303	0.99946	 3.6329e-01	 9.9979e-01	 5.9769e+01	 1.1068e+00
28.809	 1.1313e+00	0.30328	0.99996	 3.6362e-01	 9.9981e-01	 5.9739e+01	 1.1065e+00
28.818	 1.1323e+00	0.30352	0.9989	 3.6395e-01	 9.9993e-01	 5.9710e+01	 1.1065e+00
28.828	 1.1329e+00	0.30376	0.99999	 3.6428e-01	 9.9999e-01	 5.9680e+01	 1.1064e+00
28.838	 1.1332e+00	0.304	0.99893	 3.6461e-01	 1.0001e+00	 5.9650e+01	 1.1066e+00
28.848	 1.1329e+00	0.30424	0.99966	 3.6494e-01	 1.0001e+00	 5.9620e+01	 1.1072e+00
28.858	 1.1324e+00	0.30449	0.9991	 3.6527e-01	 1.0000e+00	 5.9591e+01	 1.1076e+00
28.868	 1.1321e+00	0.30473	1.0001	 3.6561e-01	 9.9993e-01	 5.9561e+01	 1.1082e+00
28.877	 1.1321e+00	0.30497	1.0003	 3.6594e-01	 9.9983e-01	 5.9531e+01	 1.1083e+00
28.887	 1.1326e+00	0.30521	0.99946	 3.6627e-01	 9.9977e-01	 5.9502e+01	 1.1082e+00
28.897	 1.1333e+00	0.30546	1.0001	 3.6661e-01	 9.9975e-01	 5.9472e+01	 1.1078e+00
28.907	 1.1341e+00	0.3057	0.9991	 3.6694e-01	 9.9979e-01	 5.9442e+01	 1.1073e+00
28.917	 1.1345e+00	0.30595	0.99989	 3.6728e-01	 9.9983e-01	 5.9413e+01	 1.1072e+00
28.927	 1.1345e+00	0.3062	0.9991	 3.6761e-01	 9.9991e-01	 5.9383e+01	 1.1070e+00
28.937	 1.1340e+00	0.30644	1.0004	 3.6794e-01	 9.9991e-01	 5.9353e+01	 1.1073e+00
28.947	 1.1332e+00	0.30669	0.99916	 3.6828e-01	 9.9991e-01	 5.9324e+01	 1.1076e+00
28.957	 1.1327e+00	0.30693	0.99936	 3.6862e-01	 9.9987e-01	 5.9294e+01	 1.1077e+00
28.967	 1.1324e+00	0.30718	0.99963	 3.6895e-01	 9.9981e-01	 5.9264e+01	 1.1077e+00
28.977	 1.1327e+00	0.30742	0.99906	 3.6929e-01	 9.9981e-01	 5.9235e+01	 1.1071e+00
28.987	 1.1332e+00	0.30767	0.99986	 3.6963e-01	 9.9983e-01	 5.9205e+01	 1.1066e+00
28.997	 1.1337e+00	0.30792	0.99893	 3.6996e-01	 9.9989e-01	 5.9175e+01	 1.1058e+00
29.007	 1.1339e+00	0.30817	1.0002	 3.7030e-01	 9.9991e-01	 5.9146e+01	 1.1053e+00
29.017	 1.1336e+00	0.30842	0.99877	 3.7063e-01	 9.9993e-01	 5.9116e+01	 1.1051e+00
29.027	 1.1329e+00	0.30867	0.99966	 3.7097e-01	 9.9987e-01	 5.9086e+01	 1.1050e+00
29.037	 1.1319e+00	0.30892	0.99949	 3.7131e-01	 9.9983e-01	 5.9057e+01	 1.1052e+00
29.047	 1.1311e+00	0.30917	0.999	 3.7165e-01	 9.9983e-01	 5.9027e+01	 1.1051e+00
29.057	 1.1307e+00	0.30941	0.99936	 3.7198e-01	 9.9987e-01	 5.8998e+01	 1.1050e+00
29.067	 1.1306e+00	0.30966	0.99913	 3.7232e-01	 9.9993e-01	 5.8968e+01	 1.1045e+00
29.077	 1.1311e+00	0.30991	1.0004	 3.7266e-01	 9.9995e-01	 5.8938e+01	 1.1037e+00
29.087	 1.1313e+00	0.31015	0.99887	 3.7300e-01	 9.9991e-01	 5.8909e+01	 1.1031e+00
29.097	 1.1312e+00	0.3104	0.99989	 3.7334e-01	 9.9985e-01	 5.8879e+01	 1.1025e+00
29.107	 1.1307e+00	0.31065	0.99906	 3.7368e-01	 9.9983e-01	 5.8850e+01	 1.1024e+00
29.118	 1.1297e+00	0.3109	0.99972	 3.7402e-01	 9.9987e-01	 5.8820e+01	 1.1024e+00
29.128	 1.1286e+00	0.31115	0.99963	 3.7437e-01	 9.9991e-01	 5.8791e+01	 1.1027e+00
29.138	 1.1274e+00	0.3114	0.9993	 3.7471e-01	 9.9997e-01	 5.8761e+01	 1.1029e+00
29.148	 1.1268e+00	0.31165	1.0	 3.7504e-01	 9.9997e-01	 5.8731e+01	 1.1027e+00
29.158	 1.1266e+00	0.3119	0.99946	 3.7538e-01	 9.9993e-01	 5.8702e+01	 1.1024e+00
29.168	 1.1266e+00	0.31216	1.0003	 3.7572e-01	 9.9983e-01	 5.8672e+01	 1.1018e+00
29.179	 1.1268e+00	0.31241	0.9987	 3.7607e-01	 9.9979e-01	 5.8643e+01	 1.1014e+00
29.189	 1.1266e+00	0.31267	0.99982	 3.7641e-01	 9.9975e-01	 5.8613e+01	 1.1011e+00
29.199	 1.1261e+00	0.31292	0.99936	 3.7675e-01	 9.9977e-01	 5.8584e+01	 1.1010e+00
29.209	 1.1250e+00	0.31318	0.99936	 3.7709e-01	 9.9981e-01	 5.8554e+01	 1.1014e+00
29.22	 1.1239e+00	0.31344	0.99926	 3.7743e-01	 9.9985e-01	 5.8525e+01	 1.1016e+00
29.23	 1.1230e+00	0.31369	0.99873	 3.7777e-01	 9.9993e-01	 5.8495e+01	 1.1019e+00
29.24	 1.1226e+00	0.31395	0.99953	 3.7812e-01	 9.9995e-01	 5.8466e+01	 1.1019e+00
29.251	 1.1228e+00	0.31421	0.99883	 3.7846e-01	 9.9999e-01	 5.8436e+01	 1.1016e+00
29.261	 1.1233e+00	0.31447	0.99972	 3.7880e-01	 9.9995e-01	 5.8407e+01	 1.1013e+00
29.271	 1.1240e+00	0.31473	0.99893	 3.7915e-01	 9.9991e-01	 5.8377e+01	 1.1007e+00
29.282	 1.1244e+00	0.31498	1.0005	 3.7949e-01	 9.9985e-01	 5.8348e+01	 1.1005e+00
29.292	 1.1244e+00	0.31524	0.99982	 3.7983e-01	 9.9985e-01	 5.8318e+01	 1.1005e+00
29.302	 1.1241e+00	0.3155	0.99926	 3.8018e-01	 9.9983e-01	 5.8289e+01	 1.1009e+00
29.313	 1.1237e+00	0.31576	0.99943	 3.8052e-01	 9.9983e-01	 5.8259e+01	 1.1013e+00
29.323	 1.1237e+00	0.31601	0.9992	 3.8087e-01	 9.9985e-01	 5.8230e+01	 1.1016e+00
29.334	 1.1240e+00	0.31628	1.0002	 3.8121e-01	 9.9981e-01	 5.8200e+01	 1.1018e+00
29.344	 1.1248e+00	0.31654	0.99854	 3.8156e-01	 9.9977e-01	 5.8171e+01	 1.1015e+00
29.355	 1.1261e+00	0.31679	0.99992	 3.8191e-01	 9.9965e-01	 5.8141e+01	 1.1011e+00
29.365	 1.1272e+00	0.31706	0.99906	 3.8225e-01	 9.9961e-01	 5.8112e+01	 1.1007e+00
29.376	 1.1281e+00	0.31732	0.99976	 3.8260e-01	 9.9967e-01	 5.8082e+01	 1.1004e+00
29.386	 1.1285e+00	0.31757	0.9993	 3.8294e-01	 9.9983e-01	 5.8053e+01	 1.1005e+00
29.397	 1.1285e+00	0.31783	0.99963	 3.8329e-01	 9.9999e-01	 5.8024e+01	 1.1007e+00
29.407	 1.1284e+00	0.31809	1.0002	 3.8364e-01	 1.0001e+00	 5.7994e+01	 1.1011e+00
29.418	 1.1283e+00	0.31835	0.99903	 3.8399e-01	 1.0001e+00	 5.7965e+01	 1.1012e+00
29.428	 1.1287e+00	0.31861	0.99956	 3.8433e-01	 9.9999e-01	 5.7935e+01	 1.1011e+00
29.439	 1.1294e+00	0.31886	0.9983	 3.8468e-01	 9.9999e-01	 5.7906e+01	 1.1008e+00
29.449	 1.1304e+00	0.31912	0.99963	 3.8503e-01	 1.0000e+00	 5.7877e+01	 1.1001e+00
29.46	 1.1312e+00	0.31937	0.99916	 3.8538e-01	 1.0000e+00	 5.7847e+01	 1.0996e+00
29.47	 1.1317e+00	0.31963	1.0	 3.8573e-01	 9.9995e-01	 5.7818e+01	 1.0992e+00
29.481	 1.1318e+00	0.31989	0.99923	 3.8608e-01	 9.9983e-01	 5.7788e+01	 1.0991e+00
29.492	 1.1312e+00	0.32015	0.99906	 3.8642e-01	 9.9973e-01	 5.7759e+01	 1.0994e+00
29.502	 1.1306e+00	0.3204	0.99996	 3.8677e-01	 9.9969e-01	 5.7730e+01	 1.0995e+00
29.513	 1.1302e+00	0.32066	0.99906	 3.8712e-01	 9.9975e-01	 5.7700e+01	 1.0998e+00
29.524	 1.1301e+00	0.32092	1.0004	 3.8747e-01	 9.9979e-01	 5.7671e+01	 1.0996e+00
29.534	 1.1306e+00	0.32118	0.99906	 3.8782e-01	 9.9985e-01	 5.7642e+01	 1.0994e+00
29.545	 1.1312e+00	0.32144	1.0001	 3.8817e-01	 9.9985e-01	 5.7612e+01	 1.0990e+00
29.556	 1.1319e+00	0.3217	0.9989	 3.8852e-01	 9.9985e-01	 5.7583e+01	 1.0986e+00
29.566	 1.1323e+00	0.32196	0.99906	 3.8887e-01	 9.9983e-01	 5.7554e+01	 1.0986e+00
29.577	 1.1321e+00	0.32223	0.99943	 3.8922e-01	 9.9983e-01	 5.7524e+01	 1.0988e+00
29.588	 1.1317e+00	0.32249	0.99913	 3.8957e-01	 9.9985e-01	 5.7495e+01	 1.0994e+00
29.599	 1.1310e+00	0.32275	0.99999	 3.8992e-01	 9.9987e-01	 5.7466e+01	 1.1001e+00
29.609	 1.1306e+00	0.32301	0.9993	 3.9027e-01	 9.9991e-01	 5.7436e+01	 1.1007e+00
29.62	 1.1306e+00	0.32327	1.0005	 3.9063e-01	 9.9991e-01	 5.7407e+01	 1.1012e+00
29.631	 1.1311e+00	0.32353	0.99916	 3.9098e-01	 9.9995e-01	 5.7378e+01	 1.1013e+00
29.642	 1.1319e+00	0.32379	0.99996	 3.9133e-01	 9.9995e-01	 5.7349e+01	 1.1014e+00
29.653	 1.1326e+00	0.32406	0.99933	 3.9168e-01	 1.0000e+00	 5.7319e+01	 1.1013e+00
29.663	 1.1331e+00	0.32432	0.99963	 3.9203e-01	 1.0001e+00	 5.7290e+01	 1.1015e+00
29.674	 1.1329e+00	0.32458	0.99966	 3.9238e-01	 1.0001e+00	 5.7261e+01	 1.1020e+00
29.685	 1.1324e+00	0.32484	0.99867	 3.9273e-01	 1.0002e+00	 5.7232e+01	 1.1024e+00
29.696	 1.1318e+00	0.32511	0.99943	 3.9308e-01	 1.0001e+00	 5.7202e+01	 1.1031e+00
29.707	 1.1313e+00	0.32537	0.99903	 3.9342e-01	 1.0001e+00	 5.7173e+01	 1.1033e+00
29.718	 1.1313e+00	0.32563	1.0004	 3.9377e-01	 1.0000e+00	 5.7144e+01	 1.1033e+00
29.729	 1.1316e+00	0.3259	0.999	 3.9412e-01	 9.9995e-01	 5.7115e+01	 1.1028e+00
29.739	 1.1323e+00	0.32616	0.99963	 3.9447e-01	 9.9989e-01	 5.7086e+01	 1.1020e+00
29.75	 1.1327e+00	0.32642	0.99939	 3.9482e-01	 9.9989e-01	 5.7056e+01	 1.1013e+00
29.761	 1.1329e+00	0.32669	0.99903	 3.9518e-01	 9.9989e-01	 5.7027e+01	 1.1005e+00
29.772	 1.1326e+00	0.32695	0.99943	 3.9553e-01	 9.9985e-01	 5.6998e+01	 1.1001e+00
29.783	 1.1318e+00	0.32721	0.99857	 3.9588e-01	 9.9981e-01	 5.6969e+01	 1.0999e+00
29.794	 1.1311e+00	0.32747	0.99969	 3.9623e-01	 9.9979e-01	 5.6940e+01	 1.0997e+00
29.805	 1.1304e+00	0.32773	0.99873	 3.9659e-01	 9.9985e-01	 5.6910e+01	 1.0996e+00
29.816	 1.1302e+00	0.32799	1.0	 3.9694e-01	 9.9985e-01	 5.6881e+01	 1.0989e+00
29.827	 1.1305e+00	0.32826	0.9991	 3.9729e-01	 9.9987e-01	 5.6852e+01	 1.0982e+00
29.838	 1.1311e+00	0.32853	0.99943	 3.9765e-01	 9.9987e-01	 5.6823e+01	 1.0972e+00
29.849	 1.1316e+00	0.32879	0.9993	 3.9800e-01	 9.9987e-01	 5.6794e+01	 1.0962e+00
29.86	 1.1318e+00	0.32906	0.9992	 3.9836e-01	 9.9987e-01	 5.6765e+01	 1.0954e+00
29.872	 1.1316e+00	0.32933	1.0005	 3.9871e-01	 9.9987e-01	 5.6736e+01	 1.0948e+00
29.883	 1.1310e+00	0.32959	0.99903	 3.9906e-01	 9.9991e-01	 5.6706e+01	 1.0947e+00
29.894	 1.1302e+00	0.32986	0.99959	 3.9942e-01	 9.9991e-01	 5.6677e+01	 1.0944e+00
29.905	 1.1298e+00	0.33012	0.99906	 3.9977e-01	 9.9995e-01	 5.6648e+01	 1.0941e+00
29.916	 1.1297e+00	0.33038	0.99979	 4.0013e-01	 9.9997e-01	 5.6619e+01	 1.0936e+00
29.927	 1.1302e+00	0.33065	0.99844	 4.0048e-01	 9.9995e-01	 5.6590e+01	 1.0927e+00
29.938	 1.1309e+00	0.33092	0.99943	 4.0084e-01	 9.9987e-01	 5.6561e+01	 1.0919e+00
29.95	 1.1315e+00	0.33118	0.99982	 4.0120e-01	 9.9977e-01	 5.6532e+01	 1.0910e+00
29.961	 1.1318e+00	0.33145	0.9992	 4.0156e-01	 9.9973e-01	 5.6503e+01	 1.0905e+00
29.972	 1.1315e+00	0.33171	1.0001	 4.0192e-01	 9.9969e-01	 5.6474e+01	 1.0904e+00
29.983	 1.1311e+00	0.33198	0.99926	 4.0227e-01	 9.9973e-01	 5.6445e+01	 1.0905e+00
29.994	 1.1304e+00	0.33225	0.99982	 4.0263e-01	 9.9979e-01	 5.6416e+01	 1.0910e+00
30.005	 1.1300e+00	0.33252	0.99857	 4.0299e-01	 9.9991e-01	 5.6387e+01	 1.0912e+00
30.017	 1.1301e+00	0.33279	0.99976	 4.0335e-01	 9.9999e-01	 5.6358e+01	 1.0914e+00
30.028	 1.1306e+00	0.33305	0.99906	 4.0371e-01	 1.0000e+00	 5.6329e+01	 1.0912e+00
30.039	 1.1316e+00	0.33332	0.9988	 4.0407e-01	 9.9999e-01	 5.6300e+01	 1.0910e+00
30.051	 1.1324e+00	0.33359	0.99939	 4.0443e-01	 9.9991e-01	 5.6271e+01	 1.0908e+00
30.062	 1.1331e+00	0.33386	0.9989	 4.0479e-01	 9.9985e-01	 5.6242e+01	 1.0906e+00
30.073	 1.1332e+00	0.33413	1.0001	 4.0515e-01	 9.9979e-01	 5.6213e+01	 1.0910e+00
30.084	 1.1329e+00	0.3344	0.99887	 4.0551e-01	 9.9981e-01	 5.6184e+01	 1.0914e+00
30.096	 1.1326e+00	0.33467	1.0002	 4.0587e-01	 9.9985e-01	 5.6155e+01	 1.0919e+00
30.107	 1.1324e+00	0.33493	0.9992	 4.0623e-01	 9.9991e-01	 5.6126e+01	 1.0924e+00
30.118	 1.1329e+00	0.3352	0.99963	 4.0659e-01	 9.9993e-01	 5.6097e+01	 1.0924e+00
30.13	 1.1336e+00	0.33547	0.99936	 4.0695e-01	 9.9989e-01	 5.6068e+01	 1.0924e+00
30.141	 1.1345e+00	0.33574	0.99897	 4.0731e-01	 9.9985e-01	 5.6039e+01	 1.0921e+00
30.153	 1.1354e+00	0.33601	0.99972	 4.0767e-01	 9.9979e-01	 5.6010e+01	 1.0920e+00
30.164	 1.1357e+00	0.33628	0.99959	 4.0804e-01	 9.9977e-01	 5.5981e+01	 1.0921e+00
30.175	 1.1356e+00	0.33655	1.0	 4.0840e-01	 9.9971e-01	 5.5952e+01	 1.0924e+00
30.187	 1.1350e+00	0.33682	0.99847	 4.0876e-01	 9.9969e-01	 5.5923e+01	 1.0932e+00
30.198	 1.1343e+00	0.33709	0.99979	 4.0913e-01	 9.9971e-01	 5.5894e+01	 1.0938e+00
30.21	 1.1337e+00	0.33736	0.9991	 4.0949e-01	 9.9983e-01	 5.5865e+01	 1.0945e+00
30.221	 1.1335e+00	0.33763	0.99989	 4.0986e-01	 9.9995e-01	 5.5837e+01	 1.0947e+00
30.233	 1.1338e+00	0.3379	0.99989	 4.1022e-01	 9.9999e-01	 5.5808e+01	 1.0948e+00
30.244	 1.1341e+00	0.33816	0.9993	 4.1058e-01	 9.9997e-01	 5.5779e+01	 1.0946e+00
30.256	 1.1345e+00	0.33843	0.99969	 4.1095e-01	 9.9991e-01	 5.5750e+01	 1.0943e+00
30.267	 1.1344e+00	0.3387	0.99883	 4.1131e-01	 9.9985e-01	 5.5721e+01	 1.0945e+00
30.279	 1.1339e+00	0.33897	0.99972	 4.1167e-01	 9.9979e-01	 5.5692e+01	 1.0946e+00
30.291	 1.1331e+00	0.33923	0.99887	 4.1204e-01	 9.9981e-01	 5.5663e+01	 1.0951e+00
30.302	 1.1320e+00	0.3395	0.99979	 4.1240e-01	 9.9985e-01	 5.5635e+01	 1.0956e+00
30.314	 1.1315e+00	0.33977	0.99906	 4.1276e-01	 9.9991e-01	 5.5606e+01	 1.0958e+00
30.325	 1.1312e+00	0.34004	0.99936	 4.1313e-01	 9.9997e-01	 5.5577e+01	 1.0959e+00
30.337	 1.1315e+00	0.34031	0.99939	 4.1350e-01	 1.0000e+00	 5.5548e+01	 1.0954e+00
30.349	 1.1321e+00	0.34058	0.9987	 4.1386e-01	 1.0000e+00	 5.5519e+01	 1.0950e+00
30.36	 1.1326e+00	0.34085	0.99969	 4.1423e-01	 1.0000e+00	 5.5491e+01	 1.0945e+00
30.372	 1.1329e+00	0.34112	0.99887	 4.1459e-01	 9.9997e-01	 5.5462e+01	 1.0941e+00
30.384	 1.1326e+00	0.34139	1.0001	 4.1496e-01	 9.9991e-01	 5.5433e+01	 1.0941e+00
30.395	 1.1321e+00	0.34166	0.99906	 4.1533e-01	 9.9991e-01	 5.5404e+01	 1.0940e+00
30.407	 1.1316e+00	0.34193	0.99982	 4.1570e-01	 9.9985e-01	 5.5376e+01	 1.0943e+00
30.419	 1.1313e+00	0.3422	0.99949	 4.1607e-01	 9.9981e-01	 5.5347e+01	 1.0941e+00
30.431	 1.1316e+00	0.34247	0.99946	 4.1645e-01	 9.9979e-01	 5.5318e+01	 1.0938e+00
30.442	 1.1322e+00	0.34274	0.99979	 4.1682e-01	 9.9979e-01	 5.5289e+01	 1.0932e+00
30.454	 1.1333e+00	0.34302	0.99903	 4.1719e-01	 9.9985e-01	 5.5261e+01	 1.0923e+00
30.466	 1.1341e+00	0.34329	1.0	 4.1756e-01	 9.9987e-01	 5.5232e+01	 1.0917e+00
30.478	 1.1347e+00	0.34356	0.99893	 4.1793e-01	 9.9995e-01	 5.5203e+01	 1.0911e+00
30.489	 1.1349e+00	0.34383	1.0	 4.1830e-01	 9.9995e-01	 5.5175e+01	 1.0911e+00
30.501	 1.1346e+00	0.34411	0.99893	 4.1868e-01	 9.9997e-01	 5.5146e+01	 1.0912e+00
30.513	 1.1344e+00	0.34438	0.99933	 4.1905e-01	 9.9997e-01	 5.5117e+01	 1.0915e+00
30.525	 1.1344e+00	0.34465	0.99939	 4.1942e-01	 9.9993e-01	 5.5089e+01	 1.0918e+00
30.537	 1.1348e+00	0.34492	0.9992	 4.1979e-01	 9.9991e-01	 5.5060e+01	 1.0916e+00
30.549	 1.1358e+00	0.34519	0.99933	 4.2017e-01	 9.9987e-01	 5.5031e+01	 1.0914e+00
30.561	 1.1369e+00	0.34547	0.9986	 4.2054e-01	 9.9983e-01	 5.5003e+01	 1.0910e+00
30.572	 1.1380e+00	0.34574	1.0001	 4.2091e-01	 9.9975e-01	 5.4974e+01	 1.0905e+00
30.584	 1.1387e+00	0.34602	0.9993	 4.2129e-01	 9.9975e-01	 5.4945e+01	 1.0905e+00
30.596	 1.1390e+00	0.34629	0.99999	 4.2166e-01	 9.9977e-01	 5.4917e+01	 1.0904e+00
30.608	 1.1389e+00	0.34657	0.99877	 4.2203e-01	 9.9981e-01	 5.4888e+01	 1.0908e+00
30.62	 1.1386e+00	0.34685	0.9991	 4.2240e-01	 9.9987e-01	 5.4859e+01	 1.0911e+00
30.632	 1.1387e+00	0.34712	0.9991	 4.2278e-01	 9.9991e-01	 5.4831e+01	 1.0912e+00
30.644	 1.1391e+00	0.3474	0.99906	 4.2315e-01	 9.9995e-01	 5.4802e+01	 1.0910e+00
30.656	 1.1400e+00	0.34768	0.99972	 4.2353e-01	 9.9991e-01	 5.4774e+01	 1.0904e+00
30.668	 1.1410e+00	0.34796	0.99814	 4.2390e-01	 9.9987e-01	 5.4745e+01	 1.0898e+00
30.68	 1.1418e+00	0.34823	0.99992	 4.2428e-01	 9.9979e-01	 5.4717e+01	 1.0890e+00
30.692	 1.1423e+00	0.34851	0.99933	 4.2466e-01	 9.9979e-01	 5.4688e+01	 1.0886e+00
30.704	 1.1422e+00	0.34879	0.99982	 4.2503e-01	 9.9977e-01	 5.4660e+01	 1.0885e+00
30.716	 1.1418e+00	0.34907	0.99887	 4.2541e-01	 9.9981e-01	 5.4631e+01	 1.0885e+00
30.728	 1.1411e+00	0.34934	0.99913	 4.2579e-01	 9.9985e-01	 5.4603e+01	 1.0888e+00
30.741	 1.1408e+00	0.34962	0.99959	 4.2616e-01	 9.9989e-01	 5.4574e+01	 1.0887e+00
30.753	 1.1409e+00	0.3499	0.999	 4.2653e-01	 9.9993e-01	 5.4546e+01	 1.0885e+00
30.765	 1.1413e+00	0.35018	0.99979	 4.2691e-01	 9.9991e-01	 5.4517e+01	 1.0879e+00
30.777	 1.1421e+00	0.35045	0.99887	 4.2728e-01	 9.9993e-01	 5.4489e+01	 1.0873e+00
30.789	 1.1426e+00	0.35073	1.0004	 4.2766e-01	 9.9991e-01	 5.4460e+01	 1.0869e+00
30.801	 1.1428e+00	0.35101	0.99916	 4.2804e-01	 9.9995e-01	 5.4432e+01	 1.0865e+00
30.813	 1.1425e+00	0.35129	0.99923	 4.2842e-01	 9.9995e-01	 5.4403e+01	 1.0867e+00
30.826	 1.1417e+00	0.35157	0.999	 4.2879e-01	 9.9997e-01	 5.4375e+01	 1.0869e+00
30.838	 1.1410e+00	0.35184	0.99946	 4.2917e-01	 9.9997e-01	 5.4347e+01	 1.0874e+00
30.85	 1.1403e+00	0.35212	0.99986	 4.2955e-01	 9.9995e-01	 5.4318e+01	 1.0879e+00
30.862	 1.1402e+00	0.3524	0.99903	 4.2993e-01	 9.9995e-01	 5.4290e+01	 1.0879e+00
30.875	 1.1404e+00	0.35269	0.99969	 4.3030e-01	 9.9991e-01	 5.4261e+01	 1.0879e+00
30.887	 1.1408e+00	0.35297	0.99844	 4.3068e-01	 9.9989e-01	 5.4233e+01	 1.0877e+00
30.899	 1.1411e+00	0.35325	0.99986	 4.3107e-01	 9.9983e-01	 5.4204e+01	 1.0877e+00
30.911	 1.1409e+00	0.35353	0.99946	 4.3145e-01	 9.9977e-01	 5.4176e+01	 1.0880e+00
30.924	 1.1404e+00	0.35381	1.0001	 4.3182e-01	 9.9969e-01	 5.4148e+01	 1.0884e+00
30.936	 1.1394e+00	0.35409	0.99959	 4.3220e-01	 9.9967e-01	 5.4119e+01	 1.0894e+00
30.948	 1.1384e+00	0.35437	0.9991	 4.3258e-01	 9.9969e-01	 5.4091e+01	 1.0900e+00
30.961	 1.1379e+00	0.35466	0.99946	 4.3296e-01	 9.9971e-01	 5.4063e+01	 1.0908e+00
30.973	 1.1376e+00	0.35494	0.99913	 4.3334e-01	 9.9977e-01	 5.4034e+01	 1.0911e+00
30.985	 1.1381e+00	0.35522	1.0007	 4.3372e-01	 9.9977e-01	 5.4006e+01	 1.0911e+00
30.998	 1.1386e+00	0.3555	0.99923	 4.3411e-01	 9.9983e-01	 5.3978e+01	 1.0911e+00
31.01	 1.1392e+00	0.35579	0.99986	 4.3449e-01	 9.9985e-01	 5.3950e+01	 1.0908e+00
31.023	 1.1394e+00	0.35607	0.999	 4.3487e-01	 9.9985e-01	 5.3921e+01	 1.0911e+00
31.035	 1.1391e+00	0.35635	0.99913	 4.3525e-01	 9.9983e-01	 5.3893e+01	 1.0914e+00
31.048	 1.1387e+00	0.35663	0.99959	 4.3563e-01	 9.9983e-01	 5.3865e+01	 1.0919e+00
31.06	 1.1380e+00	0.35692	0.99913	 4.3601e-01	 9.9987e-01	 5.3837e+01	 1.0926e+00
31.072	 1.1378e+00	0.3572	0.99989	 4.3640e-01	 9.9987e-01	 5.3808e+01	 1.0929e+00
31.085	 1.1380e+00	0.35748	0.99867	 4.3678e-01	 9.9989e-01	 5.3780e+01	 1.0932e+00
31.097	 1.1386e+00	0.35777	0.99966	 4.3716e-01	 9.9981e-01	 5.3752e+01	 1.0928e+00
31.11	 1.1395e+00	0.35805	0.9988	 4.3755e-01	 9.9973e-01	 5.3724e+01	 1.0925e+00
31.122	 1.1401e+00	0.35833	0.99972	 4.3793e-01	 9.9965e-01	 5.3696e+01	 1.0922e+00
31.135	 1.1405e+00	0.35862	0.99926	 4.3831e-01	 9.9967e-01	 5.3667e+01	 1.0919e+00
31.148	 1.1402e+00	0.3589	0.99949	 4.3870e-01	 9.9975e-01	 5.3639e+01	 1.0921e+00
31.16	 1.1397e+00	0.35919	0.99943	 4.3908e-01	 9.9985e-01	 5.3611e+01	 1.0922e+00
31.173	 1.1391e+00	0.35947	0.99883	 4.3947e-01	 9.9991e-01	 5.3583e+01	 1.0925e+00
31.185	 1.1387e+00	0.35975	0.99999	 4.3985e-01	 9.9987e-01	 5.3555e+01	 1.0926e+00
31.198	 1.1388e+00	0.36004	0.99893	 4.4024e-01	 9.9983e-01	 5.3527e+01	 1.0923e+00
31.211	 1.1393e+00	0.36033	0.99982	 4.4062e-01	 9.9977e-01	 5.3498e+01	 1.0919e+00
31.223	 1.1400e+00	0.36061	0.99913	 4.4101e-01	 9.9977e-01	 5.3470e+01	 1.0912e+00
31.236	 1.1406e+00	0.36089	0.99989	 4.4140e-01	 9.9975e-01	 5.3442e+01	 1.0910e+00
31.248	 1.1407e+00	0.36118	0.9992	 4.4178e-01	 9.9975e-01	 5.3414e+01	 1.0908e+00
31.261	 1.1405e+00	0.36146	0.99926	 4.4217e-01	 9.9979e-01	 5.3386e+01	 1.0910e+00
31.274	 1.1398e+00	0.36175	0.99969	 4.4256e-01	 9.9977e-01	 5.3358e+01	 1.0916e+00
31.287	 1.1393e+00	0.36204	0.99877	 4.4294e-01	 9.9975e-01	 5.3330e+01	 1.0920e+00
31.299	 1.1390e+00	0.36233	1.0001	 4.4333e-01	 9.9973e-01	 5.3302e+01	 1.0925e+00
31.312	 1.1393e+00	0.36262	0.99916	 4.4372e-01	 9.9975e-01	 5.3274e+01	 1.0924e+00
31.325	 1.1401e+00	0.3629	1.0002	 4.4411e-01	 9.9973e-01	 5.3246e+01	 1.0922e+00
31.338	 1.1410e+00	0.36319	0.99923	 4.4450e-01	 9.9975e-01	 5.3218e+01	 1.0917e+00
31.35	 1.1421e+00	0.36348	0.99966	 4.4489e-01	 9.9975e-01	 5.3190e+01	 1.0912e+00
31.363	 1.1427e+00	0.36377	0.99916	 4.4528e-01	 9.9975e-01	 5.3162e+01	 1.0911e+00
31.376	 1.1430e+00	0.36406	0.99906	 4.4567e-01	 9.9977e-01	 5.3134e+01	 1.0910e+00
31.389	 1.1431e+00	0.36434	1.0003	 4.4607e-01	 9.9979e-01	 5.3106e+01	 1.0913e+00
31.402	 1.1430e+00	0.36463	0.99946	 4.4645e-01	 9.9985e-01	 5.3078e+01	 1.0915e+00
31.415	 1.1436e+00	0.36492	0.99976	 4.4685e-01	 9.9983e-01	 5.3050e+01	 1.0914e+00
31.427	 1.1444e+00	0.36521	0.99847	 4.4723e-01	 9.9981e-01	 5.3022e+01	 1.0912e+00
31.44	 1.1458e+00	0.3655	0.99982	 4.4762e-01	 9.9973e-01	 5.2994e+01	 1.0905e+00
31.453	 1.1474e+00	0.36579	0.9991	 4.4801e-01	 9.9971e-01	 5.2966e+01	 1.0898e+00
31.466	 1.1488e+00	0.36608	0.99943	 4.4839e-01	 9.9971e-01	 5.2938e+01	 1.0891e+00
31.479	 1.1499e+00	0.36637	0.99959	 4.4878e-01	 9.9977e-01	 5.2910e+01	 1.0886e+00
31.492	 1.1505e+00	0.36667	0.99913	 4.4917e-01	 9.9985e-01	 5.2882e+01	 1.0885e+00
31.505	 1.1508e+00	0.36696	1.0003	 4.4956e-01	 9.9989e-01	 5.2854e+01	 1.0883e+00
31.518	 1.1511e+00	0.36726	0.9993	 4.4995e-01	 9.9993e-01	 5.2827e+01	 1.0883e+00
31.531	 1.1517e+00	0.36755	0.99976	 4.5034e-01	 9.9993e-01	 5.2799e+01	 1.0878e+00
31.544	 1.1529e+00	0.36784	0.99857	 4.5073e-01	 9.9995e-01	 5.2771e+01	 1.0870e+00
31.557	 1.1543e+00	0.36814	1.0	 4.5112e-01	 9.9989e-01	 5.2743e+01	 1.0859e+00
31.57	 1.1559e+00	0.36843	0.99953	 4.5151e-01	 9.9985e-01	 5.2715e+01	 1.0845e+00
31.583	 1.1573e+00	0.36873	0.99959	 4.5191e-01	 9.9983e-01	 5.2687e+01	 1.0834e+00
31.596	 1.1581e+00	0.36902	0.99999	 4.5230e-01	 9.9983e-01	 5.2660e+01	 1.0823e+00
31.609	 1.1586e+00	0.36932	0.99906	 4.5269e-01	 9.9983e-01	 5.2632e+01	 1.0819e+00
31.622	 1.1583e+00	0.36961	0.99989	 4.5308e-01	 9.9983e-01	 5.2604e+01	 1.0816e+00
31.636	 1.1581e+00	0.36991	0.9992	 4.5347e-01	 9.9985e-01	 5.2576e+01	 1.0814e+00
31.649	 1.1580e+00	0.3702	1.0003	 4.5387e-01	 9.9985e-01	 5.2548e+01	 1.0814e+00
31.662	 1.1581e+00	0.3705	0.99903	 4.5426e-01	 9.9985e-01	 5.2521e+01	 1.0810e+00
31.675	 1.1585e+00	0.37079	0.99976	 4.5465e-01	 9.9981e-01	 5.2493e+01	 1.0807e+00
31.688	 1.1588e+00	0.37108	0.9991	 4.5505e-01	 9.9983e-01	 5.2465e+01	 1.0803e+00
31.701	 1.1588e+00	0.37137	0.99867	 4.5544e-01	 9.9985e-01	 5.2438e+01	 1.0802e+00
31.714	 1.1581e+00	0.37167	0.99966	 4.5583e-01	 9.9985e-01	 5.2410e+01	 1.0805e+00
31.728	 1.1570e+00	0.37196	0.99903	 4.5623e-01	 9.9983e-01	 5.2382e+01	 1.0808e+00
31.741	 1.1554e+00	0.37226	0.99976	 4.5662e-01	 9.9977e-01	 5.2354e+01	 1.0817e+00
31.754	 1.1537e+00	0.37255	0.99867	 4.5702e-01	 9.9977e-01	 5.2327e+01	 1.0823e+00
31.767	 1.1523e+00	0.37285	1.0002	 4.5741e-01	 9.9979e-01	 5.2299e+01	 1.0828e+00
31.78	 1.1513e+00	0.37315	0.99913	 4.5781e-01	 9.9983e-01	 5.2271e+01	 1.0829e+00
31.794	 1.1508e+00	0.37344	0.9988	 4.5820e-01	 9.9985e-01	 5.2244e+01	 1.0826e+00
31.807	 1.1504e+00	0.37373	0.99916	 4.5859e-01	 9.9985e-01	 5.2216e+01	 1.0823e+00
31.82	 1.1499e+00	0.37403	0.99913	 4.5899e-01	 9.9987e-01	 5.2189e+01	 1.0818e+00
31.833	 1.1491e+00	0.37433	0.99916	 4.5938e-01	 9.9987e-01	 5.2161e+01	 1.0817e+00
31.846	 1.1478e+00	0.37462	0.9983	 4.5978e-01	 9.9991e-01	 5.2133e+01	 1.0817e+00
31.86	 1.1464e+00	0.37491	1.0002	 4.6017e-01	 9.9985e-01	 5.2106e+01	 1.0819e+00
31.873	 1.1450e+00	0.3752	0.99877	 4.6057e-01	 9.9983e-01	 5.2078e+01	 1.0820e+00
31.886	 1.1441e+00	0.3755	0.99959	 4.6096e-01	 9.9977e-01	 5.2051e+01	 1.0817e+00
31.9	 1.1437e+00	0.37579	0.99936	 4.6136e-01	 9.9975e-01	 5.2023e+01	 1.0813e+00
31.913	 1.1437e+00	0.37608	0.99949	 4.6176e-01	 9.9975e-01	 5.1995e+01	 1.0804e+00
31.927	 1.1440e+00	0.37638	0.99936	 4.6215e-01	 9.9977e-01	 5.1968e+01	 1.0795e+00
31.94	 1.1440e+00	0.37667	0.999	 4.6255e-01	 9.9979e-01	 5.1941e+01	 1.0786e+00
31.953	 1.1438e+00	0.37696	0.99979	 4.6295e-01	 9.9979e-01	 5.1913e+01	 1.0779e+00
31.967	 1.1432e+00	0.37725	0.99887	 4.6335e-01	 9.9985e-01	 5.1886e+01	 1.0777e+00
31.98	 1.1422e+00	0.37755	1.0001	 4.6375e-01	 9.9987e-01	 5.1858e+01	 1.0774e+00
31.994	 1.1414e+00	0.37784	0.9986	 4.6415e-01	 9.9989e-01	 5.1831e+01	 1.0774e+00
32.007	 1.1407e+00	0.37813	0.99916	 4.6455e-01	 9.9985e-01	 5.1803e+01	 1.0773e+00
32.021	 1.1406e+00	0.37843	0.99906	 4.6495e-01	 9.9977e-01	 5.1776e+01	 1.0770e+00
32.034	 1.1409e+00	0.37872	0.99903	 4.6535e-01	 9.9969e-01	 5.1748e+01	 1.0767e+00
32.048	 1.1413e+00	0.37902	0.999	 4.6575e-01	 9.9965e-01	 5.1721e+01	 1.0764e+00
32.061	 1.1416e+00	0.37932	0.99867	 4.6615e-01	 9.9971e-01	 5.1693e+01	 1.0765e+00
32.075	 1.1413e+00	0.37961	1.0002	 4.6655e-01	 9.9979e-01	 5.1666e+01	 1.0770e+00
32.089	 1.1407e+00	0.3799	0.99873	 4.6695e-01	 9.9987e-01	 5.1639e+01	 1.0779e+00
32.102	 1.1397e+00	0.38019	0.99972	 4.6735e-01	 9.9989e-01	 5.1611e+01	 1.0793e+00
32.116	 1.1388e+00	0.38049	0.99897	 4.6776e-01	 9.9989e-01	 5.1584e+01	 1.0806e+00
32.129	 1.1382e+00	0.38078	0.99986	 4.6816e-01	 9.9987e-01	 5.1556e+01	 1.0820e+00
32.143	 1.1380e+00	0.38108	0.99959	 4.6856e-01	 9.9985e-01	 5.1529e+01	 1.0829e+00
32.157	 1.1384e+00	0.38138	0.99936	 4.6897e-01	 9.9985e-01	 5.1502e+01	 1.0837e+00
32.17	 1.1388e+00	0.38168	0.99982	 4.6937e-01	 9.9983e-01	 5.1474e+01	 1.0843e+00
32.184	 1.1391e+00	0.38198	0.99897	 4.6978e-01	 9.9981e-01	 5.1447e+01	 1.0848e+00
32.198	 1.1391e+00	0.38227	0.99996	 4.7019e-01	 9.9975e-01	 5.1420e+01	 1.0857e+00
32.212	 1.1386e+00	0.38257	0.99873	 4.7059e-01	 9.9975e-01	 5.1393e+01	 1.0865e+00
32.225	 1.1379e+00	0.38287	0.99966	 4.7099e-01	 9.9975e-01	 5.1365e+01	 1.0875e+00
32.239	 1.1372e+00	0.38317	0.9988	 4.7140e-01	 9.9981e-01	 5.1338e+01	 1.0884e+00
32.253	 1.1371e+00	0.38346	0.99966	 4.7181e-01	 9.9985e-01	 5.1311e+01	 1.0889e+00
32.267	 1.1374e+00	0.38376	0.99972	 4.7221e-01	 9.9989e-01	 5.1283e+01	 1.0892e+00
32.28	 1.1383e+00	0.38406	0.99936	 4.7262e-01	 9.9989e-01	 5.1256e+01	 1.0890e+00
32.294	 1.1394e+00	0.38437	1.0002	 4.7302e-01	 9.9987e-01	 5.1229e+01	 1.0888e+00
32.308	 1.1402e+00	0.38467	0.99897	 4.7343e-01	 9.9985e-01	 5.1202e+01	 1.0885e+00
32.322	 1.1409e+00	0.38497	0.99982	 4.7384e-01	 9.9981e-01	 5.1175e+01	 1.0884e+00
32.336	 1.1410e+00	0.38527	0.99857	 4.7425e-01	 9.9981e-01	 5.1147e+01	 1.0886e+00
32.35	 1.1409e+00	0.38558	0.9993	 4.7466e-01	 9.9983e-01	 5.1120e+01	 1.0887e+00
32.363	 1.1409e+00	0.38588	0.9991	 4.7506e-01	 9.9993e-01	 5.1093e+01	 1.0888e+00
32.377	 1.1412e+00	0.38618	0.99979	 4.7547e-01	 1.0000e+00	 5.1066e+01	 1.0884e+00
32.391	 1.1421e+00	0.38649	0.99976	 4.7588e-01	 1.0000e+00	 5.1039e+01	 1.0878e+00
32.405	 1.1432e+00	0.38679	0.9988	 4.7629e-01	 1.0000e+00	 5.1012e+01	 1.0868e+00
32.419	 1.1446e+00	0.38709	0.99963	 4.7670e-01	 9.9993e-01	 5.0985e+01	 1.0854e+00
32.433	 1.1456e+00	0.3874	0.99877	 4.7711e-01	 9.9987e-01	 5.0957e+01	 1.0844e+00
32.447	 1.1462e+00	0.3877	0.99996	 4.7752e-01	 9.9981e-01	 5.0930e+01	 1.0834e+00
32.461	 1.1464e+00	0.388	0.99897	 4.7793e-01	 9.9981e-01	 5.0903e+01	 1.0828e+00
32.475	 1.1461e+00	0.38831	0.99969	 4.7834e-01	 9.9979e-01	 5.0876e+01	 1.0824e+00
32.489	 1.1460e+00	0.38862	0.99887	 4.7875e-01	 9.9981e-01	 5.0849e+01	 1.0820e+00
32.503	 1.1461e+00	0.38892	0.99916	 4.7917e-01	 9.9983e-01	 5.0822e+01	 1.0817e+00
32.517	 1.1466e+00	0.38923	1.0	 4.7958e-01	 9.9983e-01	 5.0795e+01	 1.0809e+00
32.531	 1.1476e+00	0.38953	0.99897	 4.8000e-01	 9.9985e-01	 5.0768e+01	 1.0802e+00
32.545	 1.1485e+00	0.38984	0.99986	 4.8041e-01	 9.9987e-01	 5.0741e+01	 1.0793e+00
32.559	 1.1494e+00	0.39015	0.99883	 4.8082e-01	 9.9995e-01	 5.0714e+01	 1.0787e+00
32.573	 1.1497e+00	0.39046	0.99972	 4.8124e-01	 9.9997e-01	 5.0687e+01	 1.0785e+00
32.587	 1.1496e+00	0.39076	0.99883	 4.8165e-01	 1.0000e+00	 5.0660e+01	 1.0784e+00
32.601	 1.1493e+00	0.39107	0.99953	 4.8206e-01	 1.0000e+00	 5.0633e+01	 1.0786e+00
32.615	 1.1489e+00	0.39138	0.9991	 4.8248e-01	 9.9997e-01	 5.0606e+01	 1.0787e+00
32.63	 1.1490e+00	0.39169	0.9987	 4.8289e-01	 9.9989e-01	 5.0579e+01	 1.0786e+00
32.644	 1.1494e+00	0.39199	0.99949	 4.8331e-01	 9.9977e-01	 5.0552e+01	 1.0783e+00
32.658	 1.1502e+00	0.3923	0.9989	 4.8372e-01	 9.9973e-01	 5.0525e+01	 1.0775e+00
32.672	 1.1512e+00	0.39261	1.0001	 4.8414e-01	 9.9975e-01	 5.0499e+01	 1.0768e+00
32.686	 1.1518e+00	0.39292	0.99916	 4.8456e-01	 9.9981e-01	 5.0472e+01	 1.0761e+00
32.701	 1.1521e+00	0.39323	0.99999	 4.8497e-01	 9.9979e-01	 5.0445e+01	 1.0757e+00
32.715	 1.1518e+00	0.39353	0.99893	 4.8539e-01	 9.9977e-01	 5.0418e+01	 1.0756e+00
32.729	 1.1513e+00	0.39384	0.99939	 4.8580e-01	 9.9975e-01	 5.0391e+01	 1.0755e+00
32.743	 1.1507e+00	0.39415	0.99936	 4.8621e-01	 9.9977e-01	 5.0364e+01	 1.0755e+00
32.758	 1.1505e+00	0.39446	0.99883	 4.8663e-01	 9.9985e-01	 5.0337e+01	 1.0751e+00
32.772	 1.1509e+00	0.39477	1.0001	 4.8705e-01	 9.9993e-01	 5.0311e+01	 1.0746e+00
32.786	 1.1516e+00	0.39509	0.999	 4.8746e-01	 1.0000e+00	 5.0284e+01	 1.0737e+00
32.8	 1.1526e+00	0.3954	0.99989	 4.8788e-01	 1.0001e+00	 5.0257e+01	 1.0727e+00
32.815	 1.1531e+00	0.39571	0.99883	 4.8830e-01	 1.0000e+00	 5.0230e+01	 1.0721e+00
32.829	 1.1534e+00	0.39602	1.0	 4.8871e-01	 9.9991e-01	 5.0204e+01	 1.0715e+00
32.843	 1.1532e+00	0.39633	0.99893	 4.8913e-01	 9.9977e-01	 5.0177e+01	 1.0716e+00
32.858	 1.1527e+00	0.39664	0.99883	 4.8955e-01	 9.9967e-01	 5.0150e+01	 1.0717e+00
32.872	 1.1523e+00	0.39696	0.99943	 4.8996e-01	 9.9965e-01	 5.0123e+01	 1.0720e+00
32.887	 1.1521e+00	0.39728	0.99903	 4.9039e-01	 9.9967e-01	 5.0097e+01	 1.0723e+00
32.901	 1.1526e+00	0.39759	1.0003	 4.9080e-01	 9.9971e-01	 5.0070e+01	 1.0722e+00
32.915	 1.1533e+00	0.39791	0.9991	 4.9122e-01	 9.9979e-01	 5.0043e+01	 1.0722e+00
32.93	 1.1541e+00	0.39823	0.9993	 4.9164e-01	 9.9985e-01	 5.0017e+01	 1.0721e+00
32.944	 1.1547e+00	0.39854	0.99807	 4.9206e-01	 9.9993e-01	 4.9990e+01	 1.0723e+00
32.959	 1.1547e+00	0.39886	0.99966	 4.9249e-01	 9.9993e-01	 4.9963e+01	 1.0728e+00
32.973	 1.1544e+00	0.39917	0.99943	 4.9291e-01	 9.9991e-01	 4.9937e+01	 1.0736e+00
32.988	 1.1537e+00	0.39948	0.99906	 4.9333e-01	 9.9991e-01	 4.9910e+01	 1.0747e+00
33.002	 1.1531e+00	0.3998	0.99982	 4.9375e-01	 9.9991e-01	 4.9883e+01	 1.0757e+00
33.017	 1.1529e+00	0.40011	0.99913	 4.9417e-01	 9.9995e-01	 4.9857e+01	 1.0765e+00
33.031	 1.1529e+00	0.40043	0.99959	 4.9460e-01	 9.9999e-01	 4.9830e+01	 1.0769e+00
33.046	 1.1535e+00	0.40074	0.99837	 4.9502e-01	 1.0000e+00	 4.9804e+01	 1.0770e+00
33.061	 1.1540e+00	0.40106	1.0	 4.9544e-01	 1.0000e+00	 4.9777e+01	 1.0771e+00
33.075	 1.1543e+00	0.40138	0.99923	 4.9587e-01	 1.0000e+00	 4.9751e+01	 1.0770e+00
33.09	 1.1542e+00	0.40169	0.999	 4.9628e-01	 9.9997e-01	 4.9724e+01	 1.0773e+00
33.104	 1.1535e+00	0.40201	0.99913	 4.9671e-01	 9.9987e-01	 4.9698e+01	 1.0777e+00
33.119	 1.1527e+00	0.40233	0.9993	 4.9713e-01	 9.9981e-01	 4.9671e+01	 1.0782e+00
33.134	 1.1518e+00	0.40265	0.99986	 4.9755e-01	 9.9977e-01	 4.9645e+01	 1.0788e+00
33.148	 1.1513e+00	0.40297	0.9987	 4.9797e-01	 9.9977e-01	 4.9618e+01	 1.0789e+00
33.163	 1.1512e+00	0.40329	0.99936	 4.9839e-01	 9.9979e-01	 4.9592e+01	 1.0789e+00
33.178	 1.1515e+00	0.40361	0.99814	 4.9882e-01	 9.9983e-01	 4.9565e+01	 1.0784e+00
33.192	 1.1520e+00	0.40392	0.99949	 4.9924e-01	 9.9981e-01	 4.9539e+01	 1.0779e+00
33.207	 1.1520e+00	0.40424	0.99893	 4.9967e-01	 9.9981e-01	 4.9512e+01	 1.0775e+00
33.222	 1.1519e+00	0.40456	0.9992	 5.0009e-01	 9.9977e-01	 4.9486e+01	 1.0773e+00
33.237	 1.1511e+00	0.40488	0.99949	 5.0051e-01	 9.9975e-01	 4.9459e+01	 1.0775e+00
33.252	 1.1501e+00	0.4052	0.99916	 5.0094e-01	 9.9979e-01	 4.9433e+01	 1.0776e+00
33.266	 1.1494e+00	0.40552	0.99956	 5.0137e-01	 9.9981e-01	 4.9407e+01	 1.0778e+00
33.281	 1.1488e+00	0.40583	0.99847	 5.0180e-01	 9.9987e-01	 4.9380e+01	 1.0776e+00
33.296	 1.1490e+00	0.40615	0.99996	 5.0223e-01	 9.9989e-01	 4.9354e+01	 1.0771e+00
33.311	 1.1493e+00	0.40648	0.99854	 5.0266e-01	 9.9997e-01	 4.9328e+01	 1.0764e+00
33.326	 1.1498e+00	0.4068	0.99916	 5.0309e-01	 1.0000e+00	 4.9301e+01	 1.0755e+00
33.34	 1.1502e+00	0.40713	0.999	 5.0352e-01	 1.0001e+00	 4.9275e+01	 1.0749e+00
33.355	 1.1499e+00	0.40745	0.99953	 5.0395e-01	 1.0000e+00	 4.9249e+01	 1.0744e+00
33.37	 1.1495e+00	0.40777	0.99959	 5.0438e-01	 9.9999e-01	 4.9222e+01	 1.0743e+00
33.385	 1.1486e+00	0.40809	0.99883	 5.0481e-01	 9.9991e-01	 4.9196e+01	 1.0744e+00
33.4	 1.1480e+00	0.40841	0.99999	 5.0524e-01	 9.9983e-01	 4.9170e+01	 1.0743e+00
33.415	 1.1476e+00	0.40873	0.99897	 5.0567e-01	 9.9979e-01	 4.9144e+01	 1.0743e+00
33.43	 1.1477e+00	0.40905	0.99989	 5.0609e-01	 9.9977e-01	 4.9117e+01	 1.0737e+00
33.445	 1.1483e+00	0.40937	0.99854	 5.0652e-01	 9.9981e-01	 4.9091e+01	 1.0731e+00
33.46	 1.1488e+00	0.4097	0.99946	 5.0695e-01	 9.9981e-01	 4.9065e+01	 1.0724e+00
33.475	 1.1493e+00	0.41002	0.99933	 5.0738e-01	 9.9981e-01	 4.9039e+01	 1.0718e+00
33.49	 1.1491e+00	0.41034	0.99903	 5.0781e-01	 9.9979e-01	 4.9012e+01	 1.0716e+00
33.505	 1.1487e+00	0.41067	0.99939	 5.0824e-01	 9.9975e-01	 4.8986e+01	 1.0716e+00
33.52	 1.1480e+00	0.41099	0.99854	 5.0868e-01	 9.9975e-01	 4.8960e+01	 1.0719e+00
33.535	 1.1474e+00	0.41132	0.99956	 5.0911e-01	 9.9973e-01	 4.8934e+01	 1.0721e+00
33.55	 1.1473e+00	0.41164	0.9984	 5.0955e-01	 9.9979e-01	 4.8908e+01	 1.0721e+00
33.565	 1.1476e+00	0.41196	0.99966	 5.0998e-01	 9.9985e-01	 4.8882e+01	 1.0720e+00
33.58	 1.1483e+00	0.41228	0.99877	 5.1041e-01	 9.9993e-01	 4.8856e+01	 1.0715e+00
33.596	 1.1492e+00	0.4126	0.99923	 5.1085e-01	 9.9993e-01	 4.8830e+01	 1.0714e+00
33.611	 1.1498e+00	0.41292	0.99916	 5.1128e-01	 9.9989e-01	 4.8803e+01	 1.0713e+00
33.626	 1.1501e+00	0.41324	0.99897	 5.1172e-01	 9.9985e-01	 4.8777e+01	 1.0717e+00
33.641	 1.1498e+00	0.41356	0.99923	 5.1215e-01	 9.9985e-01	 4.8751e+01	 1.0724e+00
33.656	 1.1496e+00	0.41389	0.99837	 5.1258e-01	 9.9991e-01	 4.8725e+01	 1.0732e+00
33.671	 1.1494e+00	0.41421	0.99953	 5.1301e-01	 9.9995e-01	 4.8699e+01	 1.0742e+00
33.687	 1.1495e+00	0.41453	0.99827	 5.1345e-01	 9.9999e-01	 4.8673e+01	 1.0746e+00
33.702	 1.1504e+00	0.41486	0.99949	 5.1388e-01	 9.9995e-01	 4.8647e+01	 1.0748e+00
33.717	 1.1514e+00	0.41518	0.9992	 5.1432e-01	 9.9991e-01	 4.8621e+01	 1.0747e+00
33.732	 1.1527e+00	0.41551	0.99926	 5.1476e-01	 9.9989e-01	 4.8595e+01	 1.0743e+00
33.748	 1.1536e+00	0.41583	0.99893	 5.1519e-01	 9.9989e-01	 4.8569e+01	 1.0741e+00
33.763	 1.1541e+00	0.41616	0.9987	 5.1563e-01	 9.9993e-01	 4.8544e+01	 1.0739e+00
33.778	 1.1543e+00	0.41648	0.99999	 5.1607e-01	 9.9991e-01	 4.8518e+01	 1.0741e+00
33.794	 1.1540e+00	0.41681	0.9991	 5.1650e-01	 9.9993e-01	 4.8492e+01	 1.0742e+00
33.809	 1.1541e+00	0.41714	1.0002	 5.1695e-01	 9.9991e-01	 4.8466e+01	 1.0741e+00
33.824	 1.1543e+00	0.41747	0.9991	 5.1738e-01	 9.9989e-01	 4.8440e+01	 1.0739e+00
33.84	 1.1551e+00	0.4178	1.0	 5.1782e-01	 9.9987e-01	 4.8414e+01	 1.0730e+00
33.855	 1.1562e+00	0.41813	0.9993	 5.1826e-01	 9.9983e-01	 4.8388e+01	 1.0722e+00
33.87	 1.1572e+00	0.41846	0.999	 5.1870e-01	 9.9977e-01	 4.8362e+01	 1.0711e+00
33.886	 1.1580e+00	0.41879	0.99939	 5.1914e-01	 9.9969e-01	 4.8336e+01	 1.0703e+00
33.901	 1.1581e+00	0.41912	0.99893	 5.1958e-01	 9.9967e-01	 4.8311e+01	 1.0698e+00
33.917	 1.1579e+00	0.41945	0.99996	 5.2002e-01	 9.9967e-01	 4.8285e+01	 1.0694e+00
33.932	 1.1573e+00	0.41978	0.99854	 5.2046e-01	 9.9971e-01	 4.8259e+01	 1.0694e+00
33.947	 1.1568e+00	0.42011	0.9992	 5.2090e-01	 9.9971e-01	 4.8233e+01	 1.0692e+00
33.963	 1.1567e+00	0.42044	0.99844	 5.2134e-01	 9.9975e-01	 4.8208e+01	 1.0690e+00
33.978	 1.1568e+00	0.42077	0.99923	 5.2178e-01	 9.9977e-01	 4.8182e+01	 1.0685e+00
33.994	 1.1573e+00	0.4211	0.9988	 5.2222e-01	 9.9977e-01	 4.8156e+01	 1.0677e+00
34.009	 1.1578e+00	0.42143	0.9987	 5.2266e-01	 9.9977e-01	 4.8130e+01	 1.0672e+00
34.025	 1.1579e+00	0.42176	0.99969	 5.2310e-01	 9.9975e-01	 4.8104e+01	 1.0667e+00
34.041	 1.1576e+00	0.4221	0.99877	 5.2354e-01	 9.9979e-01	 4.8079e+01	 1.0668e+00
34.056	 1.1566e+00	0.42243	0.99966	 5.2398e-01	 9.9981e-01	 4.8053e+01	 1.0671e+00
34.072	 1.1555e+00	0.42277	0.99844	 5.2443e-01	 9.9983e-01	 4.8027e+01	 1.0676e+00
34.087	 1.1544e+00	0.4231	0.99913	 5.2487e-01	 9.9981e-01	 4.8002e+01	 1.0682e+00
34.103	 1.1537e+00	0.42343	0.9986	 5.2531e-01	 9.9983e-01	 4.7976e+01	 1.0685e+00
34.119	 1.1534e+00	0.42377	0.99946	 5.2575e-01	 9.9985e-01	 4.7950e+01	 1.0688e+00
34.134	 1.1533e+00	0.4241	0.99926	 5.2619e-01	 9.9985e-01	 4.7925e+01	 1.0687e+00
34.15	 1.1534e+00	0.42443	0.99883	 5.2664e-01	 9.9983e-01	 4.7899e+01	 1.0687e+00
34.166	 1.1530e+00	0.42476	0.99939	 5.2708e-01	 9.9981e-01	 4.7874e+01	 1.0690e+00
34.181	 1.1522e+00	0.4251	0.99857	 5.2753e-01	 9.9981e-01	 4.7848e+01	 1.0694e+00
34.197	 1.1510e+00	0.42544	0.99972	 5.2798e-01	 9.9981e-01	 4.7822e+01	 1.0702e+00
34.213	 1.1495e+00	0.42577	0.9988	 5.2842e-01	 9.9987e-01	 4.7797e+01	 1.0710e+00
34.228	 1.1483e+00	0.42611	0.99989	 5.2887e-01	 9.9987e-01	 4.7771e+01	 1.0719e+00
34.244	 1.1473e+00	0.42644	0.99933	 5.2931e-01	 9.9989e-01	 4.7746e+01	 1.0724e+00
34.26	 1.1470e+00	0.42678	0.99936	 5.2976e-01	 9.9987e-01	 4.7720e+01	 1.0725e+00
34.276	 1.1469e+00	0.42711	0.99933	 5.3021e-01	 9.9987e-01	 4.7695e+01	 1.0724e+00
34.292	 1.1470e+00	0.42744	0.99906	 5.3065e-01	 9.9989e-01	 4.7669e+01	 1.0721e+00
34.307	 1.1469e+00	0.42777	0.99992	 5.3110e-01	 9.9989e-01	 4.7644e+01	 1.0719e+00
34.323	 1.1462e+00	0.4281	0.9988	 5.3155e-01	 9.9993e-01	 4.7618e+01	 1.0719e+00
34.339	 1.1454e+00	0.42844	0.99969	 5.3200e-01	 9.9993e-01	 4.7593e+01	 1.0721e+00
34.355	 1.1443e+00	0.42877	0.9985	 5.3244e-01	 9.9997e-01	 4.7567e+01	 1.0723e+00
34.371	 1.1434e+00	0.42911	0.99906	 5.3289e-01	 9.9999e-01	 4.7542e+01	 1.0722e+00
34.387	 1.1430e+00	0.42944	0.9985	 5.3334e-01	 1.0000e+00	 4.7516e+01	 1.0721e+00
34.403	 1.1431e+00	0.42978	0.99893	 5.3379e-01	 9.9999e-01	 4.7491e+01	 1.0715e+00
34.418	 1.1438e+00	0.43011	0.9993	 5.3424e-01	 9.9993e-01	 4.7466e+01	 1.0707e+00
34.434	 1.1443e+00	0.43045	0.99883	 5.3469e-01	 9.9989e-01	 4.7440e+01	 1.0699e+00
34.45	 1.1448e+00	0.43078	0.99969	 5.3514e-01	 9.9981e-01	 4.7415e+01	 1.0693e+00
34.466	 1.1449e+00	0.43111	0.99811	 5.3559e-01	 9.9977e-01	 4.7390e+01	 1.0691e+00
34.482	 1.1445e+00	0.43145	0.99946	 5.3604e-01	 9.9973e-01	 4.7364e+01	 1.0691e+00
34.498	 1.1442e+00	0.43178	0.99873	 5.3649e-01	 9.9973e-01	 4.7339e+01	 1.0695e+00
34.514	 1.1438e+00	0.43212	0.99943	 5.3694e-01	 9.9969e-01	 4.7314e+01	 1.0698e+00
34.53	 1.1442e+00	0.43245	0.99897	 5.3739e-01	 9.9967e-01	 4.7288e+01	 1.0699e+00
34.546	 1.1448e+00	0.43279	0.99847	 5.3784e-01	 9.9965e-01	 4.7263e+01	 1.0700e+00
34.563	 1.1459e+00	0.43313	0.9991	 5.3830e-01	 9.9965e-01	 4.7238e+01	 1.0698e+00
34.579	 1.1472e+00	0.43346	0.99873	 5.3875e-01	 9.9971e-01	 4.7212e+01	 1.0699e+00
34.595	 1.1480e+00	0.4338	1.0003	 5.3921e-01	 9.9975e-01	 4.7187e+01	 1.0700e+00
34.611	 1.1486e+00	0.43414	0.99913	 5.3966e-01	 9.9981e-01	 4.7162e+01	 1.0706e+00
34.627	 1.1486e+00	0.43448	0.99976	 5.4011e-01	 9.9985e-01	 4.7137e+01	 1.0715e+00
34.643	 1.1487e+00	0.43482	0.99877	 5.4057e-01	 9.9989e-01	 4.7112e+01	 1.0724e+00
34.659	 1.1488e+00	0.43516	0.99933	 5.4102e-01	 9.9989e-01	 4.7086e+01	 1.0735e+00
34.675	 1.1494e+00	0.43551	0.99916	 5.4148e-01	 9.9991e-01	 4.7061e+01	 1.0740e+00
34.692	 1.1505e+00	0.43585	0.9987	 5.4193e-01	 9.9995e-01	 4.7036e+01	 1.0743e+00
34.708	 1.1518e+00	0.43619	0.99936	 5.4239e-01	 9.9997e-01	 4.7011e+01	 1.0744e+00
34.724	 1.1533e+00	0.43653	0.9985	 5.4285e-01	 1.0000e+00	 4.6986e+01	 1.0742e+00
34.74	 1.1544e+00	0.43687	0.99976	 5.4331e-01	 1.0000e+00	 4.6961e+01	 1.0743e+00
34.756	 1.1549e+00	0.43721	0.99834	 5.4376e-01	 1.0000e+00	 4.6936e+01	 1.0743e+00
34.773	 1.1552e+00	0.43756	0.99926	 5.4422e-01	 9.9997e-01	 4.6911e+01	 1.0747e+00
34.789	 1.1551e+00	0.4379	0.99893	 5.4468e-01	 9.9995e-01	 4.6886e+01	 1.0750e+00
34.805	 1.1553e+00	0.43825	0.99923	 5.4514e-01	 9.9993e-01	 4.6861e+01	 1.0751e+00
34.821	 1.1557e+00	0.43859	0.99943	 5.4559e-01	 9.9989e-01	 4.6836e+01	 1.0750e+00
34.838	 1.1566e+00	0.43893	0.99906	 5.4605e-01	 9.9991e-01	 4.6811e+01	 1.0744e+00
34.854	 1.1579e+00	0.43928	0.99976	 5.4651e-01	 9.9993e-01	 4.6786e+01	 1.0739e+00
34.87	 1.1590e+00	0.43962	0.99824	 5.4697e-01	 9.9997e-01	 4.6761e+01	 1.0732e+00
34.887	 1.1599e+00	0.43996	0.99979	 5.4743e-01	 9.9993e-01	 4.6736e+01	 1.0728e+00
34.903	 1.1602e+00	0.44031	0.9987	 5.4788e-01	 9.9991e-01	 4.6711e+01	 1.0728e+00
34.92	 1.1602e+00	0.44065	0.999	 5.4834e-01	 9.9989e-01	 4.6686e+01	 1.0730e+00
34.936	 1.1598e+00	0.44099	0.99897	 5.4880e-01	 9.9991e-01	 4.6661e+01	 1.0735e+00
34.952	 1.1595e+00	0.44134	0.99903	 5.4925e-01	 9.9993e-01	 4.6636e+01	 1.0738e+00
34.969	 1.1598e+00	0.44168	0.99926	 5.4971e-01	 9.9989e-01	 4.6611e+01	 1.0740e+00
34.985	 1.1603e+00	0.44203	0.9989	 5.5017e-01	 9.9987e-01	 4.6586e+01	 1.0739e+00
35.002	 1.1612e+00	0.44237	0.99976	 5.5063e-01	 9.9985e-01	 4.6561e+01	 1.0736e+00
35.018	 1.1619e+00	0.44272	0.9983	 5.5109e-01	 9.9991e-01	 4.6536e+01	 1.0734e+00
35.035	 1.1623e+00	0.44307	0.99966	 5.5155e-01	 9.9993e-01	 4.6511e+01	 1.0732e+00
35.051	 1.1622e+00	0.44342	0.99867	 5.5201e-01	 9.9991e-01	 4.6487e+01	 1.0736e+00
35.068	 1.1615e+00	0.44377	0.9989	 5.5247e-01	 9.9981e-01	 4.6462e+01	 1.0741e+00
35.085	 1.1606e+00	0.44411	0.99906	 5.5293e-01	 9.9967e-01	 4.6437e+01	 1.0747e+00
35.101	 1.1598e+00	0.44446	0.99893	 5.5339e-01	 9.9955e-01	 4.6412e+01	 1.0755e+00
35.118	 1.1593e+00	0.44481	0.99959	 5.5385e-01	 9.9949e-01	 4.6387e+01	 1.0757e+00
35.134	 1.1593e+00	0.44516	0.99897	 5.5431e-01	 9.9951e-01	 4.6363e+01	 1.0759e+00
35.151	 1.1594e+00	0.44551	0.99989	 5.5477e-01	 9.9957e-01	 4.6338e+01	 1.0758e+00
35.167	 1.1596e+00	0.44586	0.9985	 5.5523e-01	 9.9969e-01	 4.6313e+01	 1.0757e+00
35.184	 1.1594e+00	0.44621	0.99949	 5.5570e-01	 9.9979e-01	 4.6289e+01	 1.0759e+00
35.201	 1.1588e+00	0.44656	0.99897	 5.5616e-01	 9.9987e-01	 4.6264e+01	 1.0761e+00
35.217	 1.1579e+00	0.44692	0.99933	 5.5662e-01	 9.9989e-01	 4.6239e+01	 1.0768e+00
35.234	 1.1568e+00	0.44727	0.99946	 5.5709e-01	 9.9985e-01	 4.6214e+01	 1.0773e+00
35.251	 1.1562e+00	0.44762	0.999	 5.5755e-01	 9.9983e-01	 4.6190e+01	 1.0777e+00
35.267	 1.1559e+00	0.44797	0.99959	 5.5801e-01	 9.9977e-01	 4.6165e+01	 1.0779e+00
35.284	 1.1563e+00	0.44832	0.99887	 5.5848e-01	 9.9981e-01	 4.6140e+01	 1.0775e+00
35.301	 1.1570e+00	0.44867	1.0002	 5.5894e-01	 9.9981e-01	 4.6116e+01	 1.0771e+00
35.318	 1.1578e+00	0.44903	0.9988	 5.5940e-01	 9.9981e-01	 4.6091e+01	 1.0765e+00
35.334	 1.1584e+00	0.44938	0.99953	 5.5987e-01	 9.9979e-01	 4.6067e+01	 1.0762e+00
35.351	 1.1583e+00	0.44974	0.99893	 5.6033e-01	 9.9977e-01	 4.6042e+01	 1.0761e+00
35.368	 1.1580e+00	0.45009	0.99936	 5.6080e-01	 9.9973e-01	 4.6017e+01	 1.0763e+00
35.385	 1.1574e+00	0.45044	0.9992	 5.6126e-01	 9.9971e-01	 4.5993e+01	 1.0766e+00
35.402	 1.1570e+00	0.45079	0.99834	 5.6173e-01	 9.9973e-01	 4.5968e+01	 1.0766e+00
35.419	 1.1571e+00	0.45115	0.99923	 5.6220e-01	 9.9973e-01	 4.5944e+01	 1.0766e+00
35.435	 1.1575e+00	0.4515	0.9983	 5.6266e-01	 9.9979e-01	 4.5919e+01	 1.0761e+00
35.452	 1.1584e+00	0.45185	0.99976	 5.6313e-01	 9.9983e-01	 4.5895e+01	 1.0754e+00
35.469	 1.1591e+00	0.45221	0.99903	 5.6360e-01	 9.9991e-01	 4.5870e+01	 1.0749e+00
35.486	 1.1596e+00	0.45257	0.99953	 5.6407e-01	 9.9993e-01	 4.5846e+01	 1.0744e+00
35.503	 1.1596e+00	0.45292	0.999	 5.6454e-01	 9.9991e-01	 4.5822e+01	 1.0744e+00
35.52	 1.1591e+00	0.45328	0.9991	 5.6500e-01	 9.9983e-01	 4.5797e+01	 1.0744e+00
35.537	 1.1587e+00	0.45363	0.99923	 5.6547e-01	 9.9977e-01	 4.5773e+01	 1.0748e+00
35.554	 1.1581e+00	0.45398	0.99883	 5.6594e-01	 9.9979e-01	 4.5748e+01	 1.0751e+00
35.571	 1.1583e+00	0.45434	1.0001	 5.6641e-01	 9.9985e-01	 4.5724e+01	 1.0751e+00
35.588	 1.1587e+00	0.45469	0.99863	 5.6687e-01	 9.9993e-01	 4.5699e+01	 1.0752e+00
35.605	 1.1594e+00	0.45504	0.99949	 5.6734e-01	 9.9993e-01	 4.5675e+01	 1.0749e+00
35.622	 1.1602e+00	0.4554	0.999	 5.6781e-01	 9.9989e-01	 4.5651e+01	 1.0748e+00
35.639	 1.1604e+00	0.45576	0.99972	 5.6829e-01	 9.9981e-01	 4.5626e+01	 1.0749e+00
35.656	 1.1604e+00	0.45612	0.99923	 5.6876e-01	 9.9979e-01	 4.5602e+01	 1.0753e+00
35.673	 1.1598e+00	0.45648	0.99897	 5.6924e-01	 9.9981e-01	 4.5578e+01	 1.0761e+00
35.69	 1.1592e+00	0.45684	0.99943	 5.6971e-01	 9.9981e-01	 4.5553e+01	 1.0768e+00
35.707	 1.1588e+00	0.4572	0.99844	 5.7018e-01	 9.9987e-01	 4.5529e+01	 1.0776e+00
35.725	 1.1587e+00	0.45755	0.99959	 5.7066e-01	 9.9991e-01	 4.5505e+01	 1.0779e+00
35.742	 1.1593e+00	0.45791	0.99877	 5.7113e-01	 9.9993e-01	 4.5481e+01	 1.0778e+00
35.759	 1.1599e+00	0.45827	0.99992	 5.7160e-01	 9.9993e-01	 4.5456e+01	 1.0777e+00
35.776	 1.1608e+00	0.45863	0.99906	 5.7208e-01	 9.9993e-01	 4.5432e+01	 1.0772e+00
35.793	 1.1613e+00	0.45899	0.99939	 5.7255e-01	 9.9993e-01	 4.5408e+01	 1.0771e+00
35.81	 1.1612e+00	0.45935	0.99913	 5.7303e-01	 9.9995e-01	 4.5384e+01	 1.0770e+00
35.828	 1.1610e+00	0.45971	0.99857	 5.7351e-01	 9.9993e-01	 4.5360e+01	 1.0772e+00
35.845	 1.1604e+00	0.46007	0.99953	 5.7398e-01	 9.9987e-01	 4.5336e+01	 1.0774e+00
35.862	 1.1602e+00	0.46043	0.99857	 5.7446e-01	 9.9985e-01	 4.5311e+01	 1.0774e+00
35.88	 1.1603e+00	0.46079	0.99923	 5.7493e-01	 9.9983e-01	 4.5287e+01	 1.0772e+00
35.897	 1.1609e+00	0.46116	0.99837	 5.7541e-01	 9.9985e-01	 4.5263e+01	 1.0764e+00
35.914	 1.1618e+00	0.46152	0.99943	 5.7589e-01	 9.9989e-01	 4.5239e+01	 1.0757e+00
35.931	 1.1626e+00	0.46188	0.99857	 5.7636e-01	 9.9997e-01	 4.5215e+01	 1.0749e+00
35.949	 1.1631e+00	0.46225	0.99857	 5.7684e-01	 9.9995e-01	 4.5191e+01	 1.0742e+00
35.966	 1.1631e+00	0.46261	0.99926	 5.7732e-01	 9.9989e-01	 4.5167e+01	 1.0740e+00
35.983	 1.1627e+00	0.46297	0.9988	 5.7780e-01	 9.9987e-01	 4.5143e+01	 1.0738e+00
36.001	 1.1622e+00	0.46334	0.99966	 5.7827e-01	 9.9991e-01	 4.5119e+01	 1.0740e+00
36.018	 1.1618e+00	0.4637	0.99877	 5.7875e-01	 9.9999e-01	 4.5095e+01	 1.0739e+00
36.036	 1.1619e+00	0.46407	0.99982	 5.7924e-01	 1.0000e+00	 4.5071e+01	 1.0736e+00
36.053	 1.1623e+00	0.46443	0.9989	 5.7972e-01	 1.0001e+00	 4.5047e+01	 1.0731e+00
36.071	 1.1630e+00	0.4648	0.99989	 5.8020e-01	 1.0000e+00	 4.5023e+01	 1.0723e+00
36.088	 1.1637e+00	0.46516	0.99926	 5.8068e-01	 9.9997e-01	 4.4999e+01	 1.0719e+00
36.105	 1.1638e+00	0.46553	0.99873	 5.8116e-01	 9.9985e-01	 4.4975e+01	 1.0714e+00
36.123	 1.1637e+00	0.46589	0.99916	 5.8164e-01	 9.9975e-01	 4.4951e+01	 1.0715e+00
36.14	 1.1628e+00	0.46626	0.9989	 5.8213e-01	 9.9973e-01	 4.4927e+01	 1.0718e+00
36.158	 1.1620e+00	0.46662	0.99939	 5.8261e-01	 9.9973e-01	 4.4903e+01	 1.0722e+00
36.175	 1.1613e+00	0.46699	0.99824	 5.8310e-01	 9.9977e-01	 4.4879e+01	 1.0728e+00
36.193	 1.1610e+00	0.46735	0.99946	 5.8358e-01	 9.9981e-01	 4.4855e+01	 1.0729e+00
36.211	 1.1613e+00	0.46771	0.99873	 5.8407e-01	 9.9987e-01	 4.4832e+01	 1.0730e+00
36.228	 1.1617e+00	0.46808	0.99923	 5.8455e-01	 9.9987e-01	 4.4808e+01	 1.0728e+00
36.246	 1.1623e+00	0.46845	0.99906	 5.8504e-01	 9.9985e-01	 4.4784e+01	 1.0727e+00
36.263	 1.1623e+00	0.46881	0.99887	 5.8553e-01	 9.9977e-01	 4.4760e+01	 1.0729e+00
36.281	 1.1620e+00	0.46918	0.99949	 5.8601e-01	 9.9965e-01	 4.4736e+01	 1.0730e+00
36.299	 1.1615e+00	0.46954	0.99847	 5.8650e-01	 9.9959e-01	 4.4712e+01	 1.0736e+00
36.316	 1.1606e+00	0.4699	0.99963	 5.8698e-01	 9.9955e-01	 4.4689e+01	 1.0740e+00
36.334	 1.1603e+00	0.47027	0.99877	 5.8747e-01	 9.9963e-01	 4.4665e+01	 1.0742e+00
36.352	 1.1601e+00	0.47063	0.99986	 5.8795e-01	 9.9975e-01	 4.4641e+01	 1.0742e+00
36.369	 1.1607e+00	0.471	0.9987	 5.8844e-01	 9.9985e-01	 4.4618e+01	 1.0736e+00
36.387	 1.1615e+00	0.47137	0.99857	 5.8892e-01	 9.9991e-01	 4.4594e+01	 1.0729e+00
36.405	 1.1621e+00	0.47174	0.99923	 5.8941e-01	 9.9991e-01	 4.4570e+01	 1.0721e+00
36.423	 1.1626e+00	0.47211	0.99906	 5.8989e-01	 9.9991e-01	 4.4547e+01	 1.0715e+00
36.44	 1.1624e+00	0.47248	0.99976	 5.9038e-01	 9.9989e-01	 4.4523e+01	 1.0713e+00
36.458	 1.1620e+00	0.47286	0.999	 5.9087e-01	 9.9991e-01	 4.4499e+01	 1.0712e+00
36.476	 1.1615e+00	0.47323	1.0002	 5.9137e-01	 9.9991e-01	 4.4476e+01	 1.0714e+00
36.494	 1.1611e+00	0.4736	0.9989	 5.9186e-01	 9.9991e-01	 4.4452e+01	 1.0712e+00
36.512	 1.1613e+00	0.47397	0.99949	 5.9235e-01	 9.9985e-01	 4.4428e+01	 1.0709e+00
36.529	 1.1619e+00	0.47435	0.9985	 5.9284e-01	 9.9981e-01	 4.4405e+01	 1.0703e+00
36.547	 1.1630e+00	0.47472	0.99821	 5.9333e-01	 9.9977e-01	 4.4381e+01	 1.0694e+00
36.565	 1.1638e+00	0.47509	0.99916	 5.9382e-01	 9.9973e-01	 4.4358e+01	 1.0688e+00
36.583	 1.1643e+00	0.47547	0.99887	 5.9432e-01	 9.9977e-01	 4.4334e+01	 1.0682e+00
36.601	 1.1645e+00	0.47584	0.99939	 5.9480e-01	 9.9979e-01	 4.4311e+01	 1.0681e+00
36.619	 1.1641e+00	0.47621	0.99774	 5.9529e-01	 9.9983e-01	 4.4287e+01	 1.0682e+00
36.637	 1.1638e+00	0.47659	0.99916	 5.9579e-01	 9.9977e-01	 4.4263e+01	 1.0683e+00
36.655	 1.1635e+00	0.47696	0.99857	 5.9627e-01	 9.9975e-01	 4.4240e+01	 1.0685e+00
36.673	 1.1638e+00	0.47734	0.99923	 5.9677e-01	 9.9971e-01	 4.4217e+01	 1.0683e+00
36.691	 1.1645e+00	0.47771	0.99867	 5.9726e-01	 9.9969e-01	 4.4193e+01	 1.0680e+00
36.709	 1.1653e+00	0.47809	0.99821	 5.9775e-01	 9.9971e-01	 4.4170e+01	 1.0674e+00
36.727	 1.1662e+00	0.47847	0.9988	 5.9824e-01	 9.9975e-01	 4.4146e+01	 1.0670e+00
36.745	 1.1665e+00	0.47885	0.99847	 5.9874e-01	 9.9983e-01	 4.4123e+01	 1.0668e+00
36.763	 1.1665e+00	0.47922	0.99969	 5.9923e-01	 9.9989e-01	 4.4099e+01	 1.0667e+00
36.781	 1.1659e+00	0.4796	0.99844	 5.9973e-01	 9.9999e-01	 4.4076e+01	 1.0672e+00
36.799	 1.1652e+00	0.47998	0.99989	 6.0022e-01	 1.0000e+00	 4.4053e+01	 1.0674e+00
36.817	 1.1648e+00	0.48036	0.99903	 6.0072e-01	 1.0001e+00	 4.4029e+01	 1.0676e+00
36.835	 1.1647e+00	0.48074	0.9992	 6.0121e-01	 1.0001e+00	 4.4006e+01	 1.0675e+00
36.853	 1.1652e+00	0.48112	0.99906	 6.0171e-01	 9.9997e-01	 4.3983e+01	 1.0670e+00
36.871	 1.1658e+00	0.48149	0.99854	 6.0220e-01	 9.9991e-01	 4.3959e+01	 1.0665e+00
36.89	 1.1663e+00	0.48187	0.999	 6.0269e-01	 9.9985e-01	 4.3936e+01	 1.0659e+00
36.908	 1.1666e+00	0.48225	0.99827	 6.0318e-01	 9.9985e-01	 4.3913e+01	 1.0657e+00
36.926	 1.1662e+00	0.48264	0.99989	 6.0368e-01	 9.9979e-01	 4.3890e+01	 1.0656e+00
36.944	 1.1656e+00	0.48302	0.99887	 6.0417e-01	 9.9975e-01	 4.3866e+01	 1.0659e+00
36.962	 1.1648e+00	0.4834	0.99963	 6.0467e-01	 9.9969e-01	 4.3843e+01	 1.0662e+00
36.981	 1.1645e+00	0.48378	0.99887	 6.0517e-01	 9.9971e-01	 4.3820e+01	 1.0663e+00
36.999	 1.1645e+00	0.48416	0.99926	 6.0566e-01	 9.9975e-01	 4.3797e+01	 1.0664e+00
37.017	 1.1649e+00	0.48455	0.99953	 6.0616e-01	 9.9985e-01	 4.3774e+01	 1.0660e+00
37.035	 1.1658e+00	0.48493	0.99893	 6.0666e-01	 9.9999e-01	 4.3750e+01	 1.0657e+00
37.054	 1.1662e+00	0.48531	0.99986	 6.0716e-01	 1.0001e+00	 4.3727e+01	 1.0653e+00
37.072	 1.1666e+00	0.4857	0.99854	 6.0766e-01	 1.0002e+00	 4.3704e+01	 1.0651e+00
37.09	 1.1663e+00	0.48608	0.99966	 6.0816e-01	 1.0001e+00	 4.3681e+01	 1.0653e+00
37.109	 1.1656e+00	0.48647	0.999	 6.0865e-01	 1.0000e+00	 4.3658e+01	 1.0656e+00
37.127	 1.1650e+00	0.48685	0.99953	 6.0915e-01	 9.9993e-01	 4.3635e+01	 1.0660e+00
37.146	 1.1644e+00	0.48724	0.99897	 6.0965e-01	 9.9983e-01	 4.3612e+01	 1.0663e+00
37.164	 1.1644e+00	0.48762	0.99903	 6.1015e-01	 9.9977e-01	 4.3589e+01	 1.0661e+00
37.182	 1.1647e+00	0.48801	0.99906	 6.1065e-01	 9.9975e-01	 4.3566e+01	 1.0658e+00
37.201	 1.1652e+00	0.48839	0.99794	 6.1115e-01	 9.9983e-01	 4.3543e+01	 1.0651e+00
37.219	 1.1657e+00	0.48878	0.99933	 6.1166e-01	 9.9991e-01	 4.3520e+01	 1.0647e+00
37.238	 1.1656e+00	0.48916	0.99857	 6.1216e-01	 9.9999e-01	 4.3497e+01	 1.0643e+00
37.256	 1.1654e+00	0.48955	0.99979	 6.1266e-01	 9.9997e-01	 4.3474e+01	 1.0642e+00
37.275	 1.1645e+00	0.48993	0.99873	 6.1316e-01	 9.9991e-01	 4.3451e+01	 1.0645e+00
37.293	 1.1638e+00	0.49032	0.9988	 6.1366e-01	 9.9977e-01	 4.3428e+01	 1.0646e+00
37.312	 1.1634e+00	0.4907	0.9987	 6.1416e-01	 9.9965e-01	 4.3405e+01	 1.0648e+00
37.33	 1.1635e+00	0.49109	0.999	 6.1467e-01	 9.9961e-01	 4.3382e+01	 1.0645e+00
37.349	 1.1643e+00	0.49147	0.99936	 6.1517e-01	 9.9967e-01	 4.3359e+01	 1.0640e+00
37.367	 1.1651e+00	0.49186	0.99877	 6.1567e-01	 9.9979e-01	 4.3336e+01	 1.0634e+00
37.386	 1.1662e+00	0.49225	0.99996	 6.1618e-01	 9.9987e-01	 4.3313e+01	 1.0627e+00
37.404	 1.1668e+00	0.49264	0.99807	 6.1669e-01	 9.9995e-01	 4.3290e+01	 1.0624e+00
37.423	 1.1669e+00	0.49303	0.999	 6.1719e-01	 9.9993e-01	 4.3267e+01	 1.0623e+00
37.442	 1.1668e+00	0.49342	0.99897	 6.1770e-01	 9.9987e-01	 4.3244e+01	 1.0624e+00
37.46	 1.1665e+00	0.49381	0.99923	 6.1820e-01	 9.9977e-01	 4.3222e+01	 1.0626e+00
37.479	 1.1666e+00	0.4942	0.99923	 6.1871e-01	 9.9971e-01	 4.3199e+01	 1.0626e+00
37.498	 1.1669e+00	0.49459	0.99887	 6.1922e-01	 9.9973e-01	 4.3176e+01	 1.0625e+00
37.516	 1.1678e+00	0.49498	0.99979	 6.1972e-01	 9.9979e-01	 4.3153e+01	 1.0620e+00
37.535	 1.1689e+00	0.49537	0.99873	 6.2023e-01	 9.9989e-01	 4.3131e+01	 1.0615e+00
37.554	 1.1696e+00	0.49576	0.99903	 6.2073e-01	 9.9989e-01	 4.3108e+01	 1.0610e+00
37.572	 1.1702e+00	0.49616	0.99791	 6.2124e-01	 9.9987e-01	 4.3085e+01	 1.0609e+00
37.591	 1.1699e+00	0.49655	0.99923	 6.2174e-01	 9.9979e-01	 4.3062e+01	 1.0611e+00
37.61	 1.1694e+00	0.49694	0.99923	 6.2225e-01	 9.9975e-01	 4.3040e+01	 1.0613e+00
37.629	 1.1687e+00	0.49733	0.99956	 6.2276e-01	 9.9975e-01	 4.3017e+01	 1.0618e+00
37.647	 1.1681e+00	0.49772	0.99959	 6.2327e-01	 9.9977e-01	 4.2994e+01	 1.0620e+00
37.666	 1.1681e+00	0.4981	0.99867	 6.2377e-01	 9.9983e-01	 4.2971e+01	 1.0620e+00
37.685	 1.1683e+00	0.49849	0.99956	 6.2428e-01	 9.9985e-01	 4.2949e+01	 1.0616e+00
37.704	 1.1688e+00	0.49889	0.99837	 6.2479e-01	 9.9983e-01	 4.2926e+01	 1.0611e+00
37.723	 1.1691e+00	0.49927	0.9993	 6.2530e-01	 9.9977e-01	 4.2904e+01	 1.0607e+00
37.742	 1.1690e+00	0.49966	0.9983	 6.2582e-01	 9.9975e-01	 4.2881e+01	 1.0604e+00
37.761	 1.1686e+00	0.50006	0.9993	 6.2633e-01	 9.9975e-01	 4.2858e+01	 1.0605e+00
37.779	 1.1676e+00	0.50045	0.99893	 6.2684e-01	 9.9977e-01	 4.2836e+01	 1.0609e+00
37.798	 1.1668e+00	0.50084	0.99893	 6.2736e-01	 9.9983e-01	 4.2813e+01	 1.0612e+00
37.817	 1.1661e+00	0.50123	0.99969	 6.2787e-01	 9.9987e-01	 4.2791e+01	 1.0615e+00
37.836	 1.1659e+00	0.50163	0.9987	 6.2838e-01	 9.9993e-01	 4.2768e+01	 1.0614e+00
37.855	 1.1663e+00	0.50202	0.99969	 6.2889e-01	 9.9995e-01	 4.2746e+01	 1.0611e+00
37.874	 1.1669e+00	0.50241	0.99873	 6.2941e-01	 9.9993e-01	 4.2723e+01	 1.0606e+00
37.893	 1.1676e+00	0.5028	0.9991	 6.2992e-01	 9.9987e-01	 4.2701e+01	 1.0602e+00
37.912	 1.1677e+00	0.5032	0.99797	 6.3043e-01	 9.9979e-01	 4.2678e+01	 1.0600e+00
37.931	 1.1675e+00	0.50359	0.999	 6.3095e-01	 9.9973e-01	 4.2656e+01	 1.0599e+00
37.95	 1.1670e+00	0.50399	0.99906	 6.3146e-01	 9.9973e-01	 4.2633e+01	 1.0601e+00
37.969	 1.1665e+00	0.50438	0.99903	 6.3197e-01	 9.9979e-01	 4.2611e+01	 1.0602e+00
37.989	 1.1665e+00	0.50477	0.99976	 6.3249e-01	 9.9989e-01	 4.2588e+01	 1.0601e+00
38.008	 1.1668e+00	0.50516	0.99877	 6.3301e-01	 9.9995e-01	 4.2566e+01	 1.0597e+00
38.027	 1.1677e+00	0.50556	0.99963	 6.3352e-01	 9.9989e-01	 4.2544e+01	 1.0588e+00
38.046	 1.1688e+00	0.50595	0.99854	 6.3404e-01	 9.9981e-01	 4.2521e+01	 1.0581e+00
38.065	 1.1699e+00	0.50635	0.99923	 6.3456e-01	 9.9979e-01	 4.2499e+01	 1.0571e+00
38.084	 1.1708e+00	0.50675	0.9986	 6.3508e-01	 9.9985e-01	 4.2477e+01	 1.0567e+00
38.103	 1.1709e+00	0.50714	0.99916	 6.3560e-01	 9.9991e-01	 4.2454e+01	 1.0564e+00
38.123	 1.1711e+00	0.50754	0.99916	 6.3612e-01	 9.9995e-01	 4.2432e+01	 1.0565e+00
38.142	 1.1711e+00	0.50794	0.99847	 6.3664e-01	 9.9993e-01	 4.2410e+01	 1.0568e+00
38.161	 1.1713e+00	0.50834	0.99946	 6.3716e-01	 9.9983e-01	 4.2387e+01	 1.0568e+00
38.18	 1.1722e+00	0.50874	0.99863	 6.3768e-01	 9.9975e-01	 4.2365e+01	 1.0568e+00
38.199	 1.1733e+00	0.50914	0.99963	 6.3820e-01	 9.9969e-01	 4.2343e+01	 1.0564e+00
38.219	 1.1749e+00	0.50954	0.99873	 6.3872e-01	 9.9973e-01	 4.2321e+01	 1.0560e+00
38.238	 1.1761e+00	0.50994	0.99936	 6.3925e-01	 9.9975e-01	 4.2298e+01	 1.0558e+00
38.257	 1.1771e+00	0.51035	0.9987	 6.3977e-01	 9.9979e-01	 4.2276e+01	 1.0557e+00
38.277	 1.1776e+00	0.51075	0.99877	 6.4030e-01	 9.9981e-01	 4.2254e+01	 1.0561e+00
38.296	 1.1776e+00	0.51114	0.9989	 6.4082e-01	 9.9983e-01	 4.2232e+01	 1.0565e+00
38.315	 1.1777e+00	0.51154	0.9984	 6.4134e-01	 9.9985e-01	 4.2210e+01	 1.0571e+00
38.335	 1.1778e+00	0.51194	0.99949	 6.4187e-01	 9.9983e-01	 4.2188e+01	 1.0575e+00
38.354	 1.1786e+00	0.51234	0.9987	 6.4239e-01	 9.9983e-01	 4.2166e+01	 1.0575e+00
38.373	 1.1795e+00	0.51274	0.99989	 6.4291e-01	 9.9983e-01	 4.2144e+01	 1.0575e+00
38.393	 1.1806e+00	0.51315	0.99877	 6.4343e-01	 9.9987e-01	 4.2121e+01	 1.0572e+00
38.412	 1.1817e+00	0.51355	0.9993	 6.4396e-01	 9.9987e-01	 4.2099e+01	 1.0572e+00
38.432	 1.1820e+00	0.51395	0.99873	 6.4448e-01	 9.9985e-01	 4.2077e+01	 1.0575e+00
38.451	 1.1820e+00	0.51436	0.99926	 6.4500e-01	 9.9985e-01	 4.2055e+01	 1.0579e+00
38.471	 1.1814e+00	0.51476	0.99966	 6.4553e-01	 9.9985e-01	 4.2033e+01	 1.0589e+00
38.49	 1.1808e+00	0.51516	0.99821	 6.4605e-01	 9.9985e-01	 4.2011e+01	 1.0596e+00
38.51	 1.1804e+00	0.51556	0.99916	 6.4658e-01	 9.9985e-01	 4.1989e+01	 1.0604e+00
38.529	 1.1803e+00	0.51597	0.99814	 6.4710e-01	 9.9987e-01	 4.1967e+01	 1.0607e+00
38.549	 1.1808e+00	0.51637	0.9993	 6.4763e-01	 9.9985e-01	 4.1945e+01	 1.0608e+00
38.568	 1.1812e+00	0.51678	0.99847	 6.4815e-01	 9.9987e-01	 4.1923e+01	 1.0608e+00
38.588	 1.1817e+00	0.51719	0.99903	 6.4868e-01	 9.9991e-01	 4.1902e+01	 1.0607e+00
38.607	 1.1817e+00	0.51759	0.99877	 6.4920e-01	 9.9993e-01	 4.1880e+01	 1.0610e+00
38.627	 1.1811e+00	0.518	0.99834	 6.4973e-01	 9.9995e-01	 4.1858e+01	 1.0614e+00
38.647	 1.1804e+00	0.51841	0.9992	 6.5026e-01	 9.9991e-01	 4.1836e+01	 1.0620e+00
38.666	 1.1794e+00	0.51882	0.9986	 6.5078e-01	 9.9987e-01	 4.1814e+01	 1.0627e+00
38.686	 1.1790e+00	0.51923	0.99999	 6.5131e-01	 9.9985e-01	 4.1792e+01	 1.0631e+00
38.705	 1.1790e+00	0.51963	0.9986	 6.5184e-01	 9.9987e-01	 4.1770e+01	 1.0633e+00
38.725	 1.1794e+00	0.52004	0.9991	 6.5236e-01	 9.9985e-01	 4.1748e+01	 1.0631e+00
38.745	 1.1801e+00	0.52045	0.99844	 6.5289e-01	 9.9983e-01	 4.1727e+01	 1.0629e+00
38.765	 1.1805e+00	0.52085	0.99906	 6.5342e-01	 9.9977e-01	 4.1705e+01	 1.0627e+00
38.784	 1.1808e+00	0.52126	0.99946	 6.5395e-01	 9.9973e-01	 4.1683e+01	 1.0627e+00
38.804	 1.1804e+00	0.52167	0.99863	 6.5448e-01	 9.9973e-01	 4.1661e+01	 1.0630e+00
38.824	 1.1797e+00	0.52207	0.99943	 6.5500e-01	 9.9973e-01	 4.1640e+01	 1.0634e+00
38.844	 1.1790e+00	0.52248	0.99863	 6.5554e-01	 9.9979e-01	 4.1618e+01	 1.0639e+00
38.863	 1.1783e+00	0.52289	1.0	 6.5606e-01	 9.9981e-01	 4.1596e+01	 1.0640e+00
38.883	 1.1783e+00	0.52331	0.9986	 6.5660e-01	 9.9985e-01	 4.1574e+01	 1.0638e+00
38.903	 1.1784e+00	0.52372	0.99923	 6.5712e-01	 9.9983e-01	 4.1553e+01	 1.0634e+00
38.923	 1.1788e+00	0.52413	0.99906	 6.5765e-01	 9.9979e-01	 4.1531e+01	 1.0626e+00
38.943	 1.1790e+00	0.52454	0.99959	 6.5819e-01	 9.9977e-01	 4.1510e+01	 1.0620e+00
38.963	 1.1786e+00	0.52495	0.99926	 6.5872e-01	 9.9979e-01	 4.1488e+01	 1.0615e+00
38.982	 1.1779e+00	0.52536	0.99847	 6.5925e-01	 9.9985e-01	 4.1466e+01	 1.0613e+00
39.002	 1.1766e+00	0.52577	0.99966	 6.5978e-01	 9.9987e-01	 4.1445e+01	 1.0613e+00
39.022	 1.1756e+00	0.52618	0.99857	 6.6032e-01	 9.9993e-01	 4.1423e+01	 1.0613e+00
39.042	 1.1747e+00	0.5266	0.99959	 6.6085e-01	 9.9993e-01	 4.1401e+01	 1.0611e+00
39.062	 1.1743e+00	0.527	0.99847	 6.6139e-01	 9.9995e-01	 4.1380e+01	 1.0606e+00
39.082	 1.1744e+00	0.52741	0.99916	 6.6193e-01	 9.9989e-01	 4.1358e+01	 1.0599e+00
39.102	 1.1745e+00	0.52782	0.9988	 6.6246e-01	 9.9983e-01	 4.1337e+01	 1.0591e+00
39.122	 1.1747e+00	0.52824	0.99897	 6.6300e-01	 9.9975e-01	 4.1315e+01	 1.0583e+00
39.142	 1.1743e+00	0.52865	0.99946	 6.6353e-01	 9.9969e-01	 4.1294e+01	 1.0579e+00
39.162	 1.1736e+00	0.52906	0.9984	 6.6407e-01	 9.9967e-01	 4.1272e+01	 1.0577e+00
39.182	 1.1726e+00	0.52947	0.99959	 6.6461e-01	 9.9965e-01	 4.1251e+01	 1.0577e+00
39.202	 1.1715e+00	0.52988	0.99854	 6.6515e-01	 9.9969e-01	 4.1230e+01	 1.0576e+00
39.222	 1.1710e+00	0.53029	0.99913	 6.6568e-01	 9.9969e-01	 4.1208e+01	 1.0574e+00
39.242	 1.1706e+00	0.53071	0.99854	 6.6622e-01	 9.9971e-01	 4.1187e+01	 1.0569e+00
39.262	 1.1709e+00	0.53112	0.99923	 6.6676e-01	 9.9975e-01	 4.1165e+01	 1.0560e+00
39.282	 1.1713e+00	0.53154	0.99897	 6.6731e-01	 9.9985e-01	 4.1144e+01	 1.0552e+00
39.303	 1.1715e+00	0.53195	0.99873	 6.6785e-01	 9.9995e-01	 4.1123e+01	 1.0544e+00
39.323	 1.1715e+00	0.53236	0.99939	 6.6839e-01	 9.9999e-01	 4.1101e+01	 1.0540e+00
39.343	 1.1707e+00	0.53278	0.9985	 6.6893e-01	 9.9999e-01	 4.1080e+01	 1.0539e+00
39.363	 1.1700e+00	0.5332	0.99976	 6.6947e-01	 9.9991e-01	 4.1059e+01	 1.0541e+00
39.383	 1.1692e+00	0.53361	0.99847	 6.7001e-01	 9.9983e-01	 4.1037e+01	 1.0544e+00
39.403	 1.1688e+00	0.53403	0.99933	 6.7056e-01	 9.9975e-01	 4.1016e+01	 1.0546e+00
39.424	 1.1692e+00	0.53444	0.99883	 6.7109e-01	 9.9969e-01	 4.0995e+01	 1.0546e+00
39.444	 1.1698e+00	0.53486	0.99913	 6.7164e-01	 9.9967e-01	 4.0973e+01	 1.0544e+00
39.464	 1.1711e+00	0.53528	0.99897	 6.7218e-01	 9.9971e-01	 4.0952e+01	 1.0543e+00
39.484	 1.1720e+00	0.5357	0.9987	 6.7273e-01	 9.9975e-01	 4.0931e+01	 1.0544e+00
39.505	 1.1727e+00	0.53612	0.99969	 6.7327e-01	 9.9975e-01	 4.0910e+01	 1.0546e+00
39.525	 1.1731e+00	0.53654	0.9983	 6.7382e-01	 9.9977e-01	 4.0888e+01	 1.0554e+00
39.545	 1.1731e+00	0.53696	0.99916	 6.7436e-01	 9.9971e-01	 4.0867e+01	 1.0562e+00
39.566	 1.1733e+00	0.53738	0.9989	 6.7490e-01	 9.9969e-01	 4.0846e+01	 1.0572e+00
39.586	 1.1736e+00	0.5378	0.99969	 6.7544e-01	 9.9967e-01	 4.0825e+01	 1.0580e+00
39.606	 1.1745e+00	0.53822	0.9993	 6.7598e-01	 9.9969e-01	 4.0804e+01	 1.0584e+00
39.627	 1.1756e+00	0.53864	0.99943	 6.7653e-01	 9.9977e-01	 4.0783e+01	 1.0587e+00
39.647	 1.1769e+00	0.53906	0.99933	 6.7708e-01	 9.9985e-01	 4.0762e+01	 1.0587e+00
39.668	 1.1781e+00	0.53948	0.99821	 6.7762e-01	 9.9999e-01	 4.0741e+01	 1.0589e+00
39.688	 1.1786e+00	0.5399	0.9993	 6.7817e-01	 1.0001e+00	 4.0720e+01	 1.0593e+00
39.708	 1.1788e+00	0.54031	0.99837	 6.7871e-01	 1.0001e+00	 4.0698e+01	 1.0600e+00
39.729	 1.1786e+00	0.54074	0.99956	 6.7926e-01	 1.0000e+00	 4.0677e+01	 1.0609e+00
39.749	 1.1784e+00	0.54116	0.99877	 6.7981e-01	 9.9995e-01	 4.0656e+01	 1.0617e+00
39.77	 1.1787e+00	0.54158	0.99913	 6.8036e-01	 9.9985e-01	 4.0635e+01	 1.0624e+00
39.79	 1.1791e+00	0.54201	0.99844	 6.8091e-01	 9.9977e-01	 4.0614e+01	 1.0627e+00
39.811	 1.1802e+00	0.54243	0.9983	 6.8146e-01	 9.9973e-01	 4.0593e+01	 1.0626e+00
39.831	 1.1811e+00	0.54285	0.9991	 6.8201e-01	 9.9973e-01	 4.0572e+01	 1.0626e+00
39.852	 1.1819e+00	0.54328	0.99844	 6.8256e-01	 9.9977e-01	 4.0551e+01	 1.0624e+00
39.873	 1.1823e+00	0.5437	0.99953	 6.8311e-01	 9.9979e-01	 4.0531e+01	 1.0626e+00
39.893	 1.1820e+00	0.54412	0.99821	 6.8366e-01	 9.9983e-01	 4.0510e+01	 1.0629e+00
39.914	 1.1816e+00	0.54455	0.99897	 6.8421e-01	 9.9981e-01	 4.0489e+01	 1.0634e+00
39.934	 1.1809e+00	0.54497	0.99827	 6.8476e-01	 9.9981e-01	 4.0468e+01	 1.0639e+00
39.955	 1.1807e+00	0.5454	0.99939	 6.8531e-01	 9.9979e-01	 4.0447e+01	 1.0640e+00
39.976	 1.1809e+00	0.54582	0.99913	 6.8586e-01	 9.9977e-01	 4.0426e+01	 1.0640e+00
39.996	 1.1813e+00	0.54624	0.99847	 6.8642e-01	 9.9979e-01	 4.0405e+01	 1.0635e+00
40.017	 1.1821e+00	0.54667	0.99946	 6.8697e-01	 9.9979e-01	 4.0384e+01	 1.0630e+00
40.038	 1.1824e+00	0.54709	0.9987	 6.8752e-01	 9.9983e-01	 4.0364e+01	 1.0625e+00
40.058	 1.1826e+00	0.54752	0.99979	 6.8807e-01	 9.9983e-01	 4.0343e+01	 1.0622e+00
40.079	 1.1820e+00	0.54795	0.99867	 6.8863e-01	 9.9981e-01	 4.0322e+01	 1.0623e+00
40.1	 1.1812e+00	0.54837	0.99966	 6.8918e-01	 9.9971e-01	 4.0301e+01	 1.0622e+00
40.121	 1.1806e+00	0.5488	0.9991	 6.8973e-01	 9.9965e-01	 4.0281e+01	 1.0623e+00
40.141	 1.1799e+00	0.54923	0.99897	 6.9029e-01	 9.9959e-01	 4.0260e+01	 1.0620e+00
40.162	 1.1801e+00	0.54966	0.99913	 6.9085e-01	 9.9957e-01	 4.0239e+01	 1.0614e+00
40.183	 1.1804e+00	0.55009	0.9988	 6.9141e-01	 9.9961e-01	 4.0218e+01	 1.0606e+00
40.204	 1.1809e+00	0.55052	0.99949	 6.9197e-01	 9.9965e-01	 4.0198e+01	 1.0595e+00
40.225	 1.1813e+00	0.55095	0.9983	 6.9252e-01	 9.9971e-01	 4.0177e+01	 1.0586e+00
40.246	 1.1811e+00	0.55138	0.99923	 6.9308e-01	 9.9977e-01	 4.0156e+01	 1.0580e+00
40.266	 1.1806e+00	0.55181	0.99811	 6.9364e-01	 9.9985e-01	 4.0136e+01	 1.0576e+00
40.287	 1.1797e+00	0.55224	0.9989	 6.9419e-01	 9.9989e-01	 4.0115e+01	 1.0575e+00
40.308	 1.1791e+00	0.55267	0.99837	 6.9475e-01	 9.9993e-01	 4.0095e+01	 1.0574e+00
40.329	 1.1788e+00	0.55309	0.99867	 6.9531e-01	 9.9997e-01	 4.0074e+01	 1.0572e+00
40.35	 1.1791e+00	0.55353	0.99946	 6.9587e-01	 9.9999e-01	 4.0053e+01	 1.0566e+00
40.371	 1.1799e+00	0.55396	0.9988	 6.9643e-01	 1.0000e+00	 4.0033e+01	 1.0559e+00
40.392	 1.1807e+00	0.55438	0.99969	 6.9699e-01	 9.9995e-01	 4.0012e+01	 1.0552e+00
40.413	 1.1816e+00	0.55481	0.9984	 6.9756e-01	 9.9991e-01	 3.9992e+01	 1.0546e+00
40.434	 1.1820e+00	0.55525	0.99936	 6.9812e-01	 9.9981e-01	 3.9971e+01	 1.0544e+00
40.455	 1.1820e+00	0.55568	0.9983	 6.9868e-01	 9.9977e-01	 3.9951e+01	 1.0544e+00
40.476	 1.1818e+00	0.55611	0.9989	 6.9925e-01	 9.9973e-01	 3.9930e+01	 1.0548e+00
40.497	 1.1815e+00	0.55654	0.99897	 6.9981e-01	 9.9973e-01	 3.9910e+01	 1.0551e+00
40.518	 1.1819e+00	0.55697	0.99916	 7.0038e-01	 9.9977e-01	 3.9889e+01	 1.0552e+00
40.539	 1.1824e+00	0.55741	0.99946	 7.0095e-01	 9.9983e-01	 3.9869e+01	 1.0551e+00
40.56	 1.1834e+00	0.55784	0.9983	 7.0151e-01	 9.9993e-01	 3.9849e+01	 1.0546e+00
40.581	 1.1846e+00	0.55827	0.99959	 7.0207e-01	 9.9995e-01	 3.9828e+01	 1.0543e+00
40.603	 1.1852e+00	0.55871	0.99883	 7.0264e-01	 1.0000e+00	 3.9808e+01	 1.0539e+00
40.624	 1.1857e+00	0.55914	0.99982	 7.0320e-01	 9.9997e-01	 3.9787e+01	 1.0539e+00
40.645	 1.1854e+00	0.55958	0.9988	 7.0377e-01	 9.9993e-01	 3.9767e+01	 1.0542e+00
40.666	 1.1849e+00	0.56002	0.9991	 7.0434e-01	 9.9985e-01	 3.9747e+01	 1.0546e+00
40.687	 1.1843e+00	0.56046	0.9988	 7.0490e-01	 9.9975e-01	 3.9726e+01	 1.0552e+00
40.709	 1.1840e+00	0.5609	0.99834	 7.0547e-01	 9.9971e-01	 3.9706e+01	 1.0555e+00
40.73	 1.1843e+00	0.56133	0.99913	 7.0604e-01	 9.9975e-01	 3.9686e+01	 1.0556e+00
40.751	 1.1847e+00	0.56177	0.9985	 7.0660e-01	 9.9985e-01	 3.9666e+01	 1.0554e+00
40.772	 1.1854e+00	0.5622	0.99989	 7.0717e-01	 9.9989e-01	 3.9645e+01	 1.0552e+00
40.794	 1.1856e+00	0.56264	0.99811	 7.0774e-01	 9.9995e-01	 3.9625e+01	 1.0553e+00
40.815	 1.1854e+00	0.56308	0.99867	 7.0831e-01	 9.9997e-01	 3.9605e+01	 1.0556e+00
40.836	 1.1849e+00	0.56351	0.99834	 7.0888e-01	 9.9997e-01	 3.9585e+01	 1.0562e+00
40.858	 1.1838e+00	0.56395	0.99834	 7.0945e-01	 9.9991e-01	 3.9564e+01	 1.0570e+00
40.879	 1.1831e+00	0.56439	0.9986	 7.1003e-01	 9.9981e-01	 3.9544e+01	 1.0578e+00
40.9	 1.1824e+00	0.56484	0.99817	 7.1060e-01	 9.9975e-01	 3.9524e+01	 1.0585e+00
40.921	 1.1825e+00	0.56528	0.99906	 7.1117e-01	 9.9971e-01	 3.9504e+01	 1.0588e+00
40.943	 1.1830e+00	0.56572	0.9983	 7.1175e-01	 9.9975e-01	 3.9484e+01	 1.0590e+00
40.964	 1.1834e+00	0.56616	0.99959	 7.1232e-01	 9.9981e-01	 3.9464e+01	 1.0590e+00
40.985	 1.1840e+00	0.5666	0.9986	 7.1289e-01	 9.9991e-01	 3.9444e+01	 1.0593e+00
41.007	 1.1838e+00	0.56705	0.99949	 7.1346e-01	 9.9995e-01	 3.9424e+01	 1.0597e+00
41.028	 1.1836e+00	0.56749	0.99887	 7.1403e-01	 9.9995e-01	 3.9403e+01	 1.0603e+00
41.05	 1.1830e+00	0.56793	0.9988	 7.1461e-01	 9.9989e-01	 3.9383e+01	 1.0612e+00
41.071	 1.1825e+00	0.56837	0.99943	 7.1518e-01	 9.9983e-01	 3.9363e+01	 1.0618e+00
41.093	 1.1826e+00	0.56881	0.99877	 7.1575e-01	 9.9983e-01	 3.9343e+01	 1.0623e+00
41.114	 1.1830e+00	0.56925	0.99982	 7.1632e-01	 9.9983e-01	 3.9323e+01	 1.0624e+00
41.136	 1.1841e+00	0.5697	0.99827	 7.1689e-01	 9.9983e-01	 3.9303e+01	 1.0621e+00
41.157	 1.1852e+00	0.57015	0.99903	 7.1747e-01	 9.9973e-01	 3.9283e+01	 1.0618e+00
41.179	 1.1862e+00	0.57059	0.99791	 7.1805e-01	 9.9965e-01	 3.9263e+01	 1.0615e+00
41.2	 1.1870e+00	0.57103	0.99877	 7.1862e-01	 9.9961e-01	 3.9243e+01	 1.0616e+00
41.222	 1.1872e+00	0.57148	0.9991	 7.1920e-01	 9.9961e-01	 3.9224e+01	 1.0618e+00
41.243	 1.1875e+00	0.57192	0.999	 7.1977e-01	 9.9967e-01	 3.9204e+01	 1.0622e+00
41.265	 1.1877e+00	0.57237	0.99943	 7.2035e-01	 9.9973e-01	 3.9184e+01	 1.0626e+00
41.287	 1.1884e+00	0.57281	0.99827	 7.2093e-01	 9.9983e-01	 3.9164e+01	 1.0627e+00
41.308	 1.1897e+00	0.57326	0.99946	 7.2151e-01	 9.9985e-01	 3.9144e+01	 1.0626e+00
41.33	 1.1911e+00	0.57371	0.9989	 7.2209e-01	 9.9989e-01	 3.9124e+01	 1.0621e+00
41.352	 1.1930e+00	0.57415	0.99946	 7.2266e-01	 9.9983e-01	 3.9104e+01	 1.0617e+00
41.373	 1.1942e+00	0.5746	0.9986	 7.2324e-01	 9.9977e-01	 3.9084e+01	 1.0613e+00
41.395	 1.1952e+00	0.57505	0.99867	 7.2382e-01	 9.9971e-01	 3.9065e+01	 1.0611e+00
41.417	 1.1955e+00	0.57549	0.9986	 7.2440e-01	 9.9967e-01	 3.9045e+01	 1.0613e+00
41.438	 1.1955e+00	0.57594	0.99847	 7.2498e-01	 9.9965e-01	 3.9025e+01	 1.0613e+00
41.46	 1.1956e+00	0.57639	0.99956	 7.2557e-01	 9.9963e-01	 3.9005e+01	 1.0614e+00
41.482	 1.1957e+00	0.57684	0.99857	 7.2615e-01	 9.9965e-01	 3.8986e+01	 1.0612e+00
41.504	 1.1965e+00	0.57729	0.99949	 7.2674e-01	 9.9969e-01	 3.8966e+01	 1.0605e+00
41.525	 1.1973e+00	0.57773	0.9985	 7.2732e-01	 9.9977e-01	 3.8946e+01	 1.0597e+00
41.547	 1.1982e+00	0.57818	0.99933	 7.2791e-01	 9.9975e-01	 3.8927e+01	 1.0586e+00
41.569	 1.1988e+00	0.57863	0.99824	 7.2850e-01	 9.9967e-01	 3.8907e+01	 1.0578e+00
41.591	 1.1987e+00	0.57908	0.99863	 7.2908e-01	 9.9961e-01	 3.8887e+01	 1.0571e+00
41.613	 1.1983e+00	0.57953	0.99883	 7.2967e-01	 9.9961e-01	 3.8868e+01	 1.0567e+00
41.634	 1.1974e+00	0.57998	0.99857	 7.3025e-01	 9.9967e-01	 3.8848e+01	 1.0564e+00
41.656	 1.1966e+00	0.58043	0.99933	 7.3084e-01	 9.9973e-01	 3.8828e+01	 1.0560e+00
41.678	 1.1961e+00	0.58088	0.9983	 7.3142e-01	 9.9979e-01	 3.8809e+01	 1.0556e+00
41.7	 1.1959e+00	0.58133	0.99939	 7.3201e-01	 9.9981e-01	 3.8789e+01	 1.0547e+00
41.722	 1.1962e+00	0.58178	0.99821	 7.3260e-01	 9.9983e-01	 3.8770e+01	 1.0536e+00
41.744	 1.1962e+00	0.58223	0.9989	 7.3319e-01	 9.9979e-01	 3.8750e+01	 1.0525e+00
41.766	 1.1962e+00	0.58268	0.999	 7.3377e-01	 9.9977e-01	 3.8731e+01	 1.0515e+00
41.788	 1.1955e+00	0.58313	0.9988	 7.3437e-01	 9.9977e-01	 3.8711e+01	 1.0509e+00
41.81	 1.1943e+00	0.58358	0.99903	 7.3495e-01	 9.9979e-01	 3.8692e+01	 1.0505e+00
41.832	 1.1930e+00	0.58404	0.99837	 7.3554e-01	 9.9985e-01	 3.8672e+01	 1.0504e+00
41.854	 1.1914e+00	0.58449	0.99949	 7.3613e-01	 9.9987e-01	 3.8652e+01	 1.0502e+00
41.876	 1.1904e+00	0.58494	0.99857	 7.3672e-01	 9.9991e-01	 3.8633e+01	 1.0498e+00
41.898	 1.1898e+00	0.5854	0.9993	 7.3730e-01	 9.9991e-01	 3.8614e+01	 1.0493e+00
41.92	 1.1895e+00	0.58586	0.99834	 7.3789e-01	 9.9985e-01	 3.8594e+01	 1.0485e+00
41.942	 1.1895e+00	0.58631	0.99923	 7.3848e-01	 9.9975e-01	 3.8575e+01	 1.0479e+00
41.964	 1.1891e+00	0.58677	0.99906	 7.3907e-01	 9.9969e-01	 3.8555e+01	 1.0474e+00
41.986	 1.1886e+00	0.58723	0.99844	 7.3966e-01	 9.9963e-01	 3.8536e+01	 1.0473e+00
42.008	 1.1875e+00	0.58768	0.9993	 7.4025e-01	 9.9961e-01	 3.8516e+01	 1.0477e+00
42.031	 1.1864e+00	0.58814	0.9987	 7.4085e-01	 9.9963e-01	 3.8497e+01	 1.0481e+00
42.053	 1.1856e+00	0.5886	0.99979	 7.4144e-01	 9.9965e-01	 3.8478e+01	 1.0488e+00
42.075	 1.1851e+00	0.58906	0.99834	 7.4204e-01	 9.9969e-01	 3.8458e+01	 1.0491e+00
42.097	 1.1855e+00	0.58952	0.99923	 7.4263e-01	 9.9973e-01	 3.8439e+01	 1.0491e+00
42.119	 1.1860e+00	0.58998	0.99844	 7.4323e-01	 9.9979e-01	 3.8420e+01	 1.0491e+00
42.142	 1.1869e+00	0.59043	0.99897	 7.4382e-01	 9.9979e-01	 3.8401e+01	 1.0488e+00
42.164	 1.1875e+00	0.59089	0.99936	 7.4442e-01	 9.9975e-01	 3.8381e+01	 1.0489e+00
42.186	 1.1876e+00	0.59136	0.99857	 7.4502e-01	 9.9975e-01	 3.8362e+01	 1.0491e+00
42.208	 1.1876e+00	0.59182	0.99913	 7.4561e-01	 9.9975e-01	 3.8343e+01	 1.0497e+00
42.231	 1.1871e+00	0.59228	0.99821	 7.4621e-01	 9.9975e-01	 3.8324e+01	 1.0504e+00
42.253	 1.1870e+00	0.59274	0.99953	 7.4681e-01	 9.9973e-01	 3.8304e+01	 1.0510e+00
42.275	 1.1873e+00	0.5932	0.99873	 7.4741e-01	 9.9969e-01	 3.8285e+01	 1.0516e+00
42.297	 1.1880e+00	0.59367	0.99969	 7.4800e-01	 9.9959e-01	 3.8266e+01	 1.0516e+00
42.32	 1.1893e+00	0.59413	0.999	 7.4860e-01	 9.9959e-01	 3.8247e+01	 1.0517e+00
42.342	 1.1904e+00	0.59459	0.99883	 7.4920e-01	 9.9963e-01	 3.8228e+01	 1.0516e+00
42.364	 1.1915e+00	0.59505	0.99906	 7.4979e-01	 9.9969e-01	 3.8209e+01	 1.0517e+00
42.387	 1.1920e+00	0.59552	0.99834	 7.5039e-01	 9.9971e-01	 3.8189e+01	 1.0522e+00
42.409	 1.1921e+00	0.59598	0.99946	 7.5099e-01	 9.9969e-01	 3.8170e+01	 1.0529e+00
42.432	 1.1920e+00	0.59645	0.99867	 7.5159e-01	 9.9969e-01	 3.8151e+01	 1.0539e+00
42.454	 1.1919e+00	0.59691	0.99939	 7.5219e-01	 9.9969e-01	 3.8132e+01	 1.0546e+00
42.477	 1.1924e+00	0.59738	0.99817	 7.5279e-01	 9.9971e-01	 3.8113e+01	 1.0552e+00
42.499	 1.1931e+00	0.59785	0.9989	 7.5339e-01	 9.9971e-01	 3.8094e+01	 1.0554e+00
42.522	 1.1943e+00	0.59831	0.99834	 7.5399e-01	 9.9977e-01	 3.8075e+01	 1.0553e+00
42.544	 1.1955e+00	0.59878	0.9985	 7.5460e-01	 9.9983e-01	 3.8056e+01	 1.0552e+00
42.567	 1.1962e+00	0.59924	0.99963	 7.5520e-01	 9.9983e-01	 3.8037e+01	 1.0550e+00
42.589	 1.1967e+00	0.59971	0.9988	 7.5581e-01	 9.9979e-01	 3.8018e+01	 1.0551e+00
42.612	 1.1964e+00	0.60017	0.99923	 7.5641e-01	 9.9973e-01	 3.7999e+01	 1.0554e+00
42.634	 1.1962e+00	0.60064	0.99801	 7.5701e-01	 9.9977e-01	 3.7980e+01	 1.0557e+00
42.657	 1.1958e+00	0.60111	0.9993	 7.5761e-01	 9.9977e-01	 3.7961e+01	 1.0560e+00
42.679	 1.1959e+00	0.60158	0.99854	 7.5822e-01	 9.9977e-01	 3.7943e+01	 1.0558e+00
42.702	 1.1966e+00	0.60204	0.9988	 7.5883e-01	 9.9971e-01	 3.7924e+01	 1.0555e+00
42.724	 1.1973e+00	0.60252	0.99877	 7.5943e-01	 9.9965e-01	 3.7905e+01	 1.0548e+00
42.747	 1.1983e+00	0.60298	0.99847	 7.6005e-01	 9.9963e-01	 3.7886e+01	 1.0540e+00
42.77	 1.1988e+00	0.60345	0.99913	 7.6065e-01	 9.9965e-01	 3.7867e+01	 1.0535e+00
42.792	 1.1989e+00	0.60392	0.99837	 7.6126e-01	 9.9975e-01	 3.7848e+01	 1.0531e+00
42.815	 1.1986e+00	0.60439	0.99956	 7.6187e-01	 9.9983e-01	 3.7829e+01	 1.0532e+00
42.838	 1.1979e+00	0.60486	0.99863	 7.6248e-01	 9.9989e-01	 3.7811e+01	 1.0533e+00
42.861	 1.1975e+00	0.60533	0.99953	 7.6309e-01	 9.9985e-01	 3.7792e+01	 1.0534e+00
42.883	 1.1972e+00	0.6058	0.999	 7.6370e-01	 9.9975e-01	 3.7773e+01	 1.0533e+00
42.906	 1.1974e+00	0.60627	0.99943	 7.6431e-01	 9.9969e-01	 3.7754e+01	 1.0529e+00
42.929	 1.1980e+00	0.60674	0.99933	 7.6491e-01	 9.9969e-01	 3.7736e+01	 1.0525e+00
42.952	 1.1984e+00	0.6072	0.99817	 7.6553e-01	 9.9975e-01	 3.7717e+01	 1.0520e+00
42.974	 1.1987e+00	0.60768	0.9989	 7.6614e-01	 9.9981e-01	 3.7698e+01	 1.0518e+00
42.997	 1.1982e+00	0.60815	0.99817	 7.6675e-01	 9.9985e-01	 3.7680e+01	 1.0519e+00
43.02	 1.1976e+00	0.60862	0.99933	 7.6736e-01	 9.9985e-01	 3.7661e+01	 1.0522e+00
43.043	 1.1964e+00	0.6091	0.99827	 7.6797e-01	 9.9985e-01	 3.7642e+01	 1.0529e+00
43.066	 1.1954e+00	0.60957	0.9989	 7.6858e-01	 9.9983e-01	 3.7624e+01	 1.0533e+00
43.088	 1.1949e+00	0.61005	0.99863	 7.6919e-01	 9.9981e-01	 3.7605e+01	 1.0537e+00
43.111	 1.1947e+00	0.61053	0.99863	 7.6981e-01	 9.9979e-01	 3.7586e+01	 1.0537e+00
43.134	 1.1950e+00	0.61101	0.99863	 7.7042e-01	 9.9977e-01	 3.7568e+01	 1.0535e+00
43.157	 1.1951e+00	0.61149	0.9986	 7.7103e-01	 9.9983e-01	 3.7549e+01	 1.0535e+00
43.18	 1.1951e+00	0.61196	0.99989	 7.7164e-01	 9.9993e-01	 3.7531e+01	 1.0534e+00
43.203	 1.1946e+00	0.61243	0.9987	 7.7225e-01	 1.0001e+00	 3.7512e+01	 1.0538e+00
43.226	 1.1935e+00	0.61292	0.99953	 7.7287e-01	 1.0001e+00	 3.7494e+01	 1.0543e+00
43.249	 1.1926e+00	0.61339	0.9983	 7.7349e-01	 1.0002e+00	 3.7475e+01	 1.0550e+00
43.272	 1.1915e+00	0.61387	0.999	 7.7410e-01	 1.0001e+00	 3.7457e+01	 1.0557e+00
43.295	 1.1910e+00	0.61435	0.99916	 7.7471e-01	 9.9999e-01	 3.7438e+01	 1.0561e+00
43.318	 1.1909e+00	0.61483	0.99844	 7.7533e-01	 9.9993e-01	 3.7420e+01	 1.0563e+00
43.341	 1.1911e+00	0.61531	0.99893	 7.7595e-01	 9.9985e-01	 3.7401e+01	 1.0561e+00
43.364	 1.1916e+00	0.61579	0.9984	 7.7657e-01	 9.9985e-01	 3.7383e+01	 1.0561e+00
43.387	 1.1916e+00	0.61627	0.99926	 7.7719e-01	 9.9983e-01	 3.7365e+01	 1.0562e+00
43.41	 1.1914e+00	0.61675	0.99784	 7.7782e-01	 9.9985e-01	 3.7346e+01	 1.0565e+00
43.433	 1.1907e+00	0.61723	0.99903	 7.7844e-01	 9.9983e-01	 3.7328e+01	 1.0573e+00
43.456	 1.1899e+00	0.61771	0.99837	 7.7906e-01	 9.9987e-01	 3.7309e+01	 1.0581e+00
43.479	 1.1895e+00	0.61819	0.9993	 7.7967e-01	 9.9989e-01	 3.7291e+01	 1.0588e+00
43.502	 1.1894e+00	0.61867	0.9992	 7.8029e-01	 9.9987e-01	 3.7273e+01	 1.0592e+00
43.526	 1.1902e+00	0.61916	0.9987	 7.8091e-01	 9.9983e-01	 3.7254e+01	 1.0592e+00
43.549	 1.1911e+00	0.61964	0.99873	 7.8153e-01	 9.9977e-01	 3.7236e+01	 1.0591e+00
43.572	 1.1922e+00	0.62013	0.99758	 7.8215e-01	 9.9971e-01	 3.7218e+01	 1.0587e+00
43.595	 1.1931e+00	0.62061	0.99959	 7.8277e-01	 9.9965e-01	 3.7200e+01	 1.0586e+00
43.618	 1.1934e+00	0.6211	0.99903	 7.8339e-01	 9.9967e-01	 3.7181e+01	 1.0586e+00
43.641	 1.1937e+00	0.62159	0.99956	 7.8401e-01	 9.9969e-01	 3.7163e+01	 1.0588e+00
43.665	 1.1934e+00	0.62207	0.99827	 7.8464e-01	 9.9975e-01	 3.7145e+01	 1.0590e+00
43.688	 1.1936e+00	0.62255	0.99873	 7.8526e-01	 9.9979e-01	 3.7127e+01	 1.0589e+00
43.711	 1.1941e+00	0.62304	0.9989	 7.8589e-01	 9.9981e-01	 3.7108e+01	 1.0586e+00
43.734	 1.1949e+00	0.62353	0.99824	 7.8652e-01	 9.9985e-01	 3.7090e+01	 1.0579e+00
43.758	 1.1962e+00	0.62401	0.99923	 7.8714e-01	 9.9981e-01	 3.7072e+01	 1.0569e+00
43.781	 1.1973e+00	0.6245	0.9985	 7.8777e-01	 9.9981e-01	 3.7054e+01	 1.0558e+00
43.804	 1.1982e+00	0.62499	0.99943	 7.8840e-01	 9.9979e-01	 3.7036e+01	 1.0548e+00
43.828	 1.1984e+00	0.62548	0.99801	 7.8903e-01	 9.9983e-01	 3.7018e+01	 1.0542e+00
43.851	 1.1983e+00	0.62596	0.9988	 7.8965e-01	 9.9983e-01	 3.7000e+01	 1.0536e+00
43.874	 1.1980e+00	0.62645	0.99863	 7.9029e-01	 9.9979e-01	 3.6981e+01	 1.0532e+00
43.898	 1.1976e+00	0.62694	0.9986	 7.9092e-01	 9.9973e-01	 3.6963e+01	 1.0526e+00
43.921	 1.1979e+00	0.62743	0.99906	 7.9154e-01	 9.9965e-01	 3.6945e+01	 1.0518e+00
43.945	 1.1983e+00	0.62792	0.99827	 7.9217e-01	 9.9965e-01	 3.6927e+01	 1.0509e+00
43.968	 1.1993e+00	0.62841	0.99926	 7.9280e-01	 9.9967e-01	 3.6909e+01	 1.0496e+00
43.991	 1.2001e+00	0.6289	0.99794	 7.9343e-01	 9.9975e-01	 3.6891e+01	 1.0486e+00
44.015	 1.2005e+00	0.62939	0.99893	 7.9406e-01	 9.9979e-01	 3.6873e+01	 1.0476e+00
44.038	 1.2007e+00	0.62988	0.99837	 7.9469e-01	 9.9983e-01	 3.6855e+01	 1.0471e+00
44.062	 1.2002e+00	0.63037	0.999	 7.9532e-01	 9.9981e-01	 3.6837e+01	 1.0470e+00
44.085	 1.1997e+00	0.63086	0.99873	 7.9595e-01	 9.9979e-01	 3.6819e+01	 1.0470e+00
44.109	 1.1991e+00	0.63135	0.9989	 7.9658e-01	 9.9975e-01	 3.6801e+01	 1.0471e+00
44.132	 1.1990e+00	0.63184	0.99949	 7.9721e-01	 9.9971e-01	 3.6784e+01	 1.0469e+00
44.156	 1.1995e+00	0.63233	0.99834	 7.9784e-01	 9.9971e-01	 3.6766e+01	 1.0467e+00
44.18	 1.1999e+00	0.63282	0.99933	 7.9847e-01	 9.9971e-01	 3.6748e+01	 1.0463e+00
44.203	 1.2008e+00	0.63331	0.99817	 7.9910e-01	 9.9977e-01	 3.6730e+01	 1.0460e+00
44.227	 1.2011e+00	0.6338	0.99939	 7.9974e-01	 9.9979e-01	 3.6712e+01	 1.0462e+00
44.25	 1.2009e+00	0.6343	0.99883	 8.0037e-01	 9.9981e-01	 3.6694e+01	 1.0465e+00
44.274	 1.2005e+00	0.63479	0.99939	 8.0100e-01	 9.9983e-01	 3.6676e+01	 1.0474e+00
44.298	 1.1997e+00	0.63529	0.99913	 8.0164e-01	 9.9985e-01	 3.6659e+01	 1.0483e+00
44.321	 1.1994e+00	0.63578	0.99844	 8.0227e-01	 9.9981e-01	 3.6641e+01	 1.0493e+00
44.345	 1.1993e+00	0.63628	0.99959	 8.0291e-01	 9.9973e-01	 3.6623e+01	 1.0501e+00
44.369	 1.1998e+00	0.63677	0.99837	 8.0355e-01	 9.9971e-01	 3.6605e+01	 1.0504e+00
44.392	 1.2007e+00	0.63726	0.99916	 8.0419e-01	 9.9973e-01	 3.6587e+01	 1.0508e+00
44.416	 1.2014e+00	0.63776	0.99857	 8.0483e-01	 9.9981e-01	 3.6570e+01	 1.0510e+00
44.44	 1.2021e+00	0.63826	0.99923	 8.0547e-01	 9.9987e-01	 3.6552e+01	 1.0514e+00
44.463	 1.2020e+00	0.63875	0.99837	 8.0611e-01	 9.9991e-01	 3.6534e+01	 1.0521e+00
44.487	 1.2017e+00	0.63924	0.99873	 8.0675e-01	 9.9987e-01	 3.6517e+01	 1.0528e+00
44.511	 1.2011e+00	0.63974	0.99897	 8.0739e-01	 9.9983e-01	 3.6499e+01	 1.0538e+00
44.535	 1.2006e+00	0.64023	0.99857	 8.0803e-01	 9.9983e-01	 3.6481e+01	 1.0544e+00
44.559	 1.2008e+00	0.64073	0.99963	 8.0867e-01	 9.9983e-01	 3.6464e+01	 1.0548e+00
44.582	 1.2011e+00	0.64123	0.9985	 8.0931e-01	 9.9987e-01	 3.6446e+01	 1.0548e+00
44.606	 1.2019e+00	0.64172	0.99936	 8.0995e-01	 9.9989e-01	 3.6428e+01	 1.0545e+00
44.63	 1.2026e+00	0.64221	0.99814	 8.1059e-01	 9.9991e-01	 3.6411e+01	 1.0543e+00
44.654	 1.2029e+00	0.64271	0.9992	 8.1123e-01	 9.9987e-01	 3.6393e+01	 1.0540e+00
44.678	 1.2028e+00	0.64321	0.99847	 8.1188e-01	 9.9987e-01	 3.6376e+01	 1.0541e+00
44.702	 1.2021e+00	0.6437	0.99847	 8.1252e-01	 9.9987e-01	 3.6358e+01	 1.0543e+00
44.726	 1.2016e+00	0.6442	0.99966	 8.1316e-01	 9.9983e-01	 3.6341e+01	 1.0546e+00
44.75	 1.2009e+00	0.64469	0.99906	 8.1381e-01	 9.9977e-01	 3.6323e+01	 1.0548e+00
44.773	 1.2009e+00	0.64519	0.99976	 8.1445e-01	 9.9969e-01	 3.6306e+01	 1.0545e+00
44.797	 1.2013e+00	0.64569	0.99821	 8.1510e-01	 9.9967e-01	 3.6288e+01	 1.0540e+00
44.821	 1.2019e+00	0.64619	0.99903	 8.1574e-01	 9.9967e-01	 3.6271e+01	 1.0533e+00
44.845	 1.2028e+00	0.64668	0.99807	 8.1639e-01	 9.9975e-01	 3.6253e+01	 1.0525e+00
44.869	 1.2030e+00	0.64718	0.99893	 8.1704e-01	 9.9981e-01	 3.6236e+01	 1.0520e+00
44.893	 1.2031e+00	0.64768	0.9989	 8.1769e-01	 9.9985e-01	 3.6218e+01	 1.0516e+00
44.917	 1.2027e+00	0.64818	0.99857	 8.1834e-01	 9.9983e-01	 3.6201e+01	 1.0516e+00
44.941	 1.2022e+00	0.64868	0.999	 8.1899e-01	 9.9979e-01	 3.6184e+01	 1.0516e+00
44.965	 1.2022e+00	0.64918	0.99834	 8.1964e-01	 9.9983e-01	 3.6166e+01	 1.0515e+00
44.989	 1.2022e+00	0.64968	0.99943	 8.2029e-01	 9.9987e-01	 3.6149e+01	 1.0512e+00
45.014	 1.2031e+00	0.65018	0.99807	 8.2094e-01	 9.9993e-01	 3.6132e+01	 1.0506e+00
45.038	 1.2040e+00	0.65069	0.9991	 8.2159e-01	 9.9993e-01	 3.6114e+01	 1.0499e+00
45.062	 1.2050e+00	0.65119	0.99854	 8.2225e-01	 9.9993e-01	 3.6097e+01	 1.0491e+00
45.086	 1.2058e+00	0.65169	0.99906	 8.2290e-01	 9.9987e-01	 3.6080e+01	 1.0487e+00
45.11	 1.2058e+00	0.6522	0.99926	 8.2355e-01	 9.9979e-01	 3.6062e+01	 1.0486e+00
45.134	 1.2056e+00	0.6527	0.99834	 8.2420e-01	 9.9975e-01	 3.6045e+01	 1.0487e+00
45.158	 1.2051e+00	0.65321	0.99906	 8.2485e-01	 9.9973e-01	 3.6028e+01	 1.0491e+00
45.182	 1.2049e+00	0.65371	0.99821	 8.2551e-01	 9.9975e-01	 3.6011e+01	 1.0493e+00
45.207	 1.2051e+00	0.65422	0.99953	 8.2616e-01	 9.9973e-01	 3.5994e+01	 1.0494e+00
45.231	 1.2056e+00	0.65472	0.9987	 8.2682e-01	 9.9973e-01	 3.5976e+01	 1.0491e+00
45.255	 1.2067e+00	0.65523	0.99953	 8.2747e-01	 9.9971e-01	 3.5959e+01	 1.0488e+00
45.279	 1.2073e+00	0.65573	0.9988	 8.2812e-01	 9.9973e-01	 3.5942e+01	 1.0486e+00
45.304	 1.2079e+00	0.65624	0.9989	 8.2878e-01	 9.9975e-01	 3.5925e+01	 1.0485e+00
45.328	 1.2079e+00	0.65675	0.99916	 8.2944e-01	 9.9975e-01	 3.5908e+01	 1.0489e+00
45.352	 1.2074e+00	0.65725	0.99844	 8.3010e-01	 9.9973e-01	 3.5891e+01	 1.0494e+00
45.376	 1.2070e+00	0.65776	0.99906	 8.3075e-01	 9.9965e-01	 3.5873e+01	 1.0501e+00
45.401	 1.2065e+00	0.65826	0.99781	 8.3141e-01	 9.9959e-01	 3.5856e+01	 1.0507e+00
45.425	 1.2068e+00	0.65877	0.99883	 8.3207e-01	 9.9953e-01	 3.5839e+01	 1.0508e+00
45.45	 1.2073e+00	0.65928	0.99788	 8.3273e-01	 9.9959e-01	 3.5822e+01	 1.0509e+00
45.474	 1.2083e+00	0.65979	0.99887	 8.3339e-01	 9.9965e-01	 3.5805e+01	 1.0505e+00
45.498	 1.2094e+00	0.66029	0.99877	 8.3405e-01	 9.9973e-01	 3.5788e+01	 1.0502e+00
45.523	 1.2100e+00	0.6608	0.99863	 8.3471e-01	 9.9983e-01	 3.5771e+01	 1.0501e+00
45.547	 1.2105e+00	0.66131	0.99897	 8.3537e-01	 9.9985e-01	 3.5754e+01	 1.0502e+00
45.571	 1.2103e+00	0.66182	0.99824	 8.3604e-01	 9.9987e-01	 3.5737e+01	 1.0505e+00
45.596	 1.2102e+00	0.66233	0.9992	 8.3670e-01	 9.9979e-01	 3.5721e+01	 1.0508e+00
45.62	 1.2103e+00	0.66284	0.99837	 8.3736e-01	 9.9971e-01	 3.5704e+01	 1.0511e+00
45.645	 1.2106e+00	0.66335	0.99949	 8.3803e-01	 9.9963e-01	 3.5687e+01	 1.0510e+00
45.669	 1.2115e+00	0.66386	0.9983	 8.3869e-01	 9.9963e-01	 3.5670e+01	 1.0506e+00
45.694	 1.2124e+00	0.66438	0.99863	 8.3935e-01	 9.9965e-01	 3.5653e+01	 1.0501e+00
45.718	 1.2134e+00	0.66489	0.99877	 8.4002e-01	 9.9971e-01	 3.5636e+01	 1.0495e+00
45.743	 1.2138e+00	0.66541	0.9986	 8.4068e-01	 9.9975e-01	 3.5619e+01	 1.0494e+00
45.767	 1.2136e+00	0.66592	0.99903	 8.4135e-01	 9.9973e-01	 3.5602e+01	 1.0493e+00
45.792	 1.2132e+00	0.66643	0.99824	 8.4201e-01	 9.9973e-01	 3.5585e+01	 1.0497e+00
45.816	 1.2123e+00	0.66695	0.99956	 8.4268e-01	 9.9969e-01	 3.5569e+01	 1.0501e+00
45.841	 1.2119e+00	0.66746	0.99827	 8.4335e-01	 9.9969e-01	 3.5552e+01	 1.0502e+00
45.865	 1.2117e+00	0.66798	0.99883	 8.4402e-01	 9.9963e-01	 3.5535e+01	 1.0503e+00
45.89	 1.2119e+00	0.66849	0.99847	 8.4469e-01	 9.9961e-01	 3.5518e+01	 1.0498e+00
45.915	 1.2124e+00	0.66901	0.999	 8.4535e-01	 9.9959e-01	 3.5501e+01	 1.0493e+00
45.939	 1.2126e+00	0.66953	0.99887	 8.4601e-01	 9.9961e-01	 3.5485e+01	 1.0487e+00
45.964	 1.2127e+00	0.67004	0.9983	 8.4668e-01	 9.9965e-01	 3.5468e+01	 1.0482e+00
45.989	 1.2120e+00	0.67056	0.9992	 8.4735e-01	 9.9965e-01	 3.5451e+01	 1.0481e+00
46.013	 1.2111e+00	0.67107	0.99811	 8.4802e-01	 9.9967e-01	 3.5434e+01	 1.0481e+00
46.038	 1.2099e+00	0.67159	0.99936	 8.4869e-01	 9.9963e-01	 3.5418e+01	 1.0483e+00
46.063	 1.2088e+00	0.67211	0.99801	 8.4936e-01	 9.9963e-01	 3.5401e+01	 1.0482e+00
46.087	 1.2085e+00	0.67263	0.99913	 8.5003e-01	 9.9963e-01	 3.5384e+01	 1.0480e+00
46.112	 1.2081e+00	0.67315	0.99877	 8.5070e-01	 9.9965e-01	 3.5368e+01	 1.0475e+00
46.137	 1.2084e+00	0.67367	0.99903	 8.5137e-01	 9.9973e-01	 3.5351e+01	 1.0468e+00
46.162	 1.2084e+00	0.67419	0.99897	 8.5204e-01	 9.9977e-01	 3.5334e+01	 1.0463e+00
46.186	 1.2080e+00	0.6747	0.99814	 8.5272e-01	 9.9979e-01	 3.5318e+01	 1.0459e+00
46.211	 1.2074e+00	0.67522	0.9991	 8.5339e-01	 9.9977e-01	 3.5301e+01	 1.0460e+00
46.236	 1.2061e+00	0.67574	0.99817	 8.5406e-01	 9.9977e-01	 3.5285e+01	 1.0465e+00
46.261	 1.2051e+00	0.67626	0.99916	 8.5474e-01	 9.9975e-01	 3.5268e+01	 1.0470e+00
46.286	 1.2042e+00	0.67678	0.9984	 8.5541e-01	 9.9973e-01	 3.5251e+01	 1.0475e+00
46.31	 1.2039e+00	0.67729	0.9992	 8.5609e-01	 9.9967e-01	 3.5235e+01	 1.0477e+00
46.335	 1.2043e+00	0.67781	0.99887	 8.5676e-01	 9.9965e-01	 3.5218e+01	 1.0479e+00
46.36	 1.2048e+00	0.67833	0.99877	 8.5744e-01	 9.9967e-01	 3.5202e+01	 1.0479e+00
46.385	 1.2056e+00	0.67885	0.99887	 8.5811e-01	 9.9973e-01	 3.5185e+01	 1.0479e+00
46.41	 1.2060e+00	0.67937	0.99804	 8.5879e-01	 9.9979e-01	 3.5169e+01	 1.0483e+00
46.435	 1.2062e+00	0.67989	0.99897	 8.5946e-01	 9.9979e-01	 3.5152e+01	 1.0488e+00
46.46	 1.2062e+00	0.68041	0.99791	 8.6014e-01	 9.9979e-01	 3.5136e+01	 1.0497e+00
46.485	 1.2059e+00	0.68093	0.99887	 8.6082e-01	 9.9977e-01	 3.5120e+01	 1.0505e+00
46.51	 1.2064e+00	0.68145	0.99837	 8.6149e-01	 9.9975e-01	 3.5103e+01	 1.0512e+00
46.535	 1.2070e+00	0.68197	0.9988	 8.6217e-01	 9.9971e-01	 3.5087e+01	 1.0515e+00
46.56	 1.2085e+00	0.68249	0.99883	 8.6285e-01	 9.9973e-01	 3.5070e+01	 1.0515e+00
46.585	 1.2101e+00	0.68302	0.99893	 8.6352e-01	 9.9979e-01	 3.5054e+01	 1.0514e+00
46.61	 1.2116e+00	0.68354	0.99953	 8.6420e-01	 9.9981e-01	 3.5038e+01	 1.0511e+00
46.635	 1.2130e+00	0.68406	0.99804	 8.6488e-01	 9.9983e-01	 3.5021e+01	 1.0511e+00
46.66	 1.2135e+00	0.68459	0.999	 8.6556e-01	 9.9979e-01	 3.5005e+01	 1.0513e+00
46.685	 1.2139e+00	0.68511	0.99814	 8.6624e-01	 9.9975e-01	 3.4989e+01	 1.0516e+00
46.71	 1.2138e+00	0.68564	0.99959	 8.6692e-01	 9.9969e-01	 3.4972e+01	 1.0522e+00
46.735	 1.2141e+00	0.68617	0.99903	 8.6760e-01	 9.9965e-01	 3.4956e+01	 1.0524e+00
46.76	 1.2147e+00	0.6867	0.9992	 8.6829e-01	 9.9963e-01	 3.4940e+01	 1.0525e+00
46.785	 1.2154e+00	0.68722	0.9989	 8.6898e-01	 9.9961e-01	 3.4924e+01	 1.0523e+00
46.81	 1.2165e+00	0.68775	0.99817	 8.6966e-01	 9.9963e-01	 3.4907e+01	 1.0519e+00
46.835	 1.2172e+00	0.68828	0.99923	 8.7035e-01	 9.9961e-01	 3.4891e+01	 1.0516e+00
46.861	 1.2175e+00	0.68881	0.9984	 8.7103e-01	 9.9967e-01	 3.4875e+01	 1.0514e+00
46.886	 1.2173e+00	0.68934	0.99923	 8.7172e-01	 9.9969e-01	 3.4859e+01	 1.0515e+00
46.911	 1.2165e+00	0.68987	0.99778	 8.7240e-01	 9.9969e-01	 3.4843e+01	 1.0518e+00
46.936	 1.2158e+00	0.69041	0.99897	 8.7309e-01	 9.9963e-01	 3.4827e+01	 1.0522e+00
46.961	 1.2150e+00	0.69093	0.99837	 8.7378e-01	 9.9961e-01	 3.4810e+01	 1.0524e+00
46.987	 1.2150e+00	0.69146	0.99837	 8.7446e-01	 9.9961e-01	 3.4794e+01	 1.0522e+00
47.012	 1.2152e+00	0.692	0.9991	 8.7514e-01	 9.9967e-01	 3.4778e+01	 1.0519e+00
47.037	 1.2157e+00	0.69253	0.99834	 8.7583e-01	 9.9977e-01	 3.4762e+01	 1.0512e+00
47.062	 1.2163e+00	0.69306	0.99916	 8.7652e-01	 9.9987e-01	 3.4746e+01	 1.0507e+00
47.088	 1.2163e+00	0.69359	0.9983	 8.7721e-01	 9.9993e-01	 3.4730e+01	 1.0502e+00
47.113	 1.2162e+00	0.69413	0.99923	 8.7789e-01	 9.9991e-01	 3.4714e+01	 1.0501e+00
47.138	 1.2154e+00	0.69466	0.9984	 8.7857e-01	 9.9989e-01	 3.4698e+01	 1.0502e+00
47.164	 1.2147e+00	0.69519	0.99913	 8.7926e-01	 9.9985e-01	 3.4682e+01	 1.0503e+00
47.189	 1.2144e+00	0.69573	0.9985	 8.7995e-01	 9.9985e-01	 3.4666e+01	 1.0504e+00
47.214	 1.2142e+00	0.69626	0.9986	 8.8064e-01	 9.9985e-01	 3.4650e+01	 1.0501e+00
47.24	 1.2148e+00	0.6968	0.9993	 8.8133e-01	 9.9981e-01	 3.4634e+01	 1.0495e+00
47.265	 1.2153e+00	0.69733	0.99801	 8.8202e-01	 9.9981e-01	 3.4618e+01	 1.0488e+00
47.29	 1.2159e+00	0.69787	0.99936	 8.8272e-01	 9.9975e-01	 3.4602e+01	 1.0481e+00
47.316	 1.2162e+00	0.69841	0.99834	 8.8341e-01	 9.9973e-01	 3.4586e+01	 1.0478e+00
47.341	 1.2158e+00	0.69894	0.9992	 8.8410e-01	 9.9971e-01	 3.4570e+01	 1.0477e+00
47.367	 1.2153e+00	0.69947	0.9986	 8.8480e-01	 9.9973e-01	 3.4554e+01	 1.0478e+00
47.392	 1.2144e+00	0.70001	0.9991	 8.8549e-01	 9.9975e-01	 3.4539e+01	 1.0479e+00
47.418	 1.2140e+00	0.70054	0.99893	 8.8619e-01	 9.9975e-01	 3.4523e+01	 1.0478e+00
47.443	 1.2140e+00	0.70108	0.99827	 8.8688e-01	 9.9973e-01	 3.4507e+01	 1.0476e+00
47.469	 1.2144e+00	0.70162	0.99877	 8.8758e-01	 9.9971e-01	 3.4491e+01	 1.0469e+00
47.494	 1.2152e+00	0.70216	0.99814	 8.8828e-01	 9.9975e-01	 3.4475e+01	 1.0461e+00
47.52	 1.2155e+00	0.7027	0.99976	 8.8897e-01	 9.9979e-01	 3.4459e+01	 1.0453e+00
47.545	 1.2158e+00	0.70324	0.99887	 8.8967e-01	 9.9987e-01	 3.4444e+01	 1.0448e+00
47.571	 1.2154e+00	0.70378	0.99943	 8.9037e-01	 9.9987e-01	 3.4428e+01	 1.0446e+00
47.596	 1.2147e+00	0.70433	0.9984	 8.9106e-01	 9.9979e-01	 3.4412e+01	 1.0445e+00
47.622	 1.2140e+00	0.70487	0.99877	 8.9176e-01	 9.9961e-01	 3.4397e+01	 1.0447e+00
47.647	 1.2133e+00	0.70541	0.99913	 8.9246e-01	 9.9943e-01	 3.4381e+01	 1.0446e+00
47.673	 1.2134e+00	0.70596	0.9983	 8.9316e-01	 9.9939e-01	 3.4365e+01	 1.0444e+00
47.699	 1.2136e+00	0.7065	0.99923	 8.9386e-01	 9.9943e-01	 3.4349e+01	 1.0440e+00
47.724	 1.2142e+00	0.70705	0.99827	 8.9456e-01	 9.9957e-01	 3.4334e+01	 1.0434e+00
47.75	 1.2147e+00	0.70759	0.99916	 8.9526e-01	 9.9971e-01	 3.4318e+01	 1.0430e+00
47.775	 1.2147e+00	0.70814	0.99827	 8.9596e-01	 9.9983e-01	 3.4303e+01	 1.0428e+00
47.801	 1.2145e+00	0.70868	0.99916	 8.9667e-01	 9.9991e-01	 3.4287e+01	 1.0431e+00
47.827	 1.2137e+00	0.70923	0.99877	 8.9737e-01	 9.9995e-01	 3.4271e+01	 1.0436e+00
47.852	 1.2131e+00	0.70977	0.99854	 8.9807e-01	 9.9997e-01	 3.4256e+01	 1.0441e+00
47.878	 1.2126e+00	0.71032	0.99893	 8.9877e-01	 9.9993e-01	 3.4240e+01	 1.0447e+00
47.904	 1.2127e+00	0.71086	0.9987	 8.9948e-01	 9.9985e-01	 3.4225e+01	 1.0449e+00
47.93	 1.2134e+00	0.71141	0.99956	 9.0018e-01	 9.9975e-01	 3.4209e+01	 1.0449e+00
47.955	 1.2140e+00	0.71196	0.99811	 9.0089e-01	 9.9969e-01	 3.4193e+01	 1.0448e+00
47.981	 1.2149e+00	0.71251	0.9992	 9.0159e-01	 9.9965e-01	 3.4178e+01	 1.0446e+00
48.007	 1.2151e+00	0.71305	0.9984	 9.0230e-01	 9.9969e-01	 3.4162e+01	 1.0449e+00
48.033	 1.2149e+00	0.71361	0.9989	 9.0300e-01	 9.9973e-01	 3.4147e+01	 1.0452e+00
48.059	 1.2146e+00	0.71415	0.99863	 9.0371e-01	 9.9985e-01	 3.4131e+01	 1.0459e+00
48.084	 1.2139e+00	0.7147	0.99883	 9.0441e-01	 9.9997e-01	 3.4116e+01	 1.0464e+00
48.11	 1.2138e+00	0.71525	0.99946	 9.0512e-01	 1.0000e+00	 3.4101e+01	 1.0468e+00
48.136	 1.2139e+00	0.7158	0.99867	 9.0582e-01	 1.0001e+00	 3.4085e+01	 1.0469e+00
48.162	 1.2147e+00	0.71635	0.99972	 9.0653e-01	 1.0001e+00	 3.4070e+01	 1.0465e+00
48.188	 1.2156e+00	0.7169	0.99824	 9.0724e-01	 1.0000e+00	 3.4054e+01	 1.0461e+00
48.214	 1.2163e+00	0.71745	0.99913	 9.0795e-01	 9.9991e-01	 3.4039e+01	 1.0456e+00
48.239	 1.2169e+00	0.718	0.99857	 9.0866e-01	 9.9985e-01	 3.4024e+01	 1.0454e+00
48.265	 1.2167e+00	0.71856	0.99906	 9.0936e-01	 9.9979e-01	 3.4008e+01	 1.0455e+00
48.291	 1.2165e+00	0.71911	0.99873	 9.1007e-01	 9.9975e-01	 3.3993e+01	 1.0456e+00
48.317	 1.2161e+00	0.71966	0.9983	 9.1078e-01	 9.9979e-01	 3.3978e+01	 1.0460e+00
48.343	 1.2160e+00	0.72021	0.99936	 9.1150e-01	 9.9983e-01	 3.3962e+01	 1.0460e+00
48.369	 1.2165e+00	0.72076	0.99834	 9.1221e-01	 9.9987e-01	 3.3947e+01	 1.0459e+00
48.395	 1.2172e+00	0.72131	0.99949	 9.1292e-01	 9.9983e-01	 3.3932e+01	 1.0455e+00
48.421	 1.2184e+00	0.72187	0.99817	 9.1364e-01	 9.9977e-01	 3.3916e+01	 1.0450e+00
48.447	 1.2192e+00	0.72242	0.99916	 9.1435e-01	 9.9967e-01	 3.3901e+01	 1.0447e+00
48.473	 1.2197e+00	0.72297	0.99877	 9.1506e-01	 9.9961e-01	 3.3886e+01	 1.0446e+00
48.499	 1.2197e+00	0.72353	0.99903	 9.1578e-01	 9.9963e-01	 3.3871e+01	 1.0449e+00
48.525	 1.2191e+00	0.72408	0.99936	 9.1649e-01	 9.9967e-01	 3.3855e+01	 1.0454e+00
48.551	 1.2188e+00	0.72464	0.99837	 9.1721e-01	 9.9973e-01	 3.3840e+01	 1.0460e+00
48.577	 1.2185e+00	0.7252	0.9991	 9.1793e-01	 9.9975e-01	 3.3825e+01	 1.0466e+00
48.603	 1.2188e+00	0.72575	0.99807	 9.1865e-01	 9.9977e-01	 3.3810e+01	 1.0468e+00
48.629	 1.2195e+00	0.72631	0.99943	 9.1937e-01	 9.9977e-01	 3.3795e+01	 1.0469e+00
48.655	 1.2202e+00	0.72687	0.99827	 9.2008e-01	 9.9979e-01	 3.3780e+01	 1.0468e+00
48.682	 1.2211e+00	0.72743	0.99867	 9.2081e-01	 9.9975e-01	 3.3765e+01	 1.0469e+00
48.708	 1.2212e+00	0.72799	0.99827	 9.2153e-01	 9.9971e-01	 3.3750e+01	 1.0472e+00
48.734	 1.2211e+00	0.72855	0.99854	 9.2225e-01	 9.9965e-01	 3.3734e+01	 1.0476e+00
48.76	 1.2206e+00	0.72911	0.99887	 9.2298e-01	 9.9961e-01	 3.3719e+01	 1.0484e+00
48.786	 1.2199e+00	0.72967	0.99807	 9.2370e-01	 9.9965e-01	 3.3704e+01	 1.0490e+00
48.812	 1.2198e+00	0.73023	0.999	 9.2442e-01	 9.9971e-01	 3.3689e+01	 1.0494e+00
48.839	 1.2198e+00	0.73079	0.99768	 9.2515e-01	 9.9983e-01	 3.3674e+01	 1.0495e+00
48.865	 1.2205e+00	0.73135	0.99906	 9.2587e-01	 9.9991e-01	 3.3659e+01	 1.0492e+00
48.891	 1.2211e+00	0.73191	0.99847	 9.2659e-01	 9.9995e-01	 3.3644e+01	 1.0489e+00
48.917	 1.2216e+00	0.73247	0.9987	 9.2731e-01	 9.9993e-01	 3.3629e+01	 1.0485e+00
48.943	 1.2218e+00	0.73303	0.99857	 9.2803e-01	 9.9987e-01	 3.3614e+01	 1.0484e+00
48.97	 1.2213e+00	0.73358	0.99811	 9.2875e-01	 9.9983e-01	 3.3599e+01	 1.0486e+00
48.996	 1.2207e+00	0.73414	0.9987	 9.2948e-01	 9.9981e-01	 3.3584e+01	 1.0489e+00
49.022	 1.2198e+00	0.7347	0.99811	 9.3020e-01	 9.9979e-01	 3.3569e+01	 1.0493e+00
49.049	 1.2195e+00	0.73526	0.99953	 9.3093e-01	 9.9969e-01	 3.3555e+01	 1.0494e+00
49.075	 1.2197e+00	0.73582	0.99824	 9.3166e-01	 9.9961e-01	 3.3540e+01	 1.0492e+00
49.101	 1.2201e+00	0.73638	0.99873	 9.3238e-01	 9.9953e-01	 3.3525e+01	 1.0487e+00
49.127	 1.2211e+00	0.73695	0.99814	 9.3311e-01	 9.9955e-01	 3.3510e+01	 1.0480e+00
49.154	 1.2216e+00	0.73751	0.99906	 9.3384e-01	 9.9957e-01	 3.3495e+01	 1.0474e+00
49.18	 1.2221e+00	0.73807	0.99863	 9.3457e-01	 9.9961e-01	 3.3480e+01	 1.0469e+00
49.207	 1.2220e+00	0.73864	0.99814	 9.3530e-01	 9.9961e-01	 3.3465e+01	 1.0468e+00
49.233	 1.2216e+00	0.7392	0.99897	 9.3603e-01	 9.9961e-01	 3.3451e+01	 1.0466e+00
49.259	 1.2213e+00	0.73977	0.99774	 9.3676e-01	 9.9965e-01	 3.3436e+01	 1.0465e+00
49.286	 1.2211e+00	0.74033	0.99893	 9.3749e-01	 9.9969e-01	 3.3421e+01	 1.0461e+00
49.312	 1.2218e+00	0.7409	0.99811	 9.3823e-01	 9.9973e-01	 3.3406e+01	 1.0453e+00
49.339	 1.2225e+00	0.74147	0.99887	 9.3896e-01	 9.9975e-01	 3.3392e+01	 1.0444e+00
49.365	 1.2236e+00	0.74204	0.99847	 9.3970e-01	 9.9977e-01	 3.3377e+01	 1.0431e+00
49.392	 1.2247e+00	0.74261	0.99893	 9.4043e-01	 9.9979e-01	 3.3362e+01	 1.0420e+00
49.418	 1.2251e+00	0.74317	0.99906	 9.4117e-01	 9.9981e-01	 3.3348e+01	 1.0411e+00
49.445	 1.2254e+00	0.74374	0.99784	 9.4190e-01	 9.9985e-01	 3.3333e+01	 1.0406e+00
49.471	 1.2251e+00	0.7443	0.99887	 9.4264e-01	 9.9983e-01	 3.3318e+01	 1.0404e+00
49.498	 1.2250e+00	0.74487	0.99778	 9.4337e-01	 9.9983e-01	 3.3304e+01	 1.0401e+00
49.524	 1.2252e+00	0.74544	0.99916	 9.4410e-01	 9.9973e-01	 3.3289e+01	 1.0399e+00
49.551	 1.2256e+00	0.74601	0.99854	 9.4484e-01	 9.9967e-01	 3.3274e+01	 1.0393e+00
49.577	 1.2269e+00	0.74658	0.99926	 9.4559e-01	 9.9963e-01	 3.3260e+01	 1.0386e+00
49.604	 1.2279e+00	0.74715	0.99883	 9.4633e-01	 9.9969e-01	 3.3245e+01	 1.0379e+00
49.63	 1.2289e+00	0.74772	0.9988	 9.4707e-01	 9.9979e-01	 3.3230e+01	 1.0374e+00
49.657	 1.2293e+00	0.74829	0.99933	 9.4781e-01	 9.9985e-01	 3.3216e+01	 1.0373e+00
49.683	 1.2291e+00	0.74886	0.9984	 9.4855e-01	 9.9987e-01	 3.3201e+01	 1.0375e+00
49.71	 1.2289e+00	0.74943	0.9991	 9.4930e-01	 9.9983e-01	 3.3187e+01	 1.0381e+00
49.737	 1.2282e+00	0.75001	0.99774	 9.5004e-01	 9.9983e-01	 3.3172e+01	 1.0388e+00
49.763	 1.2282e+00	0.75058	0.99883	 9.5078e-01	 9.9981e-01	 3.3158e+01	 1.0392e+00
49.79	 1.2284e+00	0.75115	0.9983	 9.5152e-01	 9.9981e-01	 3.3143e+01	 1.0396e+00
49.817	 1.2290e+00	0.75172	0.99877	 9.5227e-01	 9.9981e-01	 3.3129e+01	 1.0396e+00
49.844	 1.2300e+00	0.7523	0.99877	 9.5301e-01	 9.9981e-01	 3.3114e+01	 1.0396e+00
49.87	 1.2305e+00	0.75287	0.9984	 9.5375e-01	 9.9981e-01	 3.3100e+01	 1.0397e+00
49.897	 1.2310e+00	0.75345	0.99926	 9.5449e-01	 9.9977e-01	 3.3086e+01	 1.0401e+00
49.924	 1.2307e+00	0.75402	0.99814	 9.5524e-01	 9.9977e-01	 3.3071e+01	 1.0409e+00
49.95	 1.2304e+00	0.7546	0.99926	 9.5598e-01	 9.9969e-01	 3.3057e+01	 1.0417e+00
49.977	 1.2299e+00	0.75517	0.99807	 9.5672e-01	 9.9961e-01	 3.3042e+01	 1.0426e+00
50.004	 1.2296e+00	0.75574	0.99897	 9.5747e-01	 9.9953e-01	 3.3028e+01	 1.0432e+00
50.03	 1.2300e+00	0.75632	0.99821	 9.5821e-01	 9.9955e-01	 3.3014e+01	 1.0435e+00
50.057	 1.2304e+00	0.7569	0.99877	 9.5896e-01	 9.9963e-01	 3.2999e+01	 1.0436e+00
50.084	 1.2313e+00	0.75748	0.9987	 9.5971e-01	 9.9975e-01	 3.2985e+01	 1.0434e+00
50.111	 1.2318e+00	0.75805	0.99844	 9.6046e-01	 9.9987e-01	 3.2971e+01	 1.0435e+00
50.138	 1.2317e+00	0.75863	0.99903	 9.6120e-01	 9.9985e-01	 3.2956e+01	 1.0436e+00
50.165	 1.2314e+00	0.75921	0.99771	 9.6195e-01	 9.9979e-01	 3.2942e+01	 1.0441e+00
50.191	 1.2304e+00	0.7598	0.9992	 9.6270e-01	 9.9969e-01	 3.2928e+01	 1.0448e+00
50.218	 1.2298e+00	0.76038	0.99784	 9.6345e-01	 9.9963e-01	 3.2914e+01	 1.0453e+00
50.245	 1.2293e+00	0.76097	0.9989	 9.6420e-01	 9.9959e-01	 3.2899e+01	 1.0458e+00
50.272	 1.2294e+00	0.76155	0.9986	 9.6494e-01	 9.9959e-01	 3.2885e+01	 1.0458e+00
50.299	 1.2299e+00	0.76214	0.99844	 9.6569e-01	 9.9955e-01	 3.2871e+01	 1.0456e+00
50.326	 1.2304e+00	0.76272	0.9989	 9.6644e-01	 9.9953e-01	 3.2857e+01	 1.0453e+00
50.353	 1.2311e+00	0.7633	0.99797	 9.6720e-01	 9.9959e-01	 3.2843e+01	 1.0450e+00
50.38	 1.2311e+00	0.76388	0.99887	 9.6795e-01	 9.9969e-01	 3.2828e+01	 1.0451e+00
50.407	 1.2308e+00	0.76447	0.99788	 9.6871e-01	 9.9987e-01	 3.2814e+01	 1.0452e+00
50.434	 1.2301e+00	0.76505	0.99887	 9.6946e-01	 9.9997e-01	 3.2800e+01	 1.0456e+00
50.461	 1.2294e+00	0.76564	0.99784	 9.7022e-01	 9.9999e-01	 3.2786e+01	 1.0459e+00
50.488	 1.2292e+00	0.76622	0.99857	 9.7098e-01	 9.9991e-01	 3.2772e+01	 1.0460e+00
50.515	 1.2292e+00	0.76681	0.99827	 9.7174e-01	 9.9979e-01	 3.2758e+01	 1.0457e+00
50.542	 1.2299e+00	0.76739	0.9985	 9.7249e-01	 9.9971e-01	 3.2744e+01	 1.0451e+00
50.569	 1.2305e+00	0.76798	0.99903	 9.7325e-01	 9.9965e-01	 3.2730e+01	 1.0445e+00
50.596	 1.2309e+00	0.76857	0.99761	 9.7401e-01	 9.9963e-01	 3.2716e+01	 1.0438e+00
50.623	 1.2312e+00	0.76916	0.9986	 9.7476e-01	 9.9961e-01	 3.2702e+01	 1.0435e+00
50.65	 1.2306e+00	0.76974	0.99781	 9.7552e-01	 9.9967e-01	 3.2688e+01	 1.0434e+00
50.677	 1.2300e+00	0.77033	0.99906	 9.7627e-01	 9.9971e-01	 3.2674e+01	 1.0435e+00
50.704	 1.2293e+00	0.77092	0.99817	 9.7703e-01	 9.9981e-01	 3.2660e+01	 1.0436e+00
50.731	 1.2289e+00	0.77151	0.9987	 9.7779e-01	 9.9993e-01	 3.2646e+01	 1.0434e+00
50.758	 1.2291e+00	0.77209	0.9989	 9.7855e-01	 9.9999e-01	 3.2632e+01	 1.0431e+00
50.785	 1.2295e+00	0.77268	0.99814	 9.7931e-01	 9.9999e-01	 3.2618e+01	 1.0425e+00
50.812	 1.2304e+00	0.77327	0.99847	 9.8007e-01	 9.9991e-01	 3.2604e+01	 1.0418e+00
50.839	 1.2306e+00	0.77386	0.99788	 9.8083e-01	 9.9983e-01	 3.2590e+01	 1.0413e+00
50.866	 1.2308e+00	0.77445	0.99943	 9.8160e-01	 9.9973e-01	 3.2576e+01	 1.0409e+00
50.894	 1.2304e+00	0.77504	0.99804	 9.8237e-01	 9.9973e-01	 3.2562e+01	 1.0410e+00
50.921	 1.2295e+00	0.77563	0.9989	 9.8313e-01	 9.9973e-01	 3.2548e+01	 1.0411e+00
50.948	 1.2289e+00	0.77622	0.99827	 9.8389e-01	 9.9975e-01	 3.2534e+01	 1.0413e+00
50.975	 1.2284e+00	0.77681	0.99834	 9.8466e-01	 9.9975e-01	 3.2520e+01	 1.0413e+00
51.002	 1.2286e+00	0.7774	0.9984	 9.8542e-01	 9.9971e-01	 3.2507e+01	 1.0409e+00
51.029	 1.2290e+00	0.778	0.99801	 9.8619e-01	 9.9967e-01	 3.2493e+01	 1.0403e+00
51.057	 1.2296e+00	0.77859	0.99916	 9.8695e-01	 9.9963e-01	 3.2479e+01	 1.0396e+00
51.084	 1.2302e+00	0.77919	0.99794	 9.8772e-01	 9.9963e-01	 3.2465e+01	 1.0389e+00
51.111	 1.2301e+00	0.77978	0.99867	 9.8849e-01	 9.9963e-01	 3.2451e+01	 1.0385e+00
51.138	 1.2299e+00	0.78038	0.99811	 9.8926e-01	 9.9967e-01	 3.2438e+01	 1.0383e+00
51.166	 1.2292e+00	0.78097	0.99926	 9.9003e-01	 9.9965e-01	 3.2424e+01	 1.0383e+00
51.193	 1.2286e+00	0.78156	0.99847	 9.9080e-01	 9.9963e-01	 3.2410e+01	 1.0382e+00
51.22	 1.2285e+00	0.78216	0.99863	 9.9157e-01	 9.9965e-01	 3.2396e+01	 1.0380e+00
51.248	 1.2286e+00	0.78276	0.99906	 9.9234e-01	 9.9971e-01	 3.2383e+01	 1.0374e+00
51.275	 1.2294e+00	0.78336	0.99814	 9.9310e-01	 9.9979e-01	 3.2369e+01	 1.0365e+00
51.302	 1.2300e+00	0.78395	0.9986	 9.9387e-01	 9.9981e-01	 3.2355e+01	 1.0355e+00
51.33	 1.2306e+00	0.78455	0.99768	 9.9464e-01	 9.9985e-01	 3.2342e+01	 1.0346e+00
51.357	 1.2307e+00	0.78515	0.99887	 9.9541e-01	 9.9985e-01	 3.2328e+01	 1.0342e+00
51.384	 1.2302e+00	0.78575	0.99791	 9.9618e-01	 9.9989e-01	 3.2315e+01	 1.0339e+00
51.412	 1.2298e+00	0.78635	0.99854	 9.9695e-01	 9.9993e-01	 3.2301e+01	 1.0340e+00
51.439	 1.2291e+00	0.78695	0.99804	 9.9772e-01	 9.9995e-01	 3.2287e+01	 1.0341e+00
51.466	 1.2292e+00	0.78756	0.99837	 9.9849e-01	 9.9995e-01	 3.2274e+01	 1.0341e+00
51.494	 1.2295e+00	0.78815	0.999	 9.9927e-01	 9.9991e-01	 3.2260e+01	 1.0340e+00
51.521	 1.2304e+00	0.78875	0.99794	 1.0000e+00	 9.9989e-01	 3.2247e+01	 1.0335e+00
51.549	 1.2315e+00	0.78935	0.99933	 1.0008e+00	 9.9983e-01	 3.2233e+01	 1.0332e+00
51.576	 1.2322e+00	0.78995	0.99834	 1.0016e+00	 9.9983e-01	 3.2220e+01	 1.0331e+00
51.603	 1.2327e+00	0.79055	0.99939	 1.0024e+00	 9.9985e-01	 3.2206e+01	 1.0333e+00
51.631	 1.2326e+00	0.79115	0.9984	 1.0031e+00	 9.9991e-01	 3.2193e+01	 1.0339e+00
51.658	 1.2323e+00	0.79175	0.999	 1.0039e+00	 9.9995e-01	 3.2179e+01	 1.0347e+00
51.686	 1.2321e+00	0.79235	0.9989	 1.0047e+00	 9.9997e-01	 3.2166e+01	 1.0357e+00
51.713	 1.2320e+00	0.79295	0.99827	 1.0055e+00	 9.9993e-01	 3.2152e+01	 1.0365e+00
51.741	 1.2327e+00	0.79355	0.9987	 1.0062e+00	 9.9983e-01	 3.2139e+01	 1.0371e+00
51.768	 1.2333e+00	0.79415	0.99791	 1.0070e+00	 9.9979e-01	 3.2125e+01	 1.0374e+00
51.796	 1.2344e+00	0.79476	0.99946	 1.0078e+00	 9.9973e-01	 3.2112e+01	 1.0377e+00
51.824	 1.2351e+00	0.79536	0.99784	 1.0086e+00	 9.9975e-01	 3.2098e+01	 1.0382e+00
51.851	 1.2351e+00	0.79597	0.99824	 1.0093e+00	 9.9971e-01	 3.2085e+01	 1.0389e+00
51.879	 1.2351e+00	0.79657	0.99807	 1.0101e+00	 9.9967e-01	 3.2072e+01	 1.0399e+00
51.906	 1.2343e+00	0.79718	0.9988	 1.0109e+00	 9.9961e-01	 3.2058e+01	 1.0410e+00
51.934	 1.2338e+00	0.79778	0.99913	 1.0117e+00	 9.9959e-01	 3.2045e+01	 1.0421e+00
51.961	 1.2336e+00	0.79839	0.9984	 1.0125e+00	 9.9963e-01	 3.2032e+01	 1.0430e+00
51.989	 1.2337e+00	0.79899	0.99903	 1.0132e+00	 9.9965e-01	 3.2018e+01	 1.0434e+00
52.017	 1.2344e+00	0.7996	0.99761	 1.0140e+00	 9.9969e-01	 3.2005e+01	 1.0435e+00
52.044	 1.2348e+00	0.80021	0.999	 1.0148e+00	 9.9969e-01	 3.1992e+01	 1.0435e+00
52.072	 1.2354e+00	0.80081	0.99824	 1.0156e+00	 9.9969e-01	 3.1978e+01	 1.0434e+00
52.1	 1.2353e+00	0.80142	0.99903	 1.0164e+00	 9.9967e-01	 3.1965e+01	 1.0436e+00
52.127	 1.2349e+00	0.80203	0.99857	 1.0172e+00	 9.9969e-01	 3.1952e+01	 1.0438e+00
52.155	 1.2343e+00	0.80264	0.99877	 1.0180e+00	 9.9971e-01	 3.1939e+01	 1.0442e+00
52.183	 1.2336e+00	0.80324	0.99867	 1.0188e+00	 9.9967e-01	 3.1925e+01	 1.0445e+00
52.21	 1.2338e+00	0.80385	0.99761	 1.0195e+00	 9.9963e-01	 3.1912e+01	 1.0444e+00
52.238	 1.2341e+00	0.80446	0.9991	 1.0203e+00	 9.9955e-01	 3.1899e+01	 1.0441e+00
52.266	 1.2352e+00	0.80507	0.99774	 1.0211e+00	 9.9959e-01	 3.1886e+01	 1.0434e+00
52.293	 1.2365e+00	0.80568	0.9991	 1.0219e+00	 9.9967e-01	 3.1873e+01	 1.0427e+00
52.321	 1.2375e+00	0.80629	0.99837	 1.0227e+00	 9.9977e-01	 3.1860e+01	 1.0420e+00
52.349	 1.2384e+00	0.8069	0.99883	 1.0235e+00	 9.9983e-01	 3.1847e+01	 1.0416e+00
52.377	 1.2385e+00	0.80751	0.99844	 1.0243e+00	 9.9987e-01	 3.1833e+01	 1.0414e+00
52.405	 1.2387e+00	0.80813	0.99801	 1.0251e+00	 9.9983e-01	 3.1820e+01	 1.0414e+00
52.432	 1.2387e+00	0.80874	0.9984	 1.0259e+00	 9.9973e-01	 3.1807e+01	 1.0414e+00
52.46	 1.2390e+00	0.80934	0.99771	 1.0267e+00	 9.9965e-01	 3.1794e+01	 1.0410e+00
52.488	 1.2399e+00	0.80996	0.99916	 1.0274e+00	 9.9961e-01	 3.1781e+01	 1.0404e+00
52.516	 1.2409e+00	0.81057	0.99814	 1.0282e+00	 9.9969e-01	 3.1768e+01	 1.0396e+00
52.544	 1.2421e+00	0.81118	0.999	 1.0290e+00	 9.9975e-01	 3.1755e+01	 1.0386e+00
52.572	 1.2428e+00	0.81179	0.99784	 1.0298e+00	 9.9981e-01	 3.1742e+01	 1.0379e+00
52.599	 1.2430e+00	0.8124	0.99827	 1.0306e+00	 9.9981e-01	 3.1729e+01	 1.0374e+00
52.627	 1.2429e+00	0.81302	0.99844	 1.0314e+00	 9.9981e-01	 3.1716e+01	 1.0372e+00
52.655	 1.2422e+00	0.81364	0.99821	 1.0322e+00	 9.9979e-01	 3.1703e+01	 1.0372e+00
52.683	 1.2418e+00	0.81425	0.99906	 1.0330e+00	 9.9975e-01	 3.1690e+01	 1.0373e+00
52.711	 1.2414e+00	0.81486	0.99814	 1.0338e+00	 9.9975e-01	 3.1677e+01	 1.0373e+00
52.738	 1.2417e+00	0.81548	0.9991	 1.0346e+00	 9.9971e-01	 3.1664e+01	 1.0370e+00
52.766	 1.2422e+00	0.81609	0.99811	 1.0354e+00	 9.9973e-01	 3.1651e+01	 1.0367e+00
52.794	 1.2427e+00	0.81671	0.99939	 1.0362e+00	 9.9973e-01	 3.1638e+01	 1.0363e+00
52.822	 1.2433e+00	0.81733	0.99877	 1.0370e+00	 9.9975e-01	 3.1626e+01	 1.0362e+00
52.85	 1.2430e+00	0.81795	0.9988	 1.0378e+00	 9.9977e-01	 3.1613e+01	 1.0365e+00
52.878	 1.2425e+00	0.81857	0.99913	 1.0386e+00	 9.9979e-01	 3.1600e+01	 1.0370e+00
52.906	 1.2416e+00	0.81919	0.99824	 1.0394e+00	 9.9987e-01	 3.1587e+01	 1.0378e+00
52.934	 1.2408e+00	0.8198	0.99939	 1.0402e+00	 9.9989e-01	 3.1574e+01	 1.0385e+00
52.962	 1.2405e+00	0.82042	0.9983	 1.0410e+00	 9.9987e-01	 3.1561e+01	 1.0391e+00
52.99	 1.2404e+00	0.82104	0.9989	 1.0418e+00	 9.9979e-01	 3.1549e+01	 1.0393e+00
53.018	 1.2409e+00	0.82166	0.99827	 1.0426e+00	 9.9977e-01	 3.1536e+01	 1.0393e+00
53.046	 1.2413e+00	0.82228	0.9992	 1.0434e+00	 9.9973e-01	 3.1523e+01	 1.0393e+00
53.074	 1.2415e+00	0.8229	0.99854	 1.0442e+00	 9.9977e-01	 3.1510e+01	 1.0392e+00
53.102	 1.2413e+00	0.82352	0.99817	 1.0451e+00	 9.9979e-01	 3.1497e+01	 1.0396e+00
53.13	 1.2405e+00	0.82415	0.99867	 1.0459e+00	 9.9975e-01	 3.1485e+01	 1.0401e+00
53.158	 1.2398e+00	0.82477	0.99797	 1.0467e+00	 9.9973e-01	 3.1472e+01	 1.0407e+00
53.186	 1.2388e+00	0.82539	0.99923	 1.0475e+00	 9.9969e-01	 3.1459e+01	 1.0414e+00
53.215	 1.2386e+00	0.82601	0.99837	 1.0483e+00	 9.9973e-01	 3.1447e+01	 1.0417e+00
53.243	 1.2388e+00	0.82664	0.99887	 1.0491e+00	 9.9973e-01	 3.1434e+01	 1.0417e+00
53.271	 1.2393e+00	0.82726	0.99751	 1.0499e+00	 9.9977e-01	 3.1421e+01	 1.0415e+00
53.299	 1.2402e+00	0.82788	0.99824	 1.0507e+00	 9.9977e-01	 3.1409e+01	 1.0412e+00
53.327	 1.2405e+00	0.82851	0.99817	 1.0515e+00	 9.9977e-01	 3.1396e+01	 1.0411e+00
53.355	 1.2407e+00	0.82913	0.99811	 1.0523e+00	 9.9981e-01	 3.1383e+01	 1.0412e+00
53.383	 1.2404e+00	0.82975	0.99897	 1.0532e+00	 9.9985e-01	 3.1371e+01	 1.0417e+00
53.411	 1.2398e+00	0.83038	0.99811	 1.0540e+00	 9.9991e-01	 3.1358e+01	 1.0423e+00
53.44	 1.2395e+00	0.831	0.9989	 1.0548e+00	 9.9987e-01	 3.1346e+01	 1.0428e+00
53.468	 1.2393e+00	0.83163	0.99768	 1.0556e+00	 9.9981e-01	 3.1333e+01	 1.0431e+00
53.496	 1.2399e+00	0.83225	0.9992	 1.0564e+00	 9.9973e-01	 3.1320e+01	 1.0431e+00
53.524	 1.2406e+00	0.83288	0.99897	 1.0572e+00	 9.9971e-01	 3.1308e+01	 1.0429e+00
53.552	 1.2415e+00	0.8335	0.99906	 1.0580e+00	 9.9973e-01	 3.1295e+01	 1.0426e+00
53.581	 1.2422e+00	0.83413	0.99897	 1.0589e+00	 9.9977e-01	 3.1283e+01	 1.0425e+00
53.609	 1.2422e+00	0.83476	0.99834	 1.0597e+00	 9.9981e-01	 3.1270e+01	 1.0427e+00
53.637	 1.2420e+00	0.83538	0.9987	 1.0605e+00	 9.9979e-01	 3.1258e+01	 1.0431e+00
53.665	 1.2414e+00	0.836	0.99755	 1.0613e+00	 9.9973e-01	 3.1246e+01	 1.0437e+00
53.694	 1.2411e+00	0.83664	0.9989	 1.0621e+00	 9.9963e-01	 3.1233e+01	 1.0442e+00
53.722	 1.2411e+00	0.83726	0.99794	 1.0630e+00	 9.9955e-01	 3.1221e+01	 1.0446e+00
53.75	 1.2414e+00	0.83789	0.99913	 1.0638e+00	 9.9951e-01	 3.1208e+01	 1.0446e+00
53.778	 1.2424e+00	0.83852	0.9983	 1.0646e+00	 9.9953e-01	 3.1196e+01	 1.0445e+00
53.807	 1.2431e+00	0.83915	0.99837	 1.0654e+00	 9.9959e-01	 3.1184e+01	 1.0443e+00
53.835	 1.2438e+00	0.83978	0.99903	 1.0662e+00	 9.9961e-01	 3.1171e+01	 1.0442e+00
53.863	 1.2440e+00	0.84041	0.99867	 1.0671e+00	 9.9967e-01	 3.1159e+01	 1.0444e+00
53.892	 1.2436e+00	0.84104	0.9993	 1.0679e+00	 9.9969e-01	 3.1146e+01	 1.0448e+00
53.92	 1.2433e+00	0.84167	0.99797	 1.0687e+00	 9.9975e-01	 3.1134e+01	 1.0453e+00
53.948	 1.2427e+00	0.8423	0.99933	 1.0695e+00	 9.9975e-01	 3.1122e+01	 1.0457e+00
53.977	 1.2429e+00	0.84294	0.9983	 1.0704e+00	 9.9975e-01	 3.1110e+01	 1.0458e+00
54.005	 1.2432e+00	0.84357	0.9986	 1.0712e+00	 9.9969e-01	 3.1097e+01	 1.0456e+00
54.033	 1.2441e+00	0.84421	0.99811	 1.0720e+00	 9.9963e-01	 3.1085e+01	 1.0449e+00
54.062	 1.2450e+00	0.84485	0.99788	 1.0729e+00	 9.9957e-01	 3.1073e+01	 1.0443e+00
54.09	 1.2455e+00	0.84548	0.99857	 1.0737e+00	 9.9953e-01	 3.1061e+01	 1.0437e+00
54.119	 1.2458e+00	0.84612	0.99797	 1.0745e+00	 9.9957e-01	 3.1048e+01	 1.0434e+00
54.147	 1.2454e+00	0.84676	0.99913	 1.0753e+00	 9.9961e-01	 3.1036e+01	 1.0433e+00
54.175	 1.2450e+00	0.84739	0.99771	 1.0762e+00	 9.9971e-01	 3.1024e+01	 1.0433e+00
54.204	 1.2447e+00	0.84802	0.99863	 1.0770e+00	 9.9975e-01	 3.1012e+01	 1.0432e+00
54.232	 1.2445e+00	0.84866	0.99784	 1.0778e+00	 9.9977e-01	 3.0999e+01	 1.0428e+00
54.261	 1.2452e+00	0.84929	0.99863	 1.0787e+00	 9.9981e-01	 3.0987e+01	 1.0422e+00
54.289	 1.2459e+00	0.84993	0.99863	 1.0795e+00	 9.9985e-01	 3.0975e+01	 1.0413e+00
54.318	 1.2470e+00	0.85057	0.99811	 1.0803e+00	 9.9989e-01	 3.0963e+01	 1.0404e+00
54.346	 1.2476e+00	0.8512	0.9988	 1.0812e+00	 9.9985e-01	 3.0951e+01	 1.0397e+00
54.374	 1.2477e+00	0.85184	0.99794	 1.0820e+00	 9.9977e-01	 3.0939e+01	 1.0392e+00
54.403	 1.2476e+00	0.85249	0.99939	 1.0828e+00	 9.9965e-01	 3.0927e+01	 1.0390e+00
54.431	 1.2470e+00	0.85313	0.9985	 1.0837e+00	 9.9963e-01	 3.0914e+01	 1.0390e+00
54.46	 1.2468e+00	0.85377	0.99913	 1.0845e+00	 9.9961e-01	 3.0902e+01	 1.0389e+00
54.489	 1.2467e+00	0.85441	0.99844	 1.0853e+00	 9.9969e-01	 3.0890e+01	 1.0387e+00
54.517	 1.2472e+00	0.85505	0.99863	 1.0862e+00	 9.9977e-01	 3.0878e+01	 1.0380e+00
54.546	 1.2480e+00	0.85569	0.99821	 1.0870e+00	 9.9981e-01	 3.0866e+01	 1.0373e+00
54.574	 1.2487e+00	0.85634	0.99735	 1.0878e+00	 9.9981e-01	 3.0854e+01	 1.0365e+00
54.603	 1.2494e+00	0.85698	0.99863	 1.0887e+00	 9.9971e-01	 3.0842e+01	 1.0359e+00
54.631	 1.2492e+00	0.85762	0.99774	 1.0895e+00	 9.9961e-01	 3.0830e+01	 1.0357e+00
54.66	 1.2489e+00	0.85827	0.999	 1.0903e+00	 9.9951e-01	 3.0818e+01	 1.0356e+00
54.688	 1.2483e+00	0.85892	0.99811	 1.0912e+00	 9.9951e-01	 3.0806e+01	 1.0358e+00
54.717	 1.2477e+00	0.85956	0.9991	 1.0920e+00	 9.9953e-01	 3.0794e+01	 1.0358e+00
54.746	 1.2478e+00	0.86021	0.99873	 1.0929e+00	 9.9959e-01	 3.0782e+01	 1.0357e+00
54.774	 1.2480e+00	0.86086	0.99834	 1.0937e+00	 9.9967e-01	 3.0770e+01	 1.0353e+00
54.803	 1.2488e+00	0.86151	0.9986	 1.0946e+00	 9.9973e-01	 3.0759e+01	 1.0346e+00
54.831	 1.2495e+00	0.86215	0.9983	 1.0954e+00	 9.9975e-01	 3.0747e+01	 1.0340e+00
54.86	 1.2500e+00	0.8628	0.999	 1.0962e+00	 9.9975e-01	 3.0735e+01	 1.0336e+00
54.889	 1.2502e+00	0.86345	0.99764	 1.0971e+00	 9.9971e-01	 3.0723e+01	 1.0335e+00
54.917	 1.2495e+00	0.8641	0.99933	 1.0979e+00	 9.9959e-01	 3.0711e+01	 1.0337e+00
54.946	 1.2492e+00	0.86475	0.9987	 1.0988e+00	 9.9953e-01	 3.0699e+01	 1.0341e+00
54.975	 1.2486e+00	0.8654	0.99873	 1.0996e+00	 9.9951e-01	 3.0687e+01	 1.0345e+00
55.003	 1.2486e+00	0.86604	0.99877	 1.1005e+00	 9.9953e-01	 3.0676e+01	 1.0346e+00
55.032	 1.2491e+00	0.86669	0.99906	 1.1013e+00	 9.9959e-01	 3.0664e+01	 1.0345e+00
55.061	 1.2498e+00	0.86735	0.99887	 1.1022e+00	 9.9965e-01	 3.0652e+01	 1.0341e+00
55.09	 1.2508e+00	0.868	0.99814	 1.1030e+00	 9.9977e-01	 3.0640e+01	 1.0338e+00
55.118	 1.2511e+00	0.86865	0.99946	 1.1039e+00	 9.9979e-01	 3.0628e+01	 1.0336e+00
55.147	 1.2512e+00	0.86931	0.99794	 1.1047e+00	 9.9985e-01	 3.0617e+01	 1.0337e+00
55.176	 1.2507e+00	0.86996	0.99854	 1.1056e+00	 9.9985e-01	 3.0605e+01	 1.0341e+00
55.204	 1.2499e+00	0.87062	0.99807	 1.1064e+00	 9.9985e-01	 3.0593e+01	 1.0346e+00
55.233	 1.2495e+00	0.87127	0.9984	 1.1073e+00	 9.9977e-01	 3.0581e+01	 1.0351e+00
55.262	 1.2492e+00	0.87193	0.99821	 1.1082e+00	 9.9965e-01	 3.0570e+01	 1.0354e+00
55.291	 1.2495e+00	0.87259	0.99834	 1.1090e+00	 9.9955e-01	 3.0558e+01	 1.0353e+00
55.319	 1.2500e+00	0.87325	0.9992	 1.1099e+00	 9.9947e-01	 3.0546e+01	 1.0352e+00
55.348	 1.2505e+00	0.87391	0.99791	 1.1107e+00	 9.9951e-01	 3.0535e+01	 1.0349e+00
55.377	 1.2508e+00	0.87457	0.99913	 1.1116e+00	 9.9961e-01	 3.0523e+01	 1.0350e+00
55.406	 1.2502e+00	0.87523	0.99817	 1.1124e+00	 9.9973e-01	 3.0511e+01	 1.0353e+00
55.435	 1.2496e+00	0.87589	0.9989	 1.1133e+00	 9.9977e-01	 3.0500e+01	 1.0358e+00
55.463	 1.2484e+00	0.87655	0.99817	 1.1141e+00	 9.9975e-01	 3.0488e+01	 1.0365e+00
55.492	 1.2474e+00	0.87721	0.99863	 1.1150e+00	 9.9969e-01	 3.0477e+01	 1.0371e+00
55.521	 1.2469e+00	0.87787	0.999	 1.1159e+00	 9.9963e-01	 3.0465e+01	 1.0374e+00
55.55	 1.2464e+00	0.87854	0.99824	 1.1167e+00	 9.9961e-01	 3.0453e+01	 1.0374e+00
55.579	 1.2466e+00	0.87919	0.99887	 1.1176e+00	 9.9959e-01	 3.0442e+01	 1.0371e+00
55.608	 1.2464e+00	0.87985	0.99781	 1.1184e+00	 9.9967e-01	 3.0430e+01	 1.0369e+00
55.636	 1.2461e+00	0.88051	0.99933	 1.1193e+00	 9.9967e-01	 3.0419e+01	 1.0368e+00
55.665	 1.2452e+00	0.88117	0.99857	 1.1202e+00	 9.9965e-01	 3.0407e+01	 1.0371e+00
55.694	 1.2438e+00	0.88183	0.99897	 1.1210e+00	 9.9959e-01	 3.0396e+01	 1.0375e+00
55.723	 1.2426e+00	0.88249	0.99821	 1.1219e+00	 9.9957e-01	 3.0384e+01	 1.0380e+00
55.752	 1.2411e+00	0.88315	0.99847	 1.1227e+00	 9.9959e-01	 3.0373e+01	 1.0385e+00
55.781	 1.2405e+00	0.88382	0.9984	 1.1236e+00	 9.9963e-01	 3.0362e+01	 1.0387e+00
55.81	 1.2404e+00	0.88448	0.99738	 1.1245e+00	 9.9969e-01	 3.0350e+01	 1.0386e+00
55.839	 1.2406e+00	0.88514	0.9993	 1.1253e+00	 9.9967e-01	 3.0339e+01	 1.0383e+00
55.868	 1.2412e+00	0.88581	0.99837	 1.1262e+00	 9.9969e-01	 3.0327e+01	 1.0380e+00
55.897	 1.2413e+00	0.88648	0.99926	 1.1271e+00	 9.9965e-01	 3.0316e+01	 1.0379e+00
55.926	 1.2415e+00	0.88714	0.9985	 1.1279e+00	 9.9965e-01	 3.0305e+01	 1.0381e+00
55.955	 1.2412e+00	0.88781	0.99906	 1.1288e+00	 9.9963e-01	 3.0293e+01	 1.0385e+00
55.984	 1.2409e+00	0.88847	0.99867	 1.1297e+00	 9.9961e-01	 3.0282e+01	 1.0390e+00
56.013	 1.2412e+00	0.88913	0.9983	 1.1306e+00	 9.9959e-01	 3.0271e+01	 1.0395e+00
56.042	 1.2416e+00	0.88979	0.9989	 1.1314e+00	 9.9959e-01	 3.0259e+01	 1.0396e+00
56.071	 1.2430e+00	0.89046	0.99821	 1.1323e+00	 9.9967e-01	 3.0248e+01	 1.0395e+00
56.099	 1.2444e+00	0.89112	0.99933	 1.1332e+00	 9.9977e-01	 3.0237e+01	 1.0392e+00
56.128	 1.2461e+00	0.89179	0.99807	 1.1340e+00	 9.9987e-01	 3.0225e+01	 1.0388e+00
56.157	 1.2474e+00	0.89246	0.99913	 1.1349e+00	 9.9989e-01	 3.0214e+01	 1.0386e+00
56.186	 1.2480e+00	0.89313	0.9986	 1.1358e+00	 9.9989e-01	 3.0203e+01	 1.0387e+00
56.215	 1.2485e+00	0.89379	0.9985	 1.1367e+00	 9.9985e-01	 3.0192e+01	 1.0391e+00
56.244	 1.2484e+00	0.89446	0.99863	 1.1375e+00	 9.9985e-01	 3.0180e+01	 1.0396e+00
56.273	 1.2487e+00	0.89513	0.99844	 1.1384e+00	 9.9989e-01	 3.0169e+01	 1.0399e+00
56.303	 1.2491e+00	0.8958	0.99923	 1.1393e+00	 9.9991e-01	 3.0158e+01	 1.0400e+00
56.332	 1.2501e+00	0.89647	0.9984	 1.1402e+00	 9.9991e-01	 3.0147e+01	 1.0397e+00
56.361	 1.2514e+00	0.89715	0.9993	 1.1410e+00	 9.9983e-01	 3.0136e+01	 1.0392e+00
56.39	 1.2524e+00	0.89782	0.99814	 1.1419e+00	 9.9975e-01	 3.0124e+01	 1.0387e+00
56.419	 1.2534e+00	0.8985	0.99873	 1.1428e+00	 9.9963e-01	 3.0113e+01	 1.0384e+00
56.448	 1.2536e+00	0.89918	0.99807	 1.1437e+00	 9.9957e-01	 3.0102e+01	 1.0384e+00
56.477	 1.2534e+00	0.89985	0.9983	 1.1446e+00	 9.9953e-01	 3.0091e+01	 1.0386e+00
56.506	 1.2532e+00	0.90053	0.99873	 1.1454e+00	 9.9953e-01	 3.0080e+01	 1.0390e+00
56.535	 1.2529e+00	0.90121	0.99817	 1.1463e+00	 9.9955e-01	 3.0069e+01	 1.0393e+00
56.564	 1.2534e+00	0.90189	0.99916	 1.1472e+00	 9.9955e-01	 3.0058e+01	 1.0394e+00
56.594	 1.2539e+00	0.90257	0.9983	 1.1481e+00	 9.9961e-01	 3.0047e+01	 1.0392e+00
56.623	 1.2550e+00	0.90324	0.99903	 1.1490e+00	 9.9967e-01	 3.0036e+01	 1.0389e+00
56.652	 1.2560e+00	0.90393	0.99821	 1.1498e+00	 9.9975e-01	 3.0025e+01	 1.0386e+00
56.681	 1.2565e+00	0.90461	0.99926	 1.1507e+00	 9.9981e-01	 3.0014e+01	 1.0385e+00
56.71	 1.2568e+00	0.90529	0.99867	 1.1516e+00	 9.9983e-01	 3.0003e+01	 1.0387e+00
56.739	 1.2563e+00	0.90598	0.99827	 1.1525e+00	 9.9983e-01	 2.9992e+01	 1.0392e+00
56.769	 1.2559e+00	0.90666	0.99867	 1.1534e+00	 9.9977e-01	 2.9981e+01	 1.0398e+00
56.798	 1.2555e+00	0.90734	0.99824	 1.1543e+00	 9.9973e-01	 2.9970e+01	 1.0404e+00
56.827	 1.2555e+00	0.90803	0.99897	 1.1552e+00	 9.9965e-01	 2.9959e+01	 1.0405e+00
56.856	 1.2561e+00	0.90871	0.99814	 1.1561e+00	 9.9965e-01	 2.9948e+01	 1.0405e+00
56.885	 1.2566e+00	0.9094	0.99939	 1.1570e+00	 9.9967e-01	 2.9937e+01	 1.0402e+00
56.914	 1.2574e+00	0.91009	0.99817	 1.1579e+00	 9.9973e-01	 2.9926e+01	 1.0397e+00
56.944	 1.2577e+00	0.91078	0.9986	 1.1587e+00	 9.9973e-01	 2.9915e+01	 1.0396e+00
56.973	 1.2577e+00	0.91147	0.99844	 1.1596e+00	 9.9973e-01	 2.9904e+01	 1.0395e+00
57.002	 1.2573e+00	0.91215	0.9983	 1.1605e+00	 9.9975e-01	 2.9893e+01	 1.0398e+00
57.031	 1.2565e+00	0.91284	0.99893	 1.1614e+00	 9.9979e-01	 2.9882e+01	 1.0400e+00
57.061	 1.2563e+00	0.91352	0.99834	 1.1623e+00	 9.9983e-01	 2.9871e+01	 1.0401e+00
57.09	 1.2563e+00	0.91421	0.99906	 1.1632e+00	 9.9983e-01	 2.9861e+01	 1.0399e+00
57.119	 1.2569e+00	0.9149	0.99771	 1.1641e+00	 9.9981e-01	 2.9850e+01	 1.0394e+00
57.148	 1.2578e+00	0.91558	0.99873	 1.1650e+00	 9.9971e-01	 2.9839e+01	 1.0387e+00
57.178	 1.2584e+00	0.91627	0.9983	 1.1659e+00	 9.9967e-01	 2.9828e+01	 1.0379e+00
57.207	 1.2591e+00	0.91696	0.9985	 1.1668e+00	 9.9965e-01	 2.9817e+01	 1.0373e+00
57.236	 1.2588e+00	0.91765	0.99837	 1.1677e+00	 9.9969e-01	 2.9806e+01	 1.0370e+00
57.265	 1.2584e+00	0.91833	0.99844	 1.1686e+00	 9.9977e-01	 2.9796e+01	 1.0369e+00
57.295	 1.2576e+00	0.91902	0.9992	 1.1695e+00	 9.9983e-01	 2.9785e+01	 1.0369e+00
57.324	 1.2570e+00	0.91971	0.99784	 1.1704e+00	 9.9991e-01	 2.9774e+01	 1.0369e+00
57.353	 1.2570e+00	0.9204	0.99916	 1.1713e+00	 9.9989e-01	 2.9763e+01	 1.0367e+00
57.383	 1.2571e+00	0.92109	0.99814	 1.1722e+00	 9.9983e-01	 2.9753e+01	 1.0361e+00
57.412	 1.2578e+00	0.92179	0.99926	 1.1731e+00	 9.9973e-01	 2.9742e+01	 1.0355e+00
57.441	 1.2581e+00	0.92249	0.99883	 1.1740e+00	 9.9965e-01	 2.9731e+01	 1.0350e+00
57.471	 1.2583e+00	0.92318	0.99844	 1.1749e+00	 9.9959e-01	 2.9721e+01	 1.0346e+00
57.5	 1.2580e+00	0.92388	0.99837	 1.1758e+00	 9.9957e-01	 2.9710e+01	 1.0346e+00
57.529	 1.2570e+00	0.92457	0.99804	 1.1767e+00	 9.9959e-01	 2.9699e+01	 1.0349e+00
57.559	 1.2563e+00	0.92527	0.99933	 1.1776e+00	 9.9959e-01	 2.9689e+01	 1.0353e+00
57.588	 1.2554e+00	0.92596	0.99774	 1.1785e+00	 9.9965e-01	 2.9678e+01	 1.0356e+00
57.617	 1.2552e+00	0.92666	0.99854	 1.1794e+00	 9.9969e-01	 2.9667e+01	 1.0357e+00
57.647	 1.2553e+00	0.92736	0.99814	 1.1803e+00	 9.9975e-01	 2.9657e+01	 1.0356e+00
57.676	 1.2555e+00	0.92805	0.9989	 1.1812e+00	 9.9977e-01	 2.9646e+01	 1.0353e+00
57.705	 1.2560e+00	0.92875	0.99827	 1.1821e+00	 9.9977e-01	 2.9636e+01	 1.0350e+00
57.735	 1.2557e+00	0.92945	0.99821	 1.1830e+00	 9.9977e-01	 2.9625e+01	 1.0350e+00
57.764	 1.2554e+00	0.93015	0.99867	 1.1839e+00	 9.9973e-01	 2.9615e+01	 1.0353e+00
57.794	 1.2543e+00	0.93085	0.99801	 1.1848e+00	 9.9969e-01	 2.9604e+01	 1.0360e+00
57.823	 1.2531e+00	0.93154	0.99916	 1.1857e+00	 9.9961e-01	 2.9593e+01	 1.0367e+00
57.852	 1.2524e+00	0.93224	0.99784	 1.1867e+00	 9.9961e-01	 2.9583e+01	 1.0374e+00
57.882	 1.2519e+00	0.93294	0.99887	 1.1876e+00	 9.9963e-01	 2.9572e+01	 1.0378e+00
57.911	 1.2522e+00	0.93364	0.9983	 1.1885e+00	 9.9969e-01	 2.9562e+01	 1.0379e+00
57.941	 1.2526e+00	0.93434	0.99854	 1.1894e+00	 9.9973e-01	 2.9551e+01	 1.0380e+00
57.97	 1.2531e+00	0.93504	0.99814	 1.1903e+00	 9.9975e-01	 2.9541e+01	 1.0379e+00
58.0	 1.2536e+00	0.93574	0.99824	 1.1912e+00	 9.9975e-01	 2.9531e+01	 1.0382e+00
58.029	 1.2533e+00	0.93645	0.999	 1.1921e+00	 9.9975e-01	 2.9520e+01	 1.0386e+00
58.059	 1.2531e+00	0.93715	0.99784	 1.1930e+00	 9.9975e-01	 2.9510e+01	 1.0393e+00
58.088	 1.2525e+00	0.93785	0.99893	 1.1940e+00	 9.9971e-01	 2.9499e+01	 1.0400e+00
58.117	 1.2524e+00	0.93856	0.99781	 1.1949e+00	 9.9969e-01	 2.9489e+01	 1.0406e+00
58.147	 1.2528e+00	0.93926	0.99883	 1.1958e+00	 9.9965e-01	 2.9479e+01	 1.0409e+00
58.176	 1.2537e+00	0.93996	0.99844	 1.1967e+00	 9.9963e-01	 2.9468e+01	 1.0407e+00
58.206	 1.2551e+00	0.94067	0.99893	 1.1976e+00	 9.9961e-01	 2.9458e+01	 1.0403e+00
58.235	 1.2562e+00	0.94138	0.99867	 1.1985e+00	 9.9961e-01	 2.9448e+01	 1.0400e+00
58.265	 1.2574e+00	0.94209	0.99824	 1.1994e+00	 9.9963e-01	 2.9437e+01	 1.0396e+00
58.294	 1.2580e+00	0.9428	0.99887	 1.2004e+00	 9.9963e-01	 2.9427e+01	 1.0397e+00
58.324	 1.2581e+00	0.9435	0.99758	 1.2013e+00	 9.9967e-01	 2.9417e+01	 1.0398e+00
58.353	 1.2584e+00	0.94421	0.99903	 1.2022e+00	 9.9965e-01	 2.9406e+01	 1.0401e+00
58.383	 1.2586e+00	0.94492	0.99844	 1.2031e+00	 9.9967e-01	 2.9396e+01	 1.0402e+00
58.412	 1.2595e+00	0.94563	0.9989	 1.2040e+00	 9.9967e-01	 2.9386e+01	 1.0400e+00
58.442	 1.2605e+00	0.94634	0.99807	 1.2050e+00	 9.9971e-01	 2.9376e+01	 1.0396e+00
58.472	 1.2620e+00	0.94705	0.99811	 1.2059e+00	 9.9975e-01	 2.9365e+01	 1.0389e+00
58.501	 1.2634e+00	0.94776	0.99824	 1.2068e+00	 9.9981e-01	 2.9355e+01	 1.0383e+00
58.531	 1.2642e+00	0.94847	0.99791	 1.2077e+00	 9.9987e-01	 2.9345e+01	 1.0379e+00
58.56	 1.2648e+00	0.94918	0.99949	 1.2087e+00	 9.9987e-01	 2.9335e+01	 1.0378e+00
58.59	 1.2647e+00	0.94989	0.99827	 1.2096e+00	 9.9985e-01	 2.9324e+01	 1.0379e+00
58.619	 1.2646e+00	0.9506	0.99916	 1.2105e+00	 9.9977e-01	 2.9314e+01	 1.0380e+00
58.649	 1.2647e+00	0.95131	0.99801	 1.2114e+00	 9.9973e-01	 2.9304e+01	 1.0381e+00
58.678	 1.2649e+00	0.95203	0.9987	 1.2124e+00	 9.9973e-01	 2.9294e+01	 1.0379e+00
58.708	 1.2660e+00	0.95274	0.9985	 1.2133e+00	 9.9981e-01	 2.9284e+01	 1.0374e+00
58.738	 1.2668e+00	0.95345	0.99817	 1.2142e+00	 9.9987e-01	 2.9274e+01	 1.0368e+00
58.767	 1.2679e+00	0.95417	0.9989	 1.2151e+00	 9.9987e-01	 2.9264e+01	 1.0362e+00
58.797	 1.2684e+00	0.95488	0.99801	 1.2161e+00	 9.9987e-01	 2.9254e+01	 1.0360e+00
58.826	 1.2684e+00	0.95559	0.99867	 1.2170e+00	 9.9981e-01	 2.9243e+01	 1.0359e+00
58.856	 1.2683e+00	0.9563	0.99745	 1.2179e+00	 9.9983e-01	 2.9233e+01	 1.0361e+00
58.886	 1.2676e+00	0.95702	0.99873	 1.2189e+00	 9.9981e-01	 2.9223e+01	 1.0364e+00
58.915	 1.2676e+00	0.95774	0.99817	 1.2198e+00	 9.9979e-01	 2.9213e+01	 1.0366e+00
58.945	 1.2677e+00	0.95845	0.99854	 1.2207e+00	 9.9975e-01	 2.9203e+01	 1.0366e+00
58.974	 1.2684e+00	0.95917	0.9984	 1.2216e+00	 9.9969e-01	 2.9193e+01	 1.0362e+00
59.004	 1.2694e+00	0.95989	0.99797	 1.2226e+00	 9.9967e-01	 2.9183e+01	 1.0358e+00
59.034	 1.2700e+00	0.96061	0.9988	 1.2235e+00	 9.9963e-01	 2.9173e+01	 1.0354e+00
59.063	 1.2707e+00	0.96133	0.99781	 1.2244e+00	 9.9963e-01	 2.9163e+01	 1.0352e+00
59.093	 1.2705e+00	0.96205	0.99844	 1.2254e+00	 9.9961e-01	 2.9153e+01	 1.0353e+00
59.123	 1.2702e+00	0.96277	0.99695	 1.2263e+00	 9.9963e-01	 2.9143e+01	 1.0356e+00
59.152	 1.2697e+00	0.96349	0.99863	 1.2272e+00	 9.9961e-01	 2.9133e+01	 1.0360e+00
59.182	 1.2693e+00	0.96421	0.9983	 1.2282e+00	 9.9961e-01	 2.9124e+01	 1.0362e+00
59.212	 1.2696e+00	0.96493	0.99804	 1.2291e+00	 9.9957e-01	 2.9114e+01	 1.0362e+00
59.241	 1.2699e+00	0.96565	0.99797	 1.2300e+00	 9.9959e-01	 2.9104e+01	 1.0358e+00
59.271	 1.2709e+00	0.96638	0.99801	 1.2310e+00	 9.9967e-01	 2.9094e+01	 1.0352e+00
59.301	 1.2715e+00	0.96711	0.99887	 1.2319e+00	 9.9977e-01	 2.9084e+01	 1.0347e+00
59.33	 1.2718e+00	0.96783	0.99781	 1.2329e+00	 9.9985e-01	 2.9074e+01	 1.0342e+00
59.36	 1.2718e+00	0.96855	0.9993	 1.2338e+00	 9.9987e-01	 2.9064e+01	 1.0341e+00
59.39	 1.2710e+00	0.96928	0.99781	 1.2347e+00	 9.9985e-01	 2.9054e+01	 1.0341e+00
59.419	 1.2705e+00	0.97001	0.99867	 1.2357e+00	 9.9975e-01	 2.9045e+01	 1.0341e+00
59.449	 1.2700e+00	0.97073	0.9985	 1.2366e+00	 9.9969e-01	 2.9035e+01	 1.0340e+00
59.479	 1.2702e+00	0.97146	0.9984	 1.2376e+00	 9.9965e-01	 2.9025e+01	 1.0335e+00
59.508	 1.2708e+00	0.97219	0.99854	 1.2385e+00	 9.9965e-01	 2.9015e+01	 1.0328e+00
59.538	 1.2715e+00	0.97292	0.99791	 1.2394e+00	 9.9965e-01	 2.9005e+01	 1.0319e+00
59.568	 1.2724e+00	0.97364	0.99873	 1.2404e+00	 9.9957e-01	 2.8996e+01	 1.0311e+00
59.598	 1.2727e+00	0.97437	0.99768	 1.2413e+00	 9.9949e-01	 2.8986e+01	 1.0305e+00
59.627	 1.2727e+00	0.9751	0.99913	 1.2423e+00	 9.9945e-01	 2.8976e+01	 1.0302e+00
59.657	 1.2724e+00	0.97583	0.99811	 1.2432e+00	 9.9953e-01	 2.8966e+01	 1.0302e+00
59.687	 1.2719e+00	0.97656	0.9988	 1.2442e+00	 9.9965e-01	 2.8957e+01	 1.0303e+00
59.717	 1.2719e+00	0.97729	0.99821	 1.2451e+00	 9.9975e-01	 2.8947e+01	 1.0303e+00
59.746	 1.2721e+00	0.97802	0.99857	 1.2461e+00	 9.9979e-01	 2.8937e+01	 1.0301e+00
59.776	 1.2731e+00	0.97875	0.99883	 1.2470e+00	 9.9973e-01	 2.8928e+01	 1.0297e+00
59.806	 1.2742e+00	0.97949	0.99784	 1.2480e+00	 9.9971e-01	 2.8918e+01	 1.0292e+00
59.835	 1.2753e+00	0.98022	0.99897	 1.2489e+00	 9.9967e-01	 2.8908e+01	 1.0288e+00
59.865	 1.2762e+00	0.98096	0.99791	 1.2499e+00	 9.9965e-01	 2.8899e+01	 1.0288e+00
59.895	 1.2763e+00	0.98169	0.99903	 1.2508e+00	 9.9963e-01	 2.8889e+01	 1.0290e+00
59.925	 1.2766e+00	0.98242	0.99821	 1.2518e+00	 9.9963e-01	 2.8879e+01	 1.0296e+00
59.954	 1.2764e+00	0.98316	0.99863	 1.2527e+00	 9.9961e-01	 2.8870e+01	 1.0304e+00
59.984	 1.2767e+00	0.98389	0.9988	 1.2537e+00	 9.9959e-01	 2.8860e+01	 1.0310e+00
60.014	 1.2774e+00	0.98463	0.99844	 1.2546e+00	 9.9957e-01	 2.8851e+01	 1.0315e+00
60.044	 1.2784e+00	0.98537	0.9987	 1.2556e+00	 9.9953e-01	 2.8841e+01	 1.0317e+00
60.074	 1.2800e+00	0.98611	0.99755	 1.2565e+00	 9.9953e-01	 2.8831e+01	 1.0318e+00
60.103	 1.2811e+00	0.98684	0.99867	 1.2575e+00	 9.9955e-01	 2.8822e+01	 1.0322e+00
60.133	 1.2821e+00	0.98758	0.99758	 1.2585e+00	 9.9963e-01	 2.8812e+01	 1.0327e+00
60.163	 1.2825e+00	0.98832	0.99897	 1.2594e+00	 9.9969e-01	 2.8803e+01	 1.0337e+00
60.193	 1.2824e+00	0.98906	0.99814	 1.2604e+00	 9.9977e-01	 2.8793e+01	 1.0349e+00
60.223	 1.2826e+00	0.9898	0.99794	 1.2613e+00	 9.9985e-01	 2.8784e+01	 1.0362e+00
60.252	 1.2826e+00	0.99054	0.99824	 1.2623e+00	 9.9989e-01	 2.8774e+01	 1.0375e+00
60.282	 1.2833e+00	0.99129	0.99811	 1.2632e+00	 9.9983e-01	 2.8765e+01	 1.0385e+00
60.312	 1.2842e+00	0.99203	0.99867	 1.2642e+00	 9.9967e-01	 2.8755e+01	 1.0392e+00
60.342	 1.2852e+00	0.99278	0.99721	 1.2652e+00	 9.9953e-01	 2.8746e+01	 1.0398e+00
60.371	 1.2862e+00	0.99352	0.99863	 1.2661e+00	 9.9945e-01	 2.8737e+01	 1.0405e+00
60.401	 1.2863e+00	0.99426	0.99768	 1.2671e+00	 9.9953e-01	 2.8727e+01	 1.0414e+00
60.431	 1.2862e+00	0.99501	0.99863	 1.2680e+00	 9.9967e-01	 2.8718e+01	 1.0425e+00
60.461	 1.2853e+00	0.99576	0.99821	 1.2690e+00	 9.9981e-01	 2.8708e+01	 1.0437e+00
60.491	 1.2843e+00	0.99651	0.99794	 1.2700e+00	 9.9987e-01	 2.8699e+01	 1.0448e+00
60.521	 1.2836e+00	0.99726	0.9987	 1.2709e+00	 9.9983e-01	 2.8690e+01	 1.0458e+00
60.551	 1.2828e+00	0.998	0.99827	 1.2719e+00	 9.9977e-01	 2.8680e+01	 1.0462e+00
60.58	 1.2828e+00	0.99875	0.9988	 1.2729e+00	 9.9969e-01	 2.8671e+01	 1.0463e+00
60.61	 1.2825e+00	0.9995	0.99761	 1.2738e+00	 9.9969e-01	 2.8662e+01	 1.0461e+00
60.64	 1.2824e+00	1.0003	0.99883	 1.2748e+00	 9.9969e-01	 2.8652e+01	 1.0458e+00
60.67	 1.2818e+00	1.001	0.99784	 1.2758e+00	 9.9975e-01	 2.8643e+01	 1.0458e+00
60.7	 1.2806e+00	1.0018	0.9986	 1.2767e+00	 9.9979e-01	 2.8634e+01	 1.0458e+00
60.73	 1.2794e+00	1.0025	0.99814	 1.2777e+00	 9.9979e-01	 2.8624e+01	 1.0460e+00
60.759	 1.2779e+00	1.0033	0.99784	 1.2787e+00	 9.9977e-01	 2.8615e+01	 1.0462e+00
60.789	 1.2771e+00	1.004	0.9984	 1.2796e+00	 9.9979e-01	 2.8606e+01	 1.0461e+00
60.819	 1.2766e+00	1.0048	0.99745	 1.2806e+00	 9.9985e-01	 2.8597e+01	 1.0458e+00
60.849	 1.2768e+00	1.0055	0.99883	 1.2816e+00	 9.9985e-01	 2.8587e+01	 1.0450e+00
60.879	 1.2774e+00	1.0063	0.99781	 1.2826e+00	 9.9989e-01	 2.8578e+01	 1.0441e+00
60.909	 1.2777e+00	1.007	0.99883	 1.2835e+00	 9.9987e-01	 2.8569e+01	 1.0432e+00
60.938	 1.2782e+00	1.0078	0.99824	 1.2845e+00	 9.9983e-01	 2.8560e+01	 1.0426e+00
60.968	 1.2780e+00	1.0085	0.99867	 1.2855e+00	 9.9975e-01	 2.8550e+01	 1.0423e+00
60.998	 1.2777e+00	1.0093	0.99887	 1.2865e+00	 9.9971e-01	 2.8541e+01	 1.0420e+00
61.028	 1.2775e+00	1.0101	0.99834	 1.2874e+00	 9.9971e-01	 2.8532e+01	 1.0420e+00
61.058	 1.2774e+00	1.0108	0.99893	 1.2884e+00	 9.9969e-01	 2.8523e+01	 1.0416e+00
61.088	 1.2781e+00	1.0116	0.99774	 1.2894e+00	 9.9969e-01	 2.8514e+01	 1.0410e+00
61.118	 1.2790e+00	1.0123	0.99883	 1.2904e+00	 9.9969e-01	 2.8505e+01	 1.0401e+00
61.148	 1.2804e+00	1.0131	0.99801	 1.2914e+00	 9.9973e-01	 2.8496e+01	 1.0390e+00
61.178	 1.2815e+00	1.0138	0.99883	 1.2923e+00	 9.9975e-01	 2.8487e+01	 1.0380e+00
61.207	 1.2820e+00	1.0146	0.99821	 1.2933e+00	 9.9981e-01	 2.8477e+01	 1.0371e+00
61.237	 1.2824e+00	1.0153	0.99834	 1.2943e+00	 9.9987e-01	 2.8468e+01	 1.0365e+00
61.267	 1.2819e+00	1.0161	0.99821	 1.2953e+00	 9.9991e-01	 2.8459e+01	 1.0361e+00
61.297	 1.2818e+00	1.0169	0.99781	 1.2963e+00	 9.9991e-01	 2.8450e+01	 1.0356e+00
61.327	 1.2816e+00	1.0176	0.99887	 1.2973e+00	 9.9985e-01	 2.8441e+01	 1.0351e+00
61.357	 1.2819e+00	1.0184	0.99774	 1.2982e+00	 9.9983e-01	 2.8432e+01	 1.0341e+00
61.387	 1.2828e+00	1.0191	0.9987	 1.2992e+00	 9.9981e-01	 2.8423e+01	 1.0331e+00
61.417	 1.2834e+00	1.0199	0.99774	 1.3002e+00	 9.9979e-01	 2.8414e+01	 1.0319e+00
61.447	 1.2843e+00	1.0207	0.99903	 1.3012e+00	 9.9971e-01	 2.8405e+01	 1.0308e+00
61.477	 1.2844e+00	1.0214	0.99863	 1.3022e+00	 9.9959e-01	 2.8396e+01	 1.0301e+00
61.507	 1.2842e+00	1.0222	0.99824	 1.3032e+00	 9.9949e-01	 2.8387e+01	 1.0297e+00
61.536	 1.2836e+00	1.0229	0.99844	 1.3042e+00	 9.9949e-01	 2.8378e+01	 1.0296e+00
61.566	 1.2827e+00	1.0237	0.99784	 1.3052e+00	 9.9957e-01	 2.8369e+01	 1.0296e+00
61.596	 1.2824e+00	1.0245	0.99906	 1.3061e+00	 9.9963e-01	 2.8360e+01	 1.0295e+00
61.626	 1.2821e+00	1.0252	0.99774	 1.3071e+00	 9.9975e-01	 2.8352e+01	 1.0293e+00
61.656	 1.2826e+00	1.026	0.99873	 1.3081e+00	 9.9981e-01	 2.8343e+01	 1.0288e+00
61.686	 1.2831e+00	1.0267	0.99784	 1.3091e+00	 9.9985e-01	 2.8334e+01	 1.0285e+00
61.716	 1.2833e+00	1.0275	0.99863	 1.3101e+00	 9.9985e-01	 2.8325e+01	 1.0282e+00
61.746	 1.2834e+00	1.0283	0.99854	 1.3111e+00	 9.9989e-01	 2.8316e+01	 1.0283e+00
61.776	 1.2826e+00	1.029	0.99807	 1.3121e+00	 9.9995e-01	 2.8307e+01	 1.0287e+00
61.806	 1.2819e+00	1.0298	0.99854	 1.3131e+00	 9.9995e-01	 2.8298e+01	 1.0294e+00
61.836	 1.2809e+00	1.0306	0.99768	 1.3141e+00	 9.9993e-01	 2.8290e+01	 1.0302e+00
61.866	 1.2802e+00	1.0313	0.9986	 1.3151e+00	 9.9987e-01	 2.8281e+01	 1.0308e+00
61.896	 1.2802e+00	1.0321	0.99731	 1.3161e+00	 9.9981e-01	 2.8272e+01	 1.0313e+00
61.926	 1.2802e+00	1.0329	0.99863	 1.3171e+00	 9.9971e-01	 2.8263e+01	 1.0315e+00
61.955	 1.2809e+00	1.0336	0.99794	 1.3181e+00	 9.9965e-01	 2.8254e+01	 1.0315e+00
61.985	 1.2812e+00	1.0344	0.99797	 1.3190e+00	 9.9963e-01	 2.8246e+01	 1.0318e+00
62.015	 1.2812e+00	1.0352	0.99784	 1.3200e+00	 9.9965e-01	 2.8237e+01	 1.0322e+00
62.045	 1.2809e+00	1.0359	0.99761	 1.3210e+00	 9.9967e-01	 2.8228e+01	 1.0329e+00
62.075	 1.2801e+00	1.0367	0.99847	 1.3220e+00	 9.9965e-01	 2.8219e+01	 1.0338e+00
62.105	 1.2796e+00	1.0375	0.99778	 1.3230e+00	 9.9965e-01	 2.8211e+01	 1.0348e+00
62.135	 1.2791e+00	1.0383	0.99926	 1.3240e+00	 9.9963e-01	 2.8202e+01	 1.0355e+00
62.165	 1.2794e+00	1.039	0.99814	 1.3250e+00	 9.9965e-01	 2.8193e+01	 1.0360e+00
62.195	 1.2801e+00	1.0398	0.99883	 1.3260e+00	 9.9965e-01	 2.8185e+01	 1.0362e+00
62.225	 1.2809e+00	1.0406	0.99811	 1.3270e+00	 9.9965e-01	 2.8176e+01	 1.0362e+00
62.255	 1.2819e+00	1.0413	0.99814	 1.3280e+00	 9.9963e-01	 2.8167e+01	 1.0364e+00
62.285	 1.2820e+00	1.0421	0.99821	 1.3290e+00	 9.9963e-01	 2.8159e+01	 1.0367e+00
62.315	 1.2822e+00	1.0429	0.99788	 1.3300e+00	 9.9965e-01	 2.8150e+01	 1.0372e+00
62.345	 1.2818e+00	1.0437	0.9993	 1.3311e+00	 9.9961e-01	 2.8141e+01	 1.0381e+00
62.375	 1.2815e+00	1.0444	0.99801	 1.3321e+00	 9.9961e-01	 2.8133e+01	 1.0387e+00
62.405	 1.2816e+00	1.0452	0.99903	 1.3331e+00	 9.9959e-01	 2.8124e+01	 1.0392e+00
62.435	 1.2819e+00	1.046	0.99814	 1.3341e+00	 9.9961e-01	 2.8115e+01	 1.0394e+00
62.465	 1.2831e+00	1.0468	0.99893	 1.3351e+00	 9.9961e-01	 2.8107e+01	 1.0393e+00
62.495	 1.2840e+00	1.0475	0.99811	 1.3361e+00	 9.9969e-01	 2.8098e+01	 1.0390e+00
62.525	 1.2849e+00	1.0483	0.99837	 1.3371e+00	 9.9981e-01	 2.8090e+01	 1.0388e+00
62.555	 1.2855e+00	1.0491	0.99897	 1.3381e+00	 9.9987e-01	 2.8081e+01	 1.0388e+00
62.584	 1.2854e+00	1.0499	0.99748	 1.3391e+00	 9.9989e-01	 2.8073e+01	 1.0390e+00
62.614	 1.2853e+00	1.0507	0.9985	 1.3401e+00	 9.9985e-01	 2.8064e+01	 1.0394e+00
62.644	 1.2848e+00	1.0514	0.99768	 1.3412e+00	 9.9981e-01	 2.8056e+01	 1.0397e+00
62.674	 1.2848e+00	1.0522	0.99906	 1.3422e+00	 9.9973e-01	 2.8047e+01	 1.0397e+00
62.704	 1.2852e+00	1.053	0.99817	 1.3432e+00	 9.9967e-01	 2.8039e+01	 1.0394e+00
62.734	 1.2860e+00	1.0538	0.99844	 1.3442e+00	 9.9961e-01	 2.8031e+01	 1.0387e+00
62.764	 1.2872e+00	1.0546	0.99814	 1.3452e+00	 9.9959e-01	 2.8022e+01	 1.0378e+00
62.794	 1.2877e+00	1.0553	0.99811	 1.3462e+00	 9.9957e-01	 2.8014e+01	 1.0369e+00
62.824	 1.2883e+00	1.0561	0.9988	 1.3473e+00	 9.9953e-01	 2.8005e+01	 1.0361e+00
62.854	 1.2881e+00	1.0569	0.99748	 1.3483e+00	 9.9959e-01	 2.7997e+01	 1.0356e+00
62.884	 1.2877e+00	1.0577	0.9989	 1.3493e+00	 9.9967e-01	 2.7988e+01	 1.0350e+00
62.914	 1.2874e+00	1.0585	0.99794	 1.3503e+00	 9.9981e-01	 2.7980e+01	 1.0345e+00
62.944	 1.2871e+00	1.0592	0.99883	 1.3513e+00	 9.9987e-01	 2.7972e+01	 1.0336e+00
62.974	 1.2877e+00	1.06	0.99797	 1.3524e+00	 9.9987e-01	 2.7963e+01	 1.0324e+00
63.004	 1.2883e+00	1.0608	0.99824	 1.3534e+00	 9.9977e-01	 2.7955e+01	 1.0309e+00
63.034	 1.2893e+00	1.0616	0.9987	 1.3544e+00	 9.9967e-01	 2.7946e+01	 1.0292e+00
63.064	 1.2901e+00	1.0624	0.99788	 1.3554e+00	 9.9961e-01	 2.7938e+01	 1.0276e+00
63.094	 1.2902e+00	1.0632	0.99844	 1.3565e+00	 9.9961e-01	 2.7930e+01	 1.0261e+00
63.124	 1.2902e+00	1.0639	0.99751	 1.3575e+00	 9.9969e-01	 2.7921e+01	 1.0249e+00
63.154	 1.2895e+00	1.0647	0.9987	 1.3585e+00	 9.9973e-01	 2.7806e+01	 1.0066e+00
63.184	 1.2891e+00	1.0655	0.99778	 1.3595e+00	 9.9977e-01	 2.7757e+01	 1.0215e+00
63.214	 1.2888e+00	1.0663	0.9987	 1.3606e+00	 9.9975e-01	 2.7731e+01	 1.0320e+00
63.244	 1.2888e+00	1.0671	0.99797	 1.3616e+00	 9.9973e-01	 2.7707e+01	 1.0287e+00
63.274	 1.2895e+00	1.0679	0.99837	 1.3626e+00	 9.9973e-01	 2.7686e+01	 1.0246e+00
63.304	 1.2900e+00	1.0687	0.99867	 1.3636e+00	 9.9975e-01	 2.7666e+01	 1.0316e+00
63.334	 1.2905e+00	1.0695	0.99751	 1.3647e+00	 9.9981e-01	 2.7647e+01	 1.0363e+00
63.364	 1.2904e+00	1.0702	0.99837	 1.3657e+00	 9.9985e-01	 2.7628e+01	 1.0312e+00
63.393	 1.2898e+00	1.071	0.99768	 1.3667e+00	 9.9989e-01	 2.7611e+01	 1.0307e+00
63.423	 1.2891e+00	1.0718	0.99903	 1.3677e+00	 9.9989e-01	 2.7593e+01	 1.0325e+00
63.453	 1.2881e+00	1.0726	0.99821	 1.3688e+00	 9.9989e-01	 2.7576e+01	 1.0340e+00
63.483	 1.2878e+00	1.0734	0.99887	 1.3698e+00	 9.9985e-01	 2.7560e+01	 1.0355e+00
63.513	 1.2876e+00	1.0742	0.9985	 1.3709e+00	 9.9981e-01	 2.7543e+01	 1.0327e+00
63.543	 1.2881e+00	1.075	0.99847	 1.3719e+00	 9.9977e-01	 2.7527e+01	 1.0278e+00
63.573	 1.2887e+00	1.0758	0.99897	 1.3729e+00	 9.9971e-01	 2.7510e+01	 1.0316e+00
63.603	 1.2889e+00	1.0765	0.9983	 1.3739e+00	 9.9971e-01	 2.7494e+01	 1.0323e+00
63.633	 1.2891e+00	1.0773	0.99916	 1.3750e+00	 9.9973e-01	 2.7478e+01	 1.0351e+00
63.663	 1.2884e+00	1.0781	0.99778	 1.3760e+00	 9.9979e-01	 2.7461e+01	 1.0367e+00
63.693	 1.2879e+00	1.0789	0.9987	 1.3771e+00	 9.9981e-01	 2.7445e+01	 1.0323e+00
63.723	 1.2872e+00	1.0797	0.99801	 1.3781e+00	 9.9983e-01	 2.7429e+01	 1.0305e+00
63.753	 1.2868e+00	1.0805	0.9983	 1.3791e+00	 9.9981e-01	 2.7413e+01	 1.0298e+00
63.783	 1.2873e+00	1.0813	0.99794	 1.3802e+00	 9.9973e-01	 2.7397e+01	 1.0324e+00
63.813	 1.2877e+00	1.0821	0.99807	 1.3812e+00	 9.9967e-01	 2.7381e+01	 1.0334e+00
63.843	 1.2888e+00	1.0829	0.99903	 1.3822e+00	 9.9967e-01	 2.7365e+01	 1.0306e+00
63.873	 1.2895e+00	1.0837	0.99781	 1.3833e+00	 9.9981e-01	 2.7349e+01	 1.0275e+00
63.903	 1.2899e+00	1.0845	0.999	 1.3843e+00	 9.9995e-01	 2.7333e+01	 1.0322e+00
63.933	 1.2900e+00	1.0853	0.99784	 1.3854e+00	 1.0001e+00	 2.7317e+01	 1.0305e+00
63.963	 1.2895e+00	1.0861	0.99877	 1.3864e+00	 1.0001e+00	 2.7300e+01	 1.0305e+00
63.992	 1.2894e+00	1.0869	0.99794	 1.3875e+00	 9.9999e-01	 2.7284e+01	 1.0328e+00
64.022	 1.2893e+00	1.0877	0.99844	 1.3885e+00	 9.9987e-01	 2.7268e+01	 1.0293e+00
64.052	 1.2900e+00	1.0885	0.99877	 1.3896e+00	 9.9971e-01	 2.7252e+01	 1.0316e+00
64.082	 1.2909e+00	1.0893	0.99784	 1.3906e+00	 9.9957e-01	 2.7236e+01	 1.0312e+00
64.112	 1.2919e+00	1.0901	0.99837	 1.3917e+00	 9.9947e-01	 2.7220e+01	 1.0305e+00
64.142	 1.2930e+00	1.0909	0.99745	 1.3927e+00	 9.9949e-01	 2.7204e+01	 1.0302e+00
64.172	 1.2932e+00	1.0917	0.99906	 1.3937e+00	 9.9953e-01	 2.7188e+01	 1.0327e+00
64.202	 1.2933e+00	1.0925	0.99788	 1.3948e+00	 9.9965e-01	 2.7172e+01	 1.0312e+00
64.232	 1.2929e+00	1.0933	0.99824	 1.3958e+00	 9.9969e-01	 2.7156e+01	 1.0290e+00
64.262	 1.2925e+00	1.0941	0.99817	 1.3969e+00	 9.9971e-01	 2.7140e+01	 1.0303e+00
64.292	 1.2927e+00	1.0949	0.99837	 1.3979e+00	 9.9969e-01	 2.7124e+01	 1.0303e+00
64.322	 1.2930e+00	1.0957	0.99817	 1.3990e+00	 9.9965e-01	 2.7108e+01	 1.0323e+00
64.352	 1.2940e+00	1.0965	0.99758	 1.4000e+00	 9.9961e-01	 2.7091e+01	 1.0303e+00
64.381	 1.2949e+00	1.0973	0.9984	 1.4011e+00	 9.9957e-01	 2.7075e+01	 1.0312e+00
64.411	 1.2956e+00	1.0981	0.99712	 1.4022e+00	 9.9957e-01	 2.7059e+01	 1.0304e+00
64.441	 1.2959e+00	1.0989	0.99867	 1.4032e+00	 9.9955e-01	 2.7043e+01	 1.0303e+00
64.471	 1.2955e+00	1.0997	0.99801	 1.4043e+00	 9.9959e-01	 2.7027e+01	 1.0302e+00
64.501	 1.2952e+00	1.1005	0.9987	 1.4053e+00	 9.9961e-01	 2.7011e+01	 1.0293e+00
64.531	 1.2945e+00	1.1013	0.99847	 1.4064e+00	 9.9967e-01	 2.6995e+01	 1.0320e+00
64.561	 1.2944e+00	1.1021	0.99817	 1.4074e+00	 9.9973e-01	 2.6979e+01	 1.0311e+00
64.591	 1.2947e+00	1.1029	0.9986	 1.4085e+00	 9.9973e-01	 2.6963e+01	 1.0317e+00
64.621	 1.2951e+00	1.1037	0.99748	 1.4096e+00	 9.9973e-01	 2.6947e+01	 1.0291e+00
64.651	 1.2959e+00	1.1045	0.99873	 1.4106e+00	 9.9967e-01	 2.6931e+01	 1.0298e+00
64.68	 1.2962e+00	1.1054	0.99764	 1.4117e+00	 9.9969e-01	 2.6915e+01	 1.0305e+00
64.71	 1.2963e+00	1.1062	0.99844	 1.4127e+00	 9.9969e-01	 2.6898e+01	 1.0297e+00
64.74	 1.2957e+00	1.107	0.99817	 1.4138e+00	 9.9973e-01	 2.6882e+01	 1.0290e+00
64.77	 1.2948e+00	1.1078	0.99883	 1.4149e+00	 9.9973e-01	 2.6866e+01	 1.0280e+00
64.8	 1.2943e+00	1.1086	0.99837	 1.4159e+00	 9.9969e-01	 2.6850e+01	 1.0297e+00
64.83	 1.2936e+00	1.1094	0.99791	 1.4170e+00	 9.9967e-01	 2.6834e+01	 1.0301e+00
64.86	 1.2938e+00	1.1102	0.99906	 1.4181e+00	 9.9967e-01	 2.6818e+01	 1.0316e+00
64.89	 1.2941e+00	1.1111	0.99791	 1.4191e+00	 9.9965e-01	 2.6802e+01	 1.0293e+00
64.92	 1.2947e+00	1.1119	0.9991	 1.4202e+00	 9.9957e-01	 2.6786e+01	 1.0291e+00
64.949	 1.2951e+00	1.1127	0.99807	 1.4213e+00	 9.9951e-01	 2.6769e+01	 1.0286e+00
64.979	 1.2948e+00	1.1135	0.9989	 1.4223e+00	 9.9951e-01	 2.6753e+01	 1.0281e+00
65.009	 1.2945e+00	1.1143	0.99801	 1.4234e+00	 9.9959e-01	 2.6737e+01	 1.0289e+00
65.039	 1.2936e+00	1.1152	0.99807	 1.4245e+00	 9.9967e-01	 2.6721e+01	 1.0285e+00
65.069	 1.2929e+00	1.116	0.9984	 1.4255e+00	 9.9971e-01	 2.6705e+01	 1.0295e+00
65.099	 1.2927e+00	1.1168	0.99807	 1.4266e+00	 9.9971e-01	 2.6689e+01	 1.0272e+00
65.129	 1.2927e+00	1.1176	0.9987	 1.4277e+00	 9.9963e-01	 2.6673e+01	 1.0294e+00
65.158	 1.2936e+00	1.1184	0.99731	 1.4287e+00	 9.9961e-01	 2.6656e+01	 1.0303e+00
65.188	 1.2942e+00	1.1193	0.99857	 1.4298e+00	 9.9961e-01	 2.6640e+01	 1.0306e+00
65.218	 1.2949e+00	1.1201	0.99778	 1.4309e+00	 9.9969e-01	 2.6624e+01	 1.0304e+00
65.248	 1.2951e+00	1.1209	0.99821	 1.4320e+00	 9.9975e-01	 2.6608e+01	 1.0303e+00
65.278	 1.2947e+00	1.1217	0.99755	 1.4331e+00	 9.9975e-01	 2.6592e+01	 1.0323e+00
65.308	 1.2944e+00	1.1225	0.99788	 1.4341e+00	 9.9969e-01	 2.6576e+01	 1.0291e+00
65.338	 1.2938e+00	1.1234	0.99847	 1.4352e+00	 9.9965e-01	 2.6559e+01	 1.0299e+00
65.367	 1.2940e+00	1.1242	0.99758	 1.4363e+00	 9.9969e-01	 2.6543e+01	 1.0295e+00
65.397	 1.2944e+00	1.125	0.99863	 1.4374e+00	 9.9975e-01	 2.6527e+01	 1.0297e+00
65.427	 1.2952e+00	1.1258	0.99774	 1.4385e+00	 9.9985e-01	 2.6511e+01	 1.0291e+00
65.457	 1.2962e+00	1.1267	0.99877	 1.4395e+00	 9.9989e-01	 2.6495e+01	 1.0293e+00
65.487	 1.2967e+00	1.1275	0.99774	 1.4406e+00	 9.9985e-01	 2.6479e+01	 1.0272e+00
65.516	 1.2971e+00	1.1283	0.99857	 1.4417e+00	 9.9975e-01	 2.6463e+01	 1.0280e+00
65.546	 1.2966e+00	1.1291	0.99821	 1.4428e+00	 9.9967e-01	 2.6446e+01	 1.0308e+00
65.576	 1.2961e+00	1.13	0.99797	 1.4439e+00	 9.9963e-01	 2.6430e+01	 1.0292e+00
65.606	 1.2955e+00	1.1308	0.9987	 1.4449e+00	 9.9959e-01	 2.6414e+01	 1.0297e+00
65.636	 1.2951e+00	1.1316	0.99741	 1.4460e+00	 9.9961e-01	 2.6398e+01	 1.0272e+00
65.665	 1.2954e+00	1.1325	0.99837	 1.4471e+00	 9.9957e-01	 2.6382e+01	 1.0293e+00
65.695	 1.2956e+00	1.1333	0.99718	 1.4482e+00	 9.9959e-01	 2.6366e+01	 1.0305e+00
65.725	 1.2963e+00	1.1341	0.9984	 1.4493e+00	 9.9959e-01	 2.6350e+01	 1.0307e+00
65.755	 1.2966e+00	1.1349	0.99797	 1.4504e+00	 9.9965e-01	 2.6333e+01	 1.0303e+00
65.785	 1.2963e+00	1.1358	0.99817	 1.4515e+00	 9.9971e-01	 2.6317e+01	 1.0289e+00
65.814	 1.2958e+00	1.1366	0.99827	 1.4525e+00	 9.9975e-01	 2.6301e+01	 1.0292e+00
65.844	 1.2947e+00	1.1374	0.99778	 1.4536e+00	 9.9979e-01	 2.6285e+01	 1.0262e+00
65.874	 1.2941e+00	1.1383	0.99847	 1.4547e+00	 9.9975e-01	 2.6269e+01	 1.0299e+00
65.904	 1.2936e+00	1.1391	0.99748	 1.4558e+00	 9.9971e-01	 2.6253e+01	 1.0288e+00
65.933	 1.2937e+00	1.1399	0.99857	 1.4569e+00	 9.9965e-01	 2.6237e+01	 1.0292e+00
65.963	 1.2943e+00	1.1408	0.99755	 1.4580e+00	 9.9967e-01	 2.6220e+01	 1.0299e+00
65.993	 1.2948e+00	1.1416	0.99814	 1.4591e+00	 9.9967e-01	 2.6204e+01	 1.0274e+00
66.023	 1.2955e+00	1.1425	0.99778	 1.4602e+00	 9.9967e-01	 2.6188e+01	 1.0259e+00
66.052	 1.2955e+00	1.1433	0.99844	 1.4613e+00	 9.9967e-01	 2.6172e+01	 1.0276e+00
66.082	 1.2954e+00	1.1441	0.9985	 1.4624e+00	 9.9963e-01	 2.6156e+01	 1.0283e+00
66.112	 1.2950e+00	1.145	0.99771	 1.4635e+00	 9.9963e-01	 2.6140e+01	 1.0245e+00
66.142	 1.2945e+00	1.1458	0.9986	 1.4646e+00	 9.9957e-01	 2.6124e+01	 1.0278e+00
66.171	 1.2950e+00	1.1467	0.99768	 1.4657e+00	 9.9959e-01	 2.6108e+01	 1.0308e+00
66.201	 1.2955e+00	1.1475	0.999	 1.4668e+00	 9.9963e-01	 2.6091e+01	 1.0229e+00
66.231	 1.2968e+00	1.1484	0.99781	 1.4679e+00	 9.9971e-01	 2.6075e+01	 1.0275e+00
66.26	 1.2980e+00	1.1492	0.9983	 1.4690e+00	 9.9971e-01	 2.6059e+01	 1.0311e+00
66.29	 1.2989e+00	1.15	0.99811	 1.4701e+00	 9.9969e-01	 2.6043e+01	 1.0324e+00
66.32	 1.2997e+00	1.1509	0.9984	 1.4712e+00	 9.9965e-01	 2.6027e+01	 1.0362e+00
66.349	 1.2996e+00	1.1517	0.9987	 1.4723e+00	 9.9961e-01	 2.6011e+01	 1.0301e+00
66.379	 1.2997e+00	1.1526	0.99758	 1.4734e+00	 9.9957e-01	 2.5995e+01	 1.0203e+00
66.409	 1.2995e+00	1.1534	0.99863	 1.4745e+00	 9.9951e-01	 2.5979e+01	 1.0236e+00
66.439	 1.2998e+00	1.1543	0.99771	 1.4756e+00	 9.9947e-01	 2.5963e+01	 1.0280e+00
66.468	 1.3006e+00	1.1551	0.99906	 1.4767e+00	 9.9947e-01	 2.5947e+01	 1.0285e+00
66.498	 1.3015e+00	1.156	0.99804	 1.4778e+00	 9.9955e-01	 2.5930e+01	 1.0287e+00
66.528	 1.3029e+00	1.1568	0.99847	 1.4789e+00	 9.9963e-01	 2.5914e+01	 1.0254e+00
66.557	 1.3036e+00	1.1577	0.99834	 1.4801e+00	 9.9971e-01	 2.5898e+01	 1.0267e+00
66.587	 1.3040e+00	1.1585	0.99817	 1.4812e+00	 9.9977e-01	 2.5882e+01	 1.0290e+00
66.616	 1.3038e+00	1.1594	0.99873	 1.4823e+00	 9.9979e-01	 2.5866e+01	 1.0291e+00
66.646	 1.3033e+00	1.1602	0.99788	 1.4834e+00	 9.9981e-01	 2.5850e+01	 1.0267e+00
66.676	 1.3032e+00	1.1611	0.9993	 1.4845e+00	 9.9979e-01	 2.5834e+01	 1.0286e+00
66.705	 1.3030e+00	1.1619	0.99774	 1.4856e+00	 9.9981e-01	 2.5818e+01	 1.0283e+00
66.735	 1.3035e+00	1.1628	0.9983	 1.4867e+00	 9.9981e-01	 2.5802e+01	 1.0276e+00
66.765	 1.3043e+00	1.1637	0.99788	 1.4878e+00	 9.9983e-01	 2.5786e+01	 1.0277e+00
66.794	 1.3049e+00	1.1645	0.99821	 1.4890e+00	 9.9981e-01	 2.5770e+01	 1.0267e+00
66.824	 1.3055e+00	1.1654	0.99863	 1.4901e+00	 9.9975e-01	 2.5754e+01	 1.0282e+00
66.853	 1.3052e+00	1.1662	0.99797	 1.4912e+00	 9.9971e-01	 2.5738e+01	 1.0253e+00
66.883	 1.3049e+00	1.1671	0.9986	 1.4923e+00	 9.9967e-01	 2.5721e+01	 1.0244e+00
66.913	 1.3040e+00	1.1679	0.99797	 1.4934e+00	 9.9969e-01	 2.5705e+01	 1.0250e+00
66.942	 1.3032e+00	1.1688	0.99887	 1.4945e+00	 9.9973e-01	 2.5689e+01	 1.0261e+00
66.972	 1.3030e+00	1.1697	0.99745	 1.4957e+00	 9.9977e-01	 2.5673e+01	 1.0253e+00
67.001	 1.3029e+00	1.1705	0.99837	 1.4968e+00	 9.9975e-01	 2.5657e+01	 1.0246e+00
67.031	 1.3036e+00	1.1714	0.99834	 1.4979e+00	 9.9971e-01	 2.5641e+01	 1.0271e+00
67.06	 1.3040e+00	1.1723	0.99824	 1.4990e+00	 9.9965e-01	 2.5625e+01	 1.0267e+00
67.09	 1.3044e+00	1.1731	0.99807	 1.5001e+00	 9.9961e-01	 2.5609e+01	 1.0265e+00
67.12	 1.3044e+00	1.174	0.99764	 1.5013e+00	 9.9963e-01	 2.5593e+01	 1.0260e+00
67.149	 1.3037e+00	1.1748	0.99837	 1.5024e+00	 9.9967e-01	 2.5577e+01	 1.0255e+00
67.179	 1.3033e+00	1.1757	0.99738	 1.5035e+00	 9.9971e-01	 2.5561e+01	 1.0236e+00
67.208	 1.3026e+00	1.1766	0.99906	 1.5046e+00	 9.9969e-01	 2.5545e+01	 1.0238e+00
67.238	 1.3026e+00	1.1774	0.99794	 1.5058e+00	 9.9965e-01	 2.5529e+01	 1.0271e+00
67.267	 1.3031e+00	1.1783	0.99817	 1.5069e+00	 9.9959e-01	 2.5513e+01	 1.0283e+00
67.297	 1.3038e+00	1.1792	0.99827	 1.5080e+00	 9.9957e-01	 2.5497e+01	 1.0254e+00
67.326	 1.3049e+00	1.1801	0.99827	 1.5092e+00	 9.9959e-01	 2.5482e+01	 1.0215e+00
67.356	 1.3054e+00	1.1809	0.99814	 1.5103e+00	 9.9961e-01	 2.5466e+01	 1.0261e+00
67.385	 1.3058e+00	1.1818	0.99755	 1.5114e+00	 9.9967e-01	 2.5450e+01	 1.0272e+00
67.415	 1.3055e+00	1.1827	0.9989	 1.5126e+00	 9.9967e-01	 2.5434e+01	 1.0255e+00
67.444	 1.3051e+00	1.1835	0.99784	 1.5137e+00	 9.9971e-01	 2.5418e+01	 1.0229e+00
67.474	 1.3049e+00	1.1844	0.99897	 1.5148e+00	 9.9973e-01	 2.5402e+01	 1.0257e+00
67.503	 1.3048e+00	1.1853	0.99814	 1.5160e+00	 9.9977e-01	 2.5386e+01	 1.0265e+00
67.533	 1.3055e+00	1.1861	0.99834	 1.5171e+00	 9.9975e-01	 2.5370e+01	 1.0243e+00
67.562	 1.3063e+00	1.187	0.99788	 1.5182e+00	 9.9971e-01	 2.5354e+01	 1.0266e+00
67.592	 1.3072e+00	1.1879	0.99768	 1.5194e+00	 9.9967e-01	 2.5338e+01	 1.0242e+00
67.621	 1.3079e+00	1.1888	0.9987	 1.5205e+00	 9.9965e-01	 2.5322e+01	 1.0245e+00
67.65	 1.3079e+00	1.1896	0.99784	 1.5216e+00	 9.9967e-01	 2.5306e+01	 1.0285e+00
67.68	 1.3077e+00	1.1905	0.99867	 1.5228e+00	 9.9969e-01	 2.5290e+01	 1.0274e+00
67.709	 1.3069e+00	1.1914	0.99741	 1.5239e+00	 9.9973e-01	 2.5275e+01	 1.0224e+00
67.739	 1.3066e+00	1.1923	0.99873	 1.5251e+00	 9.9973e-01	 2.5259e+01	 1.0248e+00
67.768	 1.3065e+00	1.1931	0.9983	 1.5262e+00	 9.9971e-01	 2.5243e+01	 1.0285e+00
67.797	 1.3068e+00	1.194	0.99824	 1.5273e+00	 9.9965e-01	 2.5227e+01	 1.0266e+00
67.827	 1.3076e+00	1.1949	0.99811	 1.5285e+00	 9.9961e-01	 2.5211e+01	 1.0256e+00
67.856	 1.3081e+00	1.1958	0.99771	 1.5296e+00	 9.9963e-01	 2.5195e+01	 1.0233e+00
67.886	 1.3087e+00	1.1966	0.9988	 1.5308e+00	 9.9963e-01	 2.5180e+01	 1.0253e+00
67.915	 1.3086e+00	1.1975	0.99748	 1.5319e+00	 9.9965e-01	 2.5164e+01	 1.0232e+00
67.944	 1.3081e+00	1.1984	0.99827	 1.5331e+00	 9.9959e-01	 2.5148e+01	 1.0236e+00
67.974	 1.3075e+00	1.1993	0.99748	 1.5342e+00	 9.9957e-01	 2.5132e+01	 1.0245e+00
68.003	 1.3068e+00	1.2001	0.99897	 1.5354e+00	 9.9957e-01	 2.5116e+01	 1.0228e+00
68.032	 1.3069e+00	1.201	0.99827	 1.5365e+00	 9.9965e-01	 2.5100e+01	 1.0232e+00
68.062	 1.3071e+00	1.2019	0.99817	 1.5377e+00	 9.9973e-01	 2.5085e+01	 1.0222e+00
68.091	 1.3079e+00	1.2028	0.9987	 1.5388e+00	 9.9979e-01	 2.5069e+01	 1.0241e+00
68.12	 1.3087e+00	1.2037	0.99794	 1.5400e+00	 9.9983e-01	 2.5053e+01	 1.0224e+00
68.15	 1.3091e+00	1.2045	0.99844	 1.5411e+00	 9.9975e-01	 2.5037e+01	 1.0225e+00
68.179	 1.3093e+00	1.2054	0.99748	 1.5423e+00	 9.9963e-01	 2.5021e+01	 1.0218e+00
68.208	 1.3088e+00	1.2063	0.99883	 1.5434e+00	 9.9951e-01	 2.5006e+01	 1.0230e+00
68.238	 1.3083e+00	1.2072	0.99827	 1.5446e+00	 9.9953e-01	 2.4990e+01	 1.0242e+00
68.267	 1.3079e+00	1.2081	0.99877	 1.5458e+00	 9.9959e-01	 2.4974e+01	 1.0231e+00
68.296	 1.3077e+00	1.209	0.99761	 1.5469e+00	 9.9965e-01	 2.4958e+01	 1.0229e+00
68.325	 1.3083e+00	1.2099	0.99738	 1.5481e+00	 9.9965e-01	 2.4943e+01	 1.0208e+00
68.355	 1.3088e+00	1.2107	0.99863	 1.5492e+00	 9.9961e-01	 2.4927e+01	 1.0226e+00
68.384	 1.3097e+00	1.2116	0.99811	 1.5504e+00	 9.9957e-01	 2.4911e+01	 1.0218e+00
68.413	 1.3099e+00	1.2125	0.99877	 1.5516e+00	 9.9955e-01	 2.4895e+01	 1.0227e+00
68.442	 1.3098e+00	1.2134	0.99741	 1.5527e+00	 9.9963e-01	 2.4880e+01	 1.0217e+00
68.472	 1.3094e+00	1.2143	0.99847	 1.5539e+00	 9.9969e-01	 2.4864e+01	 1.0222e+00
68.501	 1.3084e+00	1.2152	0.99778	 1.5550e+00	 9.9973e-01	 2.4848e+01	 1.0222e+00
68.53	 1.3080e+00	1.2161	0.99844	 1.5562e+00	 9.9971e-01	 2.4833e+01	 1.0204e+00
68.559	 1.3077e+00	1.217	0.99827	 1.5574e+00	 9.9967e-01	 2.4817e+01	 1.0221e+00
68.588	 1.3080e+00	1.2178	0.99791	 1.5585e+00	 9.9965e-01	 2.4801e+01	 1.0215e+00
68.618	 1.3087e+00	1.2187	0.99844	 1.5597e+00	 9.9965e-01	 2.4785e+01	 1.0231e+00
68.647	 1.3093e+00	1.2196	0.99738	 1.5609e+00	 9.9967e-01	 2.4770e+01	 1.0222e+00
68.676	 1.3098e+00	1.2205	0.99821	 1.5620e+00	 9.9963e-01	 2.4754e+01	 1.0234e+00
68.705	 1.3096e+00	1.2214	0.99725	 1.5632e+00	 9.9963e-01	 2.4738e+01	 1.0218e+00
68.734	 1.3094e+00	1.2223	0.99844	 1.5644e+00	 9.9959e-01	 2.4723e+01	 1.0213e+00
68.763	 1.3088e+00	1.2232	0.99758	 1.5655e+00	 9.9961e-01	 2.4707e+01	 1.0228e+00
68.793	 1.3084e+00	1.2241	0.9983	 1.5667e+00	 9.9965e-01	 2.4691e+01	 1.0214e+00
68.822	 1.3086e+00	1.225	0.9992	 1.5679e+00	 9.9969e-01	 2.4676e+01	 1.0243e+00
68.851	 1.3091e+00	1.2259	0.99801	 1.5691e+00	 9.9977e-01	 2.4660e+01	 1.0256e+00
68.88	 1.3102e+00	1.2268	0.99807	 1.5702e+00	 9.9981e-01	 2.4644e+01	 1.0252e+00
68.909	 1.3111e+00	1.2277	0.99731	 1.5714e+00	 9.9981e-01	 2.4629e+01	 1.0246e+00
68.938	 1.3119e+00	1.2286	0.9988	 1.5726e+00	 9.9973e-01	 2.4613e+01	 1.0248e+00
68.967	 1.3123e+00	1.2295	0.99821	 1.5737e+00	 9.9965e-01	 2.4597e+01	 1.0233e+00
68.996	 1.3120e+00	1.2304	0.99873	 1.5749e+00	 9.9963e-01	 2.4582e+01	 1.0237e+00
69.025	 1.3120e+00	1.2313	0.99755	 1.5761e+00	 9.9965e-01	 2.4566e+01	 1.0245e+00
69.054	 1.3118e+00	1.2322	0.99778	 1.5773e+00	 9.9963e-01	 2.4551e+01	 1.0245e+00
69.083	 1.3122e+00	1.2331	0.99844	 1.5784e+00	 9.9957e-01	 2.4535e+01	 1.0306e+00
69.112	 1.3131e+00	1.234	0.99741	 1.5796e+00	 9.9957e-01	 2.4519e+01	 1.0263e+00
69.141	 1.3141e+00	1.2349	0.99887	 1.5808e+00	 9.9963e-01	 2.4504e+01	 1.0237e+00
69.17	 1.3154e+00	1.2358	0.99764	 1.5820e+00	 9.9979e-01	 2.4488e+01	 1.0256e+00
69.199	 1.3159e+00	1.2367	0.99847	 1.5832e+00	 9.9987e-01	 2.4473e+01	 1.0262e+00
69.228	 1.3164e+00	1.2376	0.99731	 1.5844e+00	 9.9989e-01	 2.4457e+01	 1.0255e+00
69.257	 1.3162e+00	1.2385	0.99811	 1.5855e+00	 9.9983e-01	 2.4441e+01	 1.0250e+00
69.286	 1.3158e+00	1.2394	0.9983	 1.5867e+00	 9.9973e-01	 2.4426e+01	 1.0264e+00
69.315	 1.3157e+00	1.2404	0.99824	 1.5879e+00	 9.9969e-01	 2.4410e+01	 1.0250e+00
69.344	 1.3156e+00	1.2413	0.9989	 1.5891e+00	 9.9963e-01	 2.4395e+01	 1.0249e+00
69.373	 1.3163e+00	1.2422	0.99824	 1.5903e+00	 9.9961e-01	 2.4379e+01	 1.0241e+00
69.402	 1.3171e+00	1.2431	0.99943	 1.5915e+00	 9.9959e-01	 2.4364e+01	 1.0244e+00
69.431	 1.3179e+00	1.244	0.99824	 1.5927e+00	 9.9961e-01	 2.4348e+01	 1.0228e+00
69.46	 1.3184e+00	1.2449	0.99883	 1.5939e+00	 9.9963e-01	 2.4333e+01	 1.0236e+00
69.489	 1.3180e+00	1.2458	0.99807	 1.5951e+00	 9.9969e-01	 2.4317e+01	 1.0252e+00
69.518	 1.3177e+00	1.2467	0.99877	 1.5963e+00	 9.9973e-01	 2.4302e+01	 1.0247e+00
69.546	 1.3168e+00	1.2477	0.9986	 1.5975e+00	 9.9975e-01	 2.4286e+01	 1.0259e+00
69.575	 1.3162e+00	1.2486	0.99811	 1.5986e+00	 9.9973e-01	 2.4271e+01	 1.0245e+00
69.604	 1.3161e+00	1.2495	0.99854	 1.5998e+00	 9.9967e-01	 2.4255e+01	 1.0254e+00
69.633	 1.3162e+00	1.2504	0.99728	 1.6010e+00	 9.9965e-01	 2.4240e+01	 1.0249e+00
69.662	 1.3169e+00	1.2513	0.99844	 1.6022e+00	 9.9963e-01	 2.4224e+01	 1.0264e+00
69.691	 1.3173e+00	1.2522	0.99771	 1.6034e+00	 9.9967e-01	 2.4209e+01	 1.0256e+00
69.72	 1.3177e+00	1.2531	0.9988	 1.6046e+00	 9.9969e-01	 2.4193e+01	 1.0242e+00
69.748	 1.3175e+00	1.2541	0.99804	 1.6058e+00	 9.9973e-01	 2.4178e+01	 1.0243e+00
69.777	 1.3168e+00	1.255	0.99791	 1.6070e+00	 9.9971e-01	 2.4162e+01	 1.0237e+00
69.806	 1.3162e+00	1.2559	0.99837	 1.6082e+00	 9.9963e-01	 2.4147e+01	 1.0242e+00
69.835	 1.3155e+00	1.2568	0.99788	 1.6095e+00	 9.9957e-01	 2.4131e+01	 1.0231e+00
69.864	 1.3155e+00	1.2578	0.99854	 1.6107e+00	 9.9953e-01	 2.4116e+01	 1.0260e+00
69.892	 1.3158e+00	1.2587	0.99764	 1.6119e+00	 9.9955e-01	 2.4100e+01	 1.0256e+00
69.921	 1.3165e+00	1.2596	0.99913	 1.6131e+00	 9.9953e-01	 2.4085e+01	 1.0249e+00
69.95	 1.3173e+00	1.2605	0.99821	 1.6143e+00	 9.9955e-01	 2.4070e+01	 1.0246e+00
69.978	 1.3176e+00	1.2614	0.99857	 1.6155e+00	 9.9957e-01	 2.4054e+01	 1.0230e+00
70.007	 1.3177e+00	1.2624	0.99778	 1.6167e+00	 9.9959e-01	 2.4039e+01	 1.0234e+00
70.036	 1.3172e+00	1.2633	0.99788	 1.6179e+00	 9.9961e-01	 2.4023e+01	 1.0233e+00
70.065	 1.3167e+00	1.2642	0.99847	 1.6191e+00	 9.9961e-01	 2.4008e+01	 1.0255e+00
70.093	 1.3164e+00	1.2652	0.99794	 1.6203e+00	 9.9963e-01	 2.3993e+01	 1.0250e+00
70.122	 1.3163e+00	1.2661	0.9989	 1.6215e+00	 9.9963e-01	 2.3977e+01	 1.0260e+00
70.15	 1.3172e+00	1.267	0.99731	 1.6227e+00	 9.9967e-01	 2.3962e+01	 1.0232e+00
70.179	 1.3179e+00	1.2679	0.99844	 1.6239e+00	 9.9965e-01	 2.3946e+01	 1.0240e+00
70.208	 1.3190e+00	1.2689	0.99761	 1.6252e+00	 9.9965e-01	 2.3931e+01	 1.0249e+00
70.236	 1.3195e+00	1.2698	0.9984	 1.6264e+00	 9.9965e-01	 2.3916e+01	 1.0235e+00
70.265	 1.3195e+00	1.2707	0.99857	 1.6276e+00	 9.9965e-01	 2.3900e+01	 1.0248e+00
70.294	 1.3194e+00	1.2717	0.99817	 1.6288e+00	 9.9963e-01	 2.3885e+01	 1.0225e+00
70.322	 1.3187e+00	1.2726	0.99863	 1.6300e+00	 9.9957e-01	 2.3870e+01	 1.0240e+00
70.351	 1.3187e+00	1.2735	0.99758	 1.6312e+00	 9.9955e-01	 2.3854e+01	 1.0228e+00
70.379	 1.3187e+00	1.2745	0.99857	 1.6324e+00	 9.9951e-01	 2.3839e+01	 1.0248e+00
70.408	 1.3193e+00	1.2754	0.99748	 1.6336e+00	 9.9951e-01	 2.3824e+01	 1.0260e+00
70.436	 1.3202e+00	1.2763	0.99854	 1.6349e+00	 9.9951e-01	 2.3808e+01	 1.0264e+00
70.465	 1.3209e+00	1.2773	0.99784	 1.6361e+00	 9.9955e-01	 2.3793e+01	 1.0260e+00
70.493	 1.3215e+00	1.2782	0.99791	 1.6373e+00	 9.9957e-01	 2.3778e+01	 1.0241e+00
70.522	 1.3213e+00	1.2792	0.99778	 1.6385e+00	 9.9955e-01	 2.3763e+01	 1.0242e+00
70.55	 1.3210e+00	1.2801	0.99771	 1.6397e+00	 9.9949e-01	 2.3747e+01	 1.0234e+00
70.579	 1.3205e+00	1.281	0.9986	 1.6409e+00	 9.9941e-01	 2.3732e+01	 1.0263e+00
70.607	 1.3200e+00	1.282	0.99774	 1.6422e+00	 9.9945e-01	 2.3717e+01	 1.0234e+00
70.636	 1.3201e+00	1.2829	0.9991	 1.6434e+00	 9.9957e-01	 2.3702e+01	 1.0237e+00
70.664	 1.3204e+00	1.2838	0.99745	 1.6446e+00	 9.9971e-01	 2.3686e+01	 1.0247e+00
70.693	 1.3212e+00	1.2848	0.99768	 1.6458e+00	 9.9975e-01	 2.3671e+01	 1.0241e+00
70.721	 1.3219e+00	1.2857	0.99784	 1.6471e+00	 9.9977e-01	 2.3656e+01	 1.0243e+00
70.749	 1.3221e+00	1.2867	0.9983	 1.6483e+00	 9.9973e-01	 2.3641e+01	 1.0250e+00
70.778	 1.3221e+00	1.2876	0.99834	 1.6495e+00	 9.9969e-01	 2.3625e+01	 1.0254e+00
70.806	 1.3213e+00	1.2886	0.99768	 1.6508e+00	 9.9969e-01	 2.3610e+01	 1.0224e+00
70.835	 1.3209e+00	1.2895	0.99854	 1.6520e+00	 9.9973e-01	 2.3595e+01	 1.0224e+00
70.863	 1.3203e+00	1.2905	0.99721	 1.6532e+00	 9.9981e-01	 2.3580e+01	 1.0229e+00
70.891	 1.3203e+00	1.2914	0.9987	 1.6545e+00	 9.9983e-01	 2.3565e+01	 1.0241e+00
70.919	 1.3209e+00	1.2923	0.99755	 1.6557e+00	 9.9979e-01	 2.3549e+01	 1.0240e+00
70.948	 1.3216e+00	1.2933	0.99811	 1.6569e+00	 9.9971e-01	 2.3534e+01	 1.0234e+00
70.976	 1.3227e+00	1.2942	0.99801	 1.6582e+00	 9.9965e-01	 2.3519e+01	 1.0241e+00
71.004	 1.3231e+00	1.2952	0.99817	 1.6594e+00	 9.9965e-01	 2.3504e+01	 1.0228e+00
71.033	 1.3233e+00	1.2961	0.9983	 1.6606e+00	 9.9967e-01	 2.3489e+01	 1.0246e+00
71.061	 1.3231e+00	1.2971	0.99735	 1.6619e+00	 9.9973e-01	 2.3474e+01	 1.0231e+00
71.089	 1.3226e+00	1.298	0.99827	 1.6631e+00	 9.9969e-01	 2.3458e+01	 1.0239e+00
71.117	 1.3227e+00	1.299	0.99755	 1.6643e+00	 9.9967e-01	 2.3443e+01	 1.0232e+00
71.146	 1.3228e+00	1.2999	0.99877	 1.6656e+00	 9.9961e-01	 2.3428e+01	 1.0237e+00
71.174	 1.3236e+00	1.3009	0.99811	 1.6668e+00	 9.9961e-01	 2.3413e+01	 1.0244e+00
71.202	 1.3246e+00	1.3018	0.99867	 1.6681e+00	 9.9961e-01	 2.3398e+01	 1.0235e+00
71.23	 1.3254e+00	1.3028	0.99897	 1.6693e+00	 9.9967e-01	 2.3383e+01	 1.0243e+00
71.258	 1.3261e+00	1.3037	0.99834	 1.6706e+00	 9.9973e-01	 2.3368e+01	 1.0230e+00
71.286	 1.3259e+00	1.3047	0.99784	 1.6718e+00	 9.9973e-01	 2.3353e+01	 1.0236e+00
71.315	 1.3256e+00	1.3056	0.99688	 1.6731e+00	 9.9973e-01	 2.3338e+01	 1.0221e+00
71.343	 1.3248e+00	1.3066	0.9989	 1.6743e+00	 9.9969e-01	 2.3322e+01	 1.0269e+00
71.371	 1.3244e+00	1.3076	0.99778	 1.6756e+00	 9.9969e-01	 2.3307e+01	 1.0231e+00
71.399	 1.3244e+00	1.3085	0.99883	 1.6768e+00	 9.9963e-01	 2.3292e+01	 1.0213e+00
71.427	 1.3245e+00	1.3095	0.9983	 1.6780e+00	 9.9959e-01	 2.3277e+01	 1.0236e+00
71.455	 1.3254e+00	1.3104	0.99847	 1.6793e+00	 9.9955e-01	 2.3262e+01	 1.0213e+00
71.483	 1.3257e+00	1.3114	0.9983	 1.6805e+00	 9.9957e-01	 2.3247e+01	 1.0215e+00
71.511	 1.3260e+00	1.3124	0.99774	 1.6818e+00	 9.9965e-01	 2.3232e+01	 1.0201e+00
71.539	 1.3257e+00	1.3133	0.99903	 1.6830e+00	 9.9973e-01	 2.3217e+01	 1.0213e+00
71.567	 1.3250e+00	1.3143	0.99807	 1.6843e+00	 9.9981e-01	 2.3202e+01	 1.0211e+00
71.595	 1.3244e+00	1.3153	0.9983	 1.6856e+00	 9.9977e-01	 2.3187e+01	 1.0213e+00
71.623	 1.3236e+00	1.3162	0.99712	 1.6868e+00	 9.9971e-01	 2.3172e+01	 1.0197e+00
71.651	 1.3237e+00	1.3172	0.99857	 1.6881e+00	 9.9965e-01	 2.3157e+01	 1.0183e+00
71.679	 1.3240e+00	1.3181	0.99827	 1.6893e+00	 9.9967e-01	 2.3142e+01	 1.0218e+00
71.707	 1.3246e+00	1.3191	0.99788	 1.6906e+00	 9.9971e-01	 2.3127e+01	 1.0220e+00
71.735	 1.3254e+00	1.3201	0.99804	 1.6918e+00	 9.9977e-01	 2.3112e+01	 1.0226e+00
71.763	 1.3255e+00	1.3211	0.99718	 1.6931e+00	 9.9981e-01	 2.3097e+01	 1.0256e+00
71.791	 1.3255e+00	1.322	0.9983	 1.6944e+00	 9.9977e-01	 2.3082e+01	 1.0297e+00
71.819	 1.3248e+00	1.323	0.99738	 1.6956e+00	 9.9973e-01	 2.3067e+01	 1.0240e+00
71.846	 1.3242e+00	1.324	0.99854	 1.6969e+00	 9.9967e-01	 2.3052e+01	 1.0205e+00
71.874	 1.3239e+00	1.3249	0.99817	 1.6982e+00	 9.9961e-01	 2.3037e+01	 1.0201e+00
71.902	 1.3237e+00	1.3259	0.99863	 1.6994e+00	 9.9953e-01	 2.3022e+01	 1.0208e+00
71.93	 1.3244e+00	1.3269	0.99781	 1.7007e+00	 9.9949e-01	 2.3007e+01	 1.0223e+00
71.958	 1.3249e+00	1.3278	0.99801	 1.7020e+00	 9.9947e-01	 2.2992e+01	 1.0204e+00
71.985	 1.3255e+00	1.3288	0.99834	 1.7032e+00	 9.9945e-01	 2.2977e+01	 1.0227e+00
72.013	 1.3258e+00	1.3298	0.99751	 1.7045e+00	 9.9949e-01	 2.2962e+01	 1.0208e+00
72.041	 1.3254e+00	1.3308	0.99877	 1.7058e+00	 9.9957e-01	 2.2947e+01	 1.0199e+00
72.069	 1.3249e+00	1.3317	0.99761	 1.7070e+00	 9.9971e-01	 2.2933e+01	 1.0196e+00
72.096	 1.3240e+00	1.3327	0.99863	 1.7083e+00	 9.9979e-01	 2.2918e+01	 1.0212e+00
72.124	 1.3236e+00	1.3337	0.99791	 1.7096e+00	 9.9983e-01	 2.2903e+01	 1.0211e+00
72.152	 1.3236e+00	1.3347	0.99854	 1.7108e+00	 9.9981e-01	 2.2888e+01	 1.0197e+00
72.179	 1.3240e+00	1.3356	0.99801	 1.7121e+00	 9.9973e-01	 2.2873e+01	 1.0203e+00
72.207	 1.3250e+00	1.3366	0.99745	 1.7134e+00	 9.9965e-01	 2.2858e+01	 1.0207e+00
72.235	 1.3255e+00	1.3376	0.99821	 1.7147e+00	 9.9959e-01	 2.2843e+01	 1.0225e+00
72.262	 1.3262e+00	1.3386	0.99745	 1.7159e+00	 9.9957e-01	 2.2828e+01	 1.0199e+00
72.29	 1.3261e+00	1.3395	0.99854	 1.7172e+00	 9.9951e-01	 2.2813e+01	 1.0211e+00
72.318	 1.3258e+00	1.3405	0.99721	 1.7185e+00	 9.9951e-01	 2.2799e+01	 1.0193e+00
72.345	 1.3256e+00	1.3415	0.99847	 1.7198e+00	 9.9951e-01	 2.2784e+01	 1.0175e+00
72.373	 1.3254e+00	1.3425	0.99791	 1.7210e+00	 9.9957e-01	 2.2769e+01	 1.0192e+00
72.4	 1.3260e+00	1.3435	0.99821	 1.7223e+00	 9.9963e-01	 2.2754e+01	 1.0211e+00
72.428	 1.3268e+00	1.3444	0.99854	 1.7236e+00	 9.9967e-01	 2.2739e+01	 1.0220e+00
72.455	 1.3280e+00	1.3454	0.99784	 1.7249e+00	 9.9973e-01	 2.2724e+01	 1.0200e+00
72.483	 1.3291e+00	1.3464	0.99834	 1.7262e+00	 9.9975e-01	 2.2710e+01	 1.0216e+00
72.51	 1.3298e+00	1.3474	0.99748	 1.7274e+00	 9.9975e-01	 2.2695e+01	 1.0202e+00
72.538	 1.3302e+00	1.3484	0.999	 1.7287e+00	 9.9973e-01	 2.2680e+01	 1.0212e+00
72.565	 1.3299e+00	1.3494	0.99791	 1.7300e+00	 9.9971e-01	 2.2665e+01	 1.0211e+00
72.593	 1.3298e+00	1.3504	0.99854	 1.7313e+00	 9.9965e-01	 2.2650e+01	 1.0216e+00
72.62	 1.3299e+00	1.3513	0.99778	 1.7326e+00	 9.9963e-01	 2.2636e+01	 1.0218e+00
72.647	 1.3303e+00	1.3523	0.99797	 1.7339e+00	 9.9957e-01	 2.2621e+01	 1.0197e+00
72.675	 1.3315e+00	1.3533	0.99863	 1.7352e+00	 9.9953e-01	 2.2606e+01	 1.0204e+00
72.702	 1.3325e+00	1.3543	0.99774	 1.7365e+00	 9.9957e-01	 2.2591e+01	 1.0193e+00
72.729	 1.3337e+00	1.3553	0.9988	 1.7377e+00	 9.9967e-01	 2.2577e+01	 1.0220e+00
72.757	 1.3343e+00	1.3563	0.99781	 1.7390e+00	 9.9981e-01	 2.2562e+01	 1.0213e+00
72.784	 1.3345e+00	1.3573	0.99893	 1.7403e+00	 9.9983e-01	 2.2547e+01	 1.0203e+00
72.811	 1.3344e+00	1.3583	0.99797	 1.7416e+00	 9.9981e-01	 2.2532e+01	 1.0208e+00
72.839	 1.3339e+00	1.3593	0.99844	 1.7429e+00	 9.9971e-01	 2.2518e+01	 1.0210e+00
72.866	 1.3340e+00	1.3603	0.99748	 1.7442e+00	 9.9961e-01	 2.2503e+01	 1.0213e+00
72.893	 1.3341e+00	1.3613	0.99751	 1.7455e+00	 9.9953e-01	 2.2488e+01	 1.0210e+00
72.92	 1.3349e+00	1.3623	0.9987	 1.7468e+00	 9.9947e-01	 2.2474e+01	 1.0242e+00
72.948	 1.3358e+00	1.3633	0.99788	 1.7481e+00	 9.9947e-01	 2.2459e+01	 1.0207e+00
72.975	 1.3365e+00	1.3642	0.99863	 1.7494e+00	 9.9947e-01	 2.2444e+01	 1.0187e+00
73.002	 1.3370e+00	1.3652	0.99758	 1.7507e+00	 9.9951e-01	 2.2429e+01	 1.0182e+00
73.029	 1.3366e+00	1.3662	0.99863	 1.7520e+00	 9.9951e-01	 2.2415e+01	 1.0179e+00
73.056	 1.3362e+00	1.3672	0.99781	 1.7533e+00	 9.9953e-01	 2.2400e+01	 1.0196e+00
73.083	 1.3355e+00	1.3682	0.99863	 1.7546e+00	 9.9953e-01	 2.2385e+01	 1.0207e+00
73.11	 1.3349e+00	1.3692	0.9986	 1.7559e+00	 9.9951e-01	 2.2371e+01	 1.0204e+00
73.137	 1.3350e+00	1.3703	0.99781	 1.7572e+00	 9.9951e-01	 2.2356e+01	 1.0206e+00
73.165	 1.3351e+00	1.3713	0.99821	 1.7585e+00	 9.9949e-01	 2.2341e+01	 1.0232e+00
73.192	 1.3358e+00	1.3723	0.99761	 1.7598e+00	 9.9955e-01	 2.2327e+01	 1.0209e+00
73.219	 1.3360e+00	1.3733	0.99906	 1.7612e+00	 9.9959e-01	 2.2312e+01	 1.0197e+00
73.246	 1.3359e+00	1.3743	0.99768	 1.7625e+00	 9.9963e-01	 2.2298e+01	 1.0199e+00
73.273	 1.3355e+00	1.3753	0.99817	 1.7638e+00	 9.9965e-01	 2.2283e+01	 1.0217e+00
73.3	 1.3344e+00	1.3763	0.99791	 1.7651e+00	 9.9967e-01	 2.2268e+01	 1.0213e+00
73.327	 1.3336e+00	1.3773	0.99847	 1.7664e+00	 9.9965e-01	 2.2254e+01	 1.0200e+00
73.353	 1.3328e+00	1.3783	0.99817	 1.7677e+00	 9.9963e-01	 2.2239e+01	 1.0209e+00
73.38	 1.3326e+00	1.3793	0.99764	 1.7690e+00	 9.9965e-01	 2.2225e+01	 1.0197e+00
73.407	 1.3329e+00	1.3803	0.9991	 1.7703e+00	 9.9963e-01	 2.2210e+01	 1.0223e+00
73.434	 1.3333e+00	1.3813	0.99764	 1.7717e+00	 9.9967e-01	 2.2196e+01	 1.0211e+00
73.461	 1.3340e+00	1.3824	0.9986	 1.7730e+00	 9.9971e-01	 2.2181e+01	 1.0206e+00
73.488	 1.3338e+00	1.3834	0.99741	 1.7743e+00	 9.9977e-01	 2.2166e+01	 1.0211e+00
73.515	 1.3336e+00	1.3844	0.99834	 1.7756e+00	 9.9973e-01	 2.2152e+01	 1.0216e+00
73.542	 1.3329e+00	1.3854	0.99834	 1.7769e+00	 9.9963e-01	 2.2137e+01	 1.0218e+00
73.568	 1.3322e+00	1.3864	0.99811	 1.7783e+00	 9.9953e-01	 2.2123e+01	 1.0205e+00
73.595	 1.3319e+00	1.3874	0.99827	 1.7796e+00	 9.9949e-01	 2.2108e+01	 1.0222e+00
73.622	 1.3317e+00	1.3884	0.99748	 1.7809e+00	 9.9955e-01	 2.2094e+01	 1.0208e+00
73.649	 1.3324e+00	1.3895	0.99877	 1.7822e+00	 9.9957e-01	 2.2079e+01	 1.0215e+00
73.675	 1.3330e+00	1.3905	0.99781	 1.7836e+00	 9.9963e-01	 2.2065e+01	 1.0216e+00
73.702	 1.3337e+00	1.3915	0.99863	 1.7849e+00	 9.9959e-01	 2.2050e+01	 1.0208e+00
73.729	 1.3341e+00	1.3925	0.99751	 1.7862e+00	 9.9957e-01	 2.2036e+01	 1.0209e+00
73.755	 1.3337e+00	1.3935	0.99817	 1.7875e+00	 9.9957e-01	 2.2021e+01	 1.0206e+00
73.782	 1.3334e+00	1.3945	0.99834	 1.7889e+00	 9.9959e-01	 2.2007e+01	 1.0216e+00
73.809	 1.3327e+00	1.3956	0.99824	 1.7902e+00	 9.9961e-01	 2.1992e+01	 1.0212e+00
73.835	 1.3326e+00	1.3966	0.99824	 1.7915e+00	 9.9959e-01	 2.1978e+01	 1.0223e+00
73.862	 1.3329e+00	1.3976	0.99708	 1.7929e+00	 9.9959e-01	 2.1964e+01	 1.0214e+00
73.888	 1.3336e+00	1.3986	0.99824	 1.7942e+00	 9.9955e-01	 2.1949e+01	 1.0218e+00
73.915	 1.3347e+00	1.3996	0.99738	 1.7955e+00	 9.9955e-01	 2.1935e+01	 1.0208e+00
73.941	 1.3353e+00	1.4007	0.99873	 1.7969e+00	 9.9951e-01	 2.1920e+01	 1.0213e+00
73.968	 1.3359e+00	1.4017	0.99801	 1.7982e+00	 9.9951e-01	 2.1906e+01	 1.0215e+00
73.994	 1.3358e+00	1.4027	0.99817	 1.7995e+00	 9.9951e-01	 2.1892e+01	 1.0203e+00
74.021	 1.3354e+00	1.4037	0.99794	 1.8009e+00	 9.9949e-01	 2.1877e+01	 1.0210e+00
74.047	 1.3351e+00	1.4048	0.99774	 1.8022e+00	 9.9949e-01	 2.1863e+01	 1.0199e+00
74.074	 1.3348e+00	1.4058	0.99857	 1.8036e+00	 9.9947e-01	 2.1848e+01	 1.0205e+00
74.1	 1.3352e+00	1.4068	0.99761	 1.8049e+00	 9.9953e-01	 2.1834e+01	 1.0187e+00
74.126	 1.3358e+00	1.4078	0.99903	 1.8062e+00	 9.9961e-01	 2.1820e+01	 1.0202e+00
74.153	 1.3367e+00	1.4089	0.99791	 1.8076e+00	 9.9975e-01	 2.1805e+01	 1.0206e+00
74.179	 1.3376e+00	1.4099	0.9984	 1.8089e+00	 9.9981e-01	 2.1791e+01	 1.0197e+00
74.205	 1.3377e+00	1.4109	0.99788	 1.8103e+00	 9.9979e-01	 2.1776e+01	 1.0201e+00
74.232	 1.3378e+00	1.412	0.99837	 1.8116e+00	 9.9973e-01	 2.1762e+01	 1.0189e+00
74.258	 1.3372e+00	1.413	0.99844	 1.8130e+00	 9.9963e-01	 2.1748e+01	 1.0190e+00
74.284	 1.3368e+00	1.414	0.99751	 1.8143e+00	 9.9959e-01	 2.1733e+01	 1.0178e+00
74.31	 1.3366e+00	1.4151	0.99877	 1.8157e+00	 9.9957e-01	 2.1719e+01	 1.0202e+00
74.337	 1.3368e+00	1.4161	0.99774	 1.8170e+00	 9.9961e-01	 2.1705e+01	 1.0191e+00
74.363	 1.3376e+00	1.4171	0.99883	 1.8184e+00	 9.9961e-01	 2.1691e+01	 1.0201e+00
74.389	 1.3384e+00	1.4182	0.99774	 1.8197e+00	 9.9967e-01	 2.1676e+01	 1.0188e+00
74.415	 1.3393e+00	1.4192	0.99807	 1.8211e+00	 9.9969e-01	 2.1662e+01	 1.0178e+00
74.441	 1.3397e+00	1.4202	0.99778	 1.8224e+00	 9.9973e-01	 2.1648e+01	 1.0194e+00
74.467	 1.3396e+00	1.4213	0.9983	 1.8238e+00	 9.9973e-01	 2.1633e+01	 1.0167e+00
74.493	 1.3394e+00	1.4223	0.9985	 1.8251e+00	 9.9967e-01	 2.1619e+01	 1.0178e+00
74.519	 1.3388e+00	1.4234	0.99725	 1.8265e+00	 9.9959e-01	 2.1605e+01	 1.0181e+00
74.545	 1.3389e+00	1.4244	0.99867	 1.8279e+00	 9.9951e-01	 2.1591e+01	 1.0169e+00
74.571	 1.3393e+00	1.4254	0.99771	 1.8292e+00	 9.9951e-01	 2.1576e+01	 1.0151e+00
74.597	 1.3401e+00	1.4265	0.99844	 1.8306e+00	 9.9951e-01	 2.1562e+01	 1.0186e+00
74.623	 1.3412e+00	1.4275	0.99741	 1.8319e+00	 9.9957e-01	 2.1548e+01	 1.0187e+00
74.649	 1.3419e+00	1.4286	0.99804	 1.8333e+00	 9.9963e-01	 2.1534e+01	 1.0174e+00
74.675	 1.3426e+00	1.4296	0.99788	 1.8346e+00	 9.9971e-01	 2.1519e+01	 1.0183e+00
74.701	 1.3424e+00	1.4307	0.99761	 1.8360e+00	 9.9975e-01	 2.1505e+01	 1.0173e+00
74.727	 1.3420e+00	1.4317	0.99847	 1.8374e+00	 9.9975e-01	 2.1491e+01	 1.0174e+00
74.753	 1.3416e+00	1.4328	0.99781	 1.8387e+00	 9.9977e-01	 2.1477e+01	 1.0152e+00
74.779	 1.3413e+00	1.4338	0.99897	 1.8401e+00	 9.9971e-01	 2.1463e+01	 1.0166e+00
74.805	 1.3416e+00	1.4348	0.99764	 1.8415e+00	 9.9967e-01	 2.1449e+01	 1.0169e+00
74.83	 1.3420e+00	1.4359	0.99814	 1.8429e+00	 9.9965e-01	 2.1434e+01	 1.0165e+00
74.856	 1.3428e+00	1.4369	0.99751	 1.8442e+00	 9.9967e-01	 2.1420e+01	 1.0169e+00
74.882	 1.3432e+00	1.438	0.99847	 1.8456e+00	 9.9967e-01	 2.1406e+01	 1.0168e+00
74.908	 1.3431e+00	1.439	0.99788	 1.8470e+00	 9.9971e-01	 2.1392e+01	 1.0187e+00
74.933	 1.3428e+00	1.4401	0.99721	 1.8483e+00	 9.9981e-01	 2.1378e+01	 1.0180e+00
74.959	 1.3418e+00	1.4411	0.9986	 1.8497e+00	 9.9987e-01	 2.1364e+01	 1.0196e+00
74.985	 1.3410e+00	1.4422	0.99781	 1.8511e+00	 9.9991e-01	 2.1349e+01	 1.0178e+00
75.01	 1.3402e+00	1.4432	0.99791	 1.8525e+00	 9.9985e-01	 2.1335e+01	 1.0172e+00
75.036	 1.3400e+00	1.4443	0.99672	 1.8538e+00	 9.9977e-01	 2.1321e+01	 1.0166e+00
75.062	 1.3404e+00	1.4454	0.99847	 1.8552e+00	 9.9961e-01	 2.1307e+01	 1.0168e+00
75.087	 1.3406e+00	1.4464	0.99814	 1.8566e+00	 9.9955e-01	 2.1293e+01	 1.0178e+00
75.113	 1.3410e+00	1.4475	0.99811	 1.8580e+00	 9.9953e-01	 2.1279e+01	 1.0166e+00
75.138	 1.3408e+00	1.4485	0.9983	 1.8593e+00	 9.9955e-01	 2.1265e+01	 1.0175e+00
75.164	 1.3402e+00	1.4496	0.99738	 1.8607e+00	 9.9957e-01	 2.1251e+01	 1.0161e+00
75.189	 1.3394e+00	1.4506	0.99814	 1.8621e+00	 9.9957e-01	 2.1237e+01	 1.0170e+00
75.215	 1.3385e+00	1.4517	0.99745	 1.8635e+00	 9.9963e-01	 2.1223e+01	 1.0172e+00
75.24	 1.3381e+00	1.4527	0.99906	 1.8649e+00	 9.9961e-01	 2.1209e+01	 1.0184e+00
75.266	 1.3380e+00	1.4538	0.99758	 1.8662e+00	 9.9963e-01	 2.1195e+01	 1.0174e+00
75.291	 1.3387e+00	1.4548	0.99791	 1.8676e+00	 9.9961e-01	 2.1180e+01	 1.0165e+00
75.316	 1.3394e+00	1.4559	0.99761	 1.8690e+00	 9.9963e-01	 2.1166e+01	 1.0186e+00
75.342	 1.3400e+00	1.457	0.99771	 1.8704e+00	 9.9967e-01	 2.1152e+01	 1.0174e+00
75.367	 1.3404e+00	1.458	0.9985	 1.8718e+00	 9.9969e-01	 2.1138e+01	 1.0184e+00
75.392	 1.3401e+00	1.4591	0.99774	 1.8732e+00	 9.9975e-01	 2.1124e+01	 1.0180e+00
75.418	 1.3400e+00	1.4602	0.9983	 1.8746e+00	 9.9979e-01	 2.1110e+01	 1.0185e+00
75.443	 1.3395e+00	1.4612	0.99738	 1.8759e+00	 9.9985e-01	 2.1096e+01	 1.0164e+00
75.468	 1.3396e+00	1.4623	0.99873	 1.8773e+00	 9.9989e-01	 2.1082e+01	 1.0169e+00
75.493	 1.3402e+00	1.4633	0.99771	 1.8787e+00	 9.9991e-01	 2.1068e+01	 1.0179e+00
75.518	 1.3412e+00	1.4644	0.99797	 1.8801e+00	 9.9987e-01	 2.1055e+01	 1.0169e+00
75.544	 1.3426e+00	1.4655	0.99794	 1.8815e+00	 9.9983e-01	 2.1041e+01	 1.0171e+00
75.569	 1.3436e+00	1.4665	0.99751	 1.8829e+00	 9.9977e-01	 2.1027e+01	 1.0158e+00
75.594	 1.3443e+00	1.4676	0.99821	 1.8843e+00	 9.9965e-01	 2.1013e+01	 1.0180e+00
75.619	 1.3446e+00	1.4687	0.99731	 1.8857e+00	 9.9959e-01	 2.0999e+01	 1.0173e+00
75.644	 1.3444e+00	1.4697	0.9985	 1.8871e+00	 9.9953e-01	 2.0985e+01	 1.0188e+00
75.669	 1.3445e+00	1.4708	0.99751	 1.8885e+00	 9.9949e-01	 2.0971e+01	 1.0189e+00
75.694	 1.3447e+00	1.4719	0.99814	 1.8899e+00	 9.9943e-01	 2.0957e+01	 1.0187e+00
75.719	 1.3455e+00	1.4729	0.99768	 1.8913e+00	 9.9949e-01	 2.0943e+01	 1.0185e+00
75.744	 1.3466e+00	1.474	0.99821	 1.8927e+00	 9.9961e-01	 2.0929e+01	 1.0165e+00
75.769	 1.3478e+00	1.4751	0.99817	 1.8941e+00	 9.9973e-01	 2.0915e+01	 1.0178e+00
75.794	 1.3490e+00	1.4761	0.99761	 1.8955e+00	 9.9979e-01	 2.0901e+01	 1.0171e+00
75.819	 1.3495e+00	1.4772	0.9984	 1.8969e+00	 9.9973e-01	 2.0887e+01	 1.0185e+00
75.843	 1.3498e+00	1.4783	0.99695	 1.8983e+00	 9.9965e-01	 2.0874e+01	 1.0169e+00
75.868	 1.3496e+00	1.4794	0.99854	 1.8997e+00	 9.9953e-01	 2.0860e+01	 1.0169e+00
75.893	 1.3494e+00	1.4804	0.99801	 1.9011e+00	 9.9951e-01	 2.0846e+01	 1.0178e+00
75.918	 1.3495e+00	1.4815	0.99863	 1.9025e+00	 9.9951e-01	 2.0832e+01	 1.0187e+00
75.943	 1.3500e+00	1.4826	0.99821	 1.9039e+00	 9.9955e-01	 2.0818e+01	 1.0187e+00
75.967	 1.3509e+00	1.4837	0.99837	 1.9053e+00	 9.9957e-01	 2.0804e+01	 1.0179e+00
75.992	 1.3518e+00	1.4847	0.99883	 1.9067e+00	 9.9957e-01	 2.0790e+01	 1.0192e+00
76.017	 1.3526e+00	1.4858	0.99784	 1.9081e+00	 9.9953e-01	 2.0777e+01	 1.0174e+00
76.041	 1.3528e+00	1.4869	0.99854	 1.9095e+00	 9.9951e-01	 2.0763e+01	 1.0186e+00
76.066	 1.3523e+00	1.488	0.99764	 1.9109e+00	 9.9953e-01	 2.0749e+01	 1.0180e+00
76.091	 1.3518e+00	1.489	0.99873	 1.9123e+00	 9.9953e-01	 2.0735e+01	 1.0179e+00
76.115	 1.3508e+00	1.4901	0.99758	 1.9137e+00	 9.9957e-01	 2.0721e+01	 1.0182e+00
76.14	 1.3504e+00	1.4912	0.99824	 1.9151e+00	 9.9957e-01	 2.0708e+01	 1.0186e+00
76.164	 1.3502e+00	1.4923	0.99814	 1.9166e+00	 9.9955e-01	 2.0694e+01	 1.0196e+00
76.189	 1.3504e+00	1.4934	0.99797	 1.9180e+00	 9.9953e-01	 2.0680e+01	 1.0165e+00
76.213	 1.3508e+00	1.4945	0.99814	 1.9194e+00	 9.9957e-01	 2.0666e+01	 1.0170e+00
76.238	 1.3508e+00	1.4955	0.99715	 1.9208e+00	 9.9963e-01	 2.0652e+01	 1.0181e+00
76.262	 1.3507e+00	1.4966	0.9984	 1.9222e+00	 9.9967e-01	 2.0639e+01	 1.0182e+00
76.287	 1.3499e+00	1.4977	0.99745	 1.9237e+00	 9.9971e-01	 2.0625e+01	 1.0166e+00
76.311	 1.3490e+00	1.4988	0.9986	 1.9251e+00	 9.9963e-01	 2.0611e+01	 1.0176e+00
76.335	 1.3481e+00	1.4999	0.99797	 1.9265e+00	 9.9953e-01	 2.0597e+01	 1.0181e+00
76.36	 1.3473e+00	1.501	0.9984	 1.9279e+00	 9.9945e-01	 2.0584e+01	 1.0167e+00
76.384	 1.3474e+00	1.5021	0.99788	 1.9293e+00	 9.9941e-01	 2.0570e+01	 1.0166e+00
76.408	 1.3476e+00	1.5032	0.99807	 1.9308e+00	 9.9947e-01	 2.0556e+01	 1.0156e+00
76.432	 1.3481e+00	1.5043	0.9987	 1.9322e+00	 9.9953e-01	 2.0543e+01	 1.0178e+00
76.457	 1.3484e+00	1.5054	0.99725	 1.9336e+00	 9.9965e-01	 2.0529e+01	 1.0171e+00
76.481	 1.3481e+00	1.5065	0.99854	 1.9350e+00	 9.9967e-01	 2.0515e+01	 1.0181e+00
76.505	 1.3477e+00	1.5076	0.99758	 1.9365e+00	 9.9971e-01	 2.0502e+01	 1.0175e+00
76.529	 1.3467e+00	1.5087	0.99854	 1.9379e+00	 9.9967e-01	 2.0488e+01	 1.0166e+00
76.553	 1.3460e+00	1.5098	0.99778	 1.9393e+00	 9.9967e-01	 2.0474e+01	 1.0169e+00
76.577	 1.3455e+00	1.5109	0.99764	 1.9408e+00	 9.9963e-01	 2.0461e+01	 1.0167e+00
76.601	 1.3454e+00	1.5119	0.99781	 1.9422e+00	 9.9957e-01	 2.0447e+01	 1.0178e+00
76.625	 1.3459e+00	1.5131	0.99748	 1.9436e+00	 9.9953e-01	 2.0433e+01	 1.0166e+00
76.649	 1.3463e+00	1.5142	0.99827	 1.9450e+00	 9.9953e-01	 2.0420e+01	 1.0183e+00
76.673	 1.3469e+00	1.5153	0.99735	 1.9465e+00	 9.9961e-01	 2.0406e+01	 1.0182e+00
76.697	 1.3467e+00	1.5164	0.99883	 1.9479e+00	 9.9971e-01	 2.0392e+01	 1.0166e+00
76.721	 1.3462e+00	1.5175	0.99797	 1.9493e+00	 9.9983e-01	 2.0379e+01	 1.0161e+00
76.745	 1.3455e+00	1.5186	0.99867	 1.9508e+00	 9.9985e-01	 2.0365e+01	 1.0163e+00
76.769	 1.3447e+00	1.5197	0.99774	 1.9522e+00	 9.9981e-01	 2.0352e+01	 1.0181e+00
76.793	 1.3446e+00	1.5208	0.99778	 1.9537e+00	 9.9971e-01	 2.0338e+01	 1.0176e+00
76.817	 1.3447e+00	1.5219	0.99837	 1.9551e+00	 9.9963e-01	 2.0324e+01	 1.0176e+00
76.84	 1.3454e+00	1.523	0.99781	 1.9565e+00	 9.9961e-01	 2.0311e+01	 1.0170e+00
76.864	 1.3463e+00	1.5241	0.99857	 1.9580e+00	 9.9963e-01	 2.0297e+01	 1.0200e+00
76.888	 1.3469e+00	1.5252	0.99718	 1.9594e+00	 9.9971e-01	 2.0284e+01	 1.0179e+00
76.912	 1.3473e+00	1.5263	0.99827	 1.9609e+00	 9.9975e-01	 2.0270e+01	 1.0164e+00
76.935	 1.3470e+00	1.5274	0.99721	 1.9623e+00	 9.9971e-01	 2.0256e+01	 1.0163e+00
76.959	 1.3468e+00	1.5285	0.99784	 1.9638e+00	 9.9961e-01	 2.0243e+01	 1.0155e+00
76.983	 1.3465e+00	1.5296	0.99791	 1.9652e+00	 9.9955e-01	 2.0229e+01	 1.0175e+00
77.006	 1.3466e+00	1.5308	0.99784	 1.9667e+00	 9.9957e-01	 2.0216e+01	 1.0189e+00
77.03	 1.3474e+00	1.5319	0.99811	 1.9681e+00	 9.9965e-01	 2.0202e+01	 1.0191e+00
77.053	 1.3483e+00	1.533	0.99708	 1.9696e+00	 9.9975e-01	 2.0189e+01	 1.0164e+00
77.077	 1.3496e+00	1.5341	0.99834	 1.9710e+00	 9.9975e-01	 2.0175e+01	 1.0166e+00
77.1	 1.3505e+00	1.5352	0.99755	 1.9725e+00	 9.9975e-01	 2.0162e+01	 1.0164e+00
77.124	 1.3511e+00	1.5363	0.99863	 1.9739e+00	 9.9969e-01	 2.0148e+01	 1.0168e+00
77.147	 1.3513e+00	1.5374	0.99768	 1.9754e+00	 9.9965e-01	 2.0135e+01	 1.0168e+00
77.17	 1.3510e+00	1.5386	0.99811	 1.9769e+00	 9.9961e-01	 2.0121e+01	 1.0165e+00
77.194	 1.3511e+00	1.5397	0.99788	 1.9783e+00	 9.9959e-01	 2.0108e+01	 1.0187e+00
77.217	 1.3512e+00	1.5408	0.99738	 1.9798e+00	 9.9959e-01	 2.0094e+01	 1.0168e+00
77.24	 1.3520e+00	1.5419	0.9983	 1.9812e+00	 9.9955e-01	 2.0081e+01	 1.0170e+00
77.264	 1.3531e+00	1.543	0.99755	 1.9827e+00	 9.9953e-01	 2.0068e+01	 1.0151e+00
77.287	 1.3541e+00	1.5441	0.99873	 1.9842e+00	 9.9951e-01	 2.0054e+01	 1.0176e+00
77.31	 1.3552e+00	1.5453	0.99771	 1.9856e+00	 9.9953e-01	 2.0041e+01	 1.0193e+00
77.333	 1.3555e+00	1.5464	0.99863	 1.9871e+00	 9.9955e-01	 2.0027e+01	 1.0175e+00
77.357	 1.3556e+00	1.5475	0.99738	 1.9886e+00	 9.9959e-01	 2.0014e+01	 1.0170e+00
77.38	 1.3552e+00	1.5486	0.99748	 1.9900e+00	 9.9963e-01	 2.0000e+01	 1.0157e+00
77.403	 1.3548e+00	1.5498	0.99811	 1.9915e+00	 9.9969e-01	 1.9987e+01	 1.0180e+00
77.426	 1.3550e+00	1.5509	0.99771	 1.9930e+00	 9.9975e-01	 1.9974e+01	 1.0170e+00
77.449	 1.3552e+00	1.552	0.9986	 1.9945e+00	 9.9979e-01	 1.9960e+01	 1.0164e+00
77.472	 1.3561e+00	1.5531	0.99702	 1.9959e+00	 9.9981e-01	 1.9947e+01	 1.0190e+00
77.495	 1.3568e+00	1.5543	0.99811	 1.9974e+00	 9.9973e-01	 1.9934e+01	 1.0212e+00
77.518	 1.3573e+00	1.5554	0.99791	 1.9989e+00	 9.9967e-01	 1.9920e+01	 1.0188e+00
77.541	 1.3575e+00	1.5565	0.99863	 2.0004e+00	 9.9959e-01	 1.9907e+01	 1.0184e+00
77.564	 1.3569e+00	1.5576	0.99784	 2.0018e+00	 9.9957e-01	 1.9893e+01	 1.0187e+00
77.587	 1.3563e+00	1.5588	0.99821	 2.0033e+00	 9.9963e-01	 1.9880e+01	 1.0166e+00
77.61	 1.3555e+00	1.5599	0.9987	 2.0048e+00	 9.9969e-01	 1.9867e+01	 1.0184e+00
77.632	 1.3553e+00	1.561	0.99764	 2.0063e+00	 9.9973e-01	 1.9853e+01	 1.0178e+00
77.655	 1.3555e+00	1.5622	0.9986	 2.0078e+00	 9.9971e-01	 1.9840e+01	 1.0185e+00
77.678	 1.3559e+00	1.5633	0.99781	 2.0093e+00	 9.9965e-01	 1.9827e+01	 1.0172e+00
77.701	 1.3566e+00	1.5644	0.99854	 2.0107e+00	 9.9955e-01	 1.9813e+01	 1.0183e+00
77.723	 1.3569e+00	1.5655	0.99731	 2.0122e+00	 9.9953e-01	 1.9800e+01	 1.0190e+00
77.746	 1.3569e+00	1.5667	0.9983	 2.0137e+00	 9.9957e-01	 1.9787e+01	 1.0164e+00
77.769	 1.3563e+00	1.5678	0.99804	 2.0152e+00	 9.9965e-01	 1.9774e+01	 1.0158e+00
77.791	 1.3554e+00	1.569	0.99784	 2.0167e+00	 9.9973e-01	 1.9760e+01	 1.0159e+00
77.814	 1.3548e+00	1.5701	0.9985	 2.0182e+00	 9.9973e-01	 1.9747e+01	 1.0186e+00
77.836	 1.3541e+00	1.5712	0.99721	 2.0197e+00	 9.9973e-01	 1.9734e+01	 1.0173e+00
77.859	 1.3543e+00	1.5724	0.99827	 2.0212e+00	 9.9971e-01	 1.9720e+01	 1.0166e+00
77.881	 1.3545e+00	1.5735	0.99764	 2.0227e+00	 9.9973e-01	 1.9707e+01	 1.0159e+00
77.904	 1.3550e+00	1.5746	0.99863	 2.0242e+00	 9.9967e-01	 1.9694e+01	 1.0148e+00
77.926	 1.3552e+00	1.5758	0.99768	 2.0257e+00	 9.9963e-01	 1.9681e+01	 1.0156e+00
77.949	 1.3548e+00	1.5769	0.99814	 2.0272e+00	 9.9955e-01	 1.9667e+01	 1.0170e+00
77.971	 1.3543e+00	1.5781	0.99804	 2.0287e+00	 9.9949e-01	 1.9654e+01	 1.0192e+00
77.994	 1.3533e+00	1.5792	0.99755	 2.0302e+00	 9.9949e-01	 1.9641e+01	 1.0179e+00
78.016	 1.3526e+00	1.5804	0.9988	 2.0317e+00	 9.9947e-01	 1.9628e+01	 1.0181e+00
78.038	 1.3523e+00	1.5815	0.99827	 2.0332e+00	 9.9951e-01	 1.9615e+01	 1.0165e+00
78.06	 1.3523e+00	1.5827	0.99906	 2.0347e+00	 9.9953e-01	 1.9601e+01	 1.0185e+00
78.083	 1.3531e+00	1.5838	0.99741	 2.0362e+00	 9.9963e-01	 1.9588e+01	 1.0191e+00
78.105	 1.3537e+00	1.5849	0.99844	 2.0377e+00	 9.9967e-01	 1.9575e+01	 1.0179e+00
78.127	 1.3544e+00	1.5861	0.99804	 2.0392e+00	 9.9969e-01	 1.9562e+01	 1.0174e+00
78.149	 1.3545e+00	1.5872	0.99817	 2.0407e+00	 9.9969e-01	 1.9549e+01	 1.0165e+00
78.171	 1.3543e+00	1.5884	0.99801	 2.0422e+00	 9.9967e-01	 1.9535e+01	 1.0187e+00
78.193	 1.3539e+00	1.5895	0.99705	 2.0437e+00	 9.9965e-01	 1.9522e+01	 1.0182e+00
78.215	 1.3534e+00	1.5907	0.99797	 2.0452e+00	 9.9957e-01	 1.9509e+01	 1.0194e+00
78.237	 1.3536e+00	1.5918	0.99712	 2.0467e+00	 9.9957e-01	 1.9496e+01	 1.0180e+00
78.259	 1.3539e+00	1.593	0.9986	 2.0482e+00	 9.9963e-01	 1.9483e+01	 1.0180e+00
78.281	 1.3548e+00	1.5942	0.99764	 2.0498e+00	 9.9973e-01	 1.9470e+01	 1.0171e+00
78.303	 1.3557e+00	1.5953	0.99834	 2.0513e+00	 9.9979e-01	 1.9457e+01	 1.0179e+00
78.325	 1.3562e+00	1.5965	0.99797	 2.0528e+00	 9.9979e-01	 1.9444e+01	 1.0198e+00
78.347	 1.3565e+00	1.5976	0.99758	 2.0543e+00	 9.9969e-01	 1.9430e+01	 1.0161e+00
78.369	 1.3559e+00	1.5988	0.99814	 2.0558e+00	 9.9955e-01	 1.9417e+01	 1.0149e+00
78.391	 1.3554e+00	1.5999	0.99738	 2.0573e+00	 9.9943e-01	 1.9404e+01	 1.0139e+00
78.413	 1.3548e+00	1.6011	0.99867	 2.0588e+00	 9.9937e-01	 1.9391e+01	 1.0151e+00
78.434	 1.3545e+00	1.6023	0.99761	 2.0604e+00	 9.9943e-01	 1.9378e+01	 1.0153e+00
78.456	 1.3548e+00	1.6034	0.99834	 2.0619e+00	 9.9953e-01	 1.9365e+01	 1.0154e+00
78.478	 1.3552e+00	1.6046	0.99735	 2.0634e+00	 9.9963e-01	 1.9352e+01	 1.0146e+00
78.499	 1.3560e+00	1.6057	0.99817	 2.0649e+00	 9.9969e-01	 1.9339e+01	 1.0135e+00
78.521	 1.3563e+00	1.6069	0.99801	 2.0665e+00	 9.9969e-01	 1.9326e+01	 1.0151e+00
78.543	 1.3562e+00	1.6081	0.99761	 2.0680e+00	 9.9967e-01	 1.9313e+01	 1.0148e+00
78.564	 1.3556e+00	1.6092	0.99804	 2.0695e+00	 9.9965e-01	 1.9300e+01	 1.0158e+00
78.586	 1.3547e+00	1.6104	0.99721	 2.0710e+00	 9.9969e-01	 1.9287e+01	 1.0143e+00
78.607	 1.3541e+00	1.6116	0.99834	 2.0726e+00	 9.9971e-01	 1.9274e+01	 1.0151e+00
78.629	 1.3536e+00	1.6127	0.99715	 2.0741e+00	 9.9973e-01	 1.9261e+01	 1.0146e+00
78.65	 1.3537e+00	1.6139	0.99807	 2.0756e+00	 9.9965e-01	 1.9248e+01	 1.0148e+00
78.672	 1.3541e+00	1.6151	0.99751	 2.0772e+00	 9.9957e-01	 1.9235e+01	 1.0155e+00
78.693	 1.3546e+00	1.6162	0.99807	 2.0787e+00	 9.9953e-01	 1.9222e+01	 1.0144e+00
78.714	 1.3551e+00	1.6174	0.99807	 2.0802e+00	 9.9953e-01	 1.9209e+01	 1.0147e+00
78.736	 1.3548e+00	1.6186	0.99768	 2.0818e+00	 9.9957e-01	 1.9196e+01	 1.0137e+00
78.757	 1.3544e+00	1.6197	0.99847	 2.0833e+00	 9.9959e-01	 1.9183e+01	 1.0154e+00
78.778	 1.3538e+00	1.6209	0.99735	 2.0848e+00	 9.9961e-01	 1.9170e+01	 1.0147e+00
78.799	 1.3532e+00	1.6221	0.99834	 2.0864e+00	 9.9957e-01	 1.9157e+01	 1.0146e+00
78.821	 1.3533e+00	1.6233	0.99721	 2.0879e+00	 9.9961e-01	 1.9144e+01	 1.0150e+00
78.842	 1.3536e+00	1.6244	0.99821	 2.0895e+00	 9.9969e-01	 1.9131e+01	 1.0156e+00
78.863	 1.3545e+00	1.6256	0.99768	 2.0910e+00	 9.9975e-01	 1.9118e+01	 1.0151e+00
78.884	 1.3554e+00	1.6268	0.99788	 2.0926e+00	 9.9975e-01	 1.9105e+01	 1.0134e+00
78.905	 1.3561e+00	1.628	0.99778	 2.0941e+00	 9.9969e-01	 1.9092e+01	 1.0153e+00
78.926	 1.3564e+00	1.6291	0.99665	 2.0956e+00	 9.9963e-01	 1.9079e+01	 1.0145e+00
78.947	 1.3561e+00	1.6303	0.99847	 2.0972e+00	 9.9955e-01	 1.9066e+01	 1.0145e+00
78.968	 1.3558e+00	1.6315	0.99781	 2.0987e+00	 9.9953e-01	 1.9053e+01	 1.0145e+00
78.989	 1.3554e+00	1.6327	0.9986	 2.1003e+00	 9.9953e-01	 1.9040e+01	 1.0213e+00
79.01	 1.3554e+00	1.6339	0.99764	 2.1018e+00	 9.9961e-01	 1.9027e+01	 1.0193e+00
79.031	 1.3560e+00	1.635	0.99811	 2.1034e+00	 9.9965e-01	 1.9014e+01	 1.0148e+00
79.052	 1.3568e+00	1.6362	0.99781	 2.1049e+00	 9.9965e-01	 1.9002e+01	 1.0059e+00
79.072	 1.3578e+00	1.6374	0.99788	 2.1065e+00	 9.9965e-01	 1.8989e+01	 1.0077e+00
79.093	 1.3583e+00	1.6386	0.99814	 2.1080e+00	 9.9967e-01	 1.8976e+01	 1.0224e+00
79.114	 1.3585e+00	1.6398	0.99738	 2.1096e+00	 9.9971e-01	 1.8963e+01	 1.0157e+00
79.135	 1.3582e+00	1.641	0.99873	 2.1111e+00	 9.9971e-01	 1.8950e+01	 1.0090e+00
79.155	 1.3576e+00	1.6422	0.99751	 2.1127e+00	 9.9969e-01	 1.8937e+01	 1.0076e+00
79.176	 1.3574e+00	1.6433	0.99827	 2.1143e+00	 9.9959e-01	 1.8924e+01	 1.0126e+00
79.197	 1.3573e+00	1.6445	0.99784	 2.1158e+00	 9.9949e-01	 1.8912e+01	 1.0107e+00
79.217	 1.3579e+00	1.6457	0.99854	 2.1174e+00	 9.9941e-01	 1.8899e+01	 1.0081e+00
79.238	 1.3586e+00	1.6469	0.99814	 2.1189e+00	 9.9943e-01	 1.8886e+01	 1.0119e+00
79.258	 1.3595e+00	1.6481	0.99768	 2.1205e+00	 9.9951e-01	 1.8873e+01	 1.0101e+00
79.279	 1.3602e+00	1.6493	0.99837	 2.1220e+00	 9.9959e-01	 1.8860e+01	 1.0127e+00
79.299	 1.3601e+00	1.6505	0.99741	 2.1236e+00	 9.9971e-01	 1.8848e+01	 1.0129e+00
79.32	 1.3599e+00	1.6517	0.99854	 2.1252e+00	 9.9973e-01	 1.8835e+01	 1.0112e+00
79.34	 1.3592e+00	1.6528	0.99735	 2.1267e+00	 9.9973e-01	 1.8822e+01	 1.0104e+00
79.36	 1.3587e+00	1.654	0.9984	 2.1283e+00	 9.9963e-01	 1.8809e+01	 1.0103e+00
79.381	 1.3586e+00	1.6552	0.99768	 2.1299e+00	 9.9955e-01	 1.8797e+01	 1.0119e+00
79.401	 1.3588e+00	1.6564	0.99788	 2.1314e+00	 9.9949e-01	 1.8784e+01	 1.0130e+00
79.421	 1.3595e+00	1.6576	0.99788	 2.1330e+00	 9.9947e-01	 1.8771e+01	 1.0155e+00
79.442	 1.3600e+00	1.6588	0.99751	 2.1346e+00	 9.9949e-01	 1.8758e+01	 1.0137e+00
79.462	 1.3604e+00	1.66	0.99837	 2.1362e+00	 9.9949e-01	 1.8746e+01	 1.0150e+00
79.482	 1.3603e+00	1.6612	0.99755	 2.1377e+00	 9.9953e-01	 1.8733e+01	 1.0125e+00
79.502	 1.3596e+00	1.6624	0.99877	 2.1393e+00	 9.9957e-01	 1.8720e+01	 1.0117e+00
79.522	 1.3588e+00	1.6636	0.99755	 2.1409e+00	 9.9965e-01	 1.8708e+01	 1.0125e+00
79.542	 1.3580e+00	1.6649	0.99811	 2.1425e+00	 9.9967e-01	 1.8695e+01	 1.0150e+00
79.562	 1.3577e+00	1.6661	0.99797	 2.1440e+00	 9.9967e-01	 1.8682e+01	 1.0143e+00
79.582	 1.3577e+00	1.6673	0.99821	 2.1456e+00	 9.9967e-01	 1.8669e+01	 1.0101e+00
79.602	 1.3581e+00	1.6685	0.99817	 2.1472e+00	 9.9963e-01	 1.8657e+01	 1.0133e+00
79.622	 1.3586e+00	1.6697	0.99745	 2.1488e+00	 9.9961e-01	 1.8644e+01	 1.0143e+00
79.642	 1.3586e+00	1.6709	0.99817	 2.1504e+00	 9.9957e-01	 1.8631e+01	 1.0144e+00
79.662	 1.3584e+00	1.6721	0.99721	 2.1520e+00	 9.9961e-01	 1.8619e+01	 1.0132e+00
79.682	 1.3575e+00	1.6733	0.99854	 2.1535e+00	 9.9963e-01	 1.8606e+01	 1.0124e+00
79.702	 1.3565e+00	1.6745	0.99745	 2.1551e+00	 9.9963e-01	 1.8593e+01	 1.0129e+00
79.721	 1.3557e+00	1.6757	0.99807	 2.1567e+00	 9.9961e-01	 1.8581e+01	 1.0125e+00
79.741	 1.3551e+00	1.6769	0.99774	 2.1583e+00	 9.9957e-01	 1.8568e+01	 1.0129e+00
79.761	 1.3551e+00	1.6781	0.99784	 2.1599e+00	 9.9955e-01	 1.8556e+01	 1.0112e+00
79.78	 1.3553e+00	1.6794	0.99824	 2.1615e+00	 9.9953e-01	 1.8543e+01	 1.0112e+00
79.8	 1.3556e+00	1.6806	0.99738	 2.1631e+00	 9.9953e-01	 1.8530e+01	 1.0128e+00
79.82	 1.3556e+00	1.6818	0.99854	 2.1647e+00	 9.9951e-01	 1.8518e+01	 1.0149e+00
79.839	 1.3552e+00	1.683	0.99705	 2.1663e+00	 9.9951e-01	 1.8505e+01	 1.0136e+00
79.859	 1.3545e+00	1.6842	0.9983	 2.1679e+00	 9.9953e-01	 1.8493e+01	 1.0124e+00
79.878	 1.3534e+00	1.6854	0.99817	 2.1695e+00	 9.9961e-01	 1.8480e+01	 1.0123e+00
79.898	 1.3528e+00	1.6867	0.99844	 2.1711e+00	 9.9965e-01	 1.8467e+01	 1.0117e+00
79.917	 1.3525e+00	1.6879	0.99774	 2.1727e+00	 9.9961e-01	 1.8455e+01	 1.0134e+00
79.937	 1.3528e+00	1.6891	0.99705	 2.1743e+00	 9.9955e-01	 1.8442e+01	 1.0130e+00
79.956	 1.3536e+00	1.6903	0.99814	 2.1759e+00	 9.9945e-01	 1.8430e+01	 1.0144e+00
79.975	 1.3543e+00	1.6916	0.99778	 2.1775e+00	 9.9943e-01	 1.8417e+01	 1.0126e+00
79.995	 1.3551e+00	1.6928	0.9988	 2.1791e+00	 9.9943e-01	 1.8405e+01	 1.0127e+00
80.014	 1.3552e+00	1.694	0.99735	 2.1807e+00	 9.9947e-01	 1.8392e+01	 1.0117e+00
80.033	 1.3551e+00	1.6952	0.99857	 2.1823e+00	 9.9953e-01	 1.8380e+01	 1.0123e+00
80.052	 1.3550e+00	1.6965	0.99771	 2.1839e+00	 9.9963e-01	 1.8367e+01	 1.0144e+00
80.072	 1.3548e+00	1.6977	0.99788	 2.1856e+00	 9.9969e-01	 1.8355e+01	 1.0127e+00
80.091	 1.3554e+00	1.6989	0.99811	 2.1872e+00	 9.9969e-01	 1.8342e+01	 1.0124e+00
80.11	 1.3563e+00	1.7001	0.99771	 2.1888e+00	 9.9969e-01	 1.8330e+01	 1.0112e+00
80.129	 1.3577e+00	1.7014	0.99867	 2.1904e+00	 9.9965e-01	 1.8317e+01	 1.0123e+00
80.148	 1.3590e+00	1.7026	0.99725	 2.1920e+00	 9.9965e-01	 1.8305e+01	 1.0113e+00
80.167	 1.3600e+00	1.7038	0.99854	 2.1936e+00	 9.9961e-01	 1.8292e+01	 1.0116e+00
80.186	 1.3608e+00	1.7051	0.99778	 2.1953e+00	 9.9963e-01	 1.8280e+01	 1.0113e+00
80.205	 1.3608e+00	1.7063	0.99854	 2.1969e+00	 9.9963e-01	 1.8267e+01	 1.0115e+00
80.224	 1.3608e+00	1.7075	0.99751	 2.1985e+00	 9.9965e-01	 1.8255e+01	 1.0123e+00
80.243	 1.3609e+00	1.7088	0.99764	 2.2001e+00	 9.9965e-01	 1.8242e+01	 1.0114e+00
80.261	 1.3613e+00	1.71	0.99844	 2.2017e+00	 9.9957e-01	 1.8230e+01	 1.0123e+00
80.28	 1.3623e+00	1.7112	0.99778	 2.2033e+00	 9.9951e-01	 1.8218e+01	 1.0110e+00
80.299	 1.3634e+00	1.7125	0.99834	 2.2050e+00	 9.9943e-01	 1.8205e+01	 1.0121e+00
80.318	 1.3646e+00	1.7137	0.99715	 2.2066e+00	 9.9939e-01	 1.8193e+01	 1.0111e+00
80.336	 1.3653e+00	1.7149	0.99817	 2.2082e+00	 9.9939e-01	 1.8180e+01	 1.0121e+00
80.355	 1.3656e+00	1.7162	0.99721	 2.2098e+00	 9.9947e-01	 1.8168e+01	 1.0127e+00
80.374	 1.3655e+00	1.7174	0.9983	 2.2115e+00	 9.9957e-01	 1.8156e+01	 1.0113e+00
80.392	 1.3650e+00	1.7186	0.99801	 2.2131e+00	 9.9963e-01	 1.8143e+01	 1.0112e+00
80.411	 1.3648e+00	1.7199	0.99761	 2.2147e+00	 9.9967e-01	 1.8131e+01	 1.0116e+00
80.429	 1.3649e+00	1.7211	0.99794	 2.2164e+00	 9.9963e-01	 1.8118e+01	 1.0127e+00
80.448	 1.3655e+00	1.7224	0.99738	 2.2180e+00	 9.9961e-01	 1.8106e+01	 1.0106e+00
80.466	 1.3664e+00	1.7236	0.9987	 2.2196e+00	 9.9959e-01	 1.8094e+01	 1.0120e+00
80.485	 1.3672e+00	1.7249	0.99768	 2.2213e+00	 9.9963e-01	 1.8081e+01	 1.0133e+00
80.503	 1.3677e+00	1.7261	0.99844	 2.2229e+00	 9.9967e-01	 1.8069e+01	 1.0120e+00
80.521	 1.3676e+00	1.7273	0.99791	 2.2246e+00	 9.9969e-01	 1.8057e+01	 1.0109e+00
80.54	 1.3672e+00	1.7286	0.9985	 2.2262e+00	 9.9963e-01	 1.8044e+01	 1.0113e+00
80.558	 1.3665e+00	1.7299	0.99807	 2.2278e+00	 9.9955e-01	 1.8032e+01	 1.0128e+00
80.576	 1.3659e+00	1.7311	0.99761	 2.2295e+00	 9.9953e-01	 1.8020e+01	 1.0114e+00
80.594	 1.3658e+00	1.7324	0.99837	 2.2311e+00	 9.9955e-01	 1.8007e+01	 1.0124e+00
80.612	 1.3659e+00	1.7336	0.99728	 2.2328e+00	 9.9963e-01	 1.7995e+01	 1.0108e+00
80.631	 1.3666e+00	1.7349	0.9987	 2.2344e+00	 9.9965e-01	 1.7983e+01	 1.0113e+00
80.649	 1.3670e+00	1.7361	0.99712	 2.2361e+00	 9.9965e-01	 1.7971e+01	 1.0126e+00
80.667	 1.3672e+00	1.7374	0.99768	 2.2377e+00	 9.9957e-01	 1.7958e+01	 1.0119e+00
80.685	 1.3669e+00	1.7387	0.99764	 2.2394e+00	 9.9953e-01	 1.7946e+01	 1.0117e+00
80.703	 1.3660e+00	1.7399	0.99834	 2.2410e+00	 9.9949e-01	 1.7934e+01	 1.0084e+00
80.721	 1.3652e+00	1.7412	0.99794	 2.2427e+00	 9.9949e-01	 1.7922e+01	 1.0114e+00
80.739	 1.3643e+00	1.7424	0.99755	 2.2443e+00	 9.9949e-01	 1.7909e+01	 1.0125e+00
80.756	 1.3641e+00	1.7437	0.99863	 2.2460e+00	 9.9949e-01	 1.7897e+01	 1.0138e+00
80.774	 1.3643e+00	1.745	0.99705	 2.2476e+00	 9.9955e-01	 1.7885e+01	 1.0106e+00
80.792	 1.3648e+00	1.7462	0.99801	 2.2493e+00	 9.9957e-01	 1.7872e+01	 1.0085e+00
80.81	 1.3654e+00	1.7475	0.99725	 2.2509e+00	 9.9963e-01	 1.7860e+01	 1.0092e+00
80.828	 1.3656e+00	1.7488	0.99824	 2.2526e+00	 9.9971e-01	 1.7848e+01	 1.0107e+00
80.845	 1.3656e+00	1.7501	0.99755	 2.2543e+00	 9.9975e-01	 1.7836e+01	 1.0137e+00
80.863	 1.3651e+00	1.7513	0.99725	 2.2559e+00	 9.9975e-01	 1.7824e+01	 1.0129e+00
80.881	 1.3645e+00	1.7526	0.99797	 2.2576e+00	 9.9967e-01	 1.7811e+01	 1.0131e+00
80.898	 1.3643e+00	1.7539	0.99735	 2.2592e+00	 9.9961e-01	 1.7799e+01	 1.0126e+00
80.916	 1.3644e+00	1.7551	0.99834	 2.2609e+00	 9.9955e-01	 1.7787e+01	 1.0132e+00
80.933	 1.3653e+00	1.7564	0.99748	 2.2626e+00	 9.9959e-01	 1.7775e+01	 1.0116e+00
80.951	 1.3663e+00	1.7577	0.9986	 2.2642e+00	 9.9961e-01	 1.7763e+01	 1.0105e+00
80.968	 1.3674e+00	1.759	0.99768	 2.2659e+00	 9.9965e-01	 1.7751e+01	 1.0103e+00
80.986	 1.3683e+00	1.7602	0.99794	 2.2676e+00	 9.9965e-01	 1.7738e+01	 1.0108e+00
81.003	 1.3685e+00	1.7615	0.99764	 2.2692e+00	 9.9961e-01	 1.7726e+01	 1.0096e+00
81.02	 1.3686e+00	1.7628	0.99768	 2.2709e+00	 9.9955e-01	 1.7714e+01	 1.0080e+00
81.038	 1.3682e+00	1.7641	0.99847	 2.2726e+00	 9.9951e-01	 1.7702e+01	 1.0107e+00
81.055	 1.3682e+00	1.7654	0.99751	 2.2743e+00	 9.9951e-01	 1.7690e+01	 1.0102e+00
81.072	 1.3685e+00	1.7666	0.99844	 2.2759e+00	 9.9951e-01	 1.7678e+01	 1.0096e+00
81.089	 1.3692e+00	1.7679	0.99751	 2.2776e+00	 9.9955e-01	 1.7666e+01	 1.0100e+00
81.107	 1.3702e+00	1.7692	0.99863	 2.2793e+00	 9.9957e-01	 1.7653e+01	 1.0127e+00
81.124	 1.3711e+00	1.7705	0.99788	 2.2810e+00	 9.9959e-01	 1.7641e+01	 1.0119e+00
81.141	 1.3716e+00	1.7718	0.99788	 2.2827e+00	 9.9967e-01	 1.7629e+01	 1.0101e+00
81.158	 1.3715e+00	1.7731	0.99794	 2.2843e+00	 9.9977e-01	 1.7617e+01	 1.0125e+00
81.175	 1.3709e+00	1.7744	0.99751	 2.2860e+00	 9.9983e-01	 1.7605e+01	 1.0118e+00
81.192	 1.3702e+00	1.7757	0.99801	 2.2877e+00	 9.9975e-01	 1.7593e+01	 1.0112e+00
81.209	 1.3695e+00	1.7769	0.99695	 2.2894e+00	 9.9965e-01	 1.7581e+01	 1.0097e+00
81.226	 1.3695e+00	1.7782	0.99834	 2.2911e+00	 9.9953e-01	 1.7569e+01	 1.0110e+00
81.242	 1.3697e+00	1.7795	0.99712	 2.2928e+00	 9.9947e-01	 1.7557e+01	 1.0116e+00
81.259	 1.3702e+00	1.7808	0.99801	 2.2945e+00	 9.9945e-01	 1.7545e+01	 1.0117e+00
81.276	 1.3707e+00	1.7821	0.99748	 2.2961e+00	 9.9953e-01	 1.7533e+01	 1.0115e+00
81.293	 1.3708e+00	1.7834	0.99807	 2.2978e+00	 9.9961e-01	 1.7521e+01	 1.0097e+00
81.31	 1.3705e+00	1.7847	0.99854	 2.2995e+00	 9.9971e-01	 1.7509e+01	 1.0115e+00
81.326	 1.3697e+00	1.786	0.99751	 2.3012e+00	 9.9977e-01	 1.7497e+01	 1.0103e+00
81.343	 1.3688e+00	1.7873	0.99807	 2.3029e+00	 9.9973e-01	 1.7485e+01	 1.0106e+00
81.359	 1.3682e+00	1.7886	0.99692	 2.3046e+00	 9.9969e-01	 1.7473e+01	 1.0101e+00
81.376	 1.3679e+00	1.7899	0.99844	 2.3063e+00	 9.9961e-01	 1.7461e+01	 1.0118e+00
81.393	 1.3683e+00	1.7912	0.99784	 2.3080e+00	 9.9959e-01	 1.7449e+01	 1.0113e+00
81.409	 1.3687e+00	1.7925	0.9984	 2.3097e+00	 9.9961e-01	 1.7437e+01	 1.0101e+00
81.426	 1.3694e+00	1.7938	0.99788	 2.3114e+00	 9.9963e-01	 1.7425e+01	 1.0108e+00
81.442	 1.3696e+00	1.7951	0.99748	 2.3131e+00	 9.9963e-01	 1.7413e+01	 1.0091e+00
81.458	 1.3694e+00	1.7964	0.99788	 2.3148e+00	 9.9963e-01	 1.7401e+01	 1.0108e+00
81.475	 1.3690e+00	1.7977	0.99771	 2.3165e+00	 9.9967e-01	 1.7389e+01	 1.0109e+00
81.491	 1.3683e+00	1.799	0.9984	 2.3182e+00	 9.9967e-01	 1.7377e+01	 1.0112e+00
81.507	 1.3681e+00	1.8003	0.99705	 2.3200e+00	 9.9969e-01	 1.7365e+01	 1.0098e+00
81.523	 1.3682e+00	1.8016	0.99857	 2.3217e+00	 9.9969e-01	 1.7353e+01	 1.0101e+00
81.54	 1.3690e+00	1.8029	0.99718	 2.3234e+00	 9.9969e-01	 1.7341e+01	 1.0104e+00
81.556	 1.3700e+00	1.8042	0.99768	 2.3251e+00	 9.9965e-01	 1.7329e+01	 1.0097e+00
81.572	 1.3708e+00	1.8055	0.99797	 2.3268e+00	 9.9963e-01	 1.7318e+01	 1.0103e+00
81.588	 1.3715e+00	1.8068	0.99811	 2.3285e+00	 9.9961e-01	 1.7306e+01	 1.0094e+00
81.604	 1.3715e+00	1.8081	0.9984	 2.3302e+00	 9.9955e-01	 1.7294e+01	 1.0110e+00
81.62	 1.3712e+00	1.8094	0.99728	 2.3320e+00	 9.9955e-01	 1.7282e+01	 1.0096e+00
81.636	 1.3706e+00	1.8108	0.9984	 2.3337e+00	 9.9953e-01	 1.7270e+01	 1.0103e+00
81.652	 1.3702e+00	1.8121	0.99731	 2.3354e+00	 9.9951e-01	 1.7258e+01	 1.0099e+00
81.668	 1.3704e+00	1.8134	0.9983	 2.3371e+00	 9.9949e-01	 1.7246e+01	 1.0089e+00
81.684	 1.3707e+00	1.8147	0.99751	 2.3388e+00	 9.9957e-01	 1.7234e+01	 1.0096e+00
81.7	 1.3715e+00	1.816	0.99824	 2.3406e+00	 9.9967e-01	 1.7223e+01	 1.0092e+00
81.715	 1.3720e+00	1.8173	0.99817	 2.3423e+00	 9.9977e-01	 1.7211e+01	 1.0111e+00
81.731	 1.3722e+00	1.8186	0.99755	 2.3440e+00	 9.9983e-01	 1.7199e+01	 1.0101e+00
81.747	 1.3720e+00	1.82	0.9984	 2.3457e+00	 9.9975e-01	 1.7187e+01	 1.0113e+00
81.762	 1.3711e+00	1.8213	0.99738	 2.3475e+00	 9.9965e-01	 1.7175e+01	 1.0099e+00
81.778	 1.3703e+00	1.8226	0.99811	 2.3492e+00	 9.9953e-01	 1.7163e+01	 1.0110e+00
81.794	 1.3695e+00	1.8239	0.99705	 2.3509e+00	 9.9953e-01	 1.7152e+01	 1.0111e+00
81.809	 1.3693e+00	1.8253	0.99817	 2.3527e+00	 9.9955e-01	 1.7140e+01	 1.0098e+00
81.825	 1.3694e+00	1.8266	0.99761	 2.3544e+00	 9.9961e-01	 1.7128e+01	 1.0103e+00
81.84	 1.3697e+00	1.8279	0.99764	 2.3561e+00	 9.9963e-01	 1.7116e+01	 1.0089e+00
81.856	 1.3701e+00	1.8292	0.99797	 2.3579e+00	 9.9963e-01	 1.7105e+01	 1.0096e+00
81.871	 1.3700e+00	1.8305	0.99731	 2.3596e+00	 9.9965e-01	 1.7093e+01	 1.0088e+00
81.886	 1.3695e+00	1.8319	0.99827	 2.3613e+00	 9.9963e-01	 1.7081e+01	 1.0109e+00
81.902	 1.3686e+00	1.8332	0.99725	 2.3631e+00	 9.9963e-01	 1.7069e+01	 1.0110e+00
81.917	 1.3676e+00	1.8345	0.99804	 2.3648e+00	 9.9957e-01	 1.7057e+01	 1.0103e+00
81.932	 1.3670e+00	1.8359	0.99725	 2.3666e+00	 9.9955e-01	 1.7046e+01	 1.0099e+00
81.947	 1.3668e+00	1.8372	0.99807	 2.3683e+00	 9.9955e-01	 1.7034e+01	 1.0093e+00
81.963	 1.3672e+00	1.8385	0.99761	 2.3700e+00	 9.9963e-01	 1.7022e+01	 1.0092e+00
81.978	 1.3677e+00	1.8399	0.99764	 2.3718e+00	 9.9969e-01	 1.7011e+01	 1.0082e+00
81.993	 1.3683e+00	1.8412	0.99817	 2.3735e+00	 9.9967e-01	 1.6999e+01	 1.0099e+00
82.008	 1.3686e+00	1.8425	0.99735	 2.3753e+00	 9.9963e-01	 1.6987e+01	 1.0086e+00
82.023	 1.3684e+00	1.8439	0.99827	 2.3770e+00	 9.9955e-01	 1.6975e+01	 1.0105e+00
82.038	 1.3679e+00	1.8452	0.99702	 2.3788e+00	 9.9949e-01	 1.6964e+01	 1.0102e+00
82.053	 1.3672e+00	1.8465	0.99821	 2.3805e+00	 9.9939e-01	 1.6952e+01	 1.0084e+00
82.068	 1.3668e+00	1.8479	0.99755	 2.3823e+00	 9.9935e-01	 1.6940e+01	 1.0092e+00
82.083	 1.3669e+00	1.8492	0.99807	 2.3840e+00	 9.9935e-01	 1.6929e+01	 1.0099e+00
82.097	 1.3675e+00	1.8505	0.99784	 2.3858e+00	 9.9943e-01	 1.6917e+01	 1.0103e+00
82.112	 1.3685e+00	1.8519	0.99735	 2.3875e+00	 9.9955e-01	 1.6905e+01	 1.0091e+00
82.127	 1.3693e+00	1.8532	0.99811	 2.3893e+00	 9.9963e-01	 1.6894e+01	 1.0099e+00
82.142	 1.3700e+00	1.8546	0.99735	 2.3910e+00	 9.9965e-01	 1.6882e+01	 1.0087e+00
82.156	 1.3701e+00	1.8559	0.99814	 2.3928e+00	 9.9959e-01	 1.6870e+01	 1.0101e+00
82.171	 1.3699e+00	1.8573	0.99698	 2.3946e+00	 9.9959e-01	 1.6859e+01	 1.0098e+00
82.185	 1.3697e+00	1.8586	0.99837	 2.3963e+00	 9.9961e-01	 1.6847e+01	 1.0095e+00
82.2	 1.3695e+00	1.86	0.99761	 2.3981e+00	 9.9967e-01	 1.6836e+01	 1.0101e+00
82.214	 1.3700e+00	1.8613	0.99791	 2.3998e+00	 9.9973e-01	 1.6824e+01	 1.0095e+00
82.229	 1.3708e+00	1.8627	0.99811	 2.4016e+00	 9.9975e-01	 1.6812e+01	 1.0105e+00
82.243	 1.3719e+00	1.864	0.99781	 2.4034e+00	 9.9973e-01	 1.6801e+01	 1.0092e+00
82.258	 1.3729e+00	1.8654	0.99847	 2.4051e+00	 9.9969e-01	 1.6789e+01	 1.0113e+00
82.272	 1.3734e+00	1.8667	0.99731	 2.4069e+00	 9.9971e-01	 1.6778e+01	 1.0097e+00
82.286	 1.3735e+00	1.8681	0.99873	 2.4087e+00	 9.9973e-01	 1.6766e+01	 1.0095e+00
82.301	 1.3730e+00	1.8694	0.99721	 2.4105e+00	 9.9975e-01	 1.6754e+01	 1.0096e+00
82.315	 1.3726e+00	1.8708	0.99797	 2.4122e+00	 9.9969e-01	 1.6743e+01	 1.0087e+00
82.329	 1.3723e+00	1.8721	0.99774	 2.4140e+00	 9.9961e-01	 1.6731e+01	 1.0092e+00
82.343	 1.3723e+00	1.8735	0.99791	 2.4158e+00	 9.9955e-01	 1.6720e+01	 1.0085e+00
82.357	 1.3729e+00	1.8748	0.99801	 2.4176e+00	 9.9953e-01	 1.6708e+01	 1.0095e+00
82.371	 1.3735e+00	1.8762	0.99748	 2.4193e+00	 9.9959e-01	 1.6697e+01	 1.0084e+00
82.385	 1.3741e+00	1.8776	0.99847	 2.4211e+00	 9.9965e-01	 1.6685e+01	 1.0089e+00
82.399	 1.3743e+00	1.8789	0.99705	 2.4229e+00	 9.9971e-01	 1.6673e+01	 1.0087e+00
82.413	 1.3739e+00	1.8803	0.99837	 2.4247e+00	 9.9969e-01	 1.6662e+01	 1.0098e+00
82.427	 1.3731e+00	1.8816	0.99702	 2.4265e+00	 9.9967e-01	 1.6650e+01	 1.0094e+00
82.441	 1.3722e+00	1.883	0.99751	 2.4282e+00	 9.9959e-01	 1.6639e+01	 1.0084e+00
82.455	 1.3716e+00	1.8844	0.99768	 2.4300e+00	 9.9951e-01	 1.6627e+01	 1.0096e+00
82.469	 1.3713e+00	1.8857	0.99755	 2.4318e+00	 9.9945e-01	 1.6616e+01	 1.0084e+00
82.482	 1.3715e+00	1.8871	0.99755	 2.4336e+00	 9.9943e-01	 1.6605e+01	 1.0097e+00
82.496	 1.3720e+00	1.8885	0.99679	 2.4354e+00	 9.9949e-01	 1.6593e+01	 1.0082e+00
82.51	 1.3722e+00	1.8898	0.99827	 2.4372e+00	 9.9953e-01	 1.6582e+01	 1.0083e+00
82.523	 1.3723e+00	1.8912	0.99755	 2.4390e+00	 9.9957e-01	 1.6570e+01	 1.0081e+00
82.537	 1.3718e+00	1.8926	0.99847	 2.4408e+00	 9.9953e-01	 1.6559e+01	 1.0089e+00
82.551	 1.3711e+00	1.8939	0.99745	 2.4425e+00	 9.9953e-01	 1.6547e+01	 1.0089e+00
82.564	 1.3703e+00	1.8953	0.99801	 2.4443e+00	 9.9949e-01	 1.6536e+01	 1.0081e+00
82.578	 1.3697e+00	1.8967	0.99768	 2.4461e+00	 9.9943e-01	 1.6524e+01	 1.0094e+00
82.591	 1.3698e+00	1.898	0.99755	 2.4479e+00	 9.9941e-01	 1.6513e+01	 1.0085e+00
82.604	 1.3702e+00	1.8994	0.99844	 2.4497e+00	 9.9939e-01	 1.6502e+01	 1.0101e+00
82.618	 1.3710e+00	1.9008	0.99702	 2.4515e+00	 9.9945e-01	 1.6490e+01	 1.0093e+00
82.631	 1.3717e+00	1.9022	0.99827	 2.4533e+00	 9.9947e-01	 1.6479e+01	 1.0089e+00
82.644	 1.3720e+00	1.9035	0.99768	 2.4551e+00	 9.9955e-01	 1.6467e+01	 1.0073e+00
82.658	 1.3720e+00	1.9049	0.99824	 2.4569e+00	 9.9961e-01	 1.6456e+01	 1.0075e+00
82.671	 1.3715e+00	1.9063	0.99738	 2.4587e+00	 9.9963e-01	 1.6445e+01	 1.0092e+00
82.684	 1.3711e+00	1.9077	0.99781	 2.4605e+00	 9.9963e-01	 1.6433e+01	 1.0086e+00
82.697	 1.3708e+00	1.9091	0.99755	 2.4623e+00	 9.9961e-01	 1.6422e+01	 1.0096e+00
82.71	 1.3710e+00	1.9104	0.99715	 2.4641e+00	 9.9959e-01	 1.6410e+01	 1.0083e+00
82.723	 1.3716e+00	1.9118	0.99817	 2.4660e+00	 9.9957e-01	 1.6399e+01	 1.0088e+00
82.736	 1.3724e+00	1.9132	0.99692	 2.4678e+00	 9.9961e-01	 1.6388e+01	 1.0076e+00
82.749	 1.3731e+00	1.9146	0.99821	 2.4696e+00	 9.9963e-01	 1.6376e+01	 1.0089e+00
82.762	 1.3734e+00	1.916	0.99731	 2.4714e+00	 9.9965e-01	 1.6365e+01	 1.0093e+00
82.775	 1.3732e+00	1.9174	0.99784	 2.4732e+00	 9.9963e-01	 1.6354e+01	 1.0089e+00
82.788	 1.3727e+00	1.9187	0.99715	 2.4750e+00	 9.9959e-01	 1.6342e+01	 1.0091e+00
82.8	 1.3720e+00	1.9201	0.99758	 2.4769e+00	 9.9953e-01	 1.6331e+01	 1.0077e+00
82.813	 1.3718e+00	1.9215	0.9984	 2.4787e+00	 9.9945e-01	 1.6320e+01	 1.0093e+00
82.826	 1.3719e+00	1.9229	0.99784	 2.4805e+00	 9.9945e-01	 1.6309e+01	 1.0087e+00
82.838	 1.3725e+00	1.9243	0.9983	 2.4823e+00	 9.9949e-01	 1.6297e+01	 1.0101e+00
82.851	 1.3734e+00	1.9257	0.99728	 2.4841e+00	 9.9963e-01	 1.6286e+01	 1.0091e+00
82.864	 1.3741e+00	1.9271	0.9985	 2.4860e+00	 9.9973e-01	 1.6275e+01	 1.0090e+00
82.876	 1.3745e+00	1.9285	0.99748	 2.4878e+00	 9.9983e-01	 1.6263e+01	 1.0087e+00
82.889	 1.3744e+00	1.9299	0.99784	 2.4896e+00	 9.9985e-01	 1.6252e+01	 1.0087e+00
82.901	 1.3740e+00	1.9313	0.99771	 2.4914e+00	 9.9979e-01	 1.6241e+01	 1.0095e+00
82.914	 1.3735e+00	1.9327	0.99768	 2.4933e+00	 9.9967e-01	 1.6230e+01	 1.0079e+00
82.926	 1.3733e+00	1.9341	0.99794	 2.4951e+00	 9.9955e-01	 1.6218e+01	 1.0098e+00
82.938	 1.3736e+00	1.9355	0.99679	 2.4969e+00	 9.9949e-01	 1.6207e+01	 1.0087e+00
82.951	 1.3743e+00	1.9369	0.99814	 2.4988e+00	 9.9943e-01	 1.6196e+01	 1.0096e+00
82.963	 1.3753e+00	1.9383	0.99708	 2.5006e+00	 9.9945e-01	 1.6185e+01	 1.0088e+00
82.975	 1.3761e+00	1.9397	0.99811	 2.5024e+00	 9.9951e-01	 1.6173e+01	 1.0084e+00
82.987	 1.3765e+00	1.9411	0.99728	 2.5043e+00	 9.9959e-01	 1.6162e+01	 1.0084e+00
82.999	 1.3764e+00	1.9425	0.99778	 2.5061e+00	 9.9961e-01	 1.6151e+01	 1.0074e+00
83.011	 1.3759e+00	1.9439	0.99788	 2.5080e+00	 9.9959e-01	 1.6140e+01	 1.0086e+00
83.024	 1.3755e+00	1.9453	0.99745	 2.5098e+00	 9.9953e-01	 1.6129e+01	 1.0077e+00
83.036	 1.3751e+00	1.9467	0.99837	 2.5116e+00	 9.9949e-01	 1.6117e+01	 1.0091e+00
83.047	 1.3754e+00	1.9481	0.99718	 2.5135e+00	 9.9953e-01	 1.6106e+01	 1.0085e+00
83.059	 1.3761e+00	1.9495	0.99794	 2.5153e+00	 9.9957e-01	 1.6095e+01	 1.0094e+00
83.071	 1.3768e+00	1.9509	0.99718	 2.5172e+00	 9.9965e-01	 1.6084e+01	 1.0088e+00
83.083	 1.3776e+00	1.9523	0.99794	 2.5190e+00	 9.9965e-01	 1.6073e+01	 1.0085e+00
83.095	 1.3779e+00	1.9538	0.99731	 2.5209e+00	 9.9965e-01	 1.6062e+01	 1.0091e+00
83.107	 1.3777e+00	1.9552	0.99774	 2.5227e+00	 9.9963e-01	 1.6050e+01	 1.0079e+00
83.118	 1.3772e+00	1.9566	0.99827	 2.5246e+00	 9.9957e-01	 1.6039e+01	 1.0088e+00
83.13	 1.3766e+00	1.958	0.99738	 2.5264e+00	 9.9955e-01	 1.6028e+01	 1.0087e+00
83.142	 1.3764e+00	1.9594	0.99797	 2.5283e+00	 9.9953e-01	 1.6017e+01	 1.0112e+00
83.153	 1.3765e+00	1.9608	0.99715	 2.5302e+00	 9.9953e-01	 1.6006e+01	 1.0092e+00
83.165	 1.3772e+00	1.9622	0.99807	 2.5320e+00	 9.9951e-01	 1.5995e+01	 1.0076e+00
83.176	 1.3780e+00	1.9637	0.99721	 2.5339e+00	 9.9951e-01	 1.5984e+01	 1.0074e+00
83.188	 1.3786e+00	1.9651	0.99807	 2.5357e+00	 9.9953e-01	 1.5973e+01	 1.0085e+00
83.199	 1.3789e+00	1.9665	0.99738	 2.5376e+00	 9.9959e-01	 1.5961e+01	 1.0113e+00
83.211	 1.3786e+00	1.9679	0.99721	 2.5395e+00	 9.9959e-01	 1.5950e+01	 1.0104e+00
83.222	 1.3781e+00	1.9693	0.99791	 2.5413e+00	 9.9955e-01	 1.5939e+01	 1.0110e+00
83.233	 1.3775e+00	1.9708	0.99738	 2.5432e+00	 9.9955e-01	 1.5928e+01	 1.0109e+00
83.244	 1.3772e+00	1.9722	0.99794	 2.5451e+00	 9.9957e-01	 1.5917e+01	 1.0124e+00
83.256	 1.3773e+00	1.9736	0.99688	 2.5469e+00	 9.9961e-01	 1.5906e+01	 1.0093e+00
83.267	 1.3779e+00	1.975	0.99811	 2.5488e+00	 9.9963e-01	 1.5895e+01	 1.0078e+00
83.278	 1.3787e+00	1.9764	0.99771	 2.5507e+00	 9.9969e-01	 1.5884e+01	 1.0077e+00
83.289	 1.3793e+00	1.9779	0.99873	 2.5525e+00	 9.9971e-01	 1.5873e+01	 1.0069e+00
83.3	 1.3796e+00	1.9793	0.99801	 2.5544e+00	 9.9971e-01	 1.5862e+01	 1.0075e+00
83.311	 1.3793e+00	1.9807	0.99755	 2.5563e+00	 9.9967e-01	 1.5851e+01	 1.0073e+00
83.322	 1.3787e+00	1.9822	0.99821	 2.5582e+00	 9.9965e-01	 1.5840e+01	 1.0097e+00
83.333	 1.3782e+00	1.9836	0.99761	 2.5601e+00	 9.9967e-01	 1.5829e+01	 1.0080e+00
83.344	 1.3779e+00	1.985	0.99893	 2.5619e+00	 9.9963e-01	 1.5818e+01	 1.0073e+00
83.355	 1.3781e+00	1.9865	0.99771	 2.5638e+00	 9.9961e-01	 1.5807e+01	 1.0064e+00
83.365	 1.3787e+00	1.9879	0.99817	 2.5657e+00	 9.9953e-01	 1.5796e+01	 1.0068e+00
83.376	 1.3795e+00	1.9893	0.99738	 2.5676e+00	 9.9951e-01	 1.5785e+01	 1.0077e+00
83.387	 1.3801e+00	1.9908	0.99801	 2.5695e+00	 9.9949e-01	 1.5774e+01	 1.0075e+00
83.397	 1.3804e+00	1.9922	0.99781	 2.5714e+00	 9.9949e-01	 1.5763e+01	 1.0088e+00
83.408	 1.3802e+00	1.9937	0.99721	 2.5733e+00	 9.9953e-01	 1.5752e+01	 1.0071e+00
83.419	 1.3796e+00	1.9951	0.99824	 2.5751e+00	 9.9953e-01	 1.5741e+01	 1.0079e+00
83.429	 1.3791e+00	1.9965	0.99735	 2.5770e+00	 9.9955e-01	 1.5730e+01	 1.0072e+00
83.44	 1.3788e+00	1.998	0.99837	 2.5789e+00	 9.9957e-01	 1.5719e+01	 1.0078e+00
83.45	 1.3790e+00	1.9994	0.99715	 2.5808e+00	 9.9959e-01	 1.5708e+01	 1.0074e+00
83.461	 1.3796e+00	2.0009	0.99784	 2.5827e+00	 9.9959e-01	 1.5697e+01	 1.0075e+00
83.471	 1.3802e+00	2.0023	0.99738	 2.5846e+00	 9.9961e-01	 1.5686e+01	 1.0081e+00
83.481	 1.3809e+00	2.0038	0.99748	 2.5865e+00	 9.9965e-01	 1.5675e+01	 1.0065e+00
83.491	 1.3811e+00	2.0052	0.99748	 2.5884e+00	 9.9967e-01	 1.5664e+01	 1.0070e+00
83.502	 1.3808e+00	2.0067	0.99692	 2.5903e+00	 9.9967e-01	 1.5653e+01	 1.0058e+00
83.512	 1.3803e+00	2.0081	0.99824	 2.5922e+00	 9.9965e-01	 1.5643e+01	 1.0075e+00
83.522	 1.3796e+00	2.0096	0.99735	 2.5941e+00	 9.9965e-01	 1.5632e+01	 1.0058e+00
83.532	 1.3794e+00	2.011	0.9983	 2.5960e+00	 9.9965e-01	 1.5621e+01	 1.0051e+00
83.542	 1.3795e+00	2.0124	0.99705	 2.5979e+00	 9.9967e-01	 1.5610e+01	 1.0059e+00
83.552	 1.3801e+00	2.0139	0.99788	 2.5998e+00	 9.9963e-01	 1.5599e+01	 1.0066e+00
83.562	 1.3809e+00	2.0153	0.99768	 2.6017e+00	 9.9959e-01	 1.5588e+01	 1.0073e+00
83.572	 1.3814e+00	2.0168	0.99784	 2.6036e+00	 9.9953e-01	 1.5577e+01	 1.0061e+00
83.582	 1.3816e+00	2.0183	0.99791	 2.6055e+00	 9.9949e-01	 1.5566e+01	 1.0079e+00
83.592	 1.3811e+00	2.0197	0.99665	 2.6075e+00	 9.9953e-01	 1.5556e+01	 1.0066e+00
83.602	 1.3805e+00	2.0212	0.99804	 2.6094e+00	 9.9961e-01	 1.5545e+01	 1.0072e+00
83.611	 1.3797e+00	2.0226	0.99738	 2.6113e+00	 9.9977e-01	 1.5534e+01	 1.0067e+00
83.621	 1.3792e+00	2.0241	0.99834	 2.6132e+00	 9.9985e-01	 1.5523e+01	 1.0072e+00
83.631	 1.3793e+00	2.0255	0.99721	 2.6151e+00	 9.9987e-01	 1.5512e+01	 1.0069e+00
83.64	 1.3796e+00	2.027	0.99784	 2.6170e+00	 9.9981e-01	 1.5502e+01	 1.0063e+00
83.65	 1.3802e+00	2.0285	0.99771	 2.6190e+00	 9.9971e-01	 1.5491e+01	 1.0074e+00
83.659	 1.3806e+00	2.0299	0.99751	 2.6209e+00	 9.9963e-01	 1.5480e+01	 1.0059e+00
83.669	 1.3805e+00	2.0314	0.99794	 2.6228e+00	 9.9957e-01	 1.5469e+01	 1.0075e+00
83.678	 1.3801e+00	2.0328	0.99705	 2.6247e+00	 9.9955e-01	 1.5458e+01	 1.0066e+00
83.688	 1.3793e+00	2.0343	0.99821	 2.6267e+00	 9.9951e-01	 1.5448e+01	 1.0074e+00
83.697	 1.3786e+00	2.0358	0.99728	 2.6286e+00	 9.9955e-01	 1.5437e+01	 1.0072e+00
83.706	 1.3780e+00	2.0373	0.99811	 2.6305e+00	 9.9955e-01	 1.5426e+01	 1.0064e+00
83.716	 1.3781e+00	2.0387	0.99745	 2.6324e+00	 9.9953e-01	 1.5415e+01	 1.0066e+00
83.725	 1.3786e+00	2.0402	0.99768	 2.6344e+00	 9.9951e-01	 1.5405e+01	 1.0063e+00
83.734	 1.3793e+00	2.0417	0.99735	 2.6363e+00	 9.9949e-01	 1.5394e+01	 1.0074e+00
83.743	 1.3800e+00	2.0431	0.99715	 2.6382e+00	 9.9951e-01	 1.5383e+01	 1.0060e+00
83.752	 1.3801e+00	2.0446	0.99873	 2.6402e+00	 9.9953e-01	 1.5372e+01	 1.0068e+00
83.761	 1.3800e+00	2.0461	0.99751	 2.6421e+00	 9.9957e-01	 1.5362e+01	 1.0059e+00
83.77	 1.3795e+00	2.0476	0.99827	 2.6440e+00	 9.9959e-01	 1.5351e+01	 1.0066e+00
83.779	 1.3790e+00	2.049	0.99725	 2.6460e+00	 9.9961e-01	 1.5340e+01	 1.0073e+00
83.788	 1.3790e+00	2.0505	0.99794	 2.6479e+00	 9.9957e-01	 1.5329e+01	 1.0072e+00
83.797	 1.3794e+00	2.052	0.99755	 2.6499e+00	 9.9955e-01	 1.5319e+01	 1.0075e+00
83.806	 1.3802e+00	2.0535	0.99801	 2.6518e+00	 9.9953e-01	 1.5308e+01	 1.0067e+00
83.815	 1.3812e+00	2.055	0.99807	 2.6537e+00	 9.9953e-01	 1.5297e+01	 1.0078e+00
83.824	 1.3820e+00	2.0564	0.99725	 2.6557e+00	 9.9957e-01	 1.5287e+01	 1.0064e+00
83.832	 1.3825e+00	2.0579	0.9983	 2.6576e+00	 9.9959e-01	 1.5276e+01	 1.0078e+00
83.841	 1.3822e+00	2.0594	0.99688	 2.6596e+00	 9.9963e-01	 1.5265e+01	 1.0066e+00
83.849	 1.3818e+00	2.0609	0.99804	 2.6615e+00	 9.9961e-01	 1.5255e+01	 1.0066e+00
83.858	 1.3813e+00	2.0624	0.99774	 2.6635e+00	 9.9959e-01	 1.5244e+01	 1.0068e+00
83.867	 1.3811e+00	2.0639	0.99814	 2.6654e+00	 9.9957e-01	 1.5233e+01	 1.0056e+00
83.875	 1.3813e+00	2.0653	0.99731	 2.6674e+00	 9.9957e-01	 1.5223e+01	 1.0062e+00
83.883	 1.3819e+00	2.0668	0.99728	 2.6693e+00	 9.9953e-01	 1.5212e+01	 1.0061e+00
83.892	 1.3826e+00	2.0683	0.99794	 2.6713e+00	 9.9945e-01	 1.5202e+01	 1.0075e+00
83.9	 1.3830e+00	2.0698	0.99698	 2.6733e+00	 9.9943e-01	 1.5191e+01	 1.0064e+00
83.909	 1.3830e+00	2.0713	0.99801	 2.6752e+00	 9.9937e-01	 1.5180e+01	 1.0080e+00
83.917	 1.3825e+00	2.0728	0.99725	 2.6772e+00	 9.9941e-01	 1.5170e+01	 1.0072e+00
83.925	 1.3816e+00	2.0743	0.9983	 2.6791e+00	 9.9947e-01	 1.5159e+01	 1.0067e+00
83.933	 1.3807e+00	2.0758	0.99751	 2.6811e+00	 9.9955e-01	 1.5149e+01	 1.0073e+00
83.941	 1.3801e+00	2.0773	0.99797	 2.6831e+00	 9.9963e-01	 1.5138e+01	 1.0070e+00
83.949	 1.3800e+00	2.0788	0.99741	 2.6850e+00	 9.9969e-01	 1.5127e+01	 1.0080e+00
83.957	 1.3802e+00	2.0803	0.99685	 2.6870e+00	 9.9969e-01	 1.5117e+01	 1.0050e+00
83.965	 1.3805e+00	2.0818	0.99778	 2.6890e+00	 9.9961e-01	 1.5106e+01	 1.0065e+00
83.973	 1.3808e+00	2.0833	0.99692	 2.6910e+00	 9.9953e-01	 1.5096e+01	 1.0078e+00
83.981	 1.3805e+00	2.0848	0.99827	 2.6929e+00	 9.9941e-01	 1.5085e+01	 1.0083e+00
83.989	 1.3798e+00	2.0863	0.99712	 2.6949e+00	 9.9941e-01	 1.5075e+01	 1.0067e+00
83.997	 1.3788e+00	2.0878	0.99814	 2.6969e+00	 9.9943e-01	 1.5064e+01	 1.0071e+00
84.005	 1.3779e+00	2.0893	0.99761	 2.6989e+00	 9.9945e-01	 1.5054e+01	 1.0072e+00
84.012	 1.3774e+00	2.0908	0.99791	 2.7008e+00	 9.9943e-01	 1.5043e+01	 1.0063e+00
84.02	 1.3773e+00	2.0923	0.99788	 2.7028e+00	 9.9941e-01	 1.5032e+01	 1.0076e+00
84.028	 1.3778e+00	2.0938	0.99741	 2.7048e+00	 9.9947e-01	 1.5022e+01	 1.0064e+00
84.035	 1.3784e+00	2.0953	0.99827	 2.7068e+00	 9.9951e-01	 1.5011e+01	 1.0067e+00
84.043	 1.3789e+00	2.0968	0.99705	 2.7088e+00	 9.9955e-01	 1.5001e+01	 1.0058e+00
84.05	 1.3790e+00	2.0983	0.9983	 2.7108e+00	 9.9953e-01	 1.4990e+01	 1.0077e+00
84.058	 1.3787e+00	2.0998	0.99771	 2.7127e+00	 9.9955e-01	 1.4980e+01	 1.0070e+00
84.065	 1.3781e+00	2.1013	0.99821	 2.7147e+00	 9.9955e-01	 1.4969e+01	 1.0063e+00
84.073	 1.3777e+00	2.1028	0.99761	 2.7167e+00	 9.9959e-01	 1.4959e+01	 1.0079e+00
84.08	 1.3777e+00	2.1044	0.99817	 2.7187e+00	 9.9965e-01	 1.4949e+01	 1.0061e+00
84.087	 1.3781e+00	2.1059	0.99837	 2.7207e+00	 9.9965e-01	 1.4938e+01	 1.0070e+00
84.094	 1.3790e+00	2.1074	0.99712	 2.7227e+00	 9.9963e-01	 1.4928e+01	 1.0064e+00
84.102	 1.3801e+00	2.1089	0.99784	 2.7247e+00	 9.9955e-01	 1.4917e+01	 1.0078e+00
84.109	 1.3809e+00	2.1104	0.99728	 2.7267e+00	 9.9949e-01	 1.4907e+01	 1.0065e+00
84.116	 1.3813e+00	2.1119	0.99863	 2.7287e+00	 9.9941e-01	 1.4896e+01	 1.0068e+00
84.123	 1.3813e+00	2.1135	0.99758	 2.7307e+00	 9.9945e-01	 1.4886e+01	 1.0066e+00
84.13	 1.3809e+00	2.115	0.9983	 2.7327e+00	 9.9951e-01	 1.4875e+01	 1.0057e+00
84.137	 1.3806e+00	2.1165	0.99784	 2.7347e+00	 9.9959e-01	 1.4865e+01	 1.0063e+00
84.144	 1.3806e+00	2.118	0.99751	 2.7367e+00	 9.9965e-01	 1.4855e+01	 1.0055e+00
84.15	 1.3812e+00	2.1196	0.99764	 2.7387e+00	 9.9967e-01	 1.4844e+01	 1.0066e+00
84.157	 1.3819e+00	2.1211	0.99708	 2.7407e+00	 9.9971e-01	 1.4834e+01	 1.0048e+00
84.164	 1.3829e+00	2.1226	0.9983	 2.7427e+00	 9.9973e-01	 1.4823e+01	 1.0064e+00
84.171	 1.3836e+00	2.1241	0.99705	 2.7447e+00	 9.9977e-01	 1.4813e+01	 1.0061e+00
84.177	 1.3838e+00	2.1257	0.99797	 2.7468e+00	 9.9975e-01	 1.4803e+01	 1.0062e+00
84.184	 1.3836e+00	2.1272	0.99725	 2.7488e+00	 9.9975e-01	 1.4792e+01	 1.0062e+00
84.191	 1.3830e+00	2.1287	0.99804	 2.7508e+00	 9.9969e-01	 1.4782e+01	 1.0052e+00
84.197	 1.3825e+00	2.1303	0.99768	 2.7528e+00	 9.9963e-01	 1.4772e+01	 1.0060e+00
84.204	 1.3823e+00	2.1318	0.99738	 2.7548e+00	 9.9955e-01	 1.4761e+01	 1.0052e+00
84.21	 1.3826e+00	2.1333	0.9986	 2.7569e+00	 9.9947e-01	 1.4751e+01	 1.0071e+00
84.217	 1.3833e+00	2.1349	0.99725	 2.7589e+00	 9.9943e-01	 1.4741e+01	 1.0057e+00
84.223	 1.3841e+00	2.1364	0.99801	 2.7609e+00	 9.9937e-01	 1.4730e+01	 1.0056e+00
84.229	 1.3847e+00	2.1379	0.99738	 2.7629e+00	 9.9937e-01	 1.4720e+01	 1.0051e+00
84.236	 1.3848e+00	2.1395	0.9985	 2.7650e+00	 9.9935e-01	 1.4710e+01	 1.0057e+00
84.242	 1.3845e+00	2.141	0.99745	 2.7670e+00	 9.9941e-01	 1.4699e+01	 1.0072e+00
84.248	 1.3840e+00	2.1426	0.99748	 2.7690e+00	 9.9945e-01	 1.4689e+01	 1.0053e+00
84.254	 1.3834e+00	2.1441	0.99771	 2.7710e+00	 9.9945e-01	 1.4679e+01	 1.0054e+00
84.26	 1.3833e+00	2.1457	0.99774	 2.7731e+00	 9.9947e-01	 1.4668e+01	 1.0047e+00
84.266	 1.3836e+00	2.1472	0.99837	 2.7751e+00	 9.9949e-01	 1.4658e+01	 1.0061e+00
84.272	 1.3843e+00	2.1488	0.99695	 2.7771e+00	 9.9951e-01	 1.4648e+01	 1.0051e+00
84.278	 1.3851e+00	2.1503	0.99821	 2.7792e+00	 9.9951e-01	 1.4638e+01	 1.0065e+00
84.284	 1.3855e+00	2.1518	0.99708	 2.7812e+00	 9.9955e-01	 1.4627e+01	 1.0063e+00
84.29	 1.3856e+00	2.1534	0.99807	 2.7833e+00	 9.9955e-01	 1.4617e+01	 1.0054e+00
84.296	 1.3851e+00	2.155	0.99738	 2.7853e+00	 9.9955e-01	 1.4607e+01	 1.0061e+00
84.301	 1.3843e+00	2.1565	0.99731	 2.7874e+00	 9.9955e-01	 1.4596e+01	 1.0053e+00
84.307	 1.3836e+00	2.1581	0.99804	 2.7894e+00	 9.9955e-01	 1.4586e+01	 1.0061e+00
84.313	 1.3831e+00	2.1596	0.99748	 2.7914e+00	 9.9961e-01	 1.4576e+01	 1.0048e+00
84.318	 1.3832e+00	2.1612	0.99778	 2.7935e+00	 9.9967e-01	 1.4566e+01	 1.0056e+00
84.324	 1.3836e+00	2.1627	0.99639	 2.7955e+00	 9.9973e-01	 1.4556e+01	 1.0047e+00
84.33	 1.3841e+00	2.1643	0.99811	 2.7976e+00	 9.9967e-01	 1.4545e+01	 1.0056e+00
84.335	 1.3843e+00	2.1658	0.99708	 2.7996e+00	 9.9961e-01	 1.4535e+01	 1.0061e+00
84.341	 1.3841e+00	2.1674	0.99728	 2.8017e+00	 9.9951e-01	 1.4525e+01	 1.0056e+00
84.346	 1.3833e+00	2.169	0.99748	 2.8038e+00	 9.9941e-01	 1.4515e+01	 1.0058e+00
84.351	 1.3823e+00	2.1705	0.99768	 2.8058e+00	 9.9935e-01	 1.4505e+01	 1.0047e+00
84.357	 1.3813e+00	2.1721	0.9983	 2.8079e+00	 9.9937e-01	 1.4494e+01	 1.0061e+00
84.362	 1.3807e+00	2.1737	0.99745	 2.8099e+00	 9.9943e-01	 1.4484e+01	 1.0050e+00
84.367	 1.3806e+00	2.1752	0.99837	 2.8120e+00	 9.9949e-01	 1.4474e+01	 1.0061e+00
84.372	 1.3808e+00	2.1768	0.99682	 2.8141e+00	 9.9961e-01	 1.4464e+01	 1.0054e+00
84.377	 1.3811e+00	2.1784	0.99788	 2.8161e+00	 9.9965e-01	 1.4454e+01	 1.0051e+00
84.382	 1.3811e+00	2.18	0.99748	 2.8182e+00	 9.9967e-01	 1.4444e+01	 1.0054e+00
84.387	 1.3806e+00	2.1815	0.99768	 2.8202e+00	 9.9963e-01	 1.4433e+01	 1.0049e+00
84.392	 1.3798e+00	2.1831	0.99781	 2.8223e+00	 9.9957e-01	 1.4423e+01	 1.0065e+00
84.397	 1.3786e+00	2.1847	0.99771	 2.8244e+00	 9.9955e-01	 1.4413e+01	 1.0054e+00
84.402	 1.3776e+00	2.1862	0.99797	 2.8265e+00	 9.9955e-01	 1.4403e+01	 1.0067e+00
84.407	 1.3769e+00	2.1878	0.99652	 2.8285e+00	 9.9961e-01	 1.4393e+01	 1.0051e+00
84.412	 1.3768e+00	2.1894	0.99801	 2.8306e+00	 9.9963e-01	 1.4383e+01	 1.0047e+00
84.417	 1.3770e+00	2.191	0.99738	 2.8327e+00	 9.9969e-01	 1.4373e+01	 1.0046e+00
84.421	 1.3774e+00	2.1926	0.99821	 2.8348e+00	 9.9971e-01	 1.4363e+01	 1.0054e+00
84.426	 1.3776e+00	2.1941	0.99725	 2.8368e+00	 9.9973e-01	 1.4352e+01	 1.0067e+00
84.431	 1.3775e+00	2.1957	0.99751	 2.8389e+00	 9.9975e-01	 1.4342e+01	 1.0062e+00
84.435	 1.3769e+00	2.1973	0.99824	 2.8410e+00	 9.9971e-01	 1.4332e+01	 1.0070e+00
84.44	 1.3762e+00	2.1989	0.99741	 2.8431e+00	 9.9969e-01	 1.4322e+01	 1.0052e+00
84.444	 1.3756e+00	2.2005	0.99788	 2.8452e+00	 9.9965e-01	 1.4312e+01	 1.0067e+00
84.449	 1.3755e+00	2.2021	0.99705	 2.8473e+00	 9.9967e-01	 1.4302e+01	 1.0056e+00
84.453	 1.3759e+00	2.2037	0.99827	 2.8494e+00	 9.9967e-01	 1.4292e+01	 1.0054e+00
84.457	 1.3768e+00	2.2052	0.99712	 2.8515e+00	 9.9963e-01	 1.4282e+01	 1.0052e+00
84.461	 1.3779e+00	2.2068	0.99801	 2.8535e+00	 9.9955e-01	 1.4272e+01	 1.0051e+00
84.466	 1.3788e+00	2.2084	0.99768	 2.8556e+00	 9.9945e-01	 1.4262e+01	 1.0053e+00
84.47	 1.3793e+00	2.21	0.99755	 2.8577e+00	 9.9941e-01	 1.4252e+01	 1.0041e+00
84.474	 1.3794e+00	2.2116	0.99781	 2.8598e+00	 9.9945e-01	 1.4242e+01	 1.0059e+00
84.478	 1.3794e+00	2.2132	0.99721	 2.8619e+00	 9.9955e-01	 1.4232e+01	 1.0050e+00
84.482	 1.3795e+00	2.2148	0.99811	 2.8640e+00	 9.9963e-01	 1.4222e+01	 1.0050e+00
84.486	 1.3800e+00	2.2164	0.99636	 2.8661e+00	 9.9971e-01	 1.4212e+01	 1.0049e+00
84.49	 1.3809e+00	2.218	0.99735	 2.8682e+00	 9.9969e-01	 1.4202e+01	 1.0061e+00
84.494	 1.3823e+00	2.2196	0.99682	 2.8703e+00	 9.9965e-01	 1.4192e+01	 1.0060e+00
84.498	 1.3837e+00	2.2212	0.99761	 2.8724e+00	 9.9961e-01	 1.4182e+01	 1.0049e+00
84.502	 1.3849e+00	2.2228	0.99735	 2.8746e+00	 9.9955e-01	 1.4172e+01	 1.0058e+00
84.505	 1.3855e+00	2.2244	0.99751	 2.8767e+00	 9.9949e-01	 1.4162e+01	 1.0046e+00
84.509	 1.3858e+00	2.226	0.99807	 2.8788e+00	 9.9941e-01	 1.4152e+01	 1.0061e+00
84.513	 1.3856e+00	2.2276	0.99692	 2.8809e+00	 9.9943e-01	 1.4142e+01	 1.0053e+00
84.516	 1.3855e+00	2.2292	0.99844	 2.8830e+00	 9.9945e-01	 1.4132e+01	 1.0057e+00
84.52	 1.3857e+00	2.2309	0.99748	 2.8851e+00	 9.9951e-01	 1.4122e+01	 1.0045e+00
84.524	 1.3863e+00	2.2325	0.99807	 2.8872e+00	 9.9959e-01	 1.4112e+01	 1.0041e+00
84.527	 1.3871e+00	2.2341	0.99764	 2.8893e+00	 9.9965e-01	 1.4102e+01	 1.0052e+00
84.53	 1.3879e+00	2.2357	0.99824	 2.8915e+00	 9.9965e-01	 1.4092e+01	 1.0047e+00
84.534	 1.3883e+00	2.2373	0.99797	 2.8936e+00	 9.9961e-01	 1.4082e+01	 1.0054e+00
84.537	 1.3881e+00	2.2389	0.99738	 2.8957e+00	 9.9953e-01	 1.4072e+01	 1.0038e+00
84.54	 1.3875e+00	2.2405	0.9984	 2.8978e+00	 9.9945e-01	 1.4062e+01	 1.0053e+00
84.544	 1.3864e+00	2.2421	0.99764	 2.8999e+00	 9.9949e-01	 1.4053e+01	 1.0046e+00
84.547	 1.3854e+00	2.2438	0.99824	 2.9021e+00	 9.9955e-01	 1.4043e+01	 1.0041e+00
84.55	 1.3847e+00	2.2454	0.99688	 2.9042e+00	 9.9963e-01	 1.4033e+01	 1.0040e+00
84.553	 1.3843e+00	2.247	0.99768	 2.9063e+00	 9.9963e-01	 1.4023e+01	 1.0051e+00
84.556	 1.3843e+00	2.2486	0.99731	 2.9085e+00	 9.9969e-01	 1.4013e+01	 1.0059e+00
84.559	 1.3842e+00	2.2502	0.99794	 2.9106e+00	 9.9981e-01	 1.4003e+01	 1.0041e+00
84.562	 1.3838e+00	2.2519	0.99817	 2.9127e+00	 9.9991e-01	 1.3993e+01	 1.0053e+00
84.565	 1.3830e+00	2.2535	0.99725	 2.9149e+00	 9.9995e-01	 1.3983e+01	 1.0041e+00
84.568	 1.3817e+00	2.2551	0.99781	 2.9170e+00	 9.9979e-01	 1.3974e+01	 1.0051e+00
84.571	 1.3802e+00	2.2567	0.99669	 2.9192e+00	 9.9949e-01	 1.3964e+01	 1.0040e+00
84.574	 1.3789e+00	2.2584	0.99811	 2.9213e+00	 9.9918e-01	 1.3954e+01	 1.0047e+00
84.576	 1.3780e+00	2.26	0.99745	 2.9234e+00	 9.9902e-01	 1.3944e+01	 1.0047e+00
84.579	 1.3777e+00	2.2616	0.99811	 2.9256e+00	 9.9900e-01	 1.3934e+01	 1.0042e+00
84.582	 1.3777e+00	2.2632	0.99745	 2.9277e+00	 9.9916e-01	 1.3924e+01	 1.0051e+00
84.584	 1.3780e+00	2.2649	0.99764	 2.9299e+00	 9.9945e-01	 1.3915e+01	 1.0039e+00
84.587	 1.3781e+00	2.2665	0.99821	 2.9320e+00	 9.9965e-01	 1.3905e+01	 1.0047e+00
84.589	 1.3778e+00	2.2681	0.99675	 2.9342e+00	 9.9967e-01	 1.3895e+01	 1.0039e+00
84.592	 1.3772e+00	2.2698	0.99764	 2.9363e+00	 9.9945e-01	 1.3885e+01	 1.0054e+00
84.594	 1.3765e+00	2.2714	0.99685	 2.9385e+00	 9.9926e-01	 1.3875e+01	 1.0047e+00
84.596	 1.3761e+00	2.2731	0.99807	 2.9407e+00	 9.9922e-01	 1.3866e+01	 1.0056e+00
84.599	 1.3761e+00	2.2747	0.99731	 2.9428e+00	 9.9937e-01	 1.3856e+01	 1.0058e+00
84.601	 1.3767e+00	2.2763	0.99768	 2.9450e+00	 9.9955e-01	 1.3846e+01	 1.0045e+00
84.603	 1.3777e+00	2.278	0.99748	 2.9471e+00	 9.9967e-01	 1.3836e+01	 1.0055e+00
84.605	 1.3788e+00	2.2796	0.99735	 2.9493e+00	 9.9971e-01	 1.3827e+01	 1.0041e+00
84.607	 1.3798e+00	2.2813	0.99807	 2.9515e+00	 9.9963e-01	 1.3817e+01	 1.0056e+00
84.609	 1.3802e+00	2.2829	0.99698	 2.9536e+00	 9.9955e-01	 1.3807e+01	 1.0049e+00
84.611	 1.3802e+00	2.2845	0.9983	 2.9558e+00	 9.9947e-01	 1.3797e+01	 1.0055e+00
	 nan	2.2862	0.99705	 2.9580e+00	 9.9949e-01	 1.3788e+01	 1.0049e+00
	 nan	2.2878	0.99725	 2.9601e+00	 9.9951e-01	 1.3778e+01	 1.0052e+00
	 nan	2.2895	0.99708	 2.9623e+00	 9.9955e-01	 1.3768e+01	 1.0056e+00
	 nan	2.2911	0.99784	 2.9645e+00	 9.9957e-01	 1.3758e+01	 1.0047e+00
	 nan	2.2928	0.99758	 2.9666e+00	 9.9953e-01	 1.3749e+01	 1.0053e+00
	 nan	2.2945	0.99738	 2.9688e+00	 9.9953e-01	 1.3739e+01	 1.0041e+00
	 nan	2.2961	0.99837	 2.9710e+00	 9.9951e-01	 1.3729e+01	 1.0063e+00
	 nan	2.2978	0.99698	 2.9732e+00	 9.9955e-01	 1.3720e+01	 1.0051e+00
	 nan	2.2994	0.99784	 2.9754e+00	 9.9955e-01	 1.3710e+01	 1.0047e+00
	 nan	2.3011	0.99688	 2.9775e+00	 9.9961e-01	 1.3700e+01	 1.0050e+00
	 nan	2.3027	0.99804	 2.9797e+00	 9.9961e-01	 1.3691e+01	 1.0045e+00
	 nan	2.3044	0.99755	 2.9819e+00	 9.9963e-01	 1.3681e+01	 1.0049e+00
	 nan	2.3061	0.99764	 2.9841e+00	 9.9959e-01	 1.3671e+01	 1.0047e+00
	 nan	2.3077	0.99801	 2.9863e+00	 9.9957e-01	 1.3662e+01	 1.0053e+00
	 nan	2.3094	0.99745	 2.9885e+00	 9.9959e-01	 1.3652e+01	 1.0039e+00
	 nan	2.3111	0.99827	 2.9907e+00	 9.9957e-01	 1.3642e+01	 1.0056e+00
	 nan	2.3127	0.99669	 2.9929e+00	 9.9955e-01	 1.3633e+01	 1.0042e+00
	 nan	2.3144	0.99788	 2.9951e+00	 9.9951e-01	 1.3623e+01	 1.0039e+00
	 nan	2.3161	0.99738	 2.9973e+00	 9.9951e-01	 1.3614e+01	 1.0045e+00
	 nan	2.3177	0.9984	 2.9995e+00	 9.9949e-01	 1.3604e+01	 1.0049e+00
	 nan	2.3194	0.99811	 3.0017e+00	 9.9949e-01	 1.3594e+01	 1.0059e+00
	 nan	2.3211	0.99755	 3.0039e+00	 9.9953e-01	 1.3585e+01	 1.0041e+00
	 nan	2.3228	0.99761	 3.0061e+00	 9.9957e-01	 1.3575e+01	 1.0050e+00
	 nan	2.3244	0.99735	 3.0083e+00	 9.9965e-01	 1.3566e+01	 1.0043e+00
	 nan	2.3261	0.99877	 3.0105e+00	 9.9967e-01	 1.3556e+01	 1.0052e+00
	 nan	2.3278	0.99728	 3.0127e+00	 9.9973e-01	 1.3546e+01	 1.0042e+00
	 nan	2.3295	0.99807	 3.0149e+00	 9.9971e-01	 1.3537e+01	 1.0050e+00
	 nan	2.3311	0.99712	 3.0171e+00	 9.9967e-01	 1.3527e+01	 1.0053e+00
	 nan	2.3328	0.99728	 3.0193e+00	 9.9959e-01	 1.3518e+01	 1.0043e+00
	 nan	2.3345	0.99738	 3.0215e+00	 9.9951e-01	 1.3508e+01	 1.0049e+00
	 nan	2.3362	0.99741	 3.0237e+00	 9.9945e-01	 1.3499e+01	 1.0033e+00
	 nan	2.3379	0.99784	 3.0259e+00	 9.9941e-01	 1.3489e+01	 1.0054e+00
	 nan	2.3396	0.99682	 3.0281e+00	 9.9943e-01	 1.3480e+01	 1.0048e+00
	 nan	2.3413	0.99821	 3.0304e+00	 9.9941e-01	 1.3470e+01	 1.0052e+00
	 nan	2.3429	0.99705	 3.0326e+00	 9.9943e-01	 1.3461e+01	 1.0045e+00
	 nan	2.3446	0.99807	 3.0348e+00	 9.9945e-01	 1.3451e+01	 1.0047e+00
	 nan	2.3463	0.99718	 3.0370e+00	 9.9951e-01	 1.3442e+01	 1.0046e+00
	 nan	2.348	0.99764	 3.0392e+00	 9.9959e-01	 1.3432e+01	 1.0038e+00
	 nan	2.3497	0.99791	 3.0415e+00	 9.9967e-01	 1.3423e+01	 1.0055e+00
	 nan	2.3514	0.99725	 3.0437e+00	 9.9973e-01	 1.3413e+01	 1.0043e+00
	 nan	2.3531	0.99768	 3.0459e+00	 9.9969e-01	 1.3404e+01	 1.0057e+00
	 nan	2.3548	0.99688	 3.0482e+00	 9.9963e-01	 1.3394e+01	 1.0045e+00
	 nan	2.3565	0.99837	 3.0504e+00	 9.9951e-01	 1.3385e+01	 1.0042e+00
	 nan	2.3582	0.99708	 3.0526e+00	 9.9949e-01	 1.3375e+01	 1.0040e+00
	 nan	2.3599	0.99821	 3.0549e+00	 9.9945e-01	 1.3366e+01	 1.0041e+00
	 nan	2.3616	0.99804	 3.0571e+00	 9.9947e-01	 1.3356e+01	 1.0047e+00
	 nan	2.3633	0.99768	 3.0593e+00	 9.9947e-01	 1.3347e+01	 1.0036e+00
	 nan	2.365	0.99774	 3.0616e+00	 9.9947e-01	 1.3337e+01	 1.0049e+00
	 nan	2.3667	0.99738	 3.0638e+00	 9.9947e-01	 1.3328e+01	 1.0038e+00
	 nan	2.3685	0.99807	 3.0661e+00	 9.9941e-01	 1.3318e+01	 1.0050e+00
	 nan	2.3702	0.99679	 3.0683e+00	 9.9943e-01	 1.3309e+01	 1.0043e+00
	 nan	2.3719	0.99837	 3.0706e+00	 9.9943e-01	 1.3300e+01	 1.0045e+00
	 nan	2.3736	0.99721	 3.0728e+00	 9.9949e-01	 1.3290e+01	 1.0047e+00
	 nan	2.3753	0.99768	 3.0751e+00	 9.9955e-01	 1.3281e+01	 1.0041e+00
	 nan	2.377	0.99745	 3.0773e+00	 9.9957e-01	 1.3271e+01	 1.0047e+00
	 nan	2.3788	0.99728	 3.0796e+00	 9.9957e-01	 1.3262e+01	 1.0033e+00
	 nan	2.3805	0.99768	 3.0818e+00	 9.9957e-01	 1.3253e+01	 1.0050e+00
	 nan	2.3822	0.99695	 3.0841e+00	 9.9961e-01	 1.3243e+01	 1.0042e+00
	 nan	2.3839	0.99821	 3.0864e+00	 9.9967e-01	 1.3234e+01	 1.0047e+00
	 nan	2.3857	0.99705	 3.0886e+00	 9.9969e-01	 1.3225e+01	 1.0042e+00
	 nan	2.3874	0.99811	 3.0909e+00	 9.9965e-01	 1.3215e+01	 1.0041e+00
	 nan	2.3891	0.99728	 3.0931e+00	 9.9963e-01	 1.3206e+01	 1.0045e+00
	 nan	2.3908	0.99764	 3.0954e+00	 9.9959e-01	 1.3196e+01	 1.0040e+00
	 nan	2.3926	0.99778	 3.0977e+00	 9.9957e-01	 1.3187e+01	 1.0050e+00
	 nan	2.3943	0.99758	 3.0999e+00	 9.9955e-01	 1.3178e+01	 1.0038e+00
	 nan	2.396	0.99794	 3.1022e+00	 9.9951e-01	 1.3168e+01	 1.0049e+00
	 nan	2.3978	0.99695	 3.1045e+00	 9.9951e-01	 1.3159e+01	 1.0043e+00
	 nan	2.3995	0.99821	 3.1068e+00	 9.9945e-01	 1.3150e+01	 1.0054e+00
	 nan	2.4012	0.99698	 3.1090e+00	 9.9945e-01	 1.3141e+01	 1.0049e+00
	 nan	2.403	0.99817	 3.1113e+00	 9.9945e-01	 1.3131e+01	 1.0045e+00
	 nan	2.4047	0.99745	 3.1136e+00	 9.9947e-01	 1.3122e+01	 1.0051e+00
	 nan	2.4064	0.99738	 3.1159e+00	 9.9947e-01	 1.3113e+01	 1.0045e+00
	 nan	2.4082	0.99748	 3.1182e+00	 9.9947e-01	 1.3103e+01	 1.0056e+00
	 nan	2.4099	0.99708	 3.1204e+00	 9.9949e-01	 1.3094e+01	 1.0045e+00
	 nan	2.4117	0.99807	 3.1227e+00	 9.9949e-01	 1.3085e+01	 1.0052e+00
	 nan	2.4134	0.99705	 3.1250e+00	 9.9955e-01	 1.3076e+01	 1.0036e+00
	 nan	2.4152	0.99797	 3.1273e+00	 9.9957e-01	 1.3066e+01	 1.0036e+00
	 nan	2.4169	0.99698	 3.1296e+00	 9.9961e-01	 1.3057e+01	 1.0043e+00
	 nan	2.4186	0.99794	 3.1319e+00	 9.9961e-01	 1.3048e+01	 1.0046e+00
	 nan	2.4204	0.99761	 3.1342e+00	 9.9957e-01	 1.3039e+01	 1.0049e+00
	 nan	2.4221	0.99741	 3.1365e+00	 9.9953e-01	 1.3029e+01	 1.0031e+00
	 nan	2.4239	0.99755	 3.1388e+00	 9.9949e-01	 1.3020e+01	 1.0043e+00
	 nan	2.4256	0.99692	 3.1411e+00	 9.9949e-01	 1.3011e+01	 1.0029e+00
	 nan	2.4274	0.99847	 3.1434e+00	 9.9953e-01	 1.3002e+01	 1.0043e+00
	 nan	2.4291	0.99764	 3.1457e+00	 9.9961e-01	 1.2992e+01	 1.0037e+00
	 nan	2.4309	0.99817	 3.1480e+00	 9.9961e-01	 1.2983e+01	 1.0037e+00
	 nan	2.4327	0.99695	 3.1503e+00	 9.9961e-01	 1.2974e+01	 1.0044e+00
	 nan	2.4344	0.99741	 3.1526e+00	 9.9955e-01	 1.2965e+01	 1.0036e+00
	 nan	2.4362	0.99738	 3.1549e+00	 9.9945e-01	 1.2956e+01	 1.0050e+00
	 nan	2.4379	0.99738	 3.1572e+00	 9.9937e-01	 1.2946e+01	 1.0034e+00
	 nan	2.4397	0.99784	 3.1596e+00	 9.9930e-01	 1.2937e+01	 1.0046e+00
	 nan	2.4415	0.99675	 3.1619e+00	 9.9935e-01	 1.2928e+01	 1.0036e+00
	 nan	2.4432	0.99807	 3.1642e+00	 9.9939e-01	 1.2919e+01	 1.0047e+00
	 nan	2.445	0.99725	 3.1665e+00	 9.9949e-01	 1.2910e+01	 1.0040e+00
	 nan	2.4468	0.99821	 3.1688e+00	 9.9955e-01	 1.2901e+01	 1.0044e+00
	 nan	2.4485	0.99745	 3.1712e+00	 9.9959e-01	 1.2892e+01	 1.0048e+00
	 nan	2.4503	0.99758	 3.1735e+00	 9.9959e-01	 1.2882e+01	 1.0039e+00
	 nan	2.4521	0.99741	 3.1758e+00	 9.9959e-01	 1.2873e+01	 1.0043e+00
	 nan	2.4538	0.99682	 3.1781e+00	 9.9959e-01	 1.2864e+01	 1.0028e+00
	 nan	2.4556	0.99781	 3.1804e+00	 9.9955e-01	 1.2855e+01	 1.0043e+00
	 nan	2.4574	0.99718	 3.1828e+00	 9.9955e-01	 1.2846e+01	 1.0033e+00
	 nan	2.4592	0.99791	 3.1851e+00	 9.9951e-01	 1.2837e+01	 1.0040e+00
	 nan	2.4609	0.99679	 3.1874e+00	 9.9951e-01	 1.2828e+01	 1.0040e+00
	 nan	2.4627	0.99827	 3.1898e+00	 9.9947e-01	 1.2819e+01	 1.0039e+00
	 nan	2.4645	0.99741	 3.1921e+00	 9.9943e-01	 1.2809e+01	 1.0046e+00
	 nan	2.4663	0.99741	 3.1944e+00	 9.9941e-01	 1.2800e+01	 1.0038e+00
	 nan	2.4681	0.99781	 3.1968e+00	 9.9941e-01	 1.2791e+01	 1.0050e+00
	 nan	2.4698	0.99741	 3.1991e+00	 9.9945e-01	 1.2782e+01	 1.0038e+00
	 nan	2.4716	0.99834	 3.2015e+00	 9.9951e-01	 1.2773e+01	 1.0049e+00
	 nan	2.4734	0.99731	 3.2038e+00	 9.9957e-01	 1.2764e+01	 1.0034e+00
	 nan	2.4752	0.99804	 3.2062e+00	 9.9957e-01	 1.2755e+01	 1.0037e+00
	 nan	2.477	0.99692	 3.2085e+00	 9.9955e-01	 1.2746e+01	 1.0040e+00
	 nan	2.4788	0.99807	 3.2108e+00	 9.9949e-01	 1.2737e+01	 1.0041e+00
	 nan	2.4806	0.99761	 3.2132e+00	 9.9943e-01	 1.2728e+01	 1.0045e+00
	 nan	2.4824	0.99741	 3.2155e+00	 9.9945e-01	 1.2719e+01	 1.0032e+00
	 nan	2.4842	0.99768	 3.2179e+00	 9.9947e-01	 1.2710e+01	 1.0039e+00
	 nan	2.486	0.99669	 3.2203e+00	 9.9951e-01	 1.2701e+01	 1.0035e+00
	 nan	2.4878	0.99748	 3.2226e+00	 9.9951e-01	 1.2692e+01	 1.0042e+00
	 nan	2.4896	0.99679	 3.2250e+00	 9.9953e-01	 1.2683e+01	 1.0033e+00
	 nan	2.4914	0.9987	 3.2273e+00	 9.9951e-01	 1.2674e+01	 1.0042e+00
	 nan	2.4932	0.99774	 3.2297e+00	 9.9953e-01	 1.2665e+01	 1.0042e+00
	 nan	2.495	0.99761	 3.2321e+00	 9.9959e-01	 1.2656e+01	 1.0034e+00
	 nan	2.4968	0.99755	 3.2344e+00	 9.9965e-01	 1.2647e+01	 1.0047e+00
	 nan	2.4986	0.99738	 3.2368e+00	 9.9973e-01	 1.2638e+01	 1.0038e+00
	 nan	2.5004	0.99755	 3.2392e+00	 9.9977e-01	 1.2629e+01	 1.0056e+00
	 nan	2.5022	0.99639	 3.2415e+00	 9.9977e-01	 1.2620e+01	 1.0038e+00
	 nan	2.504	0.99797	 3.2439e+00	 9.9969e-01	 1.2611e+01	 1.0042e+00
	 nan	2.5058	0.99725	 3.2463e+00	 9.9969e-01	 1.2602e+01	 1.0032e+00
	 nan	2.5076	0.9984	 3.2487e+00	 9.9971e-01	 1.2593e+01	 1.0031e+00
	 nan	2.5094	0.99751	 3.2510e+00	 9.9975e-01	 1.2584e+01	 1.0038e+00
	 nan	2.5112	0.99784	 3.2534e+00	 9.9975e-01	 1.2575e+01	 1.0030e+00
	 nan	2.5131	0.99797	 3.2558e+00	 9.9967e-01	 1.2566e+01	 1.0044e+00
	 nan	2.5149	0.99738	 3.2582e+00	 9.9963e-01	 1.2557e+01	 1.0028e+00
	 nan	2.5167	0.99807	 3.2606e+00	 9.9957e-01	 1.2548e+01	 1.0036e+00
	 nan	2.5185	0.99708	 3.2630e+00	 9.9959e-01	 1.2539e+01	 1.0028e+00
	 nan	2.5203	0.99827	 3.2653e+00	 9.9961e-01	 1.2531e+01	 1.0038e+00
	 nan	2.5221	0.99702	 3.2677e+00	 9.9963e-01	 1.2522e+01	 1.0034e+00
	 nan	2.524	0.99784	 3.2701e+00	 9.9961e-01	 1.2513e+01	 1.0031e+00
	 nan	2.5258	0.99745	 3.2725e+00	 9.9959e-01	 1.2504e+01	 1.0040e+00
	 nan	2.5276	0.99771	 3.2749e+00	 9.9955e-01	 1.2495e+01	 1.0031e+00
	 nan	2.5294	0.99791	 3.2773e+00	 9.9947e-01	 1.2486e+01	 1.0035e+00
	 nan	2.5313	0.99718	 3.2797e+00	 9.9943e-01	 1.2477e+01	 1.0019e+00
	 nan	2.5331	0.99788	 3.2821e+00	 9.9939e-01	 1.2468e+01	 1.0029e+00
	 nan	2.5349	0.99682	 3.2845e+00	 9.9941e-01	 1.2460e+01	 1.0025e+00
	 nan	2.5368	0.99827	 3.2869e+00	 9.9939e-01	 1.2451e+01	 1.0037e+00
	 nan	2.5386	0.99731	 3.2893e+00	 9.9939e-01	 1.2442e+01	 1.0038e+00
	 nan	2.5404	0.99794	 3.2917e+00	 9.9941e-01	 1.2433e+01	 1.0031e+00
	 nan	2.5423	0.99741	 3.2941e+00	 9.9949e-01	 1.2424e+01	 1.0038e+00
	 nan	2.5441	0.99695	 3.2965e+00	 9.9957e-01	 1.2415e+01	 1.0027e+00
	 nan	2.5459	0.99758	 3.2989e+00	 9.9961e-01	 1.2406e+01	 1.0039e+00
	 nan	2.5478	0.99715	 3.3014e+00	 9.9965e-01	 1.2398e+01	 1.0025e+00
	 nan	2.5496	0.99778	 3.3038e+00	 9.9963e-01	 1.2389e+01	 1.0034e+00
	 nan	2.5515	0.99642	 3.3062e+00	 9.9961e-01	 1.2380e+01	 1.0028e+00
	 nan	2.5533	0.99794	 3.3086e+00	 9.9953e-01	 1.2371e+01	 1.0035e+00
	 nan	2.5552	0.99751	 3.3110e+00	 9.9951e-01	 1.2362e+01	 1.0044e+00
	 nan	2.557	0.99781	 3.3135e+00	 9.9949e-01	 1.2354e+01	 1.0037e+00
	 nan	2.5588	0.99758	 3.3159e+00	 9.9953e-01	 1.2345e+01	 1.0042e+00
	 nan	2.5607	0.99741	 3.3183e+00	 9.9957e-01	 1.2336e+01	 1.0025e+00
	 nan	2.5625	0.99801	 3.3207e+00	 9.9957e-01	 1.2327e+01	 1.0038e+00
	 nan	2.5644	0.99682	 3.3232e+00	 9.9957e-01	 1.2319e+01	 1.0026e+00
	 nan	2.5662	0.99824	 3.3256e+00	 9.9951e-01	 1.2310e+01	 1.0037e+00
	 nan	2.5681	0.99755	 3.3280e+00	 9.9949e-01	 1.2301e+01	 1.0028e+00
	 nan	2.5699	0.99844	 3.3305e+00	 9.9949e-01	 1.2292e+01	 1.0028e+00
	 nan	2.5718	0.99712	 3.3329e+00	 9.9953e-01	 1.2284e+01	 1.0031e+00
	 nan	2.5737	0.99738	 3.3353e+00	 9.9961e-01	 1.2275e+01	 1.0021e+00
	 nan	2.5755	0.99748	 3.3378e+00	 9.9971e-01	 1.2266e+01	 1.0035e+00
	 nan	2.5774	0.99685	 3.3402e+00	 9.9975e-01	 1.2257e+01	 1.0023e+00
	 nan	2.5792	0.99751	 3.3427e+00	 9.9967e-01	 1.2249e+01	 1.0032e+00
	 nan	2.5811	0.99685	 3.3451e+00	 9.9957e-01	 1.2240e+01	 1.0025e+00
	 nan	2.583	0.9984	 3.3476e+00	 9.9945e-01	 1.2231e+01	 1.0036e+00
	 nan	2.5848	0.99682	 3.3500e+00	 9.9943e-01	 1.2222e+01	 1.0029e+00
	 nan	2.5867	0.99741	 3.3525e+00	 9.9943e-01	 1.2214e+01	 1.0028e+00
	 nan	2.5886	0.99725	 3.3549e+00	 9.9949e-01	 1.2205e+01	 1.0036e+00
	 nan	2.5904	0.99771	 3.3574e+00	 9.9957e-01	 1.2196e+01	 1.0018e+00
	 nan	2.5923	0.99771	 3.3598e+00	 9.9963e-01	 1.2188e+01	 1.0028e+00
	 nan	2.5942	0.99669	 3.3623e+00	 9.9963e-01	 1.2179e+01	 1.0020e+00
	 nan	2.5961	0.99771	 3.3647e+00	 9.9949e-01	 1.2170e+01	 1.0026e+00
	 nan	2.5979	0.99662	 3.3672e+00	 9.9939e-01	 1.2162e+01	 1.0024e+00
	 nan	2.5998	0.99821	 3.3697e+00	 9.9928e-01	 1.2153e+01	 1.0036e+00
	 nan	2.6017	0.99784	 3.3721e+00	 9.9932e-01	 1.2144e+01	 1.0032e+00
	 nan	2.6036	0.99844	 3.3746e+00	 9.9939e-01	 1.2136e+01	 1.0022e+00
	 nan	2.6055	0.99735	 3.3771e+00	 9.9949e-01	 1.2127e+01	 1.0032e+00
	 nan	2.6073	0.99698	 3.3795e+00	 9.9957e-01	 1.2118e+01	 1.0019e+00
	 nan	2.6092	0.99811	 3.3820e+00	 9.9957e-01	 1.2110e+01	 1.0033e+00
	 nan	2.6111	0.99761	 3.3845e+00	 9.9957e-01	 1.2101e+01	 1.0024e+00
	 nan	2.613	0.99817	 3.3869e+00	 9.9951e-01	 1.2093e+01	 1.0031e+00
	 nan	2.6149	0.99695	 3.3894e+00	 9.9951e-01	 1.2084e+01	 1.0017e+00
	 nan	2.6168	0.99817	 3.3919e+00	 9.9949e-01	 1.2075e+01	 1.0017e+00
	 nan	2.6187	0.99698	 3.3944e+00	 9.9955e-01	 1.2067e+01	 1.0028e+00
	 nan	2.6206	0.99758	 3.3969e+00	 9.9957e-01	 1.2058e+01	 1.0028e+00
	 nan	2.6225	0.99755	 3.3993e+00	 9.9959e-01	 1.2050e+01	 1.0035e+00
	 nan	2.6244	0.99698	 3.4018e+00	 9.9961e-01	 1.2041e+01	 1.0021e+00
	 nan	2.6263	0.99748	 3.4043e+00	 9.9961e-01	 1.2032e+01	 1.0034e+00
	 nan	2.6282	0.99679	 3.4068e+00	 9.9967e-01	 1.2024e+01	 1.0022e+00
	 nan	2.6301	0.99834	 3.4093e+00	 9.9967e-01	 1.2015e+01	 1.0026e+00
	 nan	2.632	0.99751	 3.4118e+00	 9.9965e-01	 1.2007e+01	 1.0022e+00
	 nan	2.6339	0.99827	 3.4143e+00	 9.9957e-01	 1.1998e+01	 1.0023e+00
	 nan	2.6358	0.99725	 3.4168e+00	 9.9951e-01	 1.1990e+01	 1.0034e+00
	 nan	2.6377	0.99768	 3.4193e+00	 9.9943e-01	 1.1981e+01	 1.0027e+00
	 nan	2.6396	0.99758	 3.4218e+00	 9.9939e-01	 1.1973e+01	 1.0035e+00
	 nan	2.6415	0.99662	 3.4243e+00	 9.9939e-01	 1.1964e+01	 1.0019e+00
	 nan	2.6434	0.99788	 3.4268e+00	 9.9937e-01	 1.1956e+01	 1.0026e+00
	 nan	2.6453	0.99721	 3.4293e+00	 9.9939e-01	 1.1947e+01	 1.0017e+00
	 nan	2.6472	0.99814	 3.4318e+00	 9.9939e-01	 1.1938e+01	 1.0024e+00
	 nan	2.6492	0.99721	 3.4343e+00	 9.9947e-01	 1.1930e+01	 1.0057e+00
	 nan	2.6511	0.99801	 3.4368e+00	 9.9951e-01	 1.1922e+01	 1.0154e+00
	 nan	2.653	0.99764	 3.4393e+00	 9.9953e-01	 1.1913e+01	 1.0160e+00
	 nan	2.6549	0.99755	 3.4419e+00	 9.9953e-01	 1.1904e+01	 1.0064e+00
	 nan	2.6568	0.99755	 3.4444e+00	 9.9949e-01	 1.1896e+01	 1.0074e+00
	 nan	2.6587	0.99692	 3.4469e+00	 9.9951e-01	 1.1888e+01	 1.0106e+00
	 nan	2.6607	0.99844	 3.4494e+00	 9.9953e-01	 1.1879e+01	 1.0032e+00
	 nan	2.6626	0.99735	 3.4519e+00	 9.9959e-01	 1.1871e+01	 9.9937e-01
	 nan	2.6645	0.99774	 3.4545e+00	 9.9955e-01	 1.1862e+01	 1.0062e+00
	 nan	2.6664	0.99692	 3.4570e+00	 9.9951e-01	 1.1854e+01	 9.9948e-01
	 nan	2.6684	0.99801	 3.4595e+00	 9.9945e-01	 1.1845e+01	 9.9790e-01
	 nan	2.6703	0.99761	 3.4620e+00	 9.9945e-01	 1.1837e+01	 9.9974e-01
	 nan	2.6722	0.99721	 3.4646e+00	 9.9953e-01	 1.1828e+01	 9.9933e-01
	 nan	2.6742	0.99807	 3.4671e+00	 9.9965e-01	 1.1820e+01	 9.9948e-01
	 nan	2.6761	0.99745	 3.4696e+00	 9.9977e-01	 1.1811e+01	 9.9580e-01
	 nan	2.678	0.99827	 3.4722e+00	 9.9979e-01	 1.1803e+01	 9.9889e-01
	 nan	2.68	0.99679	 3.4747e+00	 9.9979e-01	 1.1795e+01	 1.0045e+00
	 nan	2.6819	0.99781	 3.4773e+00	 9.9969e-01	 1.1786e+01	 1.0073e+00
	 nan	2.6838	0.99731	 3.4798e+00	 9.9959e-01	 1.1778e+01	 1.0039e+00
	 nan	2.6858	0.99794	 3.4824e+00	 9.9951e-01	 1.1769e+01	 9.9893e-01
	 nan	2.6877	0.99784	 3.4849e+00	 9.9949e-01	 1.1761e+01	 9.9860e-01
	 nan	2.6897	0.99698	 3.4874e+00	 9.9951e-01	 1.1753e+01	 9.9830e-01
	 nan	2.6916	0.99768	 3.4900e+00	 9.9949e-01	 1.1744e+01	 1.0002e+00
	 nan	2.6936	0.99685	 3.4926e+00	 9.9947e-01	 1.1736e+01	 1.0014e+00
	 nan	2.6955	0.99794	 3.4951e+00	 9.9941e-01	 1.1727e+01	 1.0014e+00
	 nan	2.6975	0.99685	 3.4977e+00	 9.9939e-01	 1.1719e+01	 9.9933e-01
	 nan	2.6994	0.99781	 3.5002e+00	 9.9937e-01	 1.1711e+01	 1.0003e+00
	 nan	2.7014	0.99728	 3.5028e+00	 9.9943e-01	 1.1702e+01	 1.0010e+00
	 nan	2.7033	0.99768	 3.5053e+00	 9.9949e-01	 1.1694e+01	 1.0007e+00
	 nan	2.7053	0.99764	 3.5079e+00	 9.9951e-01	 1.1686e+01	 1.0023e+00
	 nan	2.7072	0.99675	 3.5105e+00	 9.9957e-01	 1.1677e+01	 1.0009e+00
	 nan	2.7092	0.99768	 3.5130e+00	 9.9959e-01	 1.1669e+01	 1.0015e+00
	 nan	2.7111	0.99688	 3.5156e+00	 9.9959e-01	 1.1661e+01	 1.0004e+00
	 nan	2.7131	0.99817	 3.5182e+00	 9.9951e-01	 1.1652e+01	 1.0012e+00
	 nan	2.7151	0.99741	 3.5208e+00	 9.9945e-01	 1.1644e+01	 1.0011e+00
	 nan	2.717	0.99788	 3.5233e+00	 9.9939e-01	 1.1636e+01	 1.0010e+00
	 nan	2.719	0.99688	 3.5259e+00	 9.9941e-01	 1.1627e+01	 1.0022e+00
	 nan	2.721	0.99708	 3.5285e+00	 9.9947e-01	 1.1619e+01	 1.0010e+00
	 nan	2.7229	0.99771	 3.5311e+00	 9.9957e-01	 1.1611e+01	 1.0021e+00
	 nan	2.7249	0.99692	 3.5336e+00	 9.9965e-01	 1.1602e+01	 1.0008e+00
	 nan	2.7269	0.99788	 3.5362e+00	 9.9967e-01	 1.1594e+01	 1.0024e+00
	 nan	2.7288	0.99662	 3.5388e+00	 9.9969e-01	 1.1586e+01	 1.0025e+00
	 nan	2.7308	0.99814	 3.5414e+00	 9.9969e-01	 1.1578e+01	 1.0014e+00
	 nan	2.7328	0.99718	 3.5440e+00	 9.9969e-01	 1.1569e+01	 1.0010e+00
	 nan	2.7348	0.99741	 3.5466e+00	 9.9967e-01	 1.1561e+01	 1.0017e+00
	 nan	2.7367	0.99725	 3.5492e+00	 9.9963e-01	 1.1553e+01	 1.0024e+00
	 nan	2.7387	0.99738	 3.5518e+00	 9.9961e-01	 1.1545e+01	 1.0012e+00
	 nan	2.7407	0.99761	 3.5544e+00	 9.9961e-01	 1.1536e+01	 1.0033e+00
	 nan	2.7427	0.99672	 3.5570e+00	 9.9965e-01	 1.1528e+01	 1.0014e+00
	 nan	2.7447	0.99814	 3.5595e+00	 9.9969e-01	 1.1520e+01	 1.0010e+00
	 nan	2.7467	0.99721	 3.5622e+00	 9.9977e-01	 1.1512e+01	 1.0017e+00
	 nan	2.7486	0.99824	 3.5648e+00	 9.9977e-01	 1.1503e+01	 1.0021e+00
	 nan	2.7506	0.99718	 3.5674e+00	 9.9975e-01	 1.1495e+01	 1.0022e+00
	 nan	2.7526	0.99735	 3.5700e+00	 9.9969e-01	 1.1487e+01	 1.0014e+00
	 nan	2.7546	0.99741	 3.5726e+00	 9.9963e-01	 1.1479e+01	 1.0026e+00
	 nan	2.7566	0.99758	 3.5752e+00	 9.9957e-01	 1.1471e+01	 1.0011e+00
	 nan	2.7586	0.9984	 3.5778e+00	 9.9953e-01	 1.1462e+01	 1.0025e+00
	 nan	2.7606	0.99685	 3.5804e+00	 9.9953e-01	 1.1454e+01	 1.0026e+00
	 nan	2.7626	0.99794	 3.5830e+00	 9.9955e-01	 1.1446e+01	 1.0033e+00
	 nan	2.7646	0.99675	 3.5856e+00	 9.9959e-01	 1.1438e+01	 1.0022e+00
	 nan	2.7666	0.99788	 3.5883e+00	 9.9959e-01	 1.1430e+01	 1.0019e+00
	 nan	2.7686	0.99745	 3.5909e+00	 9.9961e-01	 1.1422e+01	 1.0029e+00
	 nan	2.7706	0.99705	 3.5935e+00	 9.9965e-01	 1.1413e+01	 1.0017e+00
	 nan	2.7726	0.99728	 3.5961e+00	 9.9967e-01	 1.1405e+01	 1.0030e+00
	 nan	2.7746	0.99702	 3.5988e+00	 9.9967e-01	 1.1397e+01	 1.0017e+00
	 nan	2.7766	0.99791	 3.6014e+00	 9.9961e-01	 1.1389e+01	 1.0017e+00
	 nan	2.7786	0.99662	 3.6040e+00	 9.9955e-01	 1.1381e+01	 1.0012e+00
	 nan	2.7807	0.99801	 3.6067e+00	 9.9947e-01	 1.1373e+01	 1.0019e+00
	 nan	2.7827	0.99672	 3.6093e+00	 9.9943e-01	 1.1365e+01	 1.0015e+00
	 nan	2.7847	0.99748	 3.6119e+00	 9.9945e-01	 1.1356e+01	 1.0015e+00
	 nan	2.7867	0.99718	 3.6146e+00	 9.9953e-01	 1.1348e+01	 1.0025e+00
	 nan	2.7887	0.99738	 3.6172e+00	 9.9961e-01	 1.1340e+01	 1.0010e+00
	 nan	2.7907	0.99764	 3.6199e+00	 9.9957e-01	 1.1332e+01	 1.0022e+00
	 nan	2.7928	0.99675	 3.6225e+00	 9.9949e-01	 1.1324e+01	 1.0011e+00
	 nan	2.7948	0.99794	 3.6252e+00	 9.9932e-01	 1.1316e+01	 1.0018e+00
	 nan	2.7968	0.99679	 3.6278e+00	 9.9926e-01	 1.1308e+01	 1.0010e+00
	 nan	2.7988	0.99784	 3.6305e+00	 9.9922e-01	 1.1300e+01	 1.0014e+00
	 nan	2.8009	0.99715	 3.6331e+00	 9.9930e-01	 1.1292e+01	 1.0013e+00
	 nan	2.8029	0.99761	 3.6358e+00	 9.9941e-01	 1.1284e+01	 1.0008e+00
	 nan	2.8049	0.99715	 3.6385e+00	 9.9953e-01	 1.1276e+01	 1.0028e+00
	 nan	2.807	0.99718	 3.6411e+00	 9.9961e-01	 1.1267e+01	 1.0015e+00
	 nan	2.809	0.99814	 3.6438e+00	 9.9961e-01	 1.1259e+01	 1.0025e+00
	 nan	2.811	0.99712	 3.6464e+00	 9.9961e-01	 1.1251e+01	 1.0014e+00
	 nan	2.8131	0.99801	 3.6491e+00	 9.9951e-01	 1.1243e+01	 1.0016e+00
	 nan	2.8151	0.99655	 3.6518e+00	 9.9947e-01	 1.1235e+01	 1.0013e+00
	 nan	2.8171	0.99761	 3.6544e+00	 9.9943e-01	 1.1227e+01	 1.0021e+00
	 nan	2.8192	0.99735	 3.6571e+00	 9.9945e-01	 1.1219e+01	 1.0025e+00
	 nan	2.8212	0.99764	 3.6598e+00	 9.9949e-01	 1.1211e+01	 1.0013e+00
	 nan	2.8233	0.99738	 3.6624e+00	 9.9951e-01	 1.1203e+01	 1.0022e+00
	 nan	2.8253	0.99708	 3.6651e+00	 9.9947e-01	 1.1195e+01	 1.0008e+00
	 nan	2.8274	0.99778	 3.6678e+00	 9.9937e-01	 1.1187e+01	 1.0020e+00
	 nan	2.8294	0.99715	 3.6705e+00	 9.9935e-01	 1.1179e+01	 1.0019e+00
	 nan	2.8315	0.99824	 3.6732e+00	 9.9932e-01	 1.1171e+01	 1.0022e+00
	 nan	2.8335	0.99672	 3.6759e+00	 9.9939e-01	 1.1163e+01	 1.0016e+00
	 nan	2.8356	0.99741	 3.6785e+00	 9.9945e-01	 1.1155e+01	 1.0014e+00
	 nan	2.8376	0.99708	 3.6812e+00	 9.9953e-01	 1.1147e+01	 1.0024e+00
	 nan	2.8397	0.99755	 3.6839e+00	 9.9957e-01	 1.1139e+01	 1.0010e+00
	 nan	2.8417	0.99751	 3.6866e+00	 9.9961e-01	 1.1131e+01	 1.0022e+00
	 nan	2.8438	0.99679	 3.6893e+00	 9.9959e-01	 1.1123e+01	 1.0015e+00
	 nan	2.8458	0.99801	 3.6920e+00	 9.9951e-01	 1.1115e+01	 1.0029e+00
	 nan	2.8479	0.99715	 3.6947e+00	 9.9947e-01	 1.1107e+01	 1.0013e+00
	 nan	2.85	0.99811	 3.6974e+00	 9.9945e-01	 1.1099e+01	 1.0013e+00
	 nan	2.852	0.99665	 3.7001e+00	 9.9949e-01	 1.1091e+01	 1.0019e+00
	 nan	2.8541	0.99751	 3.7028e+00	 9.9951e-01	 1.1084e+01	 1.0017e+00
	 nan	2.8562	0.99715	 3.7055e+00	 9.9947e-01	 1.1076e+01	 1.0018e+00
	 nan	2.8582	0.99688	 3.7082e+00	 9.9941e-01	 1.1068e+01	 1.0003e+00
	 nan	2.8603	0.99741	 3.7109e+00	 9.9935e-01	 1.1060e+01	 1.0017e+00
	 nan	2.8624	0.99669	 3.7136e+00	 9.9939e-01	 1.1052e+01	 1.0011e+00
	 nan	2.8644	0.99778	 3.7163e+00	 9.9945e-01	 1.1044e+01	 1.0025e+00
	 nan	2.8665	0.99731	 3.7190e+00	 9.9955e-01	 1.1036e+01	 1.0018e+00
	 nan	2.8686	0.99797	 3.7217e+00	 9.9961e-01	 1.1028e+01	 1.0017e+00
	 nan	2.8706	0.99672	 3.7244e+00	 9.9967e-01	 1.1020e+01	 1.0012e+00
	 nan	2.8727	0.99735	 3.7272e+00	 9.9967e-01	 1.1012e+01	 1.0010e+00
	 nan	2.8748	0.99738	 3.7299e+00	 9.9965e-01	 1.1004e+01	 1.0022e+00
	 nan	2.8769	0.99705	 3.7326e+00	 9.9961e-01	 1.0997e+01	 1.0006e+00
	 nan	2.8789	0.99788	 3.7353e+00	 9.9951e-01	 1.0989e+01	 1.0022e+00
	 nan	2.881	0.99692	 3.7381e+00	 9.9947e-01	 1.0981e+01	 1.0013e+00
	 nan	2.8831	0.99778	 3.7408e+00	 9.9943e-01	 1.0973e+01	 1.0021e+00
	 nan	2.8852	0.99682	 3.7435e+00	 9.9943e-01	 1.0965e+01	 1.0020e+00
	 nan	2.8873	0.99774	 3.7463e+00	 9.9943e-01	 1.0957e+01	 1.0012e+00
	 nan	2.8894	0.99705	 3.7490e+00	 9.9953e-01	 1.0949e+01	 1.0013e+00
	 nan	2.8914	0.99758	 3.7517e+00	 9.9967e-01	 1.0942e+01	 1.0008e+00
	 nan	2.8935	0.99738	 3.7545e+00	 9.9975e-01	 1.0934e+01	 1.0027e+00
	 nan	2.8956	0.99702	 3.7572e+00	 9.9975e-01	 1.0926e+01	 1.0014e+00
	 nan	2.8977	0.99801	 3.7600e+00	 9.9961e-01	 1.0918e+01	 1.0019e+00
	 nan	2.8998	0.99669	 3.7627e+00	 9.9949e-01	 1.0910e+01	 1.0007e+00
	 nan	2.9019	0.99761	 3.7654e+00	 9.9939e-01	 1.0902e+01	 1.0012e+00
	 nan	2.904	0.99679	 3.7682e+00	 9.9941e-01	 1.0895e+01	 1.0014e+00
	 nan	2.9061	0.99771	 3.7710e+00	 9.9947e-01	 1.0887e+01	 1.0015e+00
	 nan	2.9082	0.99721	 3.7737e+00	 9.9957e-01	 1.0879e+01	 1.0023e+00
	 nan	2.9103	0.99748	 3.7765e+00	 9.9965e-01	 1.0871e+01	 1.0012e+00
	 nan	2.9124	0.99788	 3.7792e+00	 9.9965e-01	 1.0864e+01	 1.0022e+00
	 nan	2.9145	0.99718	 3.7820e+00	 9.9963e-01	 1.0856e+01	 1.0012e+00
	 nan	2.9166	0.99797	 3.7848e+00	 9.9955e-01	 1.0848e+01	 1.0021e+00
	 nan	2.9187	0.99688	 3.7875e+00	 9.9953e-01	 1.0840e+01	 1.0012e+00
	 nan	2.9208	0.99788	 3.7903e+00	 9.9951e-01	 1.0832e+01	 1.0012e+00
	 nan	2.923	0.99662	 3.7931e+00	 9.9961e-01	 1.0825e+01	 1.0011e+00
	 nan	2.9251	0.99738	 3.7958e+00	 9.9971e-01	 1.0817e+01	 1.0002e+00
	 nan	2.9272	0.99728	 3.7986e+00	 9.9979e-01	 1.0809e+01	 1.0014e+00
	 nan	2.9293	0.99735	 3.8014e+00	 9.9981e-01	 1.0801e+01	 1.0013e+00
	 nan	2.9314	0.99797	 3.8042e+00	 9.9975e-01	 1.0794e+01	 1.0024e+00
	 nan	2.9336	0.99708	 3.8069e+00	 9.9967e-01	 1.0786e+01	 1.0010e+00
	 nan	2.9357	0.99804	 3.8097e+00	 9.9955e-01	 1.0778e+01	 1.0018e+00
	 nan	2.9378	0.99688	 3.8125e+00	 9.9949e-01	 1.0771e+01	 1.0011e+00
	 nan	2.9399	0.99824	 3.8153e+00	 9.9941e-01	 1.0763e+01	 1.0009e+00
	 nan	2.9421	0.99728	 3.8181e+00	 9.9943e-01	 1.0755e+01	 1.0014e+00
	 nan	2.9442	0.99738	 3.8209e+00	 9.9945e-01	 1.0747e+01	 1.0008e+00
	 nan	2.9463	0.99764	 3.8237e+00	 9.9953e-01	 1.0740e+01	 1.0019e+00
	 nan	2.9485	0.99751	 3.8265e+00	 9.9961e-01	 1.0732e+01	 1.0009e+00
	 nan	2.9506	0.99794	 3.8293e+00	 9.9963e-01	 1.0724e+01	 1.0023e+00
	 nan	2.9527	0.99672	 3.8320e+00	 9.9965e-01	 1.0717e+01	 1.0009e+00
	 nan	2.9549	0.99774	 3.8348e+00	 9.9957e-01	 1.0709e+01	 1.0012e+00
	 nan	2.957	0.99698	 3.8376e+00	 9.9953e-01	 1.0701e+01	 1.0009e+00
	 nan	2.9591	0.99821	 3.8404e+00	 9.9947e-01	 1.0694e+01	 1.0008e+00
	 nan	2.9613	0.99702	 3.8432e+00	 9.9943e-01	 1.0686e+01	 1.0013e+00
	 nan	2.9634	0.99708	 3.8460e+00	 9.9939e-01	 1.0678e+01	 1.0009e+00
	 nan	2.9656	0.99751	 3.8488e+00	 9.9939e-01	 1.0671e+01	 1.0017e+00
	 nan	2.9677	0.99715	 3.8516e+00	 9.9945e-01	 1.0663e+01	 1.0002e+00
	 nan	2.9698	0.99768	 3.8545e+00	 9.9955e-01	 1.0655e+01	 1.0022e+00
	 nan	2.972	0.99669	 3.8573e+00	 9.9963e-01	 1.0648e+01	 1.0014e+00
	 nan	2.9741	0.99814	 3.8601e+00	 9.9961e-01	 1.0640e+01	 1.0016e+00
	 nan	2.9763	0.99688	 3.8629e+00	 9.9961e-01	 1.0632e+01	 1.0017e+00
	 nan	2.9784	0.99761	 3.8657e+00	 9.9959e-01	 1.0625e+01	 1.0014e+00
	 nan	2.9806	0.99728	 3.8685e+00	 9.9957e-01	 1.0617e+01	 1.0017e+00
	 nan	2.9827	0.99745	 3.8714e+00	 9.9957e-01	 1.0610e+01	 1.0008e+00
	 nan	2.9849	0.99774	 3.8742e+00	 9.9957e-01	 1.0602e+01	 1.0022e+00
	 nan	2.987	0.99698	 3.8770e+00	 9.9961e-01	 1.0594e+01	 1.0003e+00
	 nan	2.9892	0.99781	 3.8799e+00	 9.9959e-01	 1.0587e+01	 1.0010e+00
	 nan	2.9914	0.99679	 3.8827e+00	 9.9953e-01	 1.0579e+01	 1.0006e+00
	 nan	2.9935	0.99814	 3.8855e+00	 9.9943e-01	 1.0572e+01	 1.0006e+00
	 nan	2.9957	0.99712	 3.8884e+00	 9.9941e-01	 1.0564e+01	 1.0006e+00
	 nan	2.9978	0.99745	 3.8912e+00	 9.9945e-01	 1.0556e+01	 1.0000e+00
	 nan	3.0	0.99741	 3.8940e+00	 9.9951e-01	 1.0549e+01	 1.0007e+00
	 nan	3.0022	0.99725	 3.8969e+00	 9.9957e-01	 1.0541e+01	 9.9941e-01
	 nan	3.0043	0.99807	 3.8997e+00	 9.9959e-01	 1.0534e+01	 1.0012e+00
	 nan	3.0065	0.99705	 3.9026e+00	 9.9959e-01	 1.0526e+01	 1.0009e+00
	 nan	3.0087	0.99761	 3.9054e+00	 9.9955e-01	 1.0519e+01	 1.0015e+00
	 nan	3.0108	0.99642	 3.9083e+00	 9.9955e-01	 1.0511e+01	 1.0000e+00
	 nan	3.013	0.99771	 3.9111e+00	 9.9951e-01	 1.0504e+01	 1.0008e+00
	 nan	3.0152	0.99705	 3.9140e+00	 9.9951e-01	 1.0496e+01	 1.0021e+00
	 nan	3.0174	0.99738	 3.9168e+00	 9.9949e-01	 1.0488e+01	 1.0008e+00
	 nan	3.0195	0.99731	 3.9197e+00	 9.9945e-01	 1.0481e+01	 1.0013e+00
	 nan	3.0217	0.99708	 3.9225e+00	 9.9945e-01	 1.0473e+01	 9.9992e-01
	 nan	3.0239	0.99801	 3.9254e+00	 9.9947e-01	 1.0466e+01	 1.0011e+00
	 nan	3.0261	0.99738	 3.9283e+00	 9.9955e-01	 1.0458e+01	 1.0001e+00
	 nan	3.0283	0.99867	 3.9311e+00	 9.9959e-01	 1.0451e+01	 1.0008e+00
	 nan	3.0305	0.99712	 3.9340e+00	 9.9963e-01	 1.0443e+01	 1.0003e+00
	 nan	3.0326	0.99731	 3.9369e+00	 9.9965e-01	 1.0436e+01	 1.0003e+00
	 nan	3.0348	0.99688	 3.9397e+00	 9.9969e-01	 1.0428e+01	 1.0011e+00
	 nan	3.037	0.99764	 3.9426e+00	 9.9967e-01	 1.0421e+01	 9.9978e-01
	 nan	3.0392	0.99817	 3.9455e+00	 9.9965e-01	 1.0413e+01	 1.0011e+00
	 nan	3.0414	0.99748	 3.9484e+00	 9.9961e-01	 1.0406e+01	 1.0001e+00
	 nan	3.0436	0.9983	 3.9513e+00	 9.9959e-01	 1.0398e+01	 1.0007e+00
	 nan	3.0458	0.99735	 3.9541e+00	 9.9967e-01	 1.0391e+01	 9.9952e-01
	 nan	3.048	0.99804	 3.9570e+00	 9.9969e-01	 1.0384e+01	 1.0004e+00
	 nan	3.0502	0.99679	 3.9599e+00	 9.9973e-01	 1.0376e+01	 1.0002e+00
	 nan	3.0524	0.99758	 3.9628e+00	 9.9973e-01	 1.0369e+01	 9.9974e-01
	 nan	3.0546	0.99738	 3.9657e+00	 9.9975e-01	 1.0361e+01	 1.0007e+00
	 nan	3.0568	0.99748	 3.9686e+00	 9.9973e-01	 1.0354e+01	 9.9952e-01
	 nan	3.059	0.99781	 3.9715e+00	 9.9967e-01	 1.0346e+01	 1.0008e+00
	 nan	3.0613	0.99708	 3.9744e+00	 9.9965e-01	 1.0339e+01	 9.9952e-01
	 nan	3.0635	0.99784	 3.9773e+00	 9.9961e-01	 1.0331e+01	 1.0007e+00
	 nan	3.0657	0.99655	 3.9802e+00	 9.9963e-01	 1.0324e+01	 1.0003e+00
	 nan	3.0679	0.99748	 3.9831e+00	 9.9961e-01	 1.0317e+01	 1.0004e+00
	 nan	3.0701	0.99672	 3.9860e+00	 9.9959e-01	 1.0309e+01	 1.0003e+00
	 nan	3.0723	0.99718	 3.9889e+00	 9.9955e-01	 1.0302e+01	 9.9941e-01
	 nan	3.0745	0.99688	 3.9918e+00	 9.9953e-01	 1.0294e+01	 1.0003e+00
	 nan	3.0768	0.99705	 3.9947e+00	 9.9953e-01	 1.0287e+01	 9.9955e-01
	 nan	3.079	0.99804	 3.9976e+00	 9.9953e-01	 1.0280e+01	 1.0010e+00
	 nan	3.0812	0.99715	 4.0006e+00	 9.9959e-01	 1.0272e+01	 1.0000e+00
	 nan	3.0834	0.99794	 4.0035e+00	 9.9963e-01	 1.0265e+01	 1.0009e+00
	 nan	3.0857	0.99692	 4.0064e+00	 9.9969e-01	 1.0258e+01	 1.0004e+00
	 nan	3.0879	0.99781	 4.0093e+00	 9.9971e-01	 1.0250e+01	 9.9959e-01
	 nan	3.0901	0.99688	 4.0122e+00	 9.9975e-01	 1.0243e+01	 1.0002e+00
	 nan	3.0924	0.99715	 4.0152e+00	 9.9973e-01	 1.0235e+01	 9.9992e-01
	 nan	3.0946	0.99712	 4.0181e+00	 9.9971e-01	 1.0228e+01	 1.0009e+00
	 nan	3.0968	0.99718	 4.0210e+00	 9.9973e-01	 1.0221e+01	 9.9955e-01
	 nan	3.0991	0.99804	 4.0240e+00	 9.9971e-01	 1.0213e+01	 1.0007e+00
	 nan	3.1013	0.99702	 4.0269e+00	 9.9971e-01	 1.0206e+01	 9.9967e-01
	 nan	3.1036	0.99827	 4.0298e+00	 9.9965e-01	 1.0199e+01	 1.0006e+00
	 nan	3.1058	0.99672	 4.0328e+00	 9.9961e-01	 1.0191e+01	 1.0005e+00
	 nan	3.108	0.99731	 4.0357e+00	 9.9951e-01	 1.0184e+01	 1.0003e+00
	 nan	3.1103	0.99698	 4.0387e+00	 9.9945e-01	 1.0177e+01	 1.0008e+00
	 nan	3.1125	0.99745	 4.0416e+00	 9.9939e-01	 1.0169e+01	 1.0000e+00
	 nan	3.1148	0.99784	 4.0446e+00	 9.9941e-01	 1.0162e+01	 1.0012e+00
	 nan	3.117	0.99692	 4.0475e+00	 9.9951e-01	 1.0155e+01	 9.9952e-01
	 nan	3.1193	0.99758	 4.0505e+00	 9.9959e-01	 1.0147e+01	 1.0009e+00
	 nan	3.1215	0.99705	 4.0534e+00	 9.9967e-01	 1.0140e+01	 1.0001e+00
	 nan	3.1238	0.99774	 4.0564e+00	 9.9969e-01	 1.0133e+01	 1.0002e+00
	 nan	3.1261	0.99626	 4.0593e+00	 9.9967e-01	 1.0126e+01	 1.0004e+00
	 nan	3.1283	0.99755	 4.0623e+00	 9.9961e-01	 1.0118e+01	 9.9989e-01
	 nan	3.1306	0.99735	 4.0653e+00	 9.9957e-01	 1.0111e+01	 1.0003e+00
	 nan	3.1328	0.99741	 4.0682e+00	 9.9951e-01	 1.0104e+01	 9.9974e-01
	 nan	3.1351	0.99788	 4.0712e+00	 9.9943e-01	 1.0097e+01	 1.0011e+00
	 nan	3.1374	0.99688	 4.0742e+00	 9.9939e-01	 1.0089e+01	 1.0008e+00
	 nan	3.1396	0.99755	 4.0771e+00	 9.9935e-01	 1.0082e+01	 1.0056e+00
	 nan	3.1419	0.99619	 4.0801e+00	 9.9937e-01	 1.0075e+01	 1.0049e+00
	 nan	3.1441	0.99771	 4.0831e+00	 9.9937e-01	 1.0068e+01	 9.9215e-01
	 nan	3.1464	0.99721	 4.0861e+00	 9.9941e-01	 1.0060e+01	 9.9473e-01
	 nan	3.1487	0.99771	 4.0890e+00	 9.9947e-01	 1.0053e+01	 9.9617e-01
	 nan	3.151	0.99755	 4.0920e+00	 9.9955e-01	 1.0046e+01	 9.9602e-01
	 nan	3.1532	0.99702	 4.0950e+00	 9.9959e-01	 1.0039e+01	 1.0102e+00
	 nan	3.1555	0.99741	 4.0980e+00	 9.9957e-01	 1.0031e+01	 1.0068e+00
	 nan	3.1578	0.99708	 4.1010e+00	 9.9955e-01	 1.0024e+01	 1.0057e+00
	 nan	3.1601	0.9983	 4.1040e+00	 9.9949e-01	 1.0017e+01	 1.0026e+00
	 nan	3.1624	0.99705	 4.1070e+00	 9.9947e-01	 1.0010e+01	 9.9642e-01
	 nan	3.1646	0.99807	 4.1100e+00	 9.9947e-01	 1.0003e+01	 9.9952e-01
	 nan	3.1669	0.99708	 4.1130e+00	 9.9951e-01	 9.9954e+00	 1.0035e+00
	 nan	3.1692	0.99725	 4.1160e+00	 9.9955e-01	 9.9882e+00	 1.0022e+00
	 nan	3.1715	0.99735	 4.1190e+00	 9.9957e-01	 9.9810e+00	 9.9955e-01
	 nan	3.1738	0.99708	 4.1220e+00	 9.9957e-01	 9.9738e+00	 1.0005e+00
	 nan	3.1761	0.99771	 4.1250e+00	 9.9949e-01	 9.9667e+00	 1.0031e+00
	 nan	3.1784	0.99669	 4.1280e+00	 9.9941e-01	 9.9595e+00	 1.0003e+00
	 nan	3.1807	0.99755	 4.1310e+00	 9.9928e-01	 9.9523e+00	 1.0013e+00
	 nan	3.183	0.99662	 4.1340e+00	 9.9930e-01	 9.9451e+00	 1.0005e+00
	 nan	3.1853	0.99827	 4.1370e+00	 9.9937e-01	 9.9380e+00	 9.9635e-01
	 nan	3.1876	0.99755	 4.1400e+00	 9.9949e-01	 9.9309e+00	 9.9646e-01
	 nan	3.1899	0.99721	 4.1430e+00	 9.9959e-01	 9.9237e+00	 9.9808e-01
	 nan	3.1922	0.99761	 4.1461e+00	 9.9963e-01	 9.9166e+00	 9.9911e-01
	 nan	3.1945	0.99702	 4.1491e+00	 9.9963e-01	 9.9094e+00	 9.9631e-01
	 nan	3.1968	0.99814	 4.1521e+00	 9.9961e-01	 9.9023e+00	 9.9845e-01
	 nan	3.1991	0.99721	 4.1551e+00	 9.9963e-01	 9.8952e+00	 9.9959e-01
	 nan	3.2014	0.99837	 4.1582e+00	 9.9961e-01	 9.8881e+00	 1.0015e+00
	 nan	3.2037	0.99679	 4.1612e+00	 9.9963e-01	 9.8810e+00	 1.0009e+00
	 nan	3.2061	0.99748	 4.1642e+00	 9.9963e-01	 9.8738e+00	 9.9845e-01
	 nan	3.2084	0.99728	 4.1673e+00	 9.9967e-01	 9.8667e+00	 9.9723e-01
	 nan	3.2107	0.99705	 4.1703e+00	 9.9971e-01	 9.8596e+00	 9.9447e-01
	 nan	3.213	0.99758	 4.1733e+00	 9.9969e-01	 9.8526e+00	 9.9885e-01
	 nan	3.2153	0.99695	 4.1764e+00	 9.9971e-01	 9.8455e+00	 1.0012e+00
	 nan	3.2177	0.99781	 4.1794e+00	 9.9971e-01	 9.8384e+00	 1.0017e+00
	 nan	3.22	0.99685	 4.1825e+00	 9.9969e-01	 9.8313e+00	 1.0017e+00
	 nan	3.2223	0.99814	 4.1855e+00	 9.9959e-01	 9.8242e+00	 1.0011e+00
	 nan	3.2246	0.99695	 4.1886e+00	 9.9953e-01	 9.8171e+00	 1.0002e+00
	 nan	3.227	0.99774	 4.1916e+00	 9.9947e-01	 9.8100e+00	 9.9731e-01
	 nan	3.2293	0.99778	 4.1947e+00	 9.9949e-01	 9.8030e+00	 9.9797e-01
	 nan	3.2316	0.99702	 4.1978e+00	 9.9951e-01	 9.7959e+00	 1.0000e+00
	 nan	3.234	0.99758	 4.2008e+00	 9.9951e-01	 9.7889e+00	 1.0015e+00
	 nan	3.2363	0.99692	 4.2039e+00	 9.9951e-01	 9.7818e+00	 1.0004e+00
	 nan	3.2386	0.99821	 4.2070e+00	 9.9943e-01	 9.7748e+00	 9.9955e-01
	 nan	3.241	0.99715	 4.2100e+00	 9.9939e-01	 9.7677e+00	 9.9885e-01
	 nan	3.2433	0.99791	 4.2131e+00	 9.9935e-01	 9.7607e+00	 9.9911e-01
	 nan	3.2457	0.99669	 4.2162e+00	 9.9939e-01	 9.7536e+00	 9.9970e-01
	 nan	3.248	0.99735	 4.2192e+00	 9.9947e-01	 9.7466e+00	 9.9952e-01
	 nan	3.2503	0.99771	 4.2223e+00	 9.9955e-01	 9.7396e+00	 1.0003e+00
	 nan	3.2527	0.99708	 4.2254e+00	 9.9963e-01	 9.7326e+00	 9.9900e-01
	 nan	3.255	0.99801	 4.2285e+00	 9.9967e-01	 9.7255e+00	 9.9967e-01
	 nan	3.2574	0.99649	 4.2316e+00	 9.9971e-01	 9.7185e+00	 9.9948e-01
	 nan	3.2597	0.99781	 4.2346e+00	 9.9969e-01	 9.7115e+00	 9.9955e-01
	 nan	3.2621	0.99682	 4.2377e+00	 9.9965e-01	 9.7045e+00	 9.9897e-01
	 nan	3.2645	0.99738	 4.2408e+00	 9.9955e-01	 9.6975e+00	 9.9996e-01
	 nan	3.2668	0.99712	 4.2439e+00	 9.9947e-01	 9.6906e+00	 1.0004e+00
	 nan	3.2692	0.99731	 4.2470e+00	 9.9941e-01	 9.6836e+00	 9.9838e-01
	 nan	3.2715	0.99774	 4.2501e+00	 9.9943e-01	 9.6766e+00	 9.9978e-01
	 nan	3.2739	0.99725	 4.2532e+00	 9.9947e-01	 9.6696e+00	 9.9922e-01
	 nan	3.2763	0.99827	 4.2563e+00	 9.9949e-01	 9.6626e+00	 9.9996e-01
	 nan	3.2786	0.99646	 4.2594e+00	 9.9953e-01	 9.6557e+00	 9.9874e-01
	 nan	3.281	0.99761	 4.2625e+00	 9.9955e-01	 9.6487e+00	 9.9948e-01
	 nan	3.2834	0.99708	 4.2656e+00	 9.9959e-01	 9.6418e+00	 9.9996e-01
	 nan	3.2858	0.99764	 4.2687e+00	 9.9957e-01	 9.6348e+00	 9.9893e-01
	 nan	3.2881	0.99738	 4.2719e+00	 9.9955e-01	 9.6278e+00	 9.9937e-01
	 nan	3.2905	0.99755	 4.2750e+00	 9.9959e-01	 9.6209e+00	 9.9908e-01
	 nan	3.2929	0.99784	 4.2781e+00	 9.9963e-01	 9.6140e+00	 1.0004e+00
	 nan	3.2953	0.99685	 4.2812e+00	 9.9967e-01	 9.6070e+00	 9.9893e-01
	 nan	3.2977	0.99794	 4.2843e+00	 9.9963e-01	 9.6001e+00	 9.9992e-01
	 nan	3.3	0.99655	 4.2875e+00	 9.9957e-01	 9.5932e+00	 9.9930e-01
	 nan	3.3024	0.99781	 4.2906e+00	 9.9947e-01	 9.5863e+00	 9.9959e-01
	 nan	3.3048	0.99721	 4.2937e+00	 9.9941e-01	 9.5793e+00	 9.9978e-01
	 nan	3.3072	0.99735	 4.2968e+00	 9.9939e-01	 9.5724e+00	 9.9834e-01
	 nan	3.3096	0.99688	 4.3000e+00	 9.9937e-01	 9.5655e+00	 9.9933e-01
	 nan	3.312	0.99662	 4.3031e+00	 9.9937e-01	 9.5586e+00	 9.9908e-01
	 nan	3.3144	0.99755	 4.3062e+00	 9.9939e-01	 9.5517e+00	 1.0009e+00
	 nan	3.3168	0.99665	 4.3094e+00	 9.9945e-01	 9.5449e+00	 9.9963e-01
	 nan	3.3192	0.99788	 4.3125e+00	 9.9949e-01	 9.5380e+00	 1.0002e+00
	 nan	3.3216	0.99698	 4.3157e+00	 9.9961e-01	 9.5311e+00	 9.9941e-01
	 nan	3.324	0.99774	 4.3188e+00	 9.9967e-01	 9.5242e+00	 9.9874e-01
	 nan	3.3264	0.99685	 4.3220e+00	 9.9971e-01	 9.5173e+00	 9.9955e-01
	 nan	3.3288	0.99745	 4.3251e+00	 9.9969e-01	 9.5105e+00	 9.9834e-01
	 nan	3.3312	0.99781	 4.3283e+00	 9.9959e-01	 9.5036e+00	 9.9955e-01
	 nan	3.3336	0.99708	 4.3314e+00	 9.9951e-01	 9.4968e+00	 9.9893e-01
	 nan	3.336	0.99751	 4.3346e+00	 9.9943e-01	 9.4899e+00	 9.9944e-01
	 nan	3.3384	0.99619	 4.3377e+00	 9.9945e-01	 9.4831e+00	 9.9874e-01
	 nan	3.3408	0.99797	 4.3409e+00	 9.9945e-01	 9.4762e+00	 9.9944e-01
	 nan	3.3432	0.99702	 4.3441e+00	 9.9947e-01	 9.4694e+00	 9.9926e-01
	 nan	3.3456	0.99761	 4.3472e+00	 9.9947e-01	 9.4626e+00	 9.9911e-01
	 nan	3.348	0.99721	 4.3504e+00	 9.9949e-01	 9.4557e+00	 9.9989e-01
	 nan	3.3504	0.99741	 4.3536e+00	 9.9951e-01	 9.4489e+00	 9.9867e-01
	 nan	3.3529	0.99758	 4.3567e+00	 9.9955e-01	 9.4421e+00	 1.0000e+00
	 nan	3.3553	0.99692	 4.3599e+00	 9.9961e-01	 9.4353e+00	 9.9871e-01
	 nan	3.3577	0.99764	 4.3631e+00	 9.9959e-01	 9.4285e+00	 9.9974e-01
	 nan	3.3601	0.99619	 4.3663e+00	 9.9957e-01	 9.4217e+00	 9.9871e-01
	 nan	3.3626	0.99721	 4.3695e+00	 9.9955e-01	 9.4149e+00	 9.9967e-01
	 nan	3.365	0.99688	 4.3726e+00	 9.9961e-01	 9.4081e+00	 9.9989e-01
	 nan	3.3674	0.99764	 4.3758e+00	 9.9967e-01	 9.4013e+00	 9.9849e-01
	 nan	3.3699	0.99721	 4.3790e+00	 9.9973e-01	 9.3945e+00	 9.9908e-01
	 nan	3.3723	0.99695	 4.3822e+00	 9.9975e-01	 9.3878e+00	 9.9815e-01
	 nan	3.3747	0.99781	 4.3854e+00	 9.9967e-01	 9.3810e+00	 9.9989e-01
	 nan	3.3772	0.99692	 4.3886e+00	 9.9959e-01	 9.3742e+00	 9.9897e-01
	 nan	3.3796	0.99797	 4.3918e+00	 9.9951e-01	 9.3674e+00	 9.9981e-01
	 nan	3.382	0.99705	 4.3950e+00	 9.9951e-01	 9.3607e+00	 9.9967e-01
	 nan	3.3845	0.99807	 4.3982e+00	 9.9951e-01	 9.3539e+00	 9.9926e-01
	 nan	3.3869	0.99682	 4.4014e+00	 9.9953e-01	 9.3472e+00	 9.9878e-01
	 nan	3.3894	0.99705	 4.4046e+00	 9.9947e-01	 9.3404e+00	 9.9856e-01
	 nan	3.3918	0.99741	 4.4078e+00	 9.9941e-01	 9.3337e+00	 9.9989e-01
	 nan	3.3942	0.99725	 4.4110e+00	 9.9937e-01	 9.3269e+00	 9.9885e-01
	 nan	3.3967	0.99771	 4.4143e+00	 9.9930e-01	 9.3202e+00	 1.0002e+00
	 nan	3.3991	0.99646	 4.4175e+00	 9.9932e-01	 9.3135e+00	 9.9871e-01
	 nan	3.4016	0.99781	 4.4207e+00	 9.9932e-01	 9.3068e+00	 9.9863e-01
	 nan	3.404	0.99692	 4.4239e+00	 9.9939e-01	 9.3000e+00	 9.9863e-01
	 nan	3.4065	0.99788	 4.4272e+00	 9.9945e-01	 9.2933e+00	 9.9885e-01
	 nan	3.409	0.99669	 4.4304e+00	 9.9951e-01	 9.2866e+00	 9.9959e-01
	 nan	3.4114	0.99672	 4.4336e+00	 9.9957e-01	 9.2799e+00	 9.9922e-01
	 nan	3.4139	0.99728	 4.4369e+00	 9.9961e-01	 9.2732e+00	 1.0003e+00
	 nan	3.4163	0.99675	 4.4401e+00	 9.9965e-01	 9.2665e+00	 9.9926e-01
	 nan	3.4188	0.99748	 4.4433e+00	 9.9961e-01	 9.2598e+00	 1.0000e+00
	 nan	3.4213	0.99636	 4.4466e+00	 9.9959e-01	 9.2531e+00	 9.9845e-01
	 nan	3.4237	0.99801	 4.4498e+00	 9.9953e-01	 9.2464e+00	 9.9874e-01
	 nan	3.4262	0.99735	 4.4531e+00	 9.9953e-01	 9.2397e+00	 9.9874e-01
	 nan	3.4287	0.99788	 4.4563e+00	 9.9955e-01	 9.2331e+00	 9.9900e-01
	 nan	3.4312	0.99675	 4.4596e+00	 9.9957e-01	 9.2264e+00	 9.9941e-01
	 nan	3.4336	0.99675	 4.4628e+00	 9.9953e-01	 9.2197e+00	 9.9893e-01
	 nan	3.4361	0.99741	 4.4661e+00	 9.9949e-01	 9.2131e+00	 1.0000e+00
	 nan	3.4386	0.99669	 4.4693e+00	 9.9945e-01	 9.2064e+00	 9.9860e-01
	 nan	3.4411	0.99797	 4.4726e+00	 9.9945e-01	 9.1998e+00	 1.0000e+00
	 nan	3.4436	0.99679	 4.4758e+00	 9.9957e-01	 9.1931e+00	 9.9926e-01
	 nan	3.446	0.99774	 4.4791e+00	 9.9965e-01	 9.1865e+00	 9.9893e-01
	 nan	3.4485	0.99682	 4.4824e+00	 9.9973e-01	 9.1799e+00	 9.9922e-01
	 nan	3.451	0.99735	 4.4856e+00	 9.9973e-01	 9.1732e+00	 9.9963e-01
	 nan	3.4535	0.99702	 4.4889e+00	 9.9969e-01	 9.1666e+00	 1.0009e+00
	 nan	3.456	0.99679	 4.4922e+00	 9.9967e-01	 9.1600e+00	 9.9878e-01
	 nan	3.4585	0.99778	 4.4954e+00	 9.9961e-01	 9.1534e+00	 1.0000e+00
	 nan	3.461	0.99705	 4.4987e+00	 9.9955e-01	 9.1468e+00	 9.9863e-01
	 nan	3.4635	0.99817	 4.5020e+00	 9.9949e-01	 9.1402e+00	 9.9930e-01
	 nan	3.466	0.99688	 4.5053e+00	 9.9951e-01	 9.1335e+00	 9.9897e-01
	 nan	3.4685	0.99774	 4.5086e+00	 9.9951e-01	 9.1270e+00	 9.9944e-01
	 nan	3.471	0.99695	 4.5119e+00	 9.9953e-01	 9.1204e+00	 9.9989e-01
	 nan	3.4735	0.99725	 4.5151e+00	 9.9953e-01	 9.1138e+00	 9.9874e-01
	 nan	3.476	0.99741	 4.5184e+00	 9.9955e-01	 9.1072e+00	 9.9967e-01
	 nan	3.4785	0.99718	 4.5217e+00	 9.9959e-01	 9.1006e+00	 9.9815e-01
	 nan	3.481	0.99801	 4.5250e+00	 9.9961e-01	 9.0940e+00	 9.9989e-01
	 nan	3.4835	0.99698	 4.5283e+00	 9.9961e-01	 9.0875e+00	 9.9915e-01
	 nan	3.486	0.99801	 4.5316e+00	 9.9957e-01	 9.0809e+00	 9.9948e-01
	 nan	3.4886	0.99685	 4.5349e+00	 9.9959e-01	 9.0743e+00	 9.9911e-01
	 nan	3.4911	0.99781	 4.5382e+00	 9.9961e-01	 9.0678e+00	 9.9911e-01
	 nan	3.4936	0.99692	 4.5415e+00	 9.9961e-01	 9.0612e+00	 9.9948e-01
	 nan	3.4961	0.99705	 4.5449e+00	 9.9957e-01	 9.0547e+00	 9.9819e-01
	 nan	3.4986	0.99728	 4.5482e+00	 9.9947e-01	 9.0481e+00	 9.9989e-01
	 nan	3.5012	0.99672	 4.5515e+00	 9.9939e-01	 9.0416e+00	 9.9937e-01
	 nan	3.5037	0.99774	 4.5548e+00	 9.9932e-01	 9.0351e+00	 1.0000e+00
	 nan	3.5062	0.99659	 4.5581e+00	 9.9937e-01	 9.0285e+00	 9.9882e-01
	 nan	3.5087	0.99784	 4.5614e+00	 9.9941e-01	 9.0220e+00	 9.9989e-01
	 nan	3.5113	0.99692	 4.5648e+00	 9.9949e-01	 9.0155e+00	 9.9948e-01
	 nan	3.5138	0.99745	 4.5681e+00	 9.9955e-01	 9.0090e+00	 9.9856e-01
	 nan	3.5163	0.99718	 4.5714e+00	 9.9957e-01	 9.0025e+00	 9.9978e-01
	 nan	3.5189	0.99735	 4.5747e+00	 9.9953e-01	 8.9960e+00	 9.9871e-01
	 nan	3.5214	0.99761	 4.5781e+00	 9.9947e-01	 8.9895e+00	 1.0003e+00
	 nan	3.524	0.99672	 4.5814e+00	 9.9947e-01	 8.9830e+00	 9.9900e-01
	 nan	3.5265	0.99758	 4.5847e+00	 9.9951e-01	 8.9765e+00	 9.9941e-01
	 nan	3.529	0.99665	 4.5881e+00	 9.9957e-01	 8.9700e+00	 9.9834e-01
	 nan	3.5316	0.99781	 4.5914e+00	 9.9961e-01	 8.9635e+00	 9.9915e-01
	 nan	3.5341	0.99659	 4.5948e+00	 9.9967e-01	 8.9571e+00	 9.9959e-01
	 nan	3.5367	0.99741	 4.5981e+00	 9.9969e-01	 8.9506e+00	 9.9867e-01
	 nan	3.5392	0.99784	 4.6015e+00	 9.9973e-01	 8.9441e+00	 9.9985e-01
	 nan	3.5418	0.99755	 4.6048e+00	 9.9973e-01	 8.9377e+00	 9.9849e-01
	 nan	3.5443	0.99817	 4.6082e+00	 9.9965e-01	 8.9312e+00	 9.9904e-01
	 nan	3.5469	0.99708	 4.6115e+00	 9.9957e-01	 8.9247e+00	 9.9823e-01
	 nan	3.5494	0.99778	 4.6149e+00	 9.9947e-01	 8.9183e+00	 9.9941e-01
	 nan	3.552	0.99659	 4.6183e+00	 9.9947e-01	 8.9118e+00	 9.9926e-01
	 nan	3.5546	0.99778	 4.6216e+00	 9.9951e-01	 8.9054e+00	 9.9926e-01
	 nan	3.5571	0.99702	 4.6250e+00	 9.9957e-01	 8.8990e+00	 9.9967e-01
	 nan	3.5597	0.99721	 4.6284e+00	 9.9959e-01	 8.8925e+00	 9.9937e-01
	 nan	3.5623	0.99725	 4.6317e+00	 9.9959e-01	 8.8861e+00	 1.0003e+00
	 nan	3.5648	0.99695	 4.6351e+00	 9.9953e-01	 8.8797e+00	 9.9812e-01
	 nan	3.5674	0.99755	 4.6385e+00	 9.9945e-01	 8.8733e+00	 9.9978e-01
	 nan	3.57	0.99636	 4.6419e+00	 9.9943e-01	 8.8669e+00	 9.9904e-01
	 nan	3.5726	0.99778	 4.6453e+00	 9.9939e-01	 8.8605e+00	 9.9893e-01
	 nan	3.5751	0.99672	 4.6486e+00	 9.9941e-01	 8.8540e+00	 9.9904e-01
	 nan	3.5777	0.99728	 4.6520e+00	 9.9945e-01	 8.8476e+00	 9.9900e-01
	 nan	3.5803	0.99662	 4.6554e+00	 9.9951e-01	 8.8413e+00	 9.9911e-01
	 nan	3.5829	0.99695	 4.6588e+00	 9.9955e-01	 8.8349e+00	 9.9790e-01
	 nan	3.5855	0.99725	 4.6622e+00	 9.9957e-01	 8.8285e+00	 9.9963e-01
	 nan	3.5881	0.99649	 4.6656e+00	 9.9959e-01	 8.8221e+00	 9.9830e-01
	 nan	3.5907	0.99731	 4.6690e+00	 9.9957e-01	 8.8157e+00	 9.9948e-01
	 nan	3.5932	0.99646	 4.6724e+00	 9.9959e-01	 8.8093e+00	 9.9922e-01
	 nan	3.5958	0.99791	 4.6758e+00	 9.9955e-01	 8.8030e+00	 9.9941e-01
	 nan	3.5984	0.99731	 4.6792e+00	 9.9953e-01	 8.7966e+00	 9.9919e-01
	 nan	3.601	0.99755	 4.6826e+00	 9.9945e-01	 8.7902e+00	 9.9893e-01
	 nan	3.6036	0.99708	 4.6860e+00	 9.9943e-01	 8.7839e+00	 9.9992e-01
	 nan	3.6062	0.99745	 4.6895e+00	 9.9945e-01	 8.7775e+00	 9.9874e-01
	 nan	3.6088	0.99794	 4.6929e+00	 9.9951e-01	 8.7712e+00	 9.9967e-01
	 nan	3.6114	0.99705	 4.6963e+00	 9.9959e-01	 8.7648e+00	 9.9823e-01
	 nan	3.614	0.99788	 4.6997e+00	 9.9959e-01	 8.7585e+00	 9.9904e-01
	 nan	3.6166	0.99698	 4.7032e+00	 9.9957e-01	 8.7522e+00	 9.9878e-01
	 nan	3.6193	0.99804	 4.7066e+00	 9.9947e-01	 8.7458e+00	 9.9952e-01
	 nan	3.6219	0.99718	 4.7100e+00	 9.9943e-01	 8.7395e+00	 9.9955e-01
	 nan	3.6245	0.99778	 4.7135e+00	 9.9945e-01	 8.7332e+00	 9.9897e-01
	 nan	3.6271	0.99692	 4.7169e+00	 9.9951e-01	 8.7268e+00	 9.9996e-01
	 nan	3.6297	0.99652	 4.7203e+00	 9.9957e-01	 8.7205e+00	 9.9823e-01
	 nan	3.6324	0.99794	 4.7238e+00	 9.9953e-01	 8.7142e+00	 9.9941e-01
	 nan	3.635	0.99679	 4.7272e+00	 9.9951e-01	 8.7079e+00	 9.9804e-01
	 nan	3.6376	0.99794	 4.7307e+00	 9.9947e-01	 8.7016e+00	 9.9933e-01
	 nan	3.6402	0.99692	 4.7341e+00	 9.9949e-01	 8.6953e+00	 9.9926e-01
	 nan	3.6429	0.99764	 4.7375e+00	 9.9951e-01	 8.6890e+00	 9.9904e-01
	 nan	3.6455	0.99642	 4.7410e+00	 9.9957e-01	 8.6827e+00	 9.9952e-01
	 nan	3.6481	0.99692	 4.7444e+00	 9.9961e-01	 8.6765e+00	 9.9882e-01
	 nan	3.6508	0.99764	 4.7479e+00	 9.9965e-01	 8.6702e+00	 9.9930e-01
	 nan	3.6534	0.99708	 4.7514e+00	 9.9969e-01	 8.6639e+00	 9.9812e-01
	 nan	3.656	0.99748	 4.7548e+00	 9.9969e-01	 8.6576e+00	 9.9937e-01
	 nan	3.6587	0.99642	 4.7583e+00	 9.9971e-01	 8.6514e+00	 9.9823e-01
	 nan	3.6613	0.99784	 4.7618e+00	 9.9969e-01	 8.6451e+00	 9.9871e-01
	 nan	3.664	0.99702	 4.7652e+00	 9.9967e-01	 8.6388e+00	 9.9878e-01
	 nan	3.6666	0.99791	 4.7687e+00	 9.9957e-01	 8.6326e+00	 9.9863e-01
	 nan	3.6693	0.99725	 4.7722e+00	 9.9947e-01	 8.6263e+00	 9.9889e-01
	 nan	3.6719	0.99755	 4.7757e+00	 9.9939e-01	 8.6201e+00	 9.9742e-01
	 nan	3.6746	0.99784	 4.7791e+00	 9.9932e-01	 8.6138e+00	 9.9897e-01
	 nan	3.6772	0.99685	 4.7826e+00	 9.9939e-01	 8.6076e+00	 9.9849e-01
	 nan	3.6799	0.99751	 4.7861e+00	 9.9943e-01	 8.6014e+00	 9.9989e-01
	 nan	3.6825	0.99682	 4.7896e+00	 9.9949e-01	 8.5952e+00	 9.9885e-01
	 nan	3.6852	0.99814	 4.7931e+00	 9.9947e-01	 8.5889e+00	 9.9889e-01
	 nan	3.6879	0.99708	 4.7966e+00	 9.9945e-01	 8.5827e+00	 9.9904e-01
	 nan	3.6905	0.99784	 4.8001e+00	 9.9941e-01	 8.5765e+00	 9.9812e-01
	 nan	3.6932	0.99745	 4.8036e+00	 9.9943e-01	 8.5703e+00	 9.9863e-01
	 nan	3.6958	0.99695	 4.8071e+00	 9.9947e-01	 8.5641e+00	 9.9793e-01
	 nan	3.6985	0.99735	 4.8106e+00	 9.9947e-01	 8.5579e+00	 9.9952e-01
	 nan	3.7012	0.99622	 4.8141e+00	 9.9951e-01	 8.5517e+00	 9.9838e-01
	 nan	3.7038	0.99761	 4.8176e+00	 9.9955e-01	 8.5455e+00	 9.9933e-01
	 nan	3.7065	0.99708	 4.8211e+00	 9.9959e-01	 8.5393e+00	 9.9867e-01
	 nan	3.7092	0.9983	 4.8246e+00	 9.9959e-01	 8.5331e+00	 9.9915e-01
	 nan	3.7119	0.99712	 4.8281e+00	 9.9957e-01	 8.5270e+00	 9.9908e-01
	 nan	3.7145	0.99698	 4.8316e+00	 9.9955e-01	 8.5208e+00	 9.9804e-01
	 nan	3.7172	0.99715	 4.8351e+00	 9.9957e-01	 8.5146e+00	 9.9948e-01
	 nan	3.7199	0.99718	 4.8387e+00	 9.9961e-01	 8.5085e+00	 9.9904e-01
	 nan	3.7226	0.99797	 4.8422e+00	 9.9961e-01	 8.5023e+00	 1.0001e+00
	 nan	3.7253	0.99672	 4.8457e+00	 9.9959e-01	 8.4961e+00	 9.9834e-01
	 nan	3.7279	0.99784	 4.8492e+00	 9.9949e-01	 8.4900e+00	 9.9874e-01
	 nan	3.7306	0.99688	 4.8528e+00	 9.9941e-01	 8.4838e+00	 9.9841e-01
	 nan	3.7333	0.99741	 4.8563e+00	 9.9935e-01	 8.4777e+00	 9.9838e-01
	 nan	3.736	0.99702	 4.8598e+00	 9.9937e-01	 8.4715e+00	 9.9937e-01
	 nan	3.7387	0.99761	 4.8634e+00	 9.9943e-01	 8.4654e+00	 9.9838e-01
	 nan	3.7414	0.99735	 4.8669e+00	 9.9945e-01	 8.4593e+00	 9.9919e-01
	 nan	3.7441	0.99718	 4.8705e+00	 9.9949e-01	 8.4532e+00	 9.9797e-01
	 nan	3.7468	0.99788	 4.8740e+00	 9.9951e-01	 8.4470e+00	 9.9930e-01
	 nan	3.7495	0.99672	 4.8776e+00	 9.9957e-01	 8.4409e+00	 9.9812e-01
	 nan	3.7522	0.99824	 4.8811e+00	 9.9955e-01	 8.4348e+00	 9.9827e-01
	 nan	3.755	0.99712	 4.8847e+00	 9.9957e-01	 8.4287e+00	 9.9867e-01
	 nan	3.7577	0.99764	 4.8882e+00	 9.9961e-01	 8.4226e+00	 9.9882e-01
	 nan	3.7604	0.99721	 4.8918e+00	 9.9971e-01	 8.4165e+00	 9.9937e-01
	 nan	3.7631	0.99715	 4.8953e+00	 9.9981e-01	 8.4104e+00	 9.9808e-01
	 nan	3.7658	0.99781	 4.8989e+00	 9.9983e-01	 8.4043e+00	 9.9919e-01
	 nan	3.7685	0.99748	 4.9025e+00	 9.9981e-01	 8.3982e+00	 9.9790e-01
	 nan	3.7712	0.99784	 4.9060e+00	 9.9971e-01	 8.3921e+00	 9.9885e-01
	 nan	3.774	0.99692	 4.9096e+00	 9.9965e-01	 8.3860e+00	 9.9801e-01
	 nan	3.7767	0.99824	 4.9132e+00	 9.9957e-01	 8.3800e+00	 9.9849e-01
	 nan	3.7794	0.99679	 4.9168e+00	 9.9955e-01	 8.3739e+00	 9.9889e-01
	 nan	3.7821	0.99755	 4.9203e+00	 9.9955e-01	 8.3678e+00	 9.9841e-01
	 nan	3.7849	0.99735	 4.9239e+00	 9.9957e-01	 8.3618e+00	 9.9904e-01
	 nan	3.7876	0.99695	 4.9275e+00	 9.9955e-01	 8.3557e+00	 9.9745e-01
	 nan	3.7903	0.99781	 4.9311e+00	 9.9951e-01	 8.3496e+00	 9.9933e-01
	 nan	3.7931	0.99698	 4.9347e+00	 9.9951e-01	 8.3436e+00	 9.9849e-01
	 nan	3.7958	0.99807	 4.9383e+00	 9.9949e-01	 8.3376e+00	 9.9933e-01
	 nan	3.7986	0.99698	 4.9419e+00	 9.9955e-01	 8.3315e+00	 9.9897e-01
	 nan	3.8013	0.99745	 4.9455e+00	 9.9955e-01	 8.3255e+00	 9.9856e-01
	 nan	3.804	0.99652	 4.9491e+00	 9.9957e-01	 8.3195e+00	 9.9863e-01
	 nan	3.8068	0.99712	 4.9527e+00	 9.9957e-01	 8.3135e+00	 9.9801e-01
	 nan	3.8095	0.99708	 4.9563e+00	 9.9957e-01	 8.3074e+00	 9.9904e-01
	 nan	3.8123	0.99695	 4.9599e+00	 9.9955e-01	 8.3014e+00	 9.9760e-01
	 nan	3.815	0.99784	 4.9635e+00	 9.9951e-01	 8.2954e+00	 9.9841e-01
	 nan	3.8178	0.99712	 4.9671e+00	 9.9953e-01	 8.2894e+00	 9.9734e-01
	 nan	3.8205	0.99837	 4.9707e+00	 9.9953e-01	 8.2834e+00	 9.9897e-01
	 nan	3.8233	0.99708	 4.9743e+00	 9.9955e-01	 8.2774e+00	 9.9893e-01
	 nan	3.826	0.99771	 4.9780e+00	 9.9957e-01	 8.2714e+00	 9.9874e-01
	 nan	3.8288	0.99715	 4.9816e+00	 9.9963e-01	 8.2654e+00	 9.9885e-01
	 nan	3.8315	0.99721	 4.9852e+00	 9.9969e-01	 8.2594e+00	 9.9797e-01
	 nan	3.8343	0.99718	 4.9888e+00	 9.9969e-01	 8.2534e+00	 9.9941e-01
	 nan	3.8371	0.99659	 4.9925e+00	 9.9965e-01	 8.2475e+00	 9.9812e-01
	 nan	3.8398	0.99814	 4.9961e+00	 9.9955e-01	 8.2415e+00	 9.9963e-01
	 nan	3.8426	0.99745	 4.9997e+00	 9.9949e-01	 8.2355e+00	 9.9908e-01
	 nan	3.8454	0.99807	 5.0034e+00	 9.9945e-01	 8.2296e+00	 9.9874e-01
	 nan	3.8482	0.99721	 5.0070e+00	 9.9949e-01	 8.2236e+00	 9.9841e-01
	 nan	3.8509	0.99797	 5.0107e+00	 9.9951e-01	 8.2176e+00	 9.9871e-01
	 nan	3.8537	0.99745	 5.0143e+00	 9.9953e-01	 8.2117e+00	 9.9919e-01
	 nan	3.8565	0.99738	 5.0179e+00	 9.9953e-01	 8.2057e+00	 9.9782e-01
	 nan	3.8593	0.99804	 5.0216e+00	 9.9951e-01	 8.1998e+00	 9.9871e-01
	 nan	3.8621	0.99738	 5.0253e+00	 9.9957e-01	 8.1938e+00	 9.9790e-01
	 nan	3.8648	0.99784	 5.0289e+00	 9.9957e-01	 8.1879e+00	 9.9915e-01
	 nan	3.8676	0.99662	 5.0326e+00	 9.9959e-01	 8.1819e+00	 9.9845e-01
	 nan	3.8704	0.99784	 5.0362e+00	 9.9959e-01	 8.1760e+00	 9.9878e-01
	 nan	3.8732	0.99672	 5.0399e+00	 9.9959e-01	 8.1701e+00	 9.9889e-01
	 nan	3.876	0.99741	 5.0436e+00	 9.9953e-01	 8.1642e+00	 9.9823e-01
	 nan	3.8788	0.99725	 5.0472e+00	 9.9949e-01	 8.1582e+00	 9.9908e-01
	 nan	3.8816	0.99708	 5.0509e+00	 9.9949e-01	 8.1523e+00	 9.9815e-01
	 nan	3.8844	0.99768	 5.0546e+00	 9.9953e-01	 8.1464e+00	 9.9919e-01
	 nan	3.8872	0.99659	 5.0583e+00	 9.9961e-01	 8.1405e+00	 9.9790e-01
	 nan	3.89	0.99758	 5.0620e+00	 9.9965e-01	 8.1346e+00	 9.9889e-01
	 nan	3.8928	0.99692	 5.0656e+00	 9.9967e-01	 8.1287e+00	 9.9852e-01
	 nan	3.8956	0.99801	 5.0693e+00	 9.9961e-01	 8.1228e+00	 9.9827e-01
	 nan	3.8984	0.99692	 5.0730e+00	 9.9953e-01	 8.1169e+00	 9.9889e-01
	 nan	3.9012	0.99784	 5.0767e+00	 9.9945e-01	 8.1110e+00	 9.9812e-01
	 nan	3.904	0.99791	 5.0804e+00	 9.9943e-01	 8.1052e+00	 9.9937e-01
	 nan	3.9068	0.99712	 5.0841e+00	 9.9947e-01	 8.0993e+00	 9.9841e-01
	 nan	3.9096	0.99778	 5.0878e+00	 9.9953e-01	 8.0934e+00	 9.9959e-01
	 nan	3.9125	0.99695	 5.0915e+00	 9.9961e-01	 8.0876e+00	 9.9823e-01
	 nan	3.9153	0.9983	 5.0952e+00	 9.9963e-01	 8.0817e+00	 9.9841e-01
	 nan	3.9181	0.99731	 5.0989e+00	 9.9961e-01	 8.0758e+00	 9.9797e-01
	 nan	3.9209	0.99811	 5.1026e+00	 9.9953e-01	 8.0700e+00	 9.9793e-01
	 nan	3.9238	0.99718	 5.1063e+00	 9.9949e-01	 8.0641e+00	 9.9900e-01
	 nan	3.9266	0.99705	 5.1101e+00	 9.9951e-01	 8.0583e+00	 9.9834e-01
	 nan	3.9294	0.99745	 5.1138e+00	 9.9953e-01	 8.0524e+00	 9.9922e-01
	 nan	3.9323	0.99685	 5.1175e+00	 9.9959e-01	 8.0466e+00	 9.9782e-01
	 nan	3.9351	0.99748	 5.1212e+00	 9.9961e-01	 8.0407e+00	 9.9904e-01
	 nan	3.9379	0.99672	 5.1249e+00	 9.9965e-01	 8.0349e+00	 9.9786e-01
	 nan	3.9408	0.99797	 5.1287e+00	 9.9965e-01	 8.0291e+00	 9.9823e-01
	 nan	3.9436	0.99659	 5.1324e+00	 9.9967e-01	 8.0233e+00	 9.9827e-01
	 nan	3.9465	0.99718	 5.1361e+00	 9.9967e-01	 8.0174e+00	 9.9801e-01
	 nan	3.9493	0.99708	 5.1399e+00	 9.9967e-01	 8.0116e+00	 9.9908e-01
	 nan	3.9522	0.99728	 5.1436e+00	 9.9961e-01	 8.0058e+00	 9.9830e-01
	 nan	3.955	0.99771	 5.1474e+00	 9.9955e-01	 8.0000e+00	 9.9963e-01
	 nan	3.9579	0.99685	 5.1511e+00	 9.9951e-01	 7.9942e+00	 9.9823e-01
	 nan	3.9607	0.99797	 5.1549e+00	 9.9947e-01	 7.9884e+00	 9.9915e-01
	 nan	3.9636	0.99702	 5.1586e+00	 9.9949e-01	 7.9826e+00	 9.9790e-01
	 nan	3.9664	0.99811	 5.1624e+00	 9.9951e-01	 7.9768e+00	 9.9793e-01
	 nan	3.9693	0.99692	 5.1661e+00	 9.9957e-01	 7.9710e+00	 9.9867e-01
	 nan	3.9722	0.99748	 5.1699e+00	 9.9963e-01	 7.9652e+00	 9.9871e-01
	 nan	3.975	0.99781	 5.1736e+00	 9.9969e-01	 7.9595e+00	 9.9944e-01
	 nan	3.9779	0.99741	 5.1774e+00	 9.9973e-01	 7.9537e+00	 9.9801e-01
	 nan	3.9808	0.99758	 5.1812e+00	 9.9971e-01	 7.9479e+00	 9.9867e-01
	 nan	3.9837	0.99685	 5.1850e+00	 9.9965e-01	 7.9421e+00	 9.9771e-01
	 nan	3.9865	0.99768	 5.1887e+00	 9.9957e-01	 7.9364e+00	 9.9904e-01
	 nan	3.9894	0.99642	 5.1925e+00	 9.9957e-01	 7.9306e+00	 9.9871e-01
	 nan	3.9923	0.99797	 5.1963e+00	 9.9959e-01	 7.9249e+00	 9.9885e-01
	 nan	3.9952	0.99728	 5.2001e+00	 9.9959e-01	 7.9191e+00	 9.9941e-01
	 nan	3.998	0.99745	 5.2038e+00	 9.9957e-01	 7.9134e+00	 9.9786e-01
	 nan	4.0009	0.99774	 5.2076e+00	 9.9953e-01	 7.9076e+00	 9.9849e-01
	 nan	4.0038	0.99712	 5.2114e+00	 9.9953e-01	 7.9019e+00	 9.9716e-01
	 nan	4.0067	0.99768	 5.2152e+00	 9.9955e-01	 7.8962e+00	 9.9893e-01
	 nan	4.0096	0.99672	 5.2190e+00	 9.9961e-01	 7.8904e+00	 9.9801e-01
	 nan	4.0125	0.99768	 5.2228e+00	 9.9963e-01	 7.8847e+00	 9.9882e-01
	 nan	4.0154	0.99652	 5.2266e+00	 9.9969e-01	 7.8790e+00	 9.9874e-01
	 nan	4.0183	0.99781	 5.2304e+00	 9.9963e-01	 7.8733e+00	 9.9775e-01
	 nan	4.0212	0.99712	 5.2342e+00	 9.9953e-01	 7.8675e+00	 9.9827e-01
	 nan	4.0241	0.99695	 5.2380e+00	 9.9945e-01	 7.8618e+00	 9.9768e-01
	 nan	4.027	0.99738	 5.2418e+00	 9.9941e-01	 7.8561e+00	 9.9911e-01
	 nan	4.0299	0.99662	 5.2456e+00	 9.9943e-01	 7.8504e+00	 9.9779e-01
	 nan	4.0328	0.99748	 5.2495e+00	 9.9949e-01	 7.8447e+00	 9.9893e-01
	 nan	4.0357	0.99636	 5.2533e+00	 9.9959e-01	 7.8390e+00	 9.9779e-01
	 nan	4.0386	0.99771	 5.2571e+00	 9.9963e-01	 7.8333e+00	 9.9779e-01
	 nan	4.0415	0.99655	 5.2609e+00	 9.9963e-01	 7.8277e+00	 9.9804e-01
	 nan	4.0444	0.99721	 5.2648e+00	 9.9961e-01	 7.8220e+00	 9.9786e-01
	 nan	4.0473	0.99735	 5.2686e+00	 9.9959e-01	 7.8163e+00	 9.9900e-01
	 nan	4.0502	0.99755	 5.2724e+00	 9.9959e-01	 7.8106e+00	 9.9760e-01
	 nan	4.0532	0.99764	 5.2763e+00	 9.9955e-01	 7.8050e+00	 9.9926e-01
	 nan	4.0561	0.99675	 5.2801e+00	 9.9951e-01	 7.7993e+00	 9.9801e-01
	 nan	4.059	0.99814	 5.2839e+00	 9.9945e-01	 7.7936e+00	 9.9867e-01
	 nan	4.0619	0.99741	 5.2878e+00	 9.9947e-01	 7.7880e+00	 9.9852e-01
	 nan	4.0649	0.99801	 5.2916e+00	 9.9947e-01	 7.7823e+00	 9.9830e-01
	 nan	4.0678	0.99695	 5.2955e+00	 9.9949e-01	 7.7767e+00	 9.9849e-01
	 nan	4.0707	0.99712	 5.2993e+00	 9.9953e-01	 7.7710e+00	 9.9790e-01
	 nan	4.0737	0.99725	 5.3032e+00	 9.9957e-01	 7.7654e+00	 9.9882e-01
	 nan	4.0766	0.99755	 5.3070e+00	 9.9961e-01	 7.7598e+00	 9.9764e-01
	 nan	4.0795	0.9983	 5.3109e+00	 9.9963e-01	 7.7541e+00	 9.9874e-01
	 nan	4.0825	0.99682	 5.3147e+00	 9.9965e-01	 7.7485e+00	 9.9712e-01
	 nan	4.0854	0.99761	 5.3186e+00	 9.9963e-01	 7.7429e+00	 9.9819e-01
	 nan	4.0883	0.99659	 5.3225e+00	 9.9961e-01	 7.7372e+00	 9.9874e-01
	 nan	4.0913	0.99778	 5.3263e+00	 9.9957e-01	 7.7316e+00	 9.9815e-01
	 nan	4.0942	0.99712	 5.3302e+00	 9.9955e-01	 7.7260e+00	 9.9823e-01
	 nan	4.0972	0.99721	 5.3341e+00	 9.9953e-01	 7.7204e+00	 9.9775e-01
	 nan	4.1001	0.99751	 5.3379e+00	 9.9953e-01	 7.7148e+00	 9.9889e-01
	 nan	4.1031	0.99695	 5.3418e+00	 9.9961e-01	 7.7092e+00	 9.9793e-01
	 nan	4.1061	0.99725	 5.3457e+00	 9.9963e-01	 7.7036e+00	 9.9974e-01
	 nan	4.109	0.99642	 5.3496e+00	 9.9967e-01	 7.6980e+00	 9.9819e-01
	 nan	4.112	0.99807	 5.3535e+00	 9.9965e-01	 7.6924e+00	 9.9801e-01
	 nan	4.1149	0.99675	 5.3574e+00	 9.9963e-01	 7.6868e+00	 9.9797e-01
	 nan	4.1179	0.99735	 5.3613e+00	 9.9965e-01	 7.6812e+00	 9.9849e-01
	 nan	4.1209	0.99718	 5.3652e+00	 9.9967e-01	 7.6757e+00	 9.9981e-01
	 nan	4.1238	0.99748	 5.3691e+00	 9.9973e-01	 7.6701e+00	 9.9830e-01
	 nan	4.1268	0.99771	 5.3730e+00	 9.9975e-01	 7.6645e+00	 9.9915e-01
	 nan	4.1298	0.99685	 5.3769e+00	 9.9979e-01	 7.6590e+00	 9.9801e-01
	 nan	4.1328	0.99755	 5.3808e+00	 9.9975e-01	 7.6534e+00	 9.9849e-01
	 nan	4.1357	0.99662	 5.3847e+00	 9.9969e-01	 7.6478e+00	 9.9779e-01
	 nan	4.1387	0.99794	 5.3886e+00	 9.9957e-01	 7.6423e+00	 9.9834e-01
	 nan	4.1417	0.99725	 5.3925e+00	 9.9949e-01	 7.6367e+00	 9.9823e-01
	 nan	4.1447	0.99774	 5.3964e+00	 9.9943e-01	 7.6312e+00	 9.9779e-01
	 nan	4.1477	0.99715	 5.4004e+00	 9.9939e-01	 7.6256e+00	 9.9878e-01
	 nan	4.1507	0.99741	 5.4043e+00	 9.9935e-01	 7.6201e+00	 9.9775e-01
	 nan	4.1536	0.99844	 5.4082e+00	 9.9935e-01	 7.6146e+00	 9.9904e-01
	 nan	4.1566	0.99721	 5.4122e+00	 9.9941e-01	 7.6090e+00	 9.9793e-01
	 nan	4.1596	0.99821	 5.4161e+00	 9.9947e-01	 7.6035e+00	 9.9897e-01
	 nan	4.1626	0.99675	 5.4200e+00	 9.9957e-01	 7.5980e+00	 9.9801e-01
	 nan	4.1656	0.99745	 5.4240e+00	 9.9961e-01	 7.5925e+00	 9.9790e-01
	 nan	4.1686	0.99695	 5.4279e+00	 9.9965e-01	 7.5869e+00	 9.9852e-01
	 nan	4.1716	0.99764	 5.4319e+00	 9.9965e-01	 7.5814e+00	 9.9768e-01
	 nan	4.1747	0.99731	 5.4358e+00	 9.9965e-01	 7.5759e+00	 9.9845e-01
	 nan	4.1777	0.99738	 5.4398e+00	 9.9965e-01	 7.5704e+00	 9.9760e-01
	 nan	4.1807	0.99804	 5.4437e+00	 9.9959e-01	 7.5649e+00	 9.9937e-01
	 nan	4.1837	0.99662	 5.4477e+00	 9.9959e-01	 7.5594e+00	 9.9790e-01
	 nan	4.1867	0.99791	 5.4517e+00	 9.9959e-01	 7.5539e+00	 9.9760e-01
	 nan	4.1897	0.99665	 5.4556e+00	 9.9963e-01	 7.5484e+00	 9.9734e-01
	 nan	4.1928	0.99748	 5.4596e+00	 9.9965e-01	 7.5430e+00	 9.9771e-01
	 nan	4.1958	0.99738	 5.4636e+00	 9.9967e-01	 7.5375e+00	 9.9900e-01
	 nan	4.1988	0.99794	 5.4675e+00	 9.9963e-01	 7.5320e+00	 9.9838e-01
	 nan	4.2018	0.99801	 5.4715e+00	 9.9957e-01	 7.5265e+00	 9.9900e-01
	 nan	4.2049	0.99718	 5.4755e+00	 9.9953e-01	 7.5211e+00	 9.9712e-01
	 nan	4.2079	0.99768	 5.4795e+00	 9.9949e-01	 7.5156e+00	 9.9841e-01
	 nan	4.2109	0.99695	 5.4835e+00	 9.9953e-01	 7.5101e+00	 9.9804e-01
	 nan	4.214	0.99817	 5.4875e+00	 9.9957e-01	 7.5047e+00	 9.9885e-01
	 nan	4.217	0.99692	 5.4914e+00	 9.9963e-01	 7.4992e+00	 9.9827e-01
	 nan	4.2201	0.99741	 5.4954e+00	 9.9963e-01	 7.4938e+00	 9.9760e-01
	 nan	4.2231	0.99698	 5.4994e+00	 9.9963e-01	 7.4883e+00	 9.9860e-01
	 nan	4.2262	0.99738	 5.5034e+00	 9.9965e-01	 7.4829e+00	 9.9753e-01
	 nan	4.2292	0.99774	 5.5074e+00	 9.9963e-01	 7.4774e+00	 9.9863e-01
	 nan	4.2323	0.99682	 5.5114e+00	 9.9961e-01	 7.4720e+00	 9.9764e-01
	 nan	4.2353	0.99758	 5.5155e+00	 9.9955e-01	 7.4666e+00	 9.9915e-01
	 nan	4.2384	0.99646	 5.5195e+00	 9.9955e-01	 7.4611e+00	 9.9827e-01
	 nan	4.2414	0.99811	 5.5235e+00	 9.9951e-01	 7.4557e+00	 9.9808e-01
	 nan	4.2445	0.99675	 5.5275e+00	 9.9953e-01	 7.4503e+00	 9.9845e-01
	 nan	4.2475	0.99705	 5.5315e+00	 9.9957e-01	 7.4449e+00	 9.9793e-01
	 nan	4.2506	0.99721	 5.5355e+00	 9.9963e-01	 7.4395e+00	 9.9874e-01
	 nan	4.2537	0.99712	 5.5396e+00	 9.9973e-01	 7.4341e+00	 9.9797e-01
	 nan	4.2567	0.99764	 5.5436e+00	 9.9979e-01	 7.4287e+00	 9.9933e-01
	 nan	4.2598	0.99731	 5.5476e+00	 9.9983e-01	 7.4233e+00	 9.9749e-01
	 nan	4.2629	0.99827	 5.5516e+00	 9.9977e-01	 7.4179e+00	 9.9808e-01
	 nan	4.266	0.99669	 5.5557e+00	 9.9969e-01	 7.4125e+00	 9.9793e-01
	 nan	4.269	0.99807	 5.5597e+00	 9.9959e-01	 7.4071e+00	 9.9808e-01
	 nan	4.2721	0.99741	 5.5638e+00	 9.9953e-01	 7.4017e+00	 9.9849e-01
	 nan	4.2752	0.99755	 5.5678e+00	 9.9953e-01	 7.3963e+00	 9.9801e-01
	 nan	4.2783	0.99731	 5.5718e+00	 9.9955e-01	 7.3909e+00	 9.9941e-01
	 nan	4.2814	0.99688	 5.5759e+00	 9.9957e-01	 7.3855e+00	 9.9808e-01
	 nan	4.2844	0.99784	 5.5799e+00	 9.9953e-01	 7.3802e+00	 9.9849e-01
	 nan	4.2875	0.99735	 5.5840e+00	 9.9955e-01	 7.3748e+00	 9.9720e-01
	 nan	4.2906	0.99821	 5.5881e+00	 9.9955e-01	 7.3694e+00	 9.9852e-01
	 nan	4.2937	0.99702	 5.5921e+00	 9.9963e-01	 7.3641e+00	 9.9845e-01
	 nan	4.2968	0.99817	 5.5962e+00	 9.9965e-01	 7.3587e+00	 9.9815e-01
	 nan	4.2999	0.99758	 5.6003e+00	 9.9965e-01	 7.3534e+00	 9.9908e-01
	 nan	4.303	0.99751	 5.6043e+00	 9.9961e-01	 7.3480e+00	 9.9775e-01
	 nan	4.3061	0.99748	 5.6084e+00	 9.9955e-01	 7.3427e+00	 9.9871e-01
	 nan	4.3092	0.99688	 5.6125e+00	 9.9953e-01	 7.3373e+00	 9.9734e-01
	 nan	4.3124	0.99755	 5.6166e+00	 9.9949e-01	 7.3320e+00	 9.9885e-01
	 nan	4.3155	0.99669	 5.6206e+00	 9.9953e-01	 7.3267e+00	 9.9893e-01
	 nan	4.3186	0.99814	 5.6247e+00	 9.9957e-01	 7.3213e+00	 9.9944e-01
	 nan	4.3217	0.99718	 5.6288e+00	 9.9961e-01	 7.3160e+00	 9.9860e-01
	 nan	4.3248	0.99761	 5.6329e+00	 9.9961e-01	 7.3107e+00	 9.9749e-01
	 nan	4.3279	0.99705	 5.6370e+00	 9.9957e-01	 7.3054e+00	 9.9841e-01
	 nan	4.3311	0.99705	 5.6411e+00	 9.9951e-01	 7.3001e+00	 9.9757e-01
	 nan	4.3342	0.99764	 5.6452e+00	 9.9947e-01	 7.2948e+00	 9.9885e-01
	 nan	4.3373	0.99679	 5.6493e+00	 9.9945e-01	 7.2894e+00	 9.9749e-01
	 nan	4.3404	0.99801	 5.6534e+00	 9.9941e-01	 7.2841e+00	 9.9882e-01
	 nan	4.3436	0.99712	 5.6575e+00	 9.9943e-01	 7.2788e+00	 9.9801e-01
	 nan	4.3467	0.99794	 5.6616e+00	 9.9947e-01	 7.2736e+00	 9.9819e-01
	 nan	4.3498	0.99725	 5.6657e+00	 9.9957e-01	 7.2683e+00	 9.9856e-01
	 nan	4.353	0.99821	 5.6698e+00	 9.9969e-01	 7.2630e+00	 9.9808e-01
	 nan	4.3561	0.99751	 5.6740e+00	 9.9981e-01	 7.2577e+00	 9.9889e-01
	 nan	4.3593	0.99721	 5.6781e+00	 9.9987e-01	 7.2524e+00	 9.9727e-01
	 nan	4.3624	0.99797	 5.6822e+00	 9.9981e-01	 7.2471e+00	 9.9882e-01
	 nan	4.3655	0.99715	 5.6863e+00	 9.9975e-01	 7.2419e+00	 9.9779e-01
	 nan	4.3687	0.99817	 5.6905e+00	 9.9963e-01	 7.2366e+00	 9.9841e-01
	 nan	4.3719	0.99682	 5.6946e+00	 9.9961e-01	 7.2313e+00	 9.9775e-01
	 nan	4.375	0.99788	 5.6987e+00	 9.9965e-01	 7.2261e+00	 9.9757e-01
	 nan	4.3782	0.99725	 5.7029e+00	 9.9973e-01	 7.2208e+00	 9.9801e-01
	 nan	4.3813	0.99748	 5.7070e+00	 9.9981e-01	 7.2155e+00	 9.9760e-01
	 nan	4.3845	0.99764	 5.7112e+00	 9.9983e-01	 7.2103e+00	 9.9867e-01
	 nan	4.3877	0.99692	 5.7153e+00	 9.9981e-01	 7.2051e+00	 9.9745e-01
	 nan	4.3908	0.99735	 5.7195e+00	 9.9971e-01	 7.1998e+00	 9.9860e-01
	 nan	4.394	0.99665	 5.7236e+00	 9.9965e-01	 7.1946e+00	 9.9738e-01
	 nan	4.3972	0.99824	 5.7278e+00	 9.9959e-01	 7.1893e+00	 9.9841e-01
	 nan	4.4003	0.99692	 5.7319e+00	 9.9959e-01	 7.1841e+00	 9.9860e-01
	 nan	4.4035	0.99794	 5.7361e+00	 9.9957e-01	 7.1789e+00	 9.9808e-01
	 nan	4.4067	0.99768	 5.7403e+00	 9.9955e-01	 7.1737e+00	 9.9856e-01
	 nan	4.4099	0.99741	 5.7444e+00	 9.9953e-01	 7.1685e+00	 9.9712e-01
	 nan	4.4131	0.99761	 5.7486e+00	 9.9951e-01	 7.1632e+00	 9.9849e-01
	 nan	4.4162	0.99731	 5.7528e+00	 9.9947e-01	 7.1580e+00	 9.9757e-01
	 nan	4.4194	0.99778	 5.7570e+00	 9.9941e-01	 7.1528e+00	 9.9882e-01
	 nan	4.4226	0.99626	 5.7611e+00	 9.9943e-01	 7.1476e+00	 9.9804e-01
	 nan	4.4258	0.99788	 5.7653e+00	 9.9943e-01	 7.1424e+00	 9.9815e-01
	 nan	4.429	0.99725	 5.7695e+00	 9.9951e-01	 7.1372e+00	 9.9827e-01
	 nan	4.4322	0.99761	 5.7737e+00	 9.9957e-01	 7.1320e+00	 9.9782e-01
	 nan	4.4354	0.99725	 5.7779e+00	 9.9961e-01	 7.1268e+00	 9.9867e-01
	 nan	4.4386	0.99728	 5.7821e+00	 9.9961e-01	 7.1216e+00	 9.9749e-01
	 nan	4.4418	0.99755	 5.7863e+00	 9.9961e-01	 7.1165e+00	 9.9937e-01
	 nan	4.445	0.99642	 5.7905e+00	 9.9961e-01	 7.1113e+00	 9.9790e-01
	 nan	4.4482	0.99755	 5.7947e+00	 9.9957e-01	 7.1061e+00	 9.9834e-01
	 nan	4.4514	0.99665	 5.7989e+00	 9.9955e-01	 7.1009e+00	 9.9797e-01
	 nan	4.4546	0.99804	 5.8031e+00	 9.9953e-01	 7.0958e+00	 9.9827e-01
	 nan	4.4579	0.99731	 5.8073e+00	 9.9961e-01	 7.0906e+00	 9.9815e-01
	 nan	4.4611	0.99748	 5.8115e+00	 9.9967e-01	 7.0854e+00	 9.9734e-01
	 nan	4.4643	0.99708	 5.8157e+00	 9.9973e-01	 7.0803e+00	 9.9849e-01
	 nan	4.4675	0.99718	 5.8200e+00	 9.9973e-01	 7.0751e+00	 9.9716e-01
	 nan	4.4707	0.99791	 5.8242e+00	 9.9969e-01	 7.0699e+00	 9.9856e-01
	 nan	4.474	0.99672	 5.8284e+00	 9.9965e-01	 7.0648e+00	 9.9779e-01
	 nan	4.4772	0.99791	 5.8327e+00	 9.9957e-01	 7.0597e+00	 9.9878e-01
	 nan	4.4804	0.99682	 5.8369e+00	 9.9953e-01	 7.0545e+00	 9.9827e-01
	 nan	4.4837	0.99788	 5.8411e+00	 9.9947e-01	 7.0494e+00	 9.9793e-01
	 nan	4.4869	0.99702	 5.8454e+00	 9.9943e-01	 7.0442e+00	 9.9852e-01
	 nan	4.4901	0.99745	 5.8496e+00	 9.9939e-01	 7.0391e+00	 9.9757e-01
	 nan	4.4934	0.99708	 5.8538e+00	 9.9943e-01	 7.0340e+00	 9.9867e-01
	 nan	4.4966	0.99632	 5.8581e+00	 9.9955e-01	 7.0289e+00	 9.9797e-01
	 nan	4.4999	0.99758	 5.8624e+00	 9.9969e-01	 7.0237e+00	 9.9860e-01
	 nan	4.5031	0.99672	 5.8666e+00	 9.9979e-01	 7.0186e+00	 9.9705e-01
	 nan	4.5064	0.99778	 5.8709e+00	 9.9979e-01	 7.0135e+00	 9.9764e-01
	 nan	4.5096	0.99679	 5.8751e+00	 9.9973e-01	 7.0084e+00	 9.9782e-01
	 nan	4.5129	0.99774	 5.8794e+00	 9.9963e-01	 7.0033e+00	 9.9738e-01
	 nan	4.5161	0.99715	 5.8837e+00	 9.9961e-01	 6.9982e+00	 9.9838e-01
	 nan	4.5194	0.99741	 5.8879e+00	 9.9963e-01	 6.9931e+00	 9.9742e-01
	 nan	4.5226	0.99768	 5.8922e+00	 9.9967e-01	 6.9880e+00	 9.9819e-01
	 nan	4.5259	0.99655	 5.8965e+00	 9.9967e-01	 6.9829e+00	 9.9683e-01
	 nan	4.5292	0.99768	 5.9008e+00	 9.9959e-01	 6.9778e+00	 9.9823e-01
	 nan	4.5324	0.99675	 5.9050e+00	 9.9955e-01	 6.9728e+00	 9.9782e-01
	 nan	4.5357	0.99797	 5.9093e+00	 9.9949e-01	 6.9677e+00	 9.9819e-01
	 nan	4.539	0.99738	 5.9136e+00	 9.9955e-01	 6.9626e+00	 9.9834e-01
	 nan	4.5423	0.99771	 5.9179e+00	 9.9959e-01	 6.9575e+00	 9.9764e-01
	 nan	4.5455	0.99679	 5.9222e+00	 9.9965e-01	 6.9525e+00	 9.9845e-01
	 nan	4.5488	0.99721	 5.9265e+00	 9.9965e-01	 6.9474e+00	 9.9771e-01
	 nan	4.5521	0.99827	 5.9308e+00	 9.9957e-01	 6.9423e+00	 9.9838e-01
	 nan	4.5554	0.99695	 5.9351e+00	 9.9951e-01	 6.9373e+00	 9.9698e-01
	 nan	4.5587	0.99781	 5.9394e+00	 9.9945e-01	 6.9322e+00	 9.9823e-01
	 nan	4.562	0.99692	 5.9437e+00	 9.9949e-01	 6.9272e+00	 9.9775e-01
	 nan	4.5653	0.99771	 5.9481e+00	 9.9955e-01	 6.9221e+00	 9.9827e-01
	 nan	4.5686	0.99665	 5.9524e+00	 9.9963e-01	 6.9171e+00	 9.9863e-01
	 nan	4.5719	0.99764	 5.9567e+00	 9.9967e-01	 6.9120e+00	 9.9782e-01
	 nan	4.5752	0.99771	 5.9610e+00	 9.9971e-01	 6.9070e+00	 9.9893e-01
	 nan	4.5785	0.99705	 5.9653e+00	 9.9977e-01	 6.9020e+00	 9.9742e-01
	 nan	4.5818	0.99801	 5.9697e+00	 9.9979e-01	 6.8970e+00	 9.9878e-01
	 nan	4.5851	0.99688	 5.9740e+00	 9.9983e-01	 6.8919e+00	 9.9749e-01
	 nan	4.5884	0.99764	 5.9783e+00	 9.9981e-01	 6.8869e+00	 9.9812e-01
	 nan	4.5917	0.99675	 5.9827e+00	 9.9979e-01	 6.8819e+00	 9.9779e-01
	 nan	4.595	0.99764	 5.9870e+00	 9.9971e-01	 6.8769e+00	 9.9757e-01
	 nan	4.5983	0.99685	 5.9914e+00	 9.9965e-01	 6.8719e+00	 9.9790e-01
	 nan	4.6016	0.99728	 5.9957e+00	 9.9959e-01	 6.8669e+00	 9.9709e-01
	 nan	4.605	0.99731	 6.0000e+00	 9.9951e-01	 6.8619e+00	 9.9834e-01
	 nan	4.6083	0.99675	 6.0044e+00	 9.9947e-01	 6.8569e+00	 9.9712e-01
	 nan	4.6116	0.99794	 6.0088e+00	 9.9939e-01	 6.8519e+00	 9.9823e-01
	 nan	4.615	0.99715	 6.0131e+00	 9.9939e-01	 6.8469e+00	 9.9749e-01
	 nan	4.6183	0.99824	 6.0175e+00	 9.9943e-01	 6.8419e+00	 9.9838e-01
	 nan	4.6216	0.99688	 6.0219e+00	 9.9951e-01	 6.8369e+00	 9.9797e-01
	 nan	4.625	0.99758	 6.0262e+00	 9.9951e-01	 6.8319e+00	 9.9764e-01
	 nan	4.6283	0.99712	 6.0306e+00	 9.9951e-01	 6.8269e+00	 9.9841e-01
	 nan	4.6316	0.99738	 6.0350e+00	 9.9949e-01	 6.8220e+00	 9.9786e-01
	 nan	4.635	0.99771	 6.0394e+00	 9.9945e-01	 6.8170e+00	 9.9889e-01
	 nan	4.6383	0.99672	 6.0437e+00	 9.9949e-01	 6.8120e+00	 9.9727e-01
	 nan	4.6417	0.99781	 6.0481e+00	 9.9953e-01	 6.8071e+00	 9.9819e-01
	 nan	4.645	0.99662	 6.0525e+00	 9.9963e-01	 6.8021e+00	 9.9760e-01
	 nan	4.6484	0.99764	 6.0569e+00	 9.9963e-01	 6.7971e+00	 9.9797e-01
	 nan	4.6517	0.99622	 6.0613e+00	 9.9963e-01	 6.7922e+00	 9.9782e-01
	 nan	4.6551	0.99705	 6.0657e+00	 9.9957e-01	 6.7872e+00	 9.9723e-01
	 nan	4.6584	0.99741	 6.0701e+00	 9.9955e-01	 6.7823e+00	 9.9827e-01
	 nan	4.6618	0.99715	 6.0745e+00	 9.9955e-01	 6.7773e+00	 9.9760e-01
	 nan	4.6652	0.99807	 6.0789e+00	 9.9959e-01	 6.7724e+00	 9.9882e-01
	 nan	4.6685	0.99718	 6.0833e+00	 9.9967e-01	 6.7675e+00	 9.9731e-01
	 nan	4.6719	0.99791	 6.0877e+00	 9.9971e-01	 6.7625e+00	 9.9871e-01
	 nan	4.6753	0.99705	 6.0921e+00	 9.9979e-01	 6.7576e+00	 9.9823e-01
	 nan	4.6787	0.99817	 6.0965e+00	 9.9985e-01	 6.7527e+00	 9.9812e-01
	 nan	4.682	0.99688	 6.1010e+00	 9.9989e-01	 6.7478e+00	 9.9867e-01
	 nan	4.6854	0.99712	 6.1054e+00	 9.9987e-01	 6.7428e+00	 9.9786e-01
	 nan	4.6888	0.99721	 6.1098e+00	 9.9981e-01	 6.7379e+00	 9.9893e-01
	 nan	4.6922	0.99695	 6.1142e+00	 9.9975e-01	 6.7330e+00	 9.9712e-01
	 nan	4.6956	0.99778	 6.1187e+00	 9.9971e-01	 6.7281e+00	 9.9801e-01
	 nan	4.699	0.99675	 6.1231e+00	 9.9971e-01	 6.7232e+00	 9.9679e-01
	 nan	4.7024	0.99771	 6.1276e+00	 9.9971e-01	 6.7183e+00	 9.9790e-01
	 nan	4.7057	0.99655	 6.1320e+00	 9.9975e-01	 6.7134e+00	 9.9812e-01
	 nan	4.7091	0.99764	 6.1365e+00	 9.9973e-01	 6.7085e+00	 9.9808e-01
	 nan	4.7125	0.99728	 6.1409e+00	 9.9971e-01	 6.7036e+00	 9.9827e-01
	 nan	4.7159	0.99738	 6.1454e+00	 9.9965e-01	 6.6987e+00	 9.9687e-01
	 nan	4.7193	0.99725	 6.1498e+00	 9.9957e-01	 6.6939e+00	 9.9863e-01
	 nan	4.7227	0.99672	 6.1543e+00	 9.9949e-01	 6.6890e+00	 9.9771e-01
	 nan	4.7261	0.99778	 6.1587e+00	 9.9945e-01	 6.6841e+00	 9.9808e-01
	 nan	4.7296	0.99682	 6.1632e+00	 9.9951e-01	 6.6792e+00	 9.9709e-01
	 nan	4.733	0.99791	 6.1677e+00	 9.9961e-01	 6.6744e+00	 9.9834e-01
	 nan	4.7364	0.99682	 6.1721e+00	 9.9975e-01	 6.6695e+00	 9.9819e-01
	 nan	4.7398	0.99761	 6.1766e+00	 9.9981e-01	 6.6646e+00	 9.9764e-01
	 nan	4.7432	0.99725	 6.1811e+00	 9.9983e-01	 6.6598e+00	 9.9804e-01
	 nan	4.7466	0.99702	 6.1856e+00	 9.9979e-01	 6.6549e+00	 9.9694e-01
	 nan	4.7501	0.99778	 6.1901e+00	 9.9975e-01	 6.6501e+00	 9.9863e-01
	 nan	4.7535	0.99725	 6.1946e+00	 9.9977e-01	 6.6452e+00	 9.9771e-01
	 nan	4.7569	0.99817	 6.1990e+00	 9.9975e-01	 6.6404e+00	 9.9812e-01
	 nan	4.7604	0.99702	 6.2035e+00	 9.9977e-01	 6.6356e+00	 9.9734e-01
	 nan	4.7638	0.99797	 6.2080e+00	 9.9979e-01	 6.6307e+00	 9.9779e-01
	 nan	4.7672	0.99685	 6.2125e+00	 9.9985e-01	 6.6259e+00	 9.9775e-01
	 nan	4.7707	0.99748	 6.2170e+00	 9.9985e-01	 6.6211e+00	 9.9705e-01
	 nan	4.7741	0.99718	 6.2215e+00	 9.9979e-01	 6.6162e+00	 9.9782e-01
	 nan	4.7776	0.99731	 6.2260e+00	 9.9971e-01	 6.6114e+00	 9.9690e-01
	 nan	4.781	0.99847	 6.2305e+00	 9.9959e-01	 6.6066e+00	 9.9856e-01
	 nan	4.7845	0.99705	 6.2351e+00	 9.9955e-01	 6.6018e+00	 9.9727e-01
	 nan	4.7879	0.99738	 6.2396e+00	 9.9955e-01	 6.5970e+00	 9.9801e-01
	 nan	4.7914	0.99646	 6.2441e+00	 9.9963e-01	 6.5922e+00	 9.9790e-01
	 nan	4.7948	0.99771	 6.2486e+00	 9.9965e-01	 6.5874e+00	 9.9775e-01
	 nan	4.7983	0.99679	 6.2532e+00	 9.9967e-01	 6.5826e+00	 9.9804e-01
	 nan	4.8017	0.99695	 6.2577e+00	 9.9969e-01	 6.5778e+00	 9.9734e-01
	 nan	4.8052	0.99731	 6.2622e+00	 9.9971e-01	 6.5730e+00	 9.9849e-01
	 nan	4.8087	0.99725	 6.2668e+00	 9.9975e-01	 6.5682e+00	 9.9690e-01
	 nan	4.8121	0.99794	 6.2713e+00	 9.9973e-01	 6.5634e+00	 9.9775e-01
	 nan	4.8156	0.99669	 6.2759e+00	 9.9973e-01	 6.5586e+00	 9.9727e-01
	 nan	4.8191	0.99764	 6.2804e+00	 9.9967e-01	 6.5538e+00	 9.9819e-01
	 nan	4.8226	0.99655	 6.2850e+00	 9.9961e-01	 6.5490e+00	 9.9782e-01
	 nan	4.826	0.99764	 6.2895e+00	 9.9955e-01	 6.5443e+00	 9.9753e-01
	 nan	4.8295	0.99748	 6.2941e+00	 9.9953e-01	 6.5395e+00	 9.9827e-01
	 nan	4.833	0.99751	 6.2987e+00	 9.9953e-01	 6.5347e+00	 9.9723e-01
	 nan	4.8365	0.99735	 6.3032e+00	 9.9955e-01	 6.5300e+00	 9.9867e-01
	 nan	4.84	0.99675	 6.3078e+00	 9.9959e-01	 6.5252e+00	 9.9731e-01
	 nan	4.8435	0.99778	 6.3124e+00	 9.9961e-01	 6.5205e+00	 9.9812e-01
	 nan	4.847	0.99649	 6.3169e+00	 9.9967e-01	 6.5157e+00	 9.9749e-01
	 nan	4.8505	0.99768	 6.3215e+00	 9.9967e-01	 6.5110e+00	 9.9782e-01
	 nan	4.854	0.99695	 6.3261e+00	 9.9971e-01	 6.5062e+00	 9.9768e-01
	 nan	4.8575	0.99794	 6.3307e+00	 9.9967e-01	 6.5015e+00	 9.9797e-01
	 nan	4.861	0.99731	 6.3353e+00	 9.9965e-01	 6.4968e+00	 9.9867e-01
	 nan	4.8645	0.99712	 6.3398e+00	 9.9961e-01	 6.4920e+00	 9.9709e-01
	 nan	4.868	0.99748	 6.3444e+00	 9.9957e-01	 6.4873e+00	 9.9845e-01
	 nan	4.8715	0.99655	 6.3490e+00	 9.9957e-01	 6.4826e+00	 9.9738e-01
	 nan	4.875	0.99811	 6.3536e+00	 9.9957e-01	 6.4778e+00	 9.9804e-01
	 nan	4.8785	0.99685	 6.3583e+00	 9.9963e-01	 6.4731e+00	 9.9712e-01
	 nan	4.8821	0.99758	 6.3629e+00	 9.9965e-01	 6.4684e+00	 9.9779e-01
	 nan	4.8856	0.99725	 6.3675e+00	 9.9969e-01	 6.4637e+00	 9.9823e-01
	 nan	4.8891	0.99761	 6.3721e+00	 9.9971e-01	 6.4589e+00	 9.9738e-01
	 nan	4.8926	0.99682	 6.3767e+00	 9.9971e-01	 6.4542e+00	 9.9815e-01
	 nan	4.8962	0.99672	 6.3813e+00	 9.9969e-01	 6.4495e+00	 9.9738e-01
	 nan	4.8997	0.99781	 6.3860e+00	 9.9967e-01	 6.4448e+00	 9.9874e-01
	 nan	4.9032	0.99715	 6.3906e+00	 9.9967e-01	 6.4401e+00	 9.9712e-01
	 nan	4.9068	0.99814	 6.3952e+00	 9.9967e-01	 6.4354e+00	 9.9804e-01
	 nan	4.9103	0.99705	 6.3999e+00	 9.9971e-01	 6.4307e+00	 9.9775e-01
	 nan	4.9139	0.99788	 6.4045e+00	 9.9969e-01	 6.4261e+00	 9.9760e-01
	 nan	4.9174	0.99669	 6.4091e+00	 9.9967e-01	 6.4214e+00	 9.9793e-01
	 nan	4.921	0.99695	 6.4138e+00	 9.9961e-01	 6.4167e+00	 9.9731e-01
	 nan	4.9245	0.99685	 6.4184e+00	 9.9959e-01	 6.4120e+00	 9.9808e-01
	 nan	4.9281	0.99688	 6.4231e+00	 9.9965e-01	 6.4073e+00	 9.9705e-01
	 nan	4.9317	0.99797	 6.4277e+00	 9.9975e-01	 6.4027e+00	 9.9856e-01
	 nan	4.9352	0.99672	 6.4324e+00	 9.9985e-01	 6.3980e+00	 9.9749e-01
	 nan	4.9388	0.99721	 6.4371e+00	 9.9983e-01	 6.3934e+00	 9.9771e-01
	 nan	4.9423	0.99609	 6.4417e+00	 9.9979e-01	 6.3887e+00	 9.9720e-01
	 nan	4.9459	0.99748	 6.4464e+00	 9.9967e-01	 6.3840e+00	 9.9661e-01
	 nan	4.9495	0.99764	 6.4511e+00	 9.9961e-01	 6.3794e+00	 9.9797e-01
	 nan	4.953	0.99768	 6.4557e+00	 9.9959e-01	 6.3747e+00	 9.9753e-01
	 nan	4.9566	0.99715	 6.4604e+00	 9.9961e-01	 6.3701e+00	 9.9815e-01
	 nan	4.9602	0.99662	 6.4651e+00	 9.9967e-01	 6.3655e+00	 9.9720e-01
	 nan	4.9638	0.99807	 6.4698e+00	 9.9969e-01	 6.3608e+00	 9.9860e-01
	 nan	4.9673	0.99728	 6.4745e+00	 9.9971e-01	 6.3562e+00	 9.9749e-01
	 nan	4.9709	0.99771	 6.4792e+00	 9.9967e-01	 6.3515e+00	 9.9764e-01
	 nan	4.9745	0.99665	 6.4838e+00	 9.9961e-01	 6.3469e+00	 9.9804e-01
	 nan	4.9781	0.99807	 6.4885e+00	 9.9947e-01	 6.3423e+00	 9.9771e-01
	 nan	4.9817	0.99761	 6.4933e+00	 9.9939e-01	 6.3377e+00	 9.9827e-01
	 nan	4.9853	0.99738	 6.4980e+00	 9.9935e-01	 6.3330e+00	 9.9716e-01
	 nan	4.9889	0.99788	 6.5027e+00	 9.9935e-01	 6.3284e+00	 9.9852e-01
	 nan	4.9925	0.99702	 6.5074e+00	 9.9941e-01	 6.3238e+00	 9.9698e-01
	 nan	4.9961	0.99807	 6.5121e+00	 9.9949e-01	 6.3192e+00	 9.9801e-01
	 nan	4.9997	0.99665	 6.5168e+00	 9.9959e-01	 6.3146e+00	 9.9742e-01
	 nan	5.0033	0.99758	 6.5215e+00	 9.9963e-01	 6.3100e+00	 9.9749e-01
	 nan	5.007	0.99702	 6.5263e+00	 9.9965e-01	 6.3054e+00	 9.9760e-01
	 nan	5.0106	0.99774	 6.5310e+00	 9.9967e-01	 6.3008e+00	 9.9653e-01
	 nan	5.0142	0.99778	 6.5357e+00	 9.9973e-01	 6.2962e+00	 9.9782e-01
	 nan	5.0178	0.99708	 6.5405e+00	 9.9979e-01	 6.2916e+00	 9.9720e-01
	 nan	5.0214	0.99774	 6.5452e+00	 9.9981e-01	 6.2870e+00	 9.9823e-01
	 nan	5.0251	0.99702	 6.5500e+00	 9.9981e-01	 6.2825e+00	 9.9701e-01
	 nan	5.0287	0.99778	 6.5547e+00	 9.9973e-01	 6.2779e+00	 9.9801e-01
	 nan	5.0323	0.99675	 6.5595e+00	 9.9965e-01	 6.2733e+00	 9.9764e-01
	 nan	5.036	0.99817	 6.5642e+00	 9.9955e-01	 6.2687e+00	 9.9723e-01
	 nan	5.0396	0.99698	 6.5690e+00	 9.9955e-01	 6.2642e+00	 9.9852e-01
	 nan	5.0432	0.99652	 6.5737e+00	 9.9959e-01	 6.2596e+00	 9.9823e-01
	 nan	5.0469	0.99692	 6.5785e+00	 9.9961e-01	 6.2550e+00	 9.9867e-01
	 nan	5.0505	0.99682	 6.5832e+00	 9.9967e-01	 6.2505e+00	 9.9664e-01
	 nan	5.0542	0.99788	 6.5880e+00	 9.9973e-01	 6.2459e+00	 9.9757e-01
	 nan	5.0578	0.99708	 6.5928e+00	 9.9981e-01	 6.2414e+00	 9.9687e-01
	 nan	5.0615	0.99807	 6.5976e+00	 9.9981e-01	 6.2368e+00	 9.9768e-01
	 nan	5.0651	0.99672	 6.6024e+00	 9.9985e-01	 6.2323e+00	 9.9808e-01
	 nan	5.0688	0.99791	 6.6071e+00	 9.9985e-01	 6.2277e+00	 9.9757e-01
	 nan	5.0724	0.99761	 6.6119e+00	 9.9981e-01	 6.2232e+00	 9.9804e-01
	 nan	5.0761	0.99715	 6.6167e+00	 9.9969e-01	 6.2186e+00	 9.9698e-01
	 nan	5.0798	0.99738	 6.6215e+00	 9.9957e-01	 6.2141e+00	 9.9838e-01
	 nan	5.0834	0.99672	 6.6263e+00	 9.9949e-01	 6.2096e+00	 9.9705e-01
	 nan	5.0871	0.99804	 6.6311e+00	 9.9943e-01	 6.2051e+00	 9.9782e-01
	 nan	5.0908	0.99728	 6.6359e+00	 9.9945e-01	 6.2005e+00	 9.9731e-01
	 nan	5.0944	0.99794	 6.6407e+00	 9.9945e-01	 6.1960e+00	 9.9804e-01
	 nan	5.0981	0.99679	 6.6455e+00	 9.9951e-01	 6.1915e+00	 9.9793e-01
	 nan	5.1018	0.99784	 6.6503e+00	 9.9955e-01	 6.1870e+00	 9.9734e-01
	 nan	5.1055	0.99768	 6.6552e+00	 9.9959e-01	 6.1825e+00	 9.9841e-01
	 nan	5.1091	0.99738	 6.6600e+00	 9.9967e-01	 6.1780e+00	 9.9694e-01
	 nan	5.1128	0.99764	 6.6648e+00	 9.9975e-01	 6.1735e+00	 9.9819e-01
	 nan	5.1165	0.99662	 6.6696e+00	 9.9981e-01	 6.1690e+00	 9.9716e-01
	 nan	5.1202	0.99801	 6.6745e+00	 9.9977e-01	 6.1645e+00	 9.9742e-01
	 nan	5.1239	0.99682	 6.6793e+00	 9.9971e-01	 6.1600e+00	 9.9664e-01
	 nan	5.1276	0.99794	 6.6841e+00	 9.9961e-01	 6.1555e+00	 9.9738e-01
	 nan	5.1313	0.99712	 6.6890e+00	 9.9955e-01	 6.1510e+00	 9.9797e-01
	 nan	5.135	0.99768	 6.6938e+00	 9.9953e-01	 6.1465e+00	 9.9687e-01
	 nan	5.1387	0.99741	 6.6987e+00	 9.9957e-01	 6.1420e+00	 9.9830e-01
	 nan	5.1424	0.99731	 6.7035e+00	 9.9965e-01	 6.1375e+00	 9.9712e-01
	 nan	5.1461	0.99778	 6.7084e+00	 9.9971e-01	 6.1330e+00	 9.9793e-01
	 nan	5.1499	0.99655	 6.7132e+00	 9.9977e-01	 6.1286e+00	 9.9698e-01
	 nan	5.1536	0.99761	 6.7181e+00	 9.9975e-01	 6.1241e+00	 9.9771e-01
	 nan	5.1573	0.99629	 6.7230e+00	 9.9971e-01	 6.1196e+00	 9.9701e-01
	 nan	5.161	0.99755	 6.7278e+00	 9.9965e-01	 6.1152e+00	 9.9745e-01
	 nan	5.1647	0.99748	 6.7327e+00	 9.9965e-01	 6.1107e+00	 9.9830e-01
	 nan	5.1685	0.99758	 6.7376e+00	 9.9967e-01	 6.1062e+00	 9.9727e-01
	 nan	5.1722	0.99741	 6.7425e+00	 9.9967e-01	 6.1018e+00	 9.9849e-01
	 nan	5.1759	0.99738	 6.7474e+00	 9.9967e-01	 6.0973e+00	 9.9749e-01
	 nan	5.1797	0.99794	 6.7522e+00	 9.9965e-01	 6.0929e+00	 9.9823e-01
	 nan	5.1834	0.99688	 6.7571e+00	 9.9963e-01	 6.0885e+00	 9.9753e-01
	 nan	5.1872	0.99837	 6.7620e+00	 9.9959e-01	 6.0840e+00	 9.9786e-01
	 nan	5.1909	0.99715	 6.7669e+00	 9.9957e-01	 6.0796e+00	 9.9753e-01
	 nan	5.1947	0.99735	 6.7718e+00	 9.9953e-01	 6.0751e+00	 9.9760e-01
	 nan	5.1984	0.99712	 6.7767e+00	 9.9955e-01	 6.0707e+00	 9.9849e-01
	 nan	5.2022	0.99745	 6.7817e+00	 9.9955e-01	 6.0663e+00	 9.9712e-01
	 nan	5.2059	0.99745	 6.7866e+00	 9.9961e-01	 6.0619e+00	 9.9786e-01
	 nan	5.2097	0.99698	 6.7915e+00	 9.9973e-01	 6.0574e+00	 9.9705e-01
	 nan	5.2135	0.9984	 6.7964e+00	 9.9979e-01	 6.0530e+00	 9.9819e-01
	 nan	5.2172	0.99698	 6.8013e+00	 9.9981e-01	 6.0486e+00	 9.9738e-01
	 nan	5.221	0.99778	 6.8062e+00	 9.9973e-01	 6.0442e+00	 9.9749e-01
	 nan	5.2248	0.99672	 6.8112e+00	 9.9965e-01	 6.0398e+00	 9.9742e-01
	 nan	5.2285	0.99764	 6.8161e+00	 9.9957e-01	 6.0354e+00	 9.9701e-01
	 nan	5.2323	0.99745	 6.8210e+00	 9.9955e-01	 6.0310e+00	 9.9823e-01
	 nan	5.2361	0.99702	 6.8260e+00	 9.9961e-01	 6.0266e+00	 9.9716e-01
	 nan	5.2399	0.99745	 6.8309e+00	 9.9967e-01	 6.0222e+00	 9.9823e-01
	 nan	5.2437	0.99695	 6.8359e+00	 9.9975e-01	 6.0178e+00	 9.9683e-01
	 nan	5.2475	0.99847	 6.8408e+00	 9.9973e-01	 6.0134e+00	 9.9797e-01
	 nan	5.2513	0.99718	 6.8458e+00	 9.9969e-01	 6.0090e+00	 9.9753e-01
	 nan	5.255	0.99774	 6.8507e+00	 9.9963e-01	 6.0046e+00	 9.9812e-01
	 nan	5.2588	0.99702	 6.8557e+00	 9.9963e-01	 6.0002e+00	 9.9871e-01
	 nan	5.2626	0.99761	 6.8607e+00	 9.9967e-01	 5.9958e+00	 9.9742e-01
	 nan	5.2664	0.99731	 6.8656e+00	 9.9973e-01	 5.9915e+00	 9.9819e-01
	 nan	5.2702	0.99702	 6.8706e+00	 9.9975e-01	 5.9871e+00	 9.9639e-01
	 nan	5.2741	0.99738	 6.8756e+00	 9.9973e-01	 5.9827e+00	 9.9771e-01
	 nan	5.2779	0.99665	 6.8806e+00	 9.9977e-01	 5.9784e+00	 9.9790e-01
	 nan	5.2817	0.99788	 6.8855e+00	 9.9977e-01	 5.9740e+00	 9.9882e-01
	 nan	5.2855	0.99655	 6.8905e+00	 9.9983e-01	 5.9697e+00	 9.9742e-01
	 nan	5.2893	0.99745	 6.8955e+00	 9.9985e-01	 5.9653e+00	 9.9712e-01
	 nan	5.2931	0.99698	 6.9005e+00	 9.9987e-01	 5.9610e+00	 9.9771e-01
	 nan	5.297	0.99755	 6.9055e+00	 9.9979e-01	 5.9566e+00	 9.9661e-01
	 nan	5.3008	0.99768	 6.9105e+00	 9.9971e-01	 5.9523e+00	 9.9808e-01
	 nan	5.3046	0.99679	 6.9155e+00	 9.9967e-01	 5.9479e+00	 9.9716e-01
	 nan	5.3084	0.99764	 6.9205e+00	 9.9965e-01	 5.9436e+00	 9.9860e-01
	 nan	5.3123	0.99629	 6.9255e+00	 9.9969e-01	 5.9393e+00	 9.9738e-01
	 nan	5.3161	0.99748	 6.9305e+00	 9.9969e-01	 5.9349e+00	 9.9823e-01
	 nan	5.32	0.99695	 6.9355e+00	 9.9969e-01	 5.9306e+00	 9.9757e-01
	 nan	5.3238	0.99771	 6.9406e+00	 9.9961e-01	 5.9263e+00	 9.9676e-01
	 nan	5.3276	0.99698	 6.9456e+00	 9.9957e-01	 5.9219e+00	 9.9852e-01
	 nan	5.3315	0.99692	 6.9506e+00	 9.9957e-01	 5.9176e+00	 9.9738e-01
	 nan	5.3353	0.99764	 6.9557e+00	 9.9957e-01	 5.9133e+00	 9.9827e-01
	 nan	5.3392	0.99695	 6.9607e+00	 9.9961e-01	 5.9090e+00	 9.9720e-01
	 nan	5.3431	0.99791	 6.9657e+00	 9.9963e-01	 5.9047e+00	 9.9838e-01
	 nan	5.3469	0.99669	 6.9708e+00	 9.9967e-01	 5.9004e+00	 9.9764e-01
	 nan	5.3508	0.99781	 6.9758e+00	 9.9969e-01	 5.8961e+00	 9.9749e-01
	 nan	5.3547	0.99702	 6.9809e+00	 9.9971e-01	 5.8918e+00	 9.9786e-01
	 nan	5.3585	0.99738	 6.9859e+00	 9.9971e-01	 5.8875e+00	 9.9786e-01
	 nan	5.3624	0.99718	 6.9910e+00	 9.9969e-01	 5.8832e+00	 9.9885e-01
	 nan	5.3663	0.99721	 6.9960e+00	 9.9965e-01	 5.8789e+00	 9.9727e-01
	 nan	5.3701	0.99778	 7.0011e+00	 9.9961e-01	 5.8746e+00	 9.9852e-01
	 nan	5.374	0.99672	 7.0062e+00	 9.9959e-01	 5.8703e+00	 9.9687e-01
	 nan	5.3779	0.99797	 7.0112e+00	 9.9957e-01	 5.8660e+00	 9.9749e-01
	 nan	5.3818	0.99682	 7.0163e+00	 9.9959e-01	 5.8617e+00	 9.9793e-01
	 nan	5.3857	0.99788	 7.0214e+00	 9.9959e-01	 5.8575e+00	 9.9757e-01
	 nan	5.3896	0.99702	 7.0265e+00	 9.9963e-01	 5.8532e+00	 9.9742e-01
	 nan	5.3935	0.99731	 7.0316e+00	 9.9967e-01	 5.8489e+00	 9.9723e-01
	 nan	5.3974	0.99735	 7.0367e+00	 9.9973e-01	 5.8447e+00	 9.9823e-01
	 nan	5.4013	0.99712	 7.0418e+00	 9.9979e-01	 5.8404e+00	 9.9720e-01
	 nan	5.4052	0.99791	 7.0468e+00	 9.9979e-01	 5.8361e+00	 9.9830e-01
	 nan	5.4091	0.99728	 7.0519e+00	 9.9981e-01	 5.8319e+00	 9.9694e-01
	 nan	5.413	0.99817	 7.0571e+00	 9.9979e-01	 5.8276e+00	 9.9790e-01
	 nan	5.4169	0.99649	 7.0622e+00	 9.9975e-01	 5.8233e+00	 9.9771e-01
	 nan	5.4208	0.99781	 7.0673e+00	 9.9965e-01	 5.8191e+00	 9.9757e-01
	 nan	5.4247	0.99745	 7.0724e+00	 9.9961e-01	 5.8148e+00	 9.9812e-01
	 nan	5.4286	0.99781	 7.0775e+00	 9.9965e-01	 5.8106e+00	 9.9698e-01
	 nan	5.4325	0.99814	 7.0826e+00	 9.9973e-01	 5.8064e+00	 9.9801e-01
	 nan	5.4365	0.99705	 7.0877e+00	 9.9985e-01	 5.8021e+00	 9.9701e-01
	 nan	5.4404	0.99791	 7.0929e+00	 9.9987e-01	 5.7979e+00	 9.9793e-01
	 nan	5.4443	0.99698	 7.0980e+00	 9.9985e-01	 5.7936e+00	 9.9742e-01
	 nan	5.4483	0.99824	 7.1031e+00	 9.9977e-01	 5.7894e+00	 9.9793e-01
	 nan	5.4522	0.99731	 7.1083e+00	 9.9975e-01	 5.7852e+00	 9.9753e-01
	 nan	5.4561	0.99781	 7.1134e+00	 9.9973e-01	 5.7810e+00	 9.9731e-01
	 nan	5.4601	0.99708	 7.1186e+00	 9.9973e-01	 5.7767e+00	 9.9849e-01
	 nan	5.464	0.99741	 7.1237e+00	 9.9969e-01	 5.7725e+00	 9.9727e-01
	 nan	5.468	0.99774	 7.1289e+00	 9.9963e-01	 5.7683e+00	 9.9808e-01
	 nan	5.4719	0.99649	 7.1340e+00	 9.9959e-01	 5.7641e+00	 9.9683e-01
	 nan	5.4759	0.99797	 7.1392e+00	 9.9953e-01	 5.7599e+00	 9.9779e-01
	 nan	5.4798	0.99692	 7.1444e+00	 9.9951e-01	 5.7557e+00	 9.9705e-01
	 nan	5.4838	0.99794	 7.1495e+00	 9.9951e-01	 5.7515e+00	 9.9757e-01
	 nan	5.4877	0.99705	 7.1547e+00	 9.9963e-01	 5.7473e+00	 9.9812e-01
	 nan	5.4917	0.99748	 7.1599e+00	 9.9971e-01	 5.7431e+00	 9.9749e-01
	 nan	5.4957	0.99735	 7.1651e+00	 9.9977e-01	 5.7389e+00	 9.9779e-01
	 nan	5.4996	0.99728	 7.1702e+00	 9.9977e-01	 5.7347e+00	 9.9602e-01
	 nan	5.5036	0.99781	 7.1754e+00	 9.9971e-01	 5.7305e+00	 9.9764e-01
	 nan	5.5076	0.99685	 7.1806e+00	 9.9965e-01	 5.7263e+00	 9.9664e-01
	 nan	5.5116	0.99774	 7.1858e+00	 9.9957e-01	 5.7221e+00	 9.9764e-01
	 nan	5.5156	0.99626	 7.1910e+00	 9.9959e-01	 5.7179e+00	 9.9698e-01
	 nan	5.5195	0.99751	 7.1962e+00	 9.9957e-01	 5.7137e+00	 9.9701e-01
	 nan	5.5235	0.99712	 7.2014e+00	 9.9961e-01	 5.7096e+00	 9.9727e-01
	 nan	5.5275	0.99735	 7.2066e+00	 9.9965e-01	 5.7054e+00	 9.9705e-01
	 nan	5.5315	0.99731	 7.2118e+00	 9.9969e-01	 5.7012e+00	 9.9827e-01
	 nan	5.5355	0.99695	 7.2170e+00	 9.9973e-01	 5.6971e+00	 9.9690e-01
	 nan	5.5395	0.99784	 7.2222e+00	 9.9977e-01	 5.6929e+00	 9.9852e-01
	 nan	5.5435	0.99675	 7.2274e+00	 9.9983e-01	 5.6887e+00	 9.9716e-01
	 nan	5.5475	0.99811	 7.2327e+00	 9.9985e-01	 5.6846e+00	 9.9745e-01
	 nan	5.5515	0.99695	 7.2379e+00	 9.9993e-01	 5.6804e+00	 9.9709e-01
	 nan	5.5555	0.99764	 7.2431e+00	 9.9993e-01	 5.6763e+00	 9.9716e-01
	 nan	5.5595	0.99731	 7.2484e+00	 9.9993e-01	 5.6721e+00	 9.9808e-01
	 nan	5.5636	0.99741	 7.2536e+00	 9.9991e-01	 5.6680e+00	 9.9727e-01
	 nan	5.5676	0.99728	 7.2588e+00	 9.9983e-01	 5.6639e+00	 9.9871e-01
	 nan	5.5716	0.99715	 7.2641e+00	 9.9977e-01	 5.6597e+00	 9.9698e-01
	 nan	5.5756	0.99834	 7.2693e+00	 9.9967e-01	 5.6556e+00	 9.9757e-01
	 nan	5.5796	0.99672	 7.2746e+00	 9.9963e-01	 5.6515e+00	 9.9664e-01
	 nan	5.5837	0.99771	 7.2798e+00	 9.9957e-01	 5.6473e+00	 9.9745e-01
	 nan	5.5877	0.99665	 7.2851e+00	 9.9959e-01	 5.6432e+00	 9.9734e-01
	 nan	5.5917	0.99695	 7.2904e+00	 9.9961e-01	 5.6391e+00	 9.9720e-01
	 nan	5.5958	0.99698	 7.2956e+00	 9.9963e-01	 5.6349e+00	 9.9838e-01
	 nan	5.5998	0.99738	 7.3009e+00	 9.9967e-01	 5.6308e+00	 9.9698e-01
	 nan	5.6039	0.99768	 7.3062e+00	 9.9967e-01	 5.6267e+00	 9.9804e-01
	 nan	5.6079	0.99685	 7.3115e+00	 9.9973e-01	 5.6226e+00	 9.9701e-01
	 nan	5.612	0.99794	 7.3167e+00	 9.9973e-01	 5.6185e+00	 9.9841e-01
	 nan	5.616	0.99649	 7.3220e+00	 9.9973e-01	 5.6144e+00	 9.9745e-01
	 nan	5.6201	0.99741	 7.3273e+00	 9.9965e-01	 5.6103e+00	 9.9734e-01
	 nan	5.6241	0.99685	 7.3326e+00	 9.9957e-01	 5.6062e+00	 9.9712e-01
	 nan	5.6282	0.99774	 7.3379e+00	 9.9957e-01	 5.6021e+00	 9.9639e-01
	 nan	5.6322	0.99761	 7.3432e+00	 9.9965e-01	 5.5980e+00	 9.9782e-01
	 nan	5.6363	0.99741	 7.3485e+00	 9.9975e-01	 5.5939e+00	 9.9657e-01
	 nan	5.6404	0.99814	 7.3538e+00	 9.9979e-01	 5.5899e+00	 9.9779e-01
	 nan	5.6445	0.99698	 7.3592e+00	 9.9983e-01	 5.5858e+00	 9.9690e-01
	 nan	5.6485	0.99817	 7.3645e+00	 9.9979e-01	 5.5817e+00	 9.9749e-01
	 nan	5.6526	0.99725	 7.3698e+00	 9.9977e-01	 5.5776e+00	 9.9716e-01
	 nan	5.6567	0.99788	 7.3751e+00	 9.9977e-01	 5.5735e+00	 9.9768e-01
	 nan	5.6608	0.99715	 7.3805e+00	 9.9981e-01	 5.5695e+00	 9.9804e-01
	 nan	5.6649	0.99761	 7.3858e+00	 9.9985e-01	 5.5654e+00	 9.9745e-01
	 nan	5.669	0.99755	 7.3911e+00	 9.9985e-01	 5.5613e+00	 9.9860e-01
	 nan	5.6731	0.99695	 7.3965e+00	 9.9983e-01	 5.5573e+00	 9.9679e-01
	 nan	5.6772	0.99784	 7.4018e+00	 9.9975e-01	 5.5532e+00	 9.9779e-01
	 nan	5.6813	0.99659	 7.4072e+00	 9.9975e-01	 5.5492e+00	 9.9705e-01
	 nan	5.6854	0.99791	 7.4125e+00	 9.9973e-01	 5.5451e+00	 9.9768e-01
	 nan	5.6895	0.99731	 7.4179e+00	 9.9977e-01	 5.5411e+00	 9.9771e-01
	 nan	5.6936	0.99791	 7.4232e+00	 9.9975e-01	 5.5370e+00	 9.9793e-01
	 nan	5.6977	0.99728	 7.4286e+00	 9.9969e-01	 5.5330e+00	 9.9845e-01
	 nan	5.7018	0.99771	 7.4339e+00	 9.9961e-01	 5.5289e+00	 9.9687e-01
	 nan	5.7059	0.99817	 7.4393e+00	 9.9955e-01	 5.5249e+00	 9.9812e-01
	 nan	5.7101	0.99705	 7.4447e+00	 9.9959e-01	 5.5209e+00	 9.9705e-01
	 nan	5.7142	0.99807	 7.4501e+00	 9.9967e-01	 5.5168e+00	 9.9793e-01
	 nan	5.7183	0.99721	 7.4554e+00	 9.9977e-01	 5.5128e+00	 9.9734e-01
	 nan	5.7224	0.99824	 7.4608e+00	 9.9977e-01	 5.5088e+00	 9.9764e-01
	 nan	5.7266	0.99695	 7.4662e+00	 9.9971e-01	 5.5047e+00	 9.9757e-01
	 nan	5.7307	0.99712	 7.4716e+00	 9.9961e-01	 5.5007e+00	 9.9731e-01
	 nan	5.7348	0.99692	 7.4770e+00	 9.9959e-01	 5.4967e+00	 9.9819e-01
	 nan	5.739	0.99712	 7.4824e+00	 9.9957e-01	 5.4927e+00	 9.9679e-01
	 nan	5.7431	0.99764	 7.4878e+00	 9.9957e-01	 5.4887e+00	 9.9827e-01
	 nan	5.7473	0.99669	 7.4932e+00	 9.9961e-01	 5.4847e+00	 9.9760e-01
	 nan	5.7514	0.99791	 7.4986e+00	 9.9969e-01	 5.4807e+00	 9.9827e-01
	 nan	5.7556	0.99702	 7.5040e+00	 9.9981e-01	 5.4767e+00	 9.9683e-01
	 nan	5.7597	0.99804	 7.5094e+00	 9.9989e-01	 5.4727e+00	 9.9705e-01
	 nan	5.7639	0.99725	 7.5149e+00	 9.9993e-01	 5.4687e+00	 9.9771e-01
	 nan	5.768	0.99745	 7.5203e+00	 9.9993e-01	 5.4647e+00	 9.9727e-01
	 nan	5.7722	0.99741	 7.5257e+00	 9.9989e-01	 5.4607e+00	 9.9838e-01
	 nan	5.7764	0.99718	 7.5311e+00	 9.9983e-01	 5.4567e+00	 9.9701e-01
	 nan	5.7806	0.99774	 7.5366e+00	 9.9973e-01	 5.4527e+00	 9.9782e-01
	 nan	5.7847	0.99662	 7.5420e+00	 9.9969e-01	 5.4487e+00	 9.9672e-01
	 nan	5.7889	0.99778	 7.5475e+00	 9.9967e-01	 5.4447e+00	 9.9790e-01
	 nan	5.7931	0.99702	 7.5529e+00	 9.9973e-01	 5.4407e+00	 9.9786e-01
	 nan	5.7973	0.99794	 7.5584e+00	 9.9977e-01	 5.4368e+00	 9.9768e-01
	 nan	5.8015	0.99679	 7.5638e+00	 9.9981e-01	 5.4328e+00	 9.9812e-01
	 nan	5.8056	0.99721	 7.5693e+00	 9.9981e-01	 5.4288e+00	 9.9742e-01
	 nan	5.8098	0.99781	 7.5747e+00	 9.9975e-01	 5.4249e+00	 9.9819e-01
	 nan	5.814	0.99679	 7.5802e+00	 9.9967e-01	 5.4209e+00	 9.9727e-01
	 nan	5.8182	0.99774	 7.5857e+00	 9.9961e-01	 5.4169e+00	 9.9852e-01
	 nan	5.8224	0.99708	 7.5912e+00	 9.9965e-01	 5.4130e+00	 9.9698e-01
	 nan	5.8266	0.99807	 7.5966e+00	 9.9971e-01	 5.4090e+00	 9.9779e-01
	 nan	5.8308	0.99629	 7.6021e+00	 9.9979e-01	 5.4051e+00	 9.9771e-01
	 nan	5.835	0.99692	 7.6076e+00	 9.9979e-01	 5.4011e+00	 9.9690e-01
	 nan	5.8393	0.99705	 7.6131e+00	 9.9979e-01	 5.3972e+00	 9.9753e-01
	 nan	5.8435	0.99755	 7.6186e+00	 9.9975e-01	 5.3932e+00	 9.9639e-01
	 nan	5.8477	0.99778	 7.6241e+00	 9.9973e-01	 5.3893e+00	 9.9749e-01
	 nan	5.8519	0.99675	 7.6296e+00	 9.9975e-01	 5.3853e+00	 9.9657e-01
	 nan	5.8561	0.99797	 7.6351e+00	 9.9979e-01	 5.3814e+00	 9.9812e-01
	 nan	5.8604	0.99702	 7.6406e+00	 9.9985e-01	 5.3775e+00	 9.9742e-01
	 nan	5.8646	0.99827	 7.6461e+00	 9.9985e-01	 5.3736e+00	 9.9687e-01
	 nan	5.8688	0.99688	 7.6516e+00	 9.9989e-01	 5.3696e+00	 9.9749e-01
	 nan	5.8731	0.99745	 7.6572e+00	 9.9989e-01	 5.3657e+00	 9.9723e-01
	 nan	5.8773	0.99735	 7.6627e+00	 9.9985e-01	 5.3618e+00	 9.9793e-01
	 nan	5.8816	0.99672	 7.6682e+00	 9.9981e-01	 5.3579e+00	 9.9676e-01
	 nan	5.8858	0.99735	 7.6738e+00	 9.9977e-01	 5.3540e+00	 9.9786e-01
	 nan	5.89	0.99715	 7.6793e+00	 9.9979e-01	 5.3500e+00	 9.9639e-01
	 nan	5.8943	0.99834	 7.6848e+00	 9.9979e-01	 5.3461e+00	 9.9775e-01
	 nan	5.8985	0.99695	 7.6904e+00	 9.9985e-01	 5.3422e+00	 9.9757e-01
	 nan	5.9028	0.99804	 7.6959e+00	 9.9991e-01	 5.3383e+00	 9.9742e-01
	 nan	5.907	0.99712	 7.7015e+00	 9.9995e-01	 5.3344e+00	 9.9745e-01
	 nan	5.9113	0.99721	 7.7070e+00	 9.9995e-01	 5.3305e+00	 9.9661e-01
	 nan	5.9156	0.99761	 7.7126e+00	 9.9991e-01	 5.3266e+00	 9.9786e-01
	 nan	5.9198	0.99731	 7.7182e+00	 9.9987e-01	 5.3227e+00	 9.9701e-01
	 nan	5.9241	0.99794	 7.7237e+00	 9.9983e-01	 5.3189e+00	 9.9845e-01
	 nan	5.9284	0.99685	 7.7293e+00	 9.9983e-01	 5.3150e+00	 9.9723e-01
	 nan	5.9327	0.99794	 7.7349e+00	 9.9983e-01	 5.3111e+00	 9.9738e-01
	 nan	5.9369	0.99688	 7.7405e+00	 9.9983e-01	 5.3072e+00	 9.9720e-01
	 nan	5.9412	0.99788	 7.7461e+00	 9.9981e-01	 5.3033e+00	 9.9764e-01
	 nan	5.9455	0.99755	 7.7517e+00	 9.9979e-01	 5.2995e+00	 9.9841e-01
	 nan	5.9498	0.99748	 7.7573e+00	 9.9975e-01	 5.2956e+00	 9.9731e-01
	 nan	5.9541	0.99794	 7.7628e+00	 9.9971e-01	 5.2917e+00	 9.9841e-01
	 nan	5.9584	0.99764	 7.7684e+00	 9.9975e-01	 5.2878e+00	 9.9683e-01
	 nan	5.9627	0.99821	 7.7740e+00	 9.9981e-01	 5.2840e+00	 9.9790e-01
	 nan	5.967	0.99682	 7.7797e+00	 9.9991e-01	 5.2801e+00	 9.9745e-01
	 nan	5.9713	0.99764	 7.7853e+00	 9.9993e-01	 5.2763e+00	 9.9797e-01
	 nan	5.9756	0.99695	 7.7909e+00	 9.9995e-01	 5.2724e+00	 9.9742e-01
	 nan	5.98	0.9983	 7.7965e+00	 9.9991e-01	 5.2685e+00	 9.9731e-01
	 nan	5.9843	0.99764	 7.8021e+00	 9.9987e-01	 5.2647e+00	 9.9830e-01
	 nan	5.9886	0.99741	 7.8078e+00	 9.9977e-01	 5.2608e+00	 9.9690e-01
	 nan	5.9929	0.99794	 7.8134e+00	 9.9967e-01	 5.2570e+00	 9.9757e-01
	 nan	5.9972	0.99705	 7.8190e+00	 9.9963e-01	 5.2532e+00	 9.9635e-01
	 nan	6.0016	0.99797	 7.8247e+00	 9.9963e-01	 5.2493e+00	 9.9812e-01
	 nan	6.0059	0.99718	 7.8303e+00	 9.9971e-01	 5.2455e+00	 9.9753e-01
	 nan	6.0102	0.99847	 7.8360e+00	 9.9971e-01	 5.2416e+00	 9.9779e-01
	 nan	6.0146	0.99774	 7.8416e+00	 9.9971e-01	 5.2378e+00	 9.9804e-01
	 nan	6.0189	0.99788	 7.8473e+00	 9.9971e-01	 5.2340e+00	 9.9694e-01
	 nan	6.0233	0.99712	 7.8529e+00	 9.9977e-01	 5.2301e+00	 9.9760e-01
	 nan	6.0276	0.99692	 7.8586e+00	 9.9985e-01	 5.2263e+00	 9.9701e-01
	 nan	6.032	0.99768	 7.8643e+00	 9.9989e-01	 5.2225e+00	 9.9830e-01
	 nan	6.0363	0.99705	 7.8700e+00	 9.9989e-01	 5.2187e+00	 9.9701e-01
	 nan	6.0407	0.99824	 7.8756e+00	 9.9981e-01	 5.2149e+00	 9.9808e-01
	 nan	6.045	0.99688	 7.8813e+00	 9.9977e-01	 5.2111e+00	 9.9771e-01
	 nan	6.0494	0.99768	 7.8870e+00	 9.9971e-01	 5.2073e+00	 9.9698e-01
	 nan	6.0537	0.99735	 7.8927e+00	 9.9971e-01	 5.2034e+00	 9.9753e-01
	 nan	6.0581	0.99771	 7.8984e+00	 9.9973e-01	 5.1996e+00	 9.9709e-01
	 nan	6.0625	0.99774	 7.9041e+00	 9.9975e-01	 5.1958e+00	 9.9815e-01
	 nan	6.0669	0.99758	 7.9098e+00	 9.9983e-01	 5.1920e+00	 9.9683e-01
	 nan	6.0712	0.99821	 7.9155e+00	 9.9985e-01	 5.1882e+00	 9.9779e-01
	 nan	6.0756	0.99698	 7.9212e+00	 9.9987e-01	 5.1845e+00	 9.9664e-01
	 nan	6.08	0.99791	 7.9269e+00	 9.9981e-01	 5.1807e+00	 9.9698e-01
	 nan	6.0844	0.99665	 7.9326e+00	 9.9975e-01	 5.1769e+00	 9.9701e-01
	 nan	6.0888	0.99761	 7.9383e+00	 9.9971e-01	 5.1731e+00	 9.9764e-01
	 nan	6.0932	0.99705	 7.9441e+00	 9.9971e-01	 5.1693e+00	 9.9812e-01
	 nan	6.0976	0.99731	 7.9498e+00	 9.9973e-01	 5.1655e+00	 9.9631e-01
	 nan	6.102	0.99801	 7.9555e+00	 9.9973e-01	 5.1617e+00	 9.9768e-01
	 nan	6.1064	0.99718	 7.9612e+00	 9.9975e-01	 5.1580e+00	 9.9687e-01
	 nan	6.1108	0.99788	 7.9670e+00	 9.9971e-01	 5.1542e+00	 9.9775e-01
	 nan	6.1152	0.99655	 7.9727e+00	 9.9971e-01	 5.1504e+00	 9.9676e-01
	 nan	6.1196	0.99768	 7.9785e+00	 9.9967e-01	 5.1466e+00	 9.9742e-01
	 nan	6.124	0.99745	 7.9842e+00	 9.9969e-01	 5.1429e+00	 9.9753e-01
	 nan	6.1285	0.99844	 7.9900e+00	 9.9971e-01	 5.1391e+00	 9.9723e-01
	 nan	6.1329	0.99738	 7.9957e+00	 9.9973e-01	 5.1354e+00	 9.9801e-01
	 nan	6.1373	0.99688	 8.0015e+00	 9.9971e-01	 5.1316e+00	 9.9668e-01
	 nan	6.1417	0.99738	 8.0073e+00	 9.9967e-01	 5.1279e+00	 9.9790e-01
	 nan	6.1462	0.99708	 8.0130e+00	 9.9967e-01	 5.1241e+00	 9.9687e-01
	 nan	6.1506	0.99827	 8.0188e+00	 9.9969e-01	 5.1204e+00	 9.9808e-01
	 nan	6.155	0.99649	 8.0246e+00	 9.9979e-01	 5.1166e+00	 9.9757e-01
	 nan	6.1595	0.99738	 8.0304e+00	 9.9985e-01	 5.1129e+00	 9.9793e-01
	 nan	6.1639	0.99728	 8.0362e+00	 9.9993e-01	 5.1091e+00	 9.9757e-01
	 nan	6.1684	0.99768	 8.0420e+00	 9.9995e-01	 5.1054e+00	 9.9672e-01
	 nan	6.1728	0.99735	 8.0477e+00	 9.9995e-01	 5.1016e+00	 9.9804e-01
	 nan	6.1773	0.99721	 8.0535e+00	 9.9991e-01	 5.0979e+00	 9.9679e-01
	 nan	6.1818	0.99801	 8.0593e+00	 9.9981e-01	 5.0942e+00	 9.9775e-01
	 nan	6.1862	0.99718	 8.0651e+00	 9.9973e-01	 5.0905e+00	 9.9642e-01
	 nan	6.1907	0.99824	 8.0710e+00	 9.9969e-01	 5.0868e+00	 9.9753e-01
	 nan	6.1951	0.99721	 8.0768e+00	 9.9975e-01	 5.0830e+00	 9.9834e-01
	 nan	6.1996	0.9983	 8.0826e+00	 9.9981e-01	 5.0793e+00	 9.9768e-01
	 nan	6.2041	0.99755	 8.0884e+00	 9.9991e-01	 5.0756e+00	 9.9804e-01
	 nan	6.2085	0.99788	 8.0943e+00	 9.9995e-01	 5.0719e+00	 9.9926e-01
	 nan	6.213	0.99794	 8.1001e+00	 1.0000e+00	 5.0682e+00	 1.0019e+00
	 nan	6.2175	0.99728	 8.1059e+00	 1.0000e+00	 5.0645e+00	 9.9970e-01
	 nan	6.222	0.99804	 8.1118e+00	 9.9995e-01	 5.0608e+00	 9.9661e-01
	 nan	6.2265	0.99659	 8.1176e+00	 9.9987e-01	 5.0571e+00	 9.9348e-01
	 nan	6.231	0.99764	 8.1235e+00	 9.9979e-01	 5.0534e+00	 9.9244e-01
	 nan	6.2355	0.99695	 8.1293e+00	 9.9981e-01	 5.0497e+00	 9.9241e-01
	 nan	6.24	0.99791	 8.1352e+00	 9.9983e-01	 5.0460e+00	 9.9687e-01
	 nan	6.2445	0.99755	 8.1411e+00	 9.9987e-01	 5.0423e+00	 9.9996e-01
	 nan	6.249	0.99774	 8.1469e+00	 9.9989e-01	 5.0386e+00	 9.9698e-01
	 nan	6.2535	0.99781	 8.1528e+00	 9.9987e-01	 5.0349e+00	 9.9801e-01
	 nan	6.258	0.99708	 8.1587e+00	 9.9987e-01	 5.0312e+00	 9.9712e-01
	 nan	6.2625	0.99837	 8.1645e+00	 9.9983e-01	 5.0275e+00	 9.9672e-01
	 nan	6.267	0.99695	 8.1704e+00	 9.9983e-01	 5.0238e+00	 9.9760e-01
	 nan	6.2715	0.99801	 8.1763e+00	 9.9981e-01	 5.0202e+00	 9.9786e-01
	 nan	6.2761	0.99698	 8.1822e+00	 9.9985e-01	 5.0165e+00	 9.9631e-01
	 nan	6.2806	0.99778	 8.1881e+00	 9.9987e-01	 5.0128e+00	 9.9639e-01
	 nan	6.2851	0.99708	 8.1940e+00	 9.9993e-01	 5.0091e+00	 9.9709e-01
	 nan	6.2897	0.99725	 8.1999e+00	 9.9997e-01	 5.0055e+00	 9.9779e-01
	 nan	6.2942	0.99791	 8.2058e+00	 9.9993e-01	 5.0018e+00	 9.9992e-01
	 nan	6.2988	0.99705	 8.2117e+00	 9.9989e-01	 4.9981e+00	 9.9653e-01
	 nan	6.3033	0.99791	 8.2176e+00	 9.9977e-01	 4.9945e+00	 9.9664e-01
	 nan	6.3078	0.99731	 8.2236e+00	 9.9969e-01	 4.9908e+00	 9.9716e-01
	 nan	6.3124	0.99821	 8.2295e+00	 9.9961e-01	 4.9872e+00	 9.9646e-01
	 nan	6.317	0.99682	 8.2354e+00	 9.9965e-01	 4.9835e+00	 9.9664e-01
	 nan	6.3215	0.99784	 8.2413e+00	 9.9969e-01	 4.9799e+00	 9.9642e-01
	 nan	6.3261	0.99794	 8.2473e+00	 9.9975e-01	 4.9762e+00	 9.9764e-01
	 nan	6.3306	0.99728	 8.2532e+00	 9.9977e-01	 4.9726e+00	 9.9694e-01
	 nan	6.3352	0.99834	 8.2592e+00	 9.9977e-01	 4.9690e+00	 9.9852e-01
	 nan	6.3398	0.99817	 8.2651e+00	 9.9981e-01	 4.9653e+00	 9.9734e-01
	 nan	6.3443	0.9987	 8.2711e+00	 9.9981e-01	 4.9617e+00	 9.9867e-01
	 nan	6.3489	0.99712	 8.2770e+00	 9.9987e-01	 4.9581e+00	 9.9804e-01
	 nan	6.3535	0.99807	 8.2830e+00	 9.9985e-01	 4.9544e+00	 9.9782e-01
	 nan	6.3581	0.99745	 8.2890e+00	 9.9987e-01	 4.9508e+00	 9.9849e-01
	 nan	6.3627	0.99748	 8.2949e+00	 9.9985e-01	 4.9472e+00	 9.9731e-01
	 nan	6.3672	0.99797	 8.3009e+00	 9.9981e-01	 4.9436e+00	 9.9734e-01
	 nan	6.3718	0.99748	 8.3069e+00	 9.9981e-01	 4.9399e+00	 9.9569e-01
	 nan	6.3764	0.99837	 8.3129e+00	 9.9983e-01	 4.9363e+00	 9.9753e-01
	 nan	6.381	0.99748	 8.3188e+00	 9.9985e-01	 4.9327e+00	 9.9838e-01
	 nan	6.3856	0.99873	 8.3248e+00	 9.9981e-01	 4.9291e+00	 9.9944e-01
	 nan	6.3902	0.99745	 8.3308e+00	 9.9973e-01	 4.9255e+00	 9.9860e-01
	 nan	6.3949	0.99801	 8.3368e+00	 9.9961e-01	 4.9219e+00	 9.9687e-01
	 nan	6.3995	0.99751	 8.3428e+00	 9.9953e-01	 4.9183e+00	 9.9668e-01
	 nan	6.4041	0.99764	 8.3488e+00	 9.9951e-01	 4.9147e+00	 9.9561e-01
	 nan	6.4087	0.99797	 8.3548e+00	 9.9961e-01	 4.9111e+00	 9.9716e-01
	 nan	6.4133	0.99728	 8.3609e+00	 9.9975e-01	 4.9075e+00	 9.9624e-01
	 nan	6.4179	0.99817	 8.3669e+00	 9.9985e-01	 4.9039e+00	 9.9723e-01
	 nan	6.4226	0.99731	 8.3729e+00	 9.9993e-01	 4.9003e+00	 9.9683e-01
	 nan	6.4272	0.99887	 8.3789e+00	 9.9991e-01	 4.8967e+00	 9.9690e-01
	 nan	6.4318	0.99731	 8.3850e+00	 9.9989e-01	 4.8931e+00	 9.9734e-01
	 nan	6.4365	0.99738	 8.3910e+00	 9.9985e-01	 4.8895e+00	 9.9731e-01
	 nan	6.4411	0.99738	 8.3971e+00	 9.9985e-01	 4.8860e+00	 9.9852e-01
	 nan	6.4457	0.99738	 8.4031e+00	 9.9981e-01	 4.8824e+00	 9.9727e-01
	 nan	6.4504	0.99784	 8.4092e+00	 9.9975e-01	 4.8788e+00	 9.9779e-01
	 nan	6.455	0.99708	 8.4152e+00	 9.9969e-01	 4.8752e+00	 9.9587e-01
	 nan	6.4597	0.99824	 8.4213e+00	 9.9967e-01	 4.8717e+00	 9.9650e-01
	 nan	6.4643	0.99741	 8.4273e+00	 9.9973e-01	 4.8681e+00	 9.9716e-01
	 nan	6.469	0.99863	 8.4334e+00	 9.9977e-01	 4.8645e+00	 9.9753e-01
	 nan	6.4737	0.99741	 8.4395e+00	 9.9983e-01	 4.8610e+00	 9.9712e-01
	 nan	6.4783	0.99781	 8.4456e+00	 9.9985e-01	 4.8574e+00	 9.9642e-01
	 nan	6.483	0.99784	 8.4516e+00	 9.9983e-01	 4.8539e+00	 9.9801e-01
	 nan	6.4877	0.99731	 8.4577e+00	 9.9977e-01	 4.8503e+00	 9.9709e-01
	 nan	6.4924	0.99801	 8.4638e+00	 9.9973e-01	 4.8468e+00	 9.9804e-01
	 nan	6.497	0.99731	 8.4699e+00	 9.9971e-01	 4.8432e+00	 9.9661e-01
	 nan	6.5017	0.99827	 8.4760e+00	 9.9973e-01	 4.8397e+00	 9.9709e-01
	 nan	6.5064	0.99705	 8.4821e+00	 9.9983e-01	 4.8361e+00	 9.9720e-01
	 nan	6.5111	0.99807	 8.4882e+00	 9.9987e-01	 4.8326e+00	 9.9764e-01
	 nan	6.5158	0.99761	 8.4943e+00	 9.9989e-01	 4.8291e+00	 9.9797e-01
	 nan	6.5205	0.99768	 8.5004e+00	 9.9985e-01	 4.8255e+00	 9.9690e-01
	 nan	6.5252	0.99731	 8.5065e+00	 9.9979e-01	 4.8220e+00	 9.9823e-01
	 nan	6.5299	0.99685	 8.5127e+00	 9.9975e-01	 4.8185e+00	 9.9690e-01
	 nan	6.5346	0.99801	 8.5188e+00	 9.9973e-01	 4.8149e+00	 9.9793e-01
	 nan	6.5393	0.99708	 8.5249e+00	 9.9975e-01	 4.8114e+00	 9.9727e-01
	 nan	6.544	0.99877	 8.5310e+00	 9.9973e-01	 4.8079e+00	 9.9804e-01
	 nan	6.5487	0.99731	 8.5372e+00	 9.9973e-01	 4.8044e+00	 9.9790e-01
	 nan	6.5534	0.99751	 8.5433e+00	 9.9973e-01	 4.8009e+00	 9.9709e-01
	 nan	6.5581	0.99725	 8.5495e+00	 9.9979e-01	 4.7973e+00	 9.9727e-01
	 nan	6.5629	0.99774	 8.5556e+00	 9.9987e-01	 4.7938e+00	 9.9650e-01
	 nan	6.5676	0.99821	 8.5618e+00	 9.9989e-01	 4.7903e+00	 9.9775e-01
	 nan	6.5723	0.99731	 8.5679e+00	 9.9989e-01	 4.7868e+00	 9.9653e-01
	 nan	6.577	0.99857	 8.5741e+00	 9.9983e-01	 4.7833e+00	 9.9727e-01
	 nan	6.5818	0.99751	 8.5803e+00	 9.9977e-01	 4.7798e+00	 9.9690e-01
	 nan	6.5865	0.99827	 8.5864e+00	 9.9973e-01	 4.7763e+00	 9.9775e-01
	 nan	6.5913	0.99731	 8.5926e+00	 9.9977e-01	 4.7728e+00	 9.9793e-01
	 nan	6.596	0.99797	 8.5988e+00	 9.9981e-01	 4.7693e+00	 9.9690e-01
	 nan	6.6008	0.99761	 8.6049e+00	 9.9983e-01	 4.7658e+00	 9.9797e-01
	 nan	6.6055	0.99721	 8.6111e+00	 9.9987e-01	 4.7623e+00	 9.9653e-01
	 nan	6.6103	0.99771	 8.6173e+00	 9.9987e-01	 4.7589e+00	 9.9801e-01
	 nan	6.615	0.99728	 8.6235e+00	 9.9991e-01	 4.7554e+00	 9.9764e-01
	 nan	6.6198	0.99887	 8.6297e+00	 9.9989e-01	 4.7519e+00	 9.9867e-01
	 nan	6.6246	0.99774	 8.6359e+00	 9.9989e-01	 4.7484e+00	 9.9738e-01
	 nan	6.6293	0.99811	 8.6421e+00	 9.9985e-01	 4.7449e+00	 9.9716e-01
	 nan	6.6341	0.99721	 8.6483e+00	 9.9981e-01	 4.7415e+00	 9.9771e-01
	 nan	6.6389	0.99788	 8.6546e+00	 9.9977e-01	 4.7380e+00	 9.9694e-01
	 nan	6.6437	0.99811	 8.6608e+00	 9.9977e-01	 4.7345e+00	 9.9753e-01
	 nan	6.6484	0.99764	 8.6670e+00	 9.9977e-01	 4.7311e+00	 9.9657e-01
	 nan	6.6532	0.99837	 8.6733e+00	 9.9979e-01	 4.7276e+00	 9.9838e-01
	 nan	6.658	0.99715	 8.6795e+00	 9.9983e-01	 4.7242e+00	 9.9690e-01
	 nan	6.6628	0.99824	 8.6857e+00	 9.9985e-01	 4.7207e+00	 9.9712e-01
	 nan	6.6676	0.99758	 8.6920e+00	 9.9989e-01	 4.7172e+00	 9.9698e-01
	 nan	6.6724	0.99817	 8.6982e+00	 9.9989e-01	 4.7138e+00	 9.9698e-01
	 nan	6.6772	0.99698	 8.7045e+00	 9.9987e-01	 4.7103e+00	 9.9815e-01
	 nan	6.682	0.99755	 8.7107e+00	 9.9981e-01	 4.7069e+00	 9.9745e-01
	 nan	6.6868	0.99814	 8.7170e+00	 9.9973e-01	 4.7035e+00	 9.9856e-01
	 nan	6.6916	0.99738	 8.7233e+00	 9.9969e-01	 4.7000e+00	 9.9701e-01
	 nan	6.6964	0.99817	 8.7295e+00	 9.9963e-01	 4.6966e+00	 9.9790e-01
	 nan	6.7012	0.99712	 8.7358e+00	 9.9965e-01	 4.6931e+00	 9.9709e-01
	 nan	6.706	0.99797	 8.7421e+00	 9.9969e-01	 4.6897e+00	 9.9782e-01
	 nan	6.7109	0.99708	 8.7484e+00	 9.9979e-01	 4.6863e+00	 9.9771e-01
	 nan	6.7157	0.99764	 8.7547e+00	 9.9987e-01	 4.6828e+00	 9.9709e-01
	 nan	6.7205	0.99718	 8.7610e+00	 9.9993e-01	 4.6794e+00	 9.9790e-01
	 nan	6.7253	0.99758	 8.7673e+00	 9.9991e-01	 4.6760e+00	 9.9727e-01
	 nan	6.7302	0.99811	 8.7736e+00	 9.9985e-01	 4.6726e+00	 9.9852e-01
	 nan	6.735	0.99708	 8.7799e+00	 9.9985e-01	 4.6691e+00	 9.9676e-01
	 nan	6.7399	0.99844	 8.7862e+00	 9.9987e-01	 4.6657e+00	 9.9779e-01
	 nan	6.7447	0.99741	 8.7925e+00	 9.9991e-01	 4.6623e+00	 9.9753e-01
	 nan	6.7495	0.99824	 8.7988e+00	 9.9985e-01	 4.6589e+00	 9.9753e-01
	 nan	6.7544	0.99731	 8.8051e+00	 9.9981e-01	 4.6555e+00	 9.9764e-01
	 nan	6.7593	0.99774	 8.8115e+00	 9.9979e-01	 4.6521e+00	 9.9705e-01
	 nan	6.7641	0.99751	 8.8178e+00	 9.9983e-01	 4.6487e+00	 9.9801e-01
	 nan	6.769	0.99738	 8.8241e+00	 9.9993e-01	 4.6453e+00	 9.9690e-01
	 nan	6.7738	0.99827	 8.8304e+00	 9.9999e-01	 4.6418e+00	 9.9782e-01
	 nan	6.7787	0.99745	 8.8368e+00	 1.0001e+00	 4.6385e+00	 9.9661e-01
	 nan	6.7836	0.99801	 8.8431e+00	 1.0001e+00	 4.6351e+00	 9.9760e-01
	 nan	6.7885	0.99698	 8.8495e+00	 1.0001e+00	 4.6317e+00	 9.9768e-01
	 nan	6.7933	0.99857	 8.8559e+00	 9.9999e-01	 4.6283e+00	 9.9749e-01
	 nan	6.7982	0.99774	 8.8622e+00	 9.9991e-01	 4.6249e+00	 9.9760e-01
	 nan	6.8031	0.99794	 8.8686e+00	 9.9983e-01	 4.6215e+00	 9.9709e-01
	 nan	6.808	0.99788	 8.8750e+00	 9.9981e-01	 4.6181e+00	 9.9804e-01
	 nan	6.8129	0.99761	 8.8813e+00	 9.9981e-01	 4.6147e+00	 9.9679e-01
	 nan	6.8178	0.99824	 8.8877e+00	 9.9979e-01	 4.6113e+00	 9.9801e-01
	 nan	6.8227	0.99731	 8.8941e+00	 9.9981e-01	 4.6080e+00	 9.9672e-01
	 nan	6.8276	0.99867	 8.9005e+00	 9.9983e-01	 4.6046e+00	 9.9716e-01
	 nan	6.8325	0.99745	 8.9069e+00	 9.9989e-01	 4.6012e+00	 9.9727e-01
	 nan	6.8374	0.99834	 8.9133e+00	 9.9987e-01	 4.5978e+00	 9.9712e-01
	 nan	6.8423	0.99755	 8.9197e+00	 9.9987e-01	 4.5945e+00	 9.9775e-01
	 nan	6.8472	0.99781	 8.9261e+00	 9.9987e-01	 4.5911e+00	 9.9698e-01
	 nan	6.8521	0.99811	 8.9325e+00	 9.9985e-01	 4.5877e+00	 9.9812e-01
	 nan	6.8571	0.99738	 8.9390e+00	 9.9985e-01	 4.5844e+00	 9.9709e-01
	 nan	6.862	0.99824	 8.9454e+00	 9.9987e-01	 4.5810e+00	 9.9849e-01
	 nan	6.8669	0.99721	 8.9518e+00	 9.9995e-01	 4.5777e+00	 9.9742e-01
	 nan	6.8719	0.99824	 8.9582e+00	 9.9995e-01	 4.5743e+00	 9.9768e-01
	 nan	6.8768	0.99692	 8.9646e+00	 9.9995e-01	 4.5710e+00	 9.9782e-01
	 nan	6.8818	0.99751	 8.9711e+00	 9.9989e-01	 4.5676e+00	 9.9720e-01
	 nan	6.8867	0.99764	 8.9775e+00	 9.9985e-01	 4.5643e+00	 9.9786e-01
	 nan	6.8916	0.99791	 8.9839e+00	 9.9985e-01	 4.5609e+00	 9.9661e-01
	 nan	6.8966	0.99811	 8.9904e+00	 9.9985e-01	 4.5576e+00	 9.9790e-01
	 nan	6.9015	0.99712	 8.9968e+00	 9.9985e-01	 4.5543e+00	 9.9709e-01
	 nan	6.9065	0.99834	 9.0033e+00	 9.9985e-01	 4.5509e+00	 9.9845e-01
	 nan	6.9115	0.99715	 9.0097e+00	 9.9991e-01	 4.5476e+00	 9.9768e-01
	 nan	6.9164	0.99844	 9.0162e+00	 9.9995e-01	 4.5443e+00	 9.9727e-01
	 nan	6.9214	0.99748	 9.0227e+00	 1.0000e+00	 4.5410e+00	 9.9731e-01
	 nan	6.9264	0.99771	 9.0292e+00	 1.0000e+00	 4.5376e+00	 9.9701e-01
	 nan	6.9313	0.99781	 9.0356e+00	 1.0000e+00	 4.5343e+00	 9.9808e-01
	 nan	6.9363	0.99801	 9.0421e+00	 1.0000e+00	 4.5310e+00	 9.9694e-01
	 nan	6.9413	0.99854	 9.0486e+00	 9.9997e-01	 4.5277e+00	 9.9819e-01
	 nan	6.9463	0.99718	 9.0551e+00	 9.9993e-01	 4.5243e+00	 9.9712e-01
	 nan	6.9513	0.99814	 9.0616e+00	 9.9989e-01	 4.5210e+00	 9.9812e-01
	 nan	6.9563	0.99721	 9.0681e+00	 9.9995e-01	 4.5177e+00	 9.9808e-01
	 nan	6.9613	0.99817	 9.0746e+00	 9.9999e-01	 4.5144e+00	 9.9804e-01
	 nan	6.9663	0.99708	 9.0812e+00	 1.0000e+00	 4.5111e+00	 9.9849e-01
	 nan	6.9713	0.99745	 9.0877e+00	 1.0000e+00	 4.5078e+00	 9.9749e-01
	 nan	6.9763	0.99797	 9.0942e+00	 9.9999e-01	 4.5045e+00	 9.9812e-01
	 nan	6.9813	0.99758	 9.1007e+00	 9.9995e-01	 4.5012e+00	 9.9687e-01
	 nan	6.9863	0.99847	 9.1072e+00	 9.9991e-01	 4.4979e+00	 9.9749e-01
	 nan	6.9914	0.99715	 9.1138e+00	 9.9991e-01	 4.4946e+00	 9.9694e-01
	 nan	6.9964	0.99824	 9.1203e+00	 9.9989e-01	 4.4913e+00	 9.9782e-01
	 nan	7.0014	0.99728	 9.1268e+00	 9.9991e-01	 4.4880e+00	 9.9753e-01
	 nan	7.0064	0.99817	 9.1334e+00	 9.9989e-01	 4.4847e+00	 9.9753e-01
	 nan	7.0115	0.99771	 9.1399e+00	 9.9993e-01	 4.4814e+00	 9.9834e-01
	 nan	7.0165	0.99804	 9.1465e+00	 9.9999e-01	 4.4781e+00	 9.9679e-01
	 nan	7.0215	0.99794	 9.1530e+00	 1.0001e+00	 4.4749e+00	 9.9845e-01
	 nan	7.0266	0.99731	 9.1596e+00	 1.0001e+00	 4.4716e+00	 9.9701e-01
	 nan	7.0316	0.99811	 9.1662e+00	 1.0000e+00	 4.4683e+00	 9.9757e-01
	 nan	7.0367	0.99721	 9.1727e+00	 9.9993e-01	 4.4650e+00	 9.9698e-01
	 nan	7.0417	0.99827	 9.1793e+00	 9.9977e-01	 4.4618e+00	 9.9838e-01
	 nan	7.0468	0.99731	 9.1859e+00	 9.9969e-01	 4.4585e+00	 9.9827e-01
	 nan	7.0518	0.99788	 9.1925e+00	 9.9969e-01	 4.4552e+00	 9.9768e-01
	 nan	7.0569	0.99748	 9.1991e+00	 9.9979e-01	 4.4519e+00	 9.9856e-01
	 nan	7.062	0.99761	 9.2057e+00	 9.9991e-01	 4.4487e+00	 9.9705e-01
	 nan	7.0671	0.99847	 9.2123e+00	 9.9999e-01	 4.4454e+00	 9.9823e-01
	 nan	7.0721	0.99774	 9.2189e+00	 9.9999e-01	 4.4422e+00	 9.9687e-01
	 nan	7.0772	0.9985	 9.2255e+00	 9.9987e-01	 4.4389e+00	 9.9793e-01
	 nan	7.0823	0.99705	 9.2321e+00	 9.9979e-01	 4.4357e+00	 9.9757e-01
	 nan	7.0874	0.99817	 9.2387e+00	 9.9975e-01	 4.4324e+00	 9.9768e-01
	 nan	7.0925	0.99768	 9.2453e+00	 9.9981e-01	 4.4292e+00	 9.9764e-01
	 nan	7.0976	0.99814	 9.2520e+00	 9.9989e-01	 4.4259e+00	 9.9698e-01
	 nan	7.1027	0.99755	 9.2586e+00	 9.9997e-01	 4.4227e+00	 9.9786e-01
	 nan	7.1078	0.99705	 9.2652e+00	 1.0000e+00	 4.4194e+00	 9.9687e-01
	 nan	7.1129	0.99814	 9.2719e+00	 1.0001e+00	 4.4162e+00	 9.9860e-01
	 nan	7.118	0.99712	 9.2785e+00	 1.0001e+00	 4.4130e+00	 9.9720e-01
	 nan	7.1231	0.99847	 9.2852e+00	 9.9999e-01	 4.4097e+00	 9.9771e-01
	 nan	7.1282	0.99735	 9.2918e+00	 9.9995e-01	 4.4065e+00	 9.9723e-01
	 nan	7.1334	0.99791	 9.2985e+00	 9.9987e-01	 4.4033e+00	 9.9701e-01
	 nan	7.1385	0.99728	 9.3051e+00	 9.9985e-01	 4.4000e+00	 9.9782e-01
	 nan	7.1436	0.99801	 9.3118e+00	 9.9983e-01	 4.3968e+00	 9.9687e-01
	 nan	7.1487	0.99811	 9.3185e+00	 9.9983e-01	 4.3936e+00	 9.9775e-01
	 nan	7.1539	0.99725	 9.3252e+00	 9.9987e-01	 4.3904e+00	 9.9683e-01
	 nan	7.159	0.99824	 9.3318e+00	 9.9993e-01	 4.3872e+00	 9.9852e-01
	 nan	7.1641	0.99735	 9.3385e+00	 1.0000e+00	 4.3840e+00	 9.9753e-01
	 nan	7.1693	0.99794	 9.3452e+00	 1.0001e+00	 4.3807e+00	 9.9734e-01
	 nan	7.1744	0.99725	 9.3519e+00	 1.0002e+00	 4.3775e+00	 9.9701e-01
	 nan	7.1796	0.9983	 9.3586e+00	 1.0002e+00	 4.3743e+00	 9.9731e-01
	 nan	7.1847	0.99768	 9.3653e+00	 1.0003e+00	 4.3711e+00	 9.9804e-01
	 nan	7.1899	0.99791	 9.3721e+00	 1.0003e+00	 4.3679e+00	 9.9642e-01
	 nan	7.1951	0.99827	 9.3788e+00	 1.0001e+00	 4.3647e+00	 9.9845e-01
	 nan	7.2002	0.99738	 9.3855e+00	 9.9997e-01	 4.3615e+00	 9.9786e-01
	 nan	7.2054	0.9984	 9.3922e+00	 9.9983e-01	 4.3583e+00	 9.9860e-01
	 nan	7.2106	0.99708	 9.3990e+00	 9.9975e-01	 4.3551e+00	 9.9712e-01
	 nan	7.2158	0.99797	 9.4057e+00	 9.9973e-01	 4.3520e+00	 9.9779e-01
	 nan	7.2209	0.99745	 9.4125e+00	 9.9979e-01	 4.3488e+00	 9.9793e-01
	 nan	7.2261	0.99834	 9.4192e+00	 9.9983e-01	 4.3456e+00	 9.9698e-01
	 nan	7.2313	0.99801	 9.4260e+00	 9.9987e-01	 4.3424e+00	 9.9771e-01
	 nan	7.2365	0.99758	 9.4327e+00	 9.9991e-01	 4.3392e+00	 9.9683e-01
	 nan	7.2417	0.9984	 9.4395e+00	 9.9989e-01	 4.3360e+00	 9.9815e-01
	 nan	7.2469	0.99751	 9.4462e+00	 9.9987e-01	 4.3329e+00	 9.9742e-01
	 nan	7.2521	0.99837	 9.4530e+00	 9.9989e-01	 4.3297e+00	 9.9827e-01
	 nan	7.2573	0.99764	 9.4597e+00	 9.9997e-01	 4.3265e+00	 9.9768e-01
	 nan	7.2625	0.99837	 9.4665e+00	 1.0000e+00	 4.3233e+00	 9.9771e-01
	 nan	7.2677	0.99728	 9.4733e+00	 1.0001e+00	 4.3202e+00	 9.9786e-01
	 nan	7.2729	0.99821	 9.4801e+00	 9.9999e-01	 4.3170e+00	 9.9742e-01
	 nan	7.2782	0.99811	 9.4869e+00	 9.9995e-01	 4.3139e+00	 9.9830e-01
	 nan	7.2834	0.99761	 9.4936e+00	 9.9991e-01	 4.3107e+00	 9.9635e-01
	 nan	7.2886	0.99844	 9.5004e+00	 9.9985e-01	 4.3075e+00	 9.9753e-01
	 nan	7.2939	0.99758	 9.5072e+00	 9.9985e-01	 4.3044e+00	 9.9701e-01
	 nan	7.2991	0.99867	 9.5140e+00	 9.9985e-01	 4.3012e+00	 9.9779e-01
	 nan	7.3043	0.99764	 9.5209e+00	 9.9987e-01	 4.2981e+00	 9.9727e-01
	 nan	7.3096	0.99817	 9.5277e+00	 9.9989e-01	 4.2949e+00	 9.9734e-01
	 nan	7.3148	0.99745	 9.5345e+00	 9.9997e-01	 4.2918e+00	 9.9815e-01
	 nan	7.3201	0.99811	 9.5413e+00	 1.0001e+00	 4.2886e+00	 9.9716e-01
	 nan	7.3253	0.99844	 9.5482e+00	 1.0002e+00	 4.2855e+00	 9.9804e-01
	 nan	7.3306	0.99761	 9.5550e+00	 1.0002e+00	 4.2824e+00	 9.9642e-01
	 nan	7.3359	0.99844	 9.5618e+00	 1.0001e+00	 4.2792e+00	 9.9830e-01
	 nan	7.3411	0.99738	 9.5687e+00	 1.0000e+00	 4.2761e+00	 9.9760e-01
	 nan	7.3464	0.9986	 9.5755e+00	 9.9993e-01	 4.2730e+00	 9.9782e-01
	 nan	7.3517	0.99735	 9.5824e+00	 9.9991e-01	 4.2698e+00	 9.9801e-01
	 nan	7.357	0.99794	 9.5892e+00	 9.9991e-01	 4.2667e+00	 9.9753e-01
	 nan	7.3623	0.99761	 9.5961e+00	 9.9997e-01	 4.2636e+00	 9.9808e-01
	 nan	7.3675	0.99761	 9.6030e+00	 1.0000e+00	 4.2604e+00	 9.9705e-01
	 nan	7.3728	0.99817	 9.6098e+00	 1.0001e+00	 4.2573e+00	 9.9797e-01
	 nan	7.3781	0.99731	 9.6167e+00	 1.0001e+00	 4.2542e+00	 9.9631e-01
	 nan	7.3834	0.99821	 9.6236e+00	 1.0000e+00	 4.2511e+00	 9.9790e-01
	 nan	7.3887	0.99735	 9.6305e+00	 1.0001e+00	 4.2480e+00	 9.9775e-01
	 nan	7.394	0.99877	 9.6374e+00	 1.0000e+00	 4.2449e+00	 9.9793e-01
	 nan	7.3993	0.99751	 9.6443e+00	 1.0000e+00	 4.2418e+00	 9.9786e-01
	 nan	7.4047	0.99791	 9.6512e+00	 9.9995e-01	 4.2387e+00	 9.9705e-01
	 nan	7.41	0.99778	 9.6581e+00	 9.9991e-01	 4.2356e+00	 9.9782e-01
	 nan	7.4153	0.99761	 9.6650e+00	 9.9995e-01	 4.2325e+00	 9.9709e-01
	 nan	7.4206	0.99814	 9.6719e+00	 1.0000e+00	 4.2294e+00	 9.9830e-01
	 nan	7.4259	0.99768	 9.6788e+00	 1.0001e+00	 4.2263e+00	 9.9720e-01
	 nan	7.4313	0.99873	 9.6858e+00	 1.0001e+00	 4.2232e+00	 9.9815e-01
	 nan	7.4366	0.99682	 9.6927e+00	 1.0001e+00	 4.2201e+00	 9.9709e-01
	 nan	7.4419	0.99794	 9.6996e+00	 9.9993e-01	 4.2170e+00	 9.9679e-01
	 nan	7.4473	0.99771	 9.7066e+00	 9.9987e-01	 4.2139e+00	 9.9782e-01
	 nan	7.4526	0.9983	 9.7135e+00	 9.9987e-01	 4.2108e+00	 9.9731e-01
	 nan	7.458	0.99801	 9.7205e+00	 9.9989e-01	 4.2077e+00	 9.9808e-01
	 nan	7.4633	0.99784	 9.7274e+00	 9.9995e-01	 4.2047e+00	 9.9687e-01
	 nan	7.4687	0.99837	 9.7344e+00	 9.9995e-01	 4.2016e+00	 9.9849e-01
	 nan	7.474	0.99731	 9.7413e+00	 9.9995e-01	 4.1985e+00	 9.9779e-01
	 nan	7.4794	0.99863	 9.7483e+00	 9.9989e-01	 4.1955e+00	 9.9838e-01
	 nan	7.4848	0.99721	 9.7553e+00	 9.9991e-01	 4.1924e+00	 9.9760e-01
	 nan	7.4901	0.99791	 9.7623e+00	 9.9997e-01	 4.1893e+00	 9.9720e-01
	 nan	7.4955	0.99771	 9.7692e+00	 1.0001e+00	 4.1862e+00	 9.9797e-01
	 nan	7.5009	0.99817	 9.7762e+00	 1.0001e+00	 4.1832e+00	 9.9701e-01
	 nan	7.5063	0.99788	 9.7832e+00	 1.0001e+00	 4.1801e+00	 9.9812e-01
	 nan	7.5116	0.99728	 9.7902e+00	 1.0001e+00	 4.1771e+00	 9.9701e-01
	 nan	7.517	0.9986	 9.7972e+00	 1.0000e+00	 4.1740e+00	 9.9834e-01
	 nan	7.5224	0.99761	 9.8042e+00	 1.0000e+00	 4.1709e+00	 9.9742e-01
	 nan	7.5278	0.99887	 9.8112e+00	 9.9999e-01	 4.1679e+00	 9.9779e-01
	 nan	7.5332	0.99778	 9.8183e+00	 9.9999e-01	 4.1648e+00	 9.9757e-01
	 nan	7.5386	0.99821	 9.8253e+00	 9.9997e-01	 4.1618e+00	 9.9712e-01
	 nan	7.544	0.99791	 9.8323e+00	 9.9993e-01	 4.1588e+00	 9.9801e-01
	 nan	7.5494	0.99784	 9.8393e+00	 9.9991e-01	 4.1557e+00	 9.9690e-01
	 nan	7.5549	0.99837	 9.8464e+00	 9.9997e-01	 4.1527e+00	 9.9797e-01
	 nan	7.5603	0.99758	 9.8534e+00	 1.0001e+00	 4.1496e+00	 9.9687e-01
	 nan	7.5657	0.99837	 9.8605e+00	 1.0002e+00	 4.1466e+00	 9.9801e-01
	 nan	7.5711	0.99712	 9.8675e+00	 1.0002e+00	 4.1435e+00	 9.9734e-01
	 nan	7.5765	0.99824	 9.8746e+00	 1.0001e+00	 4.1405e+00	 9.9757e-01
	 nan	7.582	0.99784	 9.8816e+00	 1.0001e+00	 4.1375e+00	 9.9779e-01
	 nan	7.5874	0.99821	 9.8887e+00	 9.9999e-01	 4.1344e+00	 9.9679e-01
	 nan	7.5929	0.99768	 9.8958e+00	 9.9997e-01	 4.1314e+00	 9.9834e-01
	 nan	7.5983	0.99751	 9.9028e+00	 9.9999e-01	 4.1284e+00	 9.9760e-01
	 nan	7.6038	0.99834	 9.9099e+00	 1.0000e+00	 4.1254e+00	 9.9823e-01
	 nan	7.6092	0.99745	 9.9170e+00	 9.9999e-01	 4.1224e+00	 9.9661e-01
	 nan	7.6147	0.99913	 9.9241e+00	 9.9991e-01	 4.1193e+00	 9.9757e-01
	 nan	7.6201	0.99788	 9.9312e+00	 9.9987e-01	 4.1163e+00	 9.9731e-01
	 nan	7.6256	0.9983	 9.9383e+00	 9.9983e-01	 4.1133e+00	 9.9786e-01
	 nan	7.6311	0.99745	 9.9454e+00	 9.9985e-01	 4.1103e+00	 9.9834e-01
	 nan	7.6366	0.99824	 9.9525e+00	 9.9987e-01	 4.1073e+00	 9.9727e-01
	 nan	7.642	0.99824	 9.9596e+00	 9.9989e-01	 4.1043e+00	 9.9827e-01
	 nan	7.6475	0.99741	 9.9667e+00	 9.9995e-01	 4.1013e+00	 9.9683e-01
	 nan	7.653	0.99814	 9.9739e+00	 9.9999e-01	 4.0983e+00	 9.9749e-01
	 nan	7.6584	0.99745	 9.9810e+00	 1.0001e+00	 4.0953e+00	 9.9687e-01
	 nan	7.6639	0.9989	 9.9881e+00	 1.0001e+00	 4.0923e+00	 9.9808e-01
	 nan	7.6694	0.99764	 9.9953e+00	 1.0001e+00	 4.0893e+00	 9.9749e-01
	 nan	7.6749	0.99837	 1.0002e+01	 1.0001e+00	 4.0863e+00	 9.9768e-01
	 nan	7.6804	0.99801	 1.0010e+01	 1.0001e+00	 4.0833e+00	 9.9845e-01
	 nan	7.6859	0.99837	 1.0017e+01	 1.0001e+00	 4.0804e+00	 9.9705e-01
	 nan	7.6914	0.99847	 1.0024e+01	 1.0002e+00	 4.0774e+00	 9.9838e-01
	 nan	7.697	0.99755	 1.0031e+01	 1.0002e+00	 4.0744e+00	 9.9745e-01
	 nan	7.7025	0.99837	 1.0038e+01	 1.0002e+00	 4.0714e+00	 9.9863e-01
	 nan	7.708	0.99741	 1.0045e+01	 1.0002e+00	 4.0684e+00	 9.9723e-01
	 nan	7.7135	0.99897	 1.0053e+01	 1.0000e+00	 4.0654e+00	 9.9731e-01
	 nan	7.7191	0.99778	 1.0060e+01	 9.9993e-01	 4.0625e+00	 9.9801e-01
	 nan	7.7246	0.9983	 1.0067e+01	 9.9985e-01	 4.0595e+00	 9.9764e-01
	 nan	7.7301	0.99817	 1.0074e+01	 9.9983e-01	 4.0565e+00	 9.9804e-01
	 nan	7.7357	0.9984	 1.0081e+01	 9.9985e-01	 4.0535e+00	 9.9712e-01
	 nan	7.7412	0.99873	 1.0089e+01	 9.9991e-01	 4.0506e+00	 9.9815e-01
	 nan	7.7468	0.99718	 1.0096e+01	 1.0000e+00	 4.0476e+00	 9.9653e-01
	 nan	7.7523	0.99814	 1.0103e+01	 1.0001e+00	 4.0446e+00	 9.9782e-01
	 nan	7.7579	0.99735	 1.0110e+01	 1.0001e+00	 4.0417e+00	 9.9768e-01
	 nan	7.7634	0.99834	 1.0117e+01	 1.0001e+00	 4.0387e+00	 9.9734e-01
	 nan	7.769	0.99758	 1.0125e+01	 1.0001e+00	 4.0358e+00	 9.9753e-01
	 nan	7.7746	0.99873	 1.0132e+01	 9.9999e-01	 4.0328e+00	 9.9720e-01
	 nan	7.7801	0.99834	 1.0139e+01	 9.9993e-01	 4.0298e+00	 9.9808e-01
	 nan	7.7857	0.99702	 1.0146e+01	 9.9987e-01	 4.0269e+00	 9.9653e-01
	 nan	7.7913	0.99844	 1.0154e+01	 9.9981e-01	 4.0239e+00	 9.9812e-01
	 nan	7.7969	0.99811	 1.0161e+01	 9.9987e-01	 4.0210e+00	 9.9709e-01
	 nan	7.8025	0.99857	 1.0168e+01	 1.0000e+00	 4.0181e+00	 9.9768e-01
	 nan	7.8081	0.99755	 1.0175e+01	 1.0002e+00	 4.0151e+00	 9.9775e-01
	 nan	7.8137	0.9988	 1.0183e+01	 1.0002e+00	 4.0122e+00	 9.9768e-01
	 nan	7.8193	0.99814	 1.0190e+01	 1.0002e+00	 4.0092e+00	 9.9757e-01
	 nan	7.8249	0.9987	 1.0197e+01	 1.0001e+00	 4.0063e+00	 9.9687e-01
	 nan	7.8305	0.99877	 1.0204e+01	 9.9995e-01	 4.0034e+00	 9.9827e-01
	 nan	7.8361	0.99771	 1.0212e+01	 9.9993e-01	 4.0004e+00	 9.9698e-01
	 nan	7.8417	0.99827	 1.0219e+01	 9.9997e-01	 3.9975e+00	 9.9823e-01
	 nan	7.8473	0.99725	 1.0226e+01	 1.0001e+00	 3.9946e+00	 9.9734e-01
	 nan	7.8529	0.9984	 1.0234e+01	 1.0002e+00	 3.9917e+00	 9.9793e-01
	 nan	7.8586	0.99751	 1.0241e+01	 1.0002e+00	 3.9887e+00	 9.9760e-01
	 nan	7.8642	0.99797	 1.0248e+01	 1.0002e+00	 3.9858e+00	 9.9742e-01
	 nan	7.8698	0.99771	 1.0256e+01	 1.0001e+00	 3.9829e+00	 9.9827e-01
	 nan	7.8755	0.9983	 1.0263e+01	 9.9999e-01	 3.9800e+00	 9.9757e-01
	 nan	7.8811	0.99854	 1.0270e+01	 9.9995e-01	 3.9771e+00	 9.9856e-01
	 nan	7.8868	0.99791	 1.0278e+01	 9.9999e-01	 3.9741e+00	 9.9683e-01
	 nan	7.8925	0.99897	 1.0285e+01	 9.9997e-01	 3.9712e+00	 9.9779e-01
	 nan	7.8981	0.99784	 1.0292e+01	 9.9997e-01	 3.9683e+00	 9.9745e-01
	 nan	7.9038	0.99873	 1.0300e+01	 9.9995e-01	 3.9654e+00	 9.9827e-01
	 nan	7.9094	0.99784	 1.0307e+01	 1.0000e+00	 3.9625e+00	 9.9804e-01
	 nan	7.9151	0.99837	 1.0314e+01	 1.0001e+00	 3.9596e+00	 9.9734e-01
	 nan	7.9208	0.99811	 1.0322e+01	 1.0002e+00	 3.9567e+00	 9.9823e-01
	 nan	7.9265	0.99814	 1.0329e+01	 1.0002e+00	 3.9538e+00	 9.9698e-01
	 nan	7.9321	0.99824	 1.0336e+01	 1.0001e+00	 3.9509e+00	 9.9819e-01
	 nan	7.9378	0.99735	 1.0344e+01	 1.0000e+00	 3.9480e+00	 9.9712e-01
	 nan	7.9435	0.9988	 1.0351e+01	 9.9991e-01	 3.9451e+00	 9.9871e-01
	 nan	7.9492	0.99791	 1.0359e+01	 9.9989e-01	 3.9422e+00	 9.9771e-01
	 nan	7.9549	0.99893	 1.0366e+01	 9.9989e-01	 3.9393e+00	 9.9753e-01
	 nan	7.9606	0.99771	 1.0373e+01	 9.9997e-01	 3.9365e+00	 9.9808e-01
	 nan	7.9663	0.99801	 1.0381e+01	 1.0001e+00	 3.9336e+00	 9.9760e-01
	 nan	7.972	0.9983	 1.0388e+01	 1.0001e+00	 3.9307e+00	 9.9790e-01
	 nan	7.9778	0.99788	 1.0396e+01	 1.0001e+00	 3.9278e+00	 9.9646e-01
	 nan	7.9835	0.99821	 1.0403e+01	 1.0001e+00	 3.9249e+00	 9.9823e-01
	 nan	7.9892	0.99758	 1.0410e+01	 1.0001e+00	 3.9221e+00	 9.9716e-01
	 nan	7.995	0.9992	 1.0418e+01	 1.0001e+00	 3.9192e+00	 9.9793e-01
	 nan	8.0007	0.99801	 1.0425e+01	 1.0002e+00	 3.9163e+00	 9.9757e-01
	 nan	8.0064	0.99854	 1.0433e+01	 1.0001e+00	 3.9134e+00	 9.9764e-01
	 nan	8.0122	0.99788	 1.0440e+01	 1.0001e+00	 3.9106e+00	 9.9782e-01
	 nan	8.0179	0.99794	 1.0448e+01	 1.0001e+00	 3.9077e+00	 9.9705e-01
	 nan	8.0236	0.99804	 1.0455e+01	 1.0000e+00	 3.9048e+00	 9.9856e-01
	 nan	8.0294	0.99824	 1.0463e+01	 1.0000e+00	 3.9020e+00	 9.9716e-01
	 nan	8.0352	0.99913	 1.0470e+01	 1.0000e+00	 3.8991e+00	 9.9808e-01
	 nan	8.0409	0.99771	 1.0477e+01	 1.0001e+00	 3.8962e+00	 9.9734e-01
	 nan	8.0467	0.99903	 1.0485e+01	 1.0001e+00	 3.8934e+00	 9.9768e-01
	 nan	8.0524	0.99758	 1.0492e+01	 1.0001e+00	 3.8905e+00	 9.9771e-01
	 nan	8.0582	0.99827	 1.0500e+01	 9.9999e-01	 3.8877e+00	 9.9731e-01
	 nan	8.064	0.9983	 1.0507e+01	 9.9993e-01	 3.8848e+00	 9.9804e-01
	 nan	8.0698	0.99804	 1.0515e+01	 9.9991e-01	 3.8820e+00	 9.9679e-01
	 nan	8.0755	0.9984	 1.0522e+01	 9.9995e-01	 3.8791e+00	 9.9834e-01
	 nan	8.0813	0.99758	 1.0530e+01	 1.0000e+00	 3.8763e+00	 9.9749e-01
	 nan	8.0871	0.99804	 1.0537e+01	 1.0001e+00	 3.8734e+00	 9.9812e-01
	 nan	8.0929	0.99748	 1.0545e+01	 1.0001e+00	 3.8706e+00	 9.9694e-01
	 nan	8.0987	0.9991	 1.0552e+01	 1.0001e+00	 3.8677e+00	 9.9745e-01
	 nan	8.1045	0.99784	 1.0560e+01	 1.0001e+00	 3.8649e+00	 9.9808e-01
	 nan	8.1103	0.99827	 1.0568e+01	 1.0001e+00	 3.8621e+00	 9.9745e-01
	 nan	8.1161	0.99837	 1.0575e+01	 1.0001e+00	 3.8592e+00	 9.9812e-01
	 nan	8.122	0.99781	 1.0583e+01	 1.0001e+00	 3.8564e+00	 9.9716e-01
	 nan	8.1278	0.99817	 1.0590e+01	 1.0001e+00	 3.8536e+00	 9.9871e-01
	 nan	8.1336	0.99738	 1.0598e+01	 1.0002e+00	 3.8508e+00	 9.9749e-01
	 nan	8.1394	0.99873	 1.0605e+01	 1.0002e+00	 3.8479e+00	 9.9827e-01
	 nan	8.1453	0.99751	 1.0613e+01	 1.0002e+00	 3.8451e+00	 9.9768e-01
	 nan	8.1511	0.9986	 1.0620e+01	 1.0002e+00	 3.8423e+00	 9.9775e-01
	 nan	8.1569	0.99797	 1.0628e+01	 1.0002e+00	 3.8395e+00	 9.9760e-01
	 nan	8.1628	0.99807	 1.0636e+01	 1.0002e+00	 3.8366e+00	 9.9709e-01
	 nan	8.1686	0.99804	 1.0643e+01	 1.0002e+00	 3.8338e+00	 9.9812e-01
	 nan	8.1745	0.99811	 1.0651e+01	 1.0002e+00	 3.8310e+00	 9.9698e-01
	 nan	8.1804	0.9987	 1.0658e+01	 1.0001e+00	 3.8282e+00	 9.9856e-01
	 nan	8.1862	0.99741	 1.0666e+01	 1.0001e+00	 3.8254e+00	 9.9727e-01
	 nan	8.1921	0.9988	 1.0673e+01	 9.9995e-01	 3.8226e+00	 9.9764e-01
	 nan	8.198	0.99778	 1.0681e+01	 9.9995e-01	 3.8198e+00	 9.9734e-01
	 nan	8.2038	0.99867	 1.0689e+01	 9.9995e-01	 3.8170e+00	 9.9760e-01
	 nan	8.2097	0.99847	 1.0696e+01	 1.0000e+00	 3.8142e+00	 9.9830e-01
	 nan	8.2156	0.99857	 1.0704e+01	 1.0001e+00	 3.8114e+00	 9.9734e-01
	 nan	8.2214	0.9983	 1.0712e+01	 1.0001e+00	 3.8086e+00	 9.9830e-01
	 nan	8.2273	0.99784	 1.0719e+01	 1.0002e+00	 3.8058e+00	 9.9709e-01
	 nan	8.2332	0.99854	 1.0727e+01	 1.0002e+00	 3.8030e+00	 9.9815e-01
	 nan	8.2391	0.99715	 1.0734e+01	 1.0003e+00	 3.8002e+00	 9.9705e-01
	 nan	8.245	0.9987	 1.0742e+01	 1.0003e+00	 3.7974e+00	 9.9793e-01
	 nan	8.2509	0.99791	 1.0750e+01	 1.0003e+00	 3.7947e+00	 9.9782e-01
	 nan	8.2568	0.99863	 1.0757e+01	 1.0001e+00	 3.7919e+00	 9.9723e-01
	 nan	8.2628	0.99824	 1.0765e+01	 1.0000e+00	 3.7891e+00	 9.9819e-01
	 nan	8.2687	0.99811	 1.0773e+01	 9.9997e-01	 3.7863e+00	 9.9720e-01
	 nan	8.2746	0.9987	 1.0780e+01	 1.0000e+00	 3.7835e+00	 9.9808e-01
	 nan	8.2805	0.99821	 1.0788e+01	 1.0001e+00	 3.7808e+00	 9.9646e-01
	 nan	8.2865	0.99953	 1.0796e+01	 1.0002e+00	 3.7780e+00	 9.9786e-01
	 nan	8.2924	0.99794	 1.0803e+01	 1.0002e+00	 3.7752e+00	 9.9734e-01
	 nan	8.2983	0.99827	 1.0811e+01	 1.0002e+00	 3.7724e+00	 9.9764e-01
	 nan	8.3043	0.99768	 1.0819e+01	 1.0002e+00	 3.7697e+00	 9.9838e-01
	 nan	8.3102	0.9987	 1.0827e+01	 1.0002e+00	 3.7669e+00	 9.9779e-01
	 nan	8.3162	0.99814	 1.0834e+01	 1.0003e+00	 3.7642e+00	 9.9819e-01
	 nan	8.3221	0.99788	 1.0842e+01	 1.0003e+00	 3.7614e+00	 9.9720e-01
	 nan	8.3281	0.9988	 1.0850e+01	 1.0003e+00	 3.7586e+00	 9.9845e-01
	 nan	8.334	0.99794	 1.0857e+01	 1.0002e+00	 3.7559e+00	 9.9734e-01
	 nan	8.34	0.9991	 1.0865e+01	 1.0001e+00	 3.7531e+00	 9.9793e-01
	 nan	8.346	0.99794	 1.0873e+01	 1.0000e+00	 3.7504e+00	 9.9723e-01
	 nan	8.352	0.99883	 1.0881e+01	 9.9999e-01	 3.7476e+00	 9.9738e-01
	 nan	8.3579	0.99784	 1.0888e+01	 1.0001e+00	 3.7449e+00	 9.9775e-01
	 nan	8.3639	0.99827	 1.0896e+01	 1.0001e+00	 3.7421e+00	 9.9676e-01
	 nan	8.3699	0.99837	 1.0904e+01	 1.0002e+00	 3.7394e+00	 9.9823e-01
	 nan	8.3759	0.99761	 1.0912e+01	 1.0003e+00	 3.7366e+00	 9.9753e-01
	 nan	8.3819	0.99867	 1.0919e+01	 1.0002e+00	 3.7339e+00	 9.9838e-01
	 nan	8.3879	0.99784	 1.0927e+01	 1.0002e+00	 3.7312e+00	 9.9701e-01
	 nan	8.3939	0.99887	 1.0935e+01	 1.0001e+00	 3.7284e+00	 9.9801e-01
	 nan	8.3999	0.99758	 1.0943e+01	 1.0001e+00	 3.7257e+00	 9.9768e-01
	 nan	8.4059	0.9985	 1.0951e+01	 1.0002e+00	 3.7230e+00	 9.9712e-01
	 nan	8.412	0.99817	 1.0958e+01	 1.0002e+00	 3.7202e+00	 9.9786e-01
	 nan	8.418	0.9986	 1.0966e+01	 1.0002e+00	 3.7175e+00	 9.9716e-01
	 nan	8.424	0.99873	 1.0974e+01	 1.0002e+00	 3.7148e+00	 9.9812e-01
	 nan	8.43	0.99827	 1.0982e+01	 1.0002e+00	 3.7121e+00	 9.9687e-01
	 nan	8.4361	0.99936	 1.0990e+01	 1.0001e+00	 3.7093e+00	 9.9845e-01
	 nan	8.4421	0.99768	 1.0997e+01	 1.0002e+00	 3.7066e+00	 9.9731e-01
	 nan	8.4481	0.99801	 1.1005e+01	 1.0002e+00	 3.7039e+00	 9.9775e-01
	 nan	8.4542	0.99751	 1.1013e+01	 1.0002e+00	 3.7012e+00	 9.9768e-01
	 nan	8.4602	0.99867	 1.1021e+01	 1.0002e+00	 3.6985e+00	 9.9723e-01
	 nan	8.4663	0.99847	 1.1029e+01	 1.0002e+00	 3.6958e+00	 9.9823e-01
	 nan	8.4723	0.99837	 1.1037e+01	 1.0002e+00	 3.6931e+00	 9.9734e-01
	 nan	8.4784	0.99877	 1.1044e+01	 1.0002e+00	 3.6903e+00	 9.9882e-01
	 nan	8.4844	0.99837	 1.1052e+01	 1.0002e+00	 3.6876e+00	 9.9753e-01
	 nan	8.4905	0.9991	 1.1060e+01	 1.0001e+00	 3.6849e+00	 9.9874e-01
	 nan	8.4966	0.99751	 1.1068e+01	 1.0001e+00	 3.6822e+00	 9.9790e-01
	 nan	8.5027	0.9986	 1.1076e+01	 1.0000e+00	 3.6795e+00	 9.9779e-01
	 nan	8.5088	0.99794	 1.1084e+01	 1.0000e+00	 3.6768e+00	 9.9827e-01
	 nan	8.5149	0.99867	 1.1092e+01	 1.0001e+00	 3.6741e+00	 9.9734e-01
	 nan	8.521	0.99857	 1.1100e+01	 1.0001e+00	 3.6714e+00	 9.9808e-01
	 nan	8.5271	0.99811	 1.1107e+01	 1.0002e+00	 3.6687e+00	 9.9734e-01
	 nan	8.5332	0.9989	 1.1115e+01	 1.0003e+00	 3.6660e+00	 9.9911e-01
	 nan	8.5393	0.99811	 1.1123e+01	 1.0003e+00	 3.6634e+00	 9.9782e-01
	 nan	8.5454	0.99906	 1.1131e+01	 1.0003e+00	 3.6607e+00	 9.9845e-01
	 nan	8.5515	0.99807	 1.1139e+01	 1.0002e+00	 3.6580e+00	 9.9760e-01
	 nan	8.5576	0.99897	 1.1147e+01	 1.0002e+00	 3.6553e+00	 9.9701e-01
	 nan	8.5637	0.99797	 1.1155e+01	 1.0002e+00	 3.6526e+00	 9.9790e-01
	 nan	8.5698	0.99844	 1.1163e+01	 1.0002e+00	 3.6499e+00	 9.9709e-01
	 nan	8.576	0.9984	 1.1171e+01	 1.0002e+00	 3.6473e+00	 9.9775e-01
	 nan	8.5821	0.99797	 1.1179e+01	 1.0002e+00	 3.6446e+00	 9.9664e-01
	 nan	8.5882	0.9987	 1.1187e+01	 1.0002e+00	 3.6419e+00	 9.9801e-01
	 nan	8.5944	0.99745	 1.1195e+01	 1.0003e+00	 3.6392e+00	 9.9742e-01
	 nan	8.6005	0.99897	 1.1203e+01	 1.0003e+00	 3.6366e+00	 9.9808e-01
	 nan	8.6067	0.99794	 1.1211e+01	 1.0003e+00	 3.6339e+00	 9.9775e-01
	 nan	8.6128	0.99893	 1.1219e+01	 1.0002e+00	 3.6312e+00	 9.9771e-01
	 nan	8.619	0.99834	 1.1226e+01	 1.0002e+00	 3.6286e+00	 9.9834e-01
	 nan	8.6251	0.99807	 1.1234e+01	 1.0002e+00	 3.6259e+00	 9.9749e-01
	 nan	8.6313	0.99873	 1.1242e+01	 1.0002e+00	 3.6232e+00	 9.9830e-01
	 nan	8.6375	0.99817	 1.1250e+01	 1.0002e+00	 3.6206e+00	 9.9668e-01
	 nan	8.6437	0.9987	 1.1258e+01	 1.0002e+00	 3.6179e+00	 9.9812e-01
	 nan	8.6498	0.99755	 1.1266e+01	 1.0002e+00	 3.6153e+00	 9.9786e-01
	 nan	8.656	0.99883	 1.1274e+01	 1.0002e+00	 3.6126e+00	 9.9797e-01
	 nan	8.6622	0.99804	 1.1282e+01	 1.0002e+00	 3.6099e+00	 9.9760e-01
	 nan	8.6684	0.99873	 1.1290e+01	 1.0003e+00	 3.6073e+00	 9.9790e-01
	 nan	8.6746	0.9983	 1.1299e+01	 1.0003e+00	 3.6046e+00	 9.9885e-01
	 nan	8.6808	0.99784	 1.1307e+01	 1.0003e+00	 3.6020e+00	 9.9734e-01
	 nan	8.687	0.9984	 1.1315e+01	 1.0002e+00	 3.5993e+00	 9.9830e-01
	 nan	8.6933	0.99801	 1.1323e+01	 1.0003e+00	 3.5967e+00	 9.9720e-01
	 nan	8.6995	0.99887	 1.1331e+01	 1.0002e+00	 3.5941e+00	 9.9849e-01
	 nan	8.7057	0.99778	 1.1339e+01	 1.0003e+00	 3.5914e+00	 9.9793e-01
	 nan	8.7119	0.99923	 1.1347e+01	 1.0002e+00	 3.5888e+00	 9.9731e-01
	 nan	8.7181	0.99781	 1.1355e+01	 1.0001e+00	 3.5861e+00	 9.9734e-01
	 nan	8.7244	0.9985	 1.1363e+01	 9.9999e-01	 3.5835e+00	 9.9694e-01
	 nan	8.7306	0.99877	 1.1371e+01	 9.9987e-01	 3.5809e+00	 9.9830e-01
	 nan	8.7368	0.99873	 1.1379e+01	 9.9983e-01	 3.5783e+00	 9.9687e-01
	 nan	8.7431	0.99933	 1.1387e+01	 9.9991e-01	 3.5756e+00	 9.9838e-01
	 nan	8.7493	0.99804	 1.1395e+01	 1.0001e+00	 3.5730e+00	 9.9709e-01
	 nan	8.7556	0.99906	 1.1403e+01	 1.0002e+00	 3.5704e+00	 9.9757e-01
	 nan	8.7618	0.99817	 1.1411e+01	 1.0004e+00	 3.5678e+00	 9.9727e-01
	 nan	8.7681	0.9992	 1.1420e+01	 1.0004e+00	 3.5651e+00	 9.9771e-01
	 nan	8.7744	0.99847	 1.1428e+01	 1.0004e+00	 3.5625e+00	 9.9874e-01
	 nan	8.7806	0.9984	 1.1436e+01	 1.0004e+00	 3.5599e+00	 9.9738e-01
	 nan	8.7869	0.99814	 1.1444e+01	 1.0002e+00	 3.5573e+00	 9.9838e-01
	 nan	8.7932	0.99811	 1.1452e+01	 1.0002e+00	 3.5547e+00	 9.9760e-01
	 nan	8.7995	0.99923	 1.1460e+01	 1.0002e+00	 3.5521e+00	 9.9815e-01
	 nan	8.8058	0.99794	 1.1468e+01	 1.0002e+00	 3.5495e+00	 9.9734e-01
	 nan	8.8121	0.99906	 1.1476e+01	 1.0002e+00	 3.5469e+00	 9.9775e-01
	 nan	8.8184	0.99784	 1.1485e+01	 1.0003e+00	 3.5443e+00	 9.9760e-01
	 nan	8.8247	0.99883	 1.1493e+01	 1.0002e+00	 3.5417e+00	 9.9745e-01
	 nan	8.831	0.99867	 1.1501e+01	 1.0002e+00	 3.5391e+00	 9.9797e-01
	 nan	8.8373	0.99854	 1.1509e+01	 1.0002e+00	 3.5365e+00	 9.9705e-01
	 nan	8.8436	0.99857	 1.1517e+01	 1.0002e+00	 3.5339e+00	 9.9834e-01
	 nan	8.8499	0.99751	 1.1525e+01	 1.0002e+00	 3.5313e+00	 9.9698e-01
	 nan	8.8563	0.99887	 1.1534e+01	 1.0002e+00	 3.5287e+00	 9.9801e-01
	 nan	8.8626	0.99801	 1.1542e+01	 1.0002e+00	 3.5261e+00	 9.9757e-01
	 nan	8.8689	0.9992	 1.1550e+01	 1.0002e+00	 3.5235e+00	 9.9827e-01
	 nan	8.8753	0.99781	 1.1558e+01	 1.0002e+00	 3.5210e+00	 9.9804e-01
	 nan	8.8816	0.99807	 1.1566e+01	 1.0002e+00	 3.5184e+00	 9.9727e-01
	 nan	8.8879	0.99791	 1.1575e+01	 1.0002e+00	 3.5158e+00	 9.9760e-01
	 nan	8.8943	0.99804	 1.1583e+01	 1.0002e+00	 3.5132e+00	 9.9664e-01
	 nan	8.9007	0.99887	 1.1591e+01	 1.0003e+00	 3.5106e+00	 9.9845e-01
	 nan	8.907	0.99854	 1.1599e+01	 1.0004e+00	 3.5081e+00	 9.9749e-01
	 nan	8.9134	0.99953	 1.1607e+01	 1.0004e+00	 3.5055e+00	 9.9852e-01
	 nan	8.9198	0.99771	 1.1616e+01	 1.0004e+00	 3.5029e+00	 9.9793e-01
	 nan	8.9261	0.99893	 1.1624e+01	 1.0003e+00	 3.5003e+00	 9.9797e-01
	 nan	8.9325	0.9985	 1.1632e+01	 1.0002e+00	 3.4978e+00	 9.9753e-01
	 nan	8.9389	0.99887	 1.1640e+01	 1.0002e+00	 3.4952e+00	 9.9712e-01
	 nan	8.9453	0.99824	 1.1649e+01	 1.0002e+00	 3.4926e+00	 9.9827e-01
	 nan	8.9517	0.99797	 1.1657e+01	 1.0003e+00	 3.4901e+00	 9.9705e-01
	 nan	8.9581	0.99906	 1.1665e+01	 1.0004e+00	 3.4875e+00	 9.9863e-01
	 nan	8.9645	0.99847	 1.1673e+01	 1.0005e+00	 3.4849e+00	 9.9731e-01
	 nan	8.9709	0.99969	 1.1682e+01	 1.0005e+00	 3.4824e+00	 9.9775e-01
	 nan	8.9773	0.99797	 1.1690e+01	 1.0004e+00	 3.4798e+00	 9.9727e-01
	 nan	8.9837	0.99873	 1.1698e+01	 1.0003e+00	 3.4773e+00	 9.9738e-01
	 nan	8.9901	0.99811	 1.1707e+01	 1.0003e+00	 3.4747e+00	 9.9841e-01
	 nan	8.9965	0.9988	 1.1715e+01	 1.0002e+00	 3.4722e+00	 9.9742e-01
	 nan	9.0029	0.99897	 1.1723e+01	 1.0002e+00	 3.4696e+00	 9.9860e-01
	 nan	9.0094	0.99811	 1.1731e+01	 1.0002e+00	 3.4671e+00	 9.9753e-01
	 nan	9.0158	0.99893	 1.1740e+01	 1.0002e+00	 3.4645e+00	 9.9874e-01
	 nan	9.0222	0.99788	 1.1748e+01	 1.0003e+00	 3.4620e+00	 9.9760e-01
	 nan	9.0287	0.99943	 1.1756e+01	 1.0003e+00	 3.4595e+00	 9.9793e-01
	 nan	9.0351	0.99867	 1.1765e+01	 1.0004e+00	 3.4569e+00	 9.9782e-01
	 nan	9.0416	0.99939	 1.1773e+01	 1.0004e+00	 3.4544e+00	 9.9760e-01
	 nan	9.048	0.9985	 1.1781e+01	 1.0004e+00	 3.4519e+00	 9.9874e-01
	 nan	9.0545	0.99807	 1.1790e+01	 1.0005e+00	 3.4493e+00	 9.9782e-01
	 nan	9.061	0.99854	 1.1798e+01	 1.0005e+00	 3.4468e+00	 9.9801e-01
	 nan	9.0674	0.99817	 1.1807e+01	 1.0005e+00	 3.4443e+00	 9.9672e-01
	 nan	9.0739	0.99963	 1.1815e+01	 1.0006e+00	 3.4417e+00	 9.9827e-01
	 nan	9.0804	0.9988	 1.1823e+01	 1.0006e+00	 3.4392e+00	 9.9786e-01
	 nan	9.0869	0.99949	 1.1832e+01	 1.0006e+00	 3.4367e+00	 9.9782e-01
	 nan	9.0934	0.99821	 1.1840e+01	 1.0006e+00	 3.4342e+00	 9.9768e-01
	 nan	9.0999	0.99863	 1.1848e+01	 1.0005e+00	 3.4316e+00	 9.9723e-01
	 nan	9.1064	0.9985	 1.1857e+01	 1.0005e+00	 3.4291e+00	 9.9823e-01
	 nan	9.1129	0.99844	 1.1865e+01	 1.0005e+00	 3.4266e+00	 9.9749e-01
	 nan	9.1194	0.9992	 1.1874e+01	 1.0005e+00	 3.4241e+00	 9.9885e-01
	 nan	9.1259	0.99817	 1.1882e+01	 1.0005e+00	 3.4216e+00	 9.9709e-01
	 nan	9.1324	0.9991	 1.1890e+01	 1.0005e+00	 3.4191e+00	 9.9764e-01
	 nan	9.1389	0.99834	 1.1899e+01	 1.0005e+00	 3.4165e+00	 9.9749e-01
	 nan	9.1454	0.99926	 1.1907e+01	 1.0004e+00	 3.4140e+00	 9.9782e-01
	 nan	9.152	0.99814	 1.1916e+01	 1.0004e+00	 3.4115e+00	 9.9812e-01
	 nan	9.1585	0.99873	 1.1924e+01	 1.0004e+00	 3.4090e+00	 9.9749e-01
	 nan	9.165	0.9986	 1.1933e+01	 1.0004e+00	 3.4065e+00	 9.9845e-01
	 nan	9.1716	0.99827	 1.1941e+01	 1.0004e+00	 3.4040e+00	 9.9679e-01
	 nan	9.1781	0.99906	 1.1950e+01	 1.0002e+00	 3.4015e+00	 9.9841e-01
	 nan	9.1847	0.99817	 1.1958e+01	 1.0002e+00	 3.3990e+00	 9.9771e-01
	 nan	9.1912	0.9991	 1.1966e+01	 1.0002e+00	 3.3965e+00	 9.9815e-01
	 nan	9.1978	0.99797	 1.1975e+01	 1.0002e+00	 3.3940e+00	 9.9782e-01
	 nan	9.2043	0.9991	 1.1983e+01	 1.0003e+00	 3.3915e+00	 9.9760e-01
	 nan	9.2109	0.99857	 1.1992e+01	 1.0003e+00	 3.3890e+00	 9.9790e-01
	 nan	9.2175	0.99877	 1.2000e+01	 1.0003e+00	 3.3866e+00	 9.9720e-01
	 nan	9.2241	0.99883	 1.2009e+01	 1.0004e+00	 3.3841e+00	 9.9830e-01
	 nan	9.2306	0.99814	 1.2017e+01	 1.0004e+00	 3.3816e+00	 9.9683e-01
	 nan	9.2372	0.99926	 1.2026e+01	 1.0004e+00	 3.3791e+00	 9.9852e-01
	 nan	9.2438	0.99837	 1.2034e+01	 1.0004e+00	 3.3766e+00	 9.9760e-01
	 nan	9.2504	0.99946	 1.2043e+01	 1.0004e+00	 3.3742e+00	 9.9797e-01
	 nan	9.257	0.9986	 1.2051e+01	 1.0004e+00	 3.3717e+00	 9.9790e-01
	 nan	9.2636	0.99923	 1.2060e+01	 1.0003e+00	 3.3692e+00	 9.9742e-01
	 nan	9.2702	0.99821	 1.2069e+01	 1.0001e+00	 3.3667e+00	 9.9801e-01
	 nan	9.2768	0.99834	 1.2077e+01	 9.9999e-01	 3.3643e+00	 9.9712e-01
	 nan	9.2834	0.99936	 1.2086e+01	 9.9989e-01	 3.3618e+00	 9.9845e-01
	 nan	9.29	0.99873	 1.2094e+01	 9.9993e-01	 3.3593e+00	 9.9734e-01
	 nan	9.2967	0.9989	 1.2103e+01	 1.0000e+00	 3.3569e+00	 9.9849e-01
	 nan	9.3033	0.99771	 1.2111e+01	 1.0002e+00	 3.3544e+00	 9.9745e-01
	 nan	9.3099	0.99943	 1.2120e+01	 1.0003e+00	 3.3520e+00	 9.9760e-01
	 nan	9.3166	0.99877	 1.2128e+01	 1.0003e+00	 3.3495e+00	 9.9849e-01
	 nan	9.3232	0.999	 1.2137e+01	 1.0003e+00	 3.3470e+00	 9.9786e-01
	 nan	9.3299	0.99877	 1.2146e+01	 1.0003e+00	 3.3446e+00	 9.9852e-01
	 nan	9.3366	0.99873	 1.2154e+01	 1.0003e+00	 3.3421e+00	 9.9709e-01
	 nan	9.3432	0.99936	 1.2163e+01	 1.0003e+00	 3.3397e+00	 9.9771e-01
	 nan	9.3499	0.9986	 1.2171e+01	 1.0003e+00	 3.3372e+00	 9.9664e-01
	 nan	9.3565	0.99972	 1.2180e+01	 1.0004e+00	 3.3348e+00	 9.9801e-01
	 nan	9.3632	0.99824	 1.2189e+01	 1.0004e+00	 3.3323e+00	 9.9786e-01
	 nan	9.3699	0.99906	 1.2197e+01	 1.0004e+00	 3.3299e+00	 9.9779e-01
	 nan	9.3766	0.99821	 1.2206e+01	 1.0004e+00	 3.3274e+00	 9.9812e-01
	 nan	9.3832	0.99817	 1.2215e+01	 1.0004e+00	 3.3250e+00	 9.9734e-01
	 nan	9.3899	0.9986	 1.2223e+01	 1.0004e+00	 3.3226e+00	 9.9830e-01
	 nan	9.3966	0.99877	 1.2232e+01	 1.0004e+00	 3.3201e+00	 9.9709e-01
	 nan	9.4033	0.9992	 1.2240e+01	 1.0004e+00	 3.3177e+00	 9.9849e-01
	 nan	9.41	0.99791	 1.2249e+01	 1.0004e+00	 3.3152e+00	 9.9757e-01
	 nan	9.4167	0.99939	 1.2258e+01	 1.0004e+00	 3.3128e+00	 9.9823e-01
	 nan	9.4234	0.99857	 1.2266e+01	 1.0004e+00	 3.3104e+00	 9.9827e-01
	 nan	9.4302	0.99939	 1.2275e+01	 1.0003e+00	 3.3079e+00	 9.9786e-01
	 nan	9.4369	0.99867	 1.2284e+01	 1.0002e+00	 3.3055e+00	 9.9812e-01
	 nan	9.4436	0.9989	 1.2292e+01	 1.0003e+00	 3.3031e+00	 9.9694e-01
	 nan	9.4503	0.99926	 1.2301e+01	 1.0003e+00	 3.3007e+00	 9.9804e-01
	 nan	9.4571	0.99847	 1.2310e+01	 1.0004e+00	 3.2982e+00	 9.9683e-01
	 nan	9.4638	0.99943	 1.2319e+01	 1.0004e+00	 3.2958e+00	 9.9819e-01
	 nan	9.4706	0.99867	 1.2327e+01	 1.0004e+00	 3.2934e+00	 9.9712e-01
	 nan	9.4773	0.99969	 1.2336e+01	 1.0003e+00	 3.2910e+00	 9.9749e-01
	 nan	9.4841	0.9988	 1.2345e+01	 1.0003e+00	 3.2886e+00	 9.9804e-01
	 nan	9.4908	0.99923	 1.2353e+01	 1.0004e+00	 3.2861e+00	 9.9782e-01
	 nan	9.4976	0.9986	 1.2362e+01	 1.0004e+00	 3.2837e+00	 9.9812e-01
	 nan	9.5043	0.99873	 1.2371e+01	 1.0005e+00	 3.2813e+00	 9.9672e-01
	 nan	9.5111	0.99943	 1.2380e+01	 1.0005e+00	 3.2789e+00	 9.9815e-01
	 nan	9.5179	0.99873	 1.2388e+01	 1.0005e+00	 3.2765e+00	 9.9720e-01
	 nan	9.5246	0.99953	 1.2397e+01	 1.0004e+00	 3.2741e+00	 9.9768e-01
	 nan	9.5314	0.99817	 1.2406e+01	 1.0004e+00	 3.2717e+00	 9.9742e-01
	 nan	9.5382	1.0	 1.2415e+01	 1.0003e+00	 3.2693e+00	 9.9812e-01
	 nan	9.545	0.99926	 1.2423e+01	 1.0003e+00	 3.2669e+00	 9.9786e-01
	 nan	9.5518	0.99903	 1.2432e+01	 1.0003e+00	 3.2645e+00	 9.9712e-01
	 nan	9.5586	0.99897	 1.2441e+01	 1.0004e+00	 3.2621e+00	 9.9815e-01
	 nan	9.5654	0.9989	 1.2450e+01	 1.0004e+00	 3.2597e+00	 9.9731e-01
	 nan	9.5722	0.99933	 1.2458e+01	 1.0004e+00	 3.2574e+00	 9.9878e-01
	 nan	9.5791	0.9983	 1.2467e+01	 1.0004e+00	 3.2550e+00	 9.9764e-01
	 nan	9.5859	0.9993	 1.2476e+01	 1.0004e+00	 3.2526e+00	 9.9830e-01
	 nan	9.5927	0.99801	 1.2485e+01	 1.0005e+00	 3.2502e+00	 9.9804e-01
	 nan	9.5996	0.99943	 1.2494e+01	 1.0005e+00	 3.2478e+00	 9.9775e-01
	 nan	9.6064	0.99903	 1.2502e+01	 1.0005e+00	 3.2454e+00	 9.9804e-01
	 nan	9.6132	0.9992	 1.2511e+01	 1.0006e+00	 3.2430e+00	 9.9738e-01
	 nan	9.6201	0.99897	 1.2520e+01	 1.0006e+00	 3.2406e+00	 9.9863e-01
	 nan	9.6269	0.9985	 1.2529e+01	 1.0005e+00	 3.2383e+00	 9.9745e-01
	 nan	9.6338	0.99953	 1.2538e+01	 1.0004e+00	 3.2359e+00	 9.9889e-01
	 nan	9.6406	0.99824	 1.2547e+01	 1.0003e+00	 3.2335e+00	 9.9771e-01
	 nan	9.6475	0.99923	 1.2556e+01	 1.0002e+00	 3.2311e+00	 9.9764e-01
	 nan	9.6544	0.99844	 1.2564e+01	 1.0003e+00	 3.2288e+00	 9.9679e-01
	 nan	9.6612	0.99893	 1.2573e+01	 1.0003e+00	 3.2264e+00	 9.9720e-01
	 nan	9.6681	0.9984	 1.2582e+01	 1.0003e+00	 3.2240e+00	 9.9823e-01
	 nan	9.675	0.9989	 1.2591e+01	 1.0003e+00	 3.2217e+00	 9.9727e-01
	 nan	9.6819	0.99916	 1.2600e+01	 1.0003e+00	 3.2193e+00	 9.9856e-01
	 nan	9.6888	0.9985	 1.2609e+01	 1.0003e+00	 3.2169e+00	 9.9709e-01
	 nan	9.6957	0.99943	 1.2618e+01	 1.0003e+00	 3.2146e+00	 9.9786e-01
	 nan	9.7026	0.99811	 1.2627e+01	 1.0004e+00	 3.2122e+00	 9.9712e-01
	 nan	9.7095	0.99949	 1.2635e+01	 1.0004e+00	 3.2099e+00	 9.9801e-01
	 nan	9.7164	0.99863	 1.2644e+01	 1.0005e+00	 3.2075e+00	 9.9808e-01
	 nan	9.7234	0.99953	 1.2653e+01	 1.0005e+00	 3.2052e+00	 9.9738e-01
	 nan	9.7303	0.99903	 1.2662e+01	 1.0004e+00	 3.2028e+00	 9.9830e-01
	 nan	9.7372	0.99854	 1.2671e+01	 1.0004e+00	 3.2005e+00	 9.9698e-01
	 nan	9.7441	0.99913	 1.2680e+01	 1.0004e+00	 3.1981e+00	 9.9838e-01
	 nan	9.7511	0.99837	 1.2689e+01	 1.0006e+00	 3.1958e+00	 9.9801e-01
	 nan	9.758	0.99956	 1.2698e+01	 1.0006e+00	 3.1934e+00	 9.9860e-01
	 nan	9.7649	0.99837	 1.2707e+01	 1.0007e+00	 3.1911e+00	 9.9734e-01
	 nan	9.7719	0.99943	 1.2716e+01	 1.0006e+00	 3.1888e+00	 9.9779e-01
	 nan	9.7789	0.99903	 1.2725e+01	 1.0006e+00	 3.1864e+00	 9.9801e-01
	 nan	9.7858	0.99986	 1.2734e+01	 1.0005e+00	 3.1841e+00	 9.9738e-01
	 nan	9.7928	0.99972	 1.2743e+01	 1.0005e+00	 3.1818e+00	 9.9863e-01
	 nan	9.7998	0.9991	 1.2752e+01	 1.0004e+00	 3.1794e+00	 9.9764e-01
	 nan	9.8068	0.99943	 1.2761e+01	 1.0004e+00	 3.1771e+00	 9.9863e-01
	 nan	9.8137	0.99854	 1.2770e+01	 1.0005e+00	 3.1748e+00	 9.9738e-01
	 nan	9.8207	0.99986	 1.2779e+01	 1.0005e+00	 3.1724e+00	 9.9849e-01
	 nan	9.8277	0.99893	 1.2788e+01	 1.0006e+00	 3.1701e+00	 9.9815e-01
	 nan	9.8347	0.99956	 1.2797e+01	 1.0005e+00	 3.1678e+00	 9.9742e-01
	 nan	9.8417	0.99863	 1.2806e+01	 1.0005e+00	 3.1655e+00	 9.9779e-01
	 nan	9.8487	0.99903	 1.2815e+01	 1.0005e+00	 3.1631e+00	 9.9712e-01
	 nan	9.8557	0.99906	 1.2824e+01	 1.0004e+00	 3.1608e+00	 9.9852e-01
	 nan	9.8627	0.99827	 1.2833e+01	 1.0004e+00	 3.1585e+00	 9.9749e-01
	 nan	9.8697	0.99946	 1.2842e+01	 1.0004e+00	 3.1562e+00	 9.9819e-01
	 nan	9.8768	0.9986	 1.2851e+01	 1.0005e+00	 3.1539e+00	 9.9694e-01
	 nan	9.8838	0.99963	 1.2860e+01	 1.0005e+00	 3.1516e+00	 9.9801e-01
	 nan	9.8908	0.99857	 1.2869e+01	 1.0006e+00	 3.1493e+00	 9.9808e-01
	 nan	9.8979	0.99949	 1.2878e+01	 1.0006e+00	 3.1470e+00	 9.9753e-01
	 nan	9.9049	0.9989	 1.2887e+01	 1.0005e+00	 3.1446e+00	 9.9849e-01
	 nan	9.912	0.99887	 1.2896e+01	 1.0005e+00	 3.1423e+00	 9.9753e-01
	 nan	9.919	0.99906	 1.2905e+01	 1.0005e+00	 3.1400e+00	 9.9882e-01
	 nan	9.9261	0.9985	 1.2914e+01	 1.0005e+00	 3.1377e+00	 9.9771e-01
	 nan	9.9332	0.99963	 1.2923e+01	 1.0004e+00	 3.1354e+00	 9.9867e-01
	 nan	9.9402	0.9987	 1.2933e+01	 1.0004e+00	 3.1331e+00	 9.9742e-01
	 nan	9.9473	0.99956	 1.2942e+01	 1.0003e+00	 3.1308e+00	 9.9768e-01
	 nan	9.9544	0.99854	 1.2951e+01	 1.0004e+00	 3.1285e+00	 9.9793e-01
	 nan	9.9615	0.99939	 1.2960e+01	 1.0004e+00	 3.1263e+00	 9.9723e-01
	 nan	9.9685	0.99897	 1.2969e+01	 1.0004e+00	 3.1240e+00	 9.9827e-01
	 nan	9.9756	0.99873	 1.2978e+01	 1.0005e+00	 3.1217e+00	 9.9775e-01
	 nan	9.9827	0.99939	 1.2987e+01	 1.0005e+00	 3.1194e+00	 9.9893e-01
	 nan	9.9898	0.99897	 1.2996e+01	 1.0006e+00	 3.1171e+00	 9.9745e-01
	 nan	9.9969	0.99992	 1.3006e+01	 1.0007e+00	 3.1148e+00	 9.9863e-01
	 nan	10.004	0.9987	 1.3015e+01	 1.0007e+00	 3.1125e+00	 9.9793e-01
	 nan	10.011	0.99989	 1.3024e+01	 1.0007e+00	 3.1102e+00	 9.9786e-01
	 nan	10.018	0.999	 1.3033e+01	 1.0007e+00	 3.1080e+00	 9.9834e-01
	 nan	10.025	0.99949	 1.3042e+01	 1.0006e+00	 3.1057e+00	 9.9782e-01
	 nan	10.033	0.99966	 1.3051e+01	 1.0005e+00	 3.1034e+00	 9.9830e-01
	 nan	10.04	0.99916	 1.3061e+01	 1.0005e+00	 3.1011e+00	 9.9683e-01
	 nan	10.047	0.99943	 1.3070e+01	 1.0004e+00	 3.0989e+00	 9.9863e-01
	 nan	10.054	0.99863	 1.3079e+01	 1.0004e+00	 3.0966e+00	 9.9720e-01
	 nan	10.061	1.0001	 1.3088e+01	 1.0005e+00	 3.0943e+00	 9.9779e-01
	 nan	10.068	0.99857	 1.3097e+01	 1.0005e+00	 3.0921e+00	 9.9782e-01
	 nan	10.075	0.99946	 1.3107e+01	 1.0006e+00	 3.0898e+00	 9.9760e-01
	 nan	10.083	0.999	 1.3116e+01	 1.0005e+00	 3.0875e+00	 9.9790e-01
	 nan	10.09	0.9991	 1.3125e+01	 1.0005e+00	 3.0853e+00	 9.9705e-01
	 nan	10.097	0.99969	 1.3134e+01	 1.0005e+00	 3.0830e+00	 9.9834e-01
	 nan	10.104	0.99877	 1.3143e+01	 1.0005e+00	 3.0807e+00	 9.9709e-01
	 nan	10.111	0.99936	 1.3153e+01	 1.0005e+00	 3.0785e+00	 9.9841e-01
	 nan	10.118	0.99863	 1.3162e+01	 1.0005e+00	 3.0762e+00	 9.9731e-01
	 nan	10.126	0.99969	 1.3171e+01	 1.0005e+00	 3.0739e+00	 9.9745e-01
	 nan	10.133	0.9988	 1.3180e+01	 1.0004e+00	 3.0717e+00	 9.9782e-01
	 nan	10.14	0.99996	 1.3190e+01	 1.0004e+00	 3.0694e+00	 9.9745e-01
	 nan	10.147	0.99956	 1.3199e+01	 1.0004e+00	 3.0672e+00	 9.9852e-01
	 nan	10.154	0.99939	 1.3208e+01	 1.0004e+00	 3.0649e+00	 9.9731e-01
	 nan	10.162	0.99956	 1.3218e+01	 1.0005e+00	 3.0627e+00	 9.9830e-01
	 nan	10.169	0.9989	 1.3227e+01	 1.0006e+00	 3.0604e+00	 9.9764e-01
	 nan	10.176	0.99999	 1.3236e+01	 1.0007e+00	 3.0582e+00	 9.9871e-01
	 nan	10.183	0.99906	 1.3245e+01	 1.0007e+00	 3.0560e+00	 9.9782e-01
	 nan	10.191	0.99966	 1.3255e+01	 1.0006e+00	 3.0537e+00	 9.9782e-01
	 nan	10.198	0.999	 1.3264e+01	 1.0006e+00	 3.0515e+00	 9.9801e-01
	 nan	10.205	0.99989	 1.3273e+01	 1.0006e+00	 3.0492e+00	 9.9705e-01
	 nan	10.212	0.99946	 1.3283e+01	 1.0006e+00	 3.0470e+00	 9.9793e-01
	 nan	10.22	0.999	 1.3292e+01	 1.0007e+00	 3.0448e+00	 9.9701e-01
	 nan	10.227	0.99953	 1.3301e+01	 1.0007e+00	 3.0425e+00	 9.9852e-01
	 nan	10.234	0.99883	 1.3311e+01	 1.0007e+00	 3.0403e+00	 9.9749e-01
	 nan	10.241	0.99992	 1.3320e+01	 1.0006e+00	 3.0381e+00	 9.9823e-01
	 nan	10.249	0.9986	 1.3329e+01	 1.0005e+00	 3.0358e+00	 9.9808e-01
	 nan	10.256	0.99959	 1.3339e+01	 1.0004e+00	 3.0336e+00	 9.9819e-01
	 nan	10.263	0.99887	 1.3348e+01	 1.0005e+00	 3.0314e+00	 9.9860e-01
	 nan	10.271	0.99933	 1.3357e+01	 1.0006e+00	 3.0291e+00	 9.9793e-01
	 nan	10.278	0.99936	 1.3367e+01	 1.0006e+00	 3.0269e+00	 9.9904e-01
	 nan	10.285	0.99906	 1.3376e+01	 1.0006e+00	 3.0247e+00	 9.9775e-01
	 nan	10.292	0.99989	 1.3386e+01	 1.0006e+00	 3.0225e+00	 9.9878e-01
	 nan	10.3	0.99877	 1.3395e+01	 1.0006e+00	 3.0203e+00	 9.9745e-01
	 nan	10.307	0.99996	 1.3404e+01	 1.0005e+00	 3.0180e+00	 9.9779e-01
	 nan	10.314	0.9989	 1.3414e+01	 1.0005e+00	 3.0158e+00	 9.9815e-01
	 nan	10.322	0.99959	 1.3423e+01	 1.0004e+00	 3.0136e+00	 9.9812e-01
	 nan	10.329	0.99887	 1.3433e+01	 1.0004e+00	 3.0114e+00	 9.9834e-01
	 nan	10.336	0.9992	 1.3442e+01	 1.0004e+00	 3.0092e+00	 9.9738e-01
	 nan	10.344	0.99963	 1.3452e+01	 1.0005e+00	 3.0070e+00	 9.9834e-01
	 nan	10.351	0.9992	 1.3461e+01	 1.0006e+00	 3.0048e+00	 9.9690e-01
	 nan	10.358	1.0003	 1.3470e+01	 1.0006e+00	 3.0026e+00	 9.9834e-01
	 nan	10.366	0.999	 1.3480e+01	 1.0007e+00	 3.0004e+00	 9.9727e-01
	 nan	10.373	0.99986	 1.3489e+01	 1.0006e+00	 2.9982e+00	 9.9771e-01
	 nan	10.381	0.99887	 1.3499e+01	 1.0006e+00	 2.9960e+00	 9.9793e-01
	 nan	10.388	0.99982	 1.3508e+01	 1.0005e+00	 2.9938e+00	 9.9786e-01
	 nan	10.395	0.99956	 1.3518e+01	 1.0006e+00	 2.9916e+00	 9.9845e-01
	 nan	10.403	0.99946	 1.3527e+01	 1.0006e+00	 2.9894e+00	 9.9731e-01
	 nan	10.41	0.99976	 1.3537e+01	 1.0007e+00	 2.9872e+00	 9.9867e-01
	 nan	10.417	0.9988	 1.3546e+01	 1.0007e+00	 2.9850e+00	 9.9731e-01
	 nan	10.425	0.99996	 1.3556e+01	 1.0006e+00	 2.9828e+00	 9.9801e-01
	 nan	10.432	0.99883	 1.3565e+01	 1.0005e+00	 2.9806e+00	 9.9742e-01
	 nan	10.44	0.99986	 1.3575e+01	 1.0004e+00	 2.9784e+00	 9.9830e-01
	 nan	10.447	0.9991	 1.3584e+01	 1.0004e+00	 2.9762e+00	 9.9878e-01
	 nan	10.454	0.99979	 1.3594e+01	 1.0004e+00	 2.9740e+00	 9.9745e-01
	 nan	10.462	0.99939	 1.3603e+01	 1.0005e+00	 2.9718e+00	 9.9812e-01
	 nan	10.469	0.9992	 1.3613e+01	 1.0005e+00	 2.9697e+00	 9.9727e-01
	 nan	10.477	0.99982	 1.3622e+01	 1.0005e+00	 2.9675e+00	 9.9863e-01
	 nan	10.484	0.99913	 1.3632e+01	 1.0006e+00	 2.9653e+00	 9.9786e-01
	 nan	10.492	1.0002	 1.3641e+01	 1.0007e+00	 2.9631e+00	 9.9863e-01
	 nan	10.499	0.9986	 1.3651e+01	 1.0009e+00	 2.9610e+00	 9.9797e-01
	 nan	10.507	0.99963	 1.3661e+01	 1.0009e+00	 2.9588e+00	 9.9808e-01
	 nan	10.514	0.99923	 1.3670e+01	 1.0009e+00	 2.9566e+00	 9.9815e-01
	 nan	10.521	0.99992	 1.3680e+01	 1.0008e+00	 2.9544e+00	 9.9701e-01
	 nan	10.529	0.99966	 1.3689e+01	 1.0007e+00	 2.9523e+00	 9.9830e-01
	 nan	10.536	0.9991	 1.3699e+01	 1.0007e+00	 2.9501e+00	 9.9672e-01
	 nan	10.544	1.0005	 1.3708e+01	 1.0006e+00	 2.9479e+00	 9.9786e-01
	 nan	10.551	0.99933	 1.3718e+01	 1.0007e+00	 2.9458e+00	 9.9727e-01
	 nan	10.559	1.0003	 1.3728e+01	 1.0007e+00	 2.9436e+00	 9.9804e-01
	 nan	10.566	0.9993	 1.3737e+01	 1.0007e+00	 2.9414e+00	 9.9764e-01
	 nan	10.574	0.99989	 1.3747e+01	 1.0006e+00	 2.9393e+00	 9.9757e-01
	 nan	10.581	0.99887	 1.3757e+01	 1.0006e+00	 2.9371e+00	 9.9834e-01
	 nan	10.589	0.99913	 1.3766e+01	 1.0006e+00	 2.9349e+00	 9.9727e-01
	 nan	10.596	0.99989	 1.3776e+01	 1.0006e+00	 2.9328e+00	 9.9849e-01
	 nan	10.604	0.99949	 1.3785e+01	 1.0006e+00	 2.9306e+00	 9.9745e-01
	 nan	10.611	1.0001	 1.3795e+01	 1.0005e+00	 2.9285e+00	 9.9838e-01
	 nan	10.619	0.99913	 1.3805e+01	 1.0005e+00	 2.9263e+00	 9.9720e-01
	 nan	10.626	0.99999	 1.3814e+01	 1.0005e+00	 2.9242e+00	 9.9779e-01
	 nan	10.634	0.99933	 1.3824e+01	 1.0006e+00	 2.9220e+00	 9.9764e-01
	 nan	10.641	1.0003	 1.3834e+01	 1.0006e+00	 2.9199e+00	 9.9731e-01
	 nan	10.649	0.99946	 1.3843e+01	 1.0005e+00	 2.9177e+00	 9.9874e-01
	 nan	10.657	0.99913	 1.3853e+01	 1.0005e+00	 2.9156e+00	 9.9757e-01
	 nan	10.664	0.99979	 1.3863e+01	 1.0004e+00	 2.9135e+00	 9.9849e-01
	 nan	10.672	0.9989	 1.3873e+01	 1.0004e+00	 2.9113e+00	 9.9753e-01
	 nan	10.679	0.99986	 1.3882e+01	 1.0005e+00	 2.9092e+00	 9.9871e-01
	 nan	10.687	0.99959	 1.3892e+01	 1.0005e+00	 2.9071e+00	 9.9760e-01
	 nan	10.694	1.0005	 1.3902e+01	 1.0006e+00	 2.9049e+00	 9.9760e-01
	 nan	10.702	0.99883	 1.3911e+01	 1.0006e+00	 2.9028e+00	 9.9790e-01
	 nan	10.71	0.99953	 1.3921e+01	 1.0006e+00	 2.9007e+00	 9.9745e-01
	 nan	10.717	1.0001	 1.3931e+01	 1.0006e+00	 2.8985e+00	 9.9871e-01
	 nan	10.725	0.99959	 1.3941e+01	 1.0006e+00	 2.8964e+00	 9.9790e-01
	 nan	10.732	1.0001	 1.3950e+01	 1.0007e+00	 2.8943e+00	 9.9915e-01
	 nan	10.74	0.9992	 1.3960e+01	 1.0008e+00	 2.8921e+00	 9.9749e-01
	 nan	10.748	1.0002	 1.3970e+01	 1.0008e+00	 2.8900e+00	 9.9808e-01
	 nan	10.755	0.99923	 1.3980e+01	 1.0008e+00	 2.8879e+00	 9.9786e-01
	 nan	10.763	1.0005	 1.3989e+01	 1.0008e+00	 2.8858e+00	 9.9786e-01
	 nan	10.77	0.99963	 1.3999e+01	 1.0008e+00	 2.8837e+00	 9.9838e-01
	 nan	10.778	0.99972	 1.4009e+01	 1.0007e+00	 2.8815e+00	 9.9775e-01
	 nan	10.786	0.99976	 1.4019e+01	 1.0007e+00	 2.8794e+00	 9.9904e-01
	 nan	10.793	0.99926	 1.4029e+01	 1.0007e+00	 2.8773e+00	 9.9753e-01
	 nan	10.801	1.0004	 1.4038e+01	 1.0006e+00	 2.8752e+00	 9.9860e-01
	 nan	10.809	0.99943	 1.4048e+01	 1.0007e+00	 2.8731e+00	 9.9760e-01
	 nan	10.816	1.0002	 1.4058e+01	 1.0007e+00	 2.8710e+00	 9.9823e-01
	 nan	10.824	0.99936	 1.4068e+01	 1.0007e+00	 2.8689e+00	 9.9830e-01
	 nan	10.832	1.0002	 1.4078e+01	 1.0007e+00	 2.8668e+00	 9.9786e-01
	 nan	10.839	0.99956	 1.4087e+01	 1.0007e+00	 2.8647e+00	 9.9823e-01
	 nan	10.847	0.99976	 1.4097e+01	 1.0007e+00	 2.8626e+00	 9.9723e-01
	 nan	10.855	1.0001	 1.4107e+01	 1.0007e+00	 2.8605e+00	 9.9801e-01
	 nan	10.862	0.9991	 1.4117e+01	 1.0006e+00	 2.8584e+00	 9.9690e-01
	 nan	10.87	1.0002	 1.4127e+01	 1.0006e+00	 2.8563e+00	 9.9845e-01
	 nan	10.878	0.99906	 1.4137e+01	 1.0006e+00	 2.8542e+00	 9.9790e-01
	 nan	10.886	1.0001	 1.4147e+01	 1.0006e+00	 2.8521e+00	 9.9808e-01
	 nan	10.893	0.99903	 1.4157e+01	 1.0007e+00	 2.8500e+00	 9.9804e-01
	 nan	10.901	0.99996	 1.4166e+01	 1.0007e+00	 2.8479e+00	 9.9749e-01
	 nan	10.909	0.99986	 1.4176e+01	 1.0008e+00	 2.8458e+00	 9.9838e-01
	 nan	10.916	0.99982	 1.4186e+01	 1.0007e+00	 2.8437e+00	 9.9757e-01
	 nan	10.924	1.0002	 1.4196e+01	 1.0007e+00	 2.8416e+00	 9.9908e-01
	 nan	10.932	0.99959	 1.4206e+01	 1.0007e+00	 2.8395e+00	 9.9745e-01
	 nan	10.94	1.0008	 1.4216e+01	 1.0007e+00	 2.8374e+00	 9.9779e-01
	 nan	10.947	0.99926	 1.4226e+01	 1.0007e+00	 2.8354e+00	 9.9757e-01
	 nan	10.955	1.0001	 1.4236e+01	 1.0007e+00	 2.8333e+00	 9.9852e-01
	 nan	10.963	0.99923	 1.4246e+01	 1.0007e+00	 2.8312e+00	 9.9878e-01
	 nan	10.971	0.99959	 1.4256e+01	 1.0007e+00	 2.8291e+00	 9.9738e-01
	 nan	10.978	1.0	 1.4266e+01	 1.0008e+00	 2.8271e+00	 9.9867e-01
	 nan	10.986	0.99972	 1.4276e+01	 1.0008e+00	 2.8250e+00	 9.9749e-01
	 nan	10.994	1.0002	 1.4286e+01	 1.0008e+00	 2.8229e+00	 9.9830e-01
	 nan	11.002	0.999	 1.4295e+01	 1.0008e+00	 2.8208e+00	 9.9723e-01
	 nan	11.01	1.0001	 1.4305e+01	 1.0007e+00	 2.8188e+00	 9.9823e-01
	 nan	11.017	0.99943	 1.4315e+01	 1.0008e+00	 2.8167e+00	 9.9815e-01
	 nan	11.025	1.0007	 1.4325e+01	 1.0008e+00	 2.8146e+00	 9.9797e-01
	 nan	11.033	0.99986	 1.4335e+01	 1.0009e+00	 2.8126e+00	 9.9871e-01
	 nan	11.041	1.0	 1.4345e+01	 1.0009e+00	 2.8105e+00	 9.9790e-01
	 nan	11.049	0.99979	 1.4355e+01	 1.0009e+00	 2.8084e+00	 9.9849e-01
	 nan	11.056	0.999	 1.4365e+01	 1.0008e+00	 2.8064e+00	 9.9705e-01
	 nan	11.064	1.0004	 1.4375e+01	 1.0007e+00	 2.8043e+00	 9.9841e-01
	 nan	11.072	0.99969	 1.4385e+01	 1.0007e+00	 2.8023e+00	 9.9768e-01
	 nan	11.08	1.0007	 1.4395e+01	 1.0007e+00	 2.8002e+00	 9.9882e-01
	 nan	11.088	0.99953	 1.4405e+01	 1.0007e+00	 2.7982e+00	 9.9812e-01
	 nan	11.096	1.0003	 1.4415e+01	 1.0007e+00	 2.7961e+00	 9.9731e-01
	 nan	11.103	0.99963	 1.4425e+01	 1.0008e+00	 2.7940e+00	 9.9834e-01
	 nan	11.111	0.99972	 1.4436e+01	 1.0008e+00	 2.7920e+00	 9.9753e-01
	 nan	11.119	1.0003	 1.4446e+01	 1.0008e+00	 2.7899e+00	 9.9893e-01
	 nan	11.127	0.99963	 1.4456e+01	 1.0008e+00	 2.7879e+00	 9.9720e-01
	 nan	11.135	1.0007	 1.4466e+01	 1.0008e+00	 2.7858e+00	 9.9849e-01
	 nan	11.143	0.99956	 1.4476e+01	 1.0008e+00	 2.7838e+00	 9.9801e-01
	 nan	11.151	1.0006	 1.4486e+01	 1.0008e+00	 2.7818e+00	 9.9819e-01
	 nan	11.159	0.99989	 1.4496e+01	 1.0008e+00	 2.7797e+00	 9.9797e-01
	 nan	11.166	0.99999	 1.4506e+01	 1.0008e+00	 2.7777e+00	 9.9738e-01
	 nan	11.174	0.99963	 1.4516e+01	 1.0008e+00	 2.7756e+00	 9.9797e-01
	 nan	11.182	0.99949	 1.4526e+01	 1.0008e+00	 2.7736e+00	 9.9712e-01
	 nan	11.19	0.99972	 1.4537e+01	 1.0009e+00	 2.7716e+00	 9.9904e-01
	 nan	11.198	0.99936	 1.4547e+01	 1.0010e+00	 2.7695e+00	 9.9797e-01
	 nan	11.206	1.0008	 1.4557e+01	 1.0010e+00	 2.7675e+00	 9.9827e-01
	 nan	11.214	0.99946	 1.4567e+01	 1.0010e+00	 2.7655e+00	 9.9786e-01
	 nan	11.222	1.0003	 1.4577e+01	 1.0010e+00	 2.7634e+00	 9.9830e-01
	 nan	11.23	0.99979	 1.4587e+01	 1.0010e+00	 2.7614e+00	 9.9812e-01
	 nan	11.238	1.0004	 1.4597e+01	 1.0010e+00	 2.7594e+00	 9.9742e-01
	 nan	11.246	1.0	 1.4608e+01	 1.0009e+00	 2.7573e+00	 9.9860e-01
	 nan	11.254	0.99969	 1.4618e+01	 1.0009e+00	 2.7553e+00	 9.9753e-01
	 nan	11.262	1.0002	 1.4628e+01	 1.0008e+00	 2.7533e+00	 9.9900e-01
	 nan	11.27	0.99923	 1.4638e+01	 1.0008e+00	 2.7513e+00	 9.9753e-01
	 nan	11.277	1.0006	 1.4648e+01	 1.0008e+00	 2.7493e+00	 9.9812e-01
	 nan	11.286	0.99936	 1.4658e+01	 1.0009e+00	 2.7472e+00	 9.9841e-01
	 nan	11.294	1.0004	 1.4669e+01	 1.0010e+00	 2.7452e+00	 9.9838e-01
	 nan	11.301	0.99982	 1.4679e+01	 1.0010e+00	 2.7432e+00	 9.9830e-01
	 nan	11.309	0.99979	 1.4689e+01	 1.0010e+00	 2.7412e+00	 9.9768e-01
	 nan	11.317	0.99996	 1.4699e+01	 1.0009e+00	 2.7392e+00	 9.9889e-01
	 nan	11.325	0.99976	 1.4709e+01	 1.0009e+00	 2.7372e+00	 9.9738e-01
	 nan	11.333	1.0006	 1.4720e+01	 1.0008e+00	 2.7352e+00	 9.9834e-01
	 nan	11.341	0.99913	 1.4730e+01	 1.0008e+00	 2.7332e+00	 9.9760e-01
	 nan	11.349	1.0	 1.4740e+01	 1.0008e+00	 2.7312e+00	 9.9830e-01
	 nan	11.357	0.99939	 1.4750e+01	 1.0008e+00	 2.7292e+00	 9.9786e-01
	 nan	11.366	1.0006	 1.4761e+01	 1.0008e+00	 2.7272e+00	 9.9749e-01
	 nan	11.374	0.99996	 1.4771e+01	 1.0009e+00	 2.7252e+00	 9.9841e-01
	 nan	11.382	1.0001	 1.4781e+01	 1.0010e+00	 2.7232e+00	 9.9745e-01
	 nan	11.39	1.0006	 1.4792e+01	 1.0010e+00	 2.7212e+00	 9.9834e-01
	 nan	11.398	0.99982	 1.4802e+01	 1.0010e+00	 2.7192e+00	 9.9727e-01
	 nan	11.406	1.0012	 1.4812e+01	 1.0009e+00	 2.7172e+00	 9.9867e-01
	 nan	11.414	0.99972	 1.4822e+01	 1.0009e+00	 2.7152e+00	 9.9782e-01
	 nan	11.422	1.0002	 1.4833e+01	 1.0009e+00	 2.7132e+00	 9.9815e-01
	 nan	11.43	0.99936	 1.4843e+01	 1.0010e+00	 2.7112e+00	 9.9849e-01
	 nan	11.438	1.0007	 1.4853e+01	 1.0011e+00	 2.7092e+00	 9.9745e-01
	 nan	11.446	1.0003	 1.4864e+01	 1.0012e+00	 2.7072e+00	 9.9808e-01
	 nan	11.454	0.99953	 1.4874e+01	 1.0011e+00	 2.7053e+00	 9.9676e-01
	 nan	11.462	1.0002	 1.4884e+01	 1.0010e+00	 2.7033e+00	 9.9841e-01
	 nan	11.47	0.9992	 1.4895e+01	 1.0009e+00	 2.7013e+00	 9.9790e-01
	 nan	11.478	1.0009	 1.4905e+01	 1.0009e+00	 2.6993e+00	 9.9874e-01
	 nan	11.486	0.99969	 1.4915e+01	 1.0010e+00	 2.6973e+00	 9.9790e-01
	 nan	11.495	1.0003	 1.4926e+01	 1.0010e+00	 2.6953e+00	 9.9797e-01
	 nan	11.503	0.99966	 1.4936e+01	 1.0009e+00	 2.6934e+00	 9.9801e-01
	 nan	11.511	1.0004	 1.4946e+01	 1.0008e+00	 2.6914e+00	 9.9738e-01
	 nan	11.519	1.0006	 1.4957e+01	 1.0007e+00	 2.6894e+00	 9.9860e-01
	 nan	11.527	0.99999	 1.4967e+01	 1.0007e+00	 2.6875e+00	 9.9768e-01
	 nan	11.535	1.0005	 1.4978e+01	 1.0008e+00	 2.6855e+00	 9.9871e-01
	 nan	11.543	0.99976	 1.4988e+01	 1.0008e+00	 2.6835e+00	 9.9720e-01
	 nan	11.552	1.0009	 1.4998e+01	 1.0008e+00	 2.6816e+00	 9.9827e-01
	 nan	11.56	0.99989	 1.5009e+01	 1.0008e+00	 2.6796e+00	 9.9827e-01
	 nan	11.568	1.0008	 1.5019e+01	 1.0008e+00	 2.6776e+00	 9.9819e-01
	 nan	11.576	0.99982	 1.5030e+01	 1.0008e+00	 2.6757e+00	 9.9852e-01
	 nan	11.584	0.99979	 1.5040e+01	 1.0008e+00	 2.6737e+00	 9.9734e-01
	 nan	11.592	1.0003	 1.5050e+01	 1.0008e+00	 2.6717e+00	 9.9885e-01
	 nan	11.601	0.99972	 1.5061e+01	 1.0008e+00	 2.6698e+00	 9.9764e-01
	 nan	11.609	1.0009	 1.5071e+01	 1.0008e+00	 2.6678e+00	 9.9827e-01
	 nan	11.617	0.99959	 1.5082e+01	 1.0008e+00	 2.6659e+00	 9.9723e-01
	 nan	11.625	1.0007	 1.5092e+01	 1.0008e+00	 2.6639e+00	 9.9782e-01
	 nan	11.633	1.0001	 1.5103e+01	 1.0008e+00	 2.6620e+00	 9.9801e-01
	 nan	11.641	1.0005	 1.5113e+01	 1.0008e+00	 2.6600e+00	 9.9771e-01
	 nan	11.65	0.99989	 1.5124e+01	 1.0008e+00	 2.6581e+00	 9.9808e-01
	 nan	11.658	1.0	 1.5134e+01	 1.0009e+00	 2.6561e+00	 9.9698e-01
	 nan	11.666	1.0005	 1.5145e+01	 1.0009e+00	 2.6542e+00	 9.9834e-01
	 nan	11.674	0.99956	 1.5155e+01	 1.0009e+00	 2.6522e+00	 9.9753e-01
	 nan	11.683	1.0007	 1.5166e+01	 1.0009e+00	 2.6503e+00	 9.9867e-01
	 nan	11.691	0.99986	 1.5176e+01	 1.0010e+00	 2.6483e+00	 9.9779e-01
	 nan	11.699	1.0011	 1.5187e+01	 1.0011e+00	 2.6464e+00	 9.9786e-01
	 nan	11.707	1.0003	 1.5197e+01	 1.0012e+00	 2.6445e+00	 9.9804e-01
	 nan	11.716	1.0004	 1.5208e+01	 1.0012e+00	 2.6425e+00	 9.9782e-01
	 nan	11.724	1.0001	 1.5218e+01	 1.0011e+00	 2.6406e+00	 9.9874e-01
	 nan	11.732	0.99966	 1.5229e+01	 1.0010e+00	 2.6387e+00	 9.9698e-01
	 nan	11.74	1.0005	 1.5239e+01	 1.0009e+00	 2.6367e+00	 9.9834e-01
	 nan	11.749	0.99982	 1.5250e+01	 1.0010e+00	 2.6348e+00	 9.9815e-01
	 nan	11.757	1.0006	 1.5260e+01	 1.0010e+00	 2.6329e+00	 9.9882e-01
	 nan	11.765	0.99953	 1.5271e+01	 1.0011e+00	 2.6310e+00	 9.9764e-01
	 nan	11.774	1.0012	 1.5282e+01	 1.0011e+00	 2.6290e+00	 9.9808e-01
	 nan	11.782	1.0005	 1.5292e+01	 1.0011e+00	 2.6271e+00	 9.9885e-01
	 nan	11.79	1.0002	 1.5303e+01	 1.0011e+00	 2.6252e+00	 9.9771e-01
	 nan	11.799	1.0001	 1.5313e+01	 1.0010e+00	 2.6233e+00	 9.9827e-01
	 nan	11.807	1.0003	 1.5324e+01	 1.0010e+00	 2.6213e+00	 9.9723e-01
	 nan	11.815	1.0006	 1.5335e+01	 1.0010e+00	 2.6194e+00	 9.9871e-01
	 nan	11.823	0.99943	 1.5345e+01	 1.0010e+00	 2.6175e+00	 9.9812e-01
	 nan	11.832	1.0009	 1.5356e+01	 1.0010e+00	 2.6156e+00	 9.9933e-01
	 nan	11.84	0.99999	 1.5367e+01	 1.0010e+00	 2.6137e+00	 9.9852e-01
	 nan	11.848	1.001	 1.5377e+01	 1.0010e+00	 2.6118e+00	 9.9808e-01
	 nan	11.857	1.0006	 1.5388e+01	 1.0010e+00	 2.6098e+00	 9.9815e-01
	 nan	11.865	1.0004	 1.5398e+01	 1.0010e+00	 2.6079e+00	 9.9738e-01
	 nan	11.874	1.0002	 1.5409e+01	 1.0010e+00	 2.6060e+00	 9.9874e-01
	 nan	11.882	1.0002	 1.5420e+01	 1.0010e+00	 2.6041e+00	 9.9782e-01
	 nan	11.89	1.0012	 1.5430e+01	 1.0010e+00	 2.6022e+00	 9.9885e-01
	 nan	11.899	0.99969	 1.5441e+01	 1.0010e+00	 2.6003e+00	 9.9793e-01
	 nan	11.907	1.001	 1.5452e+01	 1.0010e+00	 2.5984e+00	 9.9860e-01
	 nan	11.915	1.0002	 1.5462e+01	 1.0010e+00	 2.5965e+00	 9.9808e-01
	 nan	11.924	1.0007	 1.5473e+01	 1.0011e+00	 2.5946e+00	 9.9779e-01
	 nan	11.932	1.0004	 1.5484e+01	 1.0011e+00	 2.5927e+00	 9.9893e-01
	 nan	11.941	1.0003	 1.5495e+01	 1.0012e+00	 2.5908e+00	 9.9779e-01
	 nan	11.949	1.0008	 1.5505e+01	 1.0011e+00	 2.5889e+00	 9.9900e-01
	 nan	11.957	1.0002	 1.5516e+01	 1.0012e+00	 2.5870e+00	 9.9742e-01
	 nan	11.966	1.0009	 1.5527e+01	 1.0012e+00	 2.5851e+00	 9.9838e-01
	 nan	11.974	0.99949	 1.5537e+01	 1.0013e+00	 2.5832e+00	 9.9764e-01
	 nan	11.983	1.001	 1.5548e+01	 1.0012e+00	 2.5813e+00	 9.9804e-01
	 nan	11.991	1.0005	 1.5559e+01	 1.0012e+00	 2.5794e+00	 9.9878e-01
	 nan	12.0	1.0008	 1.5570e+01	 1.0011e+00	 2.5776e+00	 9.9838e-01
	 nan	12.008	1.0007	 1.5580e+01	 1.0011e+00	 2.5757e+00	 9.9904e-01
	 nan	12.017	1.0006	 1.5591e+01	 1.0011e+00	 2.5738e+00	 9.9897e-01
	 nan	12.025	1.0012	 1.5602e+01	 1.0012e+00	 2.5719e+00	 9.9955e-01
	 nan	12.034	1.0001	 1.5613e+01	 1.0012e+00	 2.5700e+00	 9.9885e-01
	 nan	12.042	1.0011	 1.5624e+01	 1.0012e+00	 2.5681e+00	 9.9543e-01
	 nan	12.051	1.0006	 1.5634e+01	 1.0012e+00	 2.5663e+00	 9.9230e-01
	 nan	12.059	1.0011	 1.5645e+01	 1.0012e+00	 2.5644e+00	 9.9782e-01
	 nan	12.068	1.0006	 1.5656e+01	 1.0011e+00	 2.5625e+00	 9.9970e-01
	 nan	12.076	1.0013	 1.5667e+01	 1.0011e+00	 2.5606e+00	 9.9882e-01
	 nan	12.085	1.0009	 1.5678e+01	 1.0011e+00	 2.5587e+00	 9.9919e-01
	 nan	12.093	1.0001	 1.5688e+01	 1.0011e+00	 2.5569e+00	 9.9558e-01
	 nan	12.102	1.0009	 1.5699e+01	 1.0011e+00	 2.5550e+00	 9.9904e-01
	 nan	12.11	1.0003	 1.5710e+01	 1.0012e+00	 2.5531e+00	 9.9970e-01
	 nan	12.119	1.0011	 1.5721e+01	 1.0012e+00	 2.5512e+00	 9.9904e-01
	 nan	12.127	0.99972	 1.5732e+01	 1.0012e+00	 2.5494e+00	 9.9676e-01
	 nan	12.136	1.001	 1.5743e+01	 1.0012e+00	 2.5475e+00	 9.9679e-01
	 nan	12.144	1.0008	 1.5753e+01	 1.0011e+00	 2.5456e+00	 9.9561e-01
	 nan	12.153	1.0005	 1.5764e+01	 1.0011e+00	 2.5438e+00	 9.9602e-01
	 nan	12.161	1.0005	 1.5775e+01	 1.0010e+00	 2.5419e+00	 9.9967e-01
	 nan	12.17	1.0001	 1.5786e+01	 1.0011e+00	 2.5400e+00	 9.9801e-01
	 nan	12.178	1.0013	 1.5797e+01	 1.0012e+00	 2.5382e+00	 1.0008e+00
	 nan	12.187	0.99996	 1.5808e+01	 1.0012e+00	 2.5363e+00	 9.9797e-01
	 nan	12.196	1.001	 1.5819e+01	 1.0011e+00	 2.5345e+00	 9.9841e-01
	 nan	12.204	1.0002	 1.5830e+01	 1.0010e+00	 2.5326e+00	 1.0002e+00
	 nan	12.213	1.0009	 1.5841e+01	 1.0010e+00	 2.5307e+00	 9.9827e-01
	 nan	12.221	1.0007	 1.5851e+01	 1.0010e+00	 2.5289e+00	 9.9845e-01
	 nan	12.23	1.0005	 1.5862e+01	 1.0010e+00	 2.5270e+00	 9.9594e-01
	 nan	12.239	1.001	 1.5873e+01	 1.0011e+00	 2.5252e+00	 9.9727e-01
	 nan	12.247	0.99996	 1.5884e+01	 1.0012e+00	 2.5233e+00	 9.9687e-01
	 nan	12.256	1.0009	 1.5895e+01	 1.0012e+00	 2.5215e+00	 9.9838e-01
	 nan	12.264	1.0001	 1.5906e+01	 1.0013e+00	 2.5196e+00	 9.9768e-01
	 nan	12.273	1.0014	 1.5917e+01	 1.0013e+00	 2.5178e+00	 9.9738e-01
	 nan	12.282	1.0005	 1.5928e+01	 1.0014e+00	 2.5159e+00	 9.9712e-01
	 nan	12.29	1.0006	 1.5939e+01	 1.0013e+00	 2.5141e+00	 9.9716e-01
	 nan	12.299	1.0009	 1.5950e+01	 1.0012e+00	 2.5123e+00	 9.9981e-01
	 nan	12.308	1.0005	 1.5961e+01	 1.0011e+00	 2.5104e+00	 9.9768e-01
	 nan	12.316	1.001	 1.5972e+01	 1.0010e+00	 2.5086e+00	 9.9793e-01
	 nan	12.325	1.0004	 1.5983e+01	 1.0010e+00	 2.5067e+00	 9.9631e-01
	 nan	12.334	1.0016	 1.5994e+01	 1.0011e+00	 2.5049e+00	 9.9676e-01
	 nan	12.342	1.0003	 1.6005e+01	 1.0012e+00	 2.5031e+00	 9.9628e-01
	 nan	12.351	1.0006	 1.6016e+01	 1.0012e+00	 2.5012e+00	 9.9624e-01
	 nan	12.36	1.0	 1.6027e+01	 1.0013e+00	 2.4994e+00	 9.9834e-01
	 nan	12.368	1.001	 1.6038e+01	 1.0012e+00	 2.4976e+00	 9.9885e-01
	 nan	12.377	1.0013	 1.6049e+01	 1.0012e+00	 2.4958e+00	 1.0002e+00
	 nan	12.386	1.0001	 1.6060e+01	 1.0011e+00	 2.4939e+00	 9.9823e-01
	 nan	12.394	1.0009	 1.6071e+01	 1.0011e+00	 2.4921e+00	 9.9801e-01
	 nan	12.403	1.0004	 1.6082e+01	 1.0012e+00	 2.4903e+00	 9.9646e-01
	 nan	12.412	1.0016	 1.6093e+01	 1.0012e+00	 2.4884e+00	 9.9812e-01
	 nan	12.42	1.0005	 1.6105e+01	 1.0013e+00	 2.4866e+00	 9.9908e-01
	 nan	12.429	1.0013	 1.6116e+01	 1.0012e+00	 2.4848e+00	 9.9849e-01
	 nan	12.438	1.0007	 1.6127e+01	 1.0012e+00	 2.4830e+00	 9.9941e-01
	 nan	12.447	1.0007	 1.6138e+01	 1.0012e+00	 2.4811e+00	 9.9804e-01
	 nan	12.455	1.001	 1.6149e+01	 1.0012e+00	 2.4793e+00	 9.9893e-01
	 nan	12.464	1.0002	 1.6160e+01	 1.0012e+00	 2.4775e+00	 9.9793e-01
	 nan	12.473	1.0013	 1.6171e+01	 1.0011e+00	 2.4757e+00	 9.9919e-01
	 nan	12.482	1.0006	 1.6182e+01	 1.0010e+00	 2.4739e+00	 9.9790e-01
	 nan	12.49	1.0015	 1.6193e+01	 1.0010e+00	 2.4720e+00	 9.9797e-01
	 nan	12.499	1.0003	 1.6205e+01	 1.0010e+00	 2.4702e+00	 9.9823e-01
	 nan	12.508	1.0014	 1.6216e+01	 1.0010e+00	 2.4684e+00	 9.9687e-01
	 nan	12.517	1.0009	 1.6227e+01	 1.0012e+00	 2.4666e+00	 9.9863e-01
	 nan	12.526	1.0005	 1.6238e+01	 1.0013e+00	 2.4648e+00	 9.9797e-01
	 nan	12.534	1.0014	 1.6249e+01	 1.0014e+00	 2.4630e+00	 9.9867e-01
	 nan	12.543	1.001	 1.6260e+01	 1.0014e+00	 2.4612e+00	 9.9786e-01
	 nan	12.552	1.0016	 1.6272e+01	 1.0013e+00	 2.4594e+00	 9.9922e-01
	 nan	12.561	1.0005	 1.6283e+01	 1.0013e+00	 2.4576e+00	 9.9860e-01
	 nan	12.57	1.0017	 1.6294e+01	 1.0013e+00	 2.4558e+00	 9.9830e-01
	 nan	12.578	1.0005	 1.6305e+01	 1.0013e+00	 2.4540e+00	 9.9867e-01
	 nan	12.587	1.0007	 1.6316e+01	 1.0013e+00	 2.4522e+00	 9.9749e-01
	 nan	12.596	1.0011	 1.6328e+01	 1.0012e+00	 2.4504e+00	 9.9852e-01
	 nan	12.605	1.0007	 1.6339e+01	 1.0012e+00	 2.4486e+00	 9.9731e-01
	 nan	12.614	1.0012	 1.6350e+01	 1.0011e+00	 2.4468e+00	 9.9849e-01
	 nan	12.623	1.0002	 1.6361e+01	 1.0012e+00	 2.4450e+00	 9.9771e-01
	 nan	12.631	1.0013	 1.6372e+01	 1.0012e+00	 2.4432e+00	 9.9878e-01
	 nan	12.64	1.0006	 1.6384e+01	 1.0013e+00	 2.4414e+00	 9.9838e-01
	 nan	12.649	1.0015	 1.6395e+01	 1.0012e+00	 2.4396e+00	 9.9786e-01
	 nan	12.658	1.0013	 1.6406e+01	 1.0012e+00	 2.4378e+00	 9.9808e-01
	 nan	12.667	1.0013	 1.6417e+01	 1.0012e+00	 2.4360e+00	 9.9753e-01
	 nan	12.676	1.0009	 1.6429e+01	 1.0013e+00	 2.4342e+00	 9.9941e-01
	 nan	12.685	1.0003	 1.6440e+01	 1.0014e+00	 2.4324e+00	 9.9823e-01
	 nan	12.694	1.0013	 1.6451e+01	 1.0014e+00	 2.4306e+00	 9.9878e-01
	 nan	12.703	1.0004	 1.6463e+01	 1.0014e+00	 2.4288e+00	 9.9782e-01
	 nan	12.711	1.0017	 1.6474e+01	 1.0014e+00	 2.4271e+00	 9.9852e-01
	 nan	12.72	1.0007	 1.6485e+01	 1.0014e+00	 2.4253e+00	 9.9823e-01
	 nan	12.729	1.0016	 1.6497e+01	 1.0014e+00	 2.4235e+00	 9.9760e-01
	 nan	12.738	1.0012	 1.6508e+01	 1.0014e+00	 2.4217e+00	 9.9867e-01
	 nan	12.747	1.0009	 1.6519e+01	 1.0014e+00	 2.4199e+00	 9.9801e-01
	 nan	12.756	1.0014	 1.6530e+01	 1.0014e+00	 2.4182e+00	 9.9908e-01
	 nan	12.765	1.0012	 1.6542e+01	 1.0014e+00	 2.4164e+00	 9.9834e-01
	 nan	12.774	1.002	 1.6553e+01	 1.0015e+00	 2.4146e+00	 9.9926e-01
	 nan	12.783	1.0006	 1.6565e+01	 1.0016e+00	 2.4128e+00	 9.9812e-01
	 nan	12.792	1.0017	 1.6576e+01	 1.0016e+00	 2.4111e+00	 9.9786e-01
	 nan	12.801	1.0006	 1.6587e+01	 1.0016e+00	 2.4093e+00	 9.9819e-01
	 nan	12.81	1.0013	 1.6599e+01	 1.0014e+00	 2.4075e+00	 9.9823e-01
	 nan	12.819	1.0013	 1.6610e+01	 1.0013e+00	 2.4058e+00	 9.9915e-01
	 nan	12.828	1.0012	 1.6621e+01	 1.0012e+00	 2.4040e+00	 9.9804e-01
	 nan	12.837	1.0013	 1.6633e+01	 1.0012e+00	 2.4022e+00	 9.9893e-01
	 nan	12.846	1.0007	 1.6644e+01	 1.0012e+00	 2.4005e+00	 9.9760e-01
	 nan	12.855	1.0022	 1.6656e+01	 1.0012e+00	 2.3987e+00	 9.9871e-01
	 nan	12.864	1.0009	 1.6667e+01	 1.0013e+00	 2.3969e+00	 9.9827e-01
	 nan	12.873	1.0015	 1.6678e+01	 1.0013e+00	 2.3952e+00	 9.9834e-01
	 nan	12.882	1.0005	 1.6690e+01	 1.0012e+00	 2.3934e+00	 9.9841e-01
	 nan	12.891	1.0011	 1.6701e+01	 1.0012e+00	 2.3916e+00	 9.9790e-01
	 nan	12.9	1.0015	 1.6713e+01	 1.0012e+00	 2.3899e+00	 9.9911e-01
	 nan	12.909	1.0013	 1.6724e+01	 1.0013e+00	 2.3881e+00	 9.9779e-01
	 nan	12.918	1.0015	 1.6736e+01	 1.0013e+00	 2.3864e+00	 9.9867e-01
	 nan	12.927	1.0003	 1.6747e+01	 1.0014e+00	 2.3846e+00	 9.9745e-01
	 nan	12.936	1.0016	 1.6758e+01	 1.0015e+00	 2.3829e+00	 9.9852e-01
	 nan	12.945	1.0011	 1.6770e+01	 1.0016e+00	 2.3811e+00	 9.9804e-01
	 nan	12.954	1.0023	 1.6781e+01	 1.0017e+00	 2.3794e+00	 9.9742e-01
	 nan	12.963	1.0016	 1.6793e+01	 1.0017e+00	 2.3776e+00	 9.9786e-01
	 nan	12.972	1.0012	 1.6804e+01	 1.0016e+00	 2.3759e+00	 9.9749e-01
	 nan	12.981	1.0016	 1.6816e+01	 1.0015e+00	 2.3742e+00	 9.9919e-01
	 nan	12.991	1.0015	 1.6827e+01	 1.0013e+00	 2.3724e+00	 9.9797e-01
	 nan	13.0	1.0019	 1.6839e+01	 1.0012e+00	 2.3707e+00	 9.9926e-01
	 nan	13.009	1.0007	 1.6850e+01	 1.0013e+00	 2.3689e+00	 9.9782e-01
	 nan	13.018	1.0015	 1.6862e+01	 1.0013e+00	 2.3672e+00	 9.9819e-01
	 nan	13.027	1.0003	 1.6873e+01	 1.0014e+00	 2.3655e+00	 9.9823e-01
	 nan	13.036	1.0016	 1.6885e+01	 1.0014e+00	 2.3637e+00	 9.9786e-01
	 nan	13.045	1.0018	 1.6897e+01	 1.0014e+00	 2.3620e+00	 9.9882e-01
	 nan	13.054	1.0013	 1.6908e+01	 1.0014e+00	 2.3603e+00	 9.9760e-01
	 nan	13.063	1.0022	 1.6920e+01	 1.0014e+00	 2.3585e+00	 9.9878e-01
	 nan	13.073	1.0014	 1.6931e+01	 1.0014e+00	 2.3568e+00	 9.9768e-01
	 nan	13.082	1.0021	 1.6943e+01	 1.0014e+00	 2.3550e+00	 9.9849e-01
	 nan	13.091	1.0006	 1.6954e+01	 1.0014e+00	 2.3533e+00	 9.9771e-01
	 nan	13.1	1.0012	 1.6966e+01	 1.0014e+00	 2.3516e+00	 9.9823e-01
	 nan	13.109	1.0006	 1.6978e+01	 1.0014e+00	 2.3499e+00	 9.9838e-01
	 nan	13.118	1.0014	 1.6989e+01	 1.0014e+00	 2.3481e+00	 9.9738e-01
	 nan	13.128	1.0014	 1.7001e+01	 1.0015e+00	 2.3464e+00	 9.9849e-01
	 nan	13.137	1.0014	 1.7012e+01	 1.0016e+00	 2.3447e+00	 9.9797e-01
	 nan	13.146	1.0022	 1.7024e+01	 1.0016e+00	 2.3429e+00	 9.9926e-01
	 nan	13.155	1.0007	 1.7036e+01	 1.0016e+00	 2.3412e+00	 9.9815e-01
	 nan	13.164	1.0016	 1.7047e+01	 1.0016e+00	 2.3395e+00	 9.9849e-01
	 nan	13.174	1.0009	 1.7059e+01	 1.0015e+00	 2.3378e+00	 9.9782e-01
	 nan	13.183	1.0025	 1.7071e+01	 1.0015e+00	 2.3361e+00	 9.9804e-01
	 nan	13.192	1.0018	 1.7082e+01	 1.0014e+00	 2.3343e+00	 9.9893e-01
	 nan	13.201	1.002	 1.7094e+01	 1.0014e+00	 2.3326e+00	 9.9827e-01
	 nan	13.211	1.002	 1.7106e+01	 1.0014e+00	 2.3309e+00	 9.9926e-01
	 nan	13.22	1.0011	 1.7117e+01	 1.0014e+00	 2.3292e+00	 9.9804e-01
	 nan	13.229	1.0019	 1.7129e+01	 1.0014e+00	 2.3275e+00	 9.9882e-01
	 nan	13.238	1.001	 1.7141e+01	 1.0014e+00	 2.3258e+00	 9.9782e-01
	 nan	13.248	1.002	 1.7152e+01	 1.0014e+00	 2.3241e+00	 9.9838e-01
	 nan	13.257	1.0012	 1.7164e+01	 1.0014e+00	 2.3224e+00	 9.9808e-01
	 nan	13.266	1.0024	 1.7176e+01	 1.0015e+00	 2.3207e+00	 9.9834e-01
	 nan	13.275	1.0017	 1.7187e+01	 1.0015e+00	 2.3190e+00	 9.9919e-01
	 nan	13.285	1.0017	 1.7199e+01	 1.0015e+00	 2.3173e+00	 9.9782e-01
	 nan	13.294	1.0017	 1.7211e+01	 1.0015e+00	 2.3156e+00	 9.9922e-01
	 nan	13.303	1.0012	 1.7223e+01	 1.0015e+00	 2.3139e+00	 9.9808e-01
	 nan	13.312	1.0019	 1.7234e+01	 1.0015e+00	 2.3122e+00	 9.9834e-01
	 nan	13.322	1.0008	 1.7246e+01	 1.0016e+00	 2.3105e+00	 9.9727e-01
	 nan	13.331	1.0019	 1.7258e+01	 1.0016e+00	 2.3088e+00	 9.9863e-01
	 nan	13.34	1.0009	 1.7270e+01	 1.0016e+00	 2.3071e+00	 9.9863e-01
	 nan	13.35	1.0018	 1.7281e+01	 1.0015e+00	 2.3054e+00	 9.9786e-01
	 nan	13.359	1.0017	 1.7293e+01	 1.0014e+00	 2.3037e+00	 9.9871e-01
	 nan	13.368	1.0017	 1.7305e+01	 1.0014e+00	 2.3020e+00	 9.9768e-01
	 nan	13.378	1.0022	 1.7317e+01	 1.0015e+00	 2.3003e+00	 9.9904e-01
	 nan	13.387	1.0011	 1.7329e+01	 1.0015e+00	 2.2986e+00	 9.9753e-01
	 nan	13.397	1.0019	 1.7340e+01	 1.0016e+00	 2.2969e+00	 9.9834e-01
	 nan	13.406	1.001	 1.7352e+01	 1.0016e+00	 2.2952e+00	 9.9804e-01
	 nan	13.415	1.0022	 1.7364e+01	 1.0017e+00	 2.2936e+00	 9.9863e-01
	 nan	13.425	1.0012	 1.7376e+01	 1.0017e+00	 2.2919e+00	 9.9882e-01
	 nan	13.434	1.0022	 1.7388e+01	 1.0018e+00	 2.2902e+00	 9.9782e-01
	 nan	13.443	1.0022	 1.7400e+01	 1.0018e+00	 2.2885e+00	 9.9882e-01
	 nan	13.453	1.0016	 1.7411e+01	 1.0018e+00	 2.2868e+00	 9.9793e-01
	 nan	13.462	1.0018	 1.7423e+01	 1.0017e+00	 2.2852e+00	 9.9889e-01
	 nan	13.472	1.0009	 1.7435e+01	 1.0017e+00	 2.2835e+00	 9.9760e-01
	 nan	13.481	1.0023	 1.7447e+01	 1.0016e+00	 2.2818e+00	 9.9863e-01
	 nan	13.49	1.0011	 1.7459e+01	 1.0016e+00	 2.2801e+00	 9.9827e-01
	 nan	13.5	1.0022	 1.7471e+01	 1.0016e+00	 2.2785e+00	 9.9863e-01
	 nan	13.509	1.0017	 1.7483e+01	 1.0016e+00	 2.2768e+00	 9.9930e-01
	 nan	13.519	1.0021	 1.7495e+01	 1.0016e+00	 2.2751e+00	 9.9793e-01
	 nan	13.528	1.0019	 1.7507e+01	 1.0016e+00	 2.2735e+00	 9.9860e-01
	 nan	13.538	1.0013	 1.7518e+01	 1.0016e+00	 2.2718e+00	 9.9723e-01
	 nan	13.547	1.0022	 1.7530e+01	 1.0016e+00	 2.2701e+00	 9.9860e-01
	 nan	13.556	1.0014	 1.7542e+01	 1.0017e+00	 2.2685e+00	 9.9830e-01
	 nan	13.566	1.0027	 1.7554e+01	 1.0017e+00	 2.2668e+00	 9.9867e-01
	 nan	13.575	1.0016	 1.7566e+01	 1.0017e+00	 2.2651e+00	 9.9815e-01
	 nan	13.585	1.0024	 1.7578e+01	 1.0016e+00	 2.2635e+00	 9.9819e-01
	 nan	13.594	1.0018	 1.7590e+01	 1.0017e+00	 2.2618e+00	 9.9897e-01
	 nan	13.604	1.002	 1.7602e+01	 1.0017e+00	 2.2601e+00	 9.9779e-01
	 nan	13.613	1.0024	 1.7614e+01	 1.0017e+00	 2.2585e+00	 9.9878e-01
	 nan	13.623	1.0012	 1.7626e+01	 1.0017e+00	 2.2568e+00	 9.9790e-01
	 nan	13.632	1.0018	 1.7638e+01	 1.0016e+00	 2.2551e+00	 9.9882e-01
	 nan	13.642	1.001	 1.7650e+01	 1.0015e+00	 2.2535e+00	 9.9760e-01
	 nan	13.651	1.0028	 1.7662e+01	 1.0014e+00	 2.2518e+00	 9.9804e-01
	 nan	13.661	1.0017	 1.7674e+01	 1.0014e+00	 2.2502e+00	 9.9827e-01
	 nan	13.67	1.0021	 1.7686e+01	 1.0015e+00	 2.2485e+00	 9.9775e-01
	 nan	13.68	1.0018	 1.7698e+01	 1.0017e+00	 2.2469e+00	 9.9860e-01
	 nan	13.689	1.0019	 1.7710e+01	 1.0018e+00	 2.2452e+00	 9.9786e-01
	 nan	13.699	1.0022	 1.7722e+01	 1.0018e+00	 2.2436e+00	 9.9897e-01
	 nan	13.709	1.0013	 1.7734e+01	 1.0018e+00	 2.2419e+00	 9.9764e-01
	 nan	13.718	1.0028	 1.7746e+01	 1.0017e+00	 2.2403e+00	 9.9889e-01
	 nan	13.728	1.0015	 1.7758e+01	 1.0016e+00	 2.2386e+00	 9.9834e-01
	 nan	13.737	1.0027	 1.7770e+01	 1.0016e+00	 2.2370e+00	 9.9823e-01
	 nan	13.747	1.0016	 1.7782e+01	 1.0016e+00	 2.2353e+00	 9.9856e-01
	 nan	13.756	1.0018	 1.7794e+01	 1.0016e+00	 2.2337e+00	 9.9819e-01
	 nan	13.766	1.0019	 1.7806e+01	 1.0017e+00	 2.2320e+00	 9.9893e-01
	 nan	13.776	1.0013	 1.7818e+01	 1.0017e+00	 2.2304e+00	 9.9727e-01
	 nan	13.785	1.0024	 1.7830e+01	 1.0017e+00	 2.2288e+00	 9.9871e-01
	 nan	13.795	1.0021	 1.7842e+01	 1.0017e+00	 2.2271e+00	 9.9808e-01
	 nan	13.804	1.003	 1.7855e+01	 1.0016e+00	 2.2255e+00	 9.9885e-01
	 nan	13.814	1.0017	 1.7867e+01	 1.0016e+00	 2.2238e+00	 9.9863e-01
	 nan	13.824	1.0024	 1.7879e+01	 1.0016e+00	 2.2222e+00	 9.9889e-01
	 nan	13.833	1.0019	 1.7891e+01	 1.0016e+00	 2.2206e+00	 9.9915e-01
	 nan	13.843	1.0019	 1.7903e+01	 1.0016e+00	 2.2189e+00	 9.9812e-01
	 nan	13.853	1.002	 1.7915e+01	 1.0017e+00	 2.2173e+00	 9.9930e-01
	 nan	13.862	1.0019	 1.7927e+01	 1.0017e+00	 2.2157e+00	 9.9815e-01
	 nan	13.872	1.0025	 1.7939e+01	 1.0017e+00	 2.2140e+00	 9.9900e-01
	 nan	13.882	1.0011	 1.7952e+01	 1.0017e+00	 2.2124e+00	 9.9753e-01
	 nan	13.891	1.0028	 1.7964e+01	 1.0017e+00	 2.2108e+00	 9.9786e-01
	 nan	13.901	1.0023	 1.7976e+01	 1.0016e+00	 2.2092e+00	 9.9827e-01
	 nan	13.911	1.0025	 1.7988e+01	 1.0016e+00	 2.2075e+00	 9.9793e-01
	 nan	13.92	1.002	 1.8000e+01	 1.0016e+00	 2.2059e+00	 9.9856e-01
	 nan	13.93	1.0021	 1.8012e+01	 1.0017e+00	 2.2043e+00	 9.9723e-01
	 nan	13.94	1.0024	 1.8025e+01	 1.0017e+00	 2.2027e+00	 9.9919e-01
	 nan	13.949	1.0015	 1.8037e+01	 1.0017e+00	 2.2010e+00	 9.9808e-01
	 nan	13.959	1.0024	 1.8049e+01	 1.0017e+00	 2.1994e+00	 9.9863e-01
	 nan	13.969	1.0019	 1.8061e+01	 1.0017e+00	 2.1978e+00	 9.9779e-01
	 nan	13.978	1.0035	 1.8073e+01	 1.0017e+00	 2.1962e+00	 9.9863e-01
	 nan	13.988	1.0018	 1.8086e+01	 1.0017e+00	 2.1946e+00	 9.9871e-01
	 nan	13.998	1.0021	 1.8098e+01	 1.0016e+00	 2.1930e+00	 9.9808e-01
	 nan	14.008	1.0027	 1.8110e+01	 1.0017e+00	 2.1914e+00	 9.9959e-01
	 nan	14.017	1.0024	 1.8122e+01	 1.0017e+00	 2.1897e+00	 9.9838e-01
	 nan	14.027	1.0023	 1.8135e+01	 1.0017e+00	 2.1881e+00	 9.9930e-01
	 nan	14.037	1.0016	 1.8147e+01	 1.0017e+00	 2.1865e+00	 9.9815e-01
	 nan	14.047	1.003	 1.8159e+01	 1.0017e+00	 2.1849e+00	 9.9856e-01
	 nan	14.056	1.0019	 1.8172e+01	 1.0017e+00	 2.1833e+00	 9.9797e-01
	 nan	14.066	1.0026	 1.8184e+01	 1.0018e+00	 2.1817e+00	 9.9812e-01
	 nan	14.076	1.0018	 1.8196e+01	 1.0018e+00	 2.1801e+00	 9.9841e-01
	 nan	14.086	1.0027	 1.8208e+01	 1.0019e+00	 2.1785e+00	 9.9775e-01
	 nan	14.096	1.0027	 1.8221e+01	 1.0019e+00	 2.1769e+00	 9.9911e-01
	 nan	14.106	1.0022	 1.8233e+01	 1.0020e+00	 2.1753e+00	 9.9786e-01
	 nan	14.115	1.003	 1.8245e+01	 1.0019e+00	 2.1737e+00	 9.9933e-01
	 nan	14.125	1.0015	 1.8258e+01	 1.0019e+00	 2.1721e+00	 9.9819e-01
	 nan	14.135	1.0027	 1.8270e+01	 1.0018e+00	 2.1705e+00	 9.9889e-01
	 nan	14.145	1.0022	 1.8282e+01	 1.0017e+00	 2.1689e+00	 9.9834e-01
	 nan	14.155	1.003	 1.8295e+01	 1.0017e+00	 2.1673e+00	 9.9793e-01
	 nan	14.165	1.0025	 1.8307e+01	 1.0016e+00	 2.1657e+00	 9.9827e-01
	 nan	14.174	1.003	 1.8319e+01	 1.0016e+00	 2.1641e+00	 9.9734e-01
	 nan	14.184	1.0032	 1.8332e+01	 1.0016e+00	 2.1625e+00	 9.9874e-01
	 nan	14.194	1.0021	 1.8344e+01	 1.0017e+00	 2.1609e+00	 9.9782e-01
	 nan	14.204	1.0032	 1.8357e+01	 1.0017e+00	 2.1593e+00	 9.9919e-01
	 nan	14.214	1.002	 1.8369e+01	 1.0018e+00	 2.1578e+00	 9.9790e-01
	 nan	14.224	1.0028	 1.8381e+01	 1.0018e+00	 2.1562e+00	 9.9885e-01
	 nan	14.234	1.0019	 1.8394e+01	 1.0018e+00	 2.1546e+00	 9.9860e-01
	 nan	14.244	1.0027	 1.8406e+01	 1.0018e+00	 2.1530e+00	 9.9804e-01
	 nan	14.253	1.002	 1.8419e+01	 1.0017e+00	 2.1514e+00	 9.9900e-01
	 nan	14.263	1.0024	 1.8431e+01	 1.0016e+00	 2.1498e+00	 9.9742e-01
	 nan	14.273	1.0032	 1.8444e+01	 1.0016e+00	 2.1483e+00	 9.9834e-01
	 nan	14.283	1.0022	 1.8456e+01	 1.0017e+00	 2.1467e+00	 9.9709e-01
	 nan	14.293	1.0026	 1.8468e+01	 1.0018e+00	 2.1451e+00	 9.9874e-01
	 nan	14.303	1.0015	 1.8481e+01	 1.0019e+00	 2.1435e+00	 9.9775e-01
	 nan	14.313	1.0033	 1.8493e+01	 1.0019e+00	 2.1419e+00	 9.9793e-01
	 nan	14.323	1.0028	 1.8506e+01	 1.0018e+00	 2.1404e+00	 9.9885e-01
	 nan	14.333	1.0027	 1.8518e+01	 1.0018e+00	 2.1388e+00	 9.9856e-01
	 nan	14.343	1.0024	 1.8531e+01	 1.0018e+00	 2.1372e+00	 9.9922e-01
	 nan	14.353	1.0028	 1.8543e+01	 1.0019e+00	 2.1356e+00	 9.9797e-01
	 nan	14.363	1.0033	 1.8556e+01	 1.0019e+00	 2.1341e+00	 9.9900e-01
	 nan	14.373	1.0017	 1.8568e+01	 1.0019e+00	 2.1325e+00	 9.9808e-01
	 nan	14.383	1.003	 1.8581e+01	 1.0018e+00	 2.1309e+00	 9.9904e-01
	 nan	14.393	1.0024	 1.8593e+01	 1.0018e+00	 2.1294e+00	 9.9797e-01
	 nan	14.403	1.0035	 1.8606e+01	 1.0018e+00	 2.1278e+00	 9.9808e-01
	 nan	14.413	1.0023	 1.8618e+01	 1.0018e+00	 2.1262e+00	 9.9860e-01
	 nan	14.423	1.0025	 1.8631e+01	 1.0018e+00	 2.1247e+00	 9.9779e-01
	 nan	14.433	1.0028	 1.8643e+01	 1.0018e+00	 2.1231e+00	 9.9900e-01
	 nan	14.443	1.0023	 1.8656e+01	 1.0019e+00	 2.1216e+00	 9.9801e-01
	 nan	14.453	1.0032	 1.8669e+01	 1.0020e+00	 2.1200e+00	 9.9904e-01
	 nan	14.463	1.0022	 1.8681e+01	 1.0021e+00	 2.1184e+00	 9.9790e-01
	 nan	14.473	1.0033	 1.8694e+01	 1.0021e+00	 2.1169e+00	 9.9885e-01
	 nan	14.483	1.0024	 1.8706e+01	 1.0021e+00	 2.1153e+00	 9.9885e-01
	 nan	14.493	1.0034	 1.8719e+01	 1.0020e+00	 2.1138e+00	 9.9878e-01
	 nan	14.503	1.0026	 1.8731e+01	 1.0019e+00	 2.1122e+00	 9.9889e-01
	 nan	14.513	1.0028	 1.8744e+01	 1.0019e+00	 2.1107e+00	 9.9764e-01
	 nan	14.523	1.003	 1.8757e+01	 1.0019e+00	 2.1091e+00	 9.9919e-01
	 nan	14.533	1.0028	 1.8769e+01	 1.0020e+00	 2.1076e+00	 9.9845e-01
	 nan	14.543	1.0038	 1.8782e+01	 1.0020e+00	 2.1060e+00	 9.9955e-01
	 nan	14.553	1.0022	 1.8794e+01	 1.0020e+00	 2.1045e+00	 9.9827e-01
	 nan	14.563	1.003	 1.8807e+01	 1.0020e+00	 2.1029e+00	 9.9897e-01
	 nan	14.574	1.0022	 1.8820e+01	 1.0020e+00	 2.1014e+00	 9.9911e-01
	 nan	14.584	1.0034	 1.8832e+01	 1.0019e+00	 2.0998e+00	 9.9882e-01
	 nan	14.594	1.0027	 1.8845e+01	 1.0019e+00	 2.0983e+00	 9.9974e-01
	 nan	14.604	1.002	 1.8858e+01	 1.0020e+00	 2.0967e+00	 9.9834e-01
	 nan	14.614	1.0031	 1.8870e+01	 1.0020e+00	 2.0952e+00	 9.9830e-01
	 nan	14.624	1.0026	 1.8883e+01	 1.0020e+00	 2.0936e+00	 9.9742e-01
	 nan	14.634	1.0033	 1.8896e+01	 1.0021e+00	 2.0921e+00	 9.9937e-01
	 nan	14.644	1.003	 1.8908e+01	 1.0021e+00	 2.0906e+00	 9.9808e-01
	 nan	14.655	1.004	 1.8921e+01	 1.0021e+00	 2.0890e+00	 9.9849e-01
	 nan	14.665	1.0016	 1.8934e+01	 1.0021e+00	 2.0875e+00	 9.9904e-01
	 nan	14.675	1.0021	 1.8947e+01	 1.0020e+00	 2.0859e+00	 9.9775e-01
	 nan	14.685	1.0041	 1.8959e+01	 1.0020e+00	 2.0844e+00	 9.9863e-01
	 nan	14.695	1.0031	 1.8972e+01	 1.0020e+00	 2.0829e+00	 9.9768e-01
	 nan	14.705	1.0031	 1.8985e+01	 1.0020e+00	 2.0813e+00	 9.9915e-01
	 nan	14.716	1.0022	 1.8997e+01	 1.0020e+00	 2.0798e+00	 9.9720e-01
	 nan	14.726	1.0036	 1.9010e+01	 1.0019e+00	 2.0783e+00	 9.9815e-01
	 nan	14.736	1.0026	 1.9023e+01	 1.0020e+00	 2.0767e+00	 9.9882e-01
	 nan	14.746	1.0032	 1.9036e+01	 1.0020e+00	 2.0752e+00	 9.9863e-01
	 nan	14.756	1.0026	 1.9048e+01	 1.0020e+00	 2.0737e+00	 9.9860e-01
	 nan	14.766	1.0028	 1.9061e+01	 1.0021e+00	 2.0722e+00	 9.9771e-01
	 nan	14.777	1.0033	 1.9074e+01	 1.0020e+00	 2.0706e+00	 9.9900e-01
	 nan	14.787	1.0031	 1.9087e+01	 1.0020e+00	 2.0691e+00	 9.9786e-01
	 nan	14.797	1.0036	 1.9100e+01	 1.0020e+00	 2.0676e+00	 9.9878e-01
	 nan	14.807	1.0024	 1.9112e+01	 1.0020e+00	 2.0661e+00	 9.9779e-01
	 nan	14.818	1.004	 1.9125e+01	 1.0021e+00	 2.0645e+00	 9.9874e-01
	 nan	14.828	1.0029	 1.9138e+01	 1.0021e+00	 2.0630e+00	 9.9823e-01
	 nan	14.838	1.0036	 1.9151e+01	 1.0020e+00	 2.0615e+00	 9.9834e-01
	 nan	14.848	1.003	 1.9164e+01	 1.0020e+00	 2.0600e+00	 9.9930e-01
	 nan	14.859	1.0028	 1.9177e+01	 1.0021e+00	 2.0585e+00	 9.9823e-01
	 nan	14.869	1.0032	 1.9189e+01	 1.0022e+00	 2.0570e+00	 9.9911e-01
	 nan	14.879	1.0028	 1.9202e+01	 1.0022e+00	 2.0554e+00	 9.9775e-01
	 nan	14.89	1.0036	 1.9215e+01	 1.0022e+00	 2.0539e+00	 9.9904e-01
	 nan	14.9	1.0026	 1.9228e+01	 1.0021e+00	 2.0524e+00	 9.9849e-01
	 nan	14.91	1.0038	 1.9241e+01	 1.0019e+00	 2.0509e+00	 9.9904e-01
	 nan	14.92	1.0026	 1.9254e+01	 1.0019e+00	 2.0494e+00	 9.9830e-01
	 nan	14.931	1.0031	 1.9267e+01	 1.0020e+00	 2.0479e+00	 9.9775e-01
	 nan	14.941	1.003	 1.9280e+01	 1.0021e+00	 2.0464e+00	 9.9900e-01
	 nan	14.951	1.003	 1.9292e+01	 1.0022e+00	 2.0449e+00	 9.9786e-01
	 nan	14.962	1.0033	 1.9305e+01	 1.0023e+00	 2.0434e+00	 9.9908e-01
	 nan	14.972	1.0031	 1.9318e+01	 1.0023e+00	 2.0419e+00	 9.9760e-01
	 nan	14.982	1.0041	 1.9331e+01	 1.0023e+00	 2.0404e+00	 9.9871e-01
	 nan	14.993	1.0025	 1.9344e+01	 1.0022e+00	 2.0389e+00	 9.9812e-01
	 nan	15.003	1.0035	 1.9357e+01	 1.0021e+00	 2.0374e+00	 9.9845e-01
	 nan	15.013	1.0027	 1.9370e+01	 1.0021e+00	 2.0359e+00	 9.9871e-01
	 nan	15.024	1.003	 1.9383e+01	 1.0021e+00	 2.0344e+00	 9.9771e-01
	 nan	15.034	1.0034	 1.9396e+01	 1.0022e+00	 2.0329e+00	 9.9874e-01
	 nan	15.045	1.0032	 1.9409e+01	 1.0024e+00	 2.0314e+00	 9.9797e-01
	 nan	15.055	1.0038	 1.9422e+01	 1.0025e+00	 2.0299e+00	 9.9955e-01
	 nan	15.065	1.003	 1.9435e+01	 1.0025e+00	 2.0284e+00	 9.9849e-01
	 nan	15.076	1.0038	 1.9448e+01	 1.0024e+00	 2.0269e+00	 9.9933e-01
	 nan	15.086	1.0024	 1.9461e+01	 1.0022e+00	 2.0254e+00	 9.9849e-01
	 nan	15.097	1.0036	 1.9474e+01	 1.0020e+00	 2.0239e+00	 9.9819e-01
	 nan	15.107	1.0035	 1.9487e+01	 1.0020e+00	 2.0225e+00	 9.9900e-01
	 nan	15.118	1.0038	 1.9500e+01	 1.0020e+00	 2.0210e+00	 9.9812e-01
	 nan	15.128	1.0038	 1.9513e+01	 1.0021e+00	 2.0195e+00	 9.9915e-01
	 nan	15.138	1.0034	 1.9526e+01	 1.0021e+00	 2.0180e+00	 9.9790e-01
	 nan	15.149	1.0046	 1.9539e+01	 1.0021e+00	 2.0165e+00	 9.9897e-01
	 nan	15.159	1.0032	 1.9552e+01	 1.0021e+00	 2.0151e+00	 9.9786e-01
	 nan	15.17	1.0042	 1.9565e+01	 1.0021e+00	 2.0136e+00	 9.9849e-01
	 nan	15.18	1.0032	 1.9578e+01	 1.0021e+00	 2.0121e+00	 9.9849e-01
	 nan	15.191	1.004	 1.9591e+01	 1.0021e+00	 2.0106e+00	 9.9827e-01
	 nan	15.201	1.0038	 1.9604e+01	 1.0021e+00	 2.0092e+00	 9.9871e-01
	 nan	15.212	1.0038	 1.9617e+01	 1.0022e+00	 2.0077e+00	 9.9801e-01
	 nan	15.222	1.0036	 1.9630e+01	 1.0022e+00	 2.0062e+00	 9.9911e-01
	 nan	15.233	1.003	 1.9644e+01	 1.0022e+00	 2.0047e+00	 9.9757e-01
	 nan	15.243	1.0042	 1.9657e+01	 1.0022e+00	 2.0033e+00	 9.9841e-01
	 nan	15.254	1.0032	 1.9670e+01	 1.0022e+00	 2.0018e+00	 9.9808e-01
	 nan	15.264	1.0045	 1.9683e+01	 1.0023e+00	 2.0003e+00	 9.9915e-01
	 nan	15.275	1.0034	 1.9696e+01	 1.0024e+00	 1.9989e+00	 9.9919e-01
	 nan	15.285	1.0036	 1.9709e+01	 1.0024e+00	 1.9974e+00	 9.9823e-01
	 nan	15.296	1.0036	 1.9722e+01	 1.0024e+00	 1.9959e+00	 9.9904e-01
	 nan	15.306	1.0039	 1.9736e+01	 1.0023e+00	 1.9945e+00	 9.9830e-01
	 nan	15.317	1.0042	 1.9749e+01	 1.0022e+00	 1.9930e+00	 9.9978e-01
	 nan	15.328	1.0029	 1.9762e+01	 1.0022e+00	 1.9916e+00	 9.9830e-01
	 nan	15.338	1.0039	 1.9775e+01	 1.0022e+00	 1.9901e+00	 9.9904e-01
	 nan	15.349	1.0032	 1.9788e+01	 1.0023e+00	 1.9886e+00	 9.9838e-01
	 nan	15.359	1.0042	 1.9801e+01	 1.0023e+00	 1.9872e+00	 9.9867e-01
	 nan	15.37	1.0029	 1.9815e+01	 1.0024e+00	 1.9857e+00	 9.9904e-01
	 nan	15.38	1.0036	 1.9828e+01	 1.0025e+00	 1.9843e+00	 9.9841e-01
	 nan	15.391	1.0039	 1.9841e+01	 1.0025e+00	 1.9828e+00	 9.9941e-01
	 nan	15.402	1.0035	 1.9854e+01	 1.0025e+00	 1.9814e+00	 9.9801e-01
	 nan	15.412	1.004	 1.9867e+01	 1.0024e+00	 1.9799e+00	 9.9911e-01
	 nan	15.423	1.0033	 1.9881e+01	 1.0024e+00	 1.9785e+00	 9.9812e-01
	 nan	15.434	1.0045	 1.9894e+01	 1.0024e+00	 1.9770e+00	 9.9882e-01
	 nan	15.444	1.0032	 1.9907e+01	 1.0024e+00	 1.9756e+00	 9.9830e-01
	 nan	15.455	1.0042	 1.9920e+01	 1.0023e+00	 1.9741e+00	 9.9823e-01
	 nan	15.465	1.0033	 1.9934e+01	 1.0023e+00	 1.9727e+00	 9.9933e-01
	 nan	15.476	1.004	 1.9947e+01	 1.0022e+00	 1.9712e+00	 9.9841e-01
	 nan	15.487	1.0045	 1.9960e+01	 1.0022e+00	 1.9698e+00	 9.9915e-01
	 nan	15.497	1.0033	 1.9973e+01	 1.0022e+00	 1.9683e+00	 9.9793e-01
	 nan	15.508	1.0042	 1.9987e+01	 1.0022e+00	 1.9669e+00	 9.9900e-01
	 nan	15.519	1.0037	 2.0000e+01	 1.0023e+00	 1.9655e+00	 9.9827e-01
	 nan	15.529	1.0045	 2.0013e+01	 1.0024e+00	 1.9640e+00	 9.9889e-01
	 nan	15.54	1.0035	 2.0027e+01	 1.0024e+00	 1.9626e+00	 9.9893e-01
	 nan	15.551	1.0045	 2.0040e+01	 1.0025e+00	 1.9611e+00	 9.9863e-01
	 nan	15.562	1.0035	 2.0053e+01	 1.0024e+00	 1.9597e+00	 9.9933e-01
	 nan	15.572	1.0035	 2.0066e+01	 1.0020e+00	 1.9583e+00	 9.9808e-01
	 nan	15.583	1.0044	 2.0080e+01	 1.0017e+00	 1.9568e+00	 9.9915e-01
	 nan	15.594	1.0035	 2.0093e+01	 1.0016e+00	 1.9554e+00	 9.9812e-01
	 nan	15.604	1.0042	 2.0106e+01	 1.0019e+00	 1.9539e+00	 9.9919e-01
	 nan	15.615	1.0032	 2.0120e+01	 1.0022e+00	 1.9525e+00	 9.9834e-01
	 nan	15.626	1.0042	 2.0133e+01	 1.0025e+00	 1.9511e+00	 9.9871e-01
	 nan	15.637	1.0033	 2.0146e+01	 1.0027e+00	 1.9496e+00	 9.9878e-01
	 nan	15.647	1.0041	 2.0160e+01	 1.0028e+00	 1.9482e+00	 9.9845e-01
	 nan	15.658	1.0037	 2.0173e+01	 1.0027e+00	 1.9468e+00	 9.9922e-01
	 nan	15.669	1.0034	 2.0187e+01	 1.0026e+00	 1.9454e+00	 9.9793e-01
	 nan	15.68	1.0042	 2.0200e+01	 1.0026e+00	 1.9439e+00	 9.9919e-01
	 nan	15.69	1.0038	 2.0213e+01	 1.0025e+00	 1.9425e+00	 9.9823e-01
	 nan	15.701	1.0049	 2.0227e+01	 1.0025e+00	 1.9411e+00	 9.9904e-01
	 nan	15.712	1.0033	 2.0240e+01	 1.0025e+00	 1.9397e+00	 9.9823e-01
	 nan	15.723	1.0044	 2.0254e+01	 1.0025e+00	 1.9382e+00	 9.9863e-01
	 nan	15.734	1.0038	 2.0267e+01	 1.0026e+00	 1.9368e+00	 9.9933e-01
	 nan	15.744	1.004	 2.0281e+01	 1.0026e+00	 1.9354e+00	 9.9808e-01
	 nan	15.755	1.0041	 2.0294e+01	 1.0027e+00	 1.9340e+00	 9.9863e-01
	 nan	15.766	1.0036	 2.0307e+01	 1.0027e+00	 1.9326e+00	 9.9819e-01
	 nan	15.777	1.0044	 2.0321e+01	 1.0026e+00	 1.9311e+00	 9.9978e-01
	 nan	15.788	1.0037	 2.0334e+01	 1.0024e+00	 1.9297e+00	 9.9841e-01
	 nan	15.799	1.0044	 2.0348e+01	 1.0023e+00	 1.9283e+00	 9.9867e-01
	 nan	15.809	1.0033	 2.0361e+01	 1.0022e+00	 1.9269e+00	 9.9849e-01
	 nan	15.82	1.0045	 2.0375e+01	 1.0023e+00	 1.9255e+00	 9.9823e-01
	 nan	15.831	1.0038	 2.0388e+01	 1.0024e+00	 1.9241e+00	 9.9867e-01
	 nan	15.842	1.0038	 2.0402e+01	 1.0026e+00	 1.9227e+00	 9.9815e-01
	 nan	15.853	1.0043	 2.0415e+01	 1.0027e+00	 1.9213e+00	 9.9926e-01
	 nan	15.864	1.0039	 2.0429e+01	 1.0027e+00	 1.9199e+00	 9.9745e-01
	 nan	15.875	1.0044	 2.0442e+01	 1.0027e+00	 1.9184e+00	 9.9893e-01
	 nan	15.885	1.0037	 2.0456e+01	 1.0026e+00	 1.9170e+00	 9.9871e-01
	 nan	15.896	1.0053	 2.0469e+01	 1.0026e+00	 1.9156e+00	 9.9919e-01
	 nan	15.907	1.0039	 2.0483e+01	 1.0025e+00	 1.9142e+00	 9.9874e-01
	 nan	15.918	1.0043	 2.0496e+01	 1.0025e+00	 1.9128e+00	 9.9922e-01
	 nan	15.929	1.0038	 2.0510e+01	 1.0025e+00	 1.9114e+00	 9.9952e-01
	 nan	15.94	1.0042	 2.0524e+01	 1.0025e+00	 1.9100e+00	 9.9804e-01
	 nan	15.951	1.0048	 2.0537e+01	 1.0026e+00	 1.9086e+00	 9.9992e-01
	 nan	15.962	1.0041	 2.0551e+01	 1.0026e+00	 1.9072e+00	 9.9841e-01
	 nan	15.973	1.005	 2.0564e+01	 1.0026e+00	 1.9058e+00	 9.9867e-01
	 nan	15.984	1.0038	 2.0578e+01	 1.0026e+00	 1.9044e+00	 9.9764e-01
	 nan	15.995	1.0048	 2.0592e+01	 1.0026e+00	 1.9030e+00	 9.9830e-01
	 nan	16.006	1.0036	 2.0605e+01	 1.0026e+00	 1.9016e+00	 9.9878e-01
	 nan	16.017	1.0042	 2.0619e+01	 1.0026e+00	 1.9002e+00	 9.9830e-01
	 nan	16.028	1.0047	 2.0632e+01	 1.0027e+00	 1.8988e+00	 9.9941e-01
	 nan	16.039	1.0048	 2.0646e+01	 1.0028e+00	 1.8974e+00	 9.9823e-01
	 nan	16.05	1.0052	 2.0660e+01	 1.0028e+00	 1.8960e+00	 9.9908e-01
	 nan	16.061	1.0039	 2.0673e+01	 1.0027e+00	 1.8946e+00	 9.9771e-01
	 nan	16.072	1.005	 2.0687e+01	 1.0026e+00	 1.8932e+00	 9.9863e-01
	 nan	16.083	1.0038	 2.0701e+01	 1.0026e+00	 1.8918e+00	 9.9790e-01
	 nan	16.094	1.0044	 2.0714e+01	 1.0026e+00	 1.8904e+00	 9.9815e-01
	 nan	16.105	1.0038	 2.0728e+01	 1.0026e+00	 1.8890e+00	 9.9904e-01
	 nan	16.116	1.0044	 2.0742e+01	 1.0026e+00	 1.8876e+00	 9.9882e-01
	 nan	16.127	1.0047	 2.0755e+01	 1.0026e+00	 1.8863e+00	 1.0001e+00
	 nan	16.138	1.0041	 2.0769e+01	 1.0026e+00	 1.8849e+00	 9.9830e-01
	 nan	16.149	1.0043	 2.0783e+01	 1.0026e+00	 1.8835e+00	 9.9944e-01
	 nan	16.16	1.0034	 2.0796e+01	 1.0027e+00	 1.8821e+00	 9.9838e-01
	 nan	16.171	1.0049	 2.0810e+01	 1.0028e+00	 1.8807e+00	 9.9874e-01
	 nan	16.182	1.0039	 2.0824e+01	 1.0029e+00	 1.8793e+00	 9.9834e-01
	 nan	16.193	1.0046	 2.0837e+01	 1.0029e+00	 1.8779e+00	 9.9827e-01
	 nan	16.204	1.0041	 2.0851e+01	 1.0028e+00	 1.8766e+00	 9.9908e-01
	 nan	16.215	1.0042	 2.0865e+01	 1.0027e+00	 1.8752e+00	 9.9812e-01
	 nan	16.227	1.0049	 2.0879e+01	 1.0027e+00	 1.8738e+00	 9.9904e-01
	 nan	16.238	1.0041	 2.0892e+01	 1.0028e+00	 1.8724e+00	 9.9830e-01
	 nan	16.249	1.005	 2.0906e+01	 1.0029e+00	 1.8711e+00	 9.9963e-01
	 nan	16.26	1.0042	 2.0920e+01	 1.0030e+00	 1.8697e+00	 9.9827e-01
	 nan	16.271	1.0054	 2.0934e+01	 1.0030e+00	 1.8683e+00	 9.9900e-01
	 nan	16.282	1.0044	 2.0947e+01	 1.0030e+00	 1.8669e+00	 9.9915e-01
	 nan	16.293	1.0054	 2.0961e+01	 1.0029e+00	 1.8656e+00	 9.9830e-01
	 nan	16.304	1.0049	 2.0975e+01	 1.0029e+00	 1.8642e+00	 9.9922e-01
	 nan	16.316	1.0049	 2.0989e+01	 1.0028e+00	 1.8628e+00	 9.9830e-01
	 nan	16.327	1.0052	 2.1003e+01	 1.0028e+00	 1.8615e+00	 9.9941e-01
	 nan	16.338	1.004	 2.1016e+01	 1.0028e+00	 1.8601e+00	 9.9797e-01
	 nan	16.349	1.0054	 2.1030e+01	 1.0028e+00	 1.8587e+00	 9.9904e-01
	 nan	16.36	1.0044	 2.1044e+01	 1.0028e+00	 1.8574e+00	 9.9860e-01
	 nan	16.372	1.0053	 2.1058e+01	 1.0028e+00	 1.8560e+00	 9.9871e-01
	 nan	16.383	1.0045	 2.1072e+01	 1.0028e+00	 1.8546e+00	 9.9845e-01
	 nan	16.394	1.0054	 2.1086e+01	 1.0027e+00	 1.8533e+00	 9.9757e-01
	 nan	16.405	1.0053	 2.1100e+01	 1.0028e+00	 1.8519e+00	 9.9893e-01
	 nan	16.416	1.0045	 2.1113e+01	 1.0028e+00	 1.8506e+00	 9.9808e-01
	 nan	16.428	1.0052	 2.1127e+01	 1.0029e+00	 1.8492e+00	 9.9919e-01
	 nan	16.439	1.0043	 2.1141e+01	 1.0030e+00	 1.8479e+00	 9.9849e-01
	 nan	16.45	1.0054	 2.1155e+01	 1.0030e+00	 1.8465e+00	 9.9933e-01
	 nan	16.461	1.0044	 2.1169e+01	 1.0030e+00	 1.8451e+00	 9.9878e-01
	 nan	16.473	1.005	 2.1183e+01	 1.0030e+00	 1.8438e+00	 9.9812e-01
	 nan	16.484	1.0042	 2.1197e+01	 1.0029e+00	 1.8424e+00	 9.9827e-01
	 nan	16.495	1.005	 2.1211e+01	 1.0028e+00	 1.8411e+00	 9.9786e-01
	 nan	16.506	1.005	 2.1225e+01	 1.0027e+00	 1.8397e+00	 9.9944e-01
	 nan	16.518	1.004	 2.1239e+01	 1.0027e+00	 1.8384e+00	 9.9830e-01
	 nan	16.529	1.0049	 2.1252e+01	 1.0027e+00	 1.8370e+00	 9.9930e-01
	 nan	16.54	1.0043	 2.1266e+01	 1.0028e+00	 1.8357e+00	 9.9793e-01
	 nan	16.551	1.0054	 2.1280e+01	 1.0028e+00	 1.8343e+00	 9.9871e-01
	 nan	16.563	1.0044	 2.1294e+01	 1.0028e+00	 1.8330e+00	 9.9871e-01
	 nan	16.574	1.0053	 2.1308e+01	 1.0027e+00	 1.8316e+00	 9.9819e-01
	 nan	16.585	1.0048	 2.1322e+01	 1.0027e+00	 1.8303e+00	 9.9919e-01
	 nan	16.597	1.0055	 2.1336e+01	 1.0027e+00	 1.8289e+00	 9.9849e-01
	 nan	16.608	1.0058	 2.1350e+01	 1.0027e+00	 1.8276e+00	 9.9974e-01
	 nan	16.619	1.0047	 2.1364e+01	 1.0027e+00	 1.8263e+00	 9.9860e-01
	 nan	16.631	1.0055	 2.1378e+01	 1.0027e+00	 1.8249e+00	 9.9941e-01
	 nan	16.642	1.005	 2.1392e+01	 1.0027e+00	 1.8236e+00	 9.9827e-01
	 nan	16.653	1.0061	 2.1406e+01	 1.0028e+00	 1.8223e+00	 9.9863e-01
	 nan	16.665	1.005	 2.1420e+01	 1.0028e+00	 1.8209e+00	 9.9911e-01
	 nan	16.676	1.0059	 2.1434e+01	 1.0028e+00	 1.8196e+00	 9.9860e-01
	 nan	16.688	1.0051	 2.1448e+01	 1.0028e+00	 1.8182e+00	 9.9871e-01
	 nan	16.699	1.0046	 2.1462e+01	 1.0028e+00	 1.8169e+00	 9.9738e-01
	 nan	16.71	1.0052	 2.1476e+01	 1.0027e+00	 1.8156e+00	 9.9915e-01
	 nan	16.722	1.0044	 2.1490e+01	 1.0028e+00	 1.8142e+00	 9.9808e-01
	 nan	16.733	1.0056	 2.1504e+01	 1.0028e+00	 1.8129e+00	 9.9944e-01
	 nan	16.744	1.0048	 2.1519e+01	 1.0029e+00	 1.8116e+00	 9.9878e-01
	 nan	16.756	1.0058	 2.1533e+01	 1.0030e+00	 1.8103e+00	 9.9804e-01
	 nan	16.767	1.0044	 2.1547e+01	 1.0030e+00	 1.8089e+00	 9.9823e-01
	 nan	16.779	1.005	 2.1561e+01	 1.0030e+00	 1.8076e+00	 9.9812e-01
	 nan	16.79	1.0051	 2.1575e+01	 1.0029e+00	 1.8063e+00	 9.9955e-01
	 nan	16.802	1.0048	 2.1589e+01	 1.0029e+00	 1.8049e+00	 9.9819e-01
	 nan	16.813	1.0052	 2.1603e+01	 1.0029e+00	 1.8036e+00	 9.9904e-01
	 nan	16.825	1.0049	 2.1617e+01	 1.0029e+00	 1.8023e+00	 9.9815e-01
	 nan	16.836	1.0061	 2.1631e+01	 1.0029e+00	 1.8010e+00	 9.9959e-01
	 nan	16.847	1.0046	 2.1645e+01	 1.0029e+00	 1.7996e+00	 9.9900e-01
	 nan	16.859	1.0057	 2.1660e+01	 1.0029e+00	 1.7983e+00	 9.9867e-01
	 nan	16.87	1.0049	 2.1674e+01	 1.0030e+00	 1.7970e+00	 9.9897e-01
	 nan	16.882	1.0054	 2.1688e+01	 1.0030e+00	 1.7957e+00	 9.9823e-01
	 nan	16.893	1.0058	 2.1702e+01	 1.0030e+00	 1.7944e+00	 9.9926e-01
	 nan	16.905	1.0052	 2.1716e+01	 1.0030e+00	 1.7930e+00	 9.9838e-01
	 nan	16.916	1.006	 2.1730e+01	 1.0029e+00	 1.7917e+00	 1.0000e+00
	 nan	16.928	1.0054	 2.1745e+01	 1.0030e+00	 1.7904e+00	 9.9867e-01
	 nan	16.939	1.0062	 2.1759e+01	 1.0030e+00	 1.7891e+00	 9.9871e-01
	 nan	16.951	1.0046	 2.1773e+01	 1.0030e+00	 1.7878e+00	 9.9849e-01
	 nan	16.962	1.0055	 2.1787e+01	 1.0031e+00	 1.7865e+00	 9.9834e-01
	 nan	16.974	1.0052	 2.1801e+01	 1.0030e+00	 1.7851e+00	 9.9970e-01
	 nan	16.986	1.0053	 2.1816e+01	 1.0030e+00	 1.7838e+00	 9.9874e-01
	 nan	16.997	1.0059	 2.1830e+01	 1.0029e+00	 1.7825e+00	 9.9900e-01
	 nan	17.009	1.0053	 2.1844e+01	 1.0029e+00	 1.7812e+00	 9.9768e-01
	 nan	17.02	1.0059	 2.1858e+01	 1.0029e+00	 1.7799e+00	 9.9926e-01
	 nan	17.032	1.0047	 2.1873e+01	 1.0030e+00	 1.7786e+00	 9.9882e-01
	 nan	17.043	1.006	 2.1887e+01	 1.0030e+00	 1.7773e+00	 9.9908e-01
	 nan	17.055	1.0049	 2.1901e+01	 1.0029e+00	 1.7760e+00	 9.9885e-01
	 nan	17.067	1.0055	 2.1915e+01	 1.0029e+00	 1.7747e+00	 9.9882e-01
	 nan	17.078	1.0053	 2.1930e+01	 1.0028e+00	 1.7734e+00	 9.9941e-01
	 nan	17.09	1.0055	 2.1944e+01	 1.0028e+00	 1.7721e+00	 9.9782e-01
	 nan	17.101	1.0063	 2.1958e+01	 1.0029e+00	 1.7708e+00	 9.9974e-01
	 nan	17.113	1.0052	 2.1972e+01	 1.0030e+00	 1.7695e+00	 9.9878e-01
	 nan	17.125	1.0059	 2.1987e+01	 1.0030e+00	 1.7681e+00	 9.9930e-01
	 nan	17.136	1.0048	 2.2001e+01	 1.0029e+00	 1.7668e+00	 9.9804e-01
	 nan	17.148	1.0061	 2.2015e+01	 1.0028e+00	 1.7655e+00	 9.9812e-01
	 nan	17.16	1.0054	 2.2029e+01	 1.0028e+00	 1.7642e+00	 9.9874e-01
	 nan	17.171	1.0061	 2.2044e+01	 1.0028e+00	 1.7630e+00	 9.9849e-01
	 nan	17.183	1.0059	 2.2058e+01	 1.0029e+00	 1.7617e+00	 9.9933e-01
	 nan	17.195	1.0055	 2.2073e+01	 1.0030e+00	 1.7604e+00	 9.9775e-01
	 nan	17.206	1.0061	 2.2087e+01	 1.0031e+00	 1.7591e+00	 9.9908e-01
	 nan	17.218	1.0051	 2.2101e+01	 1.0032e+00	 1.7578e+00	 9.9804e-01
	 nan	17.23	1.0065	 2.2116e+01	 1.0033e+00	 1.7565e+00	 9.9863e-01
	 nan	17.241	1.0053	 2.2130e+01	 1.0033e+00	 1.7552e+00	 9.9834e-01
	 nan	17.253	1.0061	 2.2144e+01	 1.0032e+00	 1.7539e+00	 9.9885e-01
	 nan	17.265	1.0056	 2.2159e+01	 1.0031e+00	 1.7526e+00	 9.9930e-01
	 nan	17.276	1.0057	 2.2173e+01	 1.0030e+00	 1.7514e+00	 9.9815e-01
	 nan	17.288	1.0055	 2.2188e+01	 1.0030e+00	 1.7501e+00	 9.9952e-01
	 nan	17.3	1.0053	 2.2202e+01	 1.0030e+00	 1.7488e+00	 9.9827e-01
	 nan	17.312	1.0061	 2.2216e+01	 1.0030e+00	 1.7475e+00	 9.9941e-01
	 nan	17.323	1.0048	 2.2231e+01	 1.0030e+00	 1.7462e+00	 9.9893e-01
	 nan	17.335	1.0063	 2.2245e+01	 1.0031e+00	 1.7449e+00	 9.9915e-01
	 nan	17.347	1.0054	 2.2260e+01	 1.0031e+00	 1.7437e+00	 9.9874e-01
	 nan	17.359	1.0058	 2.2274e+01	 1.0031e+00	 1.7424e+00	 9.9834e-01
	 nan	17.37	1.0053	 2.2289e+01	 1.0031e+00	 1.7411e+00	 9.9944e-01
	 nan	17.382	1.0058	 2.2303e+01	 1.0031e+00	 1.7398e+00	 9.9823e-01
	 nan	17.394	1.0065	 2.2317e+01	 1.0031e+00	 1.7386e+00	 9.9944e-01
	 nan	17.406	1.0054	 2.2332e+01	 1.0031e+00	 1.7373e+00	 9.9830e-01
	 nan	17.418	1.0065	 2.2346e+01	 1.0031e+00	 1.7360e+00	 9.9974e-01
	 nan	17.429	1.0053	 2.2361e+01	 1.0031e+00	 1.7347e+00	 9.9919e-01
	 nan	17.441	1.0064	 2.2375e+01	 1.0030e+00	 1.7335e+00	 9.9908e-01
	 nan	17.453	1.0057	 2.2390e+01	 1.0030e+00	 1.7322e+00	 9.9863e-01
	 nan	17.465	1.0062	 2.2404e+01	 1.0030e+00	 1.7309e+00	 9.9749e-01
	 nan	17.477	1.006	 2.2419e+01	 1.0031e+00	 1.7296e+00	 9.9871e-01
	 nan	17.489	1.0059	 2.2433e+01	 1.0031e+00	 1.7284e+00	 9.9838e-01
	 nan	17.5	1.0064	 2.2448e+01	 1.0030e+00	 1.7271e+00	 9.9963e-01
	 nan	17.512	1.0052	 2.2462e+01	 1.0031e+00	 1.7258e+00	 9.9815e-01
	 nan	17.524	1.0065	 2.2477e+01	 1.0031e+00	 1.7246e+00	 9.9908e-01
	 nan	17.536	1.0054	 2.2491e+01	 1.0031e+00	 1.7233e+00	 9.9897e-01
	 nan	17.548	1.0065	 2.2506e+01	 1.0031e+00	 1.7220e+00	 9.9904e-01
	 nan	17.56	1.0059	 2.2520e+01	 1.0032e+00	 1.7208e+00	 9.9911e-01
	 nan	17.572	1.0063	 2.2535e+01	 1.0032e+00	 1.7195e+00	 9.9845e-01
	 nan	17.584	1.0062	 2.2550e+01	 1.0033e+00	 1.7182e+00	 9.9974e-01
	 nan	17.595	1.006	 2.2564e+01	 1.0034e+00	 1.7170e+00	 9.9834e-01
	 nan	17.607	1.0069	 2.2579e+01	 1.0034e+00	 1.7157e+00	 9.9922e-01
	 nan	17.619	1.0059	 2.2593e+01	 1.0033e+00	 1.7145e+00	 9.9823e-01
	 nan	17.631	1.0071	 2.2608e+01	 1.0033e+00	 1.7132e+00	 9.9926e-01
	 nan	17.643	1.0058	 2.2622e+01	 1.0032e+00	 1.7119e+00	 9.9882e-01
	 nan	17.655	1.0068	 2.2637e+01	 1.0032e+00	 1.7107e+00	 9.9849e-01
	 nan	17.667	1.0064	 2.2652e+01	 1.0032e+00	 1.7094e+00	 9.9926e-01
	 nan	17.679	1.0066	 2.2666e+01	 1.0032e+00	 1.7082e+00	 9.9827e-01
	 nan	17.691	1.0064	 2.2681e+01	 1.0032e+00	 1.7069e+00	 9.9930e-01
	 nan	17.703	1.0057	 2.2696e+01	 1.0032e+00	 1.7057e+00	 9.9827e-01
	 nan	17.715	1.0068	 2.2710e+01	 1.0032e+00	 1.7044e+00	 9.9933e-01
	 nan	17.727	1.0053	 2.2725e+01	 1.0032e+00	 1.7031e+00	 9.9834e-01
	 nan	17.739	1.0067	 2.2740e+01	 1.0031e+00	 1.7019e+00	 9.9860e-01
	 nan	17.751	1.0062	 2.2754e+01	 1.0031e+00	 1.7006e+00	 9.9867e-01
	 nan	17.763	1.0065	 2.2769e+01	 1.0031e+00	 1.6994e+00	 9.9863e-01
	 nan	17.775	1.0061	 2.2784e+01	 1.0032e+00	 1.6981e+00	 9.9955e-01
	 nan	17.787	1.0062	 2.2798e+01	 1.0033e+00	 1.6969e+00	 9.9830e-01
	 nan	17.799	1.0066	 2.2813e+01	 1.0033e+00	 1.6957e+00	 9.9933e-01
	 nan	17.811	1.0059	 2.2828e+01	 1.0034e+00	 1.6944e+00	 9.9808e-01
	 nan	17.823	1.007	 2.2842e+01	 1.0034e+00	 1.6932e+00	 9.9944e-01
	 nan	17.835	1.0059	 2.2857e+01	 1.0033e+00	 1.6919e+00	 9.9867e-01
	 nan	17.847	1.007	 2.2872e+01	 1.0033e+00	 1.6907e+00	 9.9922e-01
	 nan	17.859	1.0062	 2.2887e+01	 1.0033e+00	 1.6894e+00	 9.9911e-01
	 nan	17.871	1.007	 2.2901e+01	 1.0033e+00	 1.6882e+00	 9.9819e-01
	 nan	17.883	1.0064	 2.2916e+01	 1.0033e+00	 1.6869e+00	 9.9974e-01
	 nan	17.895	1.0059	 2.2931e+01	 1.0034e+00	 1.6857e+00	 9.9885e-01
	 nan	17.907	1.0068	 2.2946e+01	 1.0035e+00	 1.6844e+00	 9.9970e-01
	 nan	17.919	1.0061	 2.2960e+01	 1.0036e+00	 1.6832e+00	 9.9834e-01
	 nan	17.932	1.0072	 2.2975e+01	 1.0035e+00	 1.6820e+00	 9.9941e-01
	 nan	17.944	1.006	 2.2990e+01	 1.0034e+00	 1.6807e+00	 9.9867e-01
	 nan	17.956	1.0068	 2.3005e+01	 1.0033e+00	 1.6795e+00	 9.9856e-01
	 nan	17.968	1.0058	 2.3020e+01	 1.0033e+00	 1.6783e+00	 9.9922e-01
	 nan	17.98	1.0071	 2.3034e+01	 1.0033e+00	 1.6770e+00	 9.9852e-01
	 nan	17.992	1.0073	 2.3049e+01	 1.0034e+00	 1.6758e+00	 9.9970e-01
	 nan	18.004	1.0063	 2.3064e+01	 1.0035e+00	 1.6746e+00	 9.9827e-01
	 nan	18.016	1.0072	 2.3079e+01	 1.0035e+00	 1.6733e+00	 9.9952e-01
	 nan	18.029	1.0064	 2.3094e+01	 1.0035e+00	 1.6721e+00	 9.9856e-01
	 nan	18.041	1.0073	 2.3109e+01	 1.0034e+00	 1.6709e+00	 9.9952e-01
	 nan	18.053	1.0064	 2.3124e+01	 1.0033e+00	 1.6696e+00	 9.9893e-01
	 nan	18.065	1.0071	 2.3138e+01	 1.0033e+00	 1.6684e+00	 9.9871e-01
	 nan	18.077	1.0062	 2.3153e+01	 1.0034e+00	 1.6672e+00	 9.9915e-01
	 nan	18.09	1.0065	 2.3168e+01	 1.0034e+00	 1.6659e+00	 9.9815e-01
	 nan	18.102	1.0072	 2.3183e+01	 1.0033e+00	 1.6647e+00	 9.9944e-01
	 nan	18.114	1.0061	 2.3198e+01	 1.0033e+00	 1.6635e+00	 9.9830e-01
	 nan	18.126	1.0066	 2.3213e+01	 1.0033e+00	 1.6623e+00	 9.9937e-01
	 nan	18.138	1.0057	 2.3228e+01	 1.0034e+00	 1.6610e+00	 9.9871e-01
	 nan	18.151	1.0075	 2.3243e+01	 1.0033e+00	 1.6598e+00	 9.9959e-01
	 nan	18.163	1.0068	 2.3257e+01	 1.0033e+00	 1.6586e+00	 9.9948e-01
	 nan	18.175	1.0077	 2.3272e+01	 1.0034e+00	 1.6574e+00	 9.9852e-01
	 nan	18.187	1.0069	 2.3287e+01	 1.0034e+00	 1.6562e+00	 9.9941e-01
	 nan	18.2	1.0066	 2.3302e+01	 1.0034e+00	 1.6549e+00	 9.9852e-01
	 nan	18.212	1.0075	 2.3317e+01	 1.0033e+00	 1.6537e+00	 9.9952e-01
	 nan	18.224	1.0064	 2.3332e+01	 1.0034e+00	 1.6525e+00	 9.9764e-01
	 nan	18.236	1.0072	 2.3347e+01	 1.0034e+00	 1.6513e+00	 9.9897e-01
	 nan	18.249	1.0063	 2.3362e+01	 1.0034e+00	 1.6501e+00	 9.9911e-01
	 nan	18.261	1.0076	 2.3377e+01	 1.0034e+00	 1.6489e+00	 9.9922e-01
	 nan	18.273	1.007	 2.3392e+01	 1.0034e+00	 1.6476e+00	 9.9889e-01
	 nan	18.285	1.0074	 2.3407e+01	 1.0034e+00	 1.6464e+00	 9.9827e-01
	 nan	18.298	1.0069	 2.3422e+01	 1.0034e+00	 1.6452e+00	 9.9985e-01
	 nan	18.31	1.0064	 2.3437e+01	 1.0035e+00	 1.6440e+00	 9.9882e-01
	 nan	18.322	1.0073	 2.3452e+01	 1.0035e+00	 1.6428e+00	 1.0000e+00
	 nan	18.335	1.0069	 2.3467e+01	 1.0035e+00	 1.6416e+00	 9.9860e-01
	 nan	18.347	1.0075	 2.3482e+01	 1.0035e+00	 1.6404e+00	 9.9885e-01
	 nan	18.359	1.0061	 2.3497e+01	 1.0035e+00	 1.6391e+00	 9.9845e-01
	 nan	18.372	1.0072	 2.3512e+01	 1.0034e+00	 1.6379e+00	 9.9841e-01
	 nan	18.384	1.0066	 2.3527e+01	 1.0034e+00	 1.6367e+00	 9.9919e-01
	 nan	18.396	1.0072	 2.3542e+01	 1.0034e+00	 1.6355e+00	 9.9838e-01
	 nan	18.409	1.0074	 2.3557e+01	 1.0034e+00	 1.6343e+00	 9.9908e-01
	 nan	18.421	1.0068	 2.3572e+01	 1.0035e+00	 1.6331e+00	 9.9838e-01
	 nan	18.434	1.0076	 2.3587e+01	 1.0035e+00	 1.6319e+00	 9.9959e-01
	 nan	18.446	1.0068	 2.3602e+01	 1.0035e+00	 1.6307e+00	 9.9815e-01
	 nan	18.458	1.0078	 2.3617e+01	 1.0034e+00	 1.6295e+00	 9.9863e-01
	 nan	18.471	1.0069	 2.3632e+01	 1.0034e+00	 1.6283e+00	 9.9911e-01
	 nan	18.483	1.008	 2.3647e+01	 1.0035e+00	 1.6271e+00	 9.9900e-01
	 nan	18.496	1.0073	 2.3662e+01	 1.0036e+00	 1.6259e+00	 9.9967e-01
	 nan	18.508	1.0072	 2.3677e+01	 1.0036e+00	 1.6247e+00	 9.9819e-01
	 nan	18.52	1.0073	 2.3692e+01	 1.0037e+00	 1.6235e+00	 9.9900e-01
	 nan	18.533	1.0067	 2.3707e+01	 1.0037e+00	 1.6223e+00	 9.9819e-01
	 nan	18.545	1.0077	 2.3722e+01	 1.0037e+00	 1.6211e+00	 9.9963e-01
	 nan	18.558	1.0068	 2.3738e+01	 1.0037e+00	 1.6199e+00	 9.9900e-01
	 nan	18.57	1.0081	 2.3753e+01	 1.0037e+00	 1.6187e+00	 9.9926e-01
	 nan	18.583	1.0067	 2.3768e+01	 1.0036e+00	 1.6175e+00	 9.9948e-01
	 nan	18.595	1.0069	 2.3783e+01	 1.0035e+00	 1.6163e+00	 9.9911e-01
	 nan	18.608	1.0068	 2.3798e+01	 1.0035e+00	 1.6151e+00	 9.9930e-01
	 nan	18.62	1.0072	 2.3813e+01	 1.0036e+00	 1.6139e+00	 9.9768e-01
	 nan	18.633	1.0076	 2.3828e+01	 1.0036e+00	 1.6127e+00	 9.9955e-01
	 nan	18.645	1.0067	 2.3843e+01	 1.0037e+00	 1.6116e+00	 9.9830e-01
	 nan	18.658	1.008	 2.3859e+01	 1.0037e+00	 1.6104e+00	 9.9911e-01
	 nan	18.67	1.007	 2.3874e+01	 1.0037e+00	 1.6092e+00	 9.9849e-01
	 nan	18.683	1.0078	 2.3889e+01	 1.0035e+00	 1.6080e+00	 9.9860e-01
	 nan	18.695	1.007	 2.3904e+01	 1.0035e+00	 1.6068e+00	 9.9904e-01
	 nan	18.708	1.0076	 2.3919e+01	 1.0035e+00	 1.6056e+00	 9.9882e-01
	 nan	18.72	1.0075	 2.3935e+01	 1.0036e+00	 1.6044e+00	 9.9985e-01
	 nan	18.733	1.0073	 2.3950e+01	 1.0038e+00	 1.6032e+00	 9.9841e-01
	 nan	18.745	1.0078	 2.3965e+01	 1.0038e+00	 1.6021e+00	 9.9933e-01
	 nan	18.758	1.007	 2.3980e+01	 1.0039e+00	 1.6009e+00	 9.9849e-01
	 nan	18.77	1.0082	 2.3995e+01	 1.0038e+00	 1.5997e+00	 9.9967e-01
	 nan	18.783	1.0073	 2.4011e+01	 1.0037e+00	 1.5985e+00	 9.9944e-01
	 nan	18.796	1.0082	 2.4026e+01	 1.0037e+00	 1.5973e+00	 9.9941e-01
	 nan	18.808	1.0074	 2.4041e+01	 1.0036e+00	 1.5962e+00	 9.9955e-01
	 nan	18.821	1.0075	 2.4056e+01	 1.0036e+00	 1.5950e+00	 9.9823e-01
	 nan	18.833	1.0072	 2.4072e+01	 1.0036e+00	 1.5938e+00	 9.9915e-01
	 nan	18.846	1.007	 2.4087e+01	 1.0037e+00	 1.5926e+00	 9.9841e-01
	 nan	18.859	1.0082	 2.4102e+01	 1.0038e+00	 1.5915e+00	 9.9933e-01
	 nan	18.871	1.007	 2.4117e+01	 1.0038e+00	 1.5903e+00	 9.9852e-01
	 nan	18.884	1.0084	 2.4133e+01	 1.0038e+00	 1.5891e+00	 9.9989e-01
	 nan	18.897	1.0074	 2.4148e+01	 1.0038e+00	 1.5879e+00	 9.9933e-01
	 nan	18.909	1.0076	 2.4163e+01	 1.0037e+00	 1.5868e+00	 9.9860e-01
	 nan	18.922	1.0074	 2.4178e+01	 1.0037e+00	 1.5856e+00	 9.9937e-01
	 nan	18.935	1.008	 2.4194e+01	 1.0037e+00	 1.5844e+00	 9.9838e-01
	 nan	18.947	1.0085	 2.4209e+01	 1.0037e+00	 1.5832e+00	 9.9959e-01
	 nan	18.96	1.0075	 2.4224e+01	 1.0037e+00	 1.5821e+00	 9.9874e-01
	 nan	18.973	1.0078	 2.4240e+01	 1.0037e+00	 1.5809e+00	 1.0000e+00
	 nan	18.985	1.0068	 2.4255e+01	 1.0037e+00	 1.5797e+00	 9.9878e-01
	 nan	18.998	1.0085	 2.4270e+01	 1.0038e+00	 1.5786e+00	 9.9878e-01
	 nan	19.011	1.0073	 2.4286e+01	 1.0039e+00	 1.5774e+00	 9.9878e-01
	 nan	19.023	1.008	 2.4301e+01	 1.0039e+00	 1.5762e+00	 9.9838e-01
	 nan	19.036	1.008	 2.4316e+01	 1.0038e+00	 1.5751e+00	 9.9974e-01
	 nan	19.049	1.008	 2.4332e+01	 1.0038e+00	 1.5739e+00	 9.9871e-01
	 nan	19.061	1.0084	 2.4347e+01	 1.0037e+00	 1.5727e+00	 9.9955e-01
	 nan	19.074	1.0071	 2.4363e+01	 1.0038e+00	 1.5716e+00	 9.9841e-01
	 nan	19.087	1.009	 2.4378e+01	 1.0038e+00	 1.5704e+00	 9.9922e-01
	 nan	19.1	1.0082	 2.4393e+01	 1.0038e+00	 1.5693e+00	 9.9838e-01
	 nan	19.112	1.0087	 2.4409e+01	 1.0038e+00	 1.5681e+00	 9.9838e-01
	 nan	19.125	1.0077	 2.4424e+01	 1.0038e+00	 1.5669e+00	 9.9897e-01
	 nan	19.138	1.0082	 2.4440e+01	 1.0037e+00	 1.5658e+00	 9.9863e-01
	 nan	19.151	1.0082	 2.4455e+01	 1.0037e+00	 1.5646e+00	 9.9970e-01
	 nan	19.164	1.0078	 2.4471e+01	 1.0036e+00	 1.5635e+00	 9.9808e-01
	 nan	19.176	1.0082	 2.4486e+01	 1.0036e+00	 1.5623e+00	 9.9922e-01
	 nan	19.189	1.0073	 2.4501e+01	 1.0037e+00	 1.5612e+00	 9.9852e-01
	 nan	19.202	1.0088	 2.4517e+01	 1.0038e+00	 1.5600e+00	 9.9941e-01
	 nan	19.215	1.0078	 2.4532e+01	 1.0038e+00	 1.5589e+00	 9.9882e-01
	 nan	19.228	1.0089	 2.4548e+01	 1.0039e+00	 1.5577e+00	 9.9919e-01
	 nan	19.24	1.0078	 2.4563e+01	 1.0040e+00	 1.5566e+00	 9.9955e-01
	 nan	19.253	1.0081	 2.4579e+01	 1.0041e+00	 1.5554e+00	 9.9801e-01
	 nan	19.266	1.0086	 2.4594e+01	 1.0040e+00	 1.5543e+00	 9.9915e-01
	 nan	19.279	1.0078	 2.4610e+01	 1.0040e+00	 1.5531e+00	 9.9827e-01
	 nan	19.292	1.0085	 2.4625e+01	 1.0039e+00	 1.5520e+00	 9.9952e-01
	 nan	19.305	1.0076	 2.4641e+01	 1.0039e+00	 1.5508e+00	 9.9830e-01
	 nan	19.317	1.0086	 2.4656e+01	 1.0038e+00	 1.5497e+00	 9.9874e-01
	 nan	19.33	1.0078	 2.4672e+01	 1.0035e+00	 1.5486e+00	 9.9904e-01
	 nan	19.343	1.009	 2.4687e+01	 1.0033e+00	 1.5474e+00	 9.9882e-01
	 nan	19.356	1.0082	 2.4703e+01	 1.0034e+00	 1.5463e+00	 9.9948e-01
	 nan	19.369	1.008	 2.4718e+01	 1.0036e+00	 1.5451e+00	 9.9852e-01
	 nan	19.382	1.0088	 2.4734e+01	 1.0038e+00	 1.5440e+00	 9.9992e-01
	 nan	19.395	1.008	 2.4749e+01	 1.0039e+00	 1.5429e+00	 9.9856e-01
	 nan	19.408	1.0087	 2.4765e+01	 1.0040e+00	 1.5417e+00	 9.9955e-01
	 nan	19.421	1.0076	 2.4781e+01	 1.0040e+00	 1.5406e+00	 9.9878e-01
	 nan	19.434	1.0088	 2.4796e+01	 1.0039e+00	 1.5394e+00	 9.9885e-01
	 nan	19.447	1.0081	 2.4812e+01	 1.0038e+00	 1.5383e+00	 9.9941e-01
	 nan	19.46	1.0084	 2.4827e+01	 1.0039e+00	 1.5372e+00	 9.9915e-01
	 nan	19.473	1.0086	 2.4843e+01	 1.0039e+00	 1.5360e+00	 9.9996e-01
	 nan	19.486	1.0085	 2.4858e+01	 1.0039e+00	 1.5349e+00	 9.9841e-01
	 nan	19.499	1.0088	 2.4874e+01	 1.0038e+00	 1.5338e+00	 9.9922e-01
	 nan	19.512	1.0083	 2.4890e+01	 1.0037e+00	 1.5326e+00	 9.9841e-01
	 nan	19.524	1.0092	 2.4905e+01	 1.0036e+00	 1.5315e+00	 9.9963e-01
	 nan	19.537	1.0075	 2.4921e+01	 1.0036e+00	 1.5304e+00	 9.9922e-01
	 nan	19.55	1.0087	 2.4936e+01	 1.0036e+00	 1.5292e+00	 9.9911e-01
	 nan	19.563	1.0084	 2.4952e+01	 1.0037e+00	 1.5281e+00	 9.9915e-01
	 nan	19.577	1.0085	 2.4968e+01	 1.0037e+00	 1.5270e+00	 9.9827e-01
	 nan	19.59	1.0085	 2.4983e+01	 1.0037e+00	 1.5258e+00	 1.0001e+00
	 nan	19.603	1.0081	 2.4999e+01	 1.0038e+00	 1.5247e+00	 9.9889e-01
	 nan	19.616	1.0088	 2.5015e+01	 1.0038e+00	 1.5236e+00	 9.9933e-01
	 nan	19.629	1.0083	 2.5030e+01	 1.0039e+00	 1.5224e+00	 9.9812e-01
	 nan	19.642	1.0099	 2.5046e+01	 1.0039e+00	 1.5213e+00	 9.9926e-01
	 nan	19.655	1.0079	 2.5061e+01	 1.0039e+00	 1.5202e+00	 9.9867e-01
	 nan	19.668	1.0089	 2.5077e+01	 1.0039e+00	 1.5191e+00	 9.9889e-01
	 nan	19.681	1.009	 2.5093e+01	 1.0039e+00	 1.5180e+00	 9.9989e-01
	 nan	19.694	1.0089	 2.5108e+01	 1.0039e+00	 1.5168e+00	 9.9908e-01
	 nan	19.707	1.0089	 2.5124e+01	 1.0040e+00	 1.5157e+00	 1.0003e+00
	 nan	19.72	1.009	 2.5140e+01	 1.0041e+00	 1.5146e+00	 9.9852e-01
	 nan	19.733	1.0093	 2.5155e+01	 1.0041e+00	 1.5135e+00	 9.9915e-01
	 nan	19.746	1.0078	 2.5171e+01	 1.0039e+00	 1.5124e+00	 9.9863e-01
	 nan	19.76	1.0095	 2.5187e+01	 1.0037e+00	 1.5112e+00	 9.9948e-01
	 nan	19.773	1.0083	 2.5203e+01	 1.0038e+00	 1.5101e+00	 9.9919e-01
	 nan	19.786	1.009	 2.5218e+01	 1.0040e+00	 1.5090e+00	 9.9897e-01
	 nan	19.799	1.009	 2.5234e+01	 1.0042e+00	 1.5079e+00	 9.9989e-01
	 nan	19.812	1.0086	 2.5250e+01	 1.0042e+00	 1.5068e+00	 9.9856e-01
	 nan	19.825	1.0085	 2.5265e+01	 1.0042e+00	 1.5057e+00	 9.9948e-01
	 nan	19.838	1.0088	 2.5281e+01	 1.0041e+00	 1.5045e+00	 9.9797e-01
	 nan	19.852	1.01	 2.5297e+01	 1.0039e+00	 1.5034e+00	 9.9926e-01
	 nan	19.865	1.0087	 2.5313e+01	 1.0039e+00	 1.5023e+00	 9.9908e-01
	 nan	19.878	1.0096	 2.5328e+01	 1.0039e+00	 1.5012e+00	 9.9908e-01
	 nan	19.891	1.0083	 2.5344e+01	 1.0039e+00	 1.5001e+00	 9.9882e-01
	 nan	19.904	1.0091	 2.5360e+01	 1.0039e+00	 1.4990e+00	 9.9845e-01
	 nan	19.918	1.0092	 2.5375e+01	 1.0039e+00	 1.4979e+00	 9.9992e-01
	 nan	19.931	1.0091	 2.5391e+01	 1.0039e+00	 1.4968e+00	 9.9863e-01
	 nan	19.944	1.0098	 2.5407e+01	 1.0038e+00	 1.4957e+00	 9.9985e-01
	 nan	19.957	1.0086	 2.5423e+01	 1.0038e+00	 1.4946e+00	 9.9849e-01
	 nan	19.971	1.0093	 2.5439e+01	 1.0038e+00	 1.4935e+00	 9.9955e-01
	 nan	19.984	1.008	 2.5454e+01	 1.0039e+00	 1.4924e+00	 9.9878e-01
	 nan	19.997	1.0088	 2.5470e+01	 1.0039e+00	 1.4913e+00	 9.9841e-01
	 nan	20.01	1.0087	 2.5486e+01	 1.0039e+00	 1.4902e+00	 9.9908e-01
	 nan	20.024	1.0097	 2.5502e+01	 1.0039e+00	 1.4891e+00	 9.9908e-01
	 nan	20.037	1.0095	 2.5517e+01	 1.0039e+00	 1.4880e+00	 1.0003e+00
	 nan	20.05	1.0085	 2.5533e+01	 1.0040e+00	 1.4869e+00	 9.9904e-01
	 nan	20.063	1.0097	 2.5549e+01	 1.0041e+00	 1.4858e+00	 9.9989e-01
	 nan	20.077	1.0085	 2.5565e+01	 1.0042e+00	 1.4847e+00	 9.9860e-01
	 nan	20.09	1.0097	 2.5581e+01	 1.0042e+00	 1.4836e+00	 9.9937e-01
	 nan	20.103	1.0091	 2.5597e+01	 1.0042e+00	 1.4825e+00	 9.9867e-01
	 nan	20.117	1.01	 2.5612e+01	 1.0042e+00	 1.4814e+00	 9.9845e-01
	 nan	20.13	1.0095	 2.5628e+01	 1.0041e+00	 1.4803e+00	 9.9978e-01
	 nan	20.143	1.0097	 2.5644e+01	 1.0040e+00	 1.4792e+00	 9.9874e-01
	 nan	20.156	1.0094	 2.5660e+01	 1.0039e+00	 1.4781e+00	 9.9992e-01
	 nan	20.17	1.0091	 2.5676e+01	 1.0039e+00	 1.4770e+00	 9.9882e-01
	 nan	20.183	1.0106	 2.5692e+01	 1.0038e+00	 1.4759e+00	 9.9963e-01
	 nan	20.196	1.009	 2.5707e+01	 1.0039e+00	 1.4748e+00	 9.9882e-01
	 nan	20.21	1.0102	 2.5723e+01	 1.0039e+00	 1.4737e+00	 9.9970e-01
	 nan	20.223	1.0092	 2.5739e+01	 1.0041e+00	 1.4726e+00	 9.9937e-01
	 nan	20.236	1.0094	 2.5755e+01	 1.0042e+00	 1.4716e+00	 9.9919e-01
	 nan	20.25	1.0089	 2.5771e+01	 1.0042e+00	 1.4705e+00	 9.9996e-01
	 nan	20.263	1.0091	 2.5787e+01	 1.0041e+00	 1.4694e+00	 9.9841e-01
	 nan	20.277	1.01	 2.5803e+01	 1.0040e+00	 1.4683e+00	 9.9944e-01
	 nan	20.29	1.009	 2.5819e+01	 1.0040e+00	 1.4672e+00	 9.9841e-01
	 nan	20.303	1.0102	 2.5834e+01	 1.0041e+00	 1.4661e+00	 9.9941e-01
	 nan	20.317	1.0094	 2.5850e+01	 1.0041e+00	 1.4650e+00	 9.9830e-01
	 nan	20.33	1.0101	 2.5866e+01	 1.0042e+00	 1.4640e+00	 9.9882e-01
	 nan	20.344	1.0093	 2.5882e+01	 1.0042e+00	 1.4629e+00	 9.9963e-01
	 nan	20.357	1.01	 2.5898e+01	 1.0042e+00	 1.4618e+00	 9.9919e-01
	 nan	20.37	1.0098	 2.5914e+01	 1.0042e+00	 1.4607e+00	 9.9989e-01
	 nan	20.384	1.0096	 2.5930e+01	 1.0041e+00	 1.4596e+00	 9.9874e-01
	 nan	20.397	1.0103	 2.5946e+01	 1.0041e+00	 1.4585e+00	 9.9996e-01
	 nan	20.411	1.0093	 2.5962e+01	 1.0041e+00	 1.4575e+00	 9.9919e-01
	 nan	20.424	1.0104	 2.5978e+01	 1.0041e+00	 1.4564e+00	 9.9978e-01
	 nan	20.438	1.0093	 2.5994e+01	 1.0041e+00	 1.4553e+00	 9.9874e-01
	 nan	20.451	1.0101	 2.6010e+01	 1.0041e+00	 1.4542e+00	 9.9849e-01
	 nan	20.464	1.0091	 2.6026e+01	 1.0041e+00	 1.4531e+00	 9.9893e-01
	 nan	20.478	1.0098	 2.6041e+01	 1.0041e+00	 1.4521e+00	 9.9852e-01
	 nan	20.491	1.0105	 2.6057e+01	 1.0041e+00	 1.4510e+00	 9.9963e-01
	 nan	20.505	1.01	 2.6073e+01	 1.0042e+00	 1.4499e+00	 9.9827e-01
	 nan	20.518	1.0109	 2.6089e+01	 1.0041e+00	 1.4488e+00	 9.9974e-01
	 nan	20.532	1.0095	 2.6105e+01	 1.0041e+00	 1.4478e+00	 9.9856e-01
	 nan	20.545	1.0111	 2.6121e+01	 1.0040e+00	 1.4467e+00	 9.9948e-01
	 nan	20.559	1.0093	 2.6137e+01	 1.0040e+00	 1.4456e+00	 9.9952e-01
	 nan	20.572	1.01	 2.6153e+01	 1.0040e+00	 1.4446e+00	 9.9908e-01
	 nan	20.586	1.0097	 2.6169e+01	 1.0041e+00	 1.4435e+00	 9.9981e-01
	 nan	20.6	1.0098	 2.6185e+01	 1.0042e+00	 1.4424e+00	 9.9908e-01
	 nan	20.613	1.0105	 2.6201e+01	 1.0042e+00	 1.4413e+00	 1.0004e+00
	 nan	20.627	1.0098	 2.6217e+01	 1.0042e+00	 1.4403e+00	 9.9922e-01
	 nan	20.64	1.0113	 2.6233e+01	 1.0042e+00	 1.4392e+00	 9.9985e-01
	 nan	20.654	1.0095	 2.6249e+01	 1.0043e+00	 1.4381e+00	 9.9819e-01
	 nan	20.667	1.0109	 2.6265e+01	 1.0043e+00	 1.4371e+00	 9.9885e-01
	 nan	20.681	1.0103	 2.6281e+01	 1.0044e+00	 1.4360e+00	 9.9926e-01
	 nan	20.694	1.0099	 2.6297e+01	 1.0043e+00	 1.4350e+00	 9.9882e-01
	 nan	20.708	1.0076	 2.6313e+01	 1.0042e+00	 1.4339e+00	 9.9996e-01
	 nan	20.722	1.0137	 2.6329e+01	 1.0041e+00	 1.4328e+00	 9.9860e-01
	 nan	20.735	1.0173	 2.6345e+01	 1.0040e+00	 1.4318e+00	 9.9963e-01
	 nan	20.749	1.0108	 2.6361e+01	 1.0041e+00	 1.4307e+00	 9.9863e-01
	 nan	20.762	1.0107	 2.6377e+01	 1.0041e+00	 1.4296e+00	 9.9989e-01
	 nan	20.776	1.0102	 2.6393e+01	 1.0041e+00	 1.4286e+00	 9.9904e-01
	 nan	20.79	1.0111	 2.6409e+01	 1.0040e+00	 1.4275e+00	 9.9911e-01
	 nan	20.803	1.0098	 2.6425e+01	 1.0039e+00	 1.4265e+00	 9.9952e-01
	 nan	20.817	1.0103	 2.6441e+01	 1.0038e+00	 1.4254e+00	 9.9897e-01
	 nan	20.831	1.0106	 2.6457e+01	 1.0039e+00	 1.4244e+00	 1.0003e+00
	 nan	20.844	1.0102	 2.6473e+01	 1.0039e+00	 1.4233e+00	 9.9900e-01
	 nan	20.858	1.0108	 2.6489e+01	 1.0040e+00	 1.4223e+00	 1.0002e+00
	 nan	20.872	1.0102	 2.6505e+01	 1.0041e+00	 1.4212e+00	 9.9860e-01
	 nan	20.885	1.0111	 2.6521e+01	 1.0041e+00	 1.4201e+00	 9.9963e-01
	 nan	20.899	1.0097	 2.6537e+01	 1.0042e+00	 1.4191e+00	 9.9970e-01
	 nan	20.913	1.0107	 2.6553e+01	 1.0042e+00	 1.4180e+00	 9.9937e-01
	 nan	20.927	1.0102	 2.6569e+01	 1.0041e+00	 1.4170e+00	 9.9941e-01
	 nan	20.94	1.0102	 2.6585e+01	 1.0041e+00	 1.4159e+00	 9.9841e-01
	 nan	20.954	1.0104	 2.6601e+01	 1.0041e+00	 1.4149e+00	 9.9941e-01
	 nan	20.968	1.0097	 2.6617e+01	 1.0041e+00	 1.4138e+00	 9.9834e-01
	 nan	20.981	1.0106	 2.6633e+01	 1.0041e+00	 1.4128e+00	 1.0001e+00
	 nan	20.995	1.0098	 2.6649e+01	 1.0041e+00	 1.4117e+00	 9.9926e-01
	 nan	21.009	1.0112	 2.6665e+01	 1.0041e+00	 1.4107e+00	 1.0000e+00
	 nan	21.023	1.0101	 2.6681e+01	 1.0042e+00	 1.4096e+00	 9.9981e-01
	 nan	21.037	1.0111	 2.6697e+01	 1.0041e+00	 1.4086e+00	 9.9919e-01
	 nan	21.05	1.0107	 2.6713e+01	 1.0041e+00	 1.4075e+00	 9.9967e-01
	 nan	21.064	1.0103	 2.6729e+01	 1.0041e+00	 1.4065e+00	 9.9838e-01
	 nan	21.078	1.0107	 2.6745e+01	 1.0041e+00	 1.4054e+00	 9.9970e-01
	 nan	21.092	1.0102	 2.6761e+01	 1.0042e+00	 1.4044e+00	 9.9878e-01
	 nan	21.106	1.0113	 2.6777e+01	 1.0042e+00	 1.4033e+00	 1.0000e+00
	 nan	21.119	1.0106	 2.6793e+01	 1.0043e+00	 1.4023e+00	 9.9874e-01
	 nan	21.133	1.0114	 2.6809e+01	 1.0043e+00	 1.4012e+00	 9.9915e-01
	 nan	21.147	1.0101	 2.6825e+01	 1.0043e+00	 1.4002e+00	 9.9922e-01
	 nan	21.161	1.0111	 2.6841e+01	 1.0042e+00	 1.3991e+00	 9.9911e-01
	 nan	21.175	1.0109	 2.6857e+01	 1.0041e+00	 1.3981e+00	 9.9974e-01
	 nan	21.189	1.0108	 2.6873e+01	 1.0040e+00	 1.3971e+00	 9.9782e-01
	 nan	21.202	1.0112	 2.6889e+01	 1.0039e+00	 1.3960e+00	 9.9948e-01
	 nan	21.216	1.0103	 2.6905e+01	 1.0039e+00	 1.3950e+00	 9.9878e-01
	 nan	21.23	1.0116	 2.6921e+01	 1.0039e+00	 1.3939e+00	 9.9989e-01
	 nan	21.244	1.0105	 2.6937e+01	 1.0040e+00	 1.3929e+00	 9.9919e-01
	 nan	21.258	1.0115	 2.6953e+01	 1.0040e+00	 1.3919e+00	 9.9911e-01
	 nan	21.272	1.0108	 2.6969e+01	 1.0040e+00	 1.3908e+00	 9.9941e-01
	 nan	21.286	1.0111	 2.6985e+01	 1.0040e+00	 1.3898e+00	 9.9889e-01
	 nan	21.3	1.0114	 2.7001e+01	 1.0041e+00	 1.3887e+00	 9.9978e-01
	 nan	21.314	1.0111	 2.7017e+01	 1.0042e+00	 1.3877e+00	 9.9808e-01
	 nan	21.328	1.0116	 2.7033e+01	 1.0043e+00	 1.3867e+00	 9.9992e-01
	 nan	21.341	1.0106	 2.7049e+01	 1.0043e+00	 1.3856e+00	 9.9937e-01
	 nan	21.355	1.0119	 2.7065e+01	 1.0042e+00	 1.3846e+00	 9.9955e-01
	 nan	21.369	1.0105	 2.7081e+01	 1.0041e+00	 1.3836e+00	 9.9922e-01
	 nan	21.383	1.0113	 2.7097e+01	 1.0041e+00	 1.3825e+00	 9.9944e-01
	 nan	21.397	1.011	 2.7113e+01	 1.0041e+00	 1.3815e+00	 9.9959e-01
	 nan	21.411	1.0113	 2.7129e+01	 1.0041e+00	 1.3805e+00	 9.9856e-01
	 nan	21.425	1.0109	 2.7145e+01	 1.0040e+00	 1.3794e+00	 9.9992e-01
	 nan	21.439	1.0106	 2.7161e+01	 1.0040e+00	 1.3784e+00	 9.9867e-01
	 nan	21.453	1.0119	 2.7177e+01	 1.0040e+00	 1.3774e+00	 9.9996e-01
	 nan	21.467	1.0107	 2.7193e+01	 1.0041e+00	 1.3763e+00	 9.9974e-01
	 nan	21.481	1.012	 2.7209e+01	 1.0041e+00	 1.3753e+00	 9.9967e-01
	 nan	21.495	1.0108	 2.7225e+01	 1.0041e+00	 1.3743e+00	 9.9893e-01
	 nan	21.509	1.0112	 2.7241e+01	 1.0041e+00	 1.3733e+00	 9.9885e-01
	 nan	21.523	1.0115	 2.7257e+01	 1.0041e+00	 1.3722e+00	 1.0001e+00
	 nan	21.537	1.0113	 2.7273e+01	 1.0041e+00	 1.3712e+00	 9.9893e-01
	 nan	21.552	1.0114	 2.7289e+01	 1.0041e+00	 1.3702e+00	 9.9963e-01
	 nan	21.566	1.011	 2.7305e+01	 1.0041e+00	 1.3692e+00	 9.9845e-01
	 nan	21.58	1.0122	 2.7321e+01	 1.0041e+00	 1.3681e+00	 9.9955e-01
	 nan	21.594	1.0111	 2.7337e+01	 1.0041e+00	 1.3671e+00	 9.9922e-01
	 nan	21.608	1.012	 2.7352e+01	 1.0042e+00	 1.3661e+00	 9.9944e-01
	 nan	21.622	1.0114	 2.7368e+01	 1.0042e+00	 1.3651e+00	 9.9893e-01
	 nan	21.636	1.0116	 2.7384e+01	 1.0042e+00	 1.3640e+00	 9.9841e-01
	 nan	21.65	1.0111	 2.7400e+01	 1.0041e+00	 1.3630e+00	 1.0000e+00
	 nan	21.664	1.0115	 2.7416e+01	 1.0040e+00	 1.3620e+00	 9.9871e-01
	 nan	21.678	1.0119	 2.7432e+01	 1.0039e+00	 1.3610e+00	 9.9967e-01
	 nan	21.692	1.0109	 2.7448e+01	 1.0039e+00	 1.3600e+00	 9.9852e-01
	 nan	21.707	1.012	 2.7464e+01	 1.0039e+00	 1.3590e+00	 9.9970e-01
	 nan	21.721	1.0108	 2.7480e+01	 1.0039e+00	 1.3579e+00	 9.9915e-01
	 nan	21.735	1.0121	 2.7496e+01	 1.0039e+00	 1.3569e+00	 9.9937e-01
	 nan	21.749	1.0118	 2.7512e+01	 1.0039e+00	 1.3559e+00	 9.9948e-01
	 nan	21.763	1.0122	 2.7528e+01	 1.0039e+00	 1.3549e+00	 9.9849e-01
	 nan	21.777	1.012	 2.7544e+01	 1.0038e+00	 1.3539e+00	 9.9963e-01
	 nan	21.791	1.0112	 2.7560e+01	 1.0038e+00	 1.3529e+00	 9.9900e-01
	 nan	21.806	1.0118	 2.7576e+01	 1.0037e+00	 1.3519e+00	 1.0001e+00
	 nan	21.82	1.0114	 2.7592e+01	 1.0037e+00	 1.3508e+00	 9.9874e-01
	 nan	21.834	1.0126	 2.7608e+01	 1.0037e+00	 1.3498e+00	 9.9985e-01
	 nan	21.848	1.011	 2.7624e+01	 1.0037e+00	 1.3488e+00	 9.9959e-01
	 nan	21.862	1.012	 2.7641e+01	 1.0038e+00	 1.3478e+00	 9.9904e-01
	 nan	21.877	1.0114	 2.7657e+01	 1.0038e+00	 1.3468e+00	 9.9985e-01
	 nan	21.891	1.0123	 2.7673e+01	 1.0039e+00	 1.3458e+00	 9.9874e-01
	 nan	21.905	1.0127	 2.7690e+01	 1.0038e+00	 1.3448e+00	 9.9981e-01
	 nan	21.919	1.0124	 2.7707e+01	 1.0039e+00	 1.3438e+00	 9.9867e-01
	 nan	21.933	1.013	 2.7724e+01	 1.0039e+00	 1.3428e+00	 9.9992e-01
	 nan	21.948	1.0116	 2.7741e+01	 1.0040e+00	 1.3418e+00	 9.9893e-01
	 nan	21.962	1.012	 2.7759e+01	 1.0041e+00	 1.3408e+00	 9.9967e-01
	 nan	21.976	1.011	 2.7777e+01	 1.0042e+00	 1.3398e+00	 9.9978e-01
	 nan	21.99	1.0121	 2.7796e+01	 1.0040e+00	 1.3388e+00	 9.9930e-01
	 nan	22.004	1.0119	 2.7816e+01	 1.0036e+00	 1.3378e+00	 9.9989e-01
	 nan	22.019	1.012	 2.7838e+01	 1.0031e+00	 1.3368e+00	 9.9871e-01
	 nan	22.033	1.0124	 2.7862e+01	 1.0025e+00	 1.3357e+00	 9.9974e-01
	 nan	22.047	1.0116	 2.7889e+01	 1.0020e+00	 1.3347e+00	 9.9812e-01
	 nan	22.061	1.0128	 2.7958e+01	 1.0023e+00	 1.3337e+00	 9.9978e-01
	 nan	22.076	1.0119	 2.8076e+01	 1.0030e+00	 1.3327e+00	 9.9933e-01
	 nan	22.09	1.0128	 2.8084e+01	 1.0031e+00	 1.3317e+00	 9.9952e-01
	 nan	22.104	1.0121	 2.8093e+01	 1.0031e+00	 1.3308e+00	 9.9919e-01
	 nan	22.119	1.0126	 2.8101e+01	 1.0032e+00	 1.3298e+00	 9.9897e-01
	 nan	22.133	1.012	 2.8110e+01	 1.0032e+00	 1.3288e+00	 1.0001e+00
	 nan	22.147	1.0116	 2.8118e+01	 1.0033e+00	 1.3278e+00	 9.9874e-01
	 nan	22.162	1.0126	 2.8127e+01	 1.0033e+00	 1.3268e+00	 1.0001e+00
	 nan	22.176	1.0117	 2.8135e+01	 1.0033e+00	 1.3258e+00	 9.9878e-01
	 nan	22.19	1.0126	 2.8144e+01	 1.0034e+00	 1.3248e+00	 9.9922e-01
	 nan	22.205	1.0115	 2.8152e+01	 1.0034e+00	 1.3238e+00	 9.9863e-01
	 nan	22.219	1.0128	 2.8161e+01	 1.0035e+00	 1.3228e+00	 9.9908e-01
	 nan	22.233	1.0122	 2.8170e+01	 1.0035e+00	 1.3218e+00	 9.9974e-01
	 nan	22.248	1.0125	 2.8178e+01	 1.0035e+00	 1.3208e+00	 9.9908e-01
	 nan	22.262	1.0123	 2.8187e+01	 1.0036e+00	 1.3198e+00	 9.9996e-01
	 nan	22.276	1.0118	 2.8196e+01	 1.0036e+00	 1.3188e+00	 9.9845e-01
	 nan	22.291	1.0125	 2.8204e+01	 1.0036e+00	 1.3178e+00	 9.9955e-01
	 nan	22.305	1.0114	 2.8213e+01	 1.0036e+00	 1.3169e+00	 9.9838e-01
	 nan	22.32	1.0128	 2.8222e+01	 1.0037e+00	 1.3159e+00	 9.9885e-01
	 nan	22.334	1.0123	 2.8230e+01	 1.0037e+00	 1.3149e+00	 9.9893e-01
	 nan	22.348	1.013	 2.8239e+01	 1.0037e+00	 1.3139e+00	 9.9897e-01
	 nan	22.363	1.0123	 2.8248e+01	 1.0037e+00	 1.3129e+00	 9.9981e-01
	 nan	22.377	1.0125	 2.8256e+01	 1.0037e+00	 1.3119e+00	 9.9915e-01
	 nan	22.392	1.0128	 2.8265e+01	 1.0038e+00	 1.3109e+00	 1.0000e+00
	 nan	22.406	1.0118	 2.8274e+01	 1.0038e+00	 1.3100e+00	 9.9856e-01
	 nan	22.421	1.0128	 2.8283e+01	 1.0038e+00	 1.3090e+00	 9.9948e-01
	 nan	22.435	1.0123	 2.8292e+01	 1.0038e+00	 1.3080e+00	 9.9900e-01
	 nan	22.449	1.0137	 2.8300e+01	 1.0038e+00	 1.3070e+00	 9.9944e-01
	 nan	22.464	1.0124	 2.8309e+01	 1.0038e+00	 1.3060e+00	 9.9963e-01
	 nan	22.478	1.0129	 2.8318e+01	 1.0038e+00	 1.3051e+00	 9.9930e-01
	 nan	22.493	1.0126	 2.8327e+01	 1.0038e+00	 1.3041e+00	 9.9959e-01
	 nan	22.507	1.0124	 2.8336e+01	 1.0038e+00	 1.3031e+00	 9.9834e-01
	 nan	22.522	1.0129	 2.8344e+01	 1.0038e+00	 1.3021e+00	 9.9996e-01
	 nan	22.536	1.0124	 2.8353e+01	 1.0038e+00	 1.3012e+00	 9.9922e-01
	 nan	22.551	1.0134	 2.8362e+01	 1.0038e+00	 1.3002e+00	 1.0001e+00
	 nan	22.565	1.0115	 2.8371e+01	 1.0038e+00	 1.2992e+00	 9.9944e-01
	 nan	22.58	1.0128	 2.8380e+01	 1.0038e+00	 1.2982e+00	 9.9926e-01
	 nan	22.594	1.0126	 2.8389e+01	 1.0038e+00	 1.2973e+00	 9.9959e-01
	 nan	22.609	1.0128	 2.8398e+01	 1.0037e+00	 1.2963e+00	 9.9919e-01
	 nan	22.624	1.0129	 2.8407e+01	 1.0037e+00	 1.2953e+00	 9.9989e-01
	 nan	22.638	1.0128	 2.8416e+01	 1.0037e+00	 1.2943e+00	 9.9885e-01
	 nan	22.653	1.0133	 2.8425e+01	 1.0037e+00	 1.2934e+00	 1.0001e+00
	 nan	22.667	1.0125	 2.8434e+01	 1.0037e+00	 1.2924e+00	 9.9900e-01
	 nan	22.682	1.0135	 2.8443e+01	 1.0036e+00	 1.2914e+00	 1.0001e+00
	 nan	22.697	1.0122	 2.8452e+01	 1.0036e+00	 1.2905e+00	 9.9963e-01
	 nan	22.711	1.0133	 2.8461e+01	 1.0036e+00	 1.2895e+00	 9.9933e-01
	 nan	22.726	1.0126	 2.8470e+01	 1.0036e+00	 1.2885e+00	 1.0000e+00
	 nan	22.74	1.0127	 2.8479e+01	 1.0036e+00	 1.2876e+00	 9.9922e-01
	 nan	22.755	1.0132	 2.8488e+01	 1.0035e+00	 1.2866e+00	 1.0003e+00
	 nan	22.77	1.0129	 2.8497e+01	 1.0035e+00	 1.2856e+00	 9.9867e-01
	 nan	22.784	1.0134	 2.8506e+01	 1.0035e+00	 1.2847e+00	 1.0000e+00
	 nan	22.799	1.0123	 2.8515e+01	 1.0035e+00	 1.2837e+00	 9.9948e-01
	 nan	22.813	1.0138	 2.8524e+01	 1.0035e+00	 1.2827e+00	 1.0002e+00
	 nan	22.828	1.0125	 2.8533e+01	 1.0034e+00	 1.2818e+00	 9.9978e-01
	 nan	22.843	1.0129	 2.8542e+01	 1.0034e+00	 1.2808e+00	 9.9948e-01
	 nan	22.857	1.0125	 2.8551e+01	 1.0034e+00	 1.2798e+00	 1.0003e+00
	 nan	22.872	1.013	 2.8561e+01	 1.0034e+00	 1.2789e+00	 9.9922e-01
	 nan	22.887	1.0134	 2.8570e+01	 1.0034e+00	 1.2779e+00	 1.0002e+00
	 nan	22.901	1.0125	 2.8579e+01	 1.0033e+00	 1.2769e+00	 9.9897e-01
	 nan	22.916	1.0135	 2.8588e+01	 1.0033e+00	 1.2760e+00	 1.0000e+00
	 nan	22.931	1.0125	 2.8597e+01	 1.0033e+00	 1.2750e+00	 9.9937e-01
	 nan	22.946	1.0136	 2.8606e+01	 1.0033e+00	 1.2741e+00	 9.9978e-01
	 nan	22.96	1.0125	 2.8616e+01	 1.0033e+00	 1.2731e+00	 9.9992e-01
	 nan	22.975	1.0131	 2.8625e+01	 1.0033e+00	 1.2722e+00	 9.9897e-01
	 nan	22.99	1.0127	 2.8634e+01	 1.0033e+00	 1.2712e+00	 9.9985e-01
	 nan	23.005	1.0134	 2.8643e+01	 1.0033e+00	 1.2702e+00	 9.9915e-01
	 nan	23.019	1.0143	 2.8653e+01	 1.0033e+00	 1.2693e+00	 1.0007e+00
	 nan	23.034	1.0132	 2.8662e+01	 1.0032e+00	 1.2683e+00	 9.9911e-01
	 nan	23.049	1.014	 2.8671e+01	 1.0032e+00	 1.2674e+00	 9.9967e-01
	 nan	23.064	1.013	 2.8680e+01	 1.0032e+00	 1.2664e+00	 9.9941e-01
	 nan	23.079	1.0141	 2.8690e+01	 1.0032e+00	 1.2655e+00	 9.9970e-01
	 nan	23.093	1.0131	 2.8699e+01	 1.0033e+00	 1.2645e+00	 9.9963e-01
	 nan	23.108	1.014	 2.8709e+01	 1.0033e+00	 1.2636e+00	 9.9897e-01
	 nan	23.123	1.014	 2.8718e+01	 1.0033e+00	 1.2626e+00	 1.0004e+00
	 nan	23.138	1.0138	 2.8727e+01	 1.0033e+00	 1.2617e+00	 9.9871e-01
	 nan	23.153	1.0144	 2.8737e+01	 1.0033e+00	 1.2607e+00	 1.0000e+00
	 nan	23.167	1.0134	 2.8746e+01	 1.0033e+00	 1.2598e+00	 9.9904e-01
	 nan	23.182	1.0145	 2.8755e+01	 1.0033e+00	 1.2588e+00	 9.9970e-01
	 nan	23.197	1.0135	 2.8765e+01	 1.0033e+00	 1.2579e+00	 9.9941e-01
	 nan	23.212	1.014	 2.8774e+01	 1.0033e+00	 1.2569e+00	 9.9944e-01
	 nan	23.227	1.0137	 2.8784e+01	 1.0033e+00	 1.2560e+00	 9.9989e-01
	 nan	23.242	1.014	 2.8793e+01	 1.0033e+00	 1.2550e+00	 9.9893e-01
	 nan	23.256	1.0141	 2.8803e+01	 1.0034e+00	 1.2541e+00	 1.0004e+00
	 nan	23.271	1.0136	 2.8812e+01	 1.0034e+00	 1.2532e+00	 9.9933e-01
	 nan	23.286	1.0144	 2.8822e+01	 1.0034e+00	 1.2522e+00	 1.0001e+00
	 nan	23.301	1.0136	 2.8831e+01	 1.0034e+00	 1.2513e+00	 9.9922e-01
	 nan	23.316	1.0146	 2.8841e+01	 1.0034e+00	 1.2503e+00	 9.9967e-01
	 nan	23.331	1.0128	 2.8850e+01	 1.0034e+00	 1.2494e+00	 9.9930e-01
	 nan	23.346	1.0137	 2.8860e+01	 1.0034e+00	 1.2485e+00	 9.9933e-01
	 nan	23.361	1.0141	 2.8869e+01	 1.0035e+00	 1.2475e+00	 1.0002e+00
	 nan	23.375	1.0144	 2.8879e+01	 1.0035e+00	 1.2466e+00	 9.9908e-01
	 nan	23.39	1.0143	 2.8888e+01	 1.0035e+00	 1.2456e+00	 1.0006e+00
	 nan	23.405	1.0129	 2.8898e+01	 1.0035e+00	 1.2447e+00	 9.9919e-01
	 nan	23.42	1.0137	 2.8908e+01	 1.0035e+00	 1.2438e+00	 1.0000e+00
	 nan	23.435	1.0135	 2.8917e+01	 1.0035e+00	 1.2428e+00	 9.9926e-01
	 nan	23.45	1.0151	 2.8927e+01	 1.0035e+00	 1.2419e+00	 9.9955e-01
	 nan	23.465	1.0139	 2.8936e+01	 1.0036e+00	 1.2410e+00	 9.9967e-01
	 nan	23.48	1.0146	 2.8946e+01	 1.0036e+00	 1.2400e+00	 9.9900e-01
	 nan	23.495	1.0147	 2.8956e+01	 1.0036e+00	 1.2391e+00	 9.9959e-01
	 nan	23.51	1.0141	 2.8965e+01	 1.0036e+00	 1.2382e+00	 9.9863e-01
	 nan	23.525	1.0144	 2.8975e+01	 1.0036e+00	 1.2372e+00	 9.9974e-01
	 nan	23.54	1.0134	 2.8985e+01	 1.0036e+00	 1.2363e+00	 9.9856e-01
	 nan	23.555	1.0148	 2.8995e+01	 1.0037e+00	 1.2354e+00	 9.9955e-01
	 nan	23.57	1.0142	 2.9004e+01	 1.0037e+00	 1.2344e+00	 9.9885e-01
	 nan	23.585	1.0147	 2.9014e+01	 1.0037e+00	 1.2335e+00	 9.9911e-01
	 nan	23.6	1.0139	 2.9024e+01	 1.0037e+00	 1.2326e+00	 1.0002e+00
	 nan	23.615	1.0144	 2.9034e+01	 1.0037e+00	 1.2317e+00	 9.9893e-01
	 nan	23.63	1.0148	 2.9043e+01	 1.0038e+00	 1.2307e+00	 9.9959e-01
	 nan	23.645	1.0148	 2.9053e+01	 1.0038e+00	 1.2298e+00	 9.9915e-01
	 nan	23.66	1.0149	 2.9063e+01	 1.0038e+00	 1.2289e+00	 1.0004e+00
	 nan	23.675	1.0135	 2.9073e+01	 1.0038e+00	 1.2279e+00	 9.9856e-01
	 nan	23.69	1.0147	 2.9083e+01	 1.0038e+00	 1.2270e+00	 9.9959e-01
	 nan	23.705	1.0138	 2.9092e+01	 1.0038e+00	 1.2261e+00	 9.9970e-01
	 nan	23.72	1.0152	 2.9102e+01	 1.0039e+00	 1.2252e+00	 9.9922e-01
	 nan	23.735	1.0144	 2.9112e+01	 1.0039e+00	 1.2243e+00	 9.9959e-01
	 nan	23.75	1.0143	 2.9122e+01	 1.0039e+00	 1.2233e+00	 9.9849e-01
	 nan	23.765	1.0147	 2.9132e+01	 1.0039e+00	 1.2224e+00	 9.9978e-01
	 nan	23.78	1.0142	 2.9142e+01	 1.0040e+00	 1.2215e+00	 9.9911e-01
	 nan	23.795	1.015	 2.9152e+01	 1.0040e+00	 1.2206e+00	 1.0001e+00
	 nan	23.81	1.0141	 2.9162e+01	 1.0040e+00	 1.2197e+00	 9.9908e-01
	 nan	23.825	1.0156	 2.9172e+01	 1.0040e+00	 1.2187e+00	 9.9974e-01
	 nan	23.84	1.0145	 2.9182e+01	 1.0040e+00	 1.2178e+00	 9.9974e-01
	 nan	23.855	1.0151	 2.9192e+01	 1.0041e+00	 1.2169e+00	 9.9919e-01
	 nan	23.871	1.0148	 2.9202e+01	 1.0041e+00	 1.2160e+00	 9.9985e-01
	 nan	23.886	1.0147	 2.9212e+01	 1.0041e+00	 1.2151e+00	 9.9911e-01
	 nan	23.901	1.015	 2.9222e+01	 1.0041e+00	 1.2141e+00	 9.9978e-01
	 nan	23.916	1.014	 2.9232e+01	 1.0042e+00	 1.2132e+00	 9.9838e-01
	 nan	23.931	1.0151	 2.9242e+01	 1.0042e+00	 1.2123e+00	 1.0001e+00
	 nan	23.946	1.0143	 2.9252e+01	 1.0042e+00	 1.2114e+00	 9.9955e-01
	 nan	23.961	1.0153	 2.9262e+01	 1.0042e+00	 1.2105e+00	 9.9974e-01
	 nan	23.977	1.0142	 2.9272e+01	 1.0042e+00	 1.2096e+00	 9.9992e-01
	 nan	23.992	1.0149	 2.9282e+01	 1.0043e+00	 1.2087e+00	 9.9948e-01
	 nan	24.007	1.015	 2.9292e+01	 1.0043e+00	 1.2078e+00	 1.0003e+00
	 nan	24.022	1.0147	 2.9302e+01	 1.0043e+00	 1.2068e+00	 9.9871e-01
	 nan	24.037	1.015	 2.9312e+01	 1.0043e+00	 1.2059e+00	 9.9959e-01
	 nan	24.052	1.0145	 2.9322e+01	 1.0044e+00	 1.2050e+00	 9.9882e-01
	 nan	24.067	1.0165	 2.9333e+01	 1.0044e+00	 1.2041e+00	 9.9985e-01
	 nan	24.083	1.0154	 2.9343e+01	 1.0044e+00	 1.2032e+00	 9.9860e-01
	 nan	24.098	1.0159	 2.9353e+01	 1.0044e+00	 1.2023e+00	 9.9874e-01
	 nan	24.113	1.0149	 2.9363e+01	 1.0045e+00	 1.2014e+00	 1.0000e+00
	 nan	24.128	1.0151	 2.9373e+01	 1.0045e+00	 1.2005e+00	 9.9981e-01
	 nan	24.144	1.0147	 2.9384e+01	 1.0045e+00	 1.1996e+00	 1.0006e+00
	 nan	24.159	1.0143	 2.9394e+01	 1.0045e+00	 1.1987e+00	 9.9897e-01
	 nan	24.174	1.0154	 2.9404e+01	 1.0046e+00	 1.1978e+00	 9.9981e-01
	 nan	24.189	1.0147	 2.9414e+01	 1.0046e+00	 1.1968e+00	 9.9874e-01
	 nan	24.205	1.0157	 2.9425e+01	 1.0046e+00	 1.1959e+00	 9.9989e-01
	 nan	24.22	1.0136	 2.9435e+01	 1.0047e+00	 1.1950e+00	 9.9985e-01
	 nan	24.235	1.0153	 2.9445e+01	 1.0047e+00	 1.1941e+00	 9.9952e-01
	 nan	24.25	1.015	 2.9455e+01	 1.0047e+00	 1.1932e+00	 1.0003e+00
	 nan	24.266	1.0155	 2.9466e+01	 1.0048e+00	 1.1923e+00	 9.9919e-01
	 nan	24.281	1.0164	 2.9476e+01	 1.0048e+00	 1.1914e+00	 1.0000e+00
	 nan	24.296	1.0152	 2.9486e+01	 1.0048e+00	 1.1905e+00	 9.9863e-01
	 nan	24.312	1.0152	 2.9497e+01	 1.0049e+00	 1.1896e+00	 1.0003e+00
	 nan	24.327	1.014	 2.9507e+01	 1.0049e+00	 1.1887e+00	 1.0001e+00
	 nan	24.342	1.017	 2.9518e+01	 1.0049e+00	 1.1878e+00	 1.0003e+00
	 nan	24.358	1.0161	 2.9528e+01	 1.0049e+00	 1.1869e+00	 1.0000e+00
	 nan	24.373	1.0161	 2.9538e+01	 1.0050e+00	 1.1860e+00	 9.9926e-01
	 nan	24.388	1.0149	 2.9549e+01	 1.0050e+00	 1.1851e+00	 9.9989e-01
	 nan	24.404	1.0168	 2.9559e+01	 1.0050e+00	 1.1842e+00	 9.9897e-01
	 nan	24.419	1.0193	 2.9570e+01	 1.0050e+00	 1.1833e+00	 1.0000e+00
	 nan	24.434	1.0168	 2.9580e+01	 1.0051e+00	 1.1825e+00	 9.9897e-01
	 nan	24.45	1.0161	 2.9591e+01	 1.0051e+00	 1.1816e+00	 1.0000e+00
	 nan	24.465	1.0148	 2.9601e+01	 1.0051e+00	 1.1807e+00	 9.9930e-01
	 nan	24.481	1.0163	 2.9612e+01	 1.0052e+00	 1.1798e+00	 9.9952e-01
	 nan	24.496	1.0157	 2.9622e+01	 1.0052e+00	 1.1789e+00	 9.9978e-01
	 nan	24.511	1.016	 2.9633e+01	 1.0052e+00	 1.1780e+00	 9.9930e-01
	 nan	24.527	1.0156	 2.9643e+01	 1.0052e+00	 1.1771e+00	 1.0000e+00
	 nan	24.542	1.0152	 2.9654e+01	 1.0052e+00	 1.1762e+00	 9.9893e-01
	 nan	24.558	1.0157	 2.9664e+01	 1.0052e+00	 1.1753e+00	 1.0000e+00
	 nan	24.573	1.0149	 2.9675e+01	 1.0052e+00	 1.1744e+00	 9.9882e-01
	 nan	24.588	1.0164	 2.9686e+01	 1.0053e+00	 1.1735e+00	 1.0001e+00
	 nan	24.604	1.0152	 2.9696e+01	 1.0053e+00	 1.1726e+00	 9.9952e-01
	 nan	24.619	1.0163	 2.9707e+01	 1.0053e+00	 1.1718e+00	 9.9933e-01
	 nan	24.635	1.0159	 2.9718e+01	 1.0053e+00	 1.1709e+00	 9.9963e-01
	 nan	24.65	1.0157	 2.9728e+01	 1.0053e+00	 1.1700e+00	 9.9904e-01
	 nan	24.666	1.0155	 2.9739e+01	 1.0053e+00	 1.1691e+00	 1.0008e+00
	 nan	24.681	1.0152	 2.9749e+01	 1.0053e+00	 1.1682e+00	 9.9955e-01
	 nan	24.697	1.016	 2.9760e+01	 1.0053e+00	 1.1673e+00	 1.0000e+00
	 nan	24.712	1.0152	 2.9771e+01	 1.0053e+00	 1.1665e+00	 9.9871e-01
	 nan	24.728	1.0163	 2.9782e+01	 1.0053e+00	 1.1656e+00	 1.0000e+00
	 nan	24.743	1.0152	 2.9792e+01	 1.0053e+00	 1.1647e+00	 9.9981e-01
	 nan	24.759	1.016	 2.9803e+01	 1.0053e+00	 1.1638e+00	 9.9911e-01
	 nan	24.774	1.0158	 2.9814e+01	 1.0053e+00	 1.1629e+00	 9.9955e-01
	 nan	24.79	1.016	 2.9825e+01	 1.0053e+00	 1.1620e+00	 9.9889e-01
	 nan	24.805	1.0168	 2.9835e+01	 1.0053e+00	 1.1612e+00	 1.0002e+00
	 nan	24.821	1.0165	 2.9846e+01	 1.0053e+00	 1.1603e+00	 9.9919e-01
	 nan	24.836	1.0167	 2.9857e+01	 1.0053e+00	 1.1594e+00	 1.0008e+00
	 nan	24.852	1.0151	 2.9868e+01	 1.0053e+00	 1.1585e+00	 9.9985e-01
	 nan	24.867	1.0161	 2.9878e+01	 1.0053e+00	 1.1576e+00	 9.9967e-01
	 nan	24.883	1.0155	 2.9889e+01	 1.0053e+00	 1.1568e+00	 9.9959e-01
	 nan	24.899	1.0163	 2.9900e+01	 1.0053e+00	 1.1559e+00	 9.9919e-01
	 nan	24.914	1.0159	 2.9911e+01	 1.0053e+00	 1.1550e+00	 1.0003e+00
	 nan	24.93	1.0159	 2.9922e+01	 1.0053e+00	 1.1541e+00	 9.9930e-01
	 nan	24.945	1.0167	 2.9933e+01	 1.0053e+00	 1.1533e+00	 1.0000e+00
	 nan	24.961	1.0158	 2.9943e+01	 1.0053e+00	 1.1524e+00	 9.9841e-01
	 nan	24.976	1.0173	 2.9954e+01	 1.0053e+00	 1.1515e+00	 9.9981e-01
	 nan	24.992	1.0157	 2.9965e+01	 1.0053e+00	 1.1506e+00	 9.9952e-01
	 nan	25.008	1.0165	 2.9976e+01	 1.0053e+00	 1.1498e+00	 9.9974e-01
	 nan	25.023	1.0155	 2.9987e+01	 1.0053e+00	 1.1489e+00	 1.0004e+00
	 nan	25.039	1.016	 2.9998e+01	 1.0053e+00	 1.1480e+00	 9.9937e-01
	 nan	25.054	1.016	 3.0009e+01	 1.0052e+00	 1.1472e+00	 1.0000e+00
	 nan	25.07	1.0157	 3.0020e+01	 1.0052e+00	 1.1463e+00	 9.9900e-01
	 nan	25.085	1.0172	 3.0031e+01	 1.0052e+00	 1.1454e+00	 1.0003e+00
	 nan	25.101	1.0154	 3.0042e+01	 1.0052e+00	 1.1446e+00	 9.9926e-01
	 nan	25.117	1.0162	 3.0053e+01	 1.0052e+00	 1.1437e+00	 9.9992e-01
	 nan	25.132	1.0161	 3.0064e+01	 1.0052e+00	 1.1428e+00	 9.9922e-01
	 nan	25.148	1.0169	 3.0075e+01	 1.0052e+00	 1.1420e+00	 9.9897e-01
	 nan	25.164	1.0164	 3.0086e+01	 1.0051e+00	 1.1411e+00	 9.9937e-01
	 nan	25.179	1.0166	 3.0098e+01	 1.0051e+00	 1.1402e+00	 9.9889e-01
	 nan	25.195	1.0171	 3.0109e+01	 1.0051e+00	 1.1394e+00	 9.9981e-01
	 nan	25.211	1.0167	 3.0120e+01	 1.0051e+00	 1.1385e+00	 9.9878e-01
	 nan	25.226	1.0169	 3.0131e+01	 1.0051e+00	 1.1376e+00	 1.0004e+00
	 nan	25.242	1.0155	 3.0142e+01	 1.0050e+00	 1.1368e+00	 9.9948e-01
	 nan	25.258	1.0171	 3.0153e+01	 1.0050e+00	 1.1359e+00	 9.9970e-01
	 nan	25.273	1.0166	 3.0164e+01	 1.0050e+00	 1.1351e+00	 9.9908e-01
	 nan	25.289	1.0177	 3.0176e+01	 1.0050e+00	 1.1342e+00	 9.9911e-01
	 nan	25.305	1.0167	 3.0187e+01	 1.0050e+00	 1.1334e+00	 1.0005e+00
	 nan	25.32	1.0169	 3.0198e+01	 1.0050e+00	 1.1325e+00	 9.9952e-01
	 nan	25.336	1.0173	 3.0209e+01	 1.0049e+00	 1.1316e+00	 1.0005e+00
	 nan	25.351	1.0163	 3.0220e+01	 1.0049e+00	 1.1308e+00	 9.9915e-01
	 nan	25.367	1.0176	 3.0232e+01	 1.0049e+00	 1.1299e+00	 1.0001e+00
	 nan	25.383	1.017	 3.0243e+01	 1.0049e+00	 1.1291e+00	 9.9952e-01
	 nan	25.399	1.0189	 3.0254e+01	 1.0049e+00	 1.1282e+00	 9.9974e-01
	 nan	25.414	1.0182	 3.0266e+01	 1.0049e+00	 1.1274e+00	 9.9959e-01
	 nan	25.43	1.0182	 3.0277e+01	 1.0049e+00	 1.1265e+00	 9.9948e-01
	 nan	25.446	1.017	 3.0288e+01	 1.0048e+00	 1.1257e+00	 1.0006e+00
	 nan	25.461	1.0168	 3.0299e+01	 1.0048e+00	 1.1248e+00	 9.9904e-01
	 nan	25.477	1.0174	 3.0311e+01	 1.0048e+00	 1.1240e+00	 1.0000e+00
	 nan	25.493	1.0159	 3.0322e+01	 1.0048e+00	 1.1231e+00	 9.9904e-01
	 nan	25.509	1.0171	 3.0334e+01	 1.0048e+00	 1.1223e+00	 1.0001e+00
	 nan	25.524	1.0168	 3.0345e+01	 1.0048e+00	 1.1214e+00	 9.9963e-01
	 nan	25.54	1.0177	 3.0356e+01	 1.0048e+00	 1.1206e+00	 9.9900e-01
	 nan	25.556	1.0163	 3.0368e+01	 1.0048e+00	 1.1197e+00	 9.9989e-01
	 nan	25.572	1.0171	 3.0379e+01	 1.0048e+00	 1.1189e+00	 9.9959e-01
	 nan	25.587	1.0171	 3.0391e+01	 1.0048e+00	 1.1180e+00	 9.9992e-01
	 nan	25.603	1.0163	 3.0402e+01	 1.0048e+00	 1.1172e+00	 9.9871e-01
	 nan	25.619	1.0172	 3.0414e+01	 1.0048e+00	 1.1163e+00	 1.0003e+00
	 nan	25.635	1.0166	 3.0425e+01	 1.0048e+00	 1.1155e+00	 9.9967e-01
	 nan	25.651	1.0178	 3.0436e+01	 1.0048e+00	 1.1146e+00	 1.0004e+00
	 nan	25.666	1.0169	 3.0448e+01	 1.0048e+00	 1.1138e+00	 9.9952e-01
	 nan	25.682	1.0179	 3.0460e+01	 1.0048e+00	 1.1130e+00	 9.9915e-01
	 nan	25.698	1.0171	 3.0471e+01	 1.0048e+00	 1.1121e+00	 1.0004e+00
	 nan	25.714	1.0172	 3.0483e+01	 1.0048e+00	 1.1113e+00	 9.9952e-01
	 nan	25.73	1.0178	 3.0494e+01	 1.0048e+00	 1.1104e+00	 1.0001e+00
	 nan	25.746	1.0174	 3.0506e+01	 1.0048e+00	 1.1096e+00	 9.9878e-01
	 nan	25.761	1.018	 3.0517e+01	 1.0048e+00	 1.1088e+00	 1.0003e+00
	 nan	25.777	1.017	 3.0529e+01	 1.0048e+00	 1.1079e+00	 9.9941e-01
	 nan	25.793	1.0181	 3.0541e+01	 1.0048e+00	 1.1071e+00	 9.9970e-01
	 nan	25.809	1.017	 3.0552e+01	 1.0048e+00	 1.1062e+00	 9.9944e-01
	 nan	25.825	1.0178	 3.0564e+01	 1.0048e+00	 1.1054e+00	 9.9989e-01
	 nan	25.841	1.0173	 3.0576e+01	 1.0048e+00	 1.1046e+00	 1.0005e+00
	 nan	25.857	1.017	 3.0587e+01	 1.0049e+00	 1.1037e+00	 9.9933e-01
	 nan	25.872	1.0175	 3.0599e+01	 1.0049e+00	 1.1029e+00	 1.0004e+00
	 nan	25.888	1.0168	 3.0611e+01	 1.0049e+00	 1.1021e+00	 9.9893e-01
	 nan	25.904	1.0178	 3.0622e+01	 1.0049e+00	 1.1012e+00	 9.9978e-01
	 nan	25.92	1.0168	 3.0634e+01	 1.0049e+00	 1.1004e+00	 9.9937e-01
	 nan	25.936	1.0179	 3.0646e+01	 1.0049e+00	 1.0996e+00	 9.9967e-01
	 nan	25.952	1.0167	 3.0658e+01	 1.0049e+00	 1.0987e+00	 9.9985e-01
	 nan	25.968	1.0171	 3.0669e+01	 1.0049e+00	 1.0979e+00	 9.9981e-01
	 nan	25.984	1.0172	 3.0681e+01	 1.0049e+00	 1.0971e+00	 1.0010e+00
	 nan	26.0	1.0174	 3.0693e+01	 1.0049e+00	 1.0962e+00	 9.9948e-01
	 nan	26.015	1.0181	 3.0705e+01	 1.0050e+00	 1.0954e+00	 1.0006e+00
	 nan	26.031	1.017	 3.0717e+01	 1.0050e+00	 1.0946e+00	 9.9904e-01
	 nan	26.047	1.0183	 3.0728e+01	 1.0050e+00	 1.0938e+00	 9.9974e-01
	 nan	26.063	1.0173	 3.0740e+01	 1.0050e+00	 1.0929e+00	 9.9970e-01
	 nan	26.079	1.018	 3.0752e+01	 1.0050e+00	 1.0921e+00	 9.9985e-01
	 nan	26.095	1.0175	 3.0764e+01	 1.0050e+00	 1.0913e+00	 1.0001e+00
	 nan	26.111	1.0178	 3.0776e+01	 1.0050e+00	 1.0905e+00	 9.9930e-01
	 nan	26.127	1.0178	 3.0788e+01	 1.0050e+00	 1.0896e+00	 1.0003e+00
	 nan	26.143	1.0173	 3.0800e+01	 1.0050e+00	 1.0888e+00	 9.9908e-01
	 nan	26.159	1.0179	 3.0812e+01	 1.0051e+00	 1.0880e+00	 1.0001e+00
	 nan	26.175	1.0169	 3.0824e+01	 1.0051e+00	 1.0872e+00	 9.9930e-01
	 nan	26.19	1.0182	 3.0836e+01	 1.0051e+00	 1.0864e+00	 9.9981e-01
	 nan	26.206	1.0173	 3.0848e+01	 1.0051e+00	 1.0855e+00	 9.9933e-01
	 nan	26.222	1.0182	 3.0860e+01	 1.0051e+00	 1.0847e+00	 9.9919e-01
	 nan	26.238	1.0177	 3.0872e+01	 1.0051e+00	 1.0839e+00	 9.9978e-01
	 nan	26.254	1.018	 3.0884e+01	 1.0051e+00	 1.0831e+00	 9.9911e-01
	 nan	26.27	1.0182	 3.0896e+01	 1.0051e+00	 1.0823e+00	 1.0006e+00
	 nan	26.286	1.0179	 3.0908e+01	 1.0051e+00	 1.0814e+00	 9.9919e-01
	 nan	26.302	1.0186	 3.0920e+01	 1.0051e+00	 1.0806e+00	 1.0003e+00
	 nan	26.318	1.017	 3.0932e+01	 1.0051e+00	 1.0798e+00	 9.9944e-01
	 nan	26.334	1.0186	 3.0944e+01	 1.0051e+00	 1.0790e+00	 1.0003e+00
	 nan	26.35	1.0178	 3.0956e+01	 1.0051e+00	 1.0782e+00	 9.9989e-01
	 nan	26.366	1.0179	 3.0968e+01	 1.0051e+00	 1.0773e+00	 9.9952e-01
	 nan	26.382	1.017	 3.0980e+01	 1.0051e+00	 1.0765e+00	 1.0006e+00
	 nan	26.398	1.0179	 3.0992e+01	 1.0052e+00	 1.0757e+00	 9.9922e-01
	 nan	26.414	1.0191	 3.1005e+01	 1.0052e+00	 1.0749e+00	 1.0008e+00
	 nan	26.43	1.0182	 3.1017e+01	 1.0052e+00	 1.0741e+00	 9.9981e-01
	 nan	26.446	1.0184	 3.1029e+01	 1.0052e+00	 1.0733e+00	 1.0006e+00
	 nan	26.462	1.0172	 3.1041e+01	 1.0052e+00	 1.0725e+00	 1.0000e+00
	 nan	26.477	1.0184	 3.1053e+01	 1.0052e+00	 1.0716e+00	 9.9985e-01
	 nan	26.493	1.018	 3.1066e+01	 1.0052e+00	 1.0708e+00	 9.9944e-01
	 nan	26.509	1.0184	 3.1078e+01	 1.0052e+00	 1.0700e+00	 9.9889e-01
	 nan	26.525	1.018	 3.1090e+01	 1.0052e+00	 1.0692e+00	 1.0000e+00
	 nan	26.541	1.0179	 3.1102e+01	 1.0052e+00	 1.0684e+00	 9.9897e-01
	 nan	26.557	1.019	 3.1115e+01	 1.0052e+00	 1.0676e+00	 1.0003e+00
	 nan	26.573	1.0176	 3.1127e+01	 1.0052e+00	 1.0668e+00	 9.9871e-01
	 nan	26.589	1.0183	 3.1139e+01	 1.0052e+00	 1.0660e+00	 9.9937e-01
	 nan	26.605	1.0178	 3.1152e+01	 1.0053e+00	 1.0651e+00	 9.9937e-01
	 nan	26.621	1.0185	 3.1164e+01	 1.0053e+00	 1.0643e+00	 1.0001e+00
	 nan	26.637	1.0178	 3.1176e+01	 1.0052e+00	 1.0635e+00	 9.9996e-01
	 nan	26.653	1.0188	 3.1189e+01	 1.0052e+00	 1.0627e+00	 9.9860e-01
	 nan	26.669	1.0184	 3.1201e+01	 1.0053e+00	 1.0619e+00	 1.0002e+00
	 nan	26.685	1.0173	 3.1213e+01	 1.0053e+00	 1.0611e+00	 9.9944e-01
	 nan	26.701	1.0186	 3.1226e+01	 1.0053e+00	 1.0603e+00	 1.0004e+00
	 nan	26.717	1.0175	 3.1238e+01	 1.0053e+00	 1.0595e+00	 9.9874e-01
	 nan	26.733	1.0186	 3.1251e+01	 1.0053e+00	 1.0587e+00	 1.0002e+00
	 nan	26.749	1.0176	 3.1263e+01	 1.0053e+00	 1.0579e+00	 1.0001e+00
	 nan	26.765	1.0194	 3.1276e+01	 1.0053e+00	 1.0571e+00	 9.9930e-01
	 nan	26.781	1.0204	 3.1288e+01	 1.0053e+00	 1.0563e+00	 9.9952e-01
	 nan	26.797	1.0194	 3.1300e+01	 1.0053e+00	 1.0555e+00	 9.9867e-01
	 nan	26.813	1.0181	 3.1313e+01	 1.0053e+00	 1.0547e+00	 1.0003e+00
	 nan	26.829	1.0181	 3.1326e+01	 1.0053e+00	 1.0539e+00	 9.9889e-01
	 nan	26.845	1.0187	 3.1338e+01	 1.0053e+00	 1.0531e+00	 1.0000e+00
	 nan	26.861	1.0172	 3.1351e+01	 1.0053e+00	 1.0523e+00	 9.9926e-01
	 nan	26.877	1.0189	 3.1363e+01	 1.0053e+00	 1.0515e+00	 9.9989e-01
	 nan	26.893	1.0182	 3.1376e+01	 1.0053e+00	 1.0507e+00	 1.0001e+00
	 nan	26.908	1.0189	 3.1388e+01	 1.0053e+00	 1.0499e+00	 9.9926e-01
	 nan	26.924	1.0187	 3.1401e+01	 1.0053e+00	 1.0491e+00	 1.0000e+00
	 nan	26.94	1.0185	 3.1414e+01	 1.0053e+00	 1.0483e+00	 9.9933e-01
	 nan	26.956	1.0191	 3.1426e+01	 1.0053e+00	 1.0475e+00	 1.0004e+00
	 nan	26.972	1.0184	 3.1439e+01	 1.0053e+00	 1.0467e+00	 9.9889e-01
	 nan	26.988	1.0192	 3.1451e+01	 1.0053e+00	 1.0459e+00	 9.9992e-01
	 nan	27.004	1.0176	 3.1464e+01	 1.0053e+00	 1.0451e+00	 9.9937e-01
	 nan	27.02	1.0186	 3.1477e+01	 1.0053e+00	 1.0443e+00	 9.9985e-01
	 nan	27.036	1.0184	 3.1490e+01	 1.0053e+00	 1.0435e+00	 1.0002e+00
	 nan	27.052	1.0193	 3.1502e+01	 1.0053e+00	 1.0427e+00	 9.9922e-01
	 nan	27.068	1.019	 3.1515e+01	 1.0052e+00	 1.0419e+00	 9.9996e-01
	 nan	27.084	1.0183	 3.1528e+01	 1.0052e+00	 1.0411e+00	 9.9882e-01
	 nan	27.1	1.0189	 3.1540e+01	 1.0052e+00	 1.0403e+00	 1.0001e+00
	 nan	27.116	1.0179	 3.1553e+01	 1.0052e+00	 1.0395e+00	 9.9908e-01
	 nan	27.132	1.0186	 3.1566e+01	 1.0052e+00	 1.0388e+00	 1.0004e+00
	 nan	27.148	1.0175	 3.1579e+01	 1.0052e+00	 1.0380e+00	 9.9967e-01
	 nan	27.163	1.0188	 3.1592e+01	 1.0052e+00	 1.0372e+00	 9.9944e-01
	 nan	27.179	1.0184	 3.1605e+01	 1.0052e+00	 1.0364e+00	 9.9978e-01
	 nan	27.195	1.0183	 3.1617e+01	 1.0052e+00	 1.0356e+00	 9.9948e-01
	 nan	27.211	1.0183	 3.1630e+01	 1.0052e+00	 1.0348e+00	 1.0011e+00
	 nan	27.227	1.0187	 3.1643e+01	 1.0052e+00	 1.0340e+00	 9.9963e-01
	 nan	27.243	1.0194	 3.1656e+01	 1.0052e+00	 1.0332e+00	 1.0007e+00
	 nan	27.259	1.0181	 3.1669e+01	 1.0052e+00	 1.0325e+00	 9.9919e-01
	 nan	27.275	1.0193	 3.1682e+01	 1.0052e+00	 1.0317e+00	 9.9963e-01
	 nan	27.291	1.0179	 3.1695e+01	 1.0052e+00	 1.0309e+00	 9.9952e-01
	 nan	27.306	1.0189	 3.1708e+01	 1.0052e+00	 1.0301e+00	 9.9919e-01
	 nan	27.322	1.0188	 3.1721e+01	 1.0052e+00	 1.0293e+00	 1.0001e+00
	 nan	27.338	1.0189	 3.1734e+01	 1.0052e+00	 1.0286e+00	 9.9937e-01
	 nan	27.354	1.0189	 3.1747e+01	 1.0051e+00	 1.0278e+00	 1.0000e+00
	 nan	27.37	1.0183	 3.1760e+01	 1.0051e+00	 1.0270e+00	 9.9900e-01
	 nan	27.386	1.0195	 3.1773e+01	 1.0051e+00	 1.0262e+00	 1.0002e+00
	 nan	27.402	1.0183	 3.1786e+01	 1.0051e+00	 1.0254e+00	 9.9893e-01
	 nan	27.418	1.0194	 3.1799e+01	 1.0051e+00	 1.0246e+00	 9.9944e-01
	 nan	27.434	1.0184	 3.1812e+01	 1.0051e+00	 1.0239e+00	 9.9985e-01
	 nan	27.45	1.0189	 3.1825e+01	 1.0051e+00	 1.0231e+00	 9.9974e-01
	 nan	27.465	1.0186	 3.1838e+01	 1.0051e+00	 1.0223e+00	 1.0008e+00
	 nan	27.481	1.018	 3.1851e+01	 1.0051e+00	 1.0215e+00	 9.9900e-01
	 nan	27.497	1.0188	 3.1864e+01	 1.0051e+00	 1.0208e+00	 9.9967e-01
	 nan	27.513	1.0182	 3.1877e+01	 1.0051e+00	 1.0200e+00	 9.9893e-01
	 nan	27.529	1.0195	 3.1890e+01	 1.0051e+00	 1.0192e+00	 1.0004e+00
	 nan	27.545	1.0188	 3.1904e+01	 1.0051e+00	 1.0184e+00	 9.9981e-01
	 nan	27.561	1.0194	 3.1917e+01	 1.0051e+00	 1.0177e+00	 9.9967e-01
	 nan	27.577	1.018	 3.1930e+01	 1.0051e+00	 1.0169e+00	 9.9981e-01
	 nan	27.593	1.0182	 3.1943e+01	 1.0051e+00	 1.0161e+00	 9.9952e-01
	 nan	27.609	1.0191	 3.1956e+01	 1.0051e+00	 1.0153e+00	 1.0004e+00
	 nan	27.625	1.0185	 3.1970e+01	 1.0051e+00	 1.0146e+00	 9.9919e-01
	 nan	27.641	1.0195	 3.1983e+01	 1.0051e+00	 1.0138e+00	 1.0004e+00
	 nan	27.657	1.0184	 3.1996e+01	 1.0051e+00	 1.0130e+00	 9.9930e-01
	 nan	27.674	1.0194	 3.2009e+01	 1.0051e+00	 1.0123e+00	 9.9955e-01
	 nan	27.69	1.0186	 3.2023e+01	 1.0051e+00	 1.0115e+00	 9.9948e-01
	 nan	27.707	1.0194	 3.2036e+01	 1.0051e+00	 1.0107e+00	 9.9996e-01
	 nan	27.723	1.0175	 3.2049e+01	 1.0051e+00	 1.0100e+00	 1.0003e+00
	 nan	27.74	1.0184	 3.2063e+01	 1.0051e+00	 1.0092e+00	 9.9922e-01
	 nan	27.758	1.0208	 3.2076e+01	 1.0051e+00	 1.0084e+00	 1.0003e+00
	 nan	27.776	1.0199	 3.2089e+01	 1.0051e+00	 1.0077e+00	 9.9889e-01
	 nan	27.794	1.0198	 3.2103e+01	 1.0051e+00	 1.0069e+00	 1.0003e+00
	 nan	27.814	1.0171	 3.2116e+01	 1.0051e+00	 1.0061e+00	 9.9948e-01
	 nan	27.835	1.0187	 3.2130e+01	 1.0051e+00	 1.0054e+00	 9.9970e-01
	 nan	27.858	1.0211	 3.2143e+01	 1.0051e+00	 1.0046e+00	 9.9948e-01
	 nan	27.883	1.012	 3.2156e+01	 1.0052e+00	 1.0038e+00	 9.9981e-01
	 nan	27.911	0.98308	 3.2170e+01	 1.0052e+00	 1.0031e+00	 1.0002e+00
	 nan	28.019	1.0059	 3.2183e+01	 1.0052e+00	 1.0023e+00	 9.9885e-01
	 nan	28.027	1.0077	 3.2197e+01	 1.0052e+00	 1.0015e+00	 1.0004e+00
	 nan	28.036	1.0096	 3.2210e+01	 1.0052e+00	 1.0008e+00	 9.9904e-01
	 nan	28.044	1.0116	 3.2224e+01	 1.0052e+00	 1.0000e+00	 9.9985e-01
	 nan	28.053	1.0137	 3.2237e+01	 1.0052e+00	 9.9926e-01	 9.9944e-01
	 nan	28.061	1.0157	 3.2251e+01	 1.0052e+00	 9.9850e-01	 9.9989e-01
	 nan	28.07	1.0174	 3.2264e+01	 1.0052e+00	 9.9775e-01	 9.9948e-01
	 nan	28.078	1.0187	 3.2278e+01	 1.0053e+00	 9.9699e-01	 9.9952e-01
	 nan	28.087	1.0196	 3.2291e+01	 1.0053e+00	 9.9622e-01	 1.0005e+00
	 nan	28.095	1.0202	 3.2305e+01	 1.0053e+00	 9.9547e-01	 9.9874e-01
	 nan	28.104	1.0207	 3.2319e+01	 1.0053e+00	 9.9471e-01	 1.0002e+00
	 nan	28.112	1.0213	 3.2332e+01	 1.0053e+00	 9.9395e-01	 9.9937e-01
	 nan	28.121	1.0219	 3.2346e+01	 1.0053e+00	 9.9320e-01	 1.0003e+00
	 nan	28.129	1.0227	 3.2359e+01	 1.0054e+00	 9.9244e-01	 9.9981e-01
	 nan	28.138	1.0234	 3.2373e+01	 1.0054e+00	 9.9168e-01	 9.9974e-01
	 nan	28.146	1.024	 3.2387e+01	 1.0054e+00	 9.9092e-01	 9.9974e-01
	 nan	28.155	1.0242	 3.2400e+01	 1.0055e+00	 9.9016e-01	 9.9941e-01
	 nan	28.164	1.024	 3.2414e+01	 1.0055e+00	 9.8941e-01	 1.0011e+00
	 nan	28.172	1.0237	 3.2428e+01	 1.0055e+00	 9.8866e-01	 9.9926e-01
	 nan	28.181	1.0234	 3.2442e+01	 1.0055e+00	 9.8790e-01	 1.0003e+00
	 nan	28.189	1.0232	 3.2455e+01	 1.0055e+00	 9.8715e-01	 9.9955e-01
	 nan	28.198	1.0232	 3.2469e+01	 1.0056e+00	 9.8640e-01	 1.0005e+00
	 nan	28.207	1.0234	 3.2483e+01	 1.0056e+00	 9.8565e-01	 9.9955e-01
	 nan	28.215	1.0237	 3.2497e+01	 1.0056e+00	 9.8489e-01	 9.9930e-01
	 nan	28.224	1.0238	 3.2511e+01	 1.0056e+00	 9.8414e-01	 1.0000e+00
	 nan	28.233	1.0236	 3.2524e+01	 1.0057e+00	 9.8339e-01	 9.9933e-01
	 nan	28.242	1.0232	 3.2538e+01	 1.0057e+00	 9.8264e-01	 1.0009e+00
	 nan	28.25	1.0225	 3.2552e+01	 1.0057e+00	 9.8189e-01	 9.9978e-01
	 nan	28.259	1.022	 3.2566e+01	 1.0057e+00	 9.8114e-01	 1.0005e+00
	 nan	28.268	1.0215	 3.2580e+01	 1.0058e+00	 9.8039e-01	 9.9933e-01
	 nan	28.277	1.0214	 3.2594e+01	 1.0058e+00	 9.7965e-01	 9.9922e-01
	 nan	28.285	1.0215	 3.2608e+01	 1.0058e+00	 9.7890e-01	 9.9933e-01
	 nan	28.294	1.0215	 3.2621e+01	 1.0058e+00	 9.7815e-01	 9.9930e-01
	 nan	28.303	1.0215	 3.2635e+01	 1.0059e+00	 9.7741e-01	 1.0003e+00
	 nan	28.312	1.0212	 3.2649e+01	 1.0059e+00	 9.7667e-01	 9.9922e-01
	 nan	28.321	1.0206	 3.2663e+01	 1.0059e+00	 9.7592e-01	 1.0001e+00
	 nan	28.329	1.0199	 3.2677e+01	 1.0060e+00	 9.7518e-01	 9.9908e-01
	 nan	28.338	1.0193	 3.2691e+01	 1.0060e+00	 9.7444e-01	 1.0004e+00
	 nan	28.347	1.0189	 3.2705e+01	 1.0060e+00	 9.7370e-01	 9.9981e-01
	 nan	28.356	1.0188	 3.2719e+01	 1.0060e+00	 9.7296e-01	 9.9970e-01
	 nan	28.365	1.0189	 3.2733e+01	 1.0061e+00	 9.7222e-01	 9.9952e-01
	 nan	28.374	1.0191	 3.2747e+01	 1.0061e+00	 9.7148e-01	 9.9933e-01
	 nan	28.383	1.0192	 3.2761e+01	 1.0061e+00	 9.7074e-01	 1.0007e+00
	 nan	28.392	1.019	 3.2776e+01	 1.0061e+00	 9.7000e-01	 9.9978e-01
	 nan	28.4	1.0186	 3.2790e+01	 1.0062e+00	 9.6926e-01	 1.0005e+00
	 nan	28.409	1.0182	 3.2804e+01	 1.0062e+00	 9.6852e-01	 9.9911e-01
	 nan	28.418	1.0177	 3.2818e+01	 1.0062e+00	 9.6778e-01	 1.0000e+00
	 nan	28.427	1.0175	 3.2832e+01	 1.0062e+00	 9.6705e-01	 9.9926e-01
	 nan	28.436	1.0176	 3.2846e+01	 1.0063e+00	 9.6631e-01	 9.9970e-01
	 nan	28.445	1.0179	 3.2860e+01	 1.0063e+00	 9.6558e-01	 1.0006e+00
	 nan	28.454	1.0183	 3.2875e+01	 1.0063e+00	 9.6484e-01	 9.9970e-01
	 nan	28.463	1.0184	 3.2889e+01	 1.0063e+00	 9.6411e-01	 1.0004e+00
	 nan	28.472	1.0184	 3.2903e+01	 1.0064e+00	 9.6338e-01	 9.9926e-01
	 nan	28.481	1.0182	 3.2917e+01	 1.0064e+00	 9.6264e-01	 1.0008e+00
	 nan	28.49	1.0178	 3.2931e+01	 1.0064e+00	 9.6191e-01	 9.9948e-01
	 nan	28.499	1.0174	 3.2946e+01	 1.0064e+00	 9.6118e-01	 1.0000e+00
	 nan	28.509	1.0173	 3.2960e+01	 1.0064e+00	 9.6045e-01	 9.9967e-01
	 nan	28.518	1.0175	 3.2974e+01	 1.0065e+00	 9.5972e-01	 9.9978e-01
	 nan	28.527	1.0179	 3.2989e+01	 1.0065e+00	 9.5899e-01	 1.0008e+00
	 nan	28.536	1.0183	 3.3003e+01	 1.0065e+00	 9.5826e-01	 9.9959e-01
	 nan	28.545	1.0185	 3.3017e+01	 1.0065e+00	 9.5753e-01	 1.0004e+00
	 nan	28.554	1.0185	 3.3032e+01	 1.0065e+00	 9.5680e-01	 9.9908e-01
	 nan	28.563	1.0184	 3.3046e+01	 1.0066e+00	 9.5607e-01	 1.0007e+00
	 nan	28.572	1.018	 3.3060e+01	 1.0066e+00	 9.5534e-01	 9.9967e-01
	 nan	28.582	1.0178	 3.3075e+01	 1.0066e+00	 9.5461e-01	 1.0003e+00
	 nan	28.591	1.0178	 3.3089e+01	 1.0066e+00	 9.5388e-01	 9.9985e-01
	 nan	28.6	1.018	 3.3104e+01	 1.0066e+00	 9.5316e-01	 9.9959e-01
	 nan	28.609	1.0185	 3.3118e+01	 1.0066e+00	 9.5243e-01	 1.0010e+00
	 nan	28.618	1.019	 3.3132e+01	 1.0066e+00	 9.5171e-01	 9.9970e-01
	 nan	28.628	1.0194	 3.3147e+01	 1.0067e+00	 9.5098e-01	 1.0005e+00
	 nan	28.637	1.0195	 3.3161e+01	 1.0067e+00	 9.5026e-01	 9.9919e-01
	 nan	28.646	1.0193	 3.3176e+01	 1.0067e+00	 9.4953e-01	 1.0002e+00
	 nan	28.655	1.0191	 3.3190e+01	 1.0067e+00	 9.4881e-01	 9.9933e-01
	 nan	28.665	1.0189	 3.3205e+01	 1.0067e+00	 9.4808e-01	 9.9941e-01
	 nan	28.674	1.019	 3.3220e+01	 1.0067e+00	 9.4736e-01	 9.9967e-01
	 nan	28.683	1.0192	 3.3234e+01	 1.0068e+00	 9.4664e-01	 9.9970e-01
	 nan	28.693	1.0197	 3.3249e+01	 1.0068e+00	 9.4591e-01	 1.0009e+00
	 nan	28.702	1.0202	 3.3263e+01	 1.0068e+00	 9.4520e-01	 9.9970e-01
	 nan	28.711	1.0205	 3.3278e+01	 1.0068e+00	 9.4448e-01	 1.0009e+00
	 nan	28.721	1.0207	 3.3292e+01	 1.0068e+00	 9.4376e-01	 9.9959e-01
	 nan	28.73	1.0205	 3.3307e+01	 1.0069e+00	 9.4304e-01	 1.0004e+00
	 nan	28.739	1.0202	 3.3322e+01	 1.0069e+00	 9.4232e-01	 1.0004e+00
	 nan	28.749	1.02	 3.3336e+01	 1.0069e+00	 9.4161e-01	 1.0001e+00
	 nan	28.758	1.02	 3.3351e+01	 1.0069e+00	 9.4089e-01	 1.0001e+00
	 nan	28.767	1.0203	 3.3366e+01	 1.0069e+00	 9.4018e-01	 9.9904e-01
	 nan	28.777	1.0208	 3.3380e+01	 1.0069e+00	 9.3946e-01	 1.0007e+00
	 nan	28.786	1.0213	 3.3395e+01	 1.0069e+00	 9.3875e-01	 9.9963e-01
	 nan	28.796	1.0216	 3.3410e+01	 1.0069e+00	 9.3803e-01	 1.0003e+00
	 nan	28.805	1.0217	 3.3425e+01	 1.0070e+00	 9.3732e-01	 9.9919e-01
	 nan	28.815	1.0215	 3.3439e+01	 1.0070e+00	 9.3660e-01	 1.0003e+00
	 nan	28.824	1.0211	 3.3454e+01	 1.0070e+00	 9.3589e-01	 1.0003e+00
	 nan	28.834	1.0209	 3.3469e+01	 1.0070e+00	 9.3518e-01	 1.0000e+00
	 nan	28.843	1.0209	 3.3484e+01	 1.0070e+00	 9.3446e-01	 1.0003e+00
	 nan	28.853	1.0211	 3.3499e+01	 1.0070e+00	 9.3376e-01	 9.9948e-01
	 nan	28.862	1.0215	 3.3513e+01	 1.0070e+00	 9.3305e-01	 1.0010e+00
	 nan	28.872	1.0219	 3.3528e+01	 1.0070e+00	 9.3233e-01	 9.9944e-01
	 nan	28.882	1.0221	 3.3543e+01	 1.0071e+00	 9.3162e-01	 1.0003e+00
	 nan	28.891	1.0221	 3.3558e+01	 1.0071e+00	 9.3091e-01	 9.9963e-01
	 nan	28.901	1.0218	 3.3573e+01	 1.0071e+00	 9.3020e-01	 1.0002e+00
	 nan	28.91	1.0214	 3.3588e+01	 1.0071e+00	 9.2949e-01	 1.0001e+00
	 nan	28.92	1.021	 3.3603e+01	 1.0071e+00	 9.2878e-01	 9.9967e-01
	 nan	28.93	1.0209	 3.3618e+01	 1.0071e+00	 9.2807e-01	 1.0006e+00
	 nan	28.939	1.021	 3.3633e+01	 1.0071e+00	 9.2737e-01	 9.9963e-01
	 nan	28.949	1.0213	 3.3648e+01	 1.0071e+00	 9.2666e-01	 1.0011e+00
	 nan	28.959	1.0216	 3.3663e+01	 1.0071e+00	 9.2595e-01	 9.9989e-01
	 nan	28.968	1.0217	 3.3678e+01	 1.0071e+00	 9.2525e-01	 1.0007e+00
	 nan	28.978	1.0216	 3.3693e+01	 1.0071e+00	 9.2455e-01	 1.0003e+00
	 nan	28.988	1.0211	 3.3708e+01	 1.0071e+00	 9.2384e-01	 1.0006e+00
	 nan	28.997	1.0207	 3.3723e+01	 1.0071e+00	 9.2314e-01	 1.0003e+00
	 nan	29.007	1.0202	 3.3738e+01	 1.0071e+00	 9.2243e-01	 9.9937e-01
	 nan	29.017	1.0201	 3.3753e+01	 1.0071e+00	 9.2173e-01	 1.0004e+00
	 nan	29.027	1.0202	 3.3768e+01	 1.0071e+00	 9.2103e-01	 9.9893e-01
	 nan	29.036	1.0205	 3.3783e+01	 1.0071e+00	 9.2032e-01	 1.0005e+00
	 nan	29.046	1.021	 3.3798e+01	 1.0071e+00	 9.1962e-01	 9.9959e-01
	 nan	29.056	1.0212	 3.3813e+01	 1.0071e+00	 9.1892e-01	 1.0010e+00
	 nan	29.066	1.0212	 3.3829e+01	 1.0071e+00	 9.1822e-01	 1.0006e+00
	 nan	29.076	1.021	 3.3844e+01	 1.0071e+00	 9.1751e-01	 9.9981e-01
	 nan	29.085	1.0207	 3.3859e+01	 1.0071e+00	 9.1681e-01	 1.0003e+00
	 nan	29.095	1.0205	 3.3874e+01	 1.0071e+00	 9.1611e-01	 9.9908e-01
	 nan	29.105	1.0205	 3.3889e+01	 1.0071e+00	 9.1541e-01	 1.0002e+00
	 nan	29.115	1.0209	 3.3905e+01	 1.0071e+00	 9.1471e-01	 9.9930e-01
	 nan	29.125	1.0214	 3.3920e+01	 1.0070e+00	 9.1401e-01	 1.0005e+00
	 nan	29.135	1.0219	 3.3935e+01	 1.0070e+00	 9.1331e-01	 9.9959e-01
	 nan	29.145	1.0223	 3.3950e+01	 1.0070e+00	 9.1261e-01	 1.0004e+00
	 nan	29.155	1.0224	 3.3966e+01	 1.0070e+00	 9.1192e-01	 9.9978e-01
	 nan	29.165	1.0223	 3.3981e+01	 1.0070e+00	 9.1122e-01	 9.9989e-01
	 nan	29.175	1.022	 3.3996e+01	 1.0070e+00	 9.1053e-01	 1.0012e+00
	 nan	29.185	1.0219	 3.4012e+01	 1.0069e+00	 9.0984e-01	 1.0002e+00
	 nan	29.195	1.022	 3.4027e+01	 1.0069e+00	 9.0914e-01	 1.0012e+00
	 nan	29.204	1.0223	 3.4042e+01	 1.0069e+00	 9.0844e-01	 9.9904e-01
	 nan	29.214	1.0229	 3.4058e+01	 1.0069e+00	 9.0775e-01	 9.9959e-01
	 nan	29.224	1.0233	 3.4073e+01	 1.0069e+00	 9.0706e-01	 9.9955e-01
	 nan	29.234	1.0237	 3.4089e+01	 1.0068e+00	 9.0636e-01	 1.0007e+00
	 nan	29.245	1.0237	 3.4104e+01	 1.0068e+00	 9.0567e-01	 1.0005e+00
	 nan	29.255	1.0234	 3.4120e+01	 1.0068e+00	 9.0498e-01	 9.9937e-01
	 nan	29.265	1.0231	 3.4135e+01	 1.0068e+00	 9.0429e-01	 1.0001e+00
	 nan	29.275	1.0227	 3.4150e+01	 1.0068e+00	 9.0360e-01	 9.9919e-01
	 nan	29.285	1.0226	 3.4166e+01	 1.0067e+00	 9.0291e-01	 1.0007e+00
	 nan	29.295	1.0227	 3.4181e+01	 1.0067e+00	 9.0222e-01	 9.9959e-01
	 nan	29.305	1.023	 3.4197e+01	 1.0067e+00	 9.0153e-01	 1.0004e+00
	 nan	29.315	1.0232	 3.4213e+01	 1.0067e+00	 9.0084e-01	 9.9996e-01
	 nan	29.325	1.0232	 3.4228e+01	 1.0067e+00	 9.0015e-01	 1.0004e+00
	 nan	29.335	1.023	 3.4244e+01	 1.0067e+00	 8.9946e-01	 1.0008e+00
	 nan	29.345	1.0225	 3.4259e+01	 1.0067e+00	 8.9877e-01	 9.9937e-01
	 nan	29.356	1.022	 3.4275e+01	 1.0067e+00	 8.9808e-01	 1.0009e+00
	 nan	29.366	1.0215	 3.4290e+01	 1.0067e+00	 8.9740e-01	 9.9989e-01
	 nan	29.376	1.0212	 3.4306e+01	 1.0067e+00	 8.9670e-01	 1.0004e+00
	 nan	29.386	1.0212	 3.4322e+01	 1.0067e+00	 8.9601e-01	 9.9915e-01
	 nan	29.396	1.0213	 3.4337e+01	 1.0067e+00	 8.9532e-01	 1.0001e+00
	 nan	29.407	1.0216	 3.4353e+01	 1.0067e+00	 8.9463e-01	 9.9944e-01
	 nan	29.417	1.0216	 3.4369e+01	 1.0067e+00	 8.9394e-01	 9.9952e-01
	 nan	29.427	1.0213	 3.4384e+01	 1.0067e+00	 8.9324e-01	 1.0003e+00
	 nan	29.437	1.0209	 3.4400e+01	 1.0067e+00	 8.9255e-01	 9.9952e-01
	 nan	29.448	1.0203	 3.4416e+01	 1.0067e+00	 8.9187e-01	 1.0010e+00
	 nan	29.458	1.0199	 3.4432e+01	 1.0067e+00	 8.9119e-01	 9.9967e-01
	 nan	29.468	1.0197	 3.4447e+01	 1.0067e+00	 8.9050e-01	 1.0002e+00
	 nan	29.479	1.0198	 3.4463e+01	 1.0067e+00	 8.8982e-01	 9.9959e-01
	 nan	29.489	1.0202	 3.4479e+01	 1.0067e+00	 8.8914e-01	 1.0007e+00
	 nan	29.499	1.0205	 3.4495e+01	 1.0068e+00	 8.8845e-01	 1.0002e+00
	 nan	29.51	1.0207	 3.4511e+01	 1.0068e+00	 8.8777e-01	 9.9952e-01
	 nan	29.52	1.0206	 3.4527e+01	 1.0068e+00	 8.8709e-01	 1.0003e+00
	 nan	29.53	1.0203	 3.4542e+01	 1.0068e+00	 8.8641e-01	 9.9959e-01
	 nan	29.541	1.02	 3.4558e+01	 1.0069e+00	 8.8573e-01	 1.0007e+00
	 nan	29.551	1.0197	 3.4574e+01	 1.0069e+00	 8.8505e-01	 9.9915e-01
	 nan	29.562	1.0198	 3.4590e+01	 1.0069e+00	 8.8437e-01	 1.0007e+00
	 nan	29.572	1.02	 3.4606e+01	 1.0069e+00	 8.8369e-01	 9.9985e-01
	 nan	29.583	1.0205	 3.4622e+01	 1.0069e+00	 8.8301e-01	 9.9974e-01
	 nan	29.593	1.021	 3.4638e+01	 1.0070e+00	 8.8233e-01	 9.9981e-01
	 nan	29.603	1.0212	 3.4654e+01	 1.0070e+00	 8.8165e-01	 9.9955e-01
	 nan	29.614	1.0213	 3.4670e+01	 1.0070e+00	 8.8097e-01	 1.0006e+00
	 nan	29.625	1.021	 3.4686e+01	 1.0070e+00	 8.8029e-01	 9.9944e-01
	 nan	29.635	1.0207	 3.4702e+01	 1.0071e+00	 8.7961e-01	 1.0008e+00
	 nan	29.646	1.0204	 3.4718e+01	 1.0071e+00	 8.7894e-01	 9.9959e-01
	 nan	29.656	1.0205	 3.4734e+01	 1.0071e+00	 8.7826e-01	 1.0003e+00
	 nan	29.667	1.0207	 3.4750e+01	 1.0071e+00	 8.7758e-01	 9.9985e-01
	 nan	29.677	1.0211	 3.4766e+01	 1.0072e+00	 8.7691e-01	 1.0000e+00
	 nan	29.688	1.0216	 3.4782e+01	 1.0072e+00	 8.7624e-01	 1.0005e+00
	 nan	29.698	1.0218	 3.4798e+01	 1.0072e+00	 8.7557e-01	 9.9989e-01
	 nan	29.709	1.0218	 3.4814e+01	 1.0072e+00	 8.7489e-01	 1.0004e+00
	 nan	29.72	1.0215	 3.4830e+01	 1.0073e+00	 8.7422e-01	 9.9974e-01
	 nan	29.73	1.0211	 3.4846e+01	 1.0073e+00	 8.7354e-01	 1.0010e+00
	 nan	29.741	1.0209	 3.4862e+01	 1.0073e+00	 8.7287e-01	 9.9974e-01
	 nan	29.752	1.0208	 3.4879e+01	 1.0073e+00	 8.7220e-01	 1.0001e+00
	 nan	29.762	1.0211	 3.4895e+01	 1.0073e+00	 8.7152e-01	 9.9996e-01
	 nan	29.773	1.0215	 3.4911e+01	 1.0073e+00	 8.7085e-01	 1.0001e+00
	 nan	29.784	1.0218	 3.4927e+01	 1.0074e+00	 8.7018e-01	 1.0007e+00
	 nan	29.795	1.022	 3.4943e+01	 1.0074e+00	 8.6951e-01	 1.0001e+00
	 nan	29.805	1.0218	 3.4960e+01	 1.0074e+00	 8.6884e-01	 1.0004e+00
	 nan	29.816	1.0215	 3.4976e+01	 1.0074e+00	 8.6818e-01	 9.9860e-01
	 nan	29.827	1.0211	 3.4992e+01	 1.0074e+00	 8.6751e-01	 1.0003e+00
	 nan	29.838	1.0208	 3.5009e+01	 1.0074e+00	 8.6684e-01	 1.0003e+00
	 nan	29.848	1.0207	 3.5025e+01	 1.0074e+00	 8.6618e-01	 1.0007e+00
	 nan	29.859	1.0209	 3.5041e+01	 1.0074e+00	 8.6552e-01	 1.0001e+00
	 nan	29.87	1.0214	 3.5058e+01	 1.0075e+00	 8.6485e-01	 9.9970e-01
	 nan	29.881	1.0217	 3.5074e+01	 1.0075e+00	 8.6418e-01	 1.0009e+00
	 nan	29.892	1.022	 3.5090e+01	 1.0075e+00	 8.6352e-01	 1.0004e+00
	 nan	29.903	1.0219	 3.5107e+01	 1.0075e+00	 8.6285e-01	 1.0015e+00
	 nan	29.913	1.0217	 3.5123e+01	 1.0075e+00	 8.6219e-01	 9.9944e-01
	 nan	29.924	1.0214	 3.5139e+01	 1.0075e+00	 8.6152e-01	 1.0007e+00
	 nan	29.935	1.0212	 3.5156e+01	 1.0075e+00	 8.6086e-01	 9.9992e-01
	 nan	29.946	1.0213	 3.5172e+01	 1.0075e+00	 8.6019e-01	 9.9985e-01
	 nan	29.957	1.0216	 3.5189e+01	 1.0075e+00	 8.5953e-01	 1.0003e+00
	 nan	29.968	1.0221	 3.5205e+01	 1.0075e+00	 8.5887e-01	 1.0003e+00
	 nan	29.979	1.0227	 3.5222e+01	 1.0075e+00	 8.5821e-01	 1.0010e+00
	 nan	29.99	1.023	 3.5238e+01	 1.0075e+00	 8.5755e-01	 9.9952e-01
	 nan	30.001	1.0231	 3.5255e+01	 1.0075e+00	 8.5689e-01	 1.0006e+00
	 nan	30.012	1.0229	 3.5271e+01	 1.0075e+00	 8.5623e-01	 9.9959e-01
	 nan	30.023	1.0227	 3.5288e+01	 1.0075e+00	 8.5557e-01	 1.0004e+00
	 nan	30.034	1.0227	 3.5304e+01	 1.0075e+00	 8.5491e-01	 9.9992e-01
	 nan	30.045	1.0228	 3.5321e+01	 1.0075e+00	 8.5425e-01	 9.9996e-01
	 nan	30.056	1.0232	 3.5338e+01	 1.0075e+00	 8.5360e-01	 1.0005e+00
	 nan	30.067	1.0238	 3.5354e+01	 1.0075e+00	 8.5293e-01	 9.9974e-01
	 nan	30.078	1.0243	 3.5371e+01	 1.0075e+00	 8.5227e-01	 1.0010e+00
	 nan	30.089	1.0246	 3.5388e+01	 1.0075e+00	 8.5161e-01	 9.9922e-01
	 nan	30.1	1.0245	 3.5404e+01	 1.0075e+00	 8.5095e-01	 1.0004e+00
	 nan	30.111	1.0243	 3.5421e+01	 1.0075e+00	 8.5029e-01	 9.9985e-01
	 nan	30.122	1.0239	 3.5438e+01	 1.0075e+00	 8.4963e-01	 1.0008e+00
	 nan	30.134	1.0237	 3.5454e+01	 1.0075e+00	 8.4898e-01	 1.0005e+00
	 nan	30.145	1.0237	 3.5471e+01	 1.0075e+00	 8.4832e-01	 1.0000e+00
	 nan	30.156	1.024	 3.5488e+01	 1.0075e+00	 8.4767e-01	 1.0004e+00
	 nan	30.167	1.0244	 3.5505e+01	 1.0075e+00	 8.4701e-01	 9.9967e-01
	 nan	30.178	1.0248	 3.5521e+01	 1.0075e+00	 8.4635e-01	 1.0011e+00
	 nan	30.189	1.025	 3.5538e+01	 1.0075e+00	 8.4570e-01	 9.9970e-01
	 nan	30.201	1.0249	 3.5555e+01	 1.0075e+00	 8.4505e-01	 1.0006e+00
	 nan	30.212	1.0246	 3.5572e+01	 1.0075e+00	 8.4439e-01	 9.9974e-01
	 nan	30.223	1.0242	 3.5589e+01	 1.0075e+00	 8.4374e-01	 1.0003e+00
	 nan	30.234	1.0239	 3.5605e+01	 1.0074e+00	 8.4308e-01	 1.0003e+00
	 nan	30.246	1.0239	 3.5622e+01	 1.0074e+00	 8.4243e-01	 9.9981e-01
	 nan	30.257	1.0241	 3.5639e+01	 1.0074e+00	 8.4178e-01	 1.0001e+00
	 nan	30.268	1.0244	 3.5656e+01	 1.0074e+00	 8.4113e-01	 9.9904e-01
	 nan	30.28	1.0247	 3.5673e+01	 1.0074e+00	 8.4047e-01	 1.0007e+00
	 nan	30.291	1.0247	 3.5690e+01	 1.0074e+00	 8.3982e-01	 9.9941e-01
	 nan	30.302	1.0245	 3.5707e+01	 1.0074e+00	 8.3917e-01	 1.0006e+00
	 nan	30.314	1.024	 3.5724e+01	 1.0074e+00	 8.3852e-01	 1.0003e+00
	 nan	30.325	1.0235	 3.5741e+01	 1.0074e+00	 8.3788e-01	 1.0005e+00
	 nan	30.336	1.0231	 3.5758e+01	 1.0074e+00	 8.3723e-01	 1.0002e+00
	 nan	30.348	1.0229	 3.5775e+01	 1.0074e+00	 8.3658e-01	 9.9937e-01
	 nan	30.359	1.0229	 3.5792e+01	 1.0074e+00	 8.3593e-01	 1.0006e+00
	 nan	30.37	1.0231	 3.5809e+01	 1.0074e+00	 8.3529e-01	 9.9944e-01
	 nan	30.382	1.0233	 3.5826e+01	 1.0074e+00	 8.3464e-01	 1.0005e+00
	 nan	30.393	1.0232	 3.5843e+01	 1.0074e+00	 8.3399e-01	 9.9967e-01
	 nan	30.405	1.0229	 3.5860e+01	 1.0074e+00	 8.3334e-01	 1.0007e+00
	 nan	30.416	1.0225	 3.5877e+01	 1.0074e+00	 8.3270e-01	 1.0001e+00
	 nan	30.428	1.022	 3.5894e+01	 1.0074e+00	 8.3205e-01	 1.0003e+00
	 nan	30.439	1.0217	 3.5912e+01	 1.0074e+00	 8.3141e-01	 1.0008e+00
	 nan	30.451	1.0216	 3.5929e+01	 1.0074e+00	 8.3077e-01	 9.9933e-01
	 nan	30.462	1.0218	 3.5946e+01	 1.0073e+00	 8.3012e-01	 1.0009e+00
	 nan	30.474	1.0222	 3.5963e+01	 1.0074e+00	 8.2948e-01	 9.9996e-01
	 nan	30.485	1.0225	 3.5980e+01	 1.0074e+00	 8.2884e-01	 1.0008e+00
	 nan	30.497	1.0227	 3.5997e+01	 1.0074e+00	 8.2820e-01	 9.9955e-01
	 nan	30.508	1.0226	 3.6015e+01	 1.0074e+00	 8.2756e-01	 1.0004e+00
	 nan	30.52	1.0223	 3.6032e+01	 1.0074e+00	 8.2692e-01	 1.0002e+00
	 nan	30.532	1.022	 3.6049e+01	 1.0074e+00	 8.2628e-01	 1.0002e+00
	 nan	30.543	1.0217	 3.6066e+01	 1.0074e+00	 8.2564e-01	 1.0011e+00
	 nan	30.555	1.0218	 3.6084e+01	 1.0074e+00	 8.2500e-01	 1.0004e+00
	 nan	30.566	1.022	 3.6101e+01	 1.0074e+00	 8.2436e-01	 1.0007e+00
	 nan	30.578	1.0225	 3.6118e+01	 1.0074e+00	 8.2373e-01	 9.9941e-01
	 nan	30.59	1.0229	 3.6136e+01	 1.0075e+00	 8.2309e-01	 1.0007e+00
	 nan	30.601	1.0231	 3.6153e+01	 1.0075e+00	 8.2245e-01	 9.9981e-01
	 nan	30.613	1.023	 3.6170e+01	 1.0075e+00	 8.2181e-01	 1.0004e+00
	 nan	30.625	1.0226	 3.6188e+01	 1.0075e+00	 8.2118e-01	 1.0004e+00
	 nan	30.637	1.0224	 3.6205e+01	 1.0075e+00	 8.2054e-01	 9.9952e-01
	 nan	30.648	1.0221	 3.6222e+01	 1.0076e+00	 8.1990e-01	 1.0002e+00
	 nan	30.66	1.0222	 3.6240e+01	 1.0076e+00	 8.1927e-01	 9.9967e-01
	 nan	30.672	1.0225	 3.6257e+01	 1.0076e+00	 8.1863e-01	 1.0010e+00
	 nan	30.684	1.0229	 3.6275e+01	 1.0076e+00	 8.1800e-01	 9.9930e-01
	 nan	30.696	1.0232	 3.6292e+01	 1.0076e+00	 8.1736e-01	 1.0007e+00
	 nan	30.707	1.0233	 3.6310e+01	 1.0076e+00	 8.1673e-01	 1.0006e+00
	 nan	30.719	1.0232	 3.6327e+01	 1.0077e+00	 8.1610e-01	 1.0004e+00
	 nan	30.731	1.0228	 3.6345e+01	 1.0077e+00	 8.1547e-01	 1.0003e+00
	 nan	30.743	1.0224	 3.6362e+01	 1.0077e+00	 8.1484e-01	 9.9985e-01
	 nan	30.755	1.0221	 3.6380e+01	 1.0077e+00	 8.1421e-01	 1.0007e+00
	 nan	30.767	1.0221	 3.6397e+01	 1.0077e+00	 8.1358e-01	 9.9970e-01
	 nan	30.779	1.0223	 3.6415e+01	 1.0077e+00	 8.1295e-01	 1.0012e+00
	 nan	30.791	1.0226	 3.6433e+01	 1.0078e+00	 8.1232e-01	 9.9978e-01
	 nan	30.802	1.0229	 3.6450e+01	 1.0078e+00	 8.1169e-01	 1.0008e+00
	 nan	30.814	1.023	 3.6468e+01	 1.0078e+00	 8.1106e-01	 1.0004e+00
	 nan	30.826	1.0227	 3.6485e+01	 1.0078e+00	 8.1043e-01	 1.0002e+00
	 nan	30.838	1.0223	 3.6503e+01	 1.0078e+00	 8.0980e-01	 1.0007e+00
	 nan	30.85	1.0218	 3.6521e+01	 1.0079e+00	 8.0917e-01	 9.9963e-01
	 nan	30.862	1.0215	 3.6538e+01	 1.0079e+00	 8.0854e-01	 1.0005e+00
	 nan	30.874	1.0215	 3.6556e+01	 1.0079e+00	 8.0791e-01	 9.9911e-01
	 nan	30.886	1.0217	 3.6574e+01	 1.0079e+00	 8.0729e-01	 1.0005e+00
	 nan	30.898	1.0221	 3.6592e+01	 1.0079e+00	 8.0666e-01	 9.9952e-01
	 nan	30.91	1.0224	 3.6609e+01	 1.0079e+00	 8.0604e-01	 1.0004e+00
	 nan	30.923	1.0226	 3.6627e+01	 1.0079e+00	 8.0541e-01	 1.0008e+00
	 nan	30.935	1.0224	 3.6645e+01	 1.0079e+00	 8.0479e-01	 1.0004e+00
	 nan	30.947	1.0222	 3.6663e+01	 1.0080e+00	 8.0416e-01	 1.0011e+00
	 nan	30.959	1.0219	 3.6681e+01	 1.0080e+00	 8.0354e-01	 9.9989e-01
	 nan	30.971	1.0217	 3.6698e+01	 1.0080e+00	 8.0292e-01	 1.0008e+00
	 nan	30.983	1.0218	 3.6716e+01	 1.0080e+00	 8.0229e-01	 9.9955e-01
	 nan	30.995	1.022	 3.6734e+01	 1.0080e+00	 8.0167e-01	 1.0011e+00
	 nan	31.008	1.0225	 3.6752e+01	 1.0080e+00	 8.0105e-01	 1.0001e+00
	 nan	31.02	1.0228	 3.6770e+01	 1.0080e+00	 8.0043e-01	 1.0003e+00
	 nan	31.032	1.0229	 3.6788e+01	 1.0080e+00	 7.9981e-01	 9.9992e-01
	 nan	31.044	1.0228	 3.6806e+01	 1.0080e+00	 7.9919e-01	 9.9933e-01
	 nan	31.056	1.0224	 3.6824e+01	 1.0081e+00	 7.9856e-01	 1.0009e+00
	 nan	31.068	1.0221	 3.6842e+01	 1.0081e+00	 7.9794e-01	 9.9944e-01
	 nan	31.081	1.0219	 3.6860e+01	 1.0081e+00	 7.9732e-01	 1.0007e+00
	 nan	31.093	1.022	 3.6878e+01	 1.0081e+00	 7.9670e-01	 1.0001e+00
	 nan	31.105	1.0224	 3.6896e+01	 1.0081e+00	 7.9609e-01	 1.0012e+00
	 nan	31.118	1.0228	 3.6914e+01	 1.0081e+00	 7.9547e-01	 1.0005e+00
	 nan	31.13	1.0233	 3.6932e+01	 1.0081e+00	 7.9485e-01	 1.0004e+00
	 nan	31.142	1.0236	 3.6950e+01	 1.0081e+00	 7.9424e-01	 1.0010e+00
	 nan	31.155	1.0236	 3.6968e+01	 1.0081e+00	 7.9363e-01	 1.0003e+00
	 nan	31.167	1.0234	 3.6986e+01	 1.0081e+00	 7.9302e-01	 1.0008e+00
	 nan	31.179	1.0232	 3.7004e+01	 1.0081e+00	 7.9241e-01	 9.9944e-01
	 nan	31.191	1.0231	 3.7022e+01	 1.0081e+00	 7.9180e-01	 1.0010e+00
	 nan	31.204	1.0233	 3.7040e+01	 1.0081e+00	 7.9119e-01	 1.0000e+00
	 nan	31.216	1.0238	 3.7058e+01	 1.0082e+00	 7.9058e-01	 1.0005e+00
	 nan	31.228	1.0244	 3.7077e+01	 1.0082e+00	 7.8997e-01	 9.9989e-01
	 nan	31.241	1.0248	 3.7095e+01	 1.0082e+00	 7.8936e-01	 1.0003e+00
	 nan	31.253	1.0252	 3.7113e+01	 1.0082e+00	 7.8875e-01	 1.0012e+00
	 nan	31.266	1.0251	 3.7131e+01	 1.0082e+00	 7.8814e-01	 1.0001e+00
	 nan	31.278	1.0249	 3.7149e+01	 1.0082e+00	 7.8753e-01	 1.0001e+00
	 nan	31.291	1.0247	 3.7168e+01	 1.0083e+00	 7.8693e-01	 9.9897e-01
	 nan	31.303	1.0246	 3.7186e+01	 1.0083e+00	 7.8632e-01	 1.0008e+00
	 nan	31.316	1.0248	 3.7204e+01	 1.0083e+00	 7.8571e-01	 1.0000e+00
	 nan	31.328	1.0251	 3.7222e+01	 1.0083e+00	 7.8510e-01	 1.0007e+00
	 nan	31.341	1.0256	 3.7241e+01	 1.0083e+00	 7.8450e-01	 1.0006e+00
	 nan	31.353	1.0259	 3.7259e+01	 1.0083e+00	 7.8390e-01	 1.0002e+00
	 nan	31.366	1.026	 3.7277e+01	 1.0083e+00	 7.8329e-01	 1.0010e+00
	 nan	31.378	1.0259	 3.7296e+01	 1.0084e+00	 7.8268e-01	 9.9981e-01
	 nan	31.391	1.0255	 3.7314e+01	 1.0084e+00	 7.8207e-01	 1.0014e+00
	 nan	31.404	1.0252	 3.7332e+01	 1.0084e+00	 7.8147e-01	 1.0001e+00
	 nan	31.416	1.0249	 3.7351e+01	 1.0084e+00	 7.8086e-01	 1.0011e+00
	 nan	31.429	1.0249	 3.7369e+01	 1.0084e+00	 7.8026e-01	 1.0001e+00
	 nan	31.441	1.0251	 3.7388e+01	 1.0084e+00	 7.7965e-01	 1.0003e+00
	 nan	31.454	1.0253	 3.7406e+01	 1.0084e+00	 7.7905e-01	 1.0002e+00
	 nan	31.467	1.0256	 3.7425e+01	 1.0085e+00	 7.7845e-01	 9.9959e-01
	 nan	31.479	1.0255	 3.7443e+01	 1.0085e+00	 7.7785e-01	 1.0003e+00
	 nan	31.492	1.0252	 3.7462e+01	 1.0085e+00	 7.7724e-01	 9.9904e-01
	 nan	31.505	1.0247	 3.7480e+01	 1.0085e+00	 7.7664e-01	 1.0011e+00
	 nan	31.518	1.0242	 3.7499e+01	 1.0086e+00	 7.7603e-01	 9.9981e-01
	 nan	31.53	1.0239	 3.7517e+01	 1.0086e+00	 7.7543e-01	 1.0001e+00
	 nan	31.543	1.0238	 3.7536e+01	 1.0086e+00	 7.7483e-01	 1.0003e+00
	 nan	31.556	1.0241	 3.7554e+01	 1.0086e+00	 7.7423e-01	 1.0011e+00
	 nan	31.569	1.0244	 3.7573e+01	 1.0086e+00	 7.7363e-01	 1.0013e+00
	 nan	31.581	1.0247	 3.7592e+01	 1.0087e+00	 7.7303e-01	 1.0001e+00
	 nan	31.594	1.0248	 3.7610e+01	 1.0087e+00	 7.7243e-01	 1.0010e+00
	 nan	31.607	1.0246	 3.7629e+01	 1.0087e+00	 7.7183e-01	 9.9944e-01
	 nan	31.62	1.0243	 3.7647e+01	 1.0088e+00	 7.7123e-01	 1.0004e+00
	 nan	31.633	1.0239	 3.7666e+01	 1.0088e+00	 7.7064e-01	 9.9974e-01
	 nan	31.646	1.0237	 3.7685e+01	 1.0088e+00	 7.7004e-01	 1.0009e+00
	 nan	31.659	1.0237	 3.7703e+01	 1.0088e+00	 7.6944e-01	 1.0007e+00
	 nan	31.671	1.024	 3.7722e+01	 1.0089e+00	 7.6885e-01	 1.0006e+00
	 nan	31.684	1.0245	 3.7741e+01	 1.0089e+00	 7.6825e-01	 1.0007e+00
	 nan	31.697	1.0248	 3.7760e+01	 1.0089e+00	 7.6765e-01	 9.9974e-01
	 nan	31.71	1.0249	 3.7778e+01	 1.0090e+00	 7.6706e-01	 1.0013e+00
	 nan	31.723	1.0248	 3.7797e+01	 1.0090e+00	 7.6647e-01	 1.0003e+00
	 nan	31.736	1.0245	 3.7816e+01	 1.0090e+00	 7.6587e-01	 1.0011e+00
	 nan	31.749	1.0242	 3.7835e+01	 1.0091e+00	 7.6528e-01	 1.0000e+00
	 nan	31.762	1.0241	 3.7853e+01	 1.0091e+00	 7.6468e-01	 1.0008e+00
	 nan	31.775	1.0243	 3.7872e+01	 1.0091e+00	 7.6409e-01	 1.0003e+00
	 nan	31.788	1.0247	 3.7891e+01	 1.0092e+00	 7.6350e-01	 9.9970e-01
	 nan	31.801	1.0252	 3.7910e+01	 1.0092e+00	 7.6290e-01	 1.0008e+00
	 nan	31.814	1.0257	 3.7929e+01	 1.0092e+00	 7.6231e-01	 9.9985e-01
	 nan	31.827	1.0258	 3.7948e+01	 1.0093e+00	 7.6171e-01	 1.0008e+00
	 nan	31.84	1.0258	 3.7967e+01	 1.0093e+00	 7.6112e-01	 9.9930e-01
	 nan	31.854	1.0256	 3.7986e+01	 1.0094e+00	 7.6053e-01	 1.0006e+00
	 nan	31.867	1.0254	 3.8005e+01	 1.0094e+00	 7.5993e-01	 1.0001e+00
	 nan	31.88	1.0253	 3.8024e+01	 1.0094e+00	 7.5934e-01	 1.0003e+00
	 nan	31.893	1.0255	 3.8042e+01	 1.0095e+00	 7.5876e-01	 1.0005e+00
	 nan	31.906	1.0259	 3.8061e+01	 1.0095e+00	 7.5817e-01	 9.9974e-01
	 nan	31.919	1.0264	 3.8081e+01	 1.0095e+00	 7.5759e-01	 1.0009e+00
	 nan	31.932	1.0269	 3.8100e+01	 1.0096e+00	 7.5700e-01	 1.0002e+00
	 nan	31.946	1.0271	 3.8119e+01	 1.0096e+00	 7.5641e-01	 1.0008e+00
	 nan	31.959	1.027	 3.8138e+01	 1.0097e+00	 7.5583e-01	 9.9967e-01
	 nan	31.972	1.0268	 3.8157e+01	 1.0097e+00	 7.5525e-01	 1.0007e+00
	 nan	31.985	1.0265	 3.8176e+01	 1.0098e+00	 7.5467e-01	 1.0005e+00
	 nan	31.999	1.0265	 3.8195e+01	 1.0098e+00	 7.5409e-01	 1.0007e+00
	 nan	32.012	1.0266	 3.8214e+01	 1.0098e+00	 7.5351e-01	 1.0010e+00
	 nan	32.025	1.027	 3.8233e+01	 1.0098e+00	 7.5293e-01	 1.0001e+00
	 nan	32.038	1.0274	 3.8252e+01	 1.0099e+00	 7.5235e-01	 1.0008e+00
	 nan	32.052	1.0277	 3.8271e+01	 1.0099e+00	 7.5177e-01	 9.9915e-01
	 nan	32.065	1.0279	 3.8291e+01	 1.0100e+00	 7.5119e-01	 1.0007e+00
	 nan	32.078	1.0277	 3.8310e+01	 1.0100e+00	 7.5061e-01	 9.9967e-01
	 nan	32.092	1.0273	 3.8329e+01	 1.0101e+00	 7.5003e-01	 1.0005e+00
	 nan	32.105	1.0269	 3.8348e+01	 1.0101e+00	 7.4945e-01	 1.0001e+00
	 nan	32.118	1.0267	 3.8367e+01	 1.0101e+00	 7.4887e-01	 9.9967e-01
	 nan	32.132	1.0268	 3.8387e+01	 1.0101e+00	 7.4830e-01	 1.0008e+00
	 nan	32.145	1.027	 3.8406e+01	 1.0102e+00	 7.4773e-01	 1.0002e+00
	 nan	32.159	1.0274	 3.8425e+01	 1.0102e+00	 7.4715e-01	 1.0011e+00
	 nan	32.172	1.0276	 3.8445e+01	 1.0102e+00	 7.4658e-01	 9.9970e-01
	 nan	32.186	1.0276	 3.8464e+01	 1.0103e+00	 7.4601e-01	 1.0007e+00
	 nan	32.199	1.0273	 3.8483e+01	 1.0103e+00	 7.4544e-01	 1.0001e+00
	 nan	32.213	1.0268	 3.8503e+01	 1.0103e+00	 7.4486e-01	 1.0010e+00
	 nan	32.226	1.0265	 3.8522e+01	 1.0104e+00	 7.4428e-01	 1.0003e+00
	 nan	32.24	1.0262	 3.8542e+01	 1.0104e+00	 7.4371e-01	 9.9970e-01
	 nan	32.253	1.0262	 3.8561e+01	 1.0104e+00	 7.4314e-01	 1.0008e+00
	 nan	32.267	1.0266	 3.8580e+01	 1.0104e+00	 7.4257e-01	 1.0000e+00
	 nan	32.28	1.0269	 3.8600e+01	 1.0104e+00	 7.4200e-01	 1.0011e+00
	 nan	32.294	1.0273	 3.8619e+01	 1.0104e+00	 7.4143e-01	 9.9959e-01
	 nan	32.308	1.0274	 3.8639e+01	 1.0105e+00	 7.4086e-01	 1.0008e+00
	 nan	32.321	1.0272	 3.8658e+01	 1.0105e+00	 7.4029e-01	 1.0004e+00
	 nan	32.335	1.027	 3.8678e+01	 1.0105e+00	 7.3972e-01	 1.0007e+00
	 nan	32.348	1.0266	 3.8697e+01	 1.0105e+00	 7.3914e-01	 1.0008e+00
	 nan	32.362	1.0266	 3.8717e+01	 1.0105e+00	 7.3857e-01	 9.9992e-01
	 nan	32.376	1.0268	 3.8736e+01	 1.0105e+00	 7.3800e-01	 1.0004e+00
	 nan	32.389	1.0272	 3.8756e+01	 1.0105e+00	 7.3743e-01	 9.9944e-01
	 nan	32.403	1.0277	 3.8775e+01	 1.0105e+00	 7.3686e-01	 1.0007e+00
	 nan	32.417	1.0281	 3.8795e+01	 1.0105e+00	 7.3629e-01	 9.9974e-01
	 nan	32.43	1.0282	 3.8814e+01	 1.0106e+00	 7.3572e-01	 1.0004e+00
	 nan	32.444	1.028	 3.8834e+01	 1.0106e+00	 7.3516e-01	 9.9922e-01
	 nan	32.458	1.0278	 3.8854e+01	 1.0106e+00	 7.3459e-01	 9.9981e-01
	 nan	32.472	1.0275	 3.8873e+01	 1.0106e+00	 7.3402e-01	 1.0010e+00
	 nan	32.485	1.0274	 3.8893e+01	 1.0106e+00	 7.3345e-01	 1.0001e+00
	 nan	32.499	1.0277	 3.8913e+01	 1.0106e+00	 7.3289e-01	 1.0008e+00
	 nan	32.513	1.028	 3.8933e+01	 1.0106e+00	 7.3232e-01	 9.9978e-01
	 nan	32.527	1.0286	 3.8952e+01	 1.0106e+00	 7.3176e-01	 1.0013e+00
	 nan	32.541	1.0289	 3.8972e+01	 1.0106e+00	 7.3119e-01	 9.9970e-01
	 nan	32.555	1.029	 3.8992e+01	 1.0106e+00	 7.3063e-01	 1.0001e+00
	 nan	32.568	1.0288	 3.9011e+01	 1.0106e+00	 7.3006e-01	 1.0001e+00
	 nan	32.582	1.0285	 3.9031e+01	 1.0106e+00	 7.2950e-01	 1.0003e+00
	 nan	32.596	1.0282	 3.9051e+01	 1.0107e+00	 7.2894e-01	 1.0012e+00
	 nan	32.61	1.0279	 3.9071e+01	 1.0107e+00	 7.2837e-01	 1.0001e+00
	 nan	32.624	1.0281	 3.9091e+01	 1.0107e+00	 7.2781e-01	 1.0011e+00
	 nan	32.638	1.0283	 3.9111e+01	 1.0107e+00	 7.2725e-01	 1.0000e+00
	 nan	32.652	1.0287	 3.9130e+01	 1.0107e+00	 7.2669e-01	 1.0012e+00
	 nan	32.666	1.0289	 3.9150e+01	 1.0107e+00	 7.2612e-01	 1.0002e+00
	 nan	32.68	1.0289	 3.9170e+01	 1.0107e+00	 7.2556e-01	 1.0006e+00
	 nan	32.694	1.0286	 3.9190e+01	 1.0107e+00	 7.2499e-01	 1.0007e+00
	 nan	32.708	1.0281	 3.9210e+01	 1.0108e+00	 7.2443e-01	 9.9985e-01
	 nan	32.722	1.0277	 3.9230e+01	 1.0108e+00	 7.2387e-01	 1.0008e+00
	 nan	32.736	1.0275	 3.9250e+01	 1.0108e+00	 7.2330e-01	 9.9974e-01
	 nan	32.75	1.0275	 3.9270e+01	 1.0108e+00	 7.2274e-01	 1.0009e+00
	 nan	32.764	1.0278	 3.9290e+01	 1.0108e+00	 7.2218e-01	 9.9985e-01
	 nan	32.778	1.0281	 3.9310e+01	 1.0108e+00	 7.2162e-01	 1.0010e+00
	 nan	32.792	1.0284	 3.9330e+01	 1.0109e+00	 7.2106e-01	 1.0004e+00
	 nan	32.806	1.0284	 3.9350e+01	 1.0109e+00	 7.2049e-01	 1.0003e+00
	 nan	32.82	1.0281	 3.9370e+01	 1.0109e+00	 7.1993e-01	 1.0005e+00
	 nan	32.835	1.0277	 3.9390e+01	 1.0109e+00	 7.1937e-01	 1.0002e+00
	 nan	32.849	1.0273	 3.9410e+01	 1.0109e+00	 7.1881e-01	 1.0014e+00
	 nan	32.863	1.0272	 3.9430e+01	 1.0110e+00	 7.1825e-01	 1.0000e+00
	 nan	32.877	1.0274	 3.9450e+01	 1.0110e+00	 7.1768e-01	 1.0009e+00
	 nan	32.891	1.0277	 3.9470e+01	 1.0110e+00	 7.1712e-01	 9.9978e-01
	 nan	32.905	1.0282	 3.9491e+01	 1.0110e+00	 7.1656e-01	 1.0005e+00
	 nan	32.92	1.0285	 3.9511e+01	 1.0110e+00	 7.1600e-01	 1.0000e+00
	 nan	32.934	1.0286	 3.9531e+01	 1.0110e+00	 7.1544e-01	 1.0004e+00
	 nan	32.948	1.0285	 3.9551e+01	 1.0111e+00	 7.1489e-01	 1.0010e+00
	 nan	32.962	1.0282	 3.9571e+01	 1.0111e+00	 7.1433e-01	 1.0000e+00
	 nan	32.977	1.0279	 3.9592e+01	 1.0111e+00	 7.1377e-01	 1.0010e+00
	 nan	32.991	1.0278	 3.9612e+01	 1.0111e+00	 7.1322e-01	 9.9941e-01
	 nan	33.005	1.0281	 3.9632e+01	 1.0111e+00	 7.1267e-01	 1.0010e+00
	 nan	33.02	1.0284	 3.9652e+01	 1.0111e+00	 7.1212e-01	 1.0001e+00
	 nan	33.034	1.0289	 3.9673e+01	 1.0111e+00	 7.1156e-01	 1.0007e+00
	 nan	33.049	1.0292	 3.9693e+01	 1.0111e+00	 7.1100e-01	 1.0005e+00
	 nan	33.063	1.0292	 3.9713e+01	 1.0112e+00	 7.1045e-01	 9.9996e-01
	 nan	33.077	1.0291	 3.9734e+01	 1.0112e+00	 7.0990e-01	 1.0005e+00
	 nan	33.092	1.0287	 3.9754e+01	 1.0112e+00	 7.0934e-01	 9.9955e-01
	 nan	33.106	1.0284	 3.9774e+01	 1.0112e+00	 7.0878e-01	 1.0011e+00
	 nan	33.121	1.0282	 3.9795e+01	 1.0112e+00	 7.0822e-01	 1.0001e+00
	 nan	33.135	1.0284	 3.9815e+01	 1.0111e+00	 7.0767e-01	 1.0012e+00
	 nan	33.15	1.0288	 3.9835e+01	 1.0111e+00	 7.0712e-01	 1.0001e+00
	 nan	33.164	1.0291	 3.9856e+01	 1.0111e+00	 7.0656e-01	 1.0004e+00
	 nan	33.179	1.0295	 3.9876e+01	 1.0111e+00	 7.0601e-01	 1.0006e+00
	 nan	33.193	1.0295	 3.9897e+01	 1.0111e+00	 7.0546e-01	 1.0001e+00
	 nan	33.208	1.0292	 3.9917e+01	 1.0111e+00	 7.0490e-01	 1.0010e+00
	 nan	33.222	1.0289	 3.9938e+01	 1.0111e+00	 7.0435e-01	 9.9978e-01
	 nan	33.237	1.0285	 3.9958e+01	 1.0111e+00	 7.0380e-01	 1.0010e+00
	 nan	33.251	1.0283	 3.9979e+01	 1.0111e+00	 7.0325e-01	 1.0005e+00
	 nan	33.266	1.0283	 3.9999e+01	 1.0111e+00	 7.0269e-01	 1.0012e+00
	 nan	33.28	1.0286	 4.0020e+01	 1.0111e+00	 7.0215e-01	 1.0000e+00
	 nan	33.295	1.0289	 4.0040e+01	 1.0110e+00	 7.0159e-01	 1.0003e+00
	 nan	33.31	1.0291	 4.0061e+01	 1.0110e+00	 7.0104e-01	 1.0008e+00
	 nan	33.324	1.029	 4.0082e+01	 1.0110e+00	 7.0049e-01	 9.9985e-01
	 nan	33.339	1.0286	 4.0102e+01	 1.0110e+00	 6.9994e-01	 1.0007e+00
	 nan	33.354	1.0282	 4.0123e+01	 1.0110e+00	 6.9939e-01	 1.0001e+00
	 nan	33.368	1.0278	 4.0144e+01	 1.0110e+00	 6.9884e-01	 1.0017e+00
	 nan	33.383	1.0276	 4.0164e+01	 1.0110e+00	 6.9829e-01	 9.9985e-01
	 nan	33.398	1.0277	 4.0185e+01	 1.0110e+00	 6.9774e-01	 1.0005e+00
	 nan	33.413	1.028	 4.0206e+01	 1.0110e+00	 6.9720e-01	 1.0005e+00
	 nan	33.427	1.0284	 4.0226e+01	 1.0110e+00	 6.9665e-01	 1.0002e+00
	 nan	33.442	1.0286	 4.0247e+01	 1.0110e+00	 6.9610e-01	 1.0007e+00
	 nan	33.457	1.0286	 4.0268e+01	 1.0110e+00	 6.9556e-01	 1.0000e+00
	 nan	33.472	1.0283	 4.0289e+01	 1.0111e+00	 6.9502e-01	 1.0011e+00
	 nan	33.486	1.0278	 4.0309e+01	 1.0111e+00	 6.9447e-01	 9.9992e-01
	 nan	33.501	1.0274	 4.0330e+01	 1.0111e+00	 6.9393e-01	 1.0014e+00
	 nan	33.516	1.0272	 4.0351e+01	 1.0111e+00	 6.9338e-01	 9.9989e-01
	 nan	33.531	1.0273	 4.0372e+01	 1.0111e+00	 6.9283e-01	 1.0004e+00
	 nan	33.546	1.0276	 4.0393e+01	 1.0111e+00	 6.9229e-01	 1.0003e+00
	 nan	33.561	1.0279	 4.0413e+01	 1.0111e+00	 6.9175e-01	 1.0003e+00
	 nan	33.576	1.0282	 4.0434e+01	 1.0112e+00	 6.9120e-01	 1.0011e+00
	 nan	33.59	1.0283	 4.0455e+01	 1.0112e+00	 6.9065e-01	 1.0002e+00
	 nan	33.605	1.0281	 4.0476e+01	 1.0112e+00	 6.9011e-01	 1.0014e+00
	 nan	33.62	1.0279	 4.0497e+01	 1.0112e+00	 6.8957e-01	 9.9963e-01
	 nan	33.635	1.0277	 4.0518e+01	 1.0112e+00	 6.8903e-01	 1.0002e+00
	 nan	33.65	1.0278	 4.0539e+01	 1.0113e+00	 6.8849e-01	 9.9974e-01
	 nan	33.665	1.0281	 4.0560e+01	 1.0113e+00	 6.8794e-01	 1.0006e+00
	 nan	33.68	1.0286	 4.0581e+01	 1.0113e+00	 6.8740e-01	 1.0010e+00
	 nan	33.695	1.0291	 4.0602e+01	 1.0113e+00	 6.8685e-01	 1.0005e+00
	 nan	33.71	1.0295	 4.0623e+01	 1.0113e+00	 6.8631e-01	 1.0008e+00
	 nan	33.725	1.0297	 4.0644e+01	 1.0114e+00	 6.8577e-01	 9.9963e-01
	 nan	33.74	1.0295	 4.0665e+01	 1.0114e+00	 6.8523e-01	 1.0014e+00
	 nan	33.755	1.0293	 4.0686e+01	 1.0114e+00	 6.8470e-01	 1.0003e+00
	 nan	33.771	1.0291	 4.0707e+01	 1.0114e+00	 6.8415e-01	 1.0008e+00
	 nan	33.786	1.0291	 4.0728e+01	 1.0114e+00	 6.8362e-01	 1.0004e+00
	 nan	33.801	1.0294	 4.0749e+01	 1.0115e+00	 6.8308e-01	 1.0008e+00
	 nan	33.816	1.0298	 4.0770e+01	 1.0115e+00	 6.8254e-01	 1.0012e+00
	 nan	33.831	1.0304	 4.0792e+01	 1.0115e+00	 6.8201e-01	 9.9978e-01
	 nan	33.846	1.0307	 4.0813e+01	 1.0115e+00	 6.8147e-01	 1.0007e+00
	 nan	33.862	1.0309	 4.0834e+01	 1.0116e+00	 6.8094e-01	 1.0001e+00
	 nan	33.877	1.0307	 4.0855e+01	 1.0116e+00	 6.8041e-01	 1.0013e+00
	 nan	33.892	1.0303	 4.0876e+01	 1.0116e+00	 6.7988e-01	 9.9955e-01
	 nan	33.907	1.0301	 4.0898e+01	 1.0116e+00	 6.7934e-01	 1.0006e+00
	 nan	33.922	1.03	 4.0919e+01	 1.0116e+00	 6.7881e-01	 1.0006e+00
	 nan	33.938	1.0302	 4.0940e+01	 1.0116e+00	 6.7828e-01	 1.0000e+00
	 nan	33.953	1.0306	 4.0961e+01	 1.0117e+00	 6.7775e-01	 1.0002e+00
	 nan	33.968	1.031	 4.0983e+01	 1.0117e+00	 6.7722e-01	 9.9955e-01
	 nan	33.984	1.0313	 4.1004e+01	 1.0117e+00	 6.7669e-01	 1.0007e+00
	 nan	33.999	1.0312	 4.1025e+01	 1.0117e+00	 6.7616e-01	 9.9926e-01
	 nan	34.014	1.031	 4.1047e+01	 1.0118e+00	 6.7563e-01	 1.0009e+00
	 nan	34.03	1.0306	 4.1068e+01	 1.0118e+00	 6.7510e-01	 1.0006e+00
	 nan	34.045	1.0304	 4.1089e+01	 1.0118e+00	 6.7456e-01	 1.0010e+00
	 nan	34.06	1.0303	 4.1111e+01	 1.0118e+00	 6.7403e-01	 1.0011e+00
	 nan	34.076	1.0305	 4.1132e+01	 1.0118e+00	 6.7350e-01	 1.0006e+00
	 nan	34.091	1.031	 4.1153e+01	 1.0118e+00	 6.7297e-01	 1.0010e+00
	 nan	34.106	1.0313	 4.1175e+01	 1.0119e+00	 6.7244e-01	 9.9970e-01
	 nan	34.122	1.0316	 4.1196e+01	 1.0119e+00	 6.7191e-01	 1.0011e+00
	 nan	34.137	1.0316	 4.1218e+01	 1.0119e+00	 6.7138e-01	 1.0004e+00
	 nan	34.153	1.0313	 4.1239e+01	 1.0119e+00	 6.7086e-01	 1.0014e+00
	 nan	34.168	1.0309	 4.1261e+01	 1.0120e+00	 6.7033e-01	 1.0005e+00
	 nan	34.184	1.0305	 4.1282e+01	 1.0120e+00	 6.6980e-01	 1.0008e+00
	 nan	34.199	1.0304	 4.1304e+01	 1.0120e+00	 6.6927e-01	 1.0010e+00
	 nan	34.215	1.0305	 4.1325e+01	 1.0120e+00	 6.6875e-01	 1.0000e+00
	 nan	34.23	1.0308	 4.1347e+01	 1.0120e+00	 6.6822e-01	 1.0008e+00
	 nan	34.246	1.0311	 4.1368e+01	 1.0120e+00	 6.6770e-01	 9.9974e-01
	 nan	34.262	1.0313	 4.1390e+01	 1.0121e+00	 6.6718e-01	 1.0013e+00
	 nan	34.277	1.0313	 4.1411e+01	 1.0121e+00	 6.6665e-01	 1.0006e+00
	 nan	34.293	1.0309	 4.1433e+01	 1.0121e+00	 6.6613e-01	 1.0008e+00
	 nan	34.308	1.0305	 4.1455e+01	 1.0122e+00	 6.6561e-01	 1.0000e+00
	 nan	34.324	1.0301	 4.1476e+01	 1.0122e+00	 6.6509e-01	 1.0005e+00
	 nan	34.34	1.0299	 4.1498e+01	 1.0122e+00	 6.6457e-01	 1.0008e+00
	 nan	34.355	1.0301	 4.1520e+01	 1.0122e+00	 6.6405e-01	 9.9978e-01
	 nan	34.371	1.0303	 4.1541e+01	 1.0122e+00	 6.6353e-01	 1.0008e+00
	 nan	34.387	1.0307	 4.1563e+01	 1.0123e+00	 6.6301e-01	 1.0003e+00
	 nan	34.402	1.0308	 4.1585e+01	 1.0123e+00	 6.6249e-01	 1.0014e+00
	 nan	34.418	1.0306	 4.1606e+01	 1.0123e+00	 6.6197e-01	 1.0000e+00
	 nan	34.434	1.0303	 4.1628e+01	 1.0124e+00	 6.6145e-01	 1.0007e+00
	 nan	34.45	1.0298	 4.1650e+01	 1.0124e+00	 6.6094e-01	 1.0004e+00
	 nan	34.465	1.0294	 4.1672e+01	 1.0124e+00	 6.6042e-01	 1.0007e+00
	 nan	34.481	1.0293	 4.1693e+01	 1.0124e+00	 6.5990e-01	 1.0011e+00
	 nan	34.497	1.0294	 4.1715e+01	 1.0124e+00	 6.5938e-01	 1.0000e+00
	 nan	34.513	1.0298	 4.1737e+01	 1.0125e+00	 6.5886e-01	 1.0014e+00
	 nan	34.529	1.0302	 4.1759e+01	 1.0125e+00	 6.5835e-01	 1.0001e+00
	 nan	34.544	1.0305	 4.1781e+01	 1.0126e+00	 6.5783e-01	 1.0011e+00
	 nan	34.56	1.0304	 4.1803e+01	 1.0126e+00	 6.5732e-01	 1.0002e+00
	 nan	34.576	1.0302	 4.1825e+01	 1.0126e+00	 6.5680e-01	 1.0007e+00
	 nan	34.592	1.0299	 4.1846e+01	 1.0127e+00	 6.5628e-01	 1.0004e+00
	 nan	34.608	1.0296	 4.1868e+01	 1.0127e+00	 6.5577e-01	 1.0003e+00
	 nan	34.624	1.0297	 4.1890e+01	 1.0127e+00	 6.5525e-01	 1.0008e+00
	 nan	34.64	1.0299	 4.1912e+01	 1.0128e+00	 6.5474e-01	 9.9952e-01
	 nan	34.656	1.0304	 4.1934e+01	 1.0128e+00	 6.5423e-01	 1.0011e+00
	 nan	34.672	1.0309	 4.1956e+01	 1.0128e+00	 6.5372e-01	 1.0001e+00
	 nan	34.688	1.0312	 4.1978e+01	 1.0129e+00	 6.5321e-01	 1.0012e+00
	 nan	34.704	1.0313	 4.2000e+01	 1.0129e+00	 6.5269e-01	 1.0008e+00
	 nan	34.72	1.031	 4.2022e+01	 1.0129e+00	 6.5218e-01	 1.0007e+00
	 nan	34.736	1.0308	 4.2044e+01	 1.0130e+00	 6.5166e-01	 1.0004e+00
	 nan	34.752	1.0305	 4.2066e+01	 1.0130e+00	 6.5115e-01	 9.9974e-01
	 nan	34.768	1.0305	 4.2088e+01	 1.0130e+00	 6.5063e-01	 1.0010e+00
	 nan	34.784	1.0309	 4.2110e+01	 1.0131e+00	 6.5012e-01	 9.9978e-01
	 nan	34.8	1.0314	 4.2133e+01	 1.0131e+00	 6.4961e-01	 1.0010e+00
	 nan	34.816	1.032	 4.2155e+01	 1.0132e+00	 6.4910e-01	 1.0003e+00
	 nan	34.832	1.0323	 4.2177e+01	 1.0132e+00	 6.4859e-01	 1.0012e+00
	 nan	34.848	1.0324	 4.2199e+01	 1.0132e+00	 6.4808e-01	 1.0005e+00
	 nan	34.865	1.0323	 4.2221e+01	 1.0133e+00	 6.4757e-01	 1.0001e+00
	 nan	34.881	1.0319	 4.2243e+01	 1.0133e+00	 6.4705e-01	 1.0012e+00
	 nan	34.897	1.0317	 4.2265e+01	 1.0133e+00	 6.4654e-01	 1.0004e+00
	 nan	34.913	1.0316	 4.2288e+01	 1.0134e+00	 6.4603e-01	 1.0011e+00
	 nan	34.929	1.0318	 4.2310e+01	 1.0134e+00	 6.4552e-01	 1.0000e+00
	 nan	34.945	1.0322	 4.2332e+01	 1.0134e+00	 6.4502e-01	 1.0007e+00
	 nan	34.962	1.0325	 4.2354e+01	 1.0135e+00	 6.4451e-01	 9.9996e-01
	 nan	34.978	1.0327	 4.2377e+01	 1.0135e+00	 6.4400e-01	 1.0011e+00
	 nan	34.994	1.0326	 4.2399e+01	 1.0135e+00	 6.4350e-01	 1.0005e+00
	 nan	35.011	1.0323	 4.2421e+01	 1.0136e+00	 6.4299e-01	 9.9974e-01
	 nan	35.027	1.0319	 4.2444e+01	 1.0136e+00	 6.4248e-01	 1.0007e+00
	 nan	35.043	1.0316	 4.2466e+01	 1.0136e+00	 6.4198e-01	 1.0003e+00
	 nan	35.06	1.0316	 4.2488e+01	 1.0136e+00	 6.4147e-01	 1.0012e+00
	 nan	35.076	1.0318	 4.2511e+01	 1.0136e+00	 6.4097e-01	 9.9981e-01
	 nan	35.092	1.0323	 4.2533e+01	 1.0136e+00	 6.4046e-01	 1.0013e+00
	 nan	35.109	1.0327	 4.2555e+01	 1.0137e+00	 6.3996e-01	 1.0002e+00
	 nan	35.125	1.0331	 4.2578e+01	 1.0137e+00	 6.3945e-01	 1.0007e+00
	 nan	35.142	1.0331	 4.2600e+01	 1.0137e+00	 6.3895e-01	 1.0008e+00
	 nan	35.158	1.0329	 4.2623e+01	 1.0137e+00	 6.3845e-01	 1.0005e+00
	 nan	35.174	1.0327	 4.2645e+01	 1.0137e+00	 6.3794e-01	 1.0013e+00
	 nan	35.191	1.0324	 4.2668e+01	 1.0137e+00	 6.3744e-01	 9.9978e-01
	 nan	35.207	1.0324	 4.2690e+01	 1.0137e+00	 6.3694e-01	 1.0013e+00
	 nan	35.224	1.0327	 4.2713e+01	 1.0137e+00	 6.3643e-01	 1.0006e+00
	 nan	35.24	1.0332	 4.2735e+01	 1.0137e+00	 6.3593e-01	 1.0014e+00
	 nan	35.257	1.0337	 4.2758e+01	 1.0137e+00	 6.3543e-01	 1.0006e+00
	 nan	35.273	1.034	 4.2780e+01	 1.0137e+00	 6.3493e-01	 1.0005e+00
	 nan	35.29	1.0342	 4.2803e+01	 1.0137e+00	 6.3443e-01	 1.0002e+00
	 nan	35.307	1.034	 4.2825e+01	 1.0137e+00	 6.3393e-01	 9.9944e-01
	 nan	35.323	1.0338	 4.2848e+01	 1.0137e+00	 6.3343e-01	 1.0014e+00
	 nan	35.34	1.0337	 4.2871e+01	 1.0137e+00	 6.3293e-01	 1.0005e+00
	 nan	35.356	1.0337	 4.2893e+01	 1.0137e+00	 6.3243e-01	 1.0007e+00
	 nan	35.373	1.0341	 4.2916e+01	 1.0137e+00	 6.3193e-01	 9.9967e-01
	 nan	35.39	1.0345	 4.2939e+01	 1.0137e+00	 6.3143e-01	 1.0009e+00
	 nan	35.406	1.0349	 4.2961e+01	 1.0136e+00	 6.3093e-01	 1.0005e+00
	 nan	35.423	1.0352	 4.2984e+01	 1.0136e+00	 6.3043e-01	 1.0007e+00
	 nan	35.44	1.035	 4.3007e+01	 1.0136e+00	 6.2994e-01	 1.0014e+00
	 nan	35.456	1.0348	 4.3029e+01	 1.0136e+00	 6.2944e-01	 1.0008e+00
	 nan	35.473	1.0343	 4.3052e+01	 1.0136e+00	 6.2894e-01	 1.0016e+00
	 nan	35.49	1.034	 4.3075e+01	 1.0136e+00	 6.2844e-01	 1.0003e+00
	 nan	35.507	1.0339	 4.3098e+01	 1.0136e+00	 6.2794e-01	 1.0017e+00
	 nan	35.523	1.034	 4.3120e+01	 1.0135e+00	 6.2745e-01	 1.0004e+00
	 nan	35.54	1.0344	 4.3143e+01	 1.0135e+00	 6.2695e-01	 1.0003e+00
	 nan	35.557	1.0347	 4.3166e+01	 1.0135e+00	 6.2646e-01	 1.0003e+00
	 nan	35.574	1.0349	 4.3189e+01	 1.0135e+00	 6.2597e-01	 1.0003e+00
	 nan	35.591	1.0347	 4.3212e+01	 1.0135e+00	 6.2547e-01	 1.0012e+00
	 nan	35.608	1.0343	 4.3234e+01	 1.0135e+00	 6.2498e-01	 1.0004e+00
	 nan	35.624	1.0338	 4.3257e+01	 1.0135e+00	 6.2449e-01	 1.0012e+00
	 nan	35.641	1.0334	 4.3280e+01	 1.0134e+00	 6.2399e-01	 9.9933e-01
	 nan	35.658	1.0333	 4.3303e+01	 1.0134e+00	 6.2350e-01	 1.0008e+00
	 nan	35.675	1.0333	 4.3326e+01	 1.0134e+00	 6.2301e-01	 1.0005e+00
	 nan	35.692	1.0336	 4.3349e+01	 1.0134e+00	 6.2252e-01	 1.0010e+00
	 nan	35.709	1.0339	 4.3372e+01	 1.0134e+00	 6.2202e-01	 1.0008e+00
	 nan	35.726	1.0339	 4.3395e+01	 1.0134e+00	 6.2153e-01	 1.0003e+00
	 nan	35.743	1.0337	 4.3418e+01	 1.0134e+00	 6.2104e-01	 1.0010e+00
	 nan	35.76	1.0332	 4.3441e+01	 1.0134e+00	 6.2055e-01	 9.9937e-01
	 nan	35.777	1.0327	 4.3464e+01	 1.0134e+00	 6.2005e-01	 1.0010e+00
	 nan	35.794	1.0322	 4.3487e+01	 1.0133e+00	 6.1956e-01	 1.0003e+00
	 nan	35.811	1.032	 4.3510e+01	 1.0133e+00	 6.1907e-01	 1.0010e+00
	 nan	35.828	1.0321	 4.3533e+01	 1.0133e+00	 6.1858e-01	 1.0006e+00
	 nan	35.845	1.0322	 4.3556e+01	 1.0133e+00	 6.1808e-01	 1.0010e+00
	 nan	35.862	1.0326	 4.3579e+01	 1.0133e+00	 6.1760e-01	 1.0012e+00
	 nan	35.879	1.0327	 4.3602e+01	 1.0133e+00	 6.1711e-01	 1.0005e+00
	 nan	35.896	1.0325	 4.3625e+01	 1.0133e+00	 6.1662e-01	 1.0014e+00
	 nan	35.913	1.0323	 4.3648e+01	 1.0133e+00	 6.1613e-01	 1.0002e+00
	 nan	35.93	1.0319	 4.3672e+01	 1.0133e+00	 6.1563e-01	 1.0016e+00
	 nan	35.948	1.0318	 4.3695e+01	 1.0133e+00	 6.1514e-01	 1.0003e+00
	 nan	35.965	1.0319	 4.3718e+01	 1.0132e+00	 6.1466e-01	 1.0007e+00
	 nan	35.982	1.0323	 4.3741e+01	 1.0132e+00	 6.1417e-01	 1.0004e+00
	 nan	35.999	1.0329	 4.3764e+01	 1.0132e+00	 6.1369e-01	 1.0009e+00
	 nan	36.016	1.0334	 4.3788e+01	 1.0132e+00	 6.1320e-01	 1.0015e+00
	 nan	36.034	1.0339	 4.3811e+01	 1.0132e+00	 6.1272e-01	 1.0004e+00
	 nan	36.051	1.0339	 4.3834e+01	 1.0132e+00	 6.1223e-01	 1.0015e+00
	 nan	36.068	1.0339	 4.3857e+01	 1.0132e+00	 6.1175e-01	 9.9989e-01
	 nan	36.085	1.0337	 4.3881e+01	 1.0132e+00	 6.1126e-01	 1.0004e+00
	 nan	36.103	1.0336	 4.3904e+01	 1.0132e+00	 6.1078e-01	 9.9970e-01
	 nan	36.12	1.0338	 4.3927e+01	 1.0131e+00	 6.1030e-01	 1.0010e+00
	 nan	36.137	1.0341	 4.3950e+01	 1.0131e+00	 6.0981e-01	 1.0010e+00
	 nan	36.155	1.0348	 4.3974e+01	 1.0131e+00	 6.0933e-01	 1.0008e+00
	 nan	36.172	1.0353	 4.3997e+01	 1.0131e+00	 6.0886e-01	 1.0012e+00
	 nan	36.189	1.0356	 4.4021e+01	 1.0131e+00	 6.0838e-01	 1.0000e+00
	 nan	36.207	1.0356	 4.4044e+01	 1.0131e+00	 6.0790e-01	 1.0016e+00
	 nan	36.224	1.0354	 4.4068e+01	 1.0131e+00	 6.0742e-01	 1.0001e+00
	 nan	36.242	1.0351	 4.4091e+01	 1.0131e+00	 6.0694e-01	 1.0008e+00
	 nan	36.259	1.0349	 4.4114e+01	 1.0131e+00	 6.0646e-01	 1.0007e+00
	 nan	36.276	1.035	 4.4138e+01	 1.0131e+00	 6.0598e-01	 1.0014e+00
	 nan	36.294	1.0353	 4.4161e+01	 1.0130e+00	 6.0550e-01	 1.0013e+00
	 nan	36.311	1.0357	 4.4185e+01	 1.0130e+00	 6.0502e-01	 9.9992e-01
	 nan	36.329	1.0362	 4.4208e+01	 1.0130e+00	 6.0454e-01	 1.0008e+00
	 nan	36.346	1.0363	 4.4232e+01	 1.0131e+00	 6.0406e-01	 9.9978e-01
	 nan	36.364	1.0363	 4.4255e+01	 1.0131e+00	 6.0358e-01	 1.0008e+00
	 nan	36.381	1.036	 4.4279e+01	 1.0131e+00	 6.0309e-01	 1.0003e+00
	 nan	36.399	1.0355	 4.4302e+01	 1.0131e+00	 6.0262e-01	 1.0014e+00
	 nan	36.417	1.0353	 4.4326e+01	 1.0131e+00	 6.0214e-01	 1.0010e+00
	 nan	36.434	1.0351	 4.4350e+01	 1.0131e+00	 6.0166e-01	 1.0010e+00
	 nan	36.452	1.0354	 4.4373e+01	 1.0131e+00	 6.0118e-01	 1.0010e+00
	 nan	36.469	1.0356	 4.4397e+01	 1.0131e+00	 6.0070e-01	 1.0002e+00
	 nan	36.487	1.0359	 4.4420e+01	 1.0132e+00	 6.0023e-01	 1.0014e+00
	 nan	36.505	1.036	 4.4444e+01	 1.0132e+00	 5.9975e-01	 1.0002e+00
	 nan	36.522	1.0357	 4.4468e+01	 1.0132e+00	 5.9928e-01	 1.0015e+00
	 nan	36.54	1.0353	 4.4491e+01	 1.0132e+00	 5.9880e-01	 1.0005e+00
	 nan	36.558	1.0348	 4.4515e+01	 1.0133e+00	 5.9833e-01	 1.0012e+00
	 nan	36.576	1.0345	 4.4539e+01	 1.0133e+00	 5.9786e-01	 1.0005e+00
	 nan	36.593	1.0344	 4.4563e+01	 1.0133e+00	 5.9738e-01	 1.0003e+00
	 nan	36.611	1.0345	 4.4586e+01	 1.0133e+00	 5.9691e-01	 1.0010e+00
	 nan	36.629	1.0349	 4.4610e+01	 1.0134e+00	 5.9644e-01	 1.0001e+00
	 nan	36.647	1.0351	 4.4634e+01	 1.0134e+00	 5.9596e-01	 1.0011e+00
	 nan	36.664	1.0353	 4.4658e+01	 1.0134e+00	 5.9549e-01	 1.0001e+00
	 nan	36.682	1.0351	 4.4681e+01	 1.0135e+00	 5.9501e-01	 1.0013e+00
	 nan	36.7	1.0348	 4.4705e+01	 1.0135e+00	 5.9454e-01	 1.0005e+00
	 nan	36.718	1.0344	 4.4729e+01	 1.0135e+00	 5.9408e-01	 1.0010e+00
	 nan	36.736	1.0341	 4.4753e+01	 1.0136e+00	 5.9361e-01	 1.0005e+00
	 nan	36.754	1.0342	 4.4777e+01	 1.0136e+00	 5.9314e-01	 1.0002e+00
	 nan	36.771	1.0344	 4.4801e+01	 1.0136e+00	 5.9267e-01	 1.0011e+00
	 nan	36.789	1.0348	 4.4825e+01	 1.0136e+00	 5.9221e-01	 9.9989e-01
	 nan	36.807	1.0353	 4.4848e+01	 1.0137e+00	 5.9174e-01	 1.0011e+00
	 nan	36.825	1.0354	 4.4872e+01	 1.0137e+00	 5.9128e-01	 1.0003e+00
	 nan	36.843	1.0354	 4.4896e+01	 1.0137e+00	 5.9081e-01	 1.0013e+00
	 nan	36.861	1.0351	 4.4920e+01	 1.0138e+00	 5.9034e-01	 1.0005e+00
	 nan	36.879	1.0348	 4.4944e+01	 1.0138e+00	 5.8988e-01	 1.0010e+00
	 nan	36.897	1.0346	 4.4968e+01	 1.0138e+00	 5.8941e-01	 1.0011e+00
	 nan	36.915	1.0346	 4.4992e+01	 1.0139e+00	 5.8895e-01	 1.0005e+00
	 nan	36.933	1.035	 4.5016e+01	 1.0139e+00	 5.8848e-01	 1.0015e+00
	 nan	36.951	1.0354	 4.5040e+01	 1.0139e+00	 5.8801e-01	 1.0002e+00
	 nan	36.969	1.0359	 4.5064e+01	 1.0140e+00	 5.8754e-01	 1.0014e+00
	 nan	36.987	1.0361	 4.5088e+01	 1.0140e+00	 5.8708e-01	 1.0004e+00
	 nan	37.005	1.0361	 4.5112e+01	 1.0140e+00	 5.8662e-01	 1.0015e+00
	 nan	37.023	1.0359	 4.5136e+01	 1.0140e+00	 5.8615e-01	 1.0011e+00
	 nan	37.042	1.0355	 4.5160e+01	 1.0141e+00	 5.8569e-01	 1.0005e+00
	 nan	37.06	1.0354	 4.5185e+01	 1.0141e+00	 5.8523e-01	 1.0008e+00
	 nan	37.078	1.0355	 4.5209e+01	 1.0141e+00	 5.8477e-01	 1.0006e+00
	 nan	37.096	1.0358	 4.5233e+01	 1.0141e+00	 5.8430e-01	 1.0017e+00
	 nan	37.114	1.0363	 4.5257e+01	 1.0141e+00	 5.8384e-01	 1.0003e+00
	 nan	37.133	1.0366	 4.5281e+01	 1.0141e+00	 5.8338e-01	 1.0017e+00
	 nan	37.151	1.0368	 4.5305e+01	 1.0142e+00	 5.8292e-01	 1.0010e+00
	 nan	37.169	1.0366	 4.5329e+01	 1.0142e+00	 5.8246e-01	 1.0018e+00
	 nan	37.187	1.0364	 4.5354e+01	 1.0142e+00	 5.8201e-01	 1.0007e+00
	 nan	37.205	1.0361	 4.5378e+01	 1.0142e+00	 5.8155e-01	 1.0006e+00
	 nan	37.224	1.0358	 4.5402e+01	 1.0142e+00	 5.8109e-01	 1.0014e+00
	 nan	37.242	1.036	 4.5426e+01	 1.0143e+00	 5.8063e-01	 1.0003e+00
	 nan	37.26	1.0362	 4.5451e+01	 1.0143e+00	 5.8017e-01	 1.0016e+00
	 nan	37.279	1.0367	 4.5475e+01	 1.0143e+00	 5.7971e-01	 1.0001e+00
	 nan	37.297	1.0371	 4.5499e+01	 1.0143e+00	 5.7925e-01	 1.0014e+00
	 nan	37.315	1.0373	 4.5524e+01	 1.0143e+00	 5.7879e-01	 1.0005e+00
	 nan	37.334	1.0373	 4.5548e+01	 1.0144e+00	 5.7833e-01	 1.0007e+00
	 nan	37.352	1.037	 4.5572e+01	 1.0144e+00	 5.7787e-01	 1.0012e+00
	 nan	37.37	1.0367	 4.5596e+01	 1.0144e+00	 5.7741e-01	 1.0011e+00
	 nan	37.389	1.0364	 4.5621e+01	 1.0144e+00	 5.7696e-01	 1.0009e+00
	 nan	37.407	1.0365	 4.5645e+01	 1.0144e+00	 5.7650e-01	 9.9978e-01
	 nan	37.426	1.0368	 4.5670e+01	 1.0144e+00	 5.7604e-01	 1.0017e+00
	 nan	37.444	1.0372	 4.5694e+01	 1.0145e+00	 5.7558e-01	 1.0002e+00
	 nan	37.463	1.0377	 4.5718e+01	 1.0145e+00	 5.7512e-01	 1.0009e+00
	 nan	37.481	1.0379	 4.5743e+01	 1.0145e+00	 5.7466e-01	 1.0008e+00
	 nan	37.5	1.0378	 4.5767e+01	 1.0145e+00	 5.7420e-01	 1.0015e+00
	 nan	37.518	1.0376	 4.5792e+01	 1.0146e+00	 5.7374e-01	 1.0017e+00
	 nan	37.537	1.0372	 4.5816e+01	 1.0146e+00	 5.7329e-01	 1.0008e+00
	 nan	37.555	1.0371	 4.5841e+01	 1.0146e+00	 5.7283e-01	 1.0012e+00
	 nan	37.574	1.0371	 4.5865e+01	 1.0146e+00	 5.7237e-01	 9.9985e-01
	 nan	37.593	1.0375	 4.5890e+01	 1.0147e+00	 5.7192e-01	 1.0015e+00
	 nan	37.611	1.038	 4.5914e+01	 1.0147e+00	 5.7146e-01	 1.0004e+00
	 nan	37.63	1.0384	 4.5939e+01	 1.0147e+00	 5.7101e-01	 1.0010e+00
	 nan	37.648	1.0386	 4.5963e+01	 1.0148e+00	 5.7056e-01	 1.0008e+00
	 nan	37.667	1.0384	 4.5988e+01	 1.0148e+00	 5.7011e-01	 1.0012e+00
	 nan	37.686	1.0382	 4.6013e+01	 1.0149e+00	 5.6966e-01	 1.0014e+00
	 nan	37.704	1.0378	 4.6037e+01	 1.0149e+00	 5.6920e-01	 1.0001e+00
	 nan	37.723	1.0376	 4.6062e+01	 1.0149e+00	 5.6875e-01	 1.0014e+00
	 nan	37.742	1.0376	 4.6086e+01	 1.0150e+00	 5.6830e-01	 1.0002e+00
	 nan	37.761	1.0378	 4.6111e+01	 1.0150e+00	 5.6785e-01	 1.0014e+00
	 nan	37.779	1.0383	 4.6136e+01	 1.0150e+00	 5.6740e-01	 1.0008e+00
	 nan	37.798	1.0386	 4.6160e+01	 1.0151e+00	 5.6695e-01	 1.0014e+00
	 nan	37.817	1.0388	 4.6185e+01	 1.0151e+00	 5.6650e-01	 1.0008e+00
	 nan	37.836	1.0387	 4.6210e+01	 1.0152e+00	 5.6605e-01	 1.0004e+00
	 nan	37.854	1.0383	 4.6235e+01	 1.0152e+00	 5.6561e-01	 1.0011e+00
	 nan	37.873	1.038	 4.6259e+01	 1.0152e+00	 5.6516e-01	 1.0002e+00
	 nan	37.892	1.0378	 4.6284e+01	 1.0153e+00	 5.6472e-01	 1.0016e+00
	 nan	37.911	1.038	 4.6309e+01	 1.0153e+00	 5.6427e-01	 1.0005e+00
	 nan	37.93	1.0384	 4.6334e+01	 1.0154e+00	 5.6382e-01	 1.0015e+00
	 nan	37.949	1.0389	 4.6358e+01	 1.0154e+00	 5.6338e-01	 1.0004e+00
	 nan	37.968	1.0394	 4.6383e+01	 1.0154e+00	 5.6293e-01	 1.0007e+00
	 nan	37.987	1.0397	 4.6408e+01	 1.0155e+00	 5.6249e-01	 1.0011e+00
	 nan	38.006	1.0398	 4.6433e+01	 1.0155e+00	 5.6204e-01	 1.0007e+00
	 nan	38.025	1.0396	 4.6458e+01	 1.0156e+00	 5.6160e-01	 1.0017e+00
	 nan	38.044	1.0394	 4.6483e+01	 1.0156e+00	 5.6115e-01	 1.0004e+00
	 nan	38.063	1.0395	 4.6508e+01	 1.0156e+00	 5.6071e-01	 1.0012e+00
	 nan	38.082	1.0397	 4.6532e+01	 1.0157e+00	 5.6028e-01	 1.0000e+00
	 nan	38.101	1.0403	 4.6557e+01	 1.0157e+00	 5.5984e-01	 1.0010e+00
	 nan	38.12	1.0409	 4.6582e+01	 1.0157e+00	 5.5941e-01	 1.0007e+00
	 nan	38.139	1.0415	 4.6607e+01	 1.0158e+00	 5.5897e-01	 1.0007e+00
	 nan	38.158	1.0418	 4.6632e+01	 1.0158e+00	 5.5854e-01	 1.0008e+00
	 nan	38.177	1.0417	 4.6657e+01	 1.0159e+00	 5.5810e-01	 1.0007e+00
	 nan	38.196	1.0416	 4.6682e+01	 1.0159e+00	 5.5766e-01	 1.0014e+00
	 nan	38.215	1.0412	 4.6707e+01	 1.0159e+00	 5.5723e-01	 9.9989e-01
	 nan	38.234	1.0411	 4.6732e+01	 1.0159e+00	 5.5679e-01	 1.0012e+00
	 nan	38.253	1.0411	 4.6757e+01	 1.0160e+00	 5.5636e-01	 1.0003e+00
	 nan	38.272	1.0413	 4.6782e+01	 1.0160e+00	 5.5592e-01	 1.0015e+00
	 nan	38.292	1.0417	 4.6807e+01	 1.0160e+00	 5.5548e-01	 1.0012e+00
	 nan	38.311	1.0419	 4.6832e+01	 1.0160e+00	 5.5505e-01	 1.0011e+00
	 nan	38.33	1.0419	 4.6858e+01	 1.0160e+00	 5.5461e-01	 1.0016e+00
	 nan	38.349	1.0415	 4.6883e+01	 1.0160e+00	 5.5417e-01	 1.0007e+00
	 nan	38.369	1.041	 4.6908e+01	 1.0161e+00	 5.5374e-01	 1.0019e+00
	 nan	38.388	1.0405	 4.6933e+01	 1.0161e+00	 5.5330e-01	 1.0006e+00
	 nan	38.407	1.04	 4.6958e+01	 1.0161e+00	 5.5287e-01	 1.0014e+00
	 nan	38.426	1.0399	 4.6983e+01	 1.0161e+00	 5.5243e-01	 1.0000e+00
	 nan	38.446	1.0398	 4.7008e+01	 1.0160e+00	 5.5199e-01	 1.0005e+00
	 nan	38.465	1.04	 4.7034e+01	 1.0160e+00	 5.5156e-01	 1.0011e+00
	 nan	38.484	1.0401	 4.7059e+01	 1.0160e+00	 5.5112e-01	 1.0006e+00
	 nan	38.504	1.0399	 4.7084e+01	 1.0160e+00	 5.5068e-01	 1.0011e+00
	 nan	38.523	1.0395	 4.7109e+01	 1.0160e+00	 5.5025e-01	 1.0003e+00
	 nan	38.542	1.0388	 4.7134e+01	 1.0160e+00	 5.4982e-01	 1.0018e+00
	 nan	38.562	1.0382	 4.7160e+01	 1.0160e+00	 5.4939e-01	 1.0002e+00
	 nan	38.581	1.0377	 4.7185e+01	 1.0160e+00	 5.4895e-01	 1.0008e+00
	 nan	38.601	1.0375	 4.7210e+01	 1.0160e+00	 5.4852e-01	 1.0003e+00
	 nan	38.62	1.0376	 4.7236e+01	 1.0160e+00	 5.4809e-01	 1.0012e+00
	 nan	38.64	1.0376	 4.7261e+01	 1.0160e+00	 5.4766e-01	 1.0017e+00
	 nan	38.659	1.0378	 4.7286e+01	 1.0159e+00	 5.4723e-01	 1.0009e+00
	 nan	38.678	1.0376	 4.7312e+01	 1.0159e+00	 5.4680e-01	 1.0015e+00
	 nan	38.698	1.0373	 4.7337e+01	 1.0159e+00	 5.4638e-01	 1.0002e+00
	 nan	38.718	1.0368	 4.7362e+01	 1.0159e+00	 5.4595e-01	 1.0015e+00
	 nan	38.737	1.0362	 4.7388e+01	 1.0159e+00	 5.4552e-01	 1.0007e+00
	 nan	38.757	1.036	 4.7413e+01	 1.0159e+00	 5.4510e-01	 1.0011e+00
	 nan	38.776	1.0359	 4.7438e+01	 1.0159e+00	 5.4467e-01	 1.0006e+00
	 nan	38.796	1.0362	 4.7464e+01	 1.0159e+00	 5.4424e-01	 1.0011e+00
	 nan	38.815	1.0366	 4.7489e+01	 1.0159e+00	 5.4382e-01	 1.0013e+00
	 nan	38.835	1.0369	 4.7515e+01	 1.0158e+00	 5.4339e-01	 1.0006e+00
	 nan	38.855	1.0371	 4.7540e+01	 1.0158e+00	 5.4297e-01	 1.0016e+00
	 nan	38.874	1.0369	 4.7566e+01	 1.0158e+00	 5.4255e-01	 1.0005e+00
	 nan	38.894	1.0367	 4.7591e+01	 1.0158e+00	 5.4212e-01	 1.0017e+00
	 nan	38.914	1.0365	 4.7617e+01	 1.0158e+00	 5.4170e-01	 1.0008e+00
	 nan	38.933	1.0364	 4.7642e+01	 1.0158e+00	 5.4127e-01	 1.0016e+00
	 nan	38.953	1.0367	 4.7668e+01	 1.0158e+00	 5.4085e-01	 1.0012e+00
	 nan	38.973	1.0371	 4.7693e+01	 1.0158e+00	 5.4043e-01	 1.0007e+00
	 nan	38.992	1.0379	 4.7719e+01	 1.0158e+00	 5.4001e-01	 1.0010e+00
	 nan	39.012	1.0384	 4.7744e+01	 1.0158e+00	 5.3958e-01	 1.0003e+00
	 nan	39.032	1.0388	 4.7770e+01	 1.0158e+00	 5.3916e-01	 1.0013e+00
	 nan	39.052	1.0389	 4.7796e+01	 1.0158e+00	 5.3874e-01	 1.0003e+00
	 nan	39.072	1.0388	 4.7821e+01	 1.0158e+00	 5.3832e-01	 1.0019e+00
	 nan	39.091	1.0388	 4.7847e+01	 1.0158e+00	 5.3790e-01	 1.0009e+00
	 nan	39.111	1.0389	 4.7873e+01	 1.0158e+00	 5.3748e-01	 1.0015e+00
	 nan	39.131	1.0393	 4.7898e+01	 1.0158e+00	 5.3706e-01	 1.0013e+00
	 nan	39.151	1.04	 4.7924e+01	 1.0158e+00	 5.3664e-01	 1.0005e+00
	 nan	39.171	1.0407	 4.7950e+01	 1.0158e+00	 5.3622e-01	 1.0013e+00
	 nan	39.191	1.0414	 4.7975e+01	 1.0158e+00	 5.3579e-01	 1.0001e+00
	 nan	39.211	1.0418	 4.8001e+01	 1.0159e+00	 5.3537e-01	 1.0015e+00
	 nan	39.231	1.042	 4.8027e+01	 1.0159e+00	 5.3495e-01	 1.0004e+00
	 nan	39.251	1.042	 4.8053e+01	 1.0159e+00	 5.3453e-01	 1.0012e+00
	 nan	39.27	1.0419	 4.8078e+01	 1.0159e+00	 5.3411e-01	 1.0005e+00
	 nan	39.29	1.0421	 4.8104e+01	 1.0159e+00	 5.3369e-01	 1.0009e+00
	 nan	39.31	1.0424	 4.8130e+01	 1.0159e+00	 5.3327e-01	 1.0011e+00
	 nan	39.331	1.0432	 4.8156e+01	 1.0159e+00	 5.3285e-01	 1.0005e+00
	 nan	39.351	1.0438	 4.8181e+01	 1.0159e+00	 5.3243e-01	 1.0017e+00
	 nan	39.371	1.0444	 4.8207e+01	 1.0159e+00	 5.3201e-01	 1.0004e+00
	 nan	39.391	1.0448	 4.8233e+01	 1.0159e+00	 5.3159e-01	 1.0018e+00
	 nan	39.411	1.0448	 4.8259e+01	 1.0159e+00	 5.3117e-01	 1.0007e+00
	 nan	39.431	1.0448	 4.8285e+01	 1.0159e+00	 5.3075e-01	 1.0011e+00
	 nan	39.451	1.0446	 4.8311e+01	 1.0159e+00	 5.3033e-01	 1.0004e+00
	 nan	39.471	1.0446	 4.8337e+01	 1.0159e+00	 5.2991e-01	 1.0008e+00
	 nan	39.491	1.0449	 4.8363e+01	 1.0159e+00	 5.2949e-01	 1.0012e+00
	 nan	39.511	1.0453	 4.8388e+01	 1.0159e+00	 5.2906e-01	 1.0002e+00
	 nan	39.531	1.0458	 4.8414e+01	 1.0159e+00	 5.2865e-01	 1.0010e+00
	 nan	39.552	1.0461	 4.8440e+01	 1.0159e+00	 5.2822e-01	 9.9963e-01
	 nan	39.572	1.0462	 4.8466e+01	 1.0159e+00	 5.2781e-01	 1.0013e+00
	 nan	39.592	1.046	 4.8492e+01	 1.0160e+00	 5.2739e-01	 1.0002e+00
	 nan	39.612	1.0455	 4.8518e+01	 1.0160e+00	 5.2697e-01	 1.0005e+00
	 nan	39.632	1.0451	 4.8544e+01	 1.0160e+00	 5.2655e-01	 1.0008e+00
	 nan	39.653	1.0447	 4.8570e+01	 1.0160e+00	 5.2613e-01	 1.0006e+00
	 nan	39.673	1.0447	 4.8596e+01	 1.0160e+00	 5.2572e-01	 1.0010e+00
	 nan	39.693	1.0448	 4.8622e+01	 1.0160e+00	 5.2530e-01	 1.0006e+00
	 nan	39.714	1.045	 4.8648e+01	 1.0160e+00	 5.2489e-01	 1.0019e+00
	 nan	39.734	1.0452	 4.8674e+01	 1.0160e+00	 5.2448e-01	 1.0002e+00
	 nan	39.754	1.045	 4.8700e+01	 1.0160e+00	 5.2406e-01	 1.0012e+00
	 nan	39.775	1.0447	 4.8726e+01	 1.0160e+00	 5.2365e-01	 1.0005e+00
	 nan	39.795	1.0442	 4.8753e+01	 1.0161e+00	 5.2323e-01	 1.0012e+00
	 nan	39.815	1.0437	 4.8779e+01	 1.0161e+00	 5.2281e-01	 1.0006e+00
	 nan	39.836	1.0434	 4.8805e+01	 1.0161e+00	 5.2240e-01	 1.0008e+00
	 nan	39.856	1.0433	 4.8831e+01	 1.0161e+00	 5.2198e-01	 1.0016e+00
	 nan	39.877	1.0436	 4.8857e+01	 1.0161e+00	 5.2156e-01	 1.0003e+00
	 nan	39.897	1.0438	 4.8883e+01	 1.0161e+00	 5.2115e-01	 1.0013e+00
	 nan	39.918	1.044	 4.8909e+01	 1.0161e+00	 5.2074e-01	 9.9992e-01
	 nan	39.938	1.0438	 4.8936e+01	 1.0162e+00	 5.2032e-01	 1.0018e+00
	 nan	39.959	1.0434	 4.8962e+01	 1.0162e+00	 5.1990e-01	 1.0010e+00
	 nan	39.979	1.0429	 4.8988e+01	 1.0162e+00	 5.1949e-01	 1.0007e+00
	 nan	40.0	1.0423	 4.9014e+01	 1.0162e+00	 5.1908e-01	 1.0009e+00
	 nan	40.02	1.0419	 4.9041e+01	 1.0162e+00	 5.1867e-01	 1.0005e+00
	 nan	40.041	1.0417	 4.9067e+01	 1.0163e+00	 5.1825e-01	 1.0014e+00
	 nan	40.061	1.0418	 4.9093e+01	 1.0163e+00	 5.1784e-01	 1.0005e+00
	 nan	40.082	1.042	 4.9120e+01	 1.0163e+00	 5.1743e-01	 1.0022e+00
	 nan	40.103	1.042	 4.9146e+01	 1.0163e+00	 5.1701e-01	 1.0010e+00
	 nan	40.123	1.0419	 4.9172e+01	 1.0164e+00	 5.1660e-01	 1.0010e+00
	 nan	40.144	1.0414	 4.9198e+01	 1.0164e+00	 5.1618e-01	 1.0009e+00
	 nan	40.164	1.0409	 4.9225e+01	 1.0165e+00	 5.1577e-01	 1.0012e+00
	 nan	40.185	1.0405	 4.9251e+01	 1.0165e+00	 5.1536e-01	 1.0011e+00
	 nan	40.206	1.0402	 4.9278e+01	 1.0165e+00	 5.1496e-01	 9.9978e-01
	 nan	40.226	1.0403	 4.9304e+01	 1.0166e+00	 5.1455e-01	 1.0014e+00
	 nan	40.247	1.0405	 4.9330e+01	 1.0166e+00	 5.1414e-01	 1.0003e+00
	 nan	40.268	1.0411	 4.9357e+01	 1.0166e+00	 5.1373e-01	 1.0012e+00
	 nan	40.289	1.0414	 4.9383e+01	 1.0167e+00	 5.1333e-01	 1.0004e+00
	 nan	40.309	1.0416	 4.9410e+01	 1.0167e+00	 5.1292e-01	 1.0016e+00
	 nan	40.33	1.0415	 4.9436e+01	 1.0168e+00	 5.1251e-01	 1.0014e+00
	 nan	40.351	1.0412	 4.9462e+01	 1.0169e+00	 5.1210e-01	 1.0008e+00
	 nan	40.372	1.0411	 4.9489e+01	 1.0169e+00	 5.1169e-01	 1.0015e+00
	 nan	40.393	1.041	 4.9515e+01	 1.0170e+00	 5.1129e-01	 1.0006e+00
	 nan	40.414	1.0412	 4.9542e+01	 1.0170e+00	 5.1088e-01	 1.0020e+00
	 nan	40.434	1.0416	 4.9568e+01	 1.0171e+00	 5.1048e-01	 1.0007e+00
	 nan	40.455	1.042	 4.9595e+01	 1.0171e+00	 5.1007e-01	 1.0016e+00
	 nan	40.476	1.0423	 4.9622e+01	 1.0172e+00	 5.0967e-01	 1.0012e+00
	 nan	40.497	1.0423	 4.9648e+01	 1.0173e+00	 5.0926e-01	 1.0016e+00
	 nan	40.518	1.0421	 4.9675e+01	 1.0173e+00	 5.0886e-01	 1.0008e+00
	 nan	40.539	1.0416	 4.9701e+01	 1.0174e+00	 5.0846e-01	 1.0001e+00
	 nan	40.56	1.0412	 4.9728e+01	 1.0174e+00	 5.0806e-01	 1.0017e+00
	 nan	40.581	1.041	 4.9754e+01	 1.0175e+00	 5.0765e-01	 1.0010e+00
	 nan	40.602	1.041	 4.9781e+01	 1.0175e+00	 5.0725e-01	 1.0019e+00
	 nan	40.623	1.0413	 4.9808e+01	 1.0176e+00	 5.0686e-01	 1.0008e+00
	 nan	40.644	1.0416	 4.9834e+01	 1.0177e+00	 5.0646e-01	 1.0016e+00
	 nan	40.665	1.0418	 4.9861e+01	 1.0177e+00	 5.0606e-01	 1.0008e+00
	 nan	40.686	1.0419	 4.9888e+01	 1.0178e+00	 5.0566e-01	 1.0010e+00
	 nan	40.707	1.0416	 4.9914e+01	 1.0178e+00	 5.0526e-01	 1.0014e+00
	 nan	40.728	1.0413	 4.9941e+01	 1.0179e+00	 5.0487e-01	 1.0011e+00
	 nan	40.749	1.0409	 4.9968e+01	 1.0179e+00	 5.0447e-01	 1.0017e+00
	 nan	40.77	1.0408	 4.9994e+01	 1.0180e+00	 5.0407e-01	 9.9992e-01
	 nan	40.791	1.041	 5.0021e+01	 1.0180e+00	 5.0368e-01	 1.0016e+00
	 nan	40.812	1.0414	 5.0048e+01	 1.0181e+00	 5.0328e-01	 1.0010e+00
	 nan	40.834	1.042	 5.0075e+01	 1.0181e+00	 5.0289e-01	 1.0017e+00
	 nan	40.855	1.0423	 5.0101e+01	 1.0182e+00	 5.0249e-01	 1.0009e+00
	 nan	40.876	1.0425	 5.0128e+01	 1.0183e+00	 5.0210e-01	 1.0010e+00
	 nan	40.897	1.0423	 5.0155e+01	 1.0183e+00	 5.0171e-01	 1.0017e+00
	 nan	40.918	1.042	 5.0182e+01	 1.0184e+00	 5.0131e-01	 1.0010e+00
	 nan	40.939	1.0418	 5.0209e+01	 1.0184e+00	 5.0092e-01	 1.0017e+00
	 nan	40.961	1.0417	 5.0236e+01	 1.0185e+00	 5.0052e-01	 1.0005e+00
	 nan	40.982	1.0419	 5.0262e+01	 1.0185e+00	 5.0012e-01	 1.0018e+00
	 nan	41.003	1.0423	 5.0289e+01	 1.0185e+00	 4.9972e-01	 1.0007e+00
	 nan	41.025	1.0428	 5.0316e+01	 1.0186e+00	 4.9933e-01	 1.0011e+00
	 nan	41.046	1.0432	 5.0343e+01	 1.0186e+00	 4.9893e-01	 1.0006e+00
	 nan	41.067	1.0432	 5.0370e+01	 1.0187e+00	 4.9854e-01	 1.0005e+00
	 nan	41.089	1.0431	 5.0397e+01	 1.0187e+00	 4.9815e-01	 1.0016e+00
	 nan	41.11	1.0427	 5.0424e+01	 1.0188e+00	 4.9776e-01	 1.0009e+00
	 nan	41.131	1.0425	 5.0451e+01	 1.0188e+00	 4.9736e-01	 1.0019e+00
	 nan	41.153	1.0425	 5.0478e+01	 1.0188e+00	 4.9697e-01	 1.0007e+00
	 nan	41.174	1.0426	 5.0505e+01	 1.0188e+00	 4.9658e-01	 1.0019e+00
	 nan	41.195	1.0432	 5.0532e+01	 1.0189e+00	 4.9619e-01	 1.0010e+00
	 nan	41.217	1.0436	 5.0559e+01	 1.0189e+00	 4.9579e-01	 1.0013e+00
	 nan	41.238	1.044	 5.0586e+01	 1.0189e+00	 4.9540e-01	 1.0012e+00
	 nan	41.26	1.0442	 5.0613e+01	 1.0190e+00	 4.9501e-01	 1.0009e+00
	 nan	41.281	1.044	 5.0640e+01	 1.0190e+00	 4.9462e-01	 1.0018e+00
	 nan	41.303	1.0439	 5.0667e+01	 1.0190e+00	 4.9423e-01	 1.0003e+00
	 nan	41.324	1.0436	 5.0694e+01	 1.0190e+00	 4.9383e-01	 1.0017e+00
	 nan	41.346	1.0437	 5.0721e+01	 1.0191e+00	 4.9344e-01	 1.0005e+00
	 nan	41.367	1.044	 5.0748e+01	 1.0191e+00	 4.9305e-01	 1.0011e+00
	 nan	41.389	1.0446	 5.0775e+01	 1.0191e+00	 4.9266e-01	 1.0005e+00
	 nan	41.411	1.0452	 5.0802e+01	 1.0191e+00	 4.9228e-01	 1.0013e+00
	 nan	41.432	1.0456	 5.0829e+01	 1.0191e+00	 4.9189e-01	 1.0016e+00
	 nan	41.454	1.0459	 5.0856e+01	 1.0191e+00	 4.9150e-01	 1.0007e+00
	 nan	41.475	1.0458	 5.0883e+01	 1.0192e+00	 4.9112e-01	 1.0014e+00
	 nan	41.497	1.0456	 5.0910e+01	 1.0192e+00	 4.9072e-01	 1.0007e+00
	 nan	41.519	1.0455	 5.0938e+01	 1.0192e+00	 4.9033e-01	 1.0020e+00
	 nan	41.54	1.0455	 5.0965e+01	 1.0192e+00	 4.8995e-01	 1.0008e+00
	 nan	41.562	1.0459	 5.0992e+01	 1.0192e+00	 4.8956e-01	 1.0013e+00
	 nan	41.584	1.0463	 5.1019e+01	 1.0192e+00	 4.8917e-01	 1.0007e+00
	 nan	41.606	1.0469	 5.1046e+01	 1.0192e+00	 4.8878e-01	 1.0006e+00
	 nan	41.627	1.0473	 5.1074e+01	 1.0192e+00	 4.8839e-01	 1.0014e+00
	 nan	41.649	1.0473	 5.1101e+01	 1.0192e+00	 4.8800e-01	 1.0009e+00
	 nan	41.671	1.0473	 5.1128e+01	 1.0192e+00	 4.8761e-01	 1.0017e+00
	 nan	41.693	1.047	 5.1155e+01	 1.0192e+00	 4.8722e-01	 1.0004e+00
	 nan	41.714	1.0468	 5.1183e+01	 1.0192e+00	 4.8683e-01	 1.0017e+00
	 nan	41.736	1.0468	 5.1210e+01	 1.0192e+00	 4.8644e-01	 1.0003e+00
	 nan	41.758	1.047	 5.1237e+01	 1.0191e+00	 4.8605e-01	 1.0009e+00
	 nan	41.78	1.0476	 5.1264e+01	 1.0191e+00	 4.8566e-01	 1.0015e+00
	 nan	41.802	1.048	 5.1292e+01	 1.0191e+00	 4.8527e-01	 1.0016e+00
	 nan	41.824	1.0484	 5.1319e+01	 1.0191e+00	 4.8489e-01	 1.0014e+00
	 nan	41.845	1.0485	 5.1346e+01	 1.0191e+00	 4.8450e-01	 1.0001e+00
	 nan	41.867	1.0483	 5.1374e+01	 1.0191e+00	 4.8411e-01	 1.0019e+00
	 nan	41.889	1.0479	 5.1401e+01	 1.0191e+00	 4.8373e-01	 1.0004e+00
	 nan	41.911	1.0475	 5.1428e+01	 1.0190e+00	 4.8334e-01	 1.0016e+00
	 nan	41.933	1.0473	 5.1456e+01	 1.0190e+00	 4.8295e-01	 1.0011e+00
	 nan	41.955	1.0473	 5.1483e+01	 1.0190e+00	 4.8256e-01	 1.0011e+00
	 nan	41.977	1.0475	 5.1510e+01	 1.0190e+00	 4.8217e-01	 1.0014e+00
	 nan	41.999	1.0477	 5.1538e+01	 1.0190e+00	 4.8178e-01	 1.0011e+00
	 nan	42.021	1.0477	 5.1565e+01	 1.0189e+00	 4.8139e-01	 1.0019e+00
	 nan	42.043	1.0476	 5.1593e+01	 1.0189e+00	 4.8101e-01	 1.0003e+00
	 nan	42.065	1.047	 5.1620e+01	 1.0189e+00	 4.8063e-01	 1.0019e+00
	 nan	42.087	1.0466	 5.1648e+01	 1.0189e+00	 4.8024e-01	 1.0008e+00
	 nan	42.109	1.0461	 5.1675e+01	 1.0188e+00	 4.7986e-01	 1.0016e+00
	 nan	42.131	1.0458	 5.1703e+01	 1.0188e+00	 4.7947e-01	 1.0011e+00
	 nan	42.153	1.0459	 5.1730e+01	 1.0188e+00	 4.7909e-01	 1.0013e+00
	 nan	42.176	1.0461	 5.1758e+01	 1.0187e+00	 4.7871e-01	 1.0013e+00
	 nan	42.198	1.0465	 5.1785e+01	 1.0187e+00	 4.7833e-01	 1.0002e+00
	 nan	42.22	1.0467	 5.1813e+01	 1.0187e+00	 4.7795e-01	 1.0015e+00
	 nan	42.242	1.0467	 5.1840e+01	 1.0187e+00	 4.7757e-01	 1.0004e+00
	 nan	42.264	1.0465	 5.1868e+01	 1.0186e+00	 4.7719e-01	 1.0015e+00
	 nan	42.286	1.046	 5.1895e+01	 1.0186e+00	 4.7681e-01	 1.0003e+00
	 nan	42.309	1.0458	 5.1923e+01	 1.0186e+00	 4.7643e-01	 1.0012e+00
	 nan	42.331	1.0456	 5.1951e+01	 1.0185e+00	 4.7605e-01	 1.0016e+00
	 nan	42.353	1.0459	 5.1978e+01	 1.0185e+00	 4.7567e-01	 1.0014e+00
	 nan	42.375	1.0463	 5.2006e+01	 1.0185e+00	 4.7529e-01	 1.0014e+00
	 nan	42.398	1.0467	 5.2033e+01	 1.0184e+00	 4.7491e-01	 1.0004e+00
	 nan	42.42	1.047	 5.2061e+01	 1.0184e+00	 4.7454e-01	 1.0012e+00
	 nan	42.442	1.047	 5.2089e+01	 1.0184e+00	 4.7416e-01	 1.0001e+00
	 nan	42.465	1.0469	 5.2116e+01	 1.0184e+00	 4.7379e-01	 1.0014e+00
	 nan	42.487	1.0465	 5.2144e+01	 1.0183e+00	 4.7342e-01	 1.0008e+00
	 nan	42.509	1.0462	 5.2172e+01	 1.0183e+00	 4.7304e-01	 1.0012e+00
	 nan	42.532	1.0462	 5.2199e+01	 1.0183e+00	 4.7267e-01	 1.0011e+00
	 nan	42.554	1.0463	 5.2227e+01	 1.0182e+00	 4.7230e-01	 1.0009e+00
	 nan	42.576	1.0468	 5.2255e+01	 1.0182e+00	 4.7192e-01	 1.0015e+00
	 nan	42.599	1.0471	 5.2283e+01	 1.0182e+00	 4.7155e-01	 1.0002e+00
	 nan	42.621	1.0474	 5.2310e+01	 1.0182e+00	 4.7118e-01	 1.0016e+00
	 nan	42.644	1.0475	 5.2338e+01	 1.0182e+00	 4.7080e-01	 1.0004e+00
	 nan	42.666	1.0473	 5.2366e+01	 1.0182e+00	 4.7043e-01	 1.0013e+00
	 nan	42.689	1.0471	 5.2393e+01	 1.0182e+00	 4.7005e-01	 1.0008e+00
	 nan	42.711	1.0469	 5.2421e+01	 1.0182e+00	 4.6968e-01	 1.0016e+00
	 nan	42.734	1.047	 5.2449e+01	 1.0181e+00	 4.6930e-01	 1.0017e+00
	 nan	42.756	1.0473	 5.2477e+01	 1.0181e+00	 4.6893e-01	 1.0004e+00
	 nan	42.779	1.0478	 5.2505e+01	 1.0181e+00	 4.6855e-01	 1.0011e+00
	 nan	42.801	1.0484	 5.2533e+01	 1.0182e+00	 4.6818e-01	 1.0003e+00
	 nan	42.824	1.0487	 5.2560e+01	 1.0182e+00	 4.6781e-01	 1.0018e+00
	 nan	42.846	1.0489	 5.2588e+01	 1.0182e+00	 4.6744e-01	 1.0010e+00
	 nan	42.869	1.0488	 5.2616e+01	 1.0182e+00	 4.6707e-01	 1.0018e+00
	 nan	42.892	1.0485	 5.2644e+01	 1.0183e+00	 4.6669e-01	 1.0008e+00
	 nan	42.914	1.0484	 5.2672e+01	 1.0183e+00	 4.6632e-01	 1.0008e+00
	 nan	42.937	1.0483	 5.2700e+01	 1.0183e+00	 4.6595e-01	 1.0010e+00
	 nan	42.96	1.0487	 5.2728e+01	 1.0183e+00	 4.6558e-01	 1.0007e+00
	 nan	42.982	1.0491	 5.2756e+01	 1.0184e+00	 4.6521e-01	 1.0019e+00
	 nan	43.005	1.0496	 5.2784e+01	 1.0184e+00	 4.6484e-01	 1.0007e+00
	 nan	43.028	1.05	 5.2811e+01	 1.0185e+00	 4.6447e-01	 1.0014e+00
	 nan	43.05	1.05	 5.2839e+01	 1.0185e+00	 4.6411e-01	 1.0001e+00
	 nan	43.073	1.0499	 5.2867e+01	 1.0186e+00	 4.6374e-01	 1.0010e+00
	 nan	43.096	1.0495	 5.2895e+01	 1.0186e+00	 4.6337e-01	 1.0013e+00
	 nan	43.119	1.0493	 5.2923e+01	 1.0187e+00	 4.6301e-01	 1.0015e+00
	 nan	43.141	1.0493	 5.2951e+01	 1.0187e+00	 4.6264e-01	 1.0017e+00
	 nan	43.164	1.0495	 5.2979e+01	 1.0188e+00	 4.6227e-01	 1.0002e+00
	 nan	43.187	1.0501	 5.3007e+01	 1.0189e+00	 4.6191e-01	 1.0011e+00
	 nan	43.21	1.0505	 5.3035e+01	 1.0189e+00	 4.6154e-01	 1.0003e+00
	 nan	43.233	1.0508	 5.3063e+01	 1.0190e+00	 4.6117e-01	 1.0018e+00
	 nan	43.256	1.0508	 5.3092e+01	 1.0191e+00	 4.6080e-01	 1.0010e+00
	 nan	43.279	1.0506	 5.3120e+01	 1.0192e+00	 4.6043e-01	 1.0013e+00
	 nan	43.302	1.0503	 5.3148e+01	 1.0192e+00	 4.6007e-01	 1.0017e+00
	 nan	43.324	1.05	 5.3176e+01	 1.0193e+00	 4.5970e-01	 1.0012e+00
	 nan	43.347	1.05	 5.3204e+01	 1.0194e+00	 4.5934e-01	 1.0017e+00
	 nan	43.37	1.0501	 5.3232e+01	 1.0195e+00	 4.5897e-01	 1.0008e+00
	 nan	43.393	1.0504	 5.3260e+01	 1.0195e+00	 4.5861e-01	 1.0016e+00
	 nan	43.416	1.0507	 5.3288e+01	 1.0196e+00	 4.5824e-01	 1.0003e+00
	 nan	43.439	1.0509	 5.3316e+01	 1.0197e+00	 4.5788e-01	 1.0013e+00
	 nan	43.462	1.0509	 5.3345e+01	 1.0198e+00	 4.5752e-01	 1.0008e+00
	 nan	43.485	1.0505	 5.3373e+01	 1.0199e+00	 4.5715e-01	 1.0011e+00
	 nan	43.508	1.0502	 5.3401e+01	 1.0200e+00	 4.5679e-01	 1.0011e+00
	 nan	43.531	1.0499	 5.3429e+01	 1.0200e+00	 4.5643e-01	 1.0003e+00
	 nan	43.554	1.0497	 5.3457e+01	 1.0201e+00	 4.5606e-01	 1.0015e+00
	 nan	43.577	1.05	 5.3486e+01	 1.0202e+00	 4.5570e-01	 1.0006e+00
	 nan	43.6	1.0503	 5.3514e+01	 1.0203e+00	 4.5534e-01	 1.0017e+00
	 nan	43.623	1.0507	 5.3542e+01	 1.0203e+00	 4.5498e-01	 1.0008e+00
	 nan	43.647	1.0508	 5.3570e+01	 1.0204e+00	 4.5462e-01	 1.0017e+00
	 nan	43.67	1.0507	 5.3598e+01	 1.0205e+00	 4.5426e-01	 1.0010e+00
	 nan	43.693	1.0505	 5.3627e+01	 1.0206e+00	 4.5389e-01	 1.0010e+00
	 nan	43.716	1.0499	 5.3655e+01	 1.0207e+00	 4.5353e-01	 1.0014e+00
	 nan	43.739	1.0497	 5.3683e+01	 1.0207e+00	 4.5318e-01	 1.0004e+00
	 nan	43.762	1.0494	 5.3712e+01	 1.0208e+00	 4.5283e-01	 1.0017e+00
	 nan	43.786	1.0496	 5.3740e+01	 1.0209e+00	 4.5247e-01	 1.0006e+00
	 nan	43.809	1.0499	 5.3768e+01	 1.0209e+00	 4.5211e-01	 1.0017e+00
	 nan	43.832	1.0501	 5.3796e+01	 1.0210e+00	 4.5175e-01	 1.0010e+00
	 nan	43.855	1.0504	 5.3825e+01	 1.0211e+00	 4.5140e-01	 1.0019e+00
	 nan	43.878	1.0501	 5.3853e+01	 1.0211e+00	 4.5104e-01	 1.0012e+00
	 nan	43.902	1.0498	 5.3881e+01	 1.0212e+00	 4.5069e-01	 1.0008e+00
	 nan	43.925	1.0494	 5.3910e+01	 1.0213e+00	 4.5033e-01	 1.0018e+00
	 nan	43.948	1.0489	 5.3938e+01	 1.0213e+00	 4.4997e-01	 1.0011e+00
	 nan	43.972	1.0488	 5.3967e+01	 1.0214e+00	 4.4962e-01	 1.0020e+00
	 nan	43.995	1.0488	 5.3995e+01	 1.0214e+00	 4.4926e-01	 1.0004e+00
	 nan	44.018	1.0492	 5.4023e+01	 1.0215e+00	 4.4890e-01	 1.0012e+00
	 nan	44.042	1.0494	 5.4052e+01	 1.0215e+00	 4.4854e-01	 1.0004e+00
	 nan	44.065	1.0495	 5.4080e+01	 1.0216e+00	 4.4818e-01	 1.0012e+00
	 nan	44.089	1.0494	 5.4109e+01	 1.0216e+00	 4.4782e-01	 1.0012e+00
	 nan	44.112	1.0489	 5.4137e+01	 1.0217e+00	 4.4747e-01	 1.0012e+00
	 nan	44.135	1.0486	 5.4166e+01	 1.0218e+00	 4.4711e-01	 1.0022e+00
	 nan	44.159	1.0482	 5.4194e+01	 1.0218e+00	 4.4676e-01	 1.0004e+00
	 nan	44.182	1.0482	 5.4222e+01	 1.0218e+00	 4.4640e-01	 1.0018e+00
	 nan	44.206	1.0485	 5.4251e+01	 1.0219e+00	 4.4605e-01	 1.0009e+00
	 nan	44.229	1.0489	 5.4279e+01	 1.0219e+00	 4.4569e-01	 1.0019e+00
	 nan	44.253	1.0495	 5.4308e+01	 1.0220e+00	 4.4534e-01	 1.0015e+00
	 nan	44.276	1.0497	 5.4336e+01	 1.0220e+00	 4.4499e-01	 1.0016e+00
	 nan	44.3	1.0498	 5.4365e+01	 1.0221e+00	 4.4463e-01	 1.0014e+00
	 nan	44.323	1.0496	 5.4394e+01	 1.0221e+00	 4.4428e-01	 1.0007e+00
	 nan	44.347	1.0493	 5.4422e+01	 1.0222e+00	 4.4393e-01	 1.0015e+00
	 nan	44.37	1.0492	 5.4451e+01	 1.0222e+00	 4.4357e-01	 1.0008e+00
	 nan	44.394	1.0491	 5.4479e+01	 1.0222e+00	 4.4322e-01	 1.0021e+00
	 nan	44.418	1.0496	 5.4508e+01	 1.0223e+00	 4.4287e-01	 1.0005e+00
	 nan	44.441	1.05	 5.4536e+01	 1.0223e+00	 4.4252e-01	 1.0010e+00
	 nan	44.465	1.0505	 5.4565e+01	 1.0223e+00	 4.4217e-01	 1.0004e+00
	 nan	44.488	1.051	 5.4594e+01	 1.0224e+00	 4.4182e-01	 1.0009e+00
	 nan	44.512	1.051	 5.4622e+01	 1.0224e+00	 4.4147e-01	 1.0013e+00
	 nan	44.536	1.051	 5.4651e+01	 1.0224e+00	 4.4112e-01	 1.0007e+00
	 nan	44.56	1.0507	 5.4679e+01	 1.0225e+00	 4.4077e-01	 1.0023e+00
	 nan	44.583	1.0507	 5.4708e+01	 1.0225e+00	 4.4041e-01	 1.0005e+00
	 nan	44.607	1.0508	 5.4737e+01	 1.0225e+00	 4.4007e-01	 1.0014e+00
	 nan	44.631	1.0512	 5.4765e+01	 1.0225e+00	 4.3972e-01	 1.0008e+00
	 nan	44.655	1.0518	 5.4794e+01	 1.0226e+00	 4.3937e-01	 1.0016e+00
	 nan	44.678	1.0523	 5.4822e+01	 1.0226e+00	 4.3902e-01	 1.0014e+00
	 nan	44.702	1.0527	 5.4851e+01	 1.0226e+00	 4.3867e-01	 1.0012e+00
	 nan	44.726	1.0529	 5.4880e+01	 1.0226e+00	 4.3832e-01	 1.0022e+00
	 nan	44.75	1.0527	 5.4909e+01	 1.0227e+00	 4.3796e-01	 1.0013e+00
	 nan	44.774	1.0526	 5.4937e+01	 1.0227e+00	 4.3762e-01	 1.0023e+00
	 nan	44.797	1.0525	 5.4966e+01	 1.0227e+00	 4.3727e-01	 1.0005e+00
	 nan	44.821	1.0527	 5.4995e+01	 1.0227e+00	 4.3692e-01	 1.0019e+00
	 nan	44.845	1.0532	 5.5024e+01	 1.0227e+00	 4.3657e-01	 1.0013e+00
	 nan	44.869	1.0539	 5.5052e+01	 1.0227e+00	 4.3622e-01	 1.0012e+00
	 nan	44.893	1.0546	 5.5081e+01	 1.0227e+00	 4.3588e-01	 1.0012e+00
	 nan	44.917	1.055	 5.5110e+01	 1.0227e+00	 4.3553e-01	 1.0008e+00
	 nan	44.941	1.0553	 5.5139e+01	 1.0228e+00	 4.3518e-01	 1.0021e+00
	 nan	44.965	1.0552	 5.5167e+01	 1.0228e+00	 4.3484e-01	 1.0004e+00
	 nan	44.989	1.0551	 5.5196e+01	 1.0228e+00	 4.3450e-01	 1.0016e+00
	 nan	45.013	1.0551	 5.5225e+01	 1.0228e+00	 4.3415e-01	 1.0006e+00
	 nan	45.037	1.0552	 5.5254e+01	 1.0228e+00	 4.3380e-01	 1.0016e+00
	 nan	45.061	1.0557	 5.5283e+01	 1.0228e+00	 4.3346e-01	 1.0016e+00
	 nan	45.085	1.0562	 5.5311e+01	 1.0228e+00	 4.3311e-01	 1.0019e+00
	 nan	45.109	1.0567	 5.5340e+01	 1.0228e+00	 4.3276e-01	 1.0020e+00
	 nan	45.133	1.0569	 5.5369e+01	 1.0228e+00	 4.3242e-01	 1.0013e+00
	 nan	45.157	1.0568	 5.5398e+01	 1.0228e+00	 4.3208e-01	 1.0027e+00
	 nan	45.181	1.0565	 5.5427e+01	 1.0228e+00	 4.3173e-01	 1.0012e+00
	 nan	45.205	1.0559	 5.5456e+01	 1.0228e+00	 4.3139e-01	 1.0019e+00
	 nan	45.229	1.0556	 5.5484e+01	 1.0228e+00	 4.3104e-01	 1.0008e+00
	 nan	45.253	1.0553	 5.5513e+01	 1.0228e+00	 4.3070e-01	 1.0012e+00
	 nan	45.278	1.0553	 5.5542e+01	 1.0228e+00	 4.3036e-01	 1.0009e+00
	 nan	45.302	1.0555	 5.5571e+01	 1.0228e+00	 4.3001e-01	 1.0012e+00
	 nan	45.326	1.0554	 5.5600e+01	 1.0228e+00	 4.2967e-01	 1.0018e+00
	 nan	45.35	1.0554	 5.5629e+01	 1.0228e+00	 4.2933e-01	 1.0008e+00
	 nan	45.374	1.0548	 5.5658e+01	 1.0228e+00	 4.2899e-01	 1.0021e+00
	 nan	45.399	1.0541	 5.5687e+01	 1.0228e+00	 4.2864e-01	 1.0009e+00
	 nan	45.423	1.0534	 5.5716e+01	 1.0228e+00	 4.2830e-01	 1.0023e+00
	 nan	45.447	1.0526	 5.5745e+01	 1.0228e+00	 4.2796e-01	 1.0014e+00
	 nan	45.471	1.0523	 5.5774e+01	 1.0228e+00	 4.2762e-01	 1.0017e+00
	 nan	45.496	1.0521	 5.5803e+01	 1.0228e+00	 4.2728e-01	 1.0014e+00
	 nan	45.52	1.0522	 5.5832e+01	 1.0228e+00	 4.2694e-01	 1.0010e+00
	 nan	45.544	1.0523	 5.5861e+01	 1.0228e+00	 4.2660e-01	 1.0013e+00
	 nan	45.568	1.0522	 5.5890e+01	 1.0228e+00	 4.2625e-01	 1.0004e+00
	 nan	45.593	1.052	 5.5919e+01	 1.0229e+00	 4.2591e-01	 1.0024e+00
	 nan	45.617	1.0514	 5.5948e+01	 1.0229e+00	 4.2557e-01	 1.0007e+00
	 nan	45.641	1.0511	 5.5977e+01	 1.0229e+00	 4.2523e-01	 1.0016e+00
	 nan	45.666	1.0507	 5.6006e+01	 1.0229e+00	 4.2489e-01	 1.0011e+00
	 nan	45.69	1.0507	 5.6035e+01	 1.0229e+00	 4.2455e-01	 1.0011e+00
	 nan	45.715	1.0511	 5.6064e+01	 1.0229e+00	 4.2420e-01	 1.0012e+00
	 nan	45.739	1.0515	 5.6093e+01	 1.0229e+00	 4.2386e-01	 1.0008e+00
	 nan	45.763	1.0521	 5.6122e+01	 1.0230e+00	 4.2352e-01	 1.0018e+00
	 nan	45.788	1.0524	 5.6151e+01	 1.0230e+00	 4.2318e-01	 1.0010e+00
	 nan	45.812	1.0525	 5.6180e+01	 1.0230e+00	 4.2284e-01	 1.0019e+00
	 nan	45.837	1.0525	 5.6209e+01	 1.0230e+00	 4.2250e-01	 1.0007e+00
	 nan	45.861	1.0522	 5.6238e+01	 1.0231e+00	 4.2217e-01	 1.0012e+00
	 nan	45.886	1.0523	 5.6268e+01	 1.0231e+00	 4.2183e-01	 1.0005e+00
	 nan	45.91	1.0525	 5.6297e+01	 1.0231e+00	 4.2149e-01	 1.0011e+00
	 nan	45.935	1.053	 5.6326e+01	 1.0232e+00	 4.2114e-01	 1.0016e+00
	 nan	45.959	1.0537	 5.6355e+01	 1.0232e+00	 4.2081e-01	 1.0011e+00
	 nan	45.984	1.0543	 5.6384e+01	 1.0232e+00	 4.2047e-01	 1.0015e+00
	 nan	46.009	1.0548	 5.6413e+01	 1.0233e+00	 4.2013e-01	 1.0005e+00
	 nan	46.033	1.0549	 5.6442e+01	 1.0233e+00	 4.1980e-01	 1.0020e+00
	 nan	46.058	1.055	 5.6471e+01	 1.0234e+00	 4.1946e-01	 1.0011e+00
	 nan	46.082	1.0548	 5.6501e+01	 1.0234e+00	 4.1913e-01	 1.0018e+00
	 nan	46.107	1.0548	 5.6530e+01	 1.0234e+00	 4.1879e-01	 1.0008e+00
	 nan	46.132	1.0551	 5.6559e+01	 1.0235e+00	 4.1846e-01	 1.0007e+00
	 nan	46.156	1.0555	 5.6588e+01	 1.0235e+00	 4.1812e-01	 1.0016e+00
	 nan	46.181	1.0561	 5.6617e+01	 1.0235e+00	 4.1779e-01	 1.0010e+00
	 nan	46.206	1.0566	 5.6647e+01	 1.0236e+00	 4.1746e-01	 1.0022e+00
	 nan	46.231	1.0569	 5.6676e+01	 1.0236e+00	 4.1712e-01	 1.0006e+00
	 nan	46.255	1.0569	 5.6705e+01	 1.0237e+00	 4.1679e-01	 1.0019e+00
	 nan	46.28	1.0566	 5.6734e+01	 1.0237e+00	 4.1646e-01	 1.0011e+00
	 nan	46.305	1.0563	 5.6764e+01	 1.0238e+00	 4.1612e-01	 1.0011e+00
	 nan	46.33	1.056	 5.6793e+01	 1.0238e+00	 4.1579e-01	 1.0012e+00
	 nan	46.354	1.056	 5.6822e+01	 1.0239e+00	 4.1545e-01	 1.0012e+00
	 nan	46.379	1.0562	 5.6851e+01	 1.0239e+00	 4.1512e-01	 1.0019e+00
	 nan	46.404	1.0565	 5.6881e+01	 1.0240e+00	 4.1478e-01	 1.0006e+00
	 nan	46.429	1.0569	 5.6910e+01	 1.0240e+00	 4.1445e-01	 1.0018e+00
	 nan	46.454	1.0569	 5.6939e+01	 1.0241e+00	 4.1412e-01	 1.0007e+00
	 nan	46.479	1.0568	 5.6969e+01	 1.0241e+00	 4.1378e-01	 1.0019e+00
	 nan	46.503	1.0564	 5.6998e+01	 1.0242e+00	 4.1345e-01	 1.0012e+00
	 nan	46.528	1.0559	 5.7027e+01	 1.0242e+00	 4.1311e-01	 1.0016e+00
	 nan	46.553	1.0557	 5.7057e+01	 1.0242e+00	 4.1278e-01	 1.0017e+00
	 nan	46.578	1.0555	 5.7086e+01	 1.0243e+00	 4.1245e-01	 1.0011e+00
	 nan	46.603	1.0558	 5.7115e+01	 1.0243e+00	 4.1212e-01	 1.0019e+00
	 nan	46.628	1.0561	 5.7145e+01	 1.0243e+00	 4.1179e-01	 1.0007e+00
	 nan	46.653	1.0565	 5.7174e+01	 1.0244e+00	 4.1147e-01	 1.0019e+00
	 nan	46.678	1.0566	 5.7203e+01	 1.0244e+00	 4.1113e-01	 1.0005e+00
	 nan	46.703	1.0565	 5.7233e+01	 1.0244e+00	 4.1080e-01	 1.0016e+00
	 nan	46.728	1.0563	 5.7262e+01	 1.0245e+00	 4.1047e-01	 1.0013e+00
	 nan	46.753	1.0559	 5.7291e+01	 1.0245e+00	 4.1015e-01	 1.0011e+00
	 nan	46.778	1.0558	 5.7321e+01	 1.0245e+00	 4.0982e-01	 1.0013e+00
	 nan	46.803	1.0559	 5.7350e+01	 1.0246e+00	 4.0949e-01	 1.0009e+00
	 nan	46.828	1.0563	 5.7380e+01	 1.0246e+00	 4.0916e-01	 1.0021e+00
	 nan	46.853	1.0569	 5.7409e+01	 1.0246e+00	 4.0883e-01	 1.0009e+00
	 nan	46.878	1.0574	 5.7438e+01	 1.0246e+00	 4.0850e-01	 1.0020e+00
	 nan	46.903	1.0578	 5.7468e+01	 1.0247e+00	 4.0817e-01	 1.0011e+00
	 nan	46.928	1.0578	 5.7497e+01	 1.0247e+00	 4.0784e-01	 1.0018e+00
	 nan	46.954	1.0577	 5.7527e+01	 1.0247e+00	 4.0751e-01	 1.0008e+00
	 nan	46.979	1.0576	 5.7556e+01	 1.0247e+00	 4.0718e-01	 1.0009e+00
	 nan	47.004	1.0574	 5.7586e+01	 1.0247e+00	 4.0685e-01	 1.0020e+00
	 nan	47.029	1.0577	 5.7615e+01	 1.0247e+00	 4.0652e-01	 1.0008e+00
	 nan	47.054	1.058	 5.7644e+01	 1.0248e+00	 4.0620e-01	 1.0018e+00
	 nan	47.079	1.0586	 5.7674e+01	 1.0248e+00	 4.0587e-01	 1.0006e+00
	 nan	47.104	1.0591	 5.7703e+01	 1.0248e+00	 4.0554e-01	 1.0024e+00
	 nan	47.13	1.0593	 5.7733e+01	 1.0248e+00	 4.0521e-01	 1.0015e+00
	 nan	47.155	1.0594	 5.7762e+01	 1.0248e+00	 4.0488e-01	 1.0015e+00
	 nan	47.18	1.0591	 5.7792e+01	 1.0248e+00	 4.0456e-01	 1.0015e+00
	 nan	47.205	1.0589	 5.7821e+01	 1.0248e+00	 4.0423e-01	 1.0014e+00
	 nan	47.231	1.0588	 5.7851e+01	 1.0249e+00	 4.0390e-01	 1.0019e+00
	 nan	47.256	1.0589	 5.7880e+01	 1.0249e+00	 4.0358e-01	 1.0004e+00
	 nan	47.281	1.0593	 5.7910e+01	 1.0249e+00	 4.0325e-01	 1.0016e+00
	 nan	47.306	1.0597	 5.7939e+01	 1.0249e+00	 4.0292e-01	 1.0005e+00
	 nan	47.332	1.0602	 5.7969e+01	 1.0249e+00	 4.0259e-01	 1.0014e+00
	 nan	47.357	1.0603	 5.7999e+01	 1.0249e+00	 4.0226e-01	 1.0012e+00
	 nan	47.383	1.0602	 5.8028e+01	 1.0249e+00	 4.0194e-01	 1.0017e+00
	 nan	47.408	1.0599	 5.8058e+01	 1.0249e+00	 4.0161e-01	 1.0013e+00
	 nan	47.433	1.0595	 5.8087e+01	 1.0249e+00	 4.0129e-01	 1.0008e+00
	 nan	47.459	1.0594	 5.8117e+01	 1.0249e+00	 4.0096e-01	 1.0018e+00
	 nan	47.484	1.0593	 5.8147e+01	 1.0249e+00	 4.0064e-01	 1.0008e+00
	 nan	47.51	1.0596	 5.8176e+01	 1.0250e+00	 4.0032e-01	 1.0024e+00
	 nan	47.535	1.0601	 5.8206e+01	 1.0250e+00	 3.9999e-01	 1.0011e+00
	 nan	47.56	1.0603	 5.8235e+01	 1.0250e+00	 3.9967e-01	 1.0019e+00
	 nan	47.586	1.0605	 5.8265e+01	 1.0250e+00	 3.9935e-01	 1.0018e+00
	 nan	47.611	1.0603	 5.8294e+01	 1.0250e+00	 3.9902e-01	 1.0018e+00
	 nan	47.637	1.0599	 5.8324e+01	 1.0250e+00	 3.9870e-01	 1.0020e+00
	 nan	47.662	1.0594	 5.8354e+01	 1.0250e+00	 3.9838e-01	 1.0011e+00
	 nan	47.688	1.0591	 5.8383e+01	 1.0250e+00	 3.9806e-01	 1.0020e+00
	 nan	47.713	1.059	 5.8413e+01	 1.0251e+00	 3.9774e-01	 1.0004e+00
	 nan	47.739	1.059	 5.8443e+01	 1.0251e+00	 3.9742e-01	 1.0015e+00
	 nan	47.765	1.0594	 5.8472e+01	 1.0251e+00	 3.9710e-01	 1.0006e+00
	 nan	47.79	1.0595	 5.8502e+01	 1.0251e+00	 3.9678e-01	 1.0017e+00
	 nan	47.816	1.0594	 5.8532e+01	 1.0251e+00	 3.9646e-01	 1.0016e+00
	 nan	47.841	1.0591	 5.8561e+01	 1.0252e+00	 3.9614e-01	 1.0014e+00
	 nan	47.867	1.0585	 5.8591e+01	 1.0252e+00	 3.9582e-01	 1.0020e+00
	 nan	47.893	1.058	 5.8621e+01	 1.0252e+00	 3.9550e-01	 1.0007e+00
	 nan	47.918	1.0576	 5.8650e+01	 1.0252e+00	 3.9519e-01	 1.0024e+00
	 nan	47.944	1.0575	 5.8680e+01	 1.0253e+00	 3.9487e-01	 1.0012e+00
	 nan	47.97	1.0576	 5.8710e+01	 1.0253e+00	 3.9455e-01	 1.0020e+00
	 nan	47.995	1.0578	 5.8739e+01	 1.0254e+00	 3.9423e-01	 1.0010e+00
	 nan	48.021	1.0581	 5.8769e+01	 1.0254e+00	 3.9391e-01	 1.0015e+00
	 nan	48.047	1.058	 5.8799e+01	 1.0254e+00	 3.9360e-01	 1.0017e+00
	 nan	48.072	1.0578	 5.8828e+01	 1.0255e+00	 3.9328e-01	 1.0011e+00
	 nan	48.098	1.0574	 5.8858e+01	 1.0255e+00	 3.9296e-01	 1.0019e+00
	 nan	48.124	1.0569	 5.8888e+01	 1.0255e+00	 3.9264e-01	 1.0010e+00
	 nan	48.15	1.0567	 5.8918e+01	 1.0256e+00	 3.9233e-01	 1.0026e+00
	 nan	48.175	1.0566	 5.8947e+01	 1.0256e+00	 3.9201e-01	 1.0011e+00
	 nan	48.201	1.057	 5.8977e+01	 1.0256e+00	 3.9170e-01	 1.0015e+00
	 nan	48.227	1.0574	 5.9007e+01	 1.0257e+00	 3.9138e-01	 1.0014e+00
	 nan	48.253	1.0577	 5.9037e+01	 1.0257e+00	 3.9106e-01	 1.0015e+00
	 nan	48.279	1.0579	 5.9066e+01	 1.0258e+00	 3.9075e-01	 1.0017e+00
	 nan	48.304	1.0577	 5.9096e+01	 1.0258e+00	 3.9043e-01	 1.0007e+00
	 nan	48.33	1.0576	 5.9126e+01	 1.0259e+00	 3.9012e-01	 1.0020e+00
	 nan	48.356	1.0572	 5.9156e+01	 1.0259e+00	 3.8980e-01	 1.0011e+00
	 nan	48.382	1.0571	 5.9185e+01	 1.0259e+00	 3.8949e-01	 1.0023e+00
	 nan	48.408	1.0573	 5.9215e+01	 1.0260e+00	 3.8917e-01	 1.0011e+00
	 nan	48.434	1.0575	 5.9245e+01	 1.0260e+00	 3.8886e-01	 1.0014e+00
	 nan	48.46	1.0581	 5.9275e+01	 1.0261e+00	 3.8854e-01	 1.0007e+00
	 nan	48.486	1.0584	 5.9304e+01	 1.0261e+00	 3.8823e-01	 1.0015e+00
	 nan	48.512	1.0586	 5.9334e+01	 1.0262e+00	 3.8792e-01	 1.0020e+00
	 nan	48.538	1.0585	 5.9364e+01	 1.0262e+00	 3.8760e-01	 1.0006e+00
	 nan	48.564	1.0582	 5.9394e+01	 1.0262e+00	 3.8729e-01	 1.0016e+00
	 nan	48.59	1.058	 5.9424e+01	 1.0263e+00	 3.8698e-01	 1.0006e+00
	 nan	48.616	1.0577	 5.9453e+01	 1.0263e+00	 3.8667e-01	 1.0022e+00
	 nan	48.642	1.058	 5.9483e+01	 1.0264e+00	 3.8636e-01	 1.0016e+00
	 nan	48.668	1.0584	 5.9513e+01	 1.0264e+00	 3.8605e-01	 1.0021e+00
	 nan	48.694	1.0589	 5.9543e+01	 1.0265e+00	 3.8574e-01	 1.0016e+00
	 nan	48.72	1.0595	 5.9573e+01	 1.0265e+00	 3.8542e-01	 1.0012e+00
	 nan	48.746	1.0597	 5.9603e+01	 1.0266e+00	 3.8511e-01	 1.0020e+00
	 nan	48.772	1.0598	 5.9632e+01	 1.0266e+00	 3.8480e-01	 1.0013e+00
	 nan	48.798	1.0596	 5.9662e+01	 1.0267e+00	 3.8449e-01	 1.0023e+00
	 nan	48.824	1.0594	 5.9692e+01	 1.0268e+00	 3.8418e-01	 1.0014e+00
	 nan	48.85	1.0593	 5.9722e+01	 1.0268e+00	 3.8387e-01	 1.0022e+00
	 nan	48.877	1.0594	 5.9752e+01	 1.0269e+00	 3.8355e-01	 1.0014e+00
	 nan	48.903	1.0599	 5.9782e+01	 1.0269e+00	 3.8324e-01	 1.0018e+00
	 nan	48.929	1.0603	 5.9812e+01	 1.0270e+00	 3.8293e-01	 1.0013e+00
	 nan	48.955	1.0607	 5.9841e+01	 1.0270e+00	 3.8262e-01	 1.0006e+00
	 nan	48.981	1.0608	 5.9871e+01	 1.0271e+00	 3.8231e-01	 1.0014e+00
	 nan	49.007	1.0606	 5.9901e+01	 1.0272e+00	 3.8200e-01	 1.0004e+00
	 nan	49.034	1.0603	 5.9931e+01	 1.0272e+00	 3.8169e-01	 1.0017e+00
	 nan	49.06	1.0598	 5.9961e+01	 1.0273e+00	 3.8138e-01	 1.0011e+00
	 nan	49.086	1.0596	 5.9991e+01	 1.0274e+00	 3.8107e-01	 1.0019e+00
	 nan	49.112	1.0596	 6.0021e+01	 1.0274e+00	 3.8076e-01	 1.0013e+00
	 nan	49.139	1.06	 6.0051e+01	 1.0275e+00	 3.8045e-01	 1.0017e+00
	 nan	49.165	1.0605	 6.0081e+01	 1.0276e+00	 3.8014e-01	 1.0018e+00
	 nan	49.191	1.0607	 6.0111e+01	 1.0276e+00	 3.7983e-01	 1.0010e+00
	 nan	49.218	1.061	 6.0141e+01	 1.0277e+00	 3.7952e-01	 1.0025e+00
	 nan	49.244	1.0609	 6.0170e+01	 1.0278e+00	 3.7921e-01	 1.0011e+00
	 nan	49.27	1.0607	 6.0200e+01	 1.0278e+00	 3.7890e-01	 1.0022e+00
	 nan	49.297	1.0605	 6.0230e+01	 1.0279e+00	 3.7859e-01	 1.0011e+00
	 nan	49.323	1.0604	 6.0260e+01	 1.0280e+00	 3.7828e-01	 1.0021e+00
	 nan	49.349	1.0607	 6.0290e+01	 1.0280e+00	 3.7797e-01	 1.0018e+00
	 nan	49.376	1.0611	 6.0320e+01	 1.0281e+00	 3.7766e-01	 1.0015e+00
	 nan	49.402	1.0618	 6.0350e+01	 1.0281e+00	 3.7735e-01	 1.0019e+00
	 nan	49.429	1.0623	 6.0380e+01	 1.0282e+00	 3.7705e-01	 1.0007e+00
	 nan	49.455	1.0626	 6.0410e+01	 1.0283e+00	 3.7674e-01	 1.0018e+00
	 nan	49.482	1.0628	 6.0440e+01	 1.0283e+00	 3.7644e-01	 1.0008e+00
	 nan	49.508	1.0625	 6.0470e+01	 1.0284e+00	 3.7613e-01	 1.0023e+00
	 nan	49.534	1.0625	 6.0500e+01	 1.0284e+00	 3.7583e-01	 1.0014e+00
	 nan	49.561	1.0625	 6.0530e+01	 1.0285e+00	 3.7552e-01	 1.0021e+00
	 nan	49.587	1.0627	 6.0560e+01	 1.0285e+00	 3.7522e-01	 1.0022e+00
	 nan	49.614	1.0633	 6.0590e+01	 1.0285e+00	 3.7491e-01	 1.0010e+00
	 nan	49.64	1.0638	 6.0620e+01	 1.0286e+00	 3.7461e-01	 1.0016e+00
	 nan	49.667	1.0644	 6.0650e+01	 1.0286e+00	 3.7430e-01	 1.0015e+00
	 nan	49.694	1.0645	 6.0680e+01	 1.0286e+00	 3.7400e-01	 1.0029e+00
	 nan	49.72	1.0645	 6.0710e+01	 1.0287e+00	 3.7369e-01	 1.0012e+00
	 nan	49.747	1.0643	 6.0740e+01	 1.0287e+00	 3.7339e-01	 1.0016e+00
	 nan	49.773	1.0639	 6.0770e+01	 1.0287e+00	 3.7308e-01	 1.0006e+00
	 nan	49.8	1.0639	 6.0800e+01	 1.0287e+00	 3.7278e-01	 1.0012e+00
	 nan	49.827	1.064	 6.0830e+01	 1.0287e+00	 3.7248e-01	 1.0012e+00
	 nan	49.853	1.0645	 6.0860e+01	 1.0287e+00	 3.7218e-01	 1.0009e+00
	 nan	49.88	1.0649	 6.0890e+01	 1.0287e+00	 3.7187e-01	 1.0018e+00
	 nan	49.907	1.0652	 6.0920e+01	 1.0287e+00	 3.7156e-01	 1.0008e+00
	 nan	49.933	1.0655	 6.0950e+01	 1.0288e+00	 3.7126e-01	 1.0022e+00
	 nan	49.96	1.0652	 6.0980e+01	 1.0288e+00	 3.7095e-01	 1.0011e+00
	 nan	49.987	1.065	 6.1010e+01	 1.0287e+00	 3.7064e-01	 1.0018e+00
	 nan	50.013	1.0647	 6.1040e+01	 1.0287e+00	 3.7033e-01	 1.0013e+00
	 nan	50.04	1.0646	 6.1070e+01	 1.0287e+00	 3.7002e-01	 1.0018e+00
	 nan	50.067	1.0648	 6.1100e+01	 1.0287e+00	 3.6972e-01	 1.0022e+00
	 nan	50.093	1.065	 6.1130e+01	 1.0287e+00	 3.6941e-01	 1.0012e+00
	 nan	50.12	1.0656	 6.1160e+01	 1.0286e+00	 3.6910e-01	 1.0022e+00
	 nan	50.147	1.0658	 6.1190e+01	 1.0286e+00	 3.6879e-01	 1.0012e+00
	 nan	50.174	1.0659	 6.1220e+01	 1.0286e+00	 3.6849e-01	 1.0025e+00
	 nan	50.2	1.0657	 6.1250e+01	 1.0286e+00	 3.6817e-01	 1.0012e+00
	 nan	50.227	1.0652	 6.1280e+01	 1.0285e+00	 3.6787e-01	 1.0018e+00
	 nan	50.254	1.0649	 6.1310e+01	 1.0285e+00	 3.6757e-01	 1.0015e+00
	 nan	50.281	1.0645	 6.1341e+01	 1.0285e+00	 3.6726e-01	 1.0019e+00
	 nan	50.308	1.0646	 6.1371e+01	 1.0284e+00	 3.6696e-01	 1.0022e+00
	 nan	50.335	1.0648	 6.1401e+01	 1.0284e+00	 3.6665e-01	 1.0007e+00
	 nan	50.361	1.065	 6.1431e+01	 1.0283e+00	 3.6635e-01	 1.0021e+00
	 nan	50.388	1.0653	 6.1461e+01	 1.0283e+00	 3.6604e-01	 1.0013e+00
	 nan	50.415	1.0652	 6.1491e+01	 1.0283e+00	 3.6574e-01	 1.0022e+00
	 nan	50.442	1.0651	 6.1521e+01	 1.0282e+00	 3.6543e-01	 1.0011e+00
	 nan	50.469	1.0646	 6.1551e+01	 1.0282e+00	 3.6512e-01	 1.0014e+00
	 nan	50.496	1.0642	 6.1581e+01	 1.0281e+00	 3.6482e-01	 1.0014e+00
	 nan	50.523	1.064	 6.1611e+01	 1.0281e+00	 3.6452e-01	 1.0011e+00
	 nan	50.55	1.0639	 6.1641e+01	 1.0281e+00	 3.6421e-01	 1.0019e+00
	 nan	50.577	1.0643	 6.1671e+01	 1.0280e+00	 3.6391e-01	 1.0007e+00
	 nan	50.604	1.0645	 6.1702e+01	 1.0280e+00	 3.6360e-01	 1.0018e+00
	 nan	50.631	1.0647	 6.1732e+01	 1.0280e+00	 3.6330e-01	 1.0005e+00
	 nan	50.658	1.0647	 6.1762e+01	 1.0279e+00	 3.6300e-01	 1.0015e+00
	 nan	50.685	1.0643	 6.1792e+01	 1.0279e+00	 3.6269e-01	 1.0013e+00
	 nan	50.712	1.064	 6.1822e+01	 1.0279e+00	 3.6239e-01	 1.0016e+00
	 nan	50.739	1.0635	 6.1852e+01	 1.0278e+00	 3.6209e-01	 1.0019e+00
	 nan	50.766	1.0633	 6.1882e+01	 1.0278e+00	 3.6179e-01	 1.0012e+00
	 nan	50.793	1.0634	 6.1912e+01	 1.0278e+00	 3.6149e-01	 1.0022e+00
	 nan	50.82	1.0636	 6.1942e+01	 1.0277e+00	 3.6119e-01	 1.0012e+00
	 nan	50.847	1.0641	 6.1973e+01	 1.0277e+00	 3.6089e-01	 1.0023e+00
	 nan	50.874	1.0643	 6.2003e+01	 1.0277e+00	 3.6059e-01	 1.0012e+00
	 nan	50.902	1.0645	 6.2033e+01	 1.0277e+00	 3.6029e-01	 1.0022e+00
	 nan	50.929	1.0643	 6.2063e+01	 1.0276e+00	 3.5999e-01	 1.0014e+00
	 nan	50.956	1.064	 6.2093e+01	 1.0276e+00	 3.5969e-01	 1.0015e+00
	 nan	50.983	1.0637	 6.2123e+01	 1.0276e+00	 3.5939e-01	 1.0020e+00
	 nan	51.01	1.0636	 6.2153e+01	 1.0276e+00	 3.5909e-01	 1.0011e+00
	 nan	51.037	1.0639	 6.2183e+01	 1.0275e+00	 3.5879e-01	 1.0026e+00
	 nan	51.064	1.0642	 6.2213e+01	 1.0275e+00	 3.5849e-01	 1.0013e+00
	 nan	51.092	1.0648	 6.2244e+01	 1.0275e+00	 3.5819e-01	 1.0021e+00
	 nan	51.119	1.0653	 6.2274e+01	 1.0275e+00	 3.5789e-01	 1.0012e+00
	 nan	51.146	1.0655	 6.2304e+01	 1.0275e+00	 3.5759e-01	 1.0020e+00
	 nan	51.173	1.0656	 6.2334e+01	 1.0275e+00	 3.5729e-01	 1.0019e+00
	 nan	51.201	1.0653	 6.2364e+01	 1.0275e+00	 3.5699e-01	 1.0015e+00
	 nan	51.228	1.0653	 6.2394e+01	 1.0274e+00	 3.5669e-01	 1.0019e+00
	 nan	51.255	1.0653	 6.2424e+01	 1.0274e+00	 3.5639e-01	 1.0012e+00
	 nan	51.282	1.0656	 6.2455e+01	 1.0274e+00	 3.5609e-01	 1.0024e+00
	 nan	51.31	1.0663	 6.2485e+01	 1.0274e+00	 3.5580e-01	 1.0008e+00
	 nan	51.337	1.0668	 6.2515e+01	 1.0274e+00	 3.5550e-01	 1.0021e+00
	 nan	51.364	1.0673	 6.2545e+01	 1.0274e+00	 3.5520e-01	 1.0014e+00
	 nan	51.392	1.0675	 6.2575e+01	 1.0274e+00	 3.5491e-01	 1.0022e+00
	 nan	51.419	1.0673	 6.2605e+01	 1.0275e+00	 3.5461e-01	 1.0018e+00
	 nan	51.446	1.0671	 6.2635e+01	 1.0275e+00	 3.5432e-01	 1.0011e+00
	 nan	51.474	1.0666	 6.2666e+01	 1.0275e+00	 3.5402e-01	 1.0020e+00
	 nan	51.501	1.0666	 6.2696e+01	 1.0275e+00	 3.5373e-01	 1.0012e+00
	 nan	51.529	1.0666	 6.2726e+01	 1.0275e+00	 3.5343e-01	 1.0022e+00
	 nan	51.556	1.0669	 6.2756e+01	 1.0275e+00	 3.5314e-01	 1.0008e+00
	 nan	51.583	1.0672	 6.2786e+01	 1.0276e+00	 3.5284e-01	 1.0022e+00
	 nan	51.611	1.0673	 6.2816e+01	 1.0276e+00	 3.5255e-01	 1.0015e+00
	 nan	51.638	1.0674	 6.2846e+01	 1.0276e+00	 3.5226e-01	 1.0019e+00
	 nan	51.666	1.067	 6.2877e+01	 1.0277e+00	 3.5197e-01	 1.0020e+00
	 nan	51.693	1.0666	 6.2907e+01	 1.0277e+00	 3.5167e-01	 1.0012e+00
	 nan	51.721	1.0661	 6.2937e+01	 1.0278e+00	 3.5138e-01	 1.0019e+00
	 nan	51.748	1.0658	 6.2967e+01	 1.0278e+00	 3.5109e-01	 1.0010e+00
	 nan	51.776	1.0659	 6.2997e+01	 1.0279e+00	 3.5080e-01	 1.0021e+00
	 nan	51.803	1.0661	 6.3027e+01	 1.0279e+00	 3.5051e-01	 1.0007e+00
	 nan	51.831	1.0665	 6.3057e+01	 1.0280e+00	 3.5022e-01	 1.0020e+00
	 nan	51.858	1.0667	 6.3088e+01	 1.0281e+00	 3.4992e-01	 1.0014e+00
	 nan	51.886	1.0666	 6.3118e+01	 1.0282e+00	 3.4964e-01	 1.0007e+00
	 nan	51.914	1.0664	 6.3148e+01	 1.0283e+00	 3.4935e-01	 1.0017e+00
	 nan	51.941	1.066	 6.3178e+01	 1.0283e+00	 3.4906e-01	 1.0014e+00
	 nan	51.969	1.0657	 6.3208e+01	 1.0284e+00	 3.4876e-01	 1.0024e+00
	 nan	51.996	1.0656	 6.3238e+01	 1.0285e+00	 3.4848e-01	 1.0005e+00
	 nan	52.024	1.0658	 6.3269e+01	 1.0286e+00	 3.4819e-01	 1.0019e+00
	 nan	52.051	1.0663	 6.3299e+01	 1.0286e+00	 3.4790e-01	 1.0016e+00
	 nan	52.079	1.0668	 6.3329e+01	 1.0287e+00	 3.4760e-01	 1.0021e+00
	 nan	52.107	1.0674	 6.3359e+01	 1.0288e+00	 3.4731e-01	 1.0017e+00
	 nan	52.135	1.0676	 6.3389e+01	 1.0289e+00	 3.4702e-01	 1.0014e+00
	 nan	52.162	1.0677	 6.3419e+01	 1.0290e+00	 3.4672e-01	 1.0017e+00
	 nan	52.19	1.0675	 6.3450e+01	 1.0291e+00	 3.4643e-01	 1.0007e+00
	 nan	52.218	1.0674	 6.3480e+01	 1.0291e+00	 3.4613e-01	 1.0021e+00
	 nan	52.245	1.0677	 6.3510e+01	 1.0292e+00	 3.4584e-01	 1.0010e+00
	 nan	52.273	1.068	 6.3540e+01	 1.0293e+00	 3.4555e-01	 1.0019e+00
	 nan	52.301	1.0687	 6.3570e+01	 1.0294e+00	 3.4526e-01	 1.0010e+00
	 nan	52.328	1.0693	 6.3600e+01	 1.0294e+00	 3.4497e-01	 1.0014e+00
	 nan	52.356	1.0698	 6.3631e+01	 1.0295e+00	 3.4468e-01	 1.0017e+00
	 nan	52.384	1.0701	 6.3661e+01	 1.0296e+00	 3.4440e-01	 1.0015e+00
	 nan	52.411	1.07	 6.3691e+01	 1.0297e+00	 3.4411e-01	 1.0024e+00
	 nan	52.439	1.0698	 6.3721e+01	 1.0297e+00	 3.4382e-01	 1.0014e+00
	 nan	52.467	1.0695	 6.3751e+01	 1.0298e+00	 3.4353e-01	 1.0024e+00
	 nan	52.495	1.0696	 6.3782e+01	 1.0299e+00	 3.4324e-01	 1.0010e+00
	 nan	52.523	1.0698	 6.3812e+01	 1.0299e+00	 3.4296e-01	 1.0020e+00
	 nan	52.55	1.0701	 6.3842e+01	 1.0300e+00	 3.4267e-01	 1.0016e+00
	 nan	52.578	1.0707	 6.3872e+01	 1.0300e+00	 3.4238e-01	 1.0021e+00
	 nan	52.606	1.0709	 6.3902e+01	 1.0301e+00	 3.4210e-01	 1.0026e+00
	 nan	52.634	1.071	 6.3932e+01	 1.0301e+00	 3.4181e-01	 1.0016e+00
	 nan	52.662	1.0707	 6.3963e+01	 1.0301e+00	 3.4153e-01	 1.0021e+00
	 nan	52.69	1.0703	 6.3993e+01	 1.0302e+00	 3.4124e-01	 1.0010e+00
	 nan	52.718	1.07	 6.4023e+01	 1.0302e+00	 3.4096e-01	 1.0024e+00
	 nan	52.745	1.0697	 6.4053e+01	 1.0302e+00	 3.4067e-01	 1.0011e+00
	 nan	52.773	1.0699	 6.4083e+01	 1.0302e+00	 3.4039e-01	 1.0019e+00
	 nan	52.801	1.0701	 6.4113e+01	 1.0303e+00	 3.4010e-01	 1.0013e+00
	 nan	52.829	1.0705	 6.4144e+01	 1.0303e+00	 3.3982e-01	 1.0014e+00
	 nan	52.857	1.0708	 6.4174e+01	 1.0303e+00	 3.3954e-01	 1.0022e+00
	 nan	52.885	1.0707	 6.4204e+01	 1.0303e+00	 3.3925e-01	 1.0010e+00
	 nan	52.913	1.0705	 6.4234e+01	 1.0303e+00	 3.3897e-01	 1.0016e+00
	 nan	52.941	1.07	 6.4264e+01	 1.0303e+00	 3.3868e-01	 1.0003e+00
	 nan	52.969	1.0697	 6.4294e+01	 1.0303e+00	 3.3839e-01	 1.0019e+00
	 nan	52.997	1.0696	 6.4324e+01	 1.0303e+00	 3.3811e-01	 1.0013e+00
	 nan	53.025	1.0697	 6.4355e+01	 1.0303e+00	 3.3782e-01	 1.0018e+00
	 nan	53.053	1.0702	 6.4385e+01	 1.0303e+00	 3.3754e-01	 1.0014e+00
	 nan	53.081	1.0705	 6.4415e+01	 1.0303e+00	 3.3726e-01	 1.0012e+00
	 nan	53.109	1.0709	 6.4445e+01	 1.0303e+00	 3.3697e-01	 1.0022e+00
	 nan	53.137	1.0709	 6.4475e+01	 1.0303e+00	 3.3669e-01	 1.0016e+00
	 nan	53.165	1.0707	 6.4505e+01	 1.0302e+00	 3.3640e-01	 1.0027e+00
	 nan	53.193	1.0704	 6.4535e+01	 1.0302e+00	 3.3612e-01	 1.0014e+00
	 nan	53.221	1.07	 6.4566e+01	 1.0302e+00	 3.3584e-01	 1.0020e+00
	 nan	53.249	1.0701	 6.4596e+01	 1.0302e+00	 3.3556e-01	 1.0011e+00
	 nan	53.277	1.0702	 6.4626e+01	 1.0301e+00	 3.3528e-01	 1.0014e+00
	 nan	53.306	1.0707	 6.4656e+01	 1.0301e+00	 3.3499e-01	 1.0014e+00
	 nan	53.334	1.0712	 6.4686e+01	 1.0301e+00	 3.3471e-01	 1.0015e+00
	 nan	53.362	1.0715	 6.4716e+01	 1.0301e+00	 3.3443e-01	 1.0028e+00
	 nan	53.39	1.0718	 6.4746e+01	 1.0301e+00	 3.3415e-01	 1.0012e+00
	 nan	53.418	1.0716	 6.4777e+01	 1.0301e+00	 3.3387e-01	 1.0021e+00
	 nan	53.446	1.0714	 6.4807e+01	 1.0300e+00	 3.3359e-01	 1.0011e+00
	 nan	53.474	1.0713	 6.4837e+01	 1.0300e+00	 3.3331e-01	 1.0022e+00
	 nan	53.503	1.0712	 6.4867e+01	 1.0300e+00	 3.3303e-01	 1.0016e+00
	 nan	53.531	1.0716	 6.4897e+01	 1.0300e+00	 3.3275e-01	 1.0018e+00
	 nan	53.559	1.072	 6.4927e+01	 1.0300e+00	 3.3247e-01	 1.0021e+00
	 nan	53.587	1.0725	 6.4957e+01	 1.0300e+00	 3.3219e-01	 1.0012e+00
	 nan	53.615	1.0728	 6.4987e+01	 1.0300e+00	 3.3191e-01	 1.0025e+00
	 nan	53.644	1.0728	 6.5018e+01	 1.0300e+00	 3.3163e-01	 1.0015e+00
	 nan	53.672	1.0727	 6.5048e+01	 1.0300e+00	 3.3135e-01	 1.0024e+00
	 nan	53.7	1.0722	 6.5078e+01	 1.0300e+00	 3.3107e-01	 1.0010e+00
	 nan	53.728	1.0719	 6.5108e+01	 1.0300e+00	 3.3080e-01	 1.0020e+00
	 nan	53.757	1.0717	 6.5138e+01	 1.0300e+00	 3.3052e-01	 1.0017e+00
	 nan	53.785	1.0718	 6.5168e+01	 1.0300e+00	 3.3025e-01	 1.0014e+00
	 nan	53.813	1.0721	 6.5198e+01	 1.0300e+00	 3.2997e-01	 1.0023e+00
	 nan	53.841	1.0724	 6.5228e+01	 1.0300e+00	 3.2970e-01	 1.0011e+00
	 nan	53.87	1.0727	 6.5258e+01	 1.0301e+00	 3.2942e-01	 1.0019e+00
	 nan	53.898	1.0725	 6.5288e+01	 1.0301e+00	 3.2914e-01	 1.0011e+00
	 nan	53.926	1.0722	 6.5318e+01	 1.0301e+00	 3.2887e-01	 1.0026e+00
	 nan	53.955	1.0718	 6.5349e+01	 1.0302e+00	 3.2859e-01	 1.0017e+00
	 nan	53.983	1.0714	 6.5379e+01	 1.0302e+00	 3.2831e-01	 1.0022e+00
	 nan	54.011	1.0713	 6.5409e+01	 1.0302e+00	 3.2803e-01	 1.0015e+00
	 nan	54.04	1.0714	 6.5439e+01	 1.0303e+00	 3.2775e-01	 1.0013e+00
	 nan	54.068	1.0719	 6.5469e+01	 1.0303e+00	 3.2748e-01	 1.0024e+00
	 nan	54.097	1.0723	 6.5499e+01	 1.0303e+00	 3.2720e-01	 1.0012e+00
	 nan	54.125	1.0725	 6.5529e+01	 1.0304e+00	 3.2692e-01	 1.0024e+00
	 nan	54.153	1.0727	 6.5559e+01	 1.0304e+00	 3.2665e-01	 1.0014e+00
	 nan	54.182	1.0724	 6.5589e+01	 1.0305e+00	 3.2637e-01	 1.0023e+00
	 nan	54.21	1.0721	 6.5619e+01	 1.0305e+00	 3.2610e-01	 1.0011e+00
	 nan	54.239	1.0718	 6.5649e+01	 1.0306e+00	 3.2583e-01	 1.0012e+00
	 nan	54.267	1.0717	 6.5680e+01	 1.0306e+00	 3.2555e-01	 1.0016e+00
	 nan	54.296	1.072	 6.5710e+01	 1.0307e+00	 3.2528e-01	 1.0012e+00
	 nan	54.324	1.0723	 6.5740e+01	 1.0308e+00	 3.2501e-01	 1.0023e+00
	 nan	54.353	1.0729	 6.5770e+01	 1.0308e+00	 3.2474e-01	 1.0007e+00
	 nan	54.381	1.0731	 6.5800e+01	 1.0309e+00	 3.2447e-01	 1.0017e+00
	 nan	54.409	1.0732	 6.5830e+01	 1.0309e+00	 3.2420e-01	 1.0009e+00
	 nan	54.438	1.0731	 6.5860e+01	 1.0310e+00	 3.2393e-01	 1.0023e+00
	 nan	54.466	1.0727	 6.5890e+01	 1.0311e+00	 3.2365e-01	 1.0022e+00
	 nan	54.495	1.0727	 6.5920e+01	 1.0311e+00	 3.2338e-01	 1.0021e+00
	 nan	54.523	1.0726	 6.5950e+01	 1.0312e+00	 3.2312e-01	 1.0021e+00
	 nan	54.552	1.073	 6.5980e+01	 1.0313e+00	 3.2285e-01	 1.0015e+00
	 nan	54.581	1.0735	 6.6010e+01	 1.0313e+00	 3.2258e-01	 1.0029e+00
	 nan	54.609	1.0741	 6.6040e+01	 1.0314e+00	 3.2231e-01	 1.0015e+00
	 nan	54.638	1.0745	 6.6070e+01	 1.0315e+00	 3.2204e-01	 1.0021e+00
	 nan	54.666	1.0745	 6.6100e+01	 1.0315e+00	 3.2178e-01	 1.0013e+00
	 nan	54.695	1.0744	 6.6130e+01	 1.0316e+00	 3.2151e-01	 1.0023e+00
	 nan	54.724	1.074	 6.6160e+01	 1.0316e+00	 3.2124e-01	 1.0016e+00
	 nan	54.752	1.0737	 6.6190e+01	 1.0317e+00	 3.2097e-01	 1.0017e+00
	 nan	54.781	1.0736	 6.6220e+01	 1.0318e+00	 3.2071e-01	 1.0024e+00
	 nan	54.81	1.0737	 6.6250e+01	 1.0318e+00	 3.2044e-01	 1.0012e+00
	 nan	54.838	1.0741	 6.6280e+01	 1.0319e+00	 3.2017e-01	 1.0022e+00
	 nan	54.867	1.0743	 6.6310e+01	 1.0319e+00	 3.1991e-01	 1.0008e+00
	 nan	54.896	1.0745	 6.6340e+01	 1.0320e+00	 3.1964e-01	 1.0017e+00
	 nan	54.924	1.0744	 6.6370e+01	 1.0320e+00	 3.1938e-01	 1.0011e+00
	 nan	54.953	1.0739	 6.6400e+01	 1.0321e+00	 3.1911e-01	 1.0021e+00
	 nan	54.982	1.0736	 6.6430e+01	 1.0322e+00	 3.1885e-01	 1.0019e+00
	 nan	55.01	1.073	 6.6460e+01	 1.0322e+00	 3.1858e-01	 1.0012e+00
	 nan	55.039	1.0729	 6.6490e+01	 1.0323e+00	 3.1832e-01	 1.0020e+00
	 nan	55.068	1.073	 6.6520e+01	 1.0323e+00	 3.1806e-01	 1.0010e+00
	 nan	55.096	1.0732	 6.6550e+01	 1.0323e+00	 3.1779e-01	 1.0021e+00
	 nan	55.125	1.0736	 6.6580e+01	 1.0324e+00	 3.1753e-01	 1.0009e+00
	 nan	55.154	1.0737	 6.6610e+01	 1.0325e+00	 3.1726e-01	 1.0025e+00
	 nan	55.183	1.0737	 6.6640e+01	 1.0325e+00	 3.1700e-01	 1.0018e+00
	 nan	55.211	1.0734	 6.6670e+01	 1.0326e+00	 3.1674e-01	 1.0019e+00
	 nan	55.24	1.073	 6.6700e+01	 1.0326e+00	 3.1647e-01	 1.0020e+00
	 nan	55.269	1.0728	 6.6730e+01	 1.0327e+00	 3.1621e-01	 1.0015e+00
	 nan	55.298	1.0727	 6.6759e+01	 1.0327e+00	 3.1594e-01	 1.0023e+00
	 nan	55.327	1.0731	 6.6789e+01	 1.0327e+00	 3.1568e-01	 1.0009e+00
	 nan	55.355	1.0734	 6.6819e+01	 1.0328e+00	 3.1541e-01	 1.0022e+00
	 nan	55.384	1.074	 6.6849e+01	 1.0328e+00	 3.1515e-01	 1.0011e+00
	 nan	55.413	1.0743	 6.6879e+01	 1.0329e+00	 3.1489e-01	 1.0019e+00
	 nan	55.442	1.0742	 6.6909e+01	 1.0329e+00	 3.1462e-01	 1.0015e+00
	 nan	55.471	1.0741	 6.6939e+01	 1.0330e+00	 3.1436e-01	 1.0017e+00
	 nan	55.5	1.0736	 6.6969e+01	 1.0330e+00	 3.1410e-01	 1.0021e+00
	 nan	55.528	1.0734	 6.6999e+01	 1.0330e+00	 3.1384e-01	 1.0010e+00
	 nan	55.557	1.0733	 6.7029e+01	 1.0331e+00	 3.1358e-01	 1.0021e+00
	 nan	55.586	1.0735	 6.7058e+01	 1.0331e+00	 3.1332e-01	 1.0008e+00
	 nan	55.615	1.0741	 6.7088e+01	 1.0331e+00	 3.1305e-01	 1.0022e+00
	 nan	55.644	1.0744	 6.7118e+01	 1.0332e+00	 3.1279e-01	 1.0012e+00
	 nan	55.673	1.0749	 6.7148e+01	 1.0332e+00	 3.1252e-01	 1.0023e+00
	 nan	55.702	1.0749	 6.7178e+01	 1.0333e+00	 3.1226e-01	 1.0020e+00
	 nan	55.731	1.0748	 6.7208e+01	 1.0333e+00	 3.1200e-01	 1.0020e+00
	 nan	55.759	1.0746	 6.7238e+01	 1.0333e+00	 3.1174e-01	 1.0025e+00
	 nan	55.788	1.0744	 6.7267e+01	 1.0333e+00	 3.1148e-01	 1.0012e+00
	 nan	55.817	1.0746	 6.7297e+01	 1.0334e+00	 3.1122e-01	 1.0021e+00
	 nan	55.846	1.0749	 6.7327e+01	 1.0334e+00	 3.1096e-01	 1.0006e+00
	 nan	55.875	1.0755	 6.7357e+01	 1.0334e+00	 3.1070e-01	 1.0022e+00
	 nan	55.904	1.0761	 6.7387e+01	 1.0334e+00	 3.1045e-01	 1.0014e+00
	 nan	55.933	1.0764	 6.7416e+01	 1.0335e+00	 3.1018e-01	 1.0019e+00
	 nan	55.962	1.0766	 6.7446e+01	 1.0335e+00	 3.0992e-01	 1.0022e+00
	 nan	55.991	1.0764	 6.7476e+01	 1.0335e+00	 3.0967e-01	 1.0015e+00
	 nan	56.02	1.0762	 6.7506e+01	 1.0335e+00	 3.0941e-01	 1.0024e+00
	 nan	56.049	1.0761	 6.7536e+01	 1.0336e+00	 3.0915e-01	 1.0019e+00
	 nan	56.078	1.0761	 6.7565e+01	 1.0336e+00	 3.0889e-01	 1.0028e+00
	 nan	56.107	1.0765	 6.7595e+01	 1.0336e+00	 3.0864e-01	 1.0014e+00
	 nan	56.136	1.0769	 6.7625e+01	 1.0336e+00	 3.0838e-01	 1.0025e+00
	 nan	56.165	1.0775	 6.7655e+01	 1.0336e+00	 3.0812e-01	 1.0022e+00
	 nan	56.194	1.0778	 6.7684e+01	 1.0336e+00	 3.0786e-01	 1.0019e+00
	 nan	56.224	1.0778	 6.7714e+01	 1.0337e+00	 3.0760e-01	 1.0015e+00
	 nan	56.253	1.0776	 6.7744e+01	 1.0337e+00	 3.0735e-01	 1.0010e+00
	 nan	56.282	1.0771	 6.7774e+01	 1.0337e+00	 3.0709e-01	 1.0028e+00
	 nan	56.311	1.077	 6.7803e+01	 1.0337e+00	 3.0683e-01	 1.0018e+00
	 nan	56.34	1.0768	 6.7833e+01	 1.0337e+00	 3.0658e-01	 1.0021e+00
	 nan	56.369	1.077	 6.7863e+01	 1.0337e+00	 3.0633e-01	 1.0008e+00
	 nan	56.398	1.0774	 6.7893e+01	 1.0337e+00	 3.0607e-01	 1.0025e+00
	 nan	56.427	1.0776	 6.7922e+01	 1.0338e+00	 3.0582e-01	 1.0022e+00
	 nan	56.456	1.0779	 6.7952e+01	 1.0338e+00	 3.0556e-01	 1.0019e+00
	 nan	56.485	1.0776	 6.7982e+01	 1.0338e+00	 3.0531e-01	 1.0021e+00
	 nan	56.515	1.0773	 6.8011e+01	 1.0338e+00	 3.0505e-01	 1.0013e+00
	 nan	56.544	1.0768	 6.8041e+01	 1.0339e+00	 3.0480e-01	 1.0021e+00
	 nan	56.573	1.0764	 6.8071e+01	 1.0339e+00	 3.0454e-01	 1.0009e+00
	 nan	56.602	1.0764	 6.8100e+01	 1.0339e+00	 3.0429e-01	 1.0022e+00
	 nan	56.631	1.0764	 6.8130e+01	 1.0339e+00	 3.0403e-01	 1.0013e+00
	 nan	56.66	1.0769	 6.8160e+01	 1.0339e+00	 3.0378e-01	 1.0018e+00
	 nan	56.69	1.0771	 6.8189e+01	 1.0339e+00	 3.0352e-01	 1.0017e+00
	 nan	56.719	1.0773	 6.8219e+01	 1.0339e+00	 3.0327e-01	 1.0019e+00
	 nan	56.748	1.0772	 6.8249e+01	 1.0340e+00	 3.0301e-01	 1.0028e+00
	 nan	56.777	1.0767	 6.8278e+01	 1.0340e+00	 3.0276e-01	 1.0015e+00
	 nan	56.806	1.0764	 6.8308e+01	 1.0340e+00	 3.0250e-01	 1.0026e+00
	 nan	56.836	1.0759	 6.8338e+01	 1.0340e+00	 3.0225e-01	 1.0013e+00
	 nan	56.865	1.0758	 6.8367e+01	 1.0340e+00	 3.0199e-01	 1.0018e+00
	 nan	56.894	1.0759	 6.8397e+01	 1.0341e+00	 3.0174e-01	 1.0011e+00
	 nan	56.923	1.0762	 6.8426e+01	 1.0341e+00	 3.0148e-01	 1.0022e+00
	 nan	56.952	1.0766	 6.8456e+01	 1.0341e+00	 3.0123e-01	 1.0026e+00
	 nan	56.982	1.0766	 6.8485e+01	 1.0341e+00	 3.0097e-01	 1.0017e+00
	 nan	57.011	1.0767	 6.8515e+01	 1.0342e+00	 3.0072e-01	 1.0025e+00
	 nan	57.04	1.0764	 6.8545e+01	 1.0342e+00	 3.0047e-01	 1.0011e+00
	 nan	57.069	1.076	 6.8574e+01	 1.0342e+00	 3.0022e-01	 1.0027e+00
	 nan	57.099	1.076	 6.8604e+01	 1.0342e+00	 2.9997e-01	 1.0018e+00
	 nan	57.128	1.076	 6.8633e+01	 1.0342e+00	 2.9972e-01	 1.0022e+00
	 nan	57.157	1.0765	 6.8663e+01	 1.0343e+00	 2.9946e-01	 1.0013e+00
	 nan	57.187	1.0771	 6.8692e+01	 1.0343e+00	 2.9922e-01	 1.0016e+00
	 nan	57.216	1.0778	 6.8722e+01	 1.0343e+00	 2.9896e-01	 1.0022e+00
	 nan	57.245	1.0784	 6.8751e+01	 1.0343e+00	 2.9872e-01	 1.0020e+00
	 nan	57.275	1.0786	 6.8781e+01	 1.0344e+00	 2.9847e-01	 1.0029e+00
	 nan	57.304	1.0788	 6.8810e+01	 1.0344e+00	 2.9822e-01	 1.0015e+00
	 nan	57.333	1.0787	 6.8840e+01	 1.0344e+00	 2.9797e-01	 1.0024e+00
	 nan	57.363	1.0789	 6.8869e+01	 1.0344e+00	 2.9773e-01	 1.0016e+00
	 nan	57.392	1.0793	 6.8899e+01	 1.0345e+00	 2.9748e-01	 1.0025e+00
	 nan	57.421	1.0799	 6.8928e+01	 1.0345e+00	 2.9723e-01	 1.0015e+00
	 nan	57.451	1.0808	 6.8958e+01	 1.0345e+00	 2.9697e-01	 1.0014e+00
	 nan	57.48	1.0814	 6.8987e+01	 1.0345e+00	 2.9673e-01	 1.0020e+00
	 nan	57.51	1.0821	 6.9017e+01	 1.0345e+00	 2.9648e-01	 1.0008e+00
	 nan	57.539	1.0823	 6.9046e+01	 1.0346e+00	 2.9623e-01	 1.0020e+00
	 nan	57.568	1.0822	 6.9075e+01	 1.0346e+00	 2.9597e-01	 1.0015e+00
	 nan	57.598	1.0822	 6.9105e+01	 1.0346e+00	 2.9573e-01	 1.0020e+00
	 nan	57.627	1.082	 6.9134e+01	 1.0347e+00	 2.9548e-01	 1.0009e+00
	 nan	57.657	1.0822	 6.9164e+01	 1.0347e+00	 2.9523e-01	 1.0022e+00
	 nan	57.686	1.0825	 6.9193e+01	 1.0347e+00	 2.9497e-01	 1.0017e+00
	 nan	57.716	1.0828	 6.9222e+01	 1.0347e+00	 2.9473e-01	 1.0011e+00
	 nan	57.745	1.0831	 6.9252e+01	 1.0348e+00	 2.9448e-01	 1.0025e+00
	 nan	57.774	1.0831	 6.9281e+01	 1.0348e+00	 2.9423e-01	 1.0015e+00
	 nan	57.804	1.0829	 6.9311e+01	 1.0348e+00	 2.9398e-01	 1.0026e+00
	 nan	57.833	1.0823	 6.9340e+01	 1.0349e+00	 2.9373e-01	 1.0008e+00
	 nan	57.863	1.0817	 6.9369e+01	 1.0349e+00	 2.9347e-01	 1.0019e+00
	 nan	57.892	1.0812	 6.9399e+01	 1.0349e+00	 2.9323e-01	 1.0018e+00
	 nan	57.922	1.0808	 6.9428e+01	 1.0349e+00	 2.9298e-01	 1.0025e+00
	 nan	57.951	1.0809	 6.9457e+01	 1.0350e+00	 2.9273e-01	 1.0018e+00
	 nan	57.981	1.0809	 6.9486e+01	 1.0350e+00	 2.9248e-01	 1.0012e+00
	 nan	58.01	1.0811	 6.9516e+01	 1.0350e+00	 2.9223e-01	 1.0022e+00
	 nan	58.04	1.081	 6.9545e+01	 1.0351e+00	 2.9198e-01	 1.0011e+00
	 nan	58.069	1.0807	 6.9574e+01	 1.0351e+00	 2.9172e-01	 1.0018e+00
	 nan	58.099	1.0802	 6.9604e+01	 1.0351e+00	 2.9148e-01	 1.0010e+00
	 nan	58.129	1.0795	 6.9633e+01	 1.0352e+00	 2.9123e-01	 1.0026e+00
	 nan	58.158	1.0792	 6.9662e+01	 1.0352e+00	 2.9098e-01	 1.0014e+00
	 nan	58.188	1.0791	 6.9691e+01	 1.0352e+00	 2.9074e-01	 1.0015e+00
	 nan	58.217	1.0792	 6.9721e+01	 1.0352e+00	 2.9049e-01	 1.0025e+00
	 nan	58.247	1.0795	 6.9750e+01	 1.0353e+00	 2.9024e-01	 1.0014e+00
	 nan	58.276	1.0797	 6.9779e+01	 1.0353e+00	 2.9000e-01	 1.0023e+00
	 nan	58.306	1.08	 6.9808e+01	 1.0353e+00	 2.8975e-01	 1.0019e+00
	 nan	58.335	1.0797	 6.9837e+01	 1.0354e+00	 2.8951e-01	 1.0028e+00
	 nan	58.365	1.0795	 6.9867e+01	 1.0354e+00	 2.8926e-01	 1.0014e+00
	 nan	58.394	1.0791	 6.9896e+01	 1.0354e+00	 2.8901e-01	 1.0024e+00
	 nan	58.424	1.0788	 6.9925e+01	 1.0355e+00	 2.8876e-01	 1.0018e+00
	 nan	58.454	1.0789	 6.9954e+01	 1.0355e+00	 2.8851e-01	 1.0013e+00
	 nan	58.483	1.0791	 6.9983e+01	 1.0355e+00	 2.8826e-01	 1.0020e+00
	 nan	58.513	1.0797	 7.0012e+01	 1.0355e+00	 2.8802e-01	 1.0012e+00
	 nan	58.543	1.0801	 7.0041e+01	 1.0355e+00	 2.8778e-01	 1.0022e+00
	 nan	58.572	1.0804	 7.0071e+01	 1.0356e+00	 2.8754e-01	 1.0014e+00
	 nan	58.602	1.0805	 7.0100e+01	 1.0356e+00	 2.8729e-01	 1.0026e+00
	 nan	58.631	1.0803	 7.0129e+01	 1.0356e+00	 2.8705e-01	 1.0013e+00
	 nan	58.661	1.0802	 7.0158e+01	 1.0357e+00	 2.8681e-01	 1.0019e+00
	 nan	58.691	1.0802	 7.0187e+01	 1.0357e+00	 2.8656e-01	 1.0023e+00
	 nan	58.72	1.0805	 7.0216e+01	 1.0357e+00	 2.8632e-01	 1.0018e+00
	 nan	58.75	1.0811	 7.0245e+01	 1.0357e+00	 2.8608e-01	 1.0022e+00
	 nan	58.78	1.0817	 7.0274e+01	 1.0357e+00	 2.8584e-01	 1.0012e+00
	 nan	58.809	1.0825	 7.0303e+01	 1.0358e+00	 2.8559e-01	 1.0027e+00
	 nan	58.839	1.0828	 7.0332e+01	 1.0358e+00	 2.8535e-01	 1.0010e+00
	 nan	58.869	1.0831	 7.0361e+01	 1.0358e+00	 2.8510e-01	 1.0021e+00
	 nan	58.898	1.0831	 7.0390e+01	 1.0359e+00	 2.8486e-01	 1.0018e+00
	 nan	58.928	1.0828	 7.0419e+01	 1.0359e+00	 2.8462e-01	 1.0024e+00
	 nan	58.958	1.0829	 7.0448e+01	 1.0359e+00	 2.8438e-01	 1.0027e+00
	 nan	58.987	1.083	 7.0477e+01	 1.0360e+00	 2.8413e-01	 1.0018e+00
	 nan	59.017	1.0835	 7.0506e+01	 1.0360e+00	 2.8389e-01	 1.0022e+00
	 nan	59.047	1.084	 7.0535e+01	 1.0360e+00	 2.8364e-01	 1.0010e+00
	 nan	59.077	1.0845	 7.0564e+01	 1.0361e+00	 2.8340e-01	 1.0026e+00
	 nan	59.106	1.0848	 7.0593e+01	 1.0361e+00	 2.8316e-01	 1.0018e+00
	 nan	59.136	1.0846	 7.0622e+01	 1.0361e+00	 2.8291e-01	 1.0030e+00
	 nan	59.166	1.0844	 7.0651e+01	 1.0362e+00	 2.8267e-01	 1.0021e+00
	 nan	59.196	1.0839	 7.0679e+01	 1.0362e+00	 2.8242e-01	 1.0014e+00
	 nan	59.225	1.0837	 7.0708e+01	 1.0363e+00	 2.8218e-01	 1.0019e+00
	 nan	59.255	1.0837	 7.0737e+01	 1.0363e+00	 2.8194e-01	 1.0016e+00
	 nan	59.285	1.0838	 7.0766e+01	 1.0363e+00	 2.8169e-01	 1.0025e+00
	 nan	59.315	1.0843	 7.0795e+01	 1.0364e+00	 2.8145e-01	 1.0012e+00
	 nan	59.344	1.0845	 7.0824e+01	 1.0364e+00	 2.8120e-01	 1.0024e+00
	 nan	59.374	1.0847	 7.0852e+01	 1.0364e+00	 2.8096e-01	 1.0012e+00
	 nan	59.404	1.0846	 7.0881e+01	 1.0365e+00	 2.8072e-01	 1.0023e+00
	 nan	59.434	1.0843	 7.0910e+01	 1.0365e+00	 2.8047e-01	 1.0020e+00
	 nan	59.463	1.0841	 7.0939e+01	 1.0366e+00	 2.8023e-01	 1.0022e+00
	 nan	59.493	1.0839	 7.0968e+01	 1.0366e+00	 2.7998e-01	 1.0026e+00
	 nan	59.523	1.0841	 7.0996e+01	 1.0366e+00	 2.7974e-01	 1.0015e+00
	 nan	59.553	1.0846	 7.1025e+01	 1.0367e+00	 2.7950e-01	 1.0029e+00
	 nan	59.583	1.0852	 7.1054e+01	 1.0367e+00	 2.7925e-01	 1.0011e+00
	 nan	59.612	1.0859	 7.1082e+01	 1.0368e+00	 2.7901e-01	 1.0026e+00
	 nan	59.642	1.0862	 7.1111e+01	 1.0368e+00	 2.7877e-01	 1.0019e+00
	 nan	59.672	1.0864	 7.1140e+01	 1.0369e+00	 2.7853e-01	 1.0026e+00
	 nan	59.702	1.0863	 7.1169e+01	 1.0369e+00	 2.7829e-01	 1.0030e+00
	 nan	59.732	1.0862	 7.1197e+01	 1.0369e+00	 2.7805e-01	 1.0021e+00
	 nan	59.761	1.0863	 7.1226e+01	 1.0370e+00	 2.7781e-01	 1.0021e+00
	 nan	59.791	1.0866	 7.1254e+01	 1.0370e+00	 2.7757e-01	 1.0012e+00
	 nan	59.821	1.0873	 7.1283e+01	 1.0370e+00	 2.7733e-01	 1.0030e+00
	 nan	59.851	1.0879	 7.1312e+01	 1.0371e+00	 2.7709e-01	 1.0014e+00
	 nan	59.881	1.0887	 7.1340e+01	 1.0371e+00	 2.7685e-01	 1.0022e+00
	 nan	59.911	1.0892	 7.1369e+01	 1.0372e+00	 2.7661e-01	 1.0014e+00
	 nan	59.941	1.0893	 7.1397e+01	 1.0372e+00	 2.7637e-01	 1.0018e+00
	 nan	59.971	1.0894	 7.1426e+01	 1.0372e+00	 2.7613e-01	 1.0021e+00
	 nan	60.0	1.0891	 7.1455e+01	 1.0373e+00	 2.7589e-01	 1.0013e+00
	 nan	60.03	1.0892	 7.1483e+01	 1.0373e+00	 2.7565e-01	 1.0026e+00
	 nan	60.06	1.0894	 7.1512e+01	 1.0373e+00	 2.7541e-01	 1.0015e+00
	 nan	60.09	1.0898	 7.1540e+01	 1.0373e+00	 2.7517e-01	 1.0023e+00
	 nan	60.12	1.0904	 7.1569e+01	 1.0374e+00	 2.7493e-01	 1.0008e+00
	 nan	60.15	1.0908	 7.1597e+01	 1.0374e+00	 2.7469e-01	 1.0022e+00
	 nan	60.18	1.0911	 7.1626e+01	 1.0374e+00	 2.7445e-01	 1.0021e+00
	 nan	60.21	1.0909	 7.1654e+01	 1.0375e+00	 2.7421e-01	 1.0019e+00
	 nan	60.24	1.0906	 7.1683e+01	 1.0375e+00	 2.7397e-01	 1.0018e+00
	 nan	60.27	1.0902	 7.1711e+01	 1.0375e+00	 2.7374e-01	 1.0013e+00
	 nan	60.299	1.0898	 7.1739e+01	 1.0376e+00	 2.7350e-01	 1.0028e+00
	 nan	60.329	1.0898	 7.1768e+01	 1.0376e+00	 2.7326e-01	 1.0017e+00
	 nan	60.359	1.0898	 7.1796e+01	 1.0376e+00	 2.7303e-01	 1.0025e+00
	 nan	60.389	1.0899	 7.1825e+01	 1.0376e+00	 2.7279e-01	 1.0016e+00
	 nan	60.419	1.09	 7.1853e+01	 1.0377e+00	 2.7255e-01	 1.0025e+00
	 nan	60.449	1.0897	 7.1881e+01	 1.0377e+00	 2.7232e-01	 1.0021e+00
	 nan	60.479	1.0893	 7.1910e+01	 1.0377e+00	 2.7208e-01	 1.0017e+00
	 nan	60.509	1.0884	 7.1938e+01	 1.0377e+00	 2.7184e-01	 1.0023e+00
	 nan	60.539	1.0877	 7.1966e+01	 1.0378e+00	 2.7160e-01	 1.0017e+00
	 nan	60.569	1.0871	 7.1995e+01	 1.0378e+00	 2.7136e-01	 1.0026e+00
	 nan	60.599	1.0867	 7.2023e+01	 1.0378e+00	 2.7112e-01	 1.0012e+00
	 nan	60.629	1.0867	 7.2051e+01	 1.0378e+00	 2.7088e-01	 1.0025e+00
	 nan	60.659	1.0866	 7.2079e+01	 1.0378e+00	 2.7065e-01	 1.0015e+00
	 nan	60.689	1.0867	 7.2108e+01	 1.0379e+00	 2.7041e-01	 1.0021e+00
	 nan	60.719	1.0865	 7.2136e+01	 1.0379e+00	 2.7017e-01	 1.0024e+00
	 nan	60.749	1.0861	 7.2164e+01	 1.0379e+00	 2.6994e-01	 1.0018e+00
	 nan	60.779	1.0856	 7.2192e+01	 1.0379e+00	 2.6970e-01	 1.0025e+00
	 nan	60.809	1.0849	 7.2220e+01	 1.0379e+00	 2.6946e-01	 1.0014e+00
	 nan	60.838	1.0847	 7.2249e+01	 1.0380e+00	 2.6923e-01	 1.0026e+00
	 nan	60.868	1.0845	 7.2277e+01	 1.0380e+00	 2.6899e-01	 1.0015e+00
	 nan	60.898	1.0849	 7.2305e+01	 1.0380e+00	 2.6876e-01	 1.0022e+00
	 nan	60.928	1.0853	 7.2333e+01	 1.0380e+00	 2.6852e-01	 1.0016e+00
	 nan	60.958	1.0856	 7.2361e+01	 1.0380e+00	 2.6829e-01	 1.0024e+00
	 nan	60.988	1.0859	 7.2389e+01	 1.0380e+00	 2.6806e-01	 1.0024e+00
	 nan	61.018	1.0858	 7.2417e+01	 1.0380e+00	 2.6782e-01	 1.0016e+00
	 nan	61.048	1.0857	 7.2445e+01	 1.0380e+00	 2.6758e-01	 1.0029e+00
	 nan	61.078	1.0855	 7.2473e+01	 1.0380e+00	 2.6735e-01	 1.0016e+00
	 nan	61.108	1.0854	 7.2501e+01	 1.0380e+00	 2.6711e-01	 1.0024e+00
	 nan	61.138	1.0857	 7.2529e+01	 1.0381e+00	 2.6688e-01	 1.0011e+00
	 nan	61.168	1.0861	 7.2557e+01	 1.0381e+00	 2.6664e-01	 1.0022e+00
	 nan	61.198	1.0868	 7.2585e+01	 1.0381e+00	 2.6641e-01	 1.0020e+00
	 nan	61.228	1.0873	 7.2613e+01	 1.0381e+00	 2.6617e-01	 1.0017e+00
	 nan	61.259	1.0877	 7.2641e+01	 1.0381e+00	 2.6593e-01	 1.0020e+00
	 nan	61.289	1.0878	 7.2669e+01	 1.0381e+00	 2.6570e-01	 1.0013e+00
	 nan	61.319	1.0876	 7.2697e+01	 1.0381e+00	 2.6546e-01	 1.0024e+00
	 nan	61.349	1.0876	 7.2725e+01	 1.0381e+00	 2.6523e-01	 1.0009e+00
	 nan	61.379	1.0875	 7.2753e+01	 1.0381e+00	 2.6499e-01	 1.0025e+00
	 nan	61.409	1.0878	 7.2781e+01	 1.0381e+00	 2.6476e-01	 1.0015e+00
	 nan	61.439	1.0883	 7.2809e+01	 1.0382e+00	 2.6453e-01	 1.0023e+00
	 nan	61.469	1.0888	 7.2837e+01	 1.0382e+00	 2.6430e-01	 1.0021e+00
	 nan	61.499	1.0894	 7.2864e+01	 1.0382e+00	 2.6406e-01	 1.0019e+00
	 nan	61.529	1.0895	 7.2892e+01	 1.0382e+00	 2.6383e-01	 1.0024e+00
	 nan	61.559	1.0895	 7.2920e+01	 1.0382e+00	 2.6360e-01	 1.0010e+00
	 nan	61.589	1.0892	 7.2948e+01	 1.0382e+00	 2.6337e-01	 1.0025e+00
	 nan	61.619	1.0888	 7.2976e+01	 1.0382e+00	 2.6314e-01	 1.0016e+00
	 nan	61.649	1.0887	 7.3003e+01	 1.0383e+00	 2.6290e-01	 1.0026e+00
	 nan	61.679	1.0886	 7.3031e+01	 1.0383e+00	 2.6268e-01	 1.0017e+00
	 nan	61.709	1.089	 7.3059e+01	 1.0383e+00	 2.6244e-01	 1.0024e+00
	 nan	61.739	1.0893	 7.3086e+01	 1.0383e+00	 2.6221e-01	 1.0024e+00
	 nan	61.769	1.0896	 7.3114e+01	 1.0383e+00	 2.6198e-01	 1.0017e+00
	 nan	61.799	1.0897	 7.3142e+01	 1.0383e+00	 2.6175e-01	 1.0028e+00
	 nan	61.829	1.0894	 7.3169e+01	 1.0384e+00	 2.6152e-01	 1.0016e+00
	 nan	61.859	1.0891	 7.3197e+01	 1.0384e+00	 2.6129e-01	 1.0024e+00
	 nan	61.889	1.0886	 7.3225e+01	 1.0384e+00	 2.6106e-01	 1.0010e+00
	 nan	61.919	1.0884	 7.3252e+01	 1.0384e+00	 2.6083e-01	 1.0024e+00
	 nan	61.949	1.0884	 7.3280e+01	 1.0384e+00	 2.6060e-01	 1.0024e+00
	 nan	61.979	1.0886	 7.3307e+01	 1.0385e+00	 2.6037e-01	 1.0023e+00
	 nan	62.009	1.089	 7.3335e+01	 1.0385e+00	 2.6014e-01	 1.0020e+00
	 nan	62.04	1.0892	 7.3362e+01	 1.0385e+00	 2.5990e-01	 1.0013e+00
	 nan	62.07	1.0894	 7.3390e+01	 1.0386e+00	 2.5967e-01	 1.0025e+00
	 nan	62.1	1.0891	 7.3418e+01	 1.0386e+00	 2.5944e-01	 1.0015e+00
	 nan	62.13	1.0887	 7.3445e+01	 1.0386e+00	 2.5921e-01	 1.0027e+00
	 nan	62.16	1.0885	 7.3472e+01	 1.0387e+00	 2.5898e-01	 1.0018e+00
	 nan	62.19	1.0881	 7.3500e+01	 1.0387e+00	 2.5875e-01	 1.0024e+00
	 nan	62.22	1.0884	 7.3527e+01	 1.0387e+00	 2.5852e-01	 1.0020e+00
	 nan	62.25	1.0886	 7.3555e+01	 1.0387e+00	 2.5828e-01	 1.0019e+00
	 nan	62.28	1.0891	 7.3582e+01	 1.0388e+00	 2.5806e-01	 1.0018e+00
	 nan	62.31	1.0895	 7.3609e+01	 1.0388e+00	 2.5783e-01	 1.0009e+00
	 nan	62.34	1.0896	 7.3637e+01	 1.0389e+00	 2.5760e-01	 1.0026e+00
	 nan	62.37	1.0896	 7.3664e+01	 1.0389e+00	 2.5737e-01	 1.0020e+00
	 nan	62.401	1.0893	 7.3692e+01	 1.0389e+00	 2.5715e-01	 1.0032e+00
	 nan	62.431	1.089	 7.3719e+01	 1.0390e+00	 2.5692e-01	 1.0016e+00
	 nan	62.461	1.0889	 7.3746e+01	 1.0390e+00	 2.5670e-01	 1.0018e+00
	 nan	62.491	1.089	 7.3773e+01	 1.0390e+00	 2.5647e-01	 1.0017e+00
	 nan	62.521	1.0895	 7.3801e+01	 1.0391e+00	 2.5625e-01	 1.0015e+00
	 nan	62.551	1.0898	 7.3828e+01	 1.0391e+00	 2.5602e-01	 1.0023e+00
	 nan	62.581	1.0903	 7.3855e+01	 1.0391e+00	 2.5580e-01	 1.0012e+00
	 nan	62.611	1.0904	 7.3882e+01	 1.0392e+00	 2.5557e-01	 1.0024e+00
	 nan	62.641	1.0902	 7.3909e+01	 1.0392e+00	 2.5535e-01	 1.0017e+00
	 nan	62.671	1.09	 7.3937e+01	 1.0392e+00	 2.5513e-01	 1.0028e+00
	 nan	62.701	1.0895	 7.3964e+01	 1.0393e+00	 2.5491e-01	 1.0015e+00
	 nan	62.732	1.0895	 7.3991e+01	 1.0393e+00	 2.5468e-01	 1.0018e+00
	 nan	62.762	1.0895	 7.4018e+01	 1.0393e+00	 2.5447e-01	 1.0021e+00
	 nan	62.792	1.0898	 7.4045e+01	 1.0393e+00	 2.5424e-01	 1.0014e+00
	 nan	62.822	1.0903	 7.4072e+01	 1.0394e+00	 2.5402e-01	 1.0021e+00
	 nan	62.852	1.0905	 7.4099e+01	 1.0394e+00	 2.5380e-01	 1.0009e+00
	 nan	62.882	1.0908	 7.4126e+01	 1.0394e+00	 2.5358e-01	 1.0026e+00
	 nan	62.912	1.0905	 7.4153e+01	 1.0395e+00	 2.5336e-01	 1.0016e+00
	 nan	62.942	1.0903	 7.4180e+01	 1.0395e+00	 2.5314e-01	 1.0024e+00
	 nan	62.972	1.09	 7.4207e+01	 1.0395e+00	 2.5292e-01	 1.0019e+00
	 nan	63.002	1.0898	 7.4234e+01	 1.0396e+00	 2.5269e-01	 1.0020e+00
	 nan	63.033	1.09	 7.4261e+01	 1.0396e+00	 2.5247e-01	 1.0021e+00
	 nan	63.063	1.0903	 7.4288e+01	 1.0396e+00	 2.5224e-01	 1.0017e+00
	 nan	63.093	1.0908	 7.4315e+01	 1.0396e+00	 2.5202e-01	 1.0028e+00
	 nan	63.123	1.0911	 7.4342e+01	 1.0396e+00	 2.5180e-01	 1.0014e+00
	 nan	63.153	1.0913	 7.4369e+01	 1.0397e+00	 2.5158e-01	 1.0026e+00
	 nan	63.183	1.0912	 7.4395e+01	 1.0397e+00	 2.5136e-01	 1.0016e+00
	 nan	63.213	1.0908	 7.4422e+01	 1.0397e+00	 2.5114e-01	 1.0023e+00
	 nan	63.243	1.0906	 7.4449e+01	 1.0397e+00	 2.5092e-01	 1.0016e+00
	 nan	63.273	1.0903	 7.4476e+01	 1.0397e+00	 2.5070e-01	 1.0017e+00
	 nan	63.304	1.0905	 7.4503e+01	 1.0398e+00	 2.5048e-01	 1.0025e+00
	 nan	63.334	1.0909	 7.4529e+01	 1.0398e+00	 2.5026e-01	 1.0017e+00
	 nan	63.364	1.0912	 7.4556e+01	 1.0398e+00	 2.5004e-01	 1.0026e+00
	 nan	63.394	1.0917	 7.4583e+01	 1.0398e+00	 2.4982e-01	 1.0011e+00
	 nan	63.424	1.0917	 7.4609e+01	 1.0398e+00	 2.4960e-01	 1.0020e+00
	 nan	63.454	1.0916	 7.4636e+01	 1.0399e+00	 2.4938e-01	 1.0013e+00
	 nan	63.484	1.0913	 7.4663e+01	 1.0399e+00	 2.4916e-01	 1.0023e+00
	 nan	63.514	1.091	 7.4689e+01	 1.0399e+00	 2.4894e-01	 1.0022e+00
	 nan	63.545	1.091	 7.4716e+01	 1.0399e+00	 2.4871e-01	 1.0018e+00
	 nan	63.575	1.091	 7.4743e+01	 1.0399e+00	 2.4849e-01	 1.0028e+00
	 nan	63.605	1.0915	 7.4769e+01	 1.0399e+00	 2.4827e-01	 1.0020e+00
	 nan	63.635	1.0919	 7.4796e+01	 1.0399e+00	 2.4804e-01	 1.0026e+00
	 nan	63.665	1.0923	 7.4822e+01	 1.0400e+00	 2.4782e-01	 1.0010e+00
	 nan	63.695	1.0925	 7.4849e+01	 1.0400e+00	 2.4761e-01	 1.0025e+00
	 nan	63.725	1.0923	 7.4875e+01	 1.0400e+00	 2.4739e-01	 1.0018e+00
	 nan	63.755	1.0921	 7.4902e+01	 1.0400e+00	 2.4717e-01	 1.0021e+00
	 nan	63.785	1.0917	 7.4928e+01	 1.0401e+00	 2.4695e-01	 1.0023e+00
	 nan	63.816	1.0917	 7.4954e+01	 1.0401e+00	 2.4672e-01	 1.0016e+00
	 nan	63.846	1.0918	 7.4981e+01	 1.0401e+00	 2.4651e-01	 1.0022e+00
	 nan	63.876	1.0921	 7.5007e+01	 1.0401e+00	 2.4629e-01	 1.0018e+00
	 nan	63.906	1.0927	 7.5034e+01	 1.0401e+00	 2.4607e-01	 1.0039e+00
	 nan	63.936	1.0929	 7.5060e+01	 1.0402e+00	 2.4585e-01	 1.0019e+00
	 nan	63.966	1.093	 7.5086e+01	 1.0402e+00	 2.4563e-01	 1.0018e+00
	 nan	63.996	1.0928	 7.5113e+01	 1.0402e+00	 2.4541e-01	 1.0015e+00
	 nan	64.026	1.0924	 7.5139e+01	 1.0402e+00	 2.4519e-01	 1.0024e+00
	 nan	64.056	1.0921	 7.5165e+01	 1.0403e+00	 2.4497e-01	 1.0028e+00
	 nan	64.087	1.0918	 7.5191e+01	 1.0403e+00	 2.4475e-01	 1.0016e+00
	 nan	64.117	1.0919	 7.5217e+01	 1.0403e+00	 2.4453e-01	 1.0028e+00
	 nan	64.147	1.0922	 7.5244e+01	 1.0404e+00	 2.4432e-01	 1.0017e+00
	 nan	64.177	1.0925	 7.5270e+01	 1.0404e+00	 2.4410e-01	 1.0029e+00
	 nan	64.207	1.0928	 7.5296e+01	 1.0404e+00	 2.4388e-01	 1.0021e+00
	 nan	64.237	1.0927	 7.5322e+01	 1.0405e+00	 2.4366e-01	 1.0027e+00
	 nan	64.267	1.0926	 7.5348e+01	 1.0405e+00	 2.4344e-01	 1.0018e+00
	 nan	64.297	1.0922	 7.5374e+01	 1.0406e+00	 2.4323e-01	 1.0017e+00
	 nan	64.327	1.0919	 7.5400e+01	 1.0406e+00	 2.4301e-01	 1.0025e+00
	 nan	64.357	1.0918	 7.5426e+01	 1.0406e+00	 2.4279e-01	 1.0015e+00
	 nan	64.388	1.0919	 7.5452e+01	 1.0407e+00	 2.4257e-01	 1.0028e+00
	 nan	64.418	1.0925	 7.5478e+01	 1.0407e+00	 2.4236e-01	 1.0014e+00
	 nan	64.448	1.0929	 7.5504e+01	 1.0408e+00	 2.4214e-01	 1.0029e+00
	 nan	64.478	1.0933	 7.5530e+01	 1.0408e+00	 2.4191e-01	 1.0019e+00
	 nan	64.508	1.0935	 7.5556e+01	 1.0409e+00	 2.4169e-01	 1.0022e+00
	 nan	64.538	1.0934	 7.5582e+01	 1.0409e+00	 2.4148e-01	 1.0024e+00
	 nan	64.568	1.0933	 7.5608e+01	 1.0410e+00	 2.4126e-01	 1.0022e+00
	 nan	64.598	1.093	 7.5634e+01	 1.0411e+00	 2.4104e-01	 1.0031e+00
	 nan	64.628	1.093	 7.5660e+01	 1.0411e+00	 2.4083e-01	 1.0018e+00
	 nan	64.658	1.0932	 7.5685e+01	 1.0412e+00	 2.4061e-01	 1.0026e+00
	 nan	64.688	1.0936	 7.5711e+01	 1.0412e+00	 2.4039e-01	 1.0014e+00
	 nan	64.718	1.0942	 7.5737e+01	 1.0413e+00	 2.4018e-01	 1.0025e+00
	 nan	64.749	1.0945	 7.5763e+01	 1.0414e+00	 2.3997e-01	 1.0019e+00
	 nan	64.779	1.0947	 7.5788e+01	 1.0414e+00	 2.3975e-01	 1.0022e+00
	 nan	64.809	1.0945	 7.5814e+01	 1.0415e+00	 2.3954e-01	 1.0026e+00
	 nan	64.839	1.0943	 7.5840e+01	 1.0416e+00	 2.3932e-01	 1.0021e+00
	 nan	64.869	1.094	 7.5865e+01	 1.0416e+00	 2.3911e-01	 1.0035e+00
	 nan	64.899	1.0939	 7.5891e+01	 1.0417e+00	 2.3889e-01	 1.0017e+00
	 nan	64.929	1.0942	 7.5917e+01	 1.0417e+00	 2.3867e-01	 1.0022e+00
	 nan	64.959	1.0945	 7.5942e+01	 1.0418e+00	 2.3846e-01	 1.0015e+00
	 nan	64.989	1.095	 7.5968e+01	 1.0418e+00	 2.3824e-01	 1.0028e+00
	 nan	65.019	1.0954	 7.5993e+01	 1.0419e+00	 2.3803e-01	 1.0024e+00
	 nan	65.049	1.0954	 7.6019e+01	 1.0420e+00	 2.3781e-01	 1.0022e+00
	 nan	65.079	1.0953	 7.6044e+01	 1.0420e+00	 2.3760e-01	 1.0022e+00
	 nan	65.109	1.0949	 7.6070e+01	 1.0421e+00	 2.3738e-01	 1.0017e+00
	 nan	65.139	1.0947	 7.6095e+01	 1.0421e+00	 2.3717e-01	 1.0027e+00
	 nan	65.169	1.0946	 7.6121e+01	 1.0422e+00	 2.3696e-01	 1.0014e+00
	 nan	65.199	1.0948	 7.6146e+01	 1.0422e+00	 2.3674e-01	 1.0028e+00
	 nan	65.229	1.0952	 7.6171e+01	 1.0423e+00	 2.3653e-01	 1.0016e+00
	 nan	65.26	1.0956	 7.6197e+01	 1.0423e+00	 2.3632e-01	 1.0025e+00
	 nan	65.29	1.0961	 7.6222e+01	 1.0424e+00	 2.3611e-01	 1.0024e+00
	 nan	65.32	1.0961	 7.6247e+01	 1.0424e+00	 2.3590e-01	 1.0019e+00
	 nan	65.35	1.096	 7.6272e+01	 1.0425e+00	 2.3568e-01	 1.0025e+00
	 nan	65.38	1.0957	 7.6298e+01	 1.0425e+00	 2.3547e-01	 1.0019e+00
	 nan	65.41	1.0954	 7.6323e+01	 1.0426e+00	 2.3526e-01	 1.0032e+00
	 nan	65.44	1.0955	 7.6348e+01	 1.0426e+00	 2.3505e-01	 1.0014e+00
	 nan	65.47	1.0956	 7.6373e+01	 1.0426e+00	 2.3484e-01	 1.0021e+00
	 nan	65.5	1.0962	 7.6398e+01	 1.0427e+00	 2.3462e-01	 1.0018e+00
	 nan	65.53	1.0967	 7.6424e+01	 1.0427e+00	 2.3440e-01	 1.0025e+00
	 nan	65.56	1.097	 7.6449e+01	 1.0427e+00	 2.3419e-01	 1.0022e+00
	 nan	65.59	1.0972	 7.6474e+01	 1.0428e+00	 2.3397e-01	 1.0018e+00
	 nan	65.62	1.097	 7.6499e+01	 1.0428e+00	 2.3376e-01	 1.0026e+00
	 nan	65.65	1.0969	 7.6524e+01	 1.0428e+00	 2.3355e-01	 1.0014e+00
	 nan	65.68	1.0967	 7.6549e+01	 1.0429e+00	 2.3334e-01	 1.0025e+00
	 nan	65.71	1.0967	 7.6574e+01	 1.0429e+00	 2.3312e-01	 1.0014e+00
	 nan	65.74	1.097	 7.6599e+01	 1.0429e+00	 2.3290e-01	 1.0022e+00
	 nan	65.77	1.0974	 7.6624e+01	 1.0429e+00	 2.3269e-01	 1.0019e+00
	 nan	65.8	1.098	 7.6648e+01	 1.0429e+00	 2.3247e-01	 1.0019e+00
	 nan	65.83	1.0984	 7.6673e+01	 1.0429e+00	 2.3226e-01	 1.0018e+00
	 nan	65.86	1.0986	 7.6698e+01	 1.0430e+00	 2.3205e-01	 1.0011e+00
	 nan	65.89	1.0985	 7.6723e+01	 1.0430e+00	 2.3184e-01	 1.0022e+00
	 nan	65.92	1.0981	 7.6748e+01	 1.0430e+00	 2.3162e-01	 1.0014e+00
	 nan	65.95	1.098	 7.6773e+01	 1.0430e+00	 2.3142e-01	 1.0026e+00
	 nan	65.98	1.0979	 7.6797e+01	 1.0430e+00	 2.3121e-01	 1.0017e+00
	 nan	66.01	1.0982	 7.6822e+01	 1.0430e+00	 2.3100e-01	 1.0027e+00
	 nan	66.039	1.0986	 7.6847e+01	 1.0431e+00	 2.3079e-01	 1.0020e+00
	 nan	66.069	1.099	 7.6871e+01	 1.0431e+00	 2.3058e-01	 1.0021e+00
	 nan	66.099	1.0994	 7.6896e+01	 1.0431e+00	 2.3037e-01	 1.0021e+00
	 nan	66.129	1.0994	 7.6921e+01	 1.0431e+00	 2.3016e-01	 1.0014e+00
	 nan	66.159	1.0992	 7.6945e+01	 1.0431e+00	 2.2995e-01	 1.0028e+00
	 nan	66.189	1.0988	 7.6970e+01	 1.0432e+00	 2.2975e-01	 1.0015e+00
	 nan	66.219	1.0984	 7.6994e+01	 1.0432e+00	 2.2954e-01	 1.0032e+00
	 nan	66.249	1.0982	 7.7019e+01	 1.0432e+00	 2.2933e-01	 1.0020e+00
	 nan	66.279	1.0982	 7.7043e+01	 1.0432e+00	 2.2912e-01	 1.0022e+00
	 nan	66.309	1.0985	 7.7068e+01	 1.0432e+00	 2.2891e-01	 1.0019e+00
	 nan	66.339	1.0987	 7.7092e+01	 1.0432e+00	 2.2870e-01	 1.0018e+00
	 nan	66.369	1.0988	 7.7117e+01	 1.0432e+00	 2.2850e-01	 1.0023e+00
	 nan	66.399	1.0987	 7.7141e+01	 1.0432e+00	 2.2828e-01	 1.0015e+00
	 nan	66.429	1.0982	 7.7165e+01	 1.0433e+00	 2.2807e-01	 1.0031e+00
	 nan	66.458	1.0978	 7.7190e+01	 1.0433e+00	 2.2786e-01	 1.0016e+00
	 nan	66.488	1.0973	 7.7214e+01	 1.0433e+00	 2.2765e-01	 1.0020e+00
	 nan	66.518	1.0971	 7.7238e+01	 1.0433e+00	 2.2745e-01	 1.0012e+00
	 nan	66.548	1.0972	 7.7262e+01	 1.0433e+00	 2.2724e-01	 1.0026e+00
	 nan	66.578	1.0975	 7.7287e+01	 1.0433e+00	 2.2703e-01	 1.0026e+00
	 nan	66.608	1.0979	 7.7311e+01	 1.0433e+00	 2.2682e-01	 1.0019e+00
	 nan	66.638	1.0981	 7.7335e+01	 1.0433e+00	 2.2661e-01	 1.0030e+00
	 nan	66.668	1.0982	 7.7359e+01	 1.0433e+00	 2.2641e-01	 1.0017e+00
	 nan	66.698	1.0979	 7.7383e+01	 1.0433e+00	 2.2620e-01	 1.0026e+00
	 nan	66.727	1.0975	 7.7407e+01	 1.0433e+00	 2.2600e-01	 1.0017e+00
	 nan	66.757	1.0973	 7.7431e+01	 1.0433e+00	 2.2579e-01	 1.0032e+00
	 nan	66.787	1.0972	 7.7455e+01	 1.0433e+00	 2.2559e-01	 1.0025e+00
	 nan	66.817	1.0975	 7.7479e+01	 1.0433e+00	 2.2538e-01	 1.0028e+00
	 nan	66.847	1.0979	 7.7503e+01	 1.0433e+00	 2.2517e-01	 1.0025e+00
	 nan	66.877	1.0984	 7.7527e+01	 1.0433e+00	 2.2496e-01	 1.0016e+00
	 nan	66.907	1.0988	 7.7551e+01	 1.0434e+00	 2.2475e-01	 1.0032e+00
	 nan	66.936	1.0988	 7.7575e+01	 1.0434e+00	 2.2455e-01	 1.0023e+00
	 nan	66.966	1.0988	 7.7599e+01	 1.0434e+00	 2.2434e-01	 1.0033e+00
	 nan	66.996	1.0985	 7.7623e+01	 1.0434e+00	 2.2414e-01	 1.0019e+00
	 nan	67.026	1.0983	 7.7647e+01	 1.0434e+00	 2.2393e-01	 1.0029e+00
	 nan	67.056	1.0984	 7.7670e+01	 1.0434e+00	 2.2372e-01	 1.0024e+00
	 nan	67.085	1.0986	 7.7694e+01	 1.0434e+00	 2.2352e-01	 1.0020e+00
	 nan	67.115	1.0992	 7.7718e+01	 1.0434e+00	 2.2331e-01	 1.0031e+00
	 nan	67.145	1.0997	 7.7742e+01	 1.0434e+00	 2.2311e-01	 1.0018e+00
	 nan	67.175	1.1002	 7.7765e+01	 1.0435e+00	 2.2291e-01	 1.0025e+00
	 nan	67.205	1.1002	 7.7789e+01	 1.0435e+00	 2.2271e-01	 1.0015e+00
	 nan	67.234	1.1001	 7.7812e+01	 1.0435e+00	 2.2250e-01	 1.0032e+00
	 nan	67.264	1.0999	 7.7836e+01	 1.0435e+00	 2.2230e-01	 1.0018e+00
	 nan	67.294	1.0996	 7.7860e+01	 1.0436e+00	 2.2210e-01	 1.0024e+00
	 nan	67.324	1.0997	 7.7883e+01	 1.0436e+00	 2.2190e-01	 1.0026e+00
	 nan	67.353	1.0999	 7.7907e+01	 1.0436e+00	 2.2170e-01	 1.0018e+00
	 nan	67.383	1.1004	 7.7930e+01	 1.0436e+00	 2.2149e-01	 1.0025e+00
	 nan	67.413	1.1008	 7.7954e+01	 1.0436e+00	 2.2129e-01	 1.0020e+00
	 nan	67.443	1.101	 7.7977e+01	 1.0437e+00	 2.2109e-01	 1.0033e+00
	 nan	67.472	1.1012	 7.8000e+01	 1.0437e+00	 2.2089e-01	 1.0018e+00
	 nan	67.502	1.1009	 7.8024e+01	 1.0438e+00	 2.2068e-01	 1.0028e+00
	 nan	67.532	1.1006	 7.8047e+01	 1.0438e+00	 2.2048e-01	 1.0022e+00
	 nan	67.562	1.1004	 7.8070e+01	 1.0439e+00	 2.2028e-01	 1.0022e+00
	 nan	67.591	1.1003	 7.8094e+01	 1.0439e+00	 2.2008e-01	 1.0019e+00
	 nan	67.621	1.1006	 7.8117e+01	 1.0439e+00	 2.1987e-01	 1.0012e+00
	 nan	67.651	1.1008	 7.8140e+01	 1.0440e+00	 2.1967e-01	 1.0023e+00
	 nan	67.68	1.1014	 7.8163e+01	 1.0440e+00	 2.1947e-01	 1.0019e+00
	 nan	67.71	1.1016	 7.8186e+01	 1.0440e+00	 2.1927e-01	 1.0033e+00
	 nan	67.74	1.1016	 7.8209e+01	 1.0441e+00	 2.1908e-01	 1.0019e+00
	 nan	67.769	1.1014	 7.8233e+01	 1.0441e+00	 2.1887e-01	 1.0027e+00
	 nan	67.799	1.1009	 7.8256e+01	 1.0442e+00	 2.1868e-01	 1.0022e+00
	 nan	67.829	1.1006	 7.8279e+01	 1.0442e+00	 2.1848e-01	 1.0025e+00
	 nan	67.858	1.1004	 7.8302e+01	 1.0443e+00	 2.1828e-01	 1.0026e+00
	 nan	67.888	1.1006	 7.8325e+01	 1.0443e+00	 2.1808e-01	 1.0018e+00
	 nan	67.918	1.1009	 7.8347e+01	 1.0443e+00	 2.1788e-01	 1.0031e+00
	 nan	67.947	1.1012	 7.8370e+01	 1.0444e+00	 2.1768e-01	 1.0018e+00
	 nan	67.977	1.1015	 7.8393e+01	 1.0444e+00	 2.1749e-01	 1.0028e+00
	 nan	68.007	1.1014	 7.8416e+01	 1.0445e+00	 2.1729e-01	 1.0018e+00
	 nan	68.036	1.1012	 7.8439e+01	 1.0445e+00	 2.1709e-01	 1.0024e+00
	 nan	68.066	1.1008	 7.8462e+01	 1.0446e+00	 2.1690e-01	 1.0019e+00
	 nan	68.095	1.1005	 7.8485e+01	 1.0446e+00	 2.1670e-01	 1.0021e+00
	 nan	68.125	1.1005	 7.8507e+01	 1.0447e+00	 2.1650e-01	 1.0025e+00
	 nan	68.155	1.1006	 7.8530e+01	 1.0447e+00	 2.1630e-01	 1.0017e+00
	 nan	68.184	1.1012	 7.8553e+01	 1.0447e+00	 2.1610e-01	 1.0033e+00
	 nan	68.214	1.1016	 7.8575e+01	 1.0448e+00	 2.1590e-01	 1.0020e+00
	 nan	68.243	1.1018	 7.8598e+01	 1.0448e+00	 2.1571e-01	 1.0028e+00
	 nan	68.273	1.1019	 7.8620e+01	 1.0449e+00	 2.1551e-01	 1.0020e+00
	 nan	68.302	1.1016	 7.8643e+01	 1.0449e+00	 2.1532e-01	 1.0028e+00
	 nan	68.332	1.1014	 7.8666e+01	 1.0449e+00	 2.1512e-01	 1.0026e+00
	 nan	68.361	1.101	 7.8688e+01	 1.0450e+00	 2.1493e-01	 1.0018e+00
	 nan	68.391	1.101	 7.8711e+01	 1.0450e+00	 2.1474e-01	 1.0026e+00
	 nan	68.42	1.1013	 7.8733e+01	 1.0450e+00	 2.1455e-01	 1.0021e+00
	 nan	68.45	1.1016	 7.8755e+01	 1.0451e+00	 2.1435e-01	 1.0032e+00
	 nan	68.479	1.1023	 7.8778e+01	 1.0451e+00	 2.1416e-01	 1.0019e+00
	 nan	68.509	1.1025	 7.8800e+01	 1.0451e+00	 2.1396e-01	 1.0028e+00
	 nan	68.538	1.1027	 7.8823e+01	 1.0452e+00	 2.1377e-01	 1.0017e+00
	 nan	68.568	1.1025	 7.8845e+01	 1.0452e+00	 2.1358e-01	 1.0019e+00
	 nan	68.597	1.1023	 7.8867e+01	 1.0453e+00	 2.1338e-01	 1.0021e+00
	 nan	68.627	1.1022	 7.8889e+01	 1.0453e+00	 2.1319e-01	 1.0019e+00
	 nan	68.656	1.1022	 7.8912e+01	 1.0453e+00	 2.1300e-01	 1.0029e+00
	 nan	68.686	1.1026	 7.8934e+01	 1.0453e+00	 2.1280e-01	 1.0019e+00
	 nan	68.715	1.103	 7.8956e+01	 1.0453e+00	 2.1261e-01	 1.0028e+00
	 nan	68.745	1.1035	 7.8978e+01	 1.0453e+00	 2.1242e-01	 1.0013e+00
	 nan	68.774	1.1039	 7.9000e+01	 1.0454e+00	 2.1223e-01	 1.0024e+00
	 nan	68.804	1.1039	 7.9022e+01	 1.0454e+00	 2.1204e-01	 1.0022e+00
	 nan	68.833	1.1038	 7.9044e+01	 1.0454e+00	 2.1184e-01	 1.0024e+00
	 nan	68.862	1.1034	 7.9066e+01	 1.0454e+00	 2.1165e-01	 1.0024e+00
	 nan	68.892	1.1032	 7.9088e+01	 1.0454e+00	 2.1146e-01	 1.0012e+00
	 nan	68.921	1.1032	 7.9110e+01	 1.0454e+00	 2.1127e-01	 1.0024e+00
	 nan	68.951	1.1034	 7.9132e+01	 1.0454e+00	 2.1108e-01	 1.0020e+00
	 nan	68.98	1.104	 7.9154e+01	 1.0454e+00	 2.1089e-01	 1.0035e+00
	 nan	69.009	1.1043	 7.9175e+01	 1.0454e+00	 2.1070e-01	 1.0019e+00
	 nan	69.039	1.1047	 7.9197e+01	 1.0454e+00	 2.1051e-01	 1.0022e+00
	 nan	69.068	1.1047	 7.9219e+01	 1.0454e+00	 2.1032e-01	 1.0025e+00
	 nan	69.097	1.1044	 7.9241e+01	 1.0454e+00	 2.1013e-01	 1.0029e+00
	 nan	69.127	1.1041	 7.9262e+01	 1.0454e+00	 2.0994e-01	 1.0030e+00
	 nan	69.156	1.1038	 7.9284e+01	 1.0454e+00	 2.0975e-01	 1.0014e+00
	 nan	69.185	1.1038	 7.9306e+01	 1.0454e+00	 2.0956e-01	 1.0025e+00
	 nan	69.215	1.104	 7.9327e+01	 1.0454e+00	 2.0937e-01	 1.0014e+00
	 nan	69.244	1.1043	 7.9349e+01	 1.0454e+00	 2.0918e-01	 1.0027e+00
	 nan	69.273	1.1047	 7.9370e+01	 1.0453e+00	 2.0899e-01	 1.0025e+00
	 nan	69.303	1.1048	 7.9392e+01	 1.0453e+00	 2.0881e-01	 1.0031e+00
	 nan	69.332	1.1049	 7.9413e+01	 1.0453e+00	 2.0862e-01	 1.0024e+00
	 nan	69.361	1.1045	 7.9435e+01	 1.0453e+00	 2.0843e-01	 1.0019e+00
	 nan	69.39	1.1041	 7.9456e+01	 1.0453e+00	 2.0824e-01	 1.0035e+00
	 nan	69.42	1.1039	 7.9478e+01	 1.0453e+00	 2.0805e-01	 1.0020e+00
	 nan	69.449	1.1038	 7.9499e+01	 1.0453e+00	 2.0786e-01	 1.0026e+00
	 nan	69.478	1.1041	 7.9520e+01	 1.0453e+00	 2.0767e-01	 1.0017e+00
	 nan	69.507	1.1044	 7.9542e+01	 1.0452e+00	 2.0748e-01	 1.0029e+00
	 nan	69.536	1.105	 7.9563e+01	 1.0452e+00	 2.0729e-01	 1.0025e+00
	 nan	69.566	1.1052	 7.9584e+01	 1.0452e+00	 2.0710e-01	 1.0028e+00
	 nan	69.595	1.1052	 7.9605e+01	 1.0452e+00	 2.0691e-01	 1.0023e+00
	 nan	69.624	1.105	 7.9626e+01	 1.0452e+00	 2.0673e-01	 1.0015e+00
	 nan	69.653	1.1046	 7.9648e+01	 1.0452e+00	 2.0654e-01	 1.0032e+00
	 nan	69.682	1.1044	 7.9669e+01	 1.0452e+00	 2.0635e-01	 1.0017e+00
	 nan	69.712	1.1044	 7.9690e+01	 1.0452e+00	 2.0617e-01	 1.0023e+00
	 nan	69.741	1.1046	 7.9711e+01	 1.0452e+00	 2.0598e-01	 1.0016e+00
	 nan	69.77	1.105	 7.9732e+01	 1.0451e+00	 2.0579e-01	 1.0027e+00
	 nan	69.799	1.1053	 7.9753e+01	 1.0451e+00	 2.0561e-01	 1.0020e+00
	 nan	69.828	1.1056	 7.9774e+01	 1.0452e+00	 2.0542e-01	 1.0021e+00
	 nan	69.857	1.1055	 7.9795e+01	 1.0452e+00	 2.0523e-01	 1.0028e+00
	 nan	69.886	1.1052	 7.9815e+01	 1.0452e+00	 2.0505e-01	 1.0025e+00
	 nan	69.915	1.1048	 7.9836e+01	 1.0452e+00	 2.0486e-01	 1.0036e+00
	 nan	69.944	1.1044	 7.9857e+01	 1.0452e+00	 2.0467e-01	 1.0023e+00
	 nan	69.973	1.1044	 7.9878e+01	 1.0452e+00	 2.0449e-01	 1.0033e+00
	 nan	70.002	1.1045	 7.9899e+01	 1.0452e+00	 2.0430e-01	 1.0018e+00
	 nan	70.031	1.1049	 7.9919e+01	 1.0452e+00	 2.0412e-01	 1.0026e+00
	 nan	70.061	1.1051	 7.9940e+01	 1.0452e+00	 2.0393e-01	 1.0025e+00
	 nan	70.09	1.1052	 7.9961e+01	 1.0452e+00	 2.0375e-01	 1.0024e+00
	 nan	70.119	1.1052	 7.9981e+01	 1.0452e+00	 2.0356e-01	 1.0032e+00
	 nan	70.148	1.1047	 8.0002e+01	 1.0453e+00	 2.0338e-01	 1.0024e+00
	 nan	70.177	1.1043	 8.0022e+01	 1.0453e+00	 2.0320e-01	 1.0034e+00
	 nan	70.205	1.1039	 8.0043e+01	 1.0453e+00	 2.0301e-01	 1.0017e+00
	 nan	70.234	1.1038	 8.0063e+01	 1.0453e+00	 2.0283e-01	 1.0028e+00
	 nan	70.263	1.1041	 8.0084e+01	 1.0453e+00	 2.0264e-01	 1.0021e+00
	 nan	70.292	1.1043	 8.0104e+01	 1.0453e+00	 2.0246e-01	 1.0025e+00
	 nan	70.321	1.1049	 8.0125e+01	 1.0454e+00	 2.0228e-01	 1.0024e+00
	 nan	70.35	1.105	 8.0145e+01	 1.0454e+00	 2.0209e-01	 1.0017e+00
	 nan	70.379	1.1051	 8.0165e+01	 1.0454e+00	 2.0191e-01	 1.0025e+00
	 nan	70.408	1.1049	 8.0185e+01	 1.0454e+00	 2.0173e-01	 1.0018e+00
	 nan	70.437	1.1046	 8.0206e+01	 1.0455e+00	 2.0155e-01	 1.0029e+00
	 nan	70.466	1.1045	 8.0226e+01	 1.0455e+00	 2.0137e-01	 1.0020e+00
	 nan	70.495	1.1045	 8.0246e+01	 1.0455e+00	 2.0118e-01	 1.0032e+00
	 nan	70.523	1.105	 8.0266e+01	 1.0455e+00	 2.0100e-01	 1.0024e+00
	 nan	70.552	1.1055	 8.0286e+01	 1.0456e+00	 2.0083e-01	 1.0027e+00
	 nan	70.581	1.106	 8.0306e+01	 1.0456e+00	 2.0065e-01	 1.0028e+00
	 nan	70.61	1.1064	 8.0327e+01	 1.0456e+00	 2.0047e-01	 1.0019e+00
	 nan	70.639	1.1063	 8.0347e+01	 1.0456e+00	 2.0029e-01	 1.0028e+00
	 nan	70.668	1.1063	 8.0367e+01	 1.0457e+00	 2.0011e-01	 1.0020e+00
	 nan	70.696	1.1059	 8.0386e+01	 1.0457e+00	 nan	 nan
	 nan	70.725	1.1057	 8.0406e+01	 1.0457e+00		
	 nan	70.754	1.1059	 8.0426e+01	 1.0458e+00		
	 nan	70.783	1.1061	 8.0446e+01	 1.0458e+00		
	 nan	70.811	1.1067	 8.0466e+01	 1.0458e+00		
	 nan	70.84	1.107	 8.0486e+01	 1.0458e+00		
	 nan	70.869	1.1073	 8.0505e+01	 1.0459e+00		
	 nan	70.898	1.1073	 8.0525e+01	 1.0459e+00		
	 nan	70.926	1.107	 8.0545e+01	 1.0460e+00		
	 nan	70.955	1.1068	 8.0564e+01	 1.0460e+00		
	 nan	70.984	1.1064	 8.0584e+01	 1.0460e+00		
	 nan	71.012	1.1065	 8.0604e+01	 1.0460e+00		
	 nan	71.041	1.1067	 8.0623e+01	 1.0461e+00		
	 nan	71.07	1.1071	 8.0643e+01	 1.0461e+00		
	 nan	71.098	1.1076	 8.0662e+01	 1.0461e+00		
	 nan	71.127	1.1078	 8.0682e+01	 1.0462e+00		
	 nan	71.155	1.1078	 8.0701e+01	 1.0462e+00		
	 nan	71.184	1.1076	 8.0720e+01	 1.0462e+00		
	 nan	71.213	1.1073	 8.0740e+01	 1.0463e+00		
	 nan	71.241	1.1072	 8.0759e+01	 1.0463e+00		
	 nan	71.27	1.1072	 8.0778e+01	 1.0463e+00		
	 nan	71.298	1.1077	 8.0798e+01	 1.0463e+00		
	 nan	71.327	1.1081	 8.0817e+01	 1.0464e+00		
	 nan	71.355	1.1087	 8.0836e+01	 1.0464e+00		
	 nan	71.384	1.109	 8.0855e+01	 1.0464e+00		
	 nan	71.412	1.109	 8.0874e+01	 1.0465e+00		
	 nan	71.441	1.1089	 8.0893e+01	 1.0465e+00		
	 nan	71.469	1.1085	 8.0912e+01	 1.0465e+00		
	 nan	71.498	1.1084	 8.0931e+01	 1.0466e+00		
	 nan	71.526	1.1085	 8.0950e+01	 1.0466e+00		
	 nan	71.554	1.1088	 8.0969e+01	 1.0466e+00		
	 nan	71.583	1.1094	 8.0988e+01	 1.0466e+00		
	 nan	71.611	1.1097	 8.1007e+01	 1.0467e+00		
	 nan	71.64	1.1101	 8.1026e+01	 1.0467e+00		
	 nan	71.668	1.11	 8.1045e+01	 1.0467e+00		
	 nan	71.696	1.1097	 8.1063e+01	 1.0467e+00		
	 nan	71.725	1.1095	 8.1082e+01	 1.0468e+00		
	 nan	71.753	1.1092	 8.1101e+01	 1.0468e+00		
	 nan	71.781	1.1094	 8.1119e+01	 1.0468e+00		
	 nan	71.809	1.1097	 8.1138e+01	 1.0468e+00		
	 nan	71.838	1.1102	 8.1156e+01	 1.0468e+00		
	 nan	71.866	1.1107	 8.1175e+01	 1.0469e+00		
	 nan	71.894	1.1109	 8.1193e+01	 1.0469e+00		
	 nan	71.923	1.111	 8.1212e+01	 1.0469e+00		
	 nan	71.951	1.1106	 8.1230e+01	 1.0469e+00		
	 nan	71.979	1.1104	 8.1249e+01	 1.0469e+00		
	 nan	72.007	1.1102	 8.1267e+01	 1.0470e+00		
	 nan	72.035	1.1103	 8.1285e+01	 1.0470e+00		
	 nan	72.064	1.1107	 8.1304e+01	 1.0470e+00		
	 nan	72.092	1.111	 8.1322e+01	 1.0470e+00		
	 nan	72.12	1.1115	 8.1340e+01	 1.0470e+00		
	 nan	72.148	1.1116	 8.1358e+01	 1.0471e+00		
	 nan	72.176	1.1115	 8.1377e+01	 1.0471e+00		
	 nan	72.204	1.1112	 8.1395e+01	 1.0471e+00		
	 nan	72.232	1.1108	 8.1413e+01	 1.0471e+00		
	 nan	72.26	1.1106	 8.1431e+01	 1.0472e+00		
	 nan	72.288	1.1104	 8.1449e+01	 1.0472e+00		
	 nan	72.316	1.1107	 8.1467e+01	 1.0472e+00		
	 nan	72.344	1.111	 8.1485e+01	 1.0472e+00		
	 nan	72.372	1.1112	 8.1503e+01	 1.0473e+00		
	 nan	72.4	1.1114	 8.1520e+01	 1.0473e+00		
	 nan	72.428	1.1111	 8.1538e+01	 1.0473e+00		
	 nan	72.456	1.1108	 8.1556e+01	 1.0474e+00		
	 nan	72.484	1.1103	 8.1574e+01	 1.0474e+00		
	 nan	72.512	1.1099	 8.1591e+01	 1.0474e+00		
	 nan	72.54	1.11	 8.1609e+01	 1.0474e+00		
	 nan	72.568	1.1101	 8.1627e+01	 1.0475e+00		
	 nan	72.596	1.1105	 8.1644e+01	 1.0475e+00		
	 nan	72.624	1.1108	 8.1662e+01	 1.0475e+00		
	 nan	72.652	1.1109	 8.1679e+01	 1.0476e+00		
	 nan	72.679	1.1108	 8.1697e+01	 1.0476e+00		
	 nan	72.707	1.1104	 8.1714e+01	 1.0476e+00		
	 nan	72.735	1.1101	 8.1732e+01	 1.0477e+00		
	 nan	72.763	1.1097	 8.1749e+01	 1.0477e+00		
	 nan	72.791	1.1097	 8.1767e+01	 1.0477e+00		
	 nan	72.818	1.11	 8.1784e+01	 1.0477e+00		
	 nan	72.846	1.1102	 8.1801e+01	 1.0478e+00		
	 nan	72.874	1.1106	 8.1818e+01	 1.0478e+00		
	 nan	72.902	1.1106	 8.1836e+01	 1.0478e+00		
	 nan	72.929	1.1105	 8.1853e+01	 1.0479e+00		
	 nan	72.957	1.1101	 8.1870e+01	 1.0479e+00		
	 nan	72.985	1.1096	 8.1887e+01	 1.0479e+00		
	 nan	73.012	1.1094	 8.1904e+01	 1.0480e+00		
	 nan	73.04	1.1093	 8.1921e+01	 1.0480e+00		
	 nan	73.067	1.1096	 8.1938e+01	 1.0480e+00		
	 nan	73.095	1.11	 8.1955e+01	 1.0480e+00		
	 nan	73.123	1.1104	 8.1972e+01	 1.0481e+00		
	 nan	73.15	1.1106	 8.1989e+01	 1.0481e+00		
	 nan	73.178	1.1104	 8.2006e+01	 1.0481e+00		
	 nan	73.205	1.1102	 8.2022e+01	 1.0482e+00		
	 nan	73.233	1.1098	 8.2039e+01	 1.0482e+00		
	 nan	73.26	1.1097	 8.2056e+01	 1.0482e+00		
	 nan	73.288	1.1098	 8.2073e+01	 1.0482e+00		
	 nan	73.315	1.11	 8.2089e+01	 1.0482e+00		
	 nan	73.343	1.1106	 8.2106e+01	 1.0483e+00		
	 nan	73.37	1.1109	 8.2122e+01	 1.0483e+00		
	 nan	73.397	1.1112	 8.2139e+01	 1.0483e+00		
	 nan	73.425	1.1111	 8.2155e+01	 1.0483e+00		
	 nan	73.452	1.1108	 8.2172e+01	 1.0483e+00		
	 nan	73.479	1.1106	 8.2188e+01	 1.0484e+00		
	 nan	73.507	1.1103	 8.2205e+01	 1.0484e+00		
	 nan	73.534	1.1105	 8.2221e+01	 1.0484e+00		
	 nan	73.561	1.1108	 8.2237e+01	 1.0484e+00		
	 nan	73.589	1.1112	 8.2254e+01	 1.0484e+00		
	 nan	73.616	1.1117	 8.2270e+01	 1.0484e+00		
	 nan	73.643	1.1117	 8.2286e+01	 1.0484e+00		
	 nan	73.67	1.1118	 8.2302e+01	 1.0484e+00		
	 nan	73.698	1.1114	 8.2318e+01	 1.0484e+00		
	 nan	73.725	1.1111	 8.2334e+01	 1.0484e+00		
	 nan	73.752	1.1109	 8.2350e+01	 1.0484e+00		
	 nan	73.779	1.111	 8.2366e+01	 1.0484e+00		
	 nan	73.806	1.1114	 8.2382e+01	 1.0484e+00		
	 nan	73.833	1.1117	 8.2398e+01	 1.0484e+00		
	 nan	73.861	1.1122	 8.2414e+01	 1.0484e+00		
	 nan	73.888	1.1124	 8.2430e+01	 1.0484e+00		
	 nan	73.915	1.1124	 8.2446e+01	 1.0484e+00		
	 nan	73.942	1.1122	 8.2462e+01	 1.0485e+00		
	 nan	73.969	1.1118	 8.2477e+01	 1.0484e+00		
	 nan	73.996	1.1118	 8.2493e+01	 1.0484e+00		
	 nan	74.023	1.1119	 8.2509e+01	 1.0484e+00		
	 nan	74.05	1.1123	 8.2524e+01	 1.0484e+00		
	 nan	74.077	1.1129	 8.2540e+01	 1.0484e+00		
	 nan	74.104	1.1132	 8.2555e+01	 1.0484e+00		
	 nan	74.13	1.1135	 8.2571e+01	 1.0484e+00		
	 nan	74.157	1.1133	 8.2586e+01	 1.0484e+00		
	 nan	74.184	1.1131	 8.2602e+01	 1.0484e+00		
	 nan	74.211	1.1128	 8.2617e+01	 1.0484e+00		
	 nan	74.238	1.1126	 8.2632e+01	 1.0484e+00		
	 nan	74.265	1.1128	 8.2648e+01	 1.0484e+00		
	 nan	74.292	1.1131	 8.2663e+01	 1.0484e+00		
	 nan	74.318	1.1137	 8.2678e+01	 1.0484e+00		
	 nan	74.345	1.1141	 8.2693e+01	 1.0484e+00		
	 nan	74.372	1.1143	 8.2709e+01	 1.0484e+00		
	 nan	74.399	1.1144	 8.2724e+01	 1.0484e+00		
	 nan	74.425	1.1141	 8.2739e+01	 1.0484e+00		
	 nan	74.452	1.114	 8.2754e+01	 1.0484e+00		
	 nan	74.479	1.1138	 8.2769e+01	 1.0484e+00		
	 nan	74.505	1.114	 8.2784e+01	 1.0483e+00		
	 nan	74.532	1.1145	 8.2799e+01	 1.0483e+00		
	 nan	74.559	1.1149	 8.2813e+01	 1.0483e+00		
	 nan	74.585	1.1155	 8.2828e+01	 1.0483e+00		
	 nan	74.612	1.1156	 8.2843e+01	 1.0483e+00		
	 nan	74.638	1.1156	 8.2858e+01	 1.0483e+00		
	 nan	74.665	1.1154	 8.2872e+01	 1.0483e+00		
	 nan	74.691	1.1151	 8.2887e+01	 1.0483e+00		
	 nan	74.718	1.1151	 8.2902e+01	 1.0483e+00		
	 nan	74.744	1.1152	 8.2916e+01	 1.0483e+00		
	 nan	74.771	1.1157	 8.2931e+01	 1.0483e+00		
	 nan	74.797	1.1162	 8.2945e+01	 1.0483e+00		
	 nan	74.823	1.1166	 8.2960e+01	 1.0483e+00		
	 nan	74.85	1.1169	 8.2974e+01	 1.0483e+00		
	 nan	74.876	1.1167	 8.2989e+01	 1.0483e+00		
	 nan	74.903	1.1166	 8.3003e+01	 1.0484e+00		
	 nan	74.929	1.1163	 8.3017e+01	 1.0484e+00		
	 nan	74.955	1.1162	 8.3032e+01	 1.0484e+00		
	 nan	74.981	1.1164	 8.3046e+01	 1.0484e+00		
	 nan	75.008	1.1168	 8.3060e+01	 1.0484e+00		
	 nan	75.034	1.1174	 8.3074e+01	 1.0484e+00		
	 nan	75.06	1.1178	 8.3088e+01	 1.0484e+00		
	 nan	75.086	1.1181	 8.3102e+01	 1.0484e+00		
	 nan	75.112	1.118	 8.3116e+01	 1.0484e+00		
	 nan	75.139	1.1177	 8.3130e+01	 1.0484e+00		
	 nan	75.165	1.1175	 8.3144e+01	 1.0484e+00		
	 nan	75.191	1.1173	 8.3158e+01	 1.0484e+00		
	 nan	75.217	1.1175	 8.3172e+01	 1.0484e+00		
	 nan	75.243	1.1178	 8.3186e+01	 1.0485e+00		
	 nan	75.269	1.1182	 8.3200e+01	 1.0485e+00		
	 nan	75.295	1.1185	 8.3214e+01	 1.0485e+00		
	 nan	75.321	1.1185	 8.3227e+01	 1.0485e+00		
	 nan	75.347	1.1184	 8.3241e+01	 1.0485e+00		
	 nan	75.373	1.1179	 8.3255e+01	 1.0485e+00		
	 nan	75.399	1.1175	 8.3268e+01	 1.0485e+00		
	 nan	75.425	1.1172	 8.3282e+01	 1.0486e+00		
	 nan	75.451	1.1171	 8.3295e+01	 1.0486e+00		
	 nan	75.476	1.1174	 8.3309e+01	 1.0486e+00		
	 nan	75.502	1.1177	 8.3322e+01	 1.0486e+00		
	 nan	75.528	1.1179	 8.3336e+01	 1.0486e+00		
	 nan	75.554	1.1179	 8.3349e+01	 1.0486e+00		
	 nan	75.58	1.1176	 8.3362e+01	 1.0486e+00		
	 nan	75.605	1.1172	 8.3375e+01	 1.0487e+00		
	 nan	75.631	1.1166	 8.3389e+01	 1.0487e+00		
	 nan	75.657	1.1164	 8.3402e+01	 1.0487e+00		
	 nan	75.682	1.1164	 8.3415e+01	 1.0487e+00		
	 nan	75.708	1.1166	 8.3428e+01	 1.0487e+00		
	 nan	75.734	1.117	 8.3441e+01	 1.0487e+00		
	 nan	75.759	1.1172	 8.3454e+01	 1.0487e+00		
	 nan	75.785	1.1174	 8.3467e+01	 1.0488e+00		
	 nan	75.81	1.1172	 8.3480e+01	 1.0488e+00		
	 nan	75.836	1.1168	 8.3493e+01	 1.0488e+00		
	 nan	75.862	1.1166	 8.3506e+01	 1.0488e+00		
	 nan	75.887	1.1164	 8.3519e+01	 1.0488e+00		
	 nan	75.913	1.1166	 8.3532e+01	 1.0488e+00		
	 nan	75.938	1.1169	 8.3544e+01	 1.0489e+00		
	 nan	75.963	1.1174	 8.3557e+01	 1.0489e+00		
	 nan	75.989	1.1179	 8.3570e+01	 1.0489e+00		
	 nan	76.014	1.118	 8.3582e+01	 1.0489e+00		
	 nan	76.04	1.118	 8.3595e+01	 1.0489e+00		
	 nan	76.065	1.1176	 8.3607e+01	 1.0490e+00		
	 nan	76.09	1.1174	 8.3620e+01	 1.0490e+00		
	 nan	76.115	1.1173	 8.3632e+01	 1.0490e+00		
	 nan	76.141	1.1175	 8.3645e+01	 1.0490e+00		
	 nan	76.166	1.118	 8.3657e+01	 1.0490e+00		
	 nan	76.191	1.1184	 8.3669e+01	 1.0491e+00		
	 nan	76.216	1.1189	 8.3682e+01	 1.0491e+00		
	 nan	76.242	1.119	 8.3694e+01	 1.0491e+00		
	 nan	76.267	1.1189	 8.3706e+01	 1.0492e+00		
	 nan	76.292	1.1188	 8.3718e+01	 1.0492e+00		
	 nan	76.317	1.1184	 8.3730e+01	 1.0492e+00		
	 nan	76.342	1.1185	 8.3742e+01	 1.0492e+00		
	 nan	76.367	1.1186	 8.3754e+01	 1.0492e+00		
	 nan	76.392	1.1191	 8.3766e+01	 1.0493e+00		
	 nan	76.417	1.1196	 8.3778e+01	 1.0493e+00		
	 nan	76.442	1.1199	 8.3790e+01	 1.0493e+00		
	 nan	76.467	1.1201	 8.3802e+01	 1.0494e+00		
	 nan	76.492	1.1199	 8.3814e+01	 1.0494e+00		
	 nan	76.517	1.1197	 8.3826e+01	 1.0494e+00		
	 nan	76.542	1.1193	 8.3837e+01	 1.0495e+00		
	 nan	76.566	1.1191	 8.3849e+01	 1.0495e+00		
	 nan	76.591	1.1193	 8.3861e+01	 1.0495e+00		
	 nan	76.616	1.1195	 8.3872e+01	 1.0496e+00		
	 nan	76.641	1.12	 8.3884e+01	 1.0496e+00		
	 nan	76.666	1.1202	 8.3895e+01	 1.0496e+00		
	 nan	76.69	1.1202	 8.3907e+01	 1.0497e+00		
	 nan	76.715	1.12	 8.3918e+01	 1.0497e+00		
	 nan	76.74	1.1195	 8.3930e+01	 1.0497e+00		
	 nan	76.764	1.1192	 8.3941e+01	 1.0498e+00		
	 nan	76.789	1.1189	 8.3952e+01	 1.0498e+00		
	 nan	76.813	1.119	 8.3964e+01	 1.0498e+00		
	 nan	76.838	1.1193	 8.3975e+01	 1.0498e+00		
	 nan	76.863	1.1197	 8.3986e+01	 1.0499e+00		
	 nan	76.887	1.1201	 8.3997e+01	 1.0499e+00		
	 nan	76.912	1.1201	 8.4008e+01	 1.0499e+00		
	 nan	76.936	1.12	 8.4019e+01	 1.0500e+00		
	 nan	76.96	1.1197	 8.4030e+01	 1.0500e+00		
	 nan	76.985	1.1195	 8.4041e+01	 1.0500e+00		
	 nan	77.009	1.1195	 8.4052e+01	 1.0500e+00		
	 nan	77.034	1.1197	 8.4063e+01	 1.0501e+00		
	 nan	77.058	1.1203	 8.4074e+01	 1.0501e+00		
	 nan	77.082	1.1208	 8.4085e+01	 1.0501e+00		
	 nan	77.106	1.1213	 8.4095e+01	 1.0501e+00		
	 nan	77.131	1.1216	 8.4106e+01	 1.0502e+00		
	 nan	77.155	1.1216	 8.4117e+01	 1.0502e+00		
	 nan	77.179	1.1215	 8.4127e+01	 1.0502e+00		
	 nan	77.203	1.1212	 8.4138e+01	 1.0502e+00		
	 nan	77.227	1.1213	 8.4148e+01	 1.0502e+00		
	 nan	77.251	1.1216	 8.4159e+01	 1.0502e+00		
	 nan	77.276	1.122	 8.4169e+01	 1.0503e+00		
	 nan	77.3	1.1226	 8.4180e+01	 1.0503e+00		
	 nan	77.324	1.1229	 8.4190e+01	 1.0503e+00		
	 nan	77.348	1.123	 8.4200e+01	 1.0503e+00		
	 nan	77.372	1.1228	 8.4211e+01	 1.0503e+00		
	 nan	77.396	1.1224	 8.4221e+01	 1.0503e+00		
	 nan	77.42	1.1222	 8.4231e+01	 1.0503e+00		
	 nan	77.443	1.1219	 8.4241e+01	 1.0503e+00		
	 nan	77.467	1.1221	 8.4251e+01	 1.0503e+00		
	 nan	77.491	1.1223	 8.4261e+01	 1.0503e+00		
	 nan	77.515	1.1227	 8.4271e+01	 1.0504e+00		
	 nan	77.539	1.123	 8.4281e+01	 1.0504e+00		
	 nan	77.562	1.1229	 8.4291e+01	 1.0504e+00		
	 nan	77.586	1.1227	 8.4301e+01	 1.0504e+00		
	 nan	77.61	1.1222	 8.4311e+01	 1.0504e+00		
	 nan	77.633	1.1218	 8.4321e+01	 1.0504e+00		
	 nan	77.657	1.1216	 8.4331e+01	 1.0504e+00		
	 nan	77.681	1.1217	 8.4340e+01	 1.0504e+00		
	 nan	77.704	1.122	 8.4350e+01	 1.0503e+00		
	 nan	77.728	1.1222	 8.4360e+01	 1.0503e+00		
	 nan	77.751	1.1225	 8.4369e+01	 1.0503e+00		
	 nan	77.775	1.1225	 8.4379e+01	 1.0503e+00		
	 nan	77.798	1.1222	 8.4388e+01	 1.0503e+00		
	 nan	77.822	1.1218	 8.4398e+01	 1.0503e+00		
	 nan	77.845	1.1213	 8.4407e+01	 1.0503e+00		
	 nan	77.868	1.1212	 8.4416e+01	 1.0503e+00		
	 nan	77.892	1.1213	 8.4426e+01	 1.0503e+00		
	 nan	77.915	1.1216	 8.4435e+01	 1.0503e+00		
	 nan	77.938	1.122	 8.4444e+01	 1.0503e+00		
	 nan	77.962	1.1222	 8.4453e+01	 1.0503e+00		
	 nan	77.985	1.1223	 8.4463e+01	 1.0503e+00		
	 nan	78.008	1.122	 8.4472e+01	 1.0503e+00		
	 nan	78.031	1.1217	 8.4481e+01	 1.0503e+00		
	 nan	78.054	1.1214	 8.4490e+01	 1.0502e+00		
	 nan	78.078	1.1212	 8.4499e+01	 1.0502e+00		
	 nan	78.101	1.1215	 8.4508e+01	 1.0502e+00		
	 nan	78.124	1.1218	 8.4516e+01	 1.0502e+00		
	 nan	78.147	1.1223	 8.4525e+01	 1.0502e+00		
	 nan	78.17	1.1226	 8.4534e+01	 1.0502e+00		
	 nan	78.193	1.1226	 8.4543e+01	 1.0502e+00		
	 nan	78.216	1.1225	 8.4551e+01	 1.0502e+00		
	 nan	78.239	1.1222	 8.4560e+01	 1.0502e+00		
	 nan	78.261	1.122	 8.4569e+01	 1.0501e+00		
	 nan	78.284	1.122	 8.4577e+01	 1.0501e+00		
	 nan	78.307	1.1222	 8.4586e+01	 1.0501e+00		
	 nan	78.33	1.1228	 8.4594e+01	 1.0501e+00		
	 nan	78.353	1.1233	 8.4603e+01	 1.0501e+00		
	 nan	78.375	1.1237	 8.4611e+01	 1.0501e+00		
	 nan	78.398	1.1238	 8.4619e+01	 1.0501e+00		
	 nan	78.421	1.1237	 8.4628e+01	 1.0501e+00		
	 nan	78.444	1.1234	 8.4636e+01	 1.0501e+00		
	 nan	78.466	1.123	 8.4644e+01	 1.0501e+00		
	 nan	78.489	1.1229	 8.4652e+01	 1.0501e+00		
	 nan	78.511	1.123	 8.4660e+01	 1.0501e+00		
	 nan	78.534	1.1233	 8.4669e+01	 1.0501e+00		
	 nan	78.556	1.1236	 8.4677e+01	 1.0501e+00		
	 nan	78.579	1.1238	 8.4685e+01	 1.0501e+00		
	 nan	78.601	1.1237	 8.4692e+01	 1.0501e+00		
	 nan	78.624	1.1232	 8.4700e+01	 1.0501e+00		
	 nan	78.646	1.1228	 8.4708e+01	 1.0501e+00		
	 nan	78.668	1.1223	 8.4716e+01	 1.0501e+00		
	 nan	78.691	1.122	 8.4724e+01	 1.0501e+00		
	 nan	78.713	1.1221	 8.4731e+01	 1.0501e+00		
	 nan	78.735	1.1223	 8.4739e+01	 1.0501e+00		
	 nan	78.758	1.1227	 8.4747e+01	 1.0501e+00		
	 nan	78.78	1.1228	 8.4754e+01	 1.0501e+00		
	 nan	78.802	1.1228	 8.4762e+01	 1.0501e+00		
	 nan	78.824	1.1225	 8.4769e+01	 1.0501e+00		
	 nan	78.846	1.122	 8.4777e+01	 1.0501e+00		
	 nan	78.868	1.1218	 8.4784e+01	 1.0502e+00		
	 nan	78.89	1.1215	 8.4791e+01	 1.0502e+00		
	 nan	78.912	1.1217	 8.4799e+01	 1.0502e+00		
	 nan	78.934	1.122	 8.4806e+01	 1.0502e+00		
	 nan	78.956	1.1224	 8.4813e+01	 1.0502e+00		
	 nan	78.978	1.1228	 8.4820e+01	 1.0503e+00		
	 nan	79.0	1.1227	 8.4827e+01	 1.0503e+00		
	 nan	79.022	1.1226	 8.4835e+01	 1.0503e+00		
	 nan	79.044	1.1223	 8.4842e+01	 1.0503e+00		
	 nan	79.066	1.122	 8.4849e+01	 1.0504e+00		
	 nan	79.087	1.122	 8.4855e+01	 1.0504e+00		
	 nan	79.109	1.1223	 8.4862e+01	 1.0504e+00		
	 nan	79.131	1.1228	 8.4869e+01	 1.0504e+00		
	 nan	79.153	1.1233	 8.4876e+01	 1.0505e+00		
	 nan	79.174	1.1238	 8.4883e+01	 1.0505e+00		
	 nan	79.196	1.124	 8.4889e+01	 1.0505e+00		
	 nan	79.217	1.1239	 8.4896e+01	 1.0506e+00		
	 nan	79.239	1.1238	 8.4903e+01	 1.0506e+00		
	 nan	79.26	1.1236	 8.4909e+01	 1.0506e+00		
	 nan	79.282	1.1238	 8.4916e+01	 1.0506e+00		
	 nan	79.303	1.1242	 8.4922e+01	 1.0507e+00		
	 nan	79.325	1.1248	 8.4929e+01	 1.0507e+00		
	 nan	79.346	1.1254	 8.4935e+01	 1.0507e+00		
	 nan	79.368	1.1258	 8.4941e+01	 1.0508e+00		
	 nan	79.389	1.1262	 8.4948e+01	 1.0508e+00		
	 nan	79.41	1.1261	 8.4954e+01	 1.0508e+00		
	 nan	79.431	1.1259	 8.4960e+01	 1.0509e+00		
	 nan	79.453	1.1258	 8.4966e+01	 1.0509e+00		
	 nan	79.474	1.1259	 8.4972e+01	 1.0509e+00		
	 nan	79.495	1.1263	 8.4978e+01	 1.0509e+00		
	 nan	79.516	1.1268	 8.4984e+01	 1.0510e+00		
	 nan	79.537	1.1274	 8.4990e+01	 1.0510e+00		
	 nan	79.558	1.1277	 8.4996e+01	 1.0510e+00		
	 nan	79.579	1.1278	 8.5002e+01	 1.0510e+00		
	 nan	79.6	1.1277	 8.5008e+01	 1.0511e+00		
	 nan	79.621	1.1273	 8.5014e+01	 1.0511e+00		
	 nan	79.642	1.1271	 8.5019e+01	 1.0511e+00		
	 nan	79.663	1.127	 8.5025e+01	 1.0511e+00		
	 nan	79.684	1.1271	 8.5031e+01	 1.0511e+00		
	 nan	79.705	1.1275	 8.5036e+01	 1.0511e+00		
	 nan	79.726	1.1278	 8.5042e+01	 1.0511e+00		
	 nan	79.746	1.128	 8.5047e+01	 1.0512e+00		
	 nan	79.767	1.1278	 8.5053e+01	 1.0512e+00		
	 nan	79.788	1.1275	 8.5058e+01	 1.0512e+00		
	 nan	79.809	1.127	 8.5064e+01	 1.0512e+00		
	 nan	79.829	1.1265	 8.5069e+01	 1.0512e+00		
	 nan	79.85	1.1263	 8.5074e+01	 1.0512e+00		
	 nan	79.87	1.1263	 8.5079e+01	 1.0512e+00		
	 nan	79.891	1.1266	 8.5085e+01	 1.0512e+00		
	 nan	79.912	1.1269	 8.5090e+01	 1.0512e+00		
	 nan	79.932	1.127	 8.5095e+01	 1.0512e+00		
	 nan	79.952	1.1269	 8.5100e+01	 1.0513e+00		
	 nan	79.973	1.1265	 8.5105e+01	 1.0513e+00		
	 nan	79.993	1.1261	 8.5110e+01	 1.0513e+00		
	 nan	80.014	1.1257	 8.5115e+01	 1.0513e+00		
	 nan	80.034	1.1255	 8.5119e+01	 1.0513e+00		
	 nan	80.054	1.1256	 8.5124e+01	 1.0513e+00		
	 nan	80.075	1.1258	 8.5129e+01	 1.0513e+00		
	 nan	80.095	1.1262	 8.5134e+01	 1.0513e+00		
	 nan	80.115	1.1263	 8.5138e+01	 1.0513e+00		
	 nan	80.135	1.1262	 8.5143e+01	 1.0513e+00		
	 nan	80.155	1.1258	 8.5147e+01	 1.0513e+00		
	 nan	80.175	1.1253	 8.5152e+01	 1.0513e+00		
	 nan	80.195	1.1249	 8.5156e+01	 1.0513e+00		
	 nan	80.215	1.1247	 8.5161e+01	 1.0513e+00		
	 nan	80.235	1.1248	 8.5165e+01	 1.0513e+00		
	 nan	80.255	1.125	 8.5170e+01	 1.0513e+00		
	 nan	80.275	1.1253	 8.5174e+01	 1.0513e+00		
	 nan	80.295	1.1254	 8.5178e+01	 1.0514e+00		
	 nan	80.315	1.1252	 8.5182e+01	 1.0514e+00		
	 nan	80.335	1.1249	 8.5186e+01	 1.0514e+00		
	 nan	80.355	1.1243	 8.5191e+01	 1.0514e+00		
	 nan	80.374	1.1239	 8.5195e+01	 1.0514e+00		
	 nan	80.394	1.1238	 8.5199e+01	 1.0514e+00		
	 nan	80.414	1.1239	 8.5203e+01	 1.0514e+00		
	 nan	80.434	1.1243	 8.5206e+01	 1.0514e+00		
	 nan	80.453	1.1246	 8.5210e+01	 1.0514e+00		
	 nan	80.473	1.1248	 8.5214e+01	 1.0514e+00		
	 nan	80.492	1.1248	 8.5218e+01	 1.0514e+00		
	 nan	80.512	1.1245	 8.5222e+01	 1.0515e+00		
	 nan	80.531	1.1242	 8.5225e+01	 1.0515e+00		
	 nan	80.551	1.1239	 8.5229e+01	 1.0515e+00		
	 nan	80.57	1.124	 8.5232e+01	 1.0515e+00		
	 nan	80.59	1.1243	 8.5236e+01	 1.0515e+00		
	 nan	80.609	1.1248	 8.5239e+01	 1.0515e+00		
	 nan	80.628	1.1254	 8.5243e+01	 1.0515e+00		
	 nan	80.648	1.1256	 8.5246e+01	 1.0515e+00		
	 nan	80.667	1.1258	 8.5250e+01	 1.0515e+00		
	 nan	80.686	1.1256	 8.5253e+01	 1.0515e+00		
	 nan	80.705	1.1254	 8.5256e+01	 1.0515e+00		
	 nan	80.725	1.1253	 8.5259e+01	 1.0515e+00		
	 nan	80.744	1.1254	 8.5262e+01	 1.0515e+00		
	 nan	80.763	1.1258	 8.5265e+01	 1.0515e+00		
	 nan	80.782	1.1263	 8.5268e+01	 1.0515e+00		
	 nan	80.801	1.1269	 8.5271e+01	 1.0516e+00		
	 nan	80.82	1.1274	 8.5274e+01	 1.0516e+00		
	 nan	80.839	1.1274	 8.5277e+01	 1.0516e+00		
	 nan	80.858	1.1274	 8.5280e+01	 1.0516e+00		
	 nan	80.877	1.1272	 8.5283e+01	 1.0516e+00		
	 nan	80.895	1.1271	 8.5286e+01	 1.0516e+00		
	 nan	80.914	1.1272	 8.5288e+01	 1.0516e+00		
	 nan	80.933	1.1275	 8.5291e+01	 1.0516e+00		
	 nan	80.952	1.1281	 8.5294e+01	 1.0516e+00		
	 nan	80.97	1.1286	 8.5296e+01	 1.0516e+00		
	 nan	80.989	1.1289	 8.5299e+01	 1.0516e+00		
	 nan	81.008	1.1289	 8.5301e+01	 1.0516e+00		
	 nan	81.026	1.1287	 8.5304e+01	 1.0516e+00		
	 nan	81.045	1.1284	 8.5306e+01	 1.0516e+00		
	 nan	81.063	1.128	 8.5308e+01	 1.0516e+00		
	 nan	81.082	1.128	 8.5311e+01	 1.0516e+00		
	 nan	81.1	1.1282	 8.5313e+01	 1.0516e+00		
	 nan	81.119	1.1285	 8.5315e+01	 1.0516e+00		
	 nan	81.137	1.1289	 8.5317e+01	 1.0517e+00		
	 nan	81.155	1.129	 8.5319e+01	 1.0517e+00		
	 nan	81.174	1.129	 8.5321e+01	 1.0517e+00		
	 nan	81.192	1.1285	 8.5323e+01	 1.0517e+00		
	 nan	81.21	1.1281	 8.5325e+01	 1.0517e+00		
	 nan	81.228	1.1278	 8.5327e+01	 1.0517e+00		
	 nan	81.247	1.1277	 8.5329e+01	 1.0517e+00		
	 nan	81.265	1.128	 8.5331e+01	 1.0517e+00		
	 nan	81.283	1.1283	 8.5332e+01	 1.0517e+00		
	 nan	81.301	1.1288	 8.5334e+01	 1.0517e+00		
	 nan	81.319	1.129	 8.5336e+01	 1.0518e+00		
	 nan	81.337	1.129	 8.5337e+01	 1.0518e+00		
	 nan	81.355	1.1288	 8.5339e+01	 1.0518e+00		
	 nan	81.373	1.1285	 8.5340e+01	 1.0518e+00		
	 nan	81.391	1.1283	 8.5342e+01	 1.0518e+00		
	 nan	81.408	1.1283	 8.5343e+01	 1.0518e+00		
	 nan	81.426	1.1287	 8.5345e+01	 1.0518e+00		
	 nan	81.444	1.1291	 8.5346e+01	 1.0518e+00		
	 nan	81.462	1.1295	 8.5347e+01	 1.0519e+00		
	 nan	81.479	1.1299	 8.5348e+01	 1.0519e+00		
	 nan	81.497	1.1298	 8.5349e+01	 1.0519e+00		
	 nan	81.515	1.1296	 8.5351e+01	 1.0519e+00		
	 nan	81.532	1.1292	 8.5352e+01	 1.0519e+00		
	 nan	81.55	1.129	 8.5353e+01	 1.0519e+00		
	 nan	81.567	1.129	 8.5354e+01	 1.0519e+00		
	 nan	81.585	1.1292	 8.5354e+01	 1.0519e+00		
	 nan	81.602	1.1296	 8.5355e+01	 1.0519e+00		
	 nan	81.62	1.13	 8.5356e+01	 1.0520e+00		
	 nan	81.637	1.1302	 8.5357e+01	 1.0520e+00		
	 nan	81.655	1.1301	 8.5358e+01	 1.0520e+00		
	 nan	81.672	1.1297	 8.5358e+01	 1.0520e+00		
	 nan	81.689	1.1294	 8.5359e+01	 1.0520e+00		
	 nan	81.706	1.129	 8.5360e+01	 1.0520e+00		
	 nan	81.724	1.129	 8.5360e+01	 1.0520e+00		
	 nan	81.741	1.1292	 8.5361e+01	 1.0520e+00		
	 nan	81.758	1.1294	 8.5361e+01	 1.0521e+00		
	 nan	81.775	1.1298	 8.5361e+01	 1.0521e+00		
	 nan	81.792	1.1299	 8.5362e+01	 1.0521e+00		
	 nan	81.809	1.1297	 8.5362e+01	 1.0521e+00		
	 nan	81.826	1.1294	 8.5362e+01	 1.0521e+00		
	 nan	81.843	1.1289	 8.5362e+01	 1.0521e+00		
	 nan	81.86	1.1287	 nan	 nan		
	 nan	81.877	1.1285	 nan	 nan		
	 nan	81.893	1.1288	 nan	 nan		
	 nan	81.91	1.1291	 nan	 nan		
	 nan	81.927	1.1294	 nan	 nan		
	 nan	81.944	1.1297	 nan	 nan		
	 nan	81.96	1.1295	 nan	 nan		
	 nan	81.977	1.1293	 nan	 nan		
	 nan	81.993	1.1289	 nan	 nan		
	 nan	82.01	1.1287	 nan	 nan		
	 nan	82.026	1.1287	 nan	 nan		
	 nan	82.043	1.1289	 nan	 nan		
	 nan	82.059	1.1294	 nan	 nan		
	 nan	82.076	1.1298	 nan	 nan		
	 nan	82.092	1.1301	 nan	 nan		
	 nan	82.109	1.1301	 nan	 nan		
	 nan	82.125	1.1298	 nan	 nan		
	 nan	82.141	1.1296	 nan	 nan		
	 nan	82.157	1.1294	 nan	 nan		
	 nan	82.173	1.1295	 nan	 nan		
	 nan	82.19	1.1299	 nan	 nan		
	 nan	82.206	1.1304	 nan	 nan		
	 nan	82.222	1.1309	 nan	 nan		
	 nan	82.238	1.1311	 nan	 nan		
	 nan	82.254	1.1312	 nan	 nan		
	 nan	82.27	1.1309	 nan	 nan		
	 nan	82.286	1.1306	 nan	 nan		
	 nan	82.301	1.1305	 nan	 nan		
	 nan	82.317	1.1305	 nan	 nan		
	 nan	82.333	1.1309	 nan	 nan		
	 nan	82.349	1.1313	 nan	 nan		
	 nan	82.365	1.1318	 nan	 nan		
	 nan	82.38	1.132	 nan	 nan		
	 nan	82.396	1.132	 nan	 nan		
	 nan	82.411	1.1318	 nan	 nan		
	 nan	82.427	1.1314	 nan	 nan		
	 nan	82.443	1.1312	 nan	 nan		
	 nan	82.458	1.1313	 nan	 nan		
	 nan	82.473	1.1316	 nan	 nan		
	 nan	82.489	1.132	 nan	 nan		
	 nan	82.504	1.1324	 nan	 nan		
	 nan	82.52	1.1326	 nan	 nan		
	 nan	82.535	1.1324	 nan	 nan		
	 nan	82.55	1.1321	 nan	 nan		
	 nan	82.565	1.1318	 nan	 nan		
	 nan	82.58	1.1315	 nan	 nan		
	 nan	82.596	1.1315	 nan	 nan		
	 nan	82.611	1.1317	 nan	 nan		
	 nan	82.626	1.1322	 nan	 nan		
	 nan	82.641	1.1325	 nan	 nan		
	 nan	82.656	1.1326	 nan	 nan		
	 nan	82.671	1.1326	 nan	 nan		
	 nan	82.686	1.1322	 nan	 nan		
	 nan	82.7	1.1319	 nan	 nan		
	 nan	82.715	1.1316	 nan	 nan		
	 nan	82.73	1.1316	 nan	 nan		
	 nan	82.745	1.1319	 nan	 nan		
	 nan	82.76	1.1323	 nan	 nan		
	 nan	82.774	1.1326	 nan	 nan		
	 nan	82.789	1.1327	 nan	 nan		
	 nan	82.803	1.1326	 nan	 nan		
	 nan	82.818	1.1323	 nan	 nan		
	 nan	82.832	1.1319	 nan	 nan		
	 nan	82.847	1.1316	 nan	 nan		
	 nan	82.861	1.1315	 nan	 nan		
	 nan	82.876	1.1318	 nan	 nan		
	 nan	82.89	1.1322	 nan	 nan		
	 nan	82.904	1.1325	 nan	 nan		
	 nan	82.919	1.1326	 nan	 nan		
	 nan	82.933	1.1324	 nan	 nan		
	 nan	82.947	1.132	 nan	 nan		
	 nan	82.961	1.1316	 nan	 nan		
	 nan	82.975	1.1313	 nan	 nan		
	 nan	82.989	1.1313	 nan	 nan		
	 nan	83.003	1.1315	 nan	 nan		
	 nan	83.017	1.1318	 nan	 nan		
	 nan	83.031	1.1321	 nan	 nan		
	 nan	83.045	1.1322	 nan	 nan		
	 nan	83.059	1.132	 nan	 nan		
	 nan	83.073	1.1316	 nan	 nan		
	 nan	83.087	1.1312	 nan	 nan		
	 nan	83.101	1.1309	 nan	 nan		
	 nan	83.114	1.1309	 nan	 nan		
	 nan	83.128	1.1312	 nan	 nan		
	 nan	83.142	1.1316	 nan	 nan		
	 nan	83.155	1.132	 nan	 nan		
	 nan	83.169	1.1321	 nan	 nan		
	 nan	83.182	1.1321	 nan	 nan		
	 nan	83.196	1.1318	 nan	 nan		
	 nan	83.209	1.1315	 nan	 nan		
	 nan	83.222	1.1314	 nan	 nan		
	 nan	83.236	1.1315	 nan	 nan		
	 nan	83.249	1.1319	 nan	 nan		
	 nan	83.262	1.1323	 nan	 nan		
	 nan	83.276	1.1327	 nan	 nan		
	 nan	83.289	1.1329	 nan	 nan		
	 nan	83.302	1.1328	 nan	 nan		
	 nan	83.315	1.1325	 nan	 nan		
	 nan	83.328	1.1322	 nan	 nan		
	 nan	83.341	1.132	 nan	 nan		
	 nan	83.354	1.1321	 nan	 nan		
	 nan	83.367	1.1324	 nan	 nan		
	 nan	83.38	1.1329	 nan	 nan		
	 nan	83.393	1.1332	 nan	 nan		
	 nan	83.406	1.1335	 nan	 nan		
	 nan	83.418	1.1334	 nan	 nan		
	 nan	83.431	1.1331	 nan	 nan		
	 nan	83.444	1.1328	 nan	 nan		
	 nan	83.456	1.1327	 nan	 nan		
	 nan	83.469	1.1328	 nan	 nan		
	 nan	83.482	1.1332	 nan	 nan		
	 nan	83.494	1.1337	 nan	 nan		
	 nan	83.507	1.1341	 nan	 nan		
	 nan	83.519	1.1343	 nan	 nan		
	 nan	83.532	1.1343	 nan	 nan		
	 nan	83.544	1.134	 nan	 nan		
	 nan	83.556	1.1337	 nan	 nan		
	 nan	83.569	1.1335	 nan	 nan		
	 nan	83.581	1.1336	 nan	 nan		
	 nan	83.593	1.134	 nan	 nan		
	 nan	83.605	1.1344	 nan	 nan		
	 nan	83.617	1.1348	 nan	 nan		
	 nan	83.629	1.1349	 nan	 nan		
	 nan	83.641	1.1347	 nan	 nan		
	 nan	83.653	1.1344	 nan	 nan		
	 nan	83.665	1.134	 nan	 nan		
	 nan	83.677	1.1338	 nan	 nan		
	 nan	83.689	1.1338	 nan	 nan		
	 nan	83.701	1.134	 nan	 nan		
	 nan	83.713	1.1344	 nan	 nan		
	 nan	83.724	1.1347	 nan	 nan		
	 nan	83.736	1.1349	 nan	 nan		
	 nan	83.748	1.1346	 nan	 nan		
	 nan	83.759	1.1343	 nan	 nan		
	 nan	83.771	1.1339	 nan	 nan		
	 nan	83.783	1.1336	 nan	 nan		
	 nan	83.794	1.1337	 nan	 nan		
	 nan	83.805	1.134	 nan	 nan		
	 nan	83.817	1.1344	 nan	 nan		
	 nan	83.828	1.1347	 nan	 nan		
	 nan	83.839	1.1348	 nan	 nan		
	 nan	83.851	1.1347	 nan	 nan		
	 nan	83.862	1.1343	 nan	 nan		
	 nan	83.873	1.134	 nan	 nan		
	 nan	83.884	1.1338	 nan	 nan		
	 nan	83.895	1.1339	 nan	 nan		
	 nan	83.906	1.1343	 nan	 nan		
	 nan	83.917	1.1347	 nan	 nan		
	 nan	83.928	1.1352	 nan	 nan		
	 nan	83.939	1.1353	 nan	 nan		
	 nan	83.95	1.1352	 nan	 nan		
	 nan	83.961	1.1349	 nan	 nan		
	 nan	83.972	1.1346	 nan	 nan		
	 nan	83.983	1.1345	 nan	 nan		
	 nan	83.993	1.1346	 nan	 nan		
	 nan	84.004	1.135	 nan	 nan		
	 nan	84.015	1.1354	 nan	 nan		
	 nan	84.025	1.1358	 nan	 nan		
	 nan	84.036	1.1359	 nan	 nan		
	 nan	84.046	1.1357	 nan	 nan		
	 nan	84.057	1.1354	 nan	 nan		
	 nan	84.067	1.135	 nan	 nan		
	 nan	84.078	1.1348	 nan	 nan		
	 nan	84.088	1.1349	 nan	 nan		
	 nan	84.098	1.1351	 nan	 nan		
	 nan	84.108	1.1356	 nan	 nan		
	 nan	84.119	1.1358	 nan	 nan		
	 nan	84.129	1.1359	 nan	 nan		
	 nan	84.139	1.1356	 nan	 nan		
	 nan	84.149	1.1352	 nan	 nan		
	 nan	84.159	1.1348	 nan	 nan		
	 nan	84.169	1.1345	 nan	 nan		
	 nan	84.179	1.1346	 nan	 nan		
	 nan	84.189	1.1349	 nan	 nan		
	 nan	84.199	1.1353	 nan	 nan		
	 nan	84.208	1.1356	 nan	 nan		
	 nan	84.218	1.1356	 nan	 nan		
	 nan	84.228	1.1355	 nan	 nan		
	 nan	84.238	1.1351	 nan	 nan		
	 nan	84.247	1.1347	 nan	 nan		
	 nan	84.257	1.1346	 nan	 nan		
	 nan	84.266	1.1346	 nan	 nan		
	 nan	84.276	1.135	 nan	 nan		
	 nan	84.285	1.1353	 nan	 nan		
	 nan	84.295	1.1357	 nan	 nan		
	 nan	84.304	1.1357	 nan	 nan		
	 nan	84.313	1.1355	 nan	 nan		
	 nan	84.323	1.1352	 nan	 nan		
	 nan	84.332	1.1348	 nan	 nan		
	 nan	84.341	1.1346	 nan	 nan		
	 nan	84.35	1.1347	 nan	 nan		
	 nan	84.359	1.135	 nan	 nan		
	 nan	84.368	1.1354	 nan	 nan		
	 nan	84.377	1.1357	 nan	 nan		
	 nan	84.386	1.1357	 nan	 nan		
	 nan	84.395	1.1355	 nan	 nan		
	 nan	84.404	1.1351	 nan	 nan		
	 nan	84.413	1.1348	 nan	 nan		
	 nan	84.422	1.1346	 nan	 nan		
	 nan	84.431	1.1347	 nan	 nan		
	 nan	84.439	1.135	 nan	 nan		
	 nan	84.448	1.1354	 nan	 nan		
	 nan	84.457	1.1358	 nan	 nan		
	 nan	84.465	1.1358	 nan	 nan		
	 nan	84.474	1.1357	 nan	 nan		
	 nan	84.482	1.1353	 nan	 nan		
	 nan	84.491	1.135	 nan	 nan		
	 nan	84.499	1.1348	 nan	 nan		
	 nan	84.507	1.1349	 nan	 nan		
	 nan	84.516	1.1352	 nan	 nan		
	 nan	84.524	1.1356	 nan	 nan		
	 nan	84.532	1.1359	 nan	 nan		
	 nan	84.54	1.1359	 nan	 nan		
	 nan	84.548	1.1357	 nan	 nan		
	 nan	84.557	1.1353	 nan	 nan		
	 nan	84.565	1.1349	 nan	 nan		
	 nan	84.573	1.1347	 nan	 nan		
	 nan	84.581	1.1348	 nan	 nan		
	 nan	84.588	1.1351	 nan	 nan		
	 nan	84.596	1.1355	 nan	 nan		
	 nan	84.604	1.1358	 nan	 nan		
	 nan	84.612	1.1359	 nan	 nan		
	 nan	84.62	1.1357	 nan	 nan		
	 nan	84.627	1.1354	 nan	 nan		
	 nan	84.635	1.1351	 nan	 nan		
	 nan	84.642	1.1349	 nan	 nan		
	 nan	84.65	1.1351	 nan	 nan		
	 nan	84.658	1.1355	 nan	 nan		
	 nan	84.665	1.136	 nan	 nan		
	 nan	84.672	1.1364	 nan	 nan		
	 nan	84.68	1.1365	 nan	 nan		
	 nan	84.687	1.1363	 nan	 nan		
	 nan	84.694	1.136	 nan	 nan		
	 nan	84.702	1.1358	 nan	 nan		
	 nan	84.709	1.1356	 nan	 nan		
	 nan	84.716	1.1358	 nan	 nan		
	 nan	84.723	1.1361	 nan	 nan		
	 nan	84.73	1.1366	 nan	 nan		
	 nan	84.737	1.1369	 nan	 nan		
	 nan	84.744	1.137	 nan	 nan		
	 nan	84.751	1.1368	 nan	 nan		
	 nan	84.758	1.1365	 nan	 nan		
	 nan	84.765	1.1362	 nan	 nan		
	 nan	84.771	1.1361	 nan	 nan		
	 nan	84.778	1.1362	 nan	 nan		
	 nan	84.785	1.1365	 nan	 nan		
	 nan	84.791	1.1369	 nan	 nan		
	 nan	84.798	1.1372	 nan	 nan		
	 nan	84.805	1.1373	 nan	 nan		
	 nan	84.811	1.137	 nan	 nan		
	 nan	84.818	1.1367	 nan	 nan		
	 nan	84.824	1.1363	 nan	 nan		
	 nan	84.83	1.1361	 nan	 nan		
	 nan	84.837	1.1362	 nan	 nan		
	 nan	84.843	1.1364	 nan	 nan		
	 nan	84.849	1.1368	 nan	 nan		
	 nan	84.855	1.137	 nan	 nan		
	 nan	84.861	1.1369	 nan	 nan		
	 nan	84.867	1.1366	 nan	 nan		
	 nan	84.873	1.1361	 nan	 nan		
	 nan	84.879	1.1357	 nan	 nan		
	 nan	84.885	1.1354	 nan	 nan		
	 nan	84.891	1.1354	 nan	 nan		
	 nan	84.897	1.1356	 nan	 nan		
	 nan	84.903	1.136	 nan	 nan		
	 nan	84.909	1.1361	 nan	 nan		
	 nan	84.914	1.1361	 nan	 nan		
	 nan	84.92	1.1359	 nan	 nan		
	 nan	84.926	1.1354	 nan	 nan		
	 nan	84.931	1.1351	 nan	 nan		
	 nan	84.937	1.135	 nan	 nan		
	 nan	84.942	1.1351	 nan	 nan		
	 nan	84.948	1.1355	 nan	 nan		
	 nan	84.953	1.1359	 nan	 nan		
	 nan	84.958	1.1363	 nan	 nan		
	 nan	84.964	1.1363	 nan	 nan		
	 nan	84.969	1.1361	 nan	 nan		
	 nan	84.974	1.1358	 nan	 nan		
	 nan	84.979	1.1355	 nan	 nan		
	 nan	84.985	1.1355	 nan	 nan		
	 nan	84.99	1.1357	 nan	 nan		
	 nan	84.995	1.1361	 nan	 nan		
	 nan	85.0	1.1365	 nan	 nan		
	 nan	85.004	1.1368	 nan	 nan		
	 nan	85.009	1.1369	 nan	 nan		
	 nan	85.014	1.1367	 nan	 nan		
	 nan	85.019	1.1364	 nan	 nan		
	 nan	85.024	1.1362	 nan	 nan		
	 nan	85.028	1.1361	 nan	 nan		
	 nan	85.033	1.1364	 nan	 nan		
	 nan	85.038	1.1368	 nan	 nan		
	 nan	85.042	1.1373	 nan	 nan		
	 nan	85.047	1.1377	 nan	 nan		
	 nan	85.051	1.1378	 nan	 nan		
	 nan	85.056	1.1376	 nan	 nan		
	 nan	85.06	1.1373	 nan	 nan		
	 nan	85.064	1.137	 nan	 nan		
	 nan	85.068	1.1369	 nan	 nan		
	 nan	85.073	1.1371	 nan	 nan		
	 nan	85.077	1.1375	 nan	 nan		
	 nan	85.081	1.138	 nan	 nan		
	 nan	85.085	1.1382	 nan	 nan		
	 nan	85.089	1.1382	 nan	 nan		
	 nan	85.093	1.138	 nan	 nan		
	 nan	85.097	1.1376	 nan	 nan		
	 nan	85.101	1.1373	 nan	 nan		
	 nan	85.105	1.1372	 nan	 nan		
	 nan	85.108	1.1373	 nan	 nan		
	 nan	85.112	1.1376	 nan	 nan		
	 nan	85.116	1.138	 nan	 nan		
	 nan	85.12	1.1383	 nan	 nan		
	 nan	85.123	1.1383	 nan	 nan		
	 nan	85.127	1.138	 nan	 nan		
	 nan	85.13	1.1376	 nan	 nan		
	 nan	85.134	1.1373	 nan	 nan		
	 nan	85.137	1.1372	 nan	 nan		
	 nan	85.14	1.1373	 nan	 nan		
	 nan	85.144	1.1377	 nan	 nan		
	 nan	85.147	1.1381	 nan	 nan		
	 nan	85.15	1.1383	 nan	 nan		
	 nan	85.153	1.1383	 nan	 nan		
	 nan	85.156	1.138	 nan	 nan		
	 nan	85.159	1.1375	 nan	 nan		
	 nan	85.163	1.1371	 nan	 nan		
	 nan	85.165	1.1369	 nan	 nan		
	 nan	85.168	1.137	 nan	 nan		
	 nan	85.171	1.1372	 nan	 nan		
	 nan	85.174	1.1375	 nan	 nan		
	 nan	85.177	1.1376	 nan	 nan		
	 nan	85.18	1.1375	 nan	 nan		
	 nan	85.182	1.1371	 nan	 nan		
	 nan	85.185	1.1366	 nan	 nan		
	 nan	85.187	1.1362	 nan	 nan		
	 nan	85.19	1.1361	 nan	 nan		
	 nan	85.192	1.1361	 nan	 nan		
	 nan	85.195	1.1364	 nan	 nan		
	 nan	85.197	1.1368	 nan	 nan		
	 nan	85.2	1.137	 nan	 nan		
	 nan	85.202	1.1369	 nan	 nan		
	 nan	85.204	1.1366	 nan	 nan		
	 nan	85.206	1.1362	 nan	 nan		
	 nan	85.209	1.1359	 nan	 nan		
	 nan	85.211	1.1358	 nan	 nan		
	 nan	85.213	1.1359	 nan	 nan		
	 nan	85.215	1.1362	 nan	 nan		
	 nan	85.217	1.1366	 nan	 nan		
	 nan	85.219	1.1368	 nan	 nan		
	 nan	85.22	1.1368	 nan	 nan		
	 nan	85.222	1.1365	 nan	 nan		
	 nan	85.224	1.1361	 nan	 nan		
	 nan	85.226	1.1359	 nan	 nan		
	 nan	85.227	1.1358	 nan	 nan		
	 nan	85.229	1.136	 nan	 nan		
	 nan	85.231	1.1364	 nan	 nan		
	 nan	85.232	1.1367	 nan	 nan		
	 nan	85.234	1.137	 nan	 nan		
	 nan	85.235	1.1369	 nan	 nan		
	 nan	85.236	1.1366	 nan	 nan		
	 nan	85.238	1.1362	 nan	 nan		
	 nan	85.239	1.1358	 nan	 nan		
	 nan	85.24	1.1356	 nan	 nan		
	 nan	85.242	1.1357	 nan	 nan		
	 nan	85.243	1.136	 nan	 nan		
	 nan	85.244	1.1362	 nan	 nan		
	 nan	85.245	1.1363	 nan	 nan		
	 nan	85.246	1.1361	 nan	 nan		
	 nan	85.247	1.1357	 nan	 nan		
	 nan	85.248	1.1352	 nan	 nan		
	 nan	85.248	1.1347	 nan	 nan		
	 nan	85.249	1.1346	 nan	 nan		
	 nan	85.25	1.1347	 nan	 nan		
	 nan	85.251	1.1349	 nan	 nan		
	 nan	85.251	1.1353	 nan	 nan		
	 nan	85.252	1.1354	 nan	 nan		
	 nan	85.253	1.1354	 nan	 nan		
	 nan	85.253	1.1351	 nan	 nan		
	 nan	85.253	1.1347	 nan	 nan		
